{
"type": "FeatureCollection",
"name": "Amaro",
"crs": { "type": "name", "properties": { "name": "urn:ogc:def:crs:EPSG::3857" } },
"features": [
{ "type": "Feature", "properties": { }, "geometry": { "type": "Polygon", "coordinates": [ [ [ 4223379.099157246761024, 663545.492149216239341 ], [ 4223341.674639898352325, 663545.492149216239341 ], [ 4223304.250122549943626, 663545.492149216239341 ], [ 4223266.825605201534927, 663545.492149216239341 ], [ 4223229.401087853126228, 663545.492149216239341 ], [ 4223191.976570504717529, 663545.492149216239341 ], [ 4223165.513440504670143, 663571.955279216286726 ], [ 4223165.513440504670143, 663609.379796565161087 ], [ 4223165.513440504670143, 663646.804313914035447 ], [ 4223165.513440504670143, 663684.228831262909807 ], [ 4223139.050310504622757, 663710.691961262957193 ], [ 4223101.625793156214058, 663710.691961262957193 ], [ 4223064.201275807805359, 663710.691961262957193 ], [ 4223026.77675845939666, 663710.691961262957193 ], [ 4223000.313628459349275, 663737.155091263004579 ], [ 4223000.313628459349275, 663774.579608611878939 ], [ 4223000.313628459349275, 663812.004125960753299 ], [ 4223000.313628459349275, 663849.42864330962766 ], [ 4222973.850498459301889, 663875.891773309675045 ], [ 4222936.42598111089319, 663875.891773309675045 ], [ 4222899.001463762484491, 663875.891773309675045 ], [ 4222861.576946414075792, 663875.891773309675045 ], [ 4222861.576946414075792, 663913.316290658549406 ], [ 4222861.576946414075792, 663950.740808007423766 ], [ 4222861.576946414075792, 663988.165325356298126 ], [ 4222861.576946414075792, 664025.589842705172487 ], [ 4222835.113816414028406, 664052.052972705219872 ], [ 4222797.689299065619707, 664052.052972705219872 ], [ 4222760.264781717211008, 664052.052972705219872 ], [ 4222722.840264368802309, 664052.052972705219872 ], [ 4222685.41574702039361, 664052.052972705219872 ], [ 4222685.41574702039361, 664089.477490054094233 ], [ 4222685.41574702039361, 664126.902007402968593 ], [ 4222685.41574702039361, 664164.326524751842953 ], [ 4222685.41574702039361, 664201.751042100717314 ], [ 4222685.41574702039361, 664239.175559449591674 ], [ 4222685.41574702039361, 664276.600076798466034 ], [ 4222685.41574702039361, 664314.024594147340395 ], [ 4222685.41574702039361, 664351.449111496214755 ], [ 4222658.952617020346224, 664377.912241496262141 ], [ 4222621.528099671937525, 664377.912241496262141 ], [ 4222584.103582323528826, 664377.912241496262141 ], [ 4222546.679064975120127, 664377.912241496262141 ], [ 4222509.254547626711428, 664377.912241496262141 ], [ 4222509.254547626711428, 664415.336758845136501 ], [ 4222509.254547626711428, 664452.761276194010861 ], [ 4222509.254547626711428, 664490.185793542885222 ], [ 4222509.254547626711428, 664527.610310891759582 ], [ 4222509.254547626711428, 664565.034828240633942 ], [ 4222509.254547626711428, 664602.459345589508303 ], [ 4222509.254547626711428, 664639.883862938382663 ], [ 4222509.254547626711428, 664677.308380287257023 ], [ 4222482.791417626664042, 664703.771510287304409 ], [ 4222445.366900278255343, 664703.771510287304409 ], [ 4222407.942382929846644, 664703.771510287304409 ], [ 4222370.517865581437945, 664703.771510287304409 ], [ 4222344.05473558139056, 664730.234640287351795 ], [ 4222344.05473558139056, 664767.659157636226155 ], [ 4222344.05473558139056, 664805.083674985100515 ], [ 4222344.05473558139056, 664842.508192333974876 ], [ 4222317.591605581343174, 664868.971322334022261 ], [ 4222280.167088232934475, 664868.971322334022261 ], [ 4222242.742570884525776, 664868.971322334022261 ], [ 4222205.318053536117077, 664868.971322334022261 ], [ 4222178.854923536069691, 664895.434452334069647 ], [ 4222178.854923536069691, 664932.858969682944007 ], [ 4222178.854923536069691, 664970.283487031818368 ], [ 4222178.854923536069691, 665007.708004380692728 ], [ 4222178.854923536069691, 665045.132521729567088 ], [ 4222178.854923536069691, 665082.557039078441449 ], [ 4222178.854923536069691, 665119.981556427315809 ], [ 4222178.854923536069691, 665157.406073776190169 ], [ 4222178.854923536069691, 665194.830591125064529 ], [ 4222152.391793536022305, 665221.293721125111915 ], [ 4222114.967276187613606, 665221.293721125111915 ], [ 4222077.542758839204907, 665221.293721125111915 ], [ 4222040.118241490796208, 665221.293721125111915 ], [ 4222040.118241490796208, 665258.718238473986275 ], [ 4222040.118241490796208, 665296.142755822860636 ], [ 4222040.118241490796208, 665333.567273171734996 ], [ 4222040.118241490796208, 665370.991790520609356 ], [ 4222040.118241490796208, 665408.416307869483717 ], [ 4222040.118241490796208, 665445.840825218358077 ], [ 4222040.118241490796208, 665483.265342567232437 ], [ 4222040.118241490796208, 665520.689859916106798 ], [ 4222013.655111490748823, 665547.152989916154183 ], [ 4221976.230594142340124, 665547.152989916154183 ], [ 4221938.806076793931425, 665547.152989916154183 ], [ 4221901.381559445522726, 665547.152989916154183 ], [ 4221863.957042097114027, 665547.152989916154183 ], [ 4221826.532524748705328, 665547.152989916154183 ], [ 4221826.532524748705328, 665509.728472567279823 ], [ 4221826.532524748705328, 665472.303955218405463 ], [ 4221826.532524748705328, 665434.879437869531102 ], [ 4221826.532524748705328, 665397.454920520656742 ], [ 4221800.069394748657942, 665370.991790520609356 ], [ 4221762.644877400249243, 665370.991790520609356 ], [ 4221725.220360051840544, 665370.991790520609356 ], [ 4221687.795842703431845, 665370.991790520609356 ], [ 4221687.795842703431845, 665408.416307869483717 ], [ 4221687.795842703431845, 665445.840825218358077 ], [ 4221687.795842703431845, 665483.265342567232437 ], [ 4221687.795842703431845, 665520.689859916106798 ], [ 4221687.795842703431845, 665558.114377264981158 ], [ 4221687.795842703431845, 665595.538894613855518 ], [ 4221687.795842703431845, 665632.963411962729879 ], [ 4221687.795842703431845, 665670.387929311604239 ], [ 4221661.332712703384459, 665696.851059311651625 ], [ 4221623.90819535497576, 665696.851059311651625 ], [ 4221586.483678006567061, 665696.851059311651625 ], [ 4221549.059160658158362, 665696.851059311651625 ], [ 4221511.634643309749663, 665696.851059311651625 ], [ 4221474.210125961340964, 665696.851059311651625 ], [ 4221436.785608612932265, 665696.851059311651625 ], [ 4221399.361091264523566, 665696.851059311651625 ], [ 4221361.936573916114867, 665696.851059311651625 ], [ 4221361.936573916114867, 665734.275576660525985 ], [ 4221361.936573916114867, 665771.700094009400345 ], [ 4221361.936573916114867, 665809.124611358274706 ], [ 4221361.936573916114867, 665846.549128707149066 ], [ 4221335.473443916067481, 665873.012258707196452 ], [ 4221298.048926567658782, 665873.012258707196452 ], [ 4221260.624409219250083, 665873.012258707196452 ], [ 4221223.199891870841384, 665873.012258707196452 ], [ 4221223.199891870841384, 665910.436776056070812 ], [ 4221223.199891870841384, 665947.861293404945172 ], [ 4221223.199891870841384, 665985.285810753819533 ], [ 4221223.199891870841384, 666022.710328102693893 ], [ 4221196.736761870793998, 666049.173458102741279 ], [ 4221159.312244522385299, 666049.173458102741279 ], [ 4221121.8877271739766, 666049.173458102741279 ], [ 4221084.463209825567901, 666049.173458102741279 ], [ 4221047.038692477159202, 666049.173458102741279 ], [ 4221009.614175128750503, 666049.173458102741279 ], [ 4220972.189657780341804, 666049.173458102741279 ], [ 4220934.765140431933105, 666049.173458102741279 ], [ 4220897.340623083524406, 666049.173458102741279 ], [ 4220859.916105735115707, 666049.173458102741279 ], [ 4220859.916105735115707, 666086.597975451615639 ], [ 4220859.916105735115707, 666124.022492800489999 ], [ 4220859.916105735115707, 666161.44701014936436 ], [ 4220859.916105735115707, 666198.87152749823872 ], [ 4220822.491588386707008, 666198.87152749823872 ], [ 4220785.067071038298309, 666198.87152749823872 ], [ 4220747.64255368988961, 666198.87152749823872 ], [ 4220710.218036341480911, 666198.87152749823872 ], [ 4220672.793518993072212, 666198.87152749823872 ], [ 4220635.369001644663513, 666198.87152749823872 ], [ 4220597.944484296254814, 666198.87152749823872 ], [ 4220560.519966947846115, 666198.87152749823872 ], [ 4220523.095449599437416, 666198.87152749823872 ], [ 4220485.670932251028717, 666198.87152749823872 ], [ 4220448.246414902620018, 666198.87152749823872 ], [ 4220410.821897554211318, 666198.87152749823872 ], [ 4220373.397380205802619, 666198.87152749823872 ], [ 4220335.97286285739392, 666198.87152749823872 ], [ 4220298.548345508985221, 666198.87152749823872 ], [ 4220261.123828160576522, 666198.87152749823872 ], [ 4220223.699310812167823, 666198.87152749823872 ], [ 4220186.274793463759124, 666198.87152749823872 ], [ 4220148.850276115350425, 666198.87152749823872 ], [ 4220111.425758766941726, 666198.87152749823872 ], [ 4220074.001241418533027, 666198.87152749823872 ], [ 4220036.576724070124328, 666198.87152749823872 ], [ 4220036.576724070124328, 666236.29604484711308 ], [ 4220036.576724070124328, 666273.720562195987441 ], [ 4220036.576724070124328, 666311.145079544861801 ], [ 4220036.576724070124328, 666348.569596893736161 ], [ 4220010.113594070076942, 666375.032726893783547 ], [ 4219972.689076721668243, 666375.032726893783547 ], [ 4219935.264559373259544, 666375.032726893783547 ], [ 4219897.840042024850845, 666375.032726893783547 ], [ 4219860.415524676442146, 666375.032726893783547 ], [ 4219822.991007328033447, 666375.032726893783547 ], [ 4219785.566489979624748, 666375.032726893783547 ], [ 4219748.141972631216049, 666375.032726893783547 ], [ 4219710.71745528280735, 666375.032726893783547 ], [ 4219673.292937934398651, 666375.032726893783547 ], [ 4219635.868420585989952, 666375.032726893783547 ], [ 4219598.443903237581253, 666375.032726893783547 ], [ 4219561.019385889172554, 666375.032726893783547 ], [ 4219523.594868540763855, 666375.032726893783547 ], [ 4219486.170351192355156, 666375.032726893783547 ], [ 4219448.745833843946457, 666375.032726893783547 ], [ 4219411.321316495537758, 666375.032726893783547 ], [ 4219373.896799147129059, 666375.032726893783547 ], [ 4219336.47228179872036, 666375.032726893783547 ], [ 4219299.047764450311661, 666375.032726893783547 ], [ 4219261.623247101902962, 666375.032726893783547 ], [ 4219224.198729753494263, 666375.032726893783547 ], [ 4219186.774212405085564, 666375.032726893783547 ], [ 4219149.349695056676865, 666375.032726893783547 ], [ 4219111.925177708268166, 666375.032726893783547 ], [ 4219074.500660359859467, 666375.032726893783547 ], [ 4219037.076143011450768, 666375.032726893783547 ], [ 4218999.651625663042068, 666375.032726893783547 ], [ 4218962.227108314633369, 666375.032726893783547 ], [ 4218924.80259096622467, 666375.032726893783547 ], [ 4218898.339460966177285, 666401.495856893830933 ], [ 4218898.339460966177285, 666438.920374242705293 ], [ 4218898.339460966177285, 666476.344891591579653 ], [ 4218898.339460966177285, 666513.769408940454014 ], [ 4218871.876330966129899, 666540.232538940501399 ], [ 4218834.4518136177212, 666540.232538940501399 ], [ 4218797.027296269312501, 666540.232538940501399 ], [ 4218759.602778920903802, 666540.232538940501399 ], [ 4218722.178261572495103, 666540.232538940501399 ], [ 4218722.178261572495103, 666577.65705628937576 ], [ 4218722.178261572495103, 666615.08157363825012 ], [ 4218722.178261572495103, 666652.50609098712448 ], [ 4218722.178261572495103, 666689.930608335998841 ], [ 4218684.753744224086404, 666689.930608335998841 ], [ 4218647.329226875677705, 666689.930608335998841 ], [ 4218609.904709527269006, 666689.930608335998841 ], [ 4218572.480192178860307, 666689.930608335998841 ], [ 4218572.480192178860307, 666727.355125684873201 ], [ 4218572.480192178860307, 666764.779643033747561 ], [ 4218572.480192178860307, 666802.204160382621922 ], [ 4218572.480192178860307, 666839.628677731496282 ], [ 4218572.480192178860307, 666877.053195080370642 ], [ 4218572.480192178860307, 666914.477712429245003 ], [ 4218572.480192178860307, 666951.902229778119363 ], [ 4218572.480192178860307, 666989.326747126993723 ], [ 4218572.480192178860307, 667026.751264475868084 ], [ 4218535.055674830451608, 667026.751264475868084 ], [ 4218497.631157482042909, 667026.751264475868084 ], [ 4218460.20664013363421, 667026.751264475868084 ], [ 4218422.782122785225511, 667026.751264475868084 ], [ 4218396.318992785178125, 667053.214394475915469 ], [ 4218396.318992785178125, 667090.63891182478983 ], [ 4218396.318992785178125, 667128.06342917366419 ], [ 4218396.318992785178125, 667165.48794652253855 ], [ 4218369.855862785130739, 667191.951076522585936 ], [ 4218332.43134543672204, 667191.951076522585936 ], [ 4218295.006828088313341, 667191.951076522585936 ], [ 4218257.582310739904642, 667191.951076522585936 ], [ 4218257.582310739904642, 667229.375593871460296 ], [ 4218257.582310739904642, 667266.800111220334657 ], [ 4218257.582310739904642, 667304.224628569209017 ], [ 4218257.582310739904642, 667341.649145918083377 ], [ 4218231.119180739857256, 667368.112275918130763 ], [ 4218193.694663391448557, 667368.112275918130763 ], [ 4218156.270146043039858, 667368.112275918130763 ], [ 4218118.845628694631159, 667368.112275918130763 ], [ 4218081.42111134622246, 667368.112275918130763 ], [ 4218081.42111134622246, 667405.536793267005123 ], [ 4218081.42111134622246, 667442.961310615879484 ], [ 4218081.42111134622246, 667480.385827964753844 ], [ 4218081.42111134622246, 667517.810345313628204 ], [ 4218081.42111134622246, 667555.234862662502564 ], [ 4218081.42111134622246, 667592.659380011376925 ], [ 4218081.42111134622246, 667630.083897360251285 ], [ 4218081.42111134622246, 667667.508414709125645 ], [ 4218054.957981346175075, 667693.971544709173031 ], [ 4218017.533463997766376, 667693.971544709173031 ], [ 4217980.108946649357677, 667693.971544709173031 ], [ 4217942.684429300948977, 667693.971544709173031 ], [ 4217905.259911952540278, 667693.971544709173031 ], [ 4217905.259911952540278, 667731.396062058047391 ], [ 4217905.259911952540278, 667768.820579406921752 ], [ 4217905.259911952540278, 667806.245096755796112 ], [ 4217905.259911952540278, 667843.669614104670472 ], [ 4217878.796781952492893, 667870.132744104717858 ], [ 4217841.372264604084194, 667870.132744104717858 ], [ 4217803.947747255675495, 667870.132744104717858 ], [ 4217766.523229907266796, 667870.132744104717858 ], [ 4217740.06009990721941, 667896.595874104765244 ], [ 4217740.06009990721941, 667934.020391453639604 ], [ 4217740.06009990721941, 667971.444908802513964 ], [ 4217740.06009990721941, 668008.869426151388325 ], [ 4217713.596969907172024, 668035.33255615143571 ], [ 4217676.172452558763325, 668035.33255615143571 ], [ 4217638.747935210354626, 668035.33255615143571 ], [ 4217601.323417861945927, 668035.33255615143571 ], [ 4217574.860287861898541, 668061.795686151483096 ], [ 4217574.860287861898541, 668099.220203500357457 ], [ 4217574.860287861898541, 668136.644720849231817 ], [ 4217574.860287861898541, 668174.069238198106177 ], [ 4217548.397157861851156, 668200.532368198153563 ], [ 4217510.972640513442457, 668200.532368198153563 ], [ 4217473.548123165033758, 668200.532368198153563 ], [ 4217436.123605816625059, 668200.532368198153563 ], [ 4217436.123605816625059, 668237.956885547027923 ], [ 4217436.123605816625059, 668275.381402895902283 ], [ 4217436.123605816625059, 668312.805920244776644 ], [ 4217436.123605816625059, 668350.230437593651004 ], [ 4217398.69908846821636, 668350.230437593651004 ], [ 4217361.274571119807661, 668350.230437593651004 ], [ 4217323.850053771398962, 668350.230437593651004 ], [ 4217286.425536422990263, 668350.230437593651004 ], [ 4217249.001019074581563, 668350.230437593651004 ], [ 4217249.001019074581563, 668387.654954942525364 ], [ 4217249.001019074581563, 668425.079472291399725 ], [ 4217249.001019074581563, 668462.503989640274085 ], [ 4217249.001019074581563, 668499.928506989148445 ], [ 4217222.537889074534178, 668526.391636989195831 ], [ 4217185.113371726125479, 668526.391636989195831 ], [ 4217147.68885437771678, 668526.391636989195831 ], [ 4217110.264337029308081, 668526.391636989195831 ], [ 4217072.839819680899382, 668526.391636989195831 ], [ 4217072.839819680899382, 668563.816154338070191 ], [ 4217072.839819680899382, 668601.240671686944552 ], [ 4217072.839819680899382, 668638.665189035818912 ], [ 4217072.839819680899382, 668676.089706384693272 ], [ 4217035.415302332490683, 668676.089706384693272 ], [ 4216997.990784984081984, 668676.089706384693272 ], [ 4216960.566267635673285, 668676.089706384693272 ], [ 4216923.141750287264585, 668676.089706384693272 ], [ 4216923.141750287264585, 668713.514223733567633 ], [ 4216923.141750287264585, 668750.938741082441993 ], [ 4216923.141750287264585, 668788.363258431316353 ], [ 4216923.141750287264585, 668825.787775780190714 ], [ 4216896.6786202872172, 668852.250905780238099 ], [ 4216859.254102938808501, 668852.250905780238099 ], [ 4216821.829585590399802, 668852.250905780238099 ], [ 4216784.405068241991103, 668852.250905780238099 ], [ 4216757.941938241943717, 668878.714035780285485 ], [ 4216757.941938241943717, 668916.138553129159845 ], [ 4216757.941938241943717, 668953.563070478034206 ], [ 4216757.941938241943717, 668990.987587826908566 ], [ 4216731.478808241896331, 669017.450717826955952 ], [ 4216694.054290893487632, 669017.450717826955952 ], [ 4216656.629773545078933, 669017.450717826955952 ], [ 4216619.205256196670234, 669017.450717826955952 ], [ 4216581.780738848261535, 669017.450717826955952 ], [ 4216544.356221499852836, 669017.450717826955952 ], [ 4216506.931704151444137, 669017.450717826955952 ], [ 4216469.507186803035438, 669017.450717826955952 ], [ 4216432.082669454626739, 669017.450717826955952 ], [ 4216394.65815210621804, 669017.450717826955952 ], [ 4216357.233634757809341, 669017.450717826955952 ], [ 4216319.809117409400642, 669017.450717826955952 ], [ 4216282.384600060991943, 669017.450717826955952 ], [ 4216244.960082712583244, 669017.450717826955952 ], [ 4216207.535565364174545, 669017.450717826955952 ], [ 4216170.111048015765846, 669017.450717826955952 ], [ 4216132.686530667357147, 669017.450717826955952 ], [ 4216095.262013318948448, 669017.450717826955952 ], [ 4216057.837495970539749, 669017.450717826955952 ], [ 4216020.41297862213105, 669017.450717826955952 ], [ 4215982.988461273722351, 669017.450717826955952 ], [ 4215945.563943925313652, 669017.450717826955952 ], [ 4215908.139426576904953, 669017.450717826955952 ], [ 4215870.714909228496253, 669017.450717826955952 ], [ 4215833.290391880087554, 669017.450717826955952 ], [ 4215795.865874531678855, 669017.450717826955952 ], [ 4215758.441357183270156, 669017.450717826955952 ], [ 4215721.016839834861457, 669017.450717826955952 ], [ 4215683.592322486452758, 669017.450717826955952 ], [ 4215646.167805138044059, 669017.450717826955952 ], [ 4215608.74328778963536, 669017.450717826955952 ], [ 4215582.280157789587975, 668990.987587826908566 ], [ 4215582.280157789587975, 668953.563070478034206 ], [ 4215582.280157789587975, 668916.138553129159845 ], [ 4215582.280157789587975, 668878.714035780285485 ], [ 4215582.280157789587975, 668841.289518431411125 ], [ 4215544.855640441179276, 668841.289518431411125 ], [ 4215507.431123092770576, 668841.289518431411125 ], [ 4215470.006605744361877, 668841.289518431411125 ], [ 4215432.582088395953178, 668841.289518431411125 ], [ 4215395.157571047544479, 668841.289518431411125 ], [ 4215357.73305369913578, 668841.289518431411125 ], [ 4215320.308536350727081, 668841.289518431411125 ], [ 4215282.884019002318382, 668841.289518431411125 ], [ 4215245.459501653909683, 668841.289518431411125 ], [ 4215208.034984305500984, 668841.289518431411125 ], [ 4215170.610466957092285, 668841.289518431411125 ], [ 4215133.185949608683586, 668841.289518431411125 ], [ 4215106.7228196086362, 668814.826388431363739 ], [ 4215106.7228196086362, 668777.401871082489379 ], [ 4215106.7228196086362, 668739.977353733615018 ], [ 4215106.7228196086362, 668702.552836384740658 ], [ 4215080.259689608588815, 668676.089706384693272 ], [ 4215042.835172260180116, 668676.089706384693272 ], [ 4215005.410654911771417, 668676.089706384693272 ], [ 4214967.986137563362718, 668676.089706384693272 ], [ 4214930.561620214954019, 668676.089706384693272 ], [ 4214904.098490214906633, 668649.626576384645887 ], [ 4214904.098490214906633, 668612.202059035771526 ], [ 4214904.098490214906633, 668574.777541686897166 ], [ 4214904.098490214906633, 668537.353024338022806 ], [ 4214877.635360214859247, 668510.88989433797542 ], [ 4214840.210842866450548, 668510.88989433797542 ], [ 4214802.786325518041849, 668510.88989433797542 ], [ 4214765.36180816963315, 668510.88989433797542 ], [ 4214765.36180816963315, 668473.46537698910106 ], [ 4214765.36180816963315, 668436.040859640226699 ], [ 4214765.36180816963315, 668398.616342291352339 ], [ 4214765.36180816963315, 668361.191824942477979 ], [ 4214727.937290821224451, 668361.191824942477979 ], [ 4214690.512773472815752, 668361.191824942477979 ], [ 4214653.088256124407053, 668361.191824942477979 ], [ 4214615.663738775998354, 668361.191824942477979 ], [ 4214589.200608775950968, 668334.728694942430593 ], [ 4214589.200608775950968, 668297.304177593556233 ], [ 4214589.200608775950968, 668259.879660244681872 ], [ 4214589.200608775950968, 668222.455142895807512 ], [ 4214589.200608775950968, 668185.030625546933152 ], [ 4214551.776091427542269, 668185.030625546933152 ], [ 4214514.35157407913357, 668185.030625546933152 ], [ 4214476.927056730724871, 668185.030625546933152 ], [ 4214439.502539382316172, 668185.030625546933152 ], [ 4214439.502539382316172, 668147.606108198058791 ], [ 4214439.502539382316172, 668110.181590849184431 ], [ 4214439.502539382316172, 668072.757073500310071 ], [ 4214439.502539382316172, 668035.33255615143571 ], [ 4214402.078022033907473, 668035.33255615143571 ], [ 4214364.653504685498774, 668035.33255615143571 ], [ 4214327.228987337090075, 668035.33255615143571 ], [ 4214289.804469988681376, 668035.33255615143571 ], [ 4214289.804469988681376, 667997.90803880256135 ], [ 4214289.804469988681376, 667960.48352145368699 ], [ 4214289.804469988681376, 667923.05900410481263 ], [ 4214289.804469988681376, 667885.634486755938269 ], [ 4214289.804469988681376, 667848.209969407063909 ], [ 4214252.379952640272677, 667848.209969407063909 ], [ 4214214.955435291863978, 667848.209969407063909 ], [ 4214177.530917943455279, 667848.209969407063909 ], [ 4214140.10640059504658, 667848.209969407063909 ], [ 4214102.681883246637881, 667848.209969407063909 ], [ 4214065.257365898229182, 667848.209969407063909 ], [ 4214027.832848549820483, 667848.209969407063909 ], [ 4213990.408331201411784, 667848.209969407063909 ], [ 4213952.983813853003085, 667848.209969407063909 ], [ 4213926.520683852955699, 667821.746839407016523 ], [ 4213926.520683852955699, 667784.322322058142163 ], [ 4213926.520683852955699, 667746.897804709267803 ], [ 4213926.520683852955699, 667709.473287360393442 ], [ 4213900.057553852908313, 667683.010157360346057 ], [ 4213862.633036504499614, 667683.010157360346057 ], [ 4213825.208519156090915, 667683.010157360346057 ], [ 4213787.784001807682216, 667683.010157360346057 ], [ 4213750.359484459273517, 667683.010157360346057 ], [ 4213712.934967110864818, 667683.010157360346057 ], [ 4213675.510449762456119, 667683.010157360346057 ], [ 4213638.08593241404742, 667683.010157360346057 ], [ 4213600.661415065638721, 667683.010157360346057 ], [ 4213563.236897717230022, 667683.010157360346057 ], [ 4213525.812380368821323, 667683.010157360346057 ], [ 4213488.387863020412624, 667683.010157360346057 ], [ 4213461.924733020365238, 667656.547027360298671 ], [ 4213461.924733020365238, 667619.122510011424311 ], [ 4213461.924733020365238, 667581.69799266254995 ], [ 4213461.924733020365238, 667544.27347531367559 ], [ 4213435.461603020317852, 667517.810345313628204 ], [ 4213398.037085671909153, 667517.810345313628204 ], [ 4213360.612568323500454, 667517.810345313628204 ], [ 4213323.188050975091755, 667517.810345313628204 ], [ 4213285.763533626683056, 667517.810345313628204 ], [ 4213259.300403626635671, 667491.347215313580818 ], [ 4213259.300403626635671, 667453.922697964706458 ], [ 4213259.300403626635671, 667416.498180615832098 ], [ 4213259.300403626635671, 667379.073663266957738 ], [ 4213232.837273626588285, 667352.610533266910352 ], [ 4213195.412756278179586, 667352.610533266910352 ], [ 4213157.988238929770887, 667352.610533266910352 ], [ 4213120.563721581362188, 667352.610533266910352 ], [ 4213083.139204232953489, 667352.610533266910352 ], [ 4213045.71468688454479, 667352.610533266910352 ], [ 4213008.290169536136091, 667352.610533266910352 ], [ 4212970.865652187727392, 667352.610533266910352 ], [ 4212933.441134839318693, 667352.610533266910352 ], [ 4212896.016617490909994, 667352.610533266910352 ], [ 4212858.592100142501295, 667352.610533266910352 ], [ 4212821.167582794092596, 667352.610533266910352 ], [ 4212794.70445279404521, 667326.147403266862966 ], [ 4212794.70445279404521, 667288.722885917988606 ], [ 4212794.70445279404521, 667251.298368569114245 ], [ 4212794.70445279404521, 667213.873851220239885 ], [ 4212794.70445279404521, 667176.449333871365525 ], [ 4212794.70445279404521, 667139.024816522491165 ], [ 4212794.70445279404521, 667101.600299173616804 ], [ 4212794.70445279404521, 667064.175781824742444 ], [ 4212794.70445279404521, 667026.751264475868084 ], [ 4212757.279935445636511, 667026.751264475868084 ], [ 4212719.855418097227812, 667026.751264475868084 ], [ 4212682.430900748819113, 667026.751264475868084 ], [ 4212645.006383400410414, 667026.751264475868084 ], [ 4212618.543253400363028, 667000.288134475820698 ], [ 4212618.543253400363028, 666962.863617126946338 ], [ 4212618.543253400363028, 666925.439099778071977 ], [ 4212618.543253400363028, 666888.014582429197617 ], [ 4212592.080123400315642, 666861.551452429150231 ], [ 4212554.655606051906943, 666861.551452429150231 ], [ 4212517.231088703498244, 666861.551452429150231 ], [ 4212479.806571355089545, 666861.551452429150231 ], [ 4212453.34344135504216, 666835.088322429102845 ], [ 4212453.34344135504216, 666797.663805080228485 ], [ 4212453.34344135504216, 666760.239287731354125 ], [ 4212453.34344135504216, 666722.814770382479765 ], [ 4212453.34344135504216, 666685.390253033605404 ], [ 4212453.34344135504216, 666647.965735684731044 ], [ 4212453.34344135504216, 666610.541218335856684 ], [ 4212453.34344135504216, 666573.116700986982323 ], [ 4212453.34344135504216, 666535.692183638107963 ], [ 4212415.918924006633461, 666535.692183638107963 ], [ 4212378.494406658224761, 666535.692183638107963 ], [ 4212341.069889309816062, 666535.692183638107963 ], [ 4212303.645371961407363, 666535.692183638107963 ], [ 4212303.645371961407363, 666498.267666289233603 ], [ 4212303.645371961407363, 666460.843148940359242 ], [ 4212303.645371961407363, 666423.418631591484882 ], [ 4212303.645371961407363, 666385.994114242610522 ], [ 4212277.182241961359978, 666359.530984242563136 ], [ 4212239.757724612951279, 666359.530984242563136 ], [ 4212202.33320726454258, 666359.530984242563136 ], [ 4212164.908689916133881, 666359.530984242563136 ], [ 4212138.445559916086495, 666333.06785424251575 ], [ 4212138.445559916086495, 666295.64333689364139 ], [ 4212138.445559916086495, 666258.21881954476703 ], [ 4212138.445559916086495, 666220.794302195892669 ], [ 4212138.445559916086495, 666183.369784847018309 ], [ 4212138.445559916086495, 666145.945267498143949 ], [ 4212138.445559916086495, 666108.520750149269588 ], [ 4212138.445559916086495, 666071.096232800395228 ], [ 4212138.445559916086495, 666033.671715451520868 ], [ 4212101.021042567677796, 666033.671715451520868 ], [ 4212063.596525219269097, 666033.671715451520868 ], [ 4212026.172007870860398, 666033.671715451520868 ], [ 4211988.747490522451699, 666033.671715451520868 ], [ 4211988.747490522451699, 665996.247198102646507 ], [ 4211988.747490522451699, 665958.822680753772147 ], [ 4211988.747490522451699, 665921.398163404897787 ], [ 4211988.747490522451699, 665883.973646056023426 ], [ 4211951.322973174043, 665883.973646056023426 ], [ 4211913.898455825634301, 665883.973646056023426 ], [ 4211876.473938477225602, 665883.973646056023426 ], [ 4211839.049421128816903, 665883.973646056023426 ], [ 4211801.624903780408204, 665883.973646056023426 ], [ 4211764.200386431999505, 665883.973646056023426 ], [ 4211726.775869083590806, 665883.973646056023426 ], [ 4211689.351351735182106, 665883.973646056023426 ], [ 4211651.926834386773407, 665883.973646056023426 ], [ 4211614.502317038364708, 665883.973646056023426 ], [ 4211577.077799689956009, 665883.973646056023426 ], [ 4211539.65328234154731, 665883.973646056023426 ], [ 4211502.228764993138611, 665883.973646056023426 ], [ 4211475.765634993091226, 665857.510516055976041 ], [ 4211475.765634993091226, 665820.08599870710168 ], [ 4211475.765634993091226, 665782.66148135822732 ], [ 4211475.765634993091226, 665745.23696400935296 ], [ 4211475.765634993091226, 665707.812446660478599 ], [ 4211438.341117644682527, 665707.812446660478599 ], [ 4211400.916600296273828, 665707.812446660478599 ], [ 4211363.492082947865129, 665707.812446660478599 ], [ 4211326.067565599456429, 665707.812446660478599 ], [ 4211326.067565599456429, 665670.387929311604239 ], [ 4211326.067565599456429, 665632.963411962729879 ], [ 4211326.067565599456429, 665595.538894613855518 ], [ 4211326.067565599456429, 665558.114377264981158 ], [ 4211299.604435599409044, 665531.651247264933772 ], [ 4211262.179918251000345, 665531.651247264933772 ], [ 4211224.755400902591646, 665531.651247264933772 ], [ 4211187.330883554182947, 665531.651247264933772 ], [ 4211160.867753554135561, 665505.188117264886387 ], [ 4211160.867753554135561, 665467.763599916012026 ], [ 4211160.867753554135561, 665430.339082567137666 ], [ 4211160.867753554135561, 665392.914565218263306 ], [ 4211134.404623554088175, 665366.45143521821592 ], [ 4211096.980106205679476, 665366.45143521821592 ], [ 4211059.555588857270777, 665366.45143521821592 ], [ 4211022.131071508862078, 665366.45143521821592 ], [ 4210984.706554160453379, 665366.45143521821592 ], [ 4210947.28203681204468, 665366.45143521821592 ], [ 4210909.857519463635981, 665366.45143521821592 ], [ 4210872.433002115227282, 665366.45143521821592 ], [ 4210835.008484766818583, 665366.45143521821592 ], [ 4210808.545354766771197, 665339.988305218168534 ], [ 4210808.545354766771197, 665302.563787869294174 ], [ 4210808.545354766771197, 665265.139270520419814 ], [ 4210808.545354766771197, 665227.714753171545453 ], [ 4210782.082224766723812, 665201.251623171498068 ], [ 4210744.657707418315113, 665201.251623171498068 ], [ 4210707.233190069906414, 665201.251623171498068 ], [ 4210669.808672721497715, 665201.251623171498068 ], [ 4210643.345542721450329, 665174.788493171450682 ], [ 4210643.345542721450329, 665137.363975822576322 ], [ 4210643.345542721450329, 665099.939458473701961 ], [ 4210643.345542721450329, 665062.514941124827601 ], [ 4210616.882412721402943, 665036.051811124780215 ], [ 4210579.457895372994244, 665036.051811124780215 ], [ 4210542.033378024585545, 665036.051811124780215 ], [ 4210504.608860676176846, 665036.051811124780215 ], [ 4210467.184343327768147, 665036.051811124780215 ], [ 4210429.759825979359448, 665036.051811124780215 ], [ 4210392.335308630950749, 665036.051811124780215 ], [ 4210354.91079128254205, 665036.051811124780215 ], [ 4210317.486273934133351, 665036.051811124780215 ], [ 4210317.486273934133351, 664998.627293775905855 ], [ 4210317.486273934133351, 664961.202776427031495 ], [ 4210317.486273934133351, 664923.778259078157134 ], [ 4210317.486273934133351, 664886.353741729282774 ], [ 4210280.061756585724652, 664886.353741729282774 ], [ 4210242.637239237315953, 664886.353741729282774 ], [ 4210205.212721888907254, 664886.353741729282774 ], [ 4210167.788204540498555, 664886.353741729282774 ], [ 4210130.363687192089856, 664886.353741729282774 ], [ 4210092.939169843681157, 664886.353741729282774 ], [ 4210055.514652495272458, 664886.353741729282774 ], [ 4210018.090135146863759, 664886.353741729282774 ], [ 4209980.66561779845506, 664886.353741729282774 ], [ 4209943.24110045004636, 664886.353741729282774 ], [ 4209905.816583101637661, 664886.353741729282774 ], [ 4209868.392065753228962, 664886.353741729282774 ], [ 4209841.928935753181577, 664859.890611729235388 ], [ 4209841.928935753181577, 664822.466094380361028 ], [ 4209841.928935753181577, 664785.041577031486668 ], [ 4209841.928935753181577, 664747.617059682612307 ], [ 4209841.928935753181577, 664710.192542333737947 ], [ 4209841.928935753181577, 664672.768024984863587 ], [ 4209841.928935753181577, 664635.343507635989226 ], [ 4209841.928935753181577, 664597.918990287114866 ], [ 4209841.928935753181577, 664560.494472938240506 ], [ 4209804.504418404772878, 664560.494472938240506 ], [ 4209767.079901056364179, 664560.494472938240506 ], [ 4209729.65538370795548, 664560.494472938240506 ], [ 4209692.230866359546781, 664560.494472938240506 ], [ 4209665.767736359499395, 664534.03134293819312 ], [ 4209665.767736359499395, 664496.60682558931876 ], [ 4209665.767736359499395, 664459.182308240444399 ], [ 4209665.767736359499395, 664421.757790891570039 ], [ 4209665.767736359499395, 664384.333273542695679 ], [ 4209628.343219011090696, 664384.333273542695679 ], [ 4209590.918701662681997, 664384.333273542695679 ], [ 4209553.494184314273298, 664384.333273542695679 ], [ 4209516.069666965864599, 664384.333273542695679 ], [ 4209478.6451496174559, 664384.333273542695679 ], [ 4209441.220632269047201, 664384.333273542695679 ], [ 4209403.796114920638502, 664384.333273542695679 ], [ 4209366.371597572229803, 664384.333273542695679 ], [ 4209339.908467572182417, 664357.870143542648293 ], [ 4209339.908467572182417, 664320.445626193773933 ], [ 4209339.908467572182417, 664283.021108844899572 ], [ 4209339.908467572182417, 664245.596591496025212 ], [ 4209339.908467572182417, 664208.172074147150852 ], [ 4209302.483950223773718, 664208.172074147150852 ], [ 4209265.059432875365019, 664208.172074147150852 ], [ 4209227.63491552695632, 664208.172074147150852 ], [ 4209190.210398178547621, 664208.172074147150852 ], [ 4209163.747268178500235, 664181.708944147103466 ], [ 4209163.747268178500235, 664144.284426798229106 ], [ 4209163.747268178500235, 664106.859909449354745 ], [ 4209163.747268178500235, 664069.435392100480385 ], [ 4209137.284138178452849, 664042.972262100432999 ], [ 4209099.85962083004415, 664042.972262100432999 ], [ 4209062.435103481635451, 664042.972262100432999 ], [ 4209025.010586133226752, 664042.972262100432999 ], [ 4208998.547456133179367, 664016.509132100385614 ], [ 4208998.547456133179367, 663979.084614751511253 ], [ 4208998.547456133179367, 663941.660097402636893 ], [ 4208998.547456133179367, 663904.235580053762533 ], [ 4208972.084326133131981, 663877.772450053715147 ], [ 4208934.659808784723282, 663877.772450053715147 ], [ 4208897.235291436314583, 663877.772450053715147 ], [ 4208859.810774087905884, 663877.772450053715147 ], [ 4208859.810774087905884, 663840.347932704840787 ], [ 4208859.810774087905884, 663802.923415355966426 ], [ 4208859.810774087905884, 663765.498898007092066 ], [ 4208859.810774087905884, 663728.074380658217706 ], [ 4208822.386256739497185, 663728.074380658217706 ], [ 4208784.961739391088486, 663728.074380658217706 ], [ 4208747.537222042679787, 663728.074380658217706 ], [ 4208710.112704694271088, 663728.074380658217706 ], [ 4208672.688187345862389, 663728.074380658217706 ], [ 4208672.688187345862389, 663690.649863309343345 ], [ 4208672.688187345862389, 663653.225345960468985 ], [ 4208672.688187345862389, 663615.800828611594625 ], [ 4208672.688187345862389, 663578.376311262720264 ], [ 4208646.225057345815003, 663551.913181262672879 ], [ 4208608.800539997406304, 663551.913181262672879 ], [ 4208571.376022648997605, 663551.913181262672879 ], [ 4208533.951505300588906, 663551.913181262672879 ], [ 4208507.48837530054152, 663525.450051262625493 ], [ 4208507.48837530054152, 663488.025533913751133 ], [ 4208507.48837530054152, 663450.601016564876772 ], [ 4208507.48837530054152, 663413.176499216002412 ], [ 4208507.48837530054152, 663375.751981867128052 ], [ 4208507.48837530054152, 663338.327464518253691 ], [ 4208507.48837530054152, 663300.902947169379331 ], [ 4208507.48837530054152, 663263.478429820504971 ], [ 4208507.48837530054152, 663226.053912471630611 ], [ 4208470.063857952132821, 663226.053912471630611 ], [ 4208432.639340603724122, 663226.053912471630611 ], [ 4208395.214823255315423, 663226.053912471630611 ], [ 4208357.790305906906724, 663226.053912471630611 ], [ 4208357.790305906906724, 663188.62939512275625 ], [ 4208357.790305906906724, 663151.20487777388189 ], [ 4208357.790305906906724, 663113.78036042500753 ], [ 4208357.790305906906724, 663076.355843076133169 ], [ 4208331.327175906859338, 663049.892713076085784 ], [ 4208293.902658558450639, 663049.892713076085784 ], [ 4208256.47814121004194, 663049.892713076085784 ], [ 4208219.053623861633241, 663049.892713076085784 ], [ 4208192.590493861585855, 663023.429583076038398 ], [ 4208192.590493861585855, 662986.005065727164038 ], [ 4208192.590493861585855, 662948.580548378289677 ], [ 4208192.590493861585855, 662911.156031029415317 ], [ 4208166.12736386153847, 662884.692901029367931 ], [ 4208128.702846513129771, 662884.692901029367931 ], [ 4208091.278329164721072, 662884.692901029367931 ], [ 4208053.853811816312373, 662884.692901029367931 ], [ 4208016.429294467903674, 662884.692901029367931 ], [ 4208016.429294467903674, 662847.268383680493571 ], [ 4208016.429294467903674, 662809.843866331619211 ], [ 4208016.429294467903674, 662772.41934898274485 ], [ 4208016.429294467903674, 662734.99483163387049 ], [ 4207979.004777119494975, 662734.99483163387049 ], [ 4207941.580259771086276, 662734.99483163387049 ], [ 4207904.155742422677577, 662734.99483163387049 ], [ 4207866.731225074268878, 662734.99483163387049 ], [ 4207840.268095074221492, 662708.531701633823104 ], [ 4207840.268095074221492, 662671.107184284948744 ], [ 4207840.268095074221492, 662633.682666936074384 ], [ 4207840.268095074221492, 662596.258149587200023 ], [ 4207840.268095074221492, 662558.833632238325663 ], [ 4207802.843577725812793, 662558.833632238325663 ], [ 4207765.419060377404094, 662558.833632238325663 ], [ 4207727.994543028995395, 662558.833632238325663 ], [ 4207701.531413028948009, 662532.370502238278277 ], [ 4207701.531413028948009, 662494.945984889403917 ], [ 4207701.531413028948009, 662457.521467540529557 ], [ 4207701.531413028948009, 662420.096950191655196 ], [ 4207675.068283028900623, 662393.633820191607811 ], [ 4207637.643765680491924, 662393.633820191607811 ], [ 4207600.219248332083225, 662393.633820191607811 ], [ 4207562.794730983674526, 662393.633820191607811 ], [ 4207536.331600983627141, 662367.170690191560425 ], [ 4207536.331600983627141, 662329.746172842686065 ], [ 4207536.331600983627141, 662292.321655493811704 ], [ 4207536.331600983627141, 662254.897138144937344 ], [ 4207509.868470983579755, 662228.434008144889958 ], [ 4207472.443953635171056, 662228.434008144889958 ], [ 4207435.019436286762357, 662228.434008144889958 ], [ 4207397.594918938353658, 662228.434008144889958 ], [ 4207371.131788938306272, 662201.970878144842573 ], [ 4207371.131788938306272, 662164.546360795968212 ], [ 4207371.131788938306272, 662127.121843447093852 ], [ 4207371.131788938306272, 662089.697326098219492 ], [ 4207344.668658938258886, 662063.234196098172106 ], [ 4207307.244141589850187, 662063.234196098172106 ], [ 4207269.819624241441488, 662063.234196098172106 ], [ 4207232.395106893032789, 662063.234196098172106 ], [ 4207194.97058954462409, 662063.234196098172106 ], [ 4207157.546072196215391, 662063.234196098172106 ], [ 4207120.121554847806692, 662063.234196098172106 ], [ 4207082.697037499397993, 662063.234196098172106 ], [ 4207045.272520150989294, 662063.234196098172106 ], [ 4207018.809390150941908, 662036.77106609812472 ], [ 4207018.809390150941908, 661999.34654874925036 ], [ 4207018.809390150941908, 661961.922031400376 ], [ 4207018.809390150941908, 661924.497514051501639 ], [ 4207018.809390150941908, 661887.072996702627279 ], [ 4207018.809390150941908, 661849.648479353752919 ], [ 4207018.809390150941908, 661812.223962004878558 ], [ 4207018.809390150941908, 661774.799444656004198 ], [ 4207018.809390150941908, 661737.374927307129838 ], [ 4206981.384872802533209, 661737.374927307129838 ], [ 4206943.96035545412451, 661737.374927307129838 ], [ 4206906.535838105715811, 661737.374927307129838 ], [ 4206880.072708105668426, 661710.911797307082452 ], [ 4206880.072708105668426, 661673.487279958208092 ], [ 4206880.072708105668426, 661636.062762609333731 ], [ 4206880.072708105668426, 661598.638245260459371 ], [ 4206880.072708105668426, 661561.213727911585011 ], [ 4206842.648190757259727, 661561.213727911585011 ], [ 4206805.223673408851027, 661561.213727911585011 ], [ 4206767.799156060442328, 661561.213727911585011 ], [ 4206730.374638712033629, 661561.213727911585011 ], [ 4206692.95012136362493, 661561.213727911585011 ], [ 4206655.525604015216231, 661561.213727911585011 ], [ 4206618.101086666807532, 661561.213727911585011 ], [ 4206580.676569318398833, 661561.213727911585011 ], [ 4206554.213439318351448, 661534.750597911537625 ], [ 4206554.213439318351448, 661497.326080562663265 ], [ 4206554.213439318351448, 661459.901563213788904 ], [ 4206554.213439318351448, 661422.477045864914544 ], [ 4206527.750309318304062, 661396.013915864867158 ], [ 4206490.325791969895363, 661396.013915864867158 ], [ 4206452.901274621486664, 661396.013915864867158 ], [ 4206415.476757273077965, 661396.013915864867158 ], [ 4206378.052239924669266, 661396.013915864867158 ], [ 4206378.052239924669266, 661358.589398515992798 ], [ 4206378.052239924669266, 661321.164881167118438 ], [ 4206378.052239924669266, 661283.740363818244077 ], [ 4206378.052239924669266, 661246.315846469369717 ], [ 4206340.627722576260567, 661246.315846469369717 ], [ 4206303.203205227851868, 661246.315846469369717 ], [ 4206265.778687879443169, 661246.315846469369717 ], [ 4206228.35417053103447, 661246.315846469369717 ], [ 4206201.891040530987084, 661219.852716469322331 ], [ 4206201.891040530987084, 661182.428199120447971 ], [ 4206201.891040530987084, 661145.003681771573611 ], [ 4206201.891040530987084, 661107.57916442269925 ], [ 4206201.891040530987084, 661070.15464707382489 ], [ 4206164.466523182578385, 661070.15464707382489 ], [ 4206127.042005834169686, 661070.15464707382489 ], [ 4206089.617488485760987, 661070.15464707382489 ], [ 4206052.192971137352288, 661070.15464707382489 ], [ 4206014.768453788943589, 661070.15464707382489 ], [ 4205977.34393644053489, 661070.15464707382489 ], [ 4205939.919419092126191, 661070.15464707382489 ], [ 4205902.494901743717492, 661070.15464707382489 ], [ 4205876.031771743670106, 661043.691517073777504 ], [ 4205876.031771743670106, 661006.266999724903144 ], [ 4205876.031771743670106, 660968.842482376028784 ], [ 4205876.031771743670106, 660931.417965027154423 ], [ 4205849.56864174362272, 660904.954835027107038 ], [ 4205812.144124395214021, 660904.954835027107038 ], [ 4205774.719607046805322, 660904.954835027107038 ], [ 4205737.295089698396623, 660904.954835027107038 ], [ 4205710.831959698349237, 660878.491705027059652 ], [ 4205710.831959698349237, 660841.067187678185292 ], [ 4205710.831959698349237, 660803.642670329310931 ], [ 4205710.831959698349237, 660766.218152980436571 ], [ 4205684.368829698301852, 660739.755022980389185 ], [ 4205646.944312349893153, 660739.755022980389185 ], [ 4205609.519795001484454, 660739.755022980389185 ], [ 4205572.095277653075755, 660739.755022980389185 ], [ 4205534.670760304667056, 660739.755022980389185 ], [ 4205497.246242956258357, 660739.755022980389185 ], [ 4205459.821725607849658, 660739.755022980389185 ], [ 4205422.397208259440958, 660739.755022980389185 ], [ 4205395.934078259393573, 660713.2918929803418 ], [ 4205395.934078259393573, 660675.867375631467439 ], [ 4205395.934078259393573, 660638.442858282593079 ], [ 4205395.934078259393573, 660601.018340933718719 ], [ 4205395.934078259393573, 660563.593823584844358 ], [ 4205395.934078259393573, 660526.169306235969998 ], [ 4205395.934078259393573, 660488.744788887095638 ], [ 4205395.934078259393573, 660451.320271538221277 ], [ 4205395.934078259393573, 660413.895754189346917 ], [ 4205358.509560910984874, 660413.895754189346917 ], [ 4205321.085043562576175, 660413.895754189346917 ], [ 4205283.660526214167476, 660413.895754189346917 ], [ 4205246.236008865758777, 660413.895754189346917 ], [ 4205208.811491517350078, 660413.895754189346917 ], [ 4205171.386974168941379, 660413.895754189346917 ], [ 4205133.96245682053268, 660413.895754189346917 ], [ 4205096.537939472123981, 660413.895754189346917 ], [ 4205059.113422123715281, 660413.895754189346917 ], [ 4205021.688904775306582, 660413.895754189346917 ], [ 4204984.264387426897883, 660413.895754189346917 ], [ 4204946.839870078489184, 660413.895754189346917 ], [ 4204909.415352730080485, 660413.895754189346917 ], [ 4204882.9522227300331, 660387.432624189299531 ], [ 4204882.9522227300331, 660350.008106840425171 ], [ 4204882.9522227300331, 660312.583589491550811 ], [ 4204882.9522227300331, 660275.15907214267645 ], [ 4204882.9522227300331, 660237.73455479380209 ], [ 4204882.9522227300331, 660200.31003744492773 ], [ 4204882.9522227300331, 660162.885520096053369 ], [ 4204882.9522227300331, 660125.461002747179009 ], [ 4204882.9522227300331, 660088.036485398304649 ], [ 4204845.527705381624401, 660088.036485398304649 ], [ 4204808.103188033215702, 660088.036485398304649 ], [ 4204770.678670684807003, 660088.036485398304649 ], [ 4204733.254153336398304, 660088.036485398304649 ], [ 4204733.254153336398304, 660050.611968049430288 ], [ 4204733.254153336398304, 660013.187450700555928 ], [ 4204733.254153336398304, 659975.762933351681568 ], [ 4204733.254153336398304, 659938.338416002807207 ], [ 4204706.791023336350918, 659911.875286002759822 ], [ 4204669.366505987942219, 659911.875286002759822 ], [ 4204631.94198863953352, 659911.875286002759822 ], [ 4204594.517471291124821, 659911.875286002759822 ], [ 4204568.054341291077435, 659885.412156002712436 ], [ 4204568.054341291077435, 659847.987638653838076 ], [ 4204568.054341291077435, 659810.563121304963715 ], [ 4204568.054341291077435, 659773.138603956089355 ], [ 4204541.591211291030049, 659746.675473956041969 ], [ 4204504.16669394262135, 659746.675473956041969 ], [ 4204466.742176594212651, 659746.675473956041969 ], [ 4204429.317659245803952, 659746.675473956041969 ], [ 4204391.893141897395253, 659746.675473956041969 ], [ 4204354.468624548986554, 659746.675473956041969 ], [ 4204317.044107200577855, 659746.675473956041969 ], [ 4204279.619589852169156, 659746.675473956041969 ], [ 4204253.15645985212177, 659720.212343955994584 ], [ 4204253.15645985212177, 659682.787826607120223 ], [ 4204253.15645985212177, 659645.363309258245863 ], [ 4204253.15645985212177, 659607.938791909371503 ], [ 4204226.693329852074385, 659581.475661909324117 ], [ 4204189.268812503665686, 659581.475661909324117 ], [ 4204151.844295155256987, 659581.475661909324117 ], [ 4204114.419777806848288, 659581.475661909324117 ], [ 4204076.995260458439589, 659581.475661909324117 ], [ 4204050.532130458392203, 659555.012531909276731 ], [ 4204050.532130458392203, 659517.588014560402371 ], [ 4204050.532130458392203, 659480.163497211528011 ], [ 4204050.532130458392203, 659442.73897986265365 ], [ 4204024.069000458344817, 659416.275849862606265 ], [ 4203986.644483109936118, 659416.275849862606265 ], [ 4203949.219965761527419, 659416.275849862606265 ], [ 4203911.79544841311872, 659416.275849862606265 ], [ 4203874.370931064710021, 659416.275849862606265 ], [ 4203836.946413716301322, 659416.275849862606265 ], [ 4203799.521896367892623, 659416.275849862606265 ], [ 4203762.097379019483924, 659416.275849862606265 ], [ 4203735.634249019436538, 659389.812719862558879 ], [ 4203735.634249019436538, 659352.388202513684519 ], [ 4203735.634249019436538, 659314.963685164810158 ], [ 4203735.634249019436538, 659277.539167815935798 ], [ 4203709.171119019389153, 659251.076037815888412 ], [ 4203671.746601670980453, 659251.076037815888412 ], [ 4203634.322084322571754, 659251.076037815888412 ], [ 4203596.897566974163055, 659251.076037815888412 ], [ 4203596.897566974163055, 659213.651520467014052 ], [ 4203596.897566974163055, 659176.227003118139692 ], [ 4203596.897566974163055, 659138.802485769265331 ], [ 4203596.897566974163055, 659101.377968420390971 ], [ 4203559.473049625754356, 659101.377968420390971 ], [ 4203522.048532277345657, 659101.377968420390971 ], [ 4203484.624014928936958, 659101.377968420390971 ], [ 4203447.199497580528259, 659101.377968420390971 ], [ 4203409.77498023211956, 659101.377968420390971 ], [ 4203372.350462883710861, 659101.377968420390971 ], [ 4203334.925945535302162, 659101.377968420390971 ], [ 4203297.501428186893463, 659101.377968420390971 ], [ 4203260.076910838484764, 659101.377968420390971 ], [ 4203222.652393490076065, 659101.377968420390971 ], [ 4203185.227876141667366, 659101.377968420390971 ], [ 4203147.803358793258667, 659101.377968420390971 ], [ 4203110.378841444849968, 659101.377968420390971 ], [ 4203083.915711444802582, 659074.914838420343585 ], [ 4203083.915711444802582, 659037.490321071469225 ], [ 4203083.915711444802582, 659000.065803722594865 ], [ 4203083.915711444802582, 658962.641286373720504 ], [ 4203083.915711444802582, 658925.216769024846144 ], [ 4203046.491194096393883, 658925.216769024846144 ], [ 4203009.066676747985184, 658925.216769024846144 ], [ 4202971.642159399576485, 658925.216769024846144 ], [ 4202934.217642051167786, 658925.216769024846144 ], [ 4202934.217642051167786, 658887.792251675971784 ], [ 4202934.217642051167786, 658850.367734327097423 ], [ 4202934.217642051167786, 658812.943216978223063 ], [ 4202934.217642051167786, 658775.518699629348703 ], [ 4202907.7545120511204, 658749.055569629301317 ], [ 4202870.329994702711701, 658749.055569629301317 ], [ 4202832.905477354303002, 658749.055569629301317 ], [ 4202795.480960005894303, 658749.055569629301317 ], [ 4202769.017830005846918, 658722.592439629253931 ], [ 4202769.017830005846918, 658685.167922280379571 ], [ 4202769.017830005846918, 658647.743404931505211 ], [ 4202769.017830005846918, 658610.31888758263085 ], [ 4202742.554700005799532, 658583.855757582583465 ], [ 4202705.130182657390833, 658583.855757582583465 ], [ 4202667.705665308982134, 658583.855757582583465 ], [ 4202630.281147960573435, 658583.855757582583465 ], [ 4202592.856630612164736, 658583.855757582583465 ], [ 4202592.856630612164736, 658546.431240233709104 ], [ 4202592.856630612164736, 658509.006722884834744 ], [ 4202592.856630612164736, 658471.582205535960384 ], [ 4202592.856630612164736, 658434.157688187086023 ], [ 4202555.432113263756037, 658434.157688187086023 ], [ 4202518.007595915347338, 658434.157688187086023 ], [ 4202480.583078566938639, 658434.157688187086023 ], [ 4202443.15856121852994, 658434.157688187086023 ], [ 4202416.695431218482554, 658407.694558187038638 ], [ 4202416.695431218482554, 658370.270040838164277 ], [ 4202416.695431218482554, 658332.845523489289917 ], [ 4202416.695431218482554, 658295.421006140415557 ], [ 4202416.695431218482554, 658257.996488791541196 ], [ 4202379.270913870073855, 658257.996488791541196 ], [ 4202341.846396521665156, 658257.996488791541196 ], [ 4202304.421879173256457, 658257.996488791541196 ], [ 4202266.997361824847758, 658257.996488791541196 ], [ 4202266.997361824847758, 658220.571971442666836 ], [ 4202266.997361824847758, 658183.147454093792476 ], [ 4202266.997361824847758, 658145.722936744918115 ], [ 4202266.997361824847758, 658108.298419396043755 ], [ 4202229.572844476439059, 658108.298419396043755 ], [ 4202192.14832712803036, 658108.298419396043755 ], [ 4202154.723809779621661, 658108.298419396043755 ], [ 4202117.299292431212962, 658108.298419396043755 ], [ 4202117.299292431212962, 658070.873902047169395 ], [ 4202117.299292431212962, 658033.449384698295034 ], [ 4202117.299292431212962, 657996.024867349420674 ], [ 4202117.299292431212962, 657958.600350000546314 ], [ 4202117.299292431212962, 657921.175832651671953 ], [ 4202079.874775082804263, 657921.175832651671953 ], [ 4202042.450257734395564, 657921.175832651671953 ], [ 4202005.025740385986865, 657921.175832651671953 ], [ 4201967.601223037578166, 657921.175832651671953 ], [ 4201941.13809303753078, 657894.712702651624568 ], [ 4201941.13809303753078, 657857.288185302750207 ], [ 4201941.13809303753078, 657819.863667953875847 ], [ 4201941.13809303753078, 657782.439150605001487 ], [ 4201914.674963037483394, 657755.976020604954101 ], [ 4201877.250445689074695, 657755.976020604954101 ], [ 4201839.825928340665996, 657755.976020604954101 ], [ 4201802.401410992257297, 657755.976020604954101 ], [ 4201764.976893643848598, 657755.976020604954101 ], [ 4201764.976893643848598, 657718.551503256079741 ], [ 4201764.976893643848598, 657681.12698590720538 ], [ 4201764.976893643848598, 657643.70246855833102 ], [ 4201764.976893643848598, 657606.27795120945666 ], [ 4201727.552376295439899, 657606.27795120945666 ], [ 4201690.1278589470312, 657606.27795120945666 ], [ 4201652.703341598622501, 657606.27795120945666 ], [ 4201615.278824250213802, 657606.27795120945666 ], [ 4201577.854306901805103, 657606.27795120945666 ], [ 4201540.429789553396404, 657606.27795120945666 ], [ 4201503.005272204987705, 657606.27795120945666 ], [ 4201465.580754856579006, 657606.27795120945666 ], [ 4201439.11762485653162, 657579.814821209409274 ], [ 4201439.11762485653162, 657542.390303860534914 ], [ 4201439.11762485653162, 657504.965786511660554 ], [ 4201439.11762485653162, 657467.541269162786193 ], [ 4201439.11762485653162, 657430.116751813911833 ], [ 4201401.693107508122921, 657430.116751813911833 ], [ 4201364.268590159714222, 657430.116751813911833 ], [ 4201326.844072811305523, 657430.116751813911833 ], [ 4201289.419555462896824, 657430.116751813911833 ], [ 4201289.419555462896824, 657392.692234465037473 ], [ 4201289.419555462896824, 657355.267717116163112 ], [ 4201289.419555462896824, 657317.843199767288752 ], [ 4201289.419555462896824, 657280.418682418414392 ], [ 4201251.995038114488125, 657280.418682418414392 ], [ 4201214.570520766079426, 657280.418682418414392 ], [ 4201177.146003417670727, 657280.418682418414392 ], [ 4201139.721486069262028, 657280.418682418414392 ], [ 4201113.258356069214642, 657253.955552418367006 ], [ 4201113.258356069214642, 657216.531035069492646 ], [ 4201113.258356069214642, 657179.106517720618285 ], [ 4201113.258356069214642, 657141.682000371743925 ], [ 4201113.258356069214642, 657104.257483022869565 ], [ 4201075.833838720805943, 657104.257483022869565 ], [ 4201038.409321372397244, 657104.257483022869565 ], [ 4201000.984804023988545, 657104.257483022869565 ], [ 4200963.560286675579846, 657104.257483022869565 ], [ 4200937.09715667553246, 657077.794353022822179 ], [ 4200937.09715667553246, 657040.369835673947819 ], [ 4200937.09715667553246, 657002.945318325073458 ], [ 4200937.09715667553246, 656965.520800976199098 ], [ 4200910.634026675485075, 656939.057670976151712 ], [ 4200873.209509327076375, 656939.057670976151712 ], [ 4200835.784991978667676, 656939.057670976151712 ], [ 4200798.360474630258977, 656939.057670976151712 ], [ 4200760.935957281850278, 656939.057670976151712 ], [ 4200723.511439933441579, 656939.057670976151712 ], [ 4200686.08692258503288, 656939.057670976151712 ], [ 4200648.662405236624181, 656939.057670976151712 ], [ 4200622.199275236576796, 656912.594540976104327 ], [ 4200622.199275236576796, 656875.170023627229966 ], [ 4200622.199275236576796, 656837.745506278355606 ], [ 4200622.199275236576796, 656800.320988929481246 ], [ 4200595.73614523652941, 656773.85785892943386 ], [ 4200558.311627888120711, 656773.85785892943386 ], [ 4200520.887110539712012, 656773.85785892943386 ], [ 4200483.462593191303313, 656773.85785892943386 ], [ 4200456.999463191255927, 656747.394728929386474 ], [ 4200456.999463191255927, 656709.970211580512114 ], [ 4200456.999463191255927, 656672.545694231637754 ], [ 4200456.999463191255927, 656635.121176882763393 ], [ 4200430.536333191208541, 656608.658046882716008 ], [ 4200393.111815842799842, 656608.658046882716008 ], [ 4200355.687298494391143, 656608.658046882716008 ], [ 4200318.262781145982444, 656608.658046882716008 ], [ 4200280.838263797573745, 656608.658046882716008 ], [ 4200243.413746449165046, 656608.658046882716008 ], [ 4200205.989229100756347, 656608.658046882716008 ], [ 4200168.564711752347648, 656608.658046882716008 ], [ 4200131.140194403938949, 656608.658046882716008 ], [ 4200131.140194403938949, 656571.233529533841647 ], [ 4200131.140194403938949, 656533.809012184967287 ], [ 4200131.140194403938949, 656496.384494836092927 ], [ 4200131.140194403938949, 656458.959977487218566 ], [ 4200131.140194403938949, 656421.535460138344206 ], [ 4200131.140194403938949, 656384.110942789469846 ], [ 4200131.140194403938949, 656346.686425440595485 ], [ 4200131.140194403938949, 656309.261908091721125 ], [ 4200131.140194403938949, 656271.837390742846765 ], [ 4200093.71567705553025, 656271.837390742846765 ], [ 4200056.291159707121551, 656271.837390742846765 ], [ 4200018.866642358712852, 656271.837390742846765 ], [ 4199981.442125010304153, 656271.837390742846765 ], [ 4199954.978995010256767, 656245.374260742799379 ], [ 4199954.978995010256767, 656207.949743393925019 ], [ 4199954.978995010256767, 656170.525226045050658 ], [ 4199954.978995010256767, 656133.100708696176298 ], [ 4199954.978995010256767, 656095.676191347301938 ], [ 4199954.978995010256767, 656058.251673998427577 ], [ 4199954.978995010256767, 656020.827156649553217 ], [ 4199954.978995010256767, 655983.402639300678857 ], [ 4199954.978995010256767, 655945.978121951804496 ], [ 4199917.554477661848068, 655945.978121951804496 ], [ 4199880.129960313439369, 655945.978121951804496 ], [ 4199842.70544296503067, 655945.978121951804496 ], [ 4199805.280925616621971, 655945.978121951804496 ], [ 4199805.280925616621971, 655908.553604602930136 ], [ 4199805.280925616621971, 655871.129087254055776 ], [ 4199805.280925616621971, 655833.704569905181415 ], [ 4199805.280925616621971, 655796.280052556307055 ], [ 4199767.856408268213272, 655796.280052556307055 ], [ 4199730.431890919804573, 655796.280052556307055 ], [ 4199693.007373571395874, 655796.280052556307055 ], [ 4199655.582856222987175, 655796.280052556307055 ], [ 4199655.582856222987175, 655758.855535207432695 ], [ 4199655.582856222987175, 655721.431017858558334 ], [ 4199655.582856222987175, 655684.006500509683974 ], [ 4199655.582856222987175, 655646.581983160809614 ], [ 4199655.582856222987175, 655609.157465811935253 ], [ 4199618.158338874578476, 655609.157465811935253 ], [ 4199580.733821526169777, 655609.157465811935253 ], [ 4199543.309304177761078, 655609.157465811935253 ], [ 4199505.884786829352379, 655609.157465811935253 ], [ 4199468.46026948094368, 655609.157465811935253 ], [ 4199468.46026948094368, 655571.732948463060893 ], [ 4199468.46026948094368, 655534.308431114186533 ], [ 4199468.46026948094368, 655496.883913765312172 ], [ 4199468.46026948094368, 655459.459396416437812 ], [ 4199431.035752132534981, 655459.459396416437812 ], [ 4199393.611234784126282, 655459.459396416437812 ], [ 4199356.186717435717583, 655459.459396416437812 ], [ 4199318.762200087308884, 655459.459396416437812 ], [ 4199292.299070087261498, 655432.996266416390426 ], [ 4199292.299070087261498, 655395.571749067516066 ], [ 4199292.299070087261498, 655358.147231718641706 ], [ 4199292.299070087261498, 655320.722714369767345 ], [ 4199292.299070087261498, 655283.298197020892985 ], [ 4199254.874552738852799, 655283.298197020892985 ], [ 4199217.4500353904441, 655283.298197020892985 ], [ 4199180.025518042035401, 655283.298197020892985 ], [ 4199153.562388041988015, 655256.835067020845599 ], [ 4199153.562388041988015, 655219.410549671971239 ], [ 4199153.562388041988015, 655181.986032323096879 ], [ 4199153.562388041988015, 655144.561514974222519 ], [ 4199127.099258041940629, 655118.098384974175133 ], [ 4199089.67474069353193, 655118.098384974175133 ], [ 4199052.250223345123231, 655118.098384974175133 ], [ 4199014.825705996714532, 655118.098384974175133 ], [ 4198988.362575996667147, 655091.635254974127747 ], [ 4198988.362575996667147, 655054.210737625253387 ], [ 4198988.362575996667147, 655016.786220276379026 ], [ 4198988.362575996667147, 654979.361702927504666 ], [ 4198988.362575996667147, 654941.937185578630306 ], [ 4198988.362575996667147, 654904.512668229755946 ], [ 4198988.362575996667147, 654867.088150880881585 ], [ 4198988.362575996667147, 654829.663633532007225 ], [ 4198988.362575996667147, 654792.239116183132865 ], [ 4198950.938058648258448, 654792.239116183132865 ], [ 4198913.513541299849749, 654792.239116183132865 ], [ 4198876.08902395144105, 654792.239116183132865 ], [ 4198838.664506603032351, 654792.239116183132865 ], [ 4198812.201376602984965, 654765.775986183085479 ], [ 4198812.201376602984965, 654728.351468834211119 ], [ 4198812.201376602984965, 654690.926951485336758 ], [ 4198812.201376602984965, 654653.502434136462398 ], [ 4198812.201376602984965, 654616.077916787588038 ], [ 4198774.776859254576266, 654616.077916787588038 ], [ 4198737.352341906167567, 654616.077916787588038 ], [ 4198699.927824557758868, 654616.077916787588038 ], [ 4198662.503307209350169, 654616.077916787588038 ], [ 4198636.040177209302783, 654589.614786787540652 ], [ 4198636.040177209302783, 654552.190269438666292 ], [ 4198636.040177209302783, 654514.765752089791931 ], [ 4198636.040177209302783, 654477.341234740917571 ], [ 4198636.040177209302783, 654439.916717392043211 ], [ 4198636.040177209302783, 654402.49220004316885 ], [ 4198636.040177209302783, 654365.06768269429449 ], [ 4198636.040177209302783, 654327.64316534542013 ], [ 4198636.040177209302783, 654290.218647996545769 ], [ 4198598.615659860894084, 654290.218647996545769 ], [ 4198561.191142512485385, 654290.218647996545769 ], [ 4198523.766625164076686, 654290.218647996545769 ], [ 4198486.342107815667987, 654290.218647996545769 ], [ 4198486.342107815667987, 654252.794130647671409 ], [ 4198486.342107815667987, 654215.369613298797049 ], [ 4198486.342107815667987, 654177.945095949922688 ], [ 4198486.342107815667987, 654140.520578601048328 ], [ 4198448.917590467259288, 654140.520578601048328 ], [ 4198411.493073118850589, 654140.520578601048328 ], [ 4198374.06855577044189, 654140.520578601048328 ], [ 4198336.644038422033191, 654140.520578601048328 ], [ 4198310.180908421985805, 654114.057448601000942 ], [ 4198310.180908421985805, 654076.632931252126582 ], [ 4198310.180908421985805, 654039.208413903252222 ], [ 4198310.180908421985805, 654001.783896554377861 ], [ 4198310.180908421985805, 653964.359379205503501 ], [ 4198272.756391073577106, 653964.359379205503501 ], [ 4198235.331873725168407, 653964.359379205503501 ], [ 4198197.907356376759708, 653964.359379205503501 ], [ 4198171.444226376712322, 653937.896249205456115 ], [ 4198171.444226376712322, 653900.471731856581755 ], [ 4198171.444226376712322, 653863.047214507707395 ], [ 4198171.444226376712322, 653825.622697158833034 ], [ 4198171.444226376712322, 653788.198179809958674 ], [ 4198134.019709028303623, 653788.198179809958674 ], [ 4198096.595191679894924, 653788.198179809958674 ], [ 4198059.170674331486225, 653788.198179809958674 ], [ 4198021.746156983077526, 653788.198179809958674 ], [ 4197984.321639634668827, 653788.198179809958674 ], [ 4197984.321639634668827, 653750.773662461084314 ], [ 4197984.321639634668827, 653713.349145112209953 ], [ 4197984.321639634668827, 653675.924627763335593 ], [ 4197984.321639634668827, 653638.500110414461233 ], [ 4197984.321639634668827, 653601.075593065586872 ], [ 4197984.321639634668827, 653563.651075716712512 ], [ 4197984.321639634668827, 653526.226558367838152 ], [ 4197984.321639634668827, 653488.802041018963791 ], [ 4197957.858509634621441, 653462.338911018916406 ], [ 4197920.433992286212742, 653462.338911018916406 ], [ 4197883.009474937804043, 653462.338911018916406 ], [ 4197845.584957589395344, 653462.338911018916406 ], [ 4197819.121827589347959, 653435.87578101886902 ], [ 4197819.121827589347959, 653398.45126366999466 ], [ 4197819.121827589347959, 653361.026746321120299 ], [ 4197819.121827589347959, 653323.602228972245939 ], [ 4197792.658697589300573, 653297.139098972198553 ], [ 4197755.234180240891874, 653297.139098972198553 ], [ 4197717.809662892483175, 653297.139098972198553 ], [ 4197680.385145544074476, 653297.139098972198553 ], [ 4197653.92201554402709, 653270.675968972151168 ], [ 4197653.92201554402709, 653233.251451623276807 ], [ 4197653.92201554402709, 653195.826934274402447 ], [ 4197653.92201554402709, 653158.402416925528087 ], [ 4197653.92201554402709, 653120.977899576653726 ], [ 4197653.92201554402709, 653083.553382227779366 ], [ 4197653.92201554402709, 653046.128864878905006 ], [ 4197653.92201554402709, 653008.704347530030645 ], [ 4197653.92201554402709, 652971.279830181156285 ], [ 4197616.497498195618391, 652971.279830181156285 ], [ 4197579.072980847209692, 652971.279830181156285 ], [ 4197541.648463498800993, 652971.279830181156285 ], [ 4197504.223946150392294, 652971.279830181156285 ], [ 4197504.223946150392294, 652933.855312832281925 ], [ 4197504.223946150392294, 652896.430795483407564 ], [ 4197504.223946150392294, 652859.006278134533204 ], [ 4197504.223946150392294, 652821.581760785658844 ], [ 4197477.760816150344908, 652795.118630785611458 ], [ 4197440.336298801936209, 652795.118630785611458 ], [ 4197402.91178145352751, 652795.118630785611458 ], [ 4197365.487264105118811, 652795.118630785611458 ], [ 4197339.024134105071425, 652768.655500785564072 ], [ 4197339.024134105071425, 652731.230983436689712 ], [ 4197339.024134105071425, 652693.806466087815352 ], [ 4197339.024134105071425, 652656.381948738940991 ], [ 4197339.024134105071425, 652618.957431390066631 ], [ 4197339.024134105071425, 652581.532914041192271 ], [ 4197339.024134105071425, 652544.10839669231791 ], [ 4197339.024134105071425, 652506.68387934344355 ], [ 4197339.024134105071425, 652469.25936199456919 ], [ 4197301.599616756662726, 652469.25936199456919 ], [ 4197264.175099408254027, 652469.25936199456919 ], [ 4197226.750582059845328, 652469.25936199456919 ], [ 4197189.326064711436629, 652469.25936199456919 ], [ 4197162.862934711389244, 652442.796231994521804 ], [ 4197162.862934711389244, 652405.371714645647444 ], [ 4197162.862934711389244, 652367.947197296773084 ], [ 4197162.862934711389244, 652330.522679947898723 ], [ 4197162.862934711389244, 652293.098162599024363 ], [ 4197162.862934711389244, 652255.673645250150003 ], [ 4197162.862934711389244, 652218.249127901275642 ], [ 4197162.862934711389244, 652180.824610552401282 ], [ 4197162.862934711389244, 652143.400093203526922 ], [ 4197125.438417362980545, 652143.400093203526922 ], [ 4197088.013900014571846, 652143.400093203526922 ], [ 4197050.589382666163146, 652143.400093203526922 ], [ 4197013.164865317754447, 652143.400093203526922 ], [ 4196986.701735317707062, 652116.936963203479536 ], [ 4196986.701735317707062, 652079.512445854605176 ], [ 4196986.701735317707062, 652042.087928505730815 ], [ 4196986.701735317707062, 652004.663411156856455 ], [ 4196986.701735317707062, 651967.238893807982095 ], [ 4196986.701735317707062, 651929.814376459107734 ], [ 4196986.701735317707062, 651892.389859110233374 ], [ 4196986.701735317707062, 651854.965341761359014 ], [ 4196986.701735317707062, 651817.540824412484653 ], [ 4196949.277217969298363, 651817.540824412484653 ], [ 4196911.852700620889664, 651817.540824412484653 ], [ 4196874.428183272480965, 651817.540824412484653 ], [ 4196847.965053272433579, 651791.077694412437268 ], [ 4196847.965053272433579, 651753.653177063562907 ], [ 4196847.965053272433579, 651716.228659714688547 ], [ 4196847.965053272433579, 651678.804142365814187 ], [ 4196847.965053272433579, 651641.379625016939826 ], [ 4196810.54053592402488, 651641.379625016939826 ], [ 4196773.116018575616181, 651641.379625016939826 ], [ 4196735.691501227207482, 651641.379625016939826 ], [ 4196698.266983878798783, 651641.379625016939826 ], [ 4196671.803853878751397, 651614.916495016892441 ], [ 4196671.803853878751397, 651577.49197766801808 ], [ 4196671.803853878751397, 651540.06746031914372 ], [ 4196671.803853878751397, 651502.64294297026936 ], [ 4196645.340723878704011, 651476.179812970221974 ], [ 4196607.916206530295312, 651476.179812970221974 ], [ 4196570.491689181886613, 651476.179812970221974 ], [ 4196533.067171833477914, 651476.179812970221974 ], [ 4196533.067171833477914, 651438.755295621347614 ], [ 4196533.067171833477914, 651401.330778272473253 ], [ 4196533.067171833477914, 651363.906260923598893 ], [ 4196533.067171833477914, 651326.481743574724533 ], [ 4196495.642654485069215, 651326.481743574724533 ], [ 4196458.218137136660516, 651326.481743574724533 ], [ 4196420.793619788251817, 651326.481743574724533 ], [ 4196383.369102439843118, 651326.481743574724533 ], [ 4196345.944585091434419, 651326.481743574724533 ], [ 4196345.944585091434419, 651289.057226225850172 ], [ 4196345.944585091434419, 651251.632708876975812 ], [ 4196345.944585091434419, 651214.208191528101452 ], [ 4196345.944585091434419, 651176.783674179227091 ], [ 4196319.481455091387033, 651150.320544179179706 ], [ 4196282.056937742978334, 651150.320544179179706 ], [ 4196244.632420394569635, 651150.320544179179706 ], [ 4196207.207903046160936, 651150.320544179179706 ], [ 4196180.744773046113551, 651123.85741417913232 ], [ 4196180.744773046113551, 651086.43289683025796 ], [ 4196180.744773046113551, 651049.008379481383599 ], [ 4196180.744773046113551, 651011.583862132509239 ], [ 4196154.281643046066165, 650985.120732132461853 ], [ 4196116.857125697657466, 650985.120732132461853 ], [ 4196079.432608349248767, 650985.120732132461853 ], [ 4196042.008091000840068, 650985.120732132461853 ], [ 4196015.544961000792682, 650958.657602132414468 ], [ 4196015.544961000792682, 650921.233084783540107 ], [ 4196015.544961000792682, 650883.808567434665747 ], [ 4196015.544961000792682, 650846.384050085791387 ], [ 4195989.081831000745296, 650819.920920085744001 ], [ 4195951.657313652336597, 650819.920920085744001 ], [ 4195914.232796303927898, 650819.920920085744001 ], [ 4195876.808278955519199, 650819.920920085744001 ], [ 4195850.345148955471814, 650793.457790085696615 ], [ 4195850.345148955471814, 650756.033272736822255 ], [ 4195850.345148955471814, 650718.608755387947895 ], [ 4195850.345148955471814, 650681.184238039073534 ], [ 4195823.882018955424428, 650654.721108039026149 ], [ 4195786.457501607015729, 650654.721108039026149 ], [ 4195749.03298425860703, 650654.721108039026149 ], [ 4195711.608466910198331, 650654.721108039026149 ], [ 4195674.183949561789632, 650654.721108039026149 ], [ 4195636.759432213380933, 650654.721108039026149 ], [ 4195599.334914864972234, 650654.721108039026149 ], [ 4195561.910397516563535, 650654.721108039026149 ], [ 4195524.485880168154836, 650654.721108039026149 ], [ 4195487.061362819746137, 650654.721108039026149 ], [ 4195449.636845471337438, 650654.721108039026149 ], [ 4195412.212328122928739, 650654.721108039026149 ], [ 4195374.78781077452004, 650654.721108039026149 ], [ 4195337.363293426111341, 650654.721108039026149 ], [ 4195299.938776077702641, 650654.721108039026149 ], [ 4195262.514258729293942, 650654.721108039026149 ], [ 4195225.089741380885243, 650654.721108039026149 ], [ 4195198.626611380837858, 650628.257978038978763 ], [ 4195198.626611380837858, 650590.833460690104403 ], [ 4195198.626611380837858, 650553.408943341230042 ], [ 4195198.626611380837858, 650515.984425992355682 ], [ 4195172.163481380790472, 650489.521295992308296 ], [ 4195134.738964032381773, 650489.521295992308296 ], [ 4195097.314446683973074, 650489.521295992308296 ], [ 4195059.889929335564375, 650489.521295992308296 ], [ 4195033.426799335516989, 650463.058165992260911 ], [ 4195033.426799335516989, 650425.63364864338655 ], [ 4195033.426799335516989, 650388.20913129451219 ], [ 4195033.426799335516989, 650350.78461394563783 ], [ 4195006.963669335469604, 650324.321483945590444 ], [ 4194969.539151987060905, 650324.321483945590444 ], [ 4194932.114634638652205, 650324.321483945590444 ], [ 4194894.690117290243506, 650324.321483945590444 ], [ 4194857.265599941834807, 650324.321483945590444 ], [ 4194819.841082593426108, 650324.321483945590444 ], [ 4194782.416565245017409, 650324.321483945590444 ], [ 4194744.99204789660871, 650324.321483945590444 ], [ 4194707.567530548200011, 650324.321483945590444 ], [ 4194670.143013199791312, 650324.321483945590444 ], [ 4194632.718495851382613, 650324.321483945590444 ], [ 4194595.293978502973914, 650324.321483945590444 ], [ 4194557.869461154565215, 650324.321483945590444 ], [ 4194531.406331154517829, 650297.858353945543058 ], [ 4194531.406331154517829, 650260.433836596668698 ], [ 4194531.406331154517829, 650223.009319247794338 ], [ 4194531.406331154517829, 650185.584801898919977 ], [ 4194531.406331154517829, 650148.160284550045617 ], [ 4194493.98181380610913, 650148.160284550045617 ], [ 4194456.557296457700431, 650148.160284550045617 ], [ 4194419.132779109291732, 650148.160284550045617 ], [ 4194381.708261760883033, 650148.160284550045617 ], [ 4194344.283744412474334, 650148.160284550045617 ], [ 4194306.859227064065635, 650148.160284550045617 ], [ 4194269.434709715191275, 650148.160284550045617 ], [ 4194232.010192366316915, 650148.160284550045617 ], [ 4194232.010192366316915, 650110.735767201171257 ], [ 4194232.010192366316915, 650073.311249852296896 ], [ 4194232.010192366316915, 650035.886732503422536 ], [ 4194232.010192366316915, 649998.462215154548176 ], [ 4194194.585675017442554, 649998.462215154548176 ], [ 4194157.161157668568194, 649998.462215154548176 ], [ 4194119.736640319693834, 649998.462215154548176 ], [ 4194082.312122970819473, 649998.462215154548176 ], [ 4194044.887605621945113, 649998.462215154548176 ], [ 4194007.463088273070753, 649998.462215154548176 ], [ 4193970.038570924196392, 649998.462215154548176 ], [ 4193932.614053575322032, 649998.462215154548176 ], [ 4193895.189536226447672, 649998.462215154548176 ], [ 4193868.726406226400286, 649971.99908515450079 ], [ 4193868.726406226400286, 649934.57456780562643 ], [ 4193868.726406226400286, 649897.150050456752069 ], [ 4193868.726406226400286, 649859.725533107877709 ], [ 4193868.726406226400286, 649822.301015759003349 ], [ 4193895.189536226447672, 649795.837885758955963 ], [ 4193932.614053575322032, 649795.837885758955963 ], [ 4193970.038570924196392, 649795.837885758955963 ], [ 4194007.463088273070753, 649795.837885758955963 ], [ 4194044.887605621945113, 649795.837885758955963 ], [ 4194044.887605621945113, 649758.413368410081603 ], [ 4194044.887605621945113, 649720.988851061207242 ], [ 4194044.887605621945113, 649683.564333712332882 ], [ 4194044.887605621945113, 649646.139816363458522 ], [ 4194044.887605621945113, 649608.715299014584161 ], [ 4194044.887605621945113, 649571.290781665709801 ], [ 4194044.887605621945113, 649533.866264316835441 ], [ 4194044.887605621945113, 649496.44174696796108 ], [ 4194007.463088273070753, 649496.44174696796108 ], [ 4193970.038570924196392, 649496.44174696796108 ], [ 4193932.614053575322032, 649496.44174696796108 ], [ 4193895.189536226447672, 649496.44174696796108 ], [ 4193868.726406226400286, 649469.978616967913695 ], [ 4193868.726406226400286, 649432.554099619039334 ], [ 4193868.726406226400286, 649395.129582270164974 ], [ 4193868.726406226400286, 649357.705064921290614 ], [ 4193842.2632762263529, 649331.241934921243228 ], [ 4193804.83875887747854, 649331.241934921243228 ], [ 4193767.41424152860418, 649331.241934921243228 ], [ 4193729.989724179729819, 649331.241934921243228 ], [ 4193703.526594179682434, 649304.778804921195842 ], [ 4193703.526594179682434, 649267.354287572321482 ], [ 4193703.526594179682434, 649229.929770223447122 ], [ 4193703.526594179682434, 649192.505252874572761 ], [ 4193703.526594179682434, 649155.080735525698401 ], [ 4193703.526594179682434, 649117.656218176824041 ], [ 4193703.526594179682434, 649080.23170082794968 ], [ 4193703.526594179682434, 649042.80718347907532 ], [ 4193703.526594179682434, 649005.38266613020096 ], [ 4193666.102076830808073, 649005.38266613020096 ], [ 4193628.677559481933713, 649005.38266613020096 ], [ 4193591.253042133059353, 649005.38266613020096 ], [ 4193564.789912133011967, 648978.919536130153574 ], [ 4193564.789912133011967, 648941.495018781279214 ], [ 4193564.789912133011967, 648904.070501432404853 ], [ 4193564.789912133011967, 648866.645984083530493 ], [ 4193564.789912133011967, 648829.221466734656133 ], [ 4193564.789912133011967, 648791.796949385781772 ], [ 4193564.789912133011967, 648754.372432036907412 ], [ 4193564.789912133011967, 648716.947914688033052 ], [ 4193564.789912133011967, 648679.523397339158691 ], [ 4193564.789912133011967, 648642.098879990284331 ], [ 4193564.789912133011967, 648604.674362641409971 ], [ 4193564.789912133011967, 648567.24984529253561 ], [ 4193564.789912133011967, 648529.82532794366125 ], [ 4193564.789912133011967, 648492.40081059478689 ], [ 4193564.789912133011967, 648454.97629324591253 ], [ 4193564.789912133011967, 648417.551775897038169 ], [ 4193564.789912133011967, 648380.127258548163809 ], [ 4193564.789912133011967, 648342.702741199289449 ], [ 4193564.789912133011967, 648305.278223850415088 ], [ 4193564.789912133011967, 648267.853706501540728 ], [ 4193564.789912133011967, 648230.429189152666368 ], [ 4193564.789912133011967, 648193.004671803792007 ], [ 4193564.789912133011967, 648155.580154454917647 ], [ 4193564.789912133011967, 648118.155637106043287 ], [ 4193564.789912133011967, 648080.731119757168926 ], [ 4193564.789912133011967, 648043.306602408294566 ], [ 4193564.789912133011967, 648005.882085059420206 ], [ 4193564.789912133011967, 647968.457567710545845 ], [ 4193564.789912133011967, 647931.033050361671485 ], [ 4193564.789912133011967, 647893.608533012797125 ], [ 4193564.789912133011967, 647856.184015663922764 ], [ 4193527.365394784137607, 647856.184015663922764 ], [ 4193489.940877435263246, 647856.184015663922764 ], [ 4193452.516360086388886, 647856.184015663922764 ], [ 4193415.091842737514526, 647856.184015663922764 ], [ 4193377.667325388640165, 647856.184015663922764 ], [ 4193377.667325388640165, 647818.759498315048404 ], [ 4193377.667325388640165, 647781.334980966174044 ], [ 4193377.667325388640165, 647743.910463617299683 ], [ 4193377.667325388640165, 647706.485946268425323 ], [ 4193377.667325388640165, 647669.061428919550963 ], [ 4193377.667325388640165, 647631.636911570676602 ], [ 4193377.667325388640165, 647594.212394221802242 ], [ 4193377.667325388640165, 647556.787876872927882 ], [ 4193377.667325388640165, 647519.363359524053521 ], [ 4193377.667325388640165, 647481.938842175179161 ], [ 4193377.667325388640165, 647444.514324826304801 ], [ 4193377.667325388640165, 647407.08980747743044 ], [ 4193377.667325388640165, 647369.66529012855608 ], [ 4193351.20419538859278, 647343.202160128508694 ], [ 4193313.779678039718419, 647343.202160128508694 ], [ 4193276.355160690844059, 647343.202160128508694 ], [ 4193238.930643341969699, 647343.202160128508694 ], [ 4193212.467513341922313, 647316.739030128461309 ], [ 4193212.467513341922313, 647279.314512779586948 ], [ 4193212.467513341922313, 647241.889995430712588 ], [ 4193212.467513341922313, 647204.465478081838228 ], [ 4193212.467513341922313, 647167.040960732963867 ], [ 4193212.467513341922313, 647129.616443384089507 ], [ 4193212.467513341922313, 647092.191926035215147 ], [ 4193212.467513341922313, 647054.767408686340787 ], [ 4193212.467513341922313, 647017.342891337466426 ], [ 4193212.467513341922313, 646979.918373988592066 ], [ 4193212.467513341922313, 646942.493856639717706 ], [ 4193212.467513341922313, 646905.069339290843345 ], [ 4193212.467513341922313, 646867.644821941968985 ], [ 4193186.004383341874927, 646841.181691941921599 ], [ 4193148.579865993000567, 646841.181691941921599 ], [ 4193111.155348644126207, 646841.181691941921599 ], [ 4193073.730831295251846, 646841.181691941921599 ], [ 4193047.267701295204461, 646814.718561941874214 ], [ 4193047.267701295204461, 646777.294044592999853 ], [ 4193047.267701295204461, 646739.869527244125493 ], [ 4193047.267701295204461, 646702.445009895251133 ], [ 4193047.267701295204461, 646665.020492546376772 ], [ 4193047.267701295204461, 646627.595975197502412 ], [ 4193047.267701295204461, 646590.171457848628052 ], [ 4193047.267701295204461, 646552.746940499753691 ], [ 4193047.267701295204461, 646515.322423150879331 ], [ 4193047.267701295204461, 646477.897905802004971 ], [ 4193047.267701295204461, 646440.47338845313061 ], [ 4193047.267701295204461, 646403.04887110425625 ], [ 4193047.267701295204461, 646365.62435375538189 ], [ 4193047.267701295204461, 646328.199836406507529 ], [ 4193047.267701295204461, 646290.775319057633169 ], [ 4193047.267701295204461, 646253.350801708758809 ], [ 4193047.267701295204461, 646215.926284359884448 ], [ 4193020.804571295157075, 646189.463154359837063 ], [ 4192983.380053946282715, 646189.463154359837063 ], [ 4192945.955536597408354, 646189.463154359837063 ], [ 4192908.531019248533994, 646189.463154359837063 ], [ 4192908.531019248533994, 646152.038637010962702 ], [ 4192908.531019248533994, 646114.614119662088342 ], [ 4192908.531019248533994, 646077.189602313213982 ], [ 4192908.531019248533994, 646039.765084964339621 ], [ 4192908.531019248533994, 646002.340567615465261 ], [ 4192908.531019248533994, 645964.916050266590901 ], [ 4192908.531019248533994, 645927.49153291771654 ], [ 4192908.531019248533994, 645890.06701556884218 ], [ 4192908.531019248533994, 645852.64249821996782 ], [ 4192871.106501899659634, 645852.64249821996782 ], [ 4192833.681984550785273, 645852.64249821996782 ], [ 4192796.257467201910913, 645852.64249821996782 ], [ 4192758.832949853036553, 645852.64249821996782 ], [ 4192732.369819852989167, 645826.179368219920434 ], [ 4192732.369819852989167, 645788.754850871046074 ], [ 4192732.369819852989167, 645751.330333522171713 ], [ 4192732.369819852989167, 645713.905816173297353 ], [ 4192732.369819852989167, 645676.481298824422993 ], [ 4192732.369819852989167, 645639.056781475548632 ], [ 4192732.369819852989167, 645601.632264126674272 ], [ 4192732.369819852989167, 645564.207746777799912 ], [ 4192732.369819852989167, 645526.783229428925551 ], [ 4192694.945302504114807, 645526.783229428925551 ], [ 4192657.520785155240446, 645526.783229428925551 ], [ 4192620.096267806366086, 645526.783229428925551 ], [ 4192582.671750457491726, 645526.783229428925551 ], [ 4192545.247233108617365, 645526.783229428925551 ], [ 4192507.822715759743005, 645526.783229428925551 ], [ 4192470.398198410868645, 645526.783229428925551 ], [ 4192432.973681061994284, 645526.783229428925551 ], [ 4192395.549163713119924, 645526.783229428925551 ], [ 4192395.549163713119924, 645489.358712080051191 ], [ 4192395.549163713119924, 645451.934194731176831 ], [ 4192395.549163713119924, 645414.509677382302471 ], [ 4192395.549163713119924, 645377.08516003342811 ], [ 4192358.124646364245564, 645377.08516003342811 ], [ 4192320.700129015371203, 645377.08516003342811 ], [ 4192283.275611666496843, 645377.08516003342811 ], [ 4192245.851094317622483, 645377.08516003342811 ], [ 4192245.851094317622483, 645339.66064268455375 ], [ 4192245.851094317622483, 645302.23612533567939 ], [ 4192245.851094317622483, 645264.811607986805029 ], [ 4192245.851094317622483, 645227.387090637930669 ], [ 4192245.851094317622483, 645189.962573289056309 ], [ 4192208.426576968748122, 645189.962573289056309 ], [ 4192171.002059619873762, 645189.962573289056309 ], [ 4192133.577542270999402, 645189.962573289056309 ], [ 4192096.153024922125041, 645189.962573289056309 ], [ 4192058.728507573250681, 645189.962573289056309 ], [ 4192021.303990224376321, 645189.962573289056309 ], [ 4191983.879472875501961, 645189.962573289056309 ], [ 4191946.4549555266276, 645189.962573289056309 ], [ 4191919.991825526580215, 645163.499443289008923 ], [ 4191919.991825526580215, 645126.074925940134563 ], [ 4191919.991825526580215, 645088.650408591260202 ], [ 4191919.991825526580215, 645051.225891242385842 ], [ 4191893.528695526532829, 645024.762761242338456 ], [ 4191856.104178177658468, 645024.762761242338456 ], [ 4191818.679660828784108, 645024.762761242338456 ], [ 4191781.255143479909748, 645024.762761242338456 ], [ 4191743.830626131035388, 645024.762761242338456 ], [ 4191706.406108782161027, 645024.762761242338456 ], [ 4191668.981591433286667, 645024.762761242338456 ], [ 4191631.557074084412307, 645024.762761242338456 ], [ 4191594.132556735537946, 645024.762761242338456 ], [ 4191556.708039386663586, 645024.762761242338456 ], [ 4191519.283522037789226, 645024.762761242338456 ], [ 4191481.859004688914865, 645024.762761242338456 ], [ 4191444.434487340040505, 645024.762761242338456 ], [ 4191417.971357339993119, 644998.299631242291071 ], [ 4191417.971357339993119, 644960.87511389341671 ], [ 4191417.971357339993119, 644923.45059654454235 ], [ 4191417.971357339993119, 644886.02607919566799 ], [ 4191391.508227339945734, 644859.562949195620604 ], [ 4191354.083709991071373, 644859.562949195620604 ], [ 4191316.659192642197013, 644859.562949195620604 ], [ 4191279.234675293322653, 644859.562949195620604 ], [ 4191241.810157944448292, 644859.562949195620604 ], [ 4191204.385640595573932, 644859.562949195620604 ], [ 4191166.961123246699572, 644859.562949195620604 ], [ 4191129.536605897825211, 644859.562949195620604 ], [ 4191092.112088548950851, 644859.562949195620604 ], [ 4191054.687571200076491, 644859.562949195620604 ], [ 4191017.26305385120213, 644859.562949195620604 ], [ 4190979.83853650232777, 644859.562949195620604 ], [ 4190942.41401915345341, 644859.562949195620604 ], [ 4190904.989501804579049, 644859.562949195620604 ], [ 4190867.564984455704689, 644859.562949195620604 ], [ 4190830.140467106830329, 644859.562949195620604 ], [ 4190792.715949757955968, 644859.562949195620604 ], [ 4190755.291432409081608, 644859.562949195620604 ], [ 4190717.866915060207248, 644859.562949195620604 ], [ 4190680.442397711332887, 644859.562949195620604 ], [ 4190643.017880362458527, 644859.562949195620604 ], [ 4190616.554750362411141, 644886.02607919566799 ], [ 4190616.554750362411141, 644923.45059654454235 ], [ 4190616.554750362411141, 644960.87511389341671 ], [ 4190616.554750362411141, 644998.299631242291071 ], [ 4190590.091620362363756, 645024.762761242338456 ], [ 4190552.667103013489395, 645024.762761242338456 ], [ 4190515.242585664615035, 645024.762761242338456 ], [ 4190477.818068315740675, 645024.762761242338456 ], [ 4190440.393550966866314, 645024.762761242338456 ], [ 4190402.969033617991954, 645024.762761242338456 ], [ 4190365.544516269117594, 645024.762761242338456 ], [ 4190328.119998920243233, 645024.762761242338456 ], [ 4190290.695481571368873, 645024.762761242338456 ], [ 4190253.270964222494513, 645024.762761242338456 ], [ 4190215.846446873620152, 645024.762761242338456 ], [ 4190178.421929524745792, 645024.762761242338456 ], [ 4190140.997412175871432, 645024.762761242338456 ], [ 4190103.572894826997072, 645024.762761242338456 ], [ 4190066.148377478122711, 645024.762761242338456 ], [ 4190028.723860129248351, 645024.762761242338456 ], [ 4189991.299342780373991, 645024.762761242338456 ], [ 4189953.87482543149963, 645024.762761242338456 ], [ 4189916.45030808262527, 645024.762761242338456 ], [ 4189879.02579073375091, 645024.762761242338456 ], [ 4189841.601273384876549, 645024.762761242338456 ], [ 4189804.176756036002189, 645024.762761242338456 ], [ 4189766.752238687127829, 645024.762761242338456 ], [ 4189729.327721338253468, 645024.762761242338456 ], [ 4189691.903203989379108, 645024.762761242338456 ], [ 4189654.478686640504748, 645024.762761242338456 ], [ 4189617.054169291630387, 645024.762761242338456 ], [ 4189617.054169291630387, 644987.338243893464096 ], [ 4189617.054169291630387, 644949.913726544589736 ], [ 4189617.054169291630387, 644912.489209195715375 ], [ 4189617.054169291630387, 644875.064691846841015 ], [ 4189579.629651942756027, 644875.064691846841015 ], [ 4189542.205134593881667, 644875.064691846841015 ], [ 4189504.780617245007306, 644875.064691846841015 ], [ 4189467.356099896132946, 644875.064691846841015 ], [ 4189429.931582547258586, 644875.064691846841015 ], [ 4189392.507065198384225, 644875.064691846841015 ], [ 4189355.082547849509865, 644875.064691846841015 ], [ 4189317.658030500635505, 644875.064691846841015 ], [ 4189280.233513151761144, 644875.064691846841015 ], [ 4189242.808995802886784, 644875.064691846841015 ], [ 4189205.384478454012424, 644875.064691846841015 ], [ 4189167.959961105138063, 644875.064691846841015 ], [ 4189130.535443756263703, 644875.064691846841015 ], [ 4189093.110926407389343, 644875.064691846841015 ], [ 4189055.686409058514982, 644875.064691846841015 ], [ 4189018.261891709640622, 644875.064691846841015 ], [ 4188980.837374360766262, 644875.064691846841015 ], [ 4188943.412857011891901, 644875.064691846841015 ], [ 4188905.988339663017541, 644875.064691846841015 ], [ 4188868.563822314143181, 644875.064691846841015 ], [ 4188831.139304965268821, 644875.064691846841015 ], [ 4188793.71478761639446, 644875.064691846841015 ], [ 4188756.2902702675201, 644875.064691846841015 ], [ 4188718.86575291864574, 644875.064691846841015 ], [ 4188681.441235569771379, 644875.064691846841015 ], [ 4188644.016718220897019, 644875.064691846841015 ], [ 4188606.592200872022659, 644875.064691846841015 ], [ 4188569.167683523148298, 644875.064691846841015 ], [ 4188531.743166174273938, 644875.064691846841015 ], [ 4188494.318648825399578, 644875.064691846841015 ], [ 4188456.894131476525217, 644875.064691846841015 ], [ 4188419.469614127650857, 644875.064691846841015 ], [ 4188382.045096778776497, 644875.064691846841015 ], [ 4188344.620579429902136, 644875.064691846841015 ], [ 4188307.196062081027776, 644875.064691846841015 ], [ 4188280.73293208098039, 644848.601561846793629 ], [ 4188280.73293208098039, 644811.177044497919269 ], [ 4188280.73293208098039, 644773.752527149044909 ], [ 4188280.73293208098039, 644736.328009800170548 ], [ 4188280.73293208098039, 644698.903492451296188 ], [ 4188243.30841473210603, 644698.903492451296188 ], [ 4188205.88389738323167, 644698.903492451296188 ], [ 4188168.459380034357309, 644698.903492451296188 ], [ 4188141.996250034309924, 644672.440362451248802 ], [ 4188141.996250034309924, 644635.015845102374442 ], [ 4188141.996250034309924, 644597.591327753500082 ], [ 4188141.996250034309924, 644560.166810404625721 ], [ 4188115.533120034262538, 644533.703680404578336 ], [ 4188078.108602685388178, 644533.703680404578336 ], [ 4188040.684085336513817, 644533.703680404578336 ], [ 4188003.259567987639457, 644533.703680404578336 ], [ 4187965.835050638765097, 644533.703680404578336 ], [ 4187928.410533289890736, 644533.703680404578336 ], [ 4187890.986015941016376, 644533.703680404578336 ], [ 4187853.561498592142016, 644533.703680404578336 ], [ 4187816.136981243267655, 644533.703680404578336 ], [ 4187778.712463894393295, 644533.703680404578336 ], [ 4187741.287946545518935, 644533.703680404578336 ], [ 4187703.863429196644574, 644533.703680404578336 ], [ 4187666.438911847770214, 644533.703680404578336 ], [ 4187639.975781847722828, 644507.24055040453095 ], [ 4187639.975781847722828, 644469.81603305565659 ], [ 4187639.975781847722828, 644432.391515706782229 ], [ 4187639.975781847722828, 644394.966998357907869 ], [ 4187639.975781847722828, 644357.542481009033509 ], [ 4187639.975781847722828, 644320.117963660159148 ], [ 4187639.975781847722828, 644282.693446311284788 ], [ 4187639.975781847722828, 644245.268928962410428 ], [ 4187639.975781847722828, 644207.844411613536067 ], [ 4187602.551264498848468, 644207.844411613536067 ], [ 4187565.126747149974108, 644207.844411613536067 ], [ 4187527.702229801099747, 644207.844411613536067 ], [ 4187490.277712452225387, 644207.844411613536067 ], [ 4187463.814582452178001, 644181.381281613488682 ], [ 4187463.814582452178001, 644143.956764264614321 ], [ 4187463.814582452178001, 644106.532246915739961 ], [ 4187463.814582452178001, 644069.107729566865601 ], [ 4187463.814582452178001, 644031.68321221799124 ], [ 4187463.814582452178001, 643994.25869486911688 ], [ 4187463.814582452178001, 643956.83417752024252 ], [ 4187463.814582452178001, 643919.409660171368159 ], [ 4187463.814582452178001, 643881.985142822493799 ], [ 4187426.390065103303641, 643881.985142822493799 ], [ 4187388.965547754429281, 643881.985142822493799 ], [ 4187351.54103040555492, 643881.985142822493799 ], [ 4187325.077900405507535, 643855.522012822446413 ], [ 4187325.077900405507535, 643818.097495473572053 ], [ 4187325.077900405507535, 643780.672978124697693 ], [ 4187325.077900405507535, 643743.248460775823332 ], [ 4187325.077900405507535, 643705.823943426948972 ], [ 4187287.653383056633174, 643705.823943426948972 ], [ 4187250.228865707758814, 643705.823943426948972 ], [ 4187212.804348358884454, 643705.823943426948972 ], [ 4187175.379831010010093, 643705.823943426948972 ], [ 4187137.955313661135733, 643705.823943426948972 ], [ 4187137.955313661135733, 643668.399426078074612 ], [ 4187137.955313661135733, 643630.974908729200251 ], [ 4187137.955313661135733, 643593.550391380325891 ], [ 4187137.955313661135733, 643556.125874031451531 ], [ 4187100.530796312261373, 643556.125874031451531 ], [ 4187063.106278963387012, 643556.125874031451531 ], [ 4187025.681761614512652, 643556.125874031451531 ], [ 4186988.257244265638292, 643556.125874031451531 ], [ 4186961.794114265590906, 643529.662744031404145 ], [ 4186961.794114265590906, 643492.238226682529785 ], [ 4186961.794114265590906, 643454.813709333655424 ], [ 4186961.794114265590906, 643417.389191984781064 ], [ 4186961.794114265590906, 643379.964674635906704 ], [ 4186961.794114265590906, 643342.540157287032343 ], [ 4186961.794114265590906, 643305.115639938157983 ], [ 4186961.794114265590906, 643267.691122589283623 ], [ 4186961.794114265590906, 643230.266605240409262 ], [ 4186935.33098426554352, 643203.803475240361877 ], [ 4186897.90646691666916, 643203.803475240361877 ], [ 4186860.4819495677948, 643203.803475240361877 ], [ 4186823.057432218920439, 643203.803475240361877 ], [ 4186796.594302218873054, 643177.340345240314491 ], [ 4186796.594302218873054, 643139.915827891440131 ], [ 4186796.594302218873054, 643102.49131054256577 ], [ 4186796.594302218873054, 643065.06679319369141 ], [ 4186796.594302218873054, 643027.64227584481705 ], [ 4186796.594302218873054, 642990.217758495942689 ], [ 4186796.594302218873054, 642952.793241147068329 ], [ 4186796.594302218873054, 642915.368723798193969 ], [ 4186796.594302218873054, 642877.944206449319609 ], [ 4186759.169784869998693, 642877.944206449319609 ], [ 4186721.745267521124333, 642877.944206449319609 ], [ 4186684.320750172249973, 642877.944206449319609 ], [ 4186657.857620172202587, 642851.481076449272223 ], [ 4186657.857620172202587, 642814.056559100397862 ], [ 4186657.857620172202587, 642776.632041751523502 ], [ 4186657.857620172202587, 642739.207524402649142 ], [ 4186657.857620172202587, 642701.783007053774782 ], [ 4186657.857620172202587, 642664.358489704900421 ], [ 4186657.857620172202587, 642626.933972356026061 ], [ 4186657.857620172202587, 642589.509455007151701 ], [ 4186657.857620172202587, 642552.08493765827734 ], [ 4186657.857620172202587, 642514.66042030940298 ], [ 4186657.857620172202587, 642477.23590296052862 ], [ 4186657.857620172202587, 642439.811385611654259 ], [ 4186657.857620172202587, 642402.386868262779899 ], [ 4186657.857620172202587, 642364.962350913905539 ], [ 4186657.857620172202587, 642327.537833565031178 ], [ 4186657.857620172202587, 642290.113316216156818 ], [ 4186657.857620172202587, 642252.688798867282458 ], [ 4186657.857620172202587, 642215.264281518408097 ], [ 4186657.857620172202587, 642177.839764169533737 ], [ 4186657.857620172202587, 642140.415246820659377 ], [ 4186657.857620172202587, 642102.990729471785016 ], [ 4186657.857620172202587, 642065.566212122910656 ], [ 4186657.857620172202587, 642028.141694774036296 ], [ 4186657.857620172202587, 641990.717177425161935 ], [ 4186657.857620172202587, 641953.292660076287575 ], [ 4186657.857620172202587, 641915.868142727413215 ], [ 4186657.857620172202587, 641878.443625378538854 ], [ 4186657.857620172202587, 641841.019108029664494 ], [ 4186657.857620172202587, 641803.594590680790134 ], [ 4186657.857620172202587, 641766.170073331915773 ], [ 4186657.857620172202587, 641728.745555983041413 ], [ 4186657.857620172202587, 641691.321038634167053 ], [ 4186657.857620172202587, 641653.896521285292692 ], [ 4186657.857620172202587, 641616.472003936418332 ], [ 4186657.857620172202587, 641579.047486587543972 ], [ 4186631.394490172155201, 641552.584356587496586 ], [ 4186593.969972823280841, 641552.584356587496586 ], [ 4186556.545455474406481, 641552.584356587496586 ], [ 4186519.12093812553212, 641552.584356587496586 ], [ 4186481.69642077665776, 641552.584356587496586 ], [ 4186444.2719034277834, 641552.584356587496586 ], [ 4186406.847386078909039, 641552.584356587496586 ], [ 4186369.422868730034679, 641552.584356587496586 ], [ 4186331.998351381160319, 641552.584356587496586 ], [ 4186294.573834032285959, 641552.584356587496586 ], [ 4186257.149316683411598, 641552.584356587496586 ], [ 4186219.724799334537238, 641552.584356587496586 ], [ 4186182.300281985662878, 641552.584356587496586 ], [ 4186155.837151985615492, 641526.1212265874492 ], [ 4186155.837151985615492, 641488.69670923857484 ], [ 4186155.837151985615492, 641451.27219188970048 ], [ 4186155.837151985615492, 641413.847674540826119 ], [ 4186155.837151985615492, 641376.423157191951759 ], [ 4186155.837151985615492, 641338.998639843077399 ], [ 4186155.837151985615492, 641301.574122494203039 ], [ 4186155.837151985615492, 641264.149605145328678 ], [ 4186155.837151985615492, 641226.725087796454318 ], [ 4186118.412634636741132, 641226.725087796454318 ], [ 4186080.988117287866771, 641226.725087796454318 ], [ 4186043.563599938992411, 641226.725087796454318 ], [ 4186006.139082590118051, 641226.725087796454318 ], [ 4185968.71456524124369, 641226.725087796454318 ], [ 4185931.29004789236933, 641226.725087796454318 ], [ 4185893.86553054349497, 641226.725087796454318 ], [ 4185856.441013194620609, 641226.725087796454318 ], [ 4185819.016495845746249, 641226.725087796454318 ], [ 4185781.591978496871889, 641226.725087796454318 ], [ 4185744.167461147997528, 641226.725087796454318 ], [ 4185706.742943799123168, 641226.725087796454318 ], [ 4185669.318426450248808, 641226.725087796454318 ], [ 4185631.893909101374447, 641226.725087796454318 ], [ 4185594.469391752500087, 641226.725087796454318 ], [ 4185557.044874403625727, 641226.725087796454318 ], [ 4185519.620357054751366, 641226.725087796454318 ], [ 4185482.195839705877006, 641226.725087796454318 ], [ 4185444.771322357002646, 641226.725087796454318 ], [ 4185407.346805008128285, 641226.725087796454318 ], [ 4185369.922287659253925, 641226.725087796454318 ], [ 4185332.497770310379565, 641226.725087796454318 ], [ 4185332.497770310379565, 641189.300570447579958 ], [ 4185332.497770310379565, 641151.876053098705597 ], [ 4185332.497770310379565, 641114.451535749831237 ], [ 4185332.497770310379565, 641077.027018400956877 ], [ 4185332.497770310379565, 641039.602501052082516 ], [ 4185332.497770310379565, 641002.177983703208156 ], [ 4185332.497770310379565, 640964.753466354333796 ], [ 4185332.497770310379565, 640927.328949005459435 ], [ 4185332.497770310379565, 640889.904431656585075 ], [ 4185295.073252961505204, 640889.904431656585075 ], [ 4185257.648735612630844, 640889.904431656585075 ], [ 4185220.224218263756484, 640889.904431656585075 ], [ 4185182.799700914882123, 640889.904431656585075 ], [ 4185156.336570914834738, 640863.441301656537689 ], [ 4185156.336570914834738, 640826.016784307663329 ], [ 4185156.336570914834738, 640788.592266958788969 ], [ 4185156.336570914834738, 640751.167749609914608 ], [ 4185129.873440914787352, 640724.704619609867223 ], [ 4185092.448923565912992, 640724.704619609867223 ], [ 4185055.024406217038631, 640724.704619609867223 ], [ 4185017.599888868164271, 640724.704619609867223 ], [ 4185017.599888868164271, 640687.280102260992862 ], [ 4185017.599888868164271, 640649.855584912118502 ], [ 4185017.599888868164271, 640612.431067563244142 ], [ 4185017.599888868164271, 640575.006550214369781 ], [ 4185017.599888868164271, 640537.582032865495421 ], [ 4185017.599888868164271, 640500.157515516621061 ], [ 4185017.599888868164271, 640462.7329981677467 ], [ 4185017.599888868164271, 640425.30848081887234 ], [ 4185017.599888868164271, 640387.88396346999798 ], [ 4185017.599888868164271, 640350.459446121123619 ], [ 4185017.599888868164271, 640313.034928772249259 ], [ 4185017.599888868164271, 640275.610411423374899 ], [ 4185017.599888868164271, 640238.185894074500538 ], [ 4185017.599888868164271, 640200.761376725626178 ], [ 4185017.599888868164271, 640163.336859376751818 ], [ 4185017.599888868164271, 640125.912342027877457 ], [ 4185017.599888868164271, 640088.487824679003097 ], [ 4184991.136758868116885, 640062.024694678955711 ], [ 4184953.712241519242525, 640062.024694678955711 ], [ 4184916.287724170368165, 640062.024694678955711 ], [ 4184878.863206821493804, 640062.024694678955711 ], [ 4184841.438689472619444, 640062.024694678955711 ], [ 4184804.014172123745084, 640062.024694678955711 ], [ 4184766.589654774870723, 640062.024694678955711 ], [ 4184729.165137425996363, 640062.024694678955711 ], [ 4184691.740620077122003, 640062.024694678955711 ], [ 4184654.316102728247643, 640062.024694678955711 ], [ 4184616.891585379373282, 640062.024694678955711 ], [ 4184579.467068030498922, 640062.024694678955711 ], [ 4184542.042550681624562, 640062.024694678955711 ], [ 4184504.618033332750201, 640062.024694678955711 ], [ 4184467.193515983875841, 640062.024694678955711 ], [ 4184429.768998635001481, 640062.024694678955711 ], [ 4184392.34448128612712, 640062.024694678955711 ], [ 4184354.91996393725276, 640062.024694678955711 ], [ 4184354.91996393725276, 640024.600177330081351 ], [ 4184354.91996393725276, 639987.175659981206991 ], [ 4184354.91996393725276, 639949.75114263233263 ], [ 4184354.91996393725276, 639912.32662528345827 ], [ 4184381.383093937300146, 639885.863495283410884 ], [ 4184418.807611286174506, 639885.863495283410884 ], [ 4184456.232128635048866, 639885.863495283410884 ], [ 4184493.656645983923227, 639885.863495283410884 ], [ 4184493.656645983923227, 639848.438977934536524 ], [ 4184493.656645983923227, 639811.014460585662164 ], [ 4184493.656645983923227, 639773.589943236787803 ], [ 4184493.656645983923227, 639736.165425887913443 ], [ 4184493.656645983923227, 639698.740908539039083 ], [ 4184493.656645983923227, 639661.316391190164723 ], [ 4184493.656645983923227, 639623.891873841290362 ], [ 4184493.656645983923227, 639586.467356492416002 ], [ 4184520.119775983970612, 639560.004226492368616 ], [ 4184557.544293332844973, 639560.004226492368616 ], [ 4184594.968810681719333, 639560.004226492368616 ], [ 4184632.393328030593693, 639560.004226492368616 ], [ 4184669.817845379468054, 639560.004226492368616 ], [ 4184669.817845379468054, 639522.579709143494256 ], [ 4184669.817845379468054, 639485.155191794619896 ], [ 4184669.817845379468054, 639447.730674445745535 ], [ 4184669.817845379468054, 639410.306157096871175 ], [ 4184669.817845379468054, 639372.881639747996815 ], [ 4184669.817845379468054, 639335.457122399122454 ], [ 4184669.817845379468054, 639298.032605050248094 ], [ 4184669.817845379468054, 639260.608087701373734 ], [ 4184669.817845379468054, 639223.183570352499373 ], [ 4184669.817845379468054, 639185.759053003625013 ], [ 4184669.817845379468054, 639148.334535654750653 ], [ 4184669.817845379468054, 639110.910018305876292 ], [ 4184669.817845379468054, 639073.485500957001932 ], [ 4184696.280975379515439, 639047.022370956954546 ], [ 4184733.7054927283898, 639047.022370956954546 ], [ 4184771.13001007726416, 639047.022370956954546 ], [ 4184808.55452742613852, 639047.022370956954546 ], [ 4184835.017657426185906, 639020.559240956907161 ], [ 4184835.017657426185906, 638983.1347236080328 ], [ 4184835.017657426185906, 638945.71020625915844 ], [ 4184835.017657426185906, 638908.28568891028408 ], [ 4184835.017657426185906, 638870.861171561409719 ], [ 4184835.017657426185906, 638833.436654212535359 ], [ 4184835.017657426185906, 638796.012136863660999 ], [ 4184835.017657426185906, 638758.587619514786638 ], [ 4184861.480787426233292, 638732.124489514739253 ], [ 4184898.905304775107652, 638732.124489514739253 ], [ 4184936.329822123982012, 638732.124489514739253 ], [ 4184973.754339472856373, 638732.124489514739253 ], [ 4185011.178856821730733, 638732.124489514739253 ], [ 4185011.178856821730733, 638694.699972165864892 ], [ 4185011.178856821730733, 638657.275454816990532 ], [ 4185011.178856821730733, 638619.850937468116172 ], [ 4185011.178856821730733, 638582.426420119241811 ], [ 4185011.178856821730733, 638545.001902770367451 ], [ 4185011.178856821730733, 638507.577385421493091 ], [ 4185011.178856821730733, 638470.15286807261873 ], [ 4185011.178856821730733, 638432.72835072374437 ], [ 4185011.178856821730733, 638395.30383337487001 ], [ 4185011.178856821730733, 638357.879316025995649 ], [ 4185011.178856821730733, 638320.454798677121289 ], [ 4185011.178856821730733, 638283.030281328246929 ], [ 4185011.178856821730733, 638245.605763979372568 ], [ 4185037.641986821778119, 638219.142633979325183 ], [ 4185075.066504170652479, 638219.142633979325183 ], [ 4185112.491021519526839, 638219.142633979325183 ], [ 4185149.9155388684012, 638219.142633979325183 ], [ 4185176.378668868448585, 638192.679503979277797 ], [ 4185176.378668868448585, 638155.254986630403437 ], [ 4185176.378668868448585, 638117.830469281529076 ], [ 4185176.378668868448585, 638080.405951932654716 ], [ 4185202.841798868495971, 638053.94282193260733 ], [ 4185240.266316217370331, 638053.94282193260733 ], [ 4185277.690833566244692, 638053.94282193260733 ], [ 4185315.115350915119052, 638053.94282193260733 ], [ 4185315.115350915119052, 638016.51830458373297 ], [ 4185315.115350915119052, 637979.09378723485861 ], [ 4185315.115350915119052, 637941.669269885984249 ], [ 4185315.115350915119052, 637904.244752537109889 ], [ 4185315.115350915119052, 637866.820235188235529 ], [ 4185315.115350915119052, 637829.395717839361168 ], [ 4185315.115350915119052, 637791.971200490486808 ], [ 4185315.115350915119052, 637754.546683141612448 ], [ 4185315.115350915119052, 637717.122165792738087 ], [ 4185315.115350915119052, 637679.697648443863727 ], [ 4185315.115350915119052, 637642.273131094989367 ], [ 4185315.115350915119052, 637604.848613746115007 ], [ 4185341.578480915166438, 637578.385483746067621 ], [ 4185379.002998264040798, 637578.385483746067621 ], [ 4185416.427515612915158, 637578.385483746067621 ], [ 4185453.852032961789519, 637578.385483746067621 ], [ 4185491.276550310663879, 637578.385483746067621 ], [ 4185491.276550310663879, 637540.96096639719326 ], [ 4185491.276550310663879, 637503.5364490483189 ], [ 4185491.276550310663879, 637466.11193169944454 ], [ 4185491.276550310663879, 637428.68741435057018 ], [ 4185491.276550310663879, 637391.262897001695819 ], [ 4185491.276550310663879, 637353.838379652821459 ], [ 4185491.276550310663879, 637316.413862303947099 ], [ 4185491.276550310663879, 637278.989344955072738 ], [ 4185491.276550310663879, 637241.564827606198378 ], [ 4185491.276550310663879, 637204.140310257324018 ], [ 4185491.276550310663879, 637166.715792908449657 ], [ 4185491.276550310663879, 637129.291275559575297 ], [ 4185491.276550310663879, 637091.866758210700937 ], [ 4185517.739680310711265, 637065.403628210653551 ], [ 4185555.164197659585625, 637065.403628210653551 ], [ 4185592.588715008459985, 637065.403628210653551 ], [ 4185630.013232357334346, 637065.403628210653551 ], [ 4185656.476362357381731, 637038.940498210606165 ], [ 4185656.476362357381731, 637001.515980861731805 ], [ 4185656.476362357381731, 636964.091463512857445 ], [ 4185656.476362357381731, 636926.666946163983084 ], [ 4185656.476362357381731, 636889.242428815108724 ], [ 4185656.476362357381731, 636851.817911466234364 ], [ 4185656.476362357381731, 636814.393394117360003 ], [ 4185656.476362357381731, 636776.968876768485643 ], [ 4185656.476362357381731, 636739.544359419611283 ], [ 4185656.476362357381731, 636702.119842070736922 ], [ 4185656.476362357381731, 636664.695324721862562 ], [ 4185656.476362357381731, 636627.270807372988202 ], [ 4185656.476362357381731, 636589.846290024113841 ], [ 4185682.939492357429117, 636563.383160024066456 ], [ 4185720.364009706303477, 636563.383160024066456 ], [ 4185757.788527055177838, 636563.383160024066456 ], [ 4185795.213044404052198, 636563.383160024066456 ], [ 4185832.637561752926558, 636563.383160024066456 ], [ 4185832.637561752926558, 636525.958642675192095 ], [ 4185832.637561752926558, 636488.534125326317735 ], [ 4185832.637561752926558, 636451.109607977443375 ], [ 4185832.637561752926558, 636413.685090628569014 ], [ 4185832.637561752926558, 636376.260573279694654 ], [ 4185832.637561752926558, 636338.836055930820294 ], [ 4185832.637561752926558, 636301.411538581945933 ], [ 4185832.637561752926558, 636263.987021233071573 ], [ 4185859.100691752973944, 636237.523891233024187 ], [ 4185896.525209101848304, 636237.523891233024187 ], [ 4185933.949726450722665, 636237.523891233024187 ], [ 4185971.374243799597025, 636237.523891233024187 ], [ 4185997.837373799644411, 636211.060761232976802 ], [ 4185997.837373799644411, 636173.636243884102441 ], [ 4185997.837373799644411, 636136.211726535228081 ], [ 4185997.837373799644411, 636098.787209186353721 ], [ 4185997.837373799644411, 636061.36269183747936 ], [ 4185997.837373799644411, 636023.938174488605 ], [ 4185997.837373799644411, 635986.51365713973064 ], [ 4185997.837373799644411, 635949.089139790856279 ], [ 4185997.837373799644411, 635911.664622441981919 ], [ 4185997.837373799644411, 635874.240105093107559 ], [ 4185997.837373799644411, 635836.815587744233198 ], [ 4185997.837373799644411, 635799.391070395358838 ], [ 4185997.837373799644411, 635761.966553046484478 ], [ 4185997.837373799644411, 635724.542035697610117 ], [ 4185997.837373799644411, 635687.117518348735757 ], [ 4185997.837373799644411, 635649.693000999861397 ], [ 4185997.837373799644411, 635612.268483650987037 ], [ 4185997.837373799644411, 635574.843966302112676 ], [ 4185997.837373799644411, 635537.419448953238316 ], [ 4185997.837373799644411, 635499.994931604363956 ], [ 4185997.837373799644411, 635462.570414255489595 ], [ 4185997.837373799644411, 635425.145896906615235 ], [ 4185997.837373799644411, 635387.721379557740875 ], [ 4185997.837373799644411, 635350.296862208866514 ], [ 4185997.837373799644411, 635312.872344859992154 ], [ 4185997.837373799644411, 635275.447827511117794 ], [ 4185997.837373799644411, 635238.023310162243433 ], [ 4185997.837373799644411, 635200.598792813369073 ], [ 4185997.837373799644411, 635163.174275464494713 ], [ 4185997.837373799644411, 635125.749758115620352 ], [ 4185997.837373799644411, 635088.325240766745992 ], [ 4185997.837373799644411, 635050.900723417871632 ], [ 4185997.837373799644411, 635013.476206068997271 ], [ 4185997.837373799644411, 634976.051688720122911 ], [ 4185997.837373799644411, 634938.627171371248551 ], [ 4186024.300503799691796, 634912.164041371201165 ], [ 4186061.725021148566157, 634912.164041371201165 ], [ 4186099.149538497440517, 634912.164041371201165 ], [ 4186136.574055846314877, 634912.164041371201165 ], [ 4186136.574055846314877, 634874.739524022326805 ], [ 4186136.574055846314877, 634837.315006673452444 ], [ 4186136.574055846314877, 634799.890489324578084 ], [ 4186136.574055846314877, 634762.465971975703724 ], [ 4186136.574055846314877, 634725.041454626829363 ], [ 4186136.574055846314877, 634687.616937277955003 ], [ 4186136.574055846314877, 634650.192419929080643 ], [ 4186136.574055846314877, 634612.767902580206282 ], [ 4186136.574055846314877, 634575.343385231331922 ], [ 4186136.574055846314877, 634537.918867882457562 ], [ 4186136.574055846314877, 634500.494350533583201 ], [ 4186136.574055846314877, 634463.069833184708841 ], [ 4186136.574055846314877, 634425.645315835834481 ], [ 4186136.574055846314877, 634388.22079848696012 ], [ 4186136.574055846314877, 634350.79628113808576 ], [ 4186136.574055846314877, 634313.3717637892114 ], [ 4186136.574055846314877, 634275.94724644033704 ], [ 4186163.037185846362263, 634249.484116440289654 ], [ 4186200.461703195236623, 634249.484116440289654 ], [ 4186237.886220544110984, 634249.484116440289654 ], [ 4186275.310737892985344, 634249.484116440289654 ], [ 4186312.735255241859704, 634249.484116440289654 ], [ 4186312.735255241859704, 634212.059599091415294 ], [ 4186312.735255241859704, 634174.635081742540933 ], [ 4186312.735255241859704, 634137.210564393666573 ], [ 4186312.735255241859704, 634099.786047044792213 ], [ 4186312.735255241859704, 634062.361529695917852 ], [ 4186312.735255241859704, 634024.937012347043492 ], [ 4186312.735255241859704, 633987.512494998169132 ], [ 4186312.735255241859704, 633950.087977649294771 ], [ 4186312.735255241859704, 633912.663460300420411 ], [ 4186312.735255241859704, 633875.238942951546051 ], [ 4186312.735255241859704, 633837.81442560267169 ], [ 4186312.735255241859704, 633800.38990825379733 ], [ 4186312.735255241859704, 633762.96539090492297 ], [ 4186312.735255241859704, 633725.540873556048609 ], [ 4186312.735255241859704, 633688.116356207174249 ], [ 4186312.735255241859704, 633650.691838858299889 ], [ 4186312.735255241859704, 633613.267321509425528 ], [ 4186339.19838524190709, 633586.804191509378143 ], [ 4186376.62290259078145, 633586.804191509378143 ], [ 4186414.047419939655811, 633586.804191509378143 ], [ 4186451.471937288530171, 633586.804191509378143 ], [ 4186477.935067288577557, 633560.341061509330757 ], [ 4186477.935067288577557, 633522.916544160456397 ], [ 4186477.935067288577557, 633485.492026811582036 ], [ 4186477.935067288577557, 633448.067509462707676 ], [ 4186477.935067288577557, 633410.642992113833316 ], [ 4186477.935067288577557, 633373.218474764958955 ], [ 4186477.935067288577557, 633335.793957416084595 ], [ 4186477.935067288577557, 633298.369440067210235 ], [ 4186477.935067288577557, 633260.944922718335874 ], [ 4186477.935067288577557, 633223.520405369461514 ], [ 4186477.935067288577557, 633186.095888020587154 ], [ 4186477.935067288577557, 633148.671370671712793 ], [ 4186477.935067288577557, 633111.246853322838433 ], [ 4186477.935067288577557, 633073.822335973964073 ], [ 4186477.935067288577557, 633036.397818625089712 ], [ 4186477.935067288577557, 632998.973301276215352 ], [ 4186477.935067288577557, 632961.548783927340992 ], [ 4186504.398197288624942, 632935.085653927293606 ], [ 4186541.822714637499303, 632935.085653927293606 ], [ 4186579.247231986373663, 632935.085653927293606 ], [ 4186616.671749335248023, 632935.085653927293606 ], [ 4186654.096266684122384, 632935.085653927293606 ], [ 4186654.096266684122384, 632897.661136578419246 ], [ 4186654.096266684122384, 632860.236619229544885 ], [ 4186654.096266684122384, 632822.812101880670525 ], [ 4186654.096266684122384, 632785.387584531796165 ], [ 4186654.096266684122384, 632747.963067182921804 ], [ 4186654.096266684122384, 632710.538549834047444 ], [ 4186654.096266684122384, 632673.114032485173084 ], [ 4186654.096266684122384, 632635.689515136298724 ], [ 4186654.096266684122384, 632598.264997787424363 ], [ 4186654.096266684122384, 632560.840480438550003 ], [ 4186654.096266684122384, 632523.415963089675643 ], [ 4186654.096266684122384, 632485.991445740801282 ], [ 4186654.096266684122384, 632448.566928391926922 ], [ 4186654.096266684122384, 632411.142411043052562 ], [ 4186654.096266684122384, 632373.717893694178201 ], [ 4186654.096266684122384, 632336.293376345303841 ], [ 4186654.096266684122384, 632298.868858996429481 ], [ 4186654.096266684122384, 632261.44434164755512 ], [ 4186654.096266684122384, 632224.01982429868076 ], [ 4186654.096266684122384, 632186.5953069498064 ], [ 4186654.096266684122384, 632149.170789600932039 ], [ 4186654.096266684122384, 632111.746272252057679 ], [ 4186654.096266684122384, 632074.321754903183319 ], [ 4186654.096266684122384, 632036.897237554308958 ], [ 4186654.096266684122384, 631999.472720205434598 ], [ 4186654.096266684122384, 631962.048202856560238 ], [ 4186616.671749335248023, 631962.048202856560238 ], [ 4186579.247231986373663, 631962.048202856560238 ], [ 4186541.822714637499303, 631962.048202856560238 ], [ 4186504.398197288624942, 631962.048202856560238 ], [ 4186477.935067288577557, 631935.585072856512852 ], [ 4186477.935067288577557, 631898.160555507638492 ], [ 4186477.935067288577557, 631860.736038158764131 ], [ 4186477.935067288577557, 631823.311520809889771 ], [ 4186477.935067288577557, 631785.887003461015411 ], [ 4186477.935067288577557, 631748.46248611214105 ], [ 4186477.935067288577557, 631711.03796876326669 ], [ 4186477.935067288577557, 631673.61345141439233 ], [ 4186477.935067288577557, 631636.188934065517969 ], [ 4186477.935067288577557, 631598.764416716643609 ], [ 4186477.935067288577557, 631561.339899367769249 ], [ 4186477.935067288577557, 631523.915382018894888 ], [ 4186477.935067288577557, 631486.490864670020528 ], [ 4186477.935067288577557, 631449.066347321146168 ], [ 4186477.935067288577557, 631411.641829972271807 ], [ 4186477.935067288577557, 631374.217312623397447 ], [ 4186477.935067288577557, 631336.792795274523087 ], [ 4186477.935067288577557, 631299.368277925648727 ], [ 4186477.935067288577557, 631261.943760576774366 ], [ 4186477.935067288577557, 631224.519243227900006 ], [ 4186477.935067288577557, 631187.094725879025646 ], [ 4186477.935067288577557, 631149.670208530151285 ], [ 4186477.935067288577557, 631112.245691181276925 ], [ 4186477.935067288577557, 631074.821173832402565 ], [ 4186477.935067288577557, 631037.396656483528204 ], [ 4186477.935067288577557, 630999.972139134653844 ], [ 4186477.935067288577557, 630962.547621785779484 ], [ 4186477.935067288577557, 630925.123104436905123 ], [ 4186477.935067288577557, 630887.698587088030763 ], [ 4186477.935067288577557, 630850.274069739156403 ], [ 4186477.935067288577557, 630812.849552390282042 ], [ 4186477.935067288577557, 630775.425035041407682 ], [ 4186477.935067288577557, 630738.000517692533322 ], [ 4186477.935067288577557, 630700.576000343658961 ], [ 4186477.935067288577557, 630663.151482994784601 ], [ 4186477.935067288577557, 630625.726965645910241 ], [ 4186477.935067288577557, 630588.30244829703588 ], [ 4186477.935067288577557, 630550.87793094816152 ], [ 4186477.935067288577557, 630513.45341359928716 ], [ 4186477.935067288577557, 630476.028896250412799 ], [ 4186477.935067288577557, 630438.604378901538439 ], [ 4186477.935067288577557, 630401.179861552664079 ], [ 4186477.935067288577557, 630363.755344203789718 ], [ 4186477.935067288577557, 630326.330826854915358 ], [ 4186440.510549939703196, 630326.330826854915358 ], [ 4186403.086032590828836, 630326.330826854915358 ], [ 4186365.661515241954476, 630326.330826854915358 ], [ 4186328.236997893080115, 630326.330826854915358 ], [ 4186301.77386789303273, 630299.867696854867972 ], [ 4186301.77386789303273, 630262.443179505993612 ], [ 4186301.77386789303273, 630225.018662157119252 ], [ 4186301.77386789303273, 630187.594144808244891 ], [ 4186301.77386789303273, 630150.169627459370531 ], [ 4186301.77386789303273, 630112.745110110496171 ], [ 4186301.77386789303273, 630075.32059276162181 ], [ 4186301.77386789303273, 630037.89607541274745 ], [ 4186301.77386789303273, 630000.47155806387309 ], [ 4186301.77386789303273, 629963.04704071499873 ], [ 4186339.19838524190709, 629963.04704071499873 ], [ 4186376.62290259078145, 629963.04704071499873 ], [ 4186414.047419939655811, 629963.04704071499873 ], [ 4186451.471937288530171, 629963.04704071499873 ], [ 4186477.935067288577557, 629936.583910714951344 ], [ 4186477.935067288577557, 629899.159393366076984 ], [ 4186477.935067288577557, 629861.734876017202623 ], [ 4186477.935067288577557, 629824.310358668328263 ], [ 4186477.935067288577557, 629786.885841319453903 ], [ 4186477.935067288577557, 629749.461323970579542 ], [ 4186477.935067288577557, 629712.036806621705182 ], [ 4186477.935067288577557, 629674.612289272830822 ], [ 4186477.935067288577557, 629637.187771923956461 ], [ 4186515.359584637451917, 629637.187771923956461 ], [ 4186552.784101986326277, 629637.187771923956461 ], [ 4186590.208619335200638, 629637.187771923956461 ], [ 4186627.633136684074998, 629637.187771923956461 ], [ 4186665.057654032949358, 629637.187771923956461 ], [ 4186702.482171381823719, 629637.187771923956461 ], [ 4186739.906688730698079, 629637.187771923956461 ], [ 4186777.331206079572439, 629637.187771923956461 ], [ 4186814.7557234284468, 629637.187771923956461 ], [ 4186814.7557234284468, 629599.763254575082101 ], [ 4186814.7557234284468, 629562.338737226207741 ], [ 4186814.7557234284468, 629524.91421987733338 ], [ 4186814.7557234284468, 629487.48970252845902 ], [ 4186814.7557234284468, 629450.06518517958466 ], [ 4186814.7557234284468, 629412.640667830710299 ], [ 4186814.7557234284468, 629375.216150481835939 ], [ 4186814.7557234284468, 629337.791633132961579 ], [ 4186814.7557234284468, 629300.367115784087218 ], [ 4186814.7557234284468, 629262.942598435212858 ], [ 4186814.7557234284468, 629225.518081086338498 ], [ 4186814.7557234284468, 629188.093563737464137 ], [ 4186814.7557234284468, 629150.669046388589777 ], [ 4186814.7557234284468, 629113.244529039715417 ], [ 4186814.7557234284468, 629075.820011690841056 ], [ 4186814.7557234284468, 629038.395494341966696 ], [ 4186814.7557234284468, 629000.970976993092336 ], [ 4186814.7557234284468, 628963.546459644217975 ], [ 4186814.7557234284468, 628926.121942295343615 ], [ 4186814.7557234284468, 628888.697424946469255 ], [ 4186814.7557234284468, 628851.272907597594894 ], [ 4186814.7557234284468, 628813.848390248720534 ], [ 4186814.7557234284468, 628776.423872899846174 ], [ 4186814.7557234284468, 628738.999355550971813 ], [ 4186814.7557234284468, 628701.574838202097453 ], [ 4186814.7557234284468, 628664.150320853223093 ], [ 4186814.7557234284468, 628626.725803504348733 ], [ 4186814.7557234284468, 628589.301286155474372 ], [ 4186814.7557234284468, 628551.876768806600012 ], [ 4186814.7557234284468, 628514.452251457725652 ], [ 4186788.292593428399414, 628487.989121457678266 ], [ 4186750.868076079525054, 628487.989121457678266 ], [ 4186713.443558730650693, 628487.989121457678266 ], [ 4186676.019041381776333, 628487.989121457678266 ], [ 4186649.555911381728947, 628461.52599145763088 ], [ 4186649.555911381728947, 628424.10147410875652 ], [ 4186649.555911381728947, 628386.67695675988216 ], [ 4186649.555911381728947, 628349.252439411007799 ], [ 4186649.555911381728947, 628311.827922062133439 ], [ 4186649.555911381728947, 628274.403404713259079 ], [ 4186649.555911381728947, 628236.978887364384718 ], [ 4186649.555911381728947, 628199.554370015510358 ], [ 4186649.555911381728947, 628162.129852666635998 ], [ 4186649.555911381728947, 628124.705335317761637 ], [ 4186649.555911381728947, 628087.280817968887277 ], [ 4186649.555911381728947, 628049.856300620012917 ], [ 4186649.555911381728947, 628012.431783271138556 ], [ 4186649.555911381728947, 627975.007265922264196 ], [ 4186649.555911381728947, 627937.582748573389836 ], [ 4186649.555911381728947, 627900.158231224515475 ], [ 4186649.555911381728947, 627862.733713875641115 ], [ 4186649.555911381728947, 627825.309196526766755 ], [ 4186612.131394032854587, 627825.309196526766755 ], [ 4186574.706876683980227, 627825.309196526766755 ], [ 4186537.282359335105866, 627825.309196526766755 ], [ 4186499.857841986231506, 627825.309196526766755 ], [ 4186473.39471198618412, 627798.846066526719369 ], [ 4186473.39471198618412, 627761.421549177845009 ], [ 4186473.39471198618412, 627723.997031828970648 ], [ 4186473.39471198618412, 627686.572514480096288 ], [ 4186473.39471198618412, 627649.147997131221928 ], [ 4186510.819229335058481, 627649.147997131221928 ], [ 4186548.243746683932841, 627649.147997131221928 ], [ 4186585.668264032807201, 627649.147997131221928 ], [ 4186623.092781381681561, 627649.147997131221928 ], [ 4186660.517298730555922, 627649.147997131221928 ], [ 4186660.517298730555922, 627611.723479782347567 ], [ 4186660.517298730555922, 627574.298962433473207 ], [ 4186660.517298730555922, 627536.874445084598847 ], [ 4186660.517298730555922, 627499.449927735724486 ], [ 4186660.517298730555922, 627462.025410386850126 ], [ 4186660.517298730555922, 627424.600893037975766 ], [ 4186660.517298730555922, 627387.176375689101405 ], [ 4186660.517298730555922, 627349.751858340227045 ], [ 4186660.517298730555922, 627312.327340991352685 ], [ 4186660.517298730555922, 627274.902823642478324 ], [ 4186660.517298730555922, 627237.478306293603964 ], [ 4186660.517298730555922, 627200.053788944729604 ], [ 4186660.517298730555922, 627162.629271595855244 ], [ 4186660.517298730555922, 627125.204754246980883 ], [ 4186660.517298730555922, 627087.780236898106523 ], [ 4186660.517298730555922, 627050.355719549232163 ], [ 4186660.517298730555922, 627012.931202200357802 ], [ 4186623.092781381681561, 627012.931202200357802 ], [ 4186585.668264032807201, 627012.931202200357802 ], [ 4186548.243746683932841, 627012.931202200357802 ], [ 4186510.819229335058481, 627012.931202200357802 ], [ 4186473.39471198618412, 627012.931202200357802 ], [ 4186473.39471198618412, 626975.506684851483442 ], [ 4186473.39471198618412, 626938.082167502609082 ], [ 4186473.39471198618412, 626900.657650153734721 ], [ 4186473.39471198618412, 626863.233132804860361 ], [ 4186473.39471198618412, 626825.808615455986001 ], [ 4186473.39471198618412, 626788.38409810711164 ], [ 4186473.39471198618412, 626750.95958075823728 ], [ 4186473.39471198618412, 626713.53506340936292 ], [ 4186473.39471198618412, 626676.110546060488559 ], [ 4186473.39471198618412, 626638.686028711614199 ], [ 4186473.39471198618412, 626601.261511362739839 ], [ 4186473.39471198618412, 626563.836994013865478 ], [ 4186473.39471198618412, 626526.412476664991118 ], [ 4186473.39471198618412, 626488.987959316116758 ], [ 4186510.819229335058481, 626488.987959316116758 ], [ 4186548.243746683932841, 626488.987959316116758 ], [ 4186585.668264032807201, 626488.987959316116758 ], [ 4186623.092781381681561, 626488.987959316116758 ], [ 4186660.517298730555922, 626488.987959316116758 ], [ 4186697.941816079430282, 626488.987959316116758 ], [ 4186735.366333428304642, 626488.987959316116758 ], [ 4186772.790850777179003, 626488.987959316116758 ], [ 4186810.215368126053363, 626488.987959316116758 ], [ 4186847.639885474927723, 626488.987959316116758 ], [ 4186885.064402823802084, 626488.987959316116758 ], [ 4186922.488920172676444, 626488.987959316116758 ], [ 4186959.913437521550804, 626488.987959316116758 ], [ 4186959.913437521550804, 626451.563441967242397 ], [ 4186959.913437521550804, 626414.138924618368037 ], [ 4186959.913437521550804, 626376.714407269493677 ], [ 4186959.913437521550804, 626339.289889920619316 ], [ 4186986.37656752159819, 626312.826759920571931 ], [ 4187023.80108487047255, 626312.826759920571931 ], [ 4187061.225602219346911, 626312.826759920571931 ], [ 4187098.650119568221271, 626312.826759920571931 ], [ 4187136.074636917095631, 626312.826759920571931 ], [ 4187173.499154265969992, 626312.826759920571931 ], [ 4187210.923671614844352, 626312.826759920571931 ], [ 4187248.348188963718712, 626312.826759920571931 ], [ 4187285.772706312593073, 626312.826759920571931 ], [ 4187323.197223661467433, 626312.826759920571931 ], [ 4187360.621741010341793, 626312.826759920571931 ], [ 4187398.046258359216154, 626312.826759920571931 ], [ 4187435.470775708090514, 626312.826759920571931 ], [ 4187472.895293056964874, 626312.826759920571931 ], [ 4187510.319810405839235, 626312.826759920571931 ], [ 4187547.744327754713595, 626312.826759920571931 ], [ 4187585.168845103587955, 626312.826759920571931 ], [ 4187622.593362452462316, 626312.826759920571931 ], [ 4187660.017879801336676, 626312.826759920571931 ], [ 4187697.442397150211036, 626312.826759920571931 ], [ 4187734.866914499085397, 626312.826759920571931 ], [ 4187772.291431847959757, 626312.826759920571931 ], [ 4187809.715949196834117, 626312.826759920571931 ], [ 4187847.140466545708477, 626312.826759920571931 ], [ 4187884.564983894582838, 626312.826759920571931 ], [ 4187921.989501243457198, 626312.826759920571931 ], [ 4187959.414018592331558, 626312.826759920571931 ], [ 4187996.838535941205919, 626312.826759920571931 ], [ 4188034.263053290080279, 626312.826759920571931 ], [ 4188071.687570638954639, 626312.826759920571931 ], [ 4188109.112087987829, 626312.826759920571931 ], [ 4188146.53660533670336, 626312.826759920571931 ], [ 4188183.96112268557772, 626312.826759920571931 ], [ 4188221.385640034452081, 626312.826759920571931 ], [ 4188258.810157383326441, 626312.826759920571931 ], [ 4188296.234674732200801, 626312.826759920571931 ], [ 4188333.659192081075162, 626312.826759920571931 ], [ 4188371.083709429949522, 626312.826759920571931 ], [ 4188408.508226778823882, 626312.826759920571931 ], [ 4188445.932744127698243, 626312.826759920571931 ], [ 4188463.172728718724102, 626352.521454920526594 ], [ 4188465.442906370386481, 626392.216149920481257 ], [ 4188465.442906370386481, 626429.640667269355617 ], [ 4188465.442906370386481, 626467.065184618229978 ], [ 4188491.906036370433867, 626493.528314618277363 ], [ 4188529.330553719308227, 626493.528314618277363 ], [ 4188566.755071068182588, 626493.528314618277363 ], [ 4188604.179588417056948, 626493.528314618277363 ], [ 4188641.604105765931308, 626493.528314618277363 ], [ 4188679.028623114805669, 626493.528314618277363 ], [ 4188716.453140463680029, 626493.528314618277363 ], [ 4188753.877657812554389, 626493.528314618277363 ], [ 4188791.30217516142875, 626493.528314618277363 ], [ 4188791.30217516142875, 626530.952831967151724 ], [ 4188791.30217516142875, 626568.377349316026084 ], [ 4188791.30217516142875, 626605.801866664900444 ], [ 4188791.30217516142875, 626643.226384013774805 ], [ 4188828.72669251030311, 626643.226384013774805 ], [ 4188866.15120985917747, 626643.226384013774805 ], [ 4188903.575727208051831, 626643.226384013774805 ], [ 4188941.000244556926191, 626643.226384013774805 ], [ 4188978.424761905800551, 626643.226384013774805 ], [ 4189015.849279254674911, 626643.226384013774805 ], [ 4189053.273796603549272, 626643.226384013774805 ], [ 4189090.698313952423632, 626643.226384013774805 ], [ 4189128.122831301297992, 626643.226384013774805 ], [ 4189128.122831301297992, 626680.650901362649165 ], [ 4189128.122831301297992, 626718.075418711523525 ], [ 4189128.122831301297992, 626755.499936060397886 ], [ 4189128.122831301297992, 626792.924453409272246 ], [ 4189154.585961301345378, 626819.387583409319632 ], [ 4189192.010478650219738, 626819.387583409319632 ], [ 4189229.434995999094099, 626819.387583409319632 ], [ 4189266.859513347968459, 626819.387583409319632 ], [ 4189293.322643348015845, 626845.850713409367017 ], [ 4189293.322643348015845, 626883.275230758241378 ], [ 4189293.322643348015845, 626920.699748107115738 ], [ 4189293.322643348015845, 626958.124265455990098 ], [ 4189319.785773348063231, 626984.587395456037484 ], [ 4189357.210290696937591, 626984.587395456037484 ], [ 4189394.634808045811951, 626984.587395456037484 ], [ 4189432.059325394686311, 626984.587395456037484 ], [ 4189458.522455394733697, 627011.05052545608487 ], [ 4189458.522455394733697, 627048.47504280495923 ], [ 4189458.522455394733697, 627085.89956015383359 ], [ 4189458.522455394733697, 627123.324077502707951 ], [ 4189458.522455394733697, 627160.748594851582311 ], [ 4189458.522455394733697, 627198.173112200456671 ], [ 4189458.522455394733697, 627235.597629549331032 ], [ 4189458.522455394733697, 627273.022146898205392 ], [ 4189458.522455394733697, 627310.446664247079752 ], [ 4189495.946972743608057, 627310.446664247079752 ], [ 4189533.371490092482418, 627310.446664247079752 ], [ 4189570.796007441356778, 627310.446664247079752 ], [ 4189608.220524790231138, 627310.446664247079752 ], [ 4189634.683654790278524, 627336.909794247127138 ], [ 4189634.683654790278524, 627374.334311596001498 ], [ 4189634.683654790278524, 627411.758828944875859 ], [ 4189634.683654790278524, 627449.183346293750219 ], [ 4189634.683654790278524, 627486.607863642624579 ], [ 4189672.108172139152884, 627486.607863642624579 ], [ 4189709.532689488027245, 627486.607863642624579 ], [ 4189746.957206836901605, 627486.607863642624579 ], [ 4189784.381724185775965, 627486.607863642624579 ], [ 4189810.844854185823351, 627513.070993642671965 ], [ 4189810.844854185823351, 627550.495510991546325 ], [ 4189810.844854185823351, 627587.920028340420686 ], [ 4189810.844854185823351, 627625.344545689295046 ], [ 4189810.844854185823351, 627662.769063038169406 ], [ 4189810.844854185823351, 627700.193580387043767 ], [ 4189810.844854185823351, 627737.618097735918127 ], [ 4189810.844854185823351, 627775.042615084792487 ], [ 4189810.844854185823351, 627812.467132433666848 ], [ 4189848.269371534697711, 627812.467132433666848 ], [ 4189885.693888883572072, 627812.467132433666848 ], [ 4189923.118406232446432, 627812.467132433666848 ], [ 4189949.581536232493818, 627838.930262433714233 ], [ 4189949.581536232493818, 627876.354779782588594 ], [ 4189949.581536232493818, 627913.779297131462954 ], [ 4189949.581536232493818, 627951.203814480337314 ], [ 4189976.044666232541203, 627977.6669444803847 ], [ 4190013.469183581415564, 627977.6669444803847 ], [ 4190050.893700930289924, 627977.6669444803847 ], [ 4190088.318218279164284, 627977.6669444803847 ], [ 4190114.78134827921167, 628004.130074480432086 ], [ 4190114.78134827921167, 628041.554591829306446 ], [ 4190114.78134827921167, 628078.979109178180806 ], [ 4190114.78134827921167, 628116.403626527055167 ], [ 4190114.78134827921167, 628153.828143875929527 ], [ 4190114.78134827921167, 628191.252661224803887 ], [ 4190114.78134827921167, 628228.677178573678248 ], [ 4190114.78134827921167, 628266.101695922552608 ], [ 4190114.78134827921167, 628303.526213271426968 ], [ 4190152.20586562808603, 628303.526213271426968 ], [ 4190189.630382976960391, 628303.526213271426968 ], [ 4190227.054900325834751, 628303.526213271426968 ], [ 4190264.479417674709111, 628303.526213271426968 ], [ 4190264.479417674709111, 628340.950730620301329 ], [ 4190264.479417674709111, 628378.375247969175689 ], [ 4190264.479417674709111, 628415.799765318050049 ], [ 4190264.479417674709111, 628453.22428266692441 ], [ 4190264.479417674709111, 628490.64880001579877 ], [ 4190264.479417674709111, 628528.07331736467313 ], [ 4190264.479417674709111, 628565.497834713547491 ], [ 4190264.479417674709111, 628602.922352062421851 ], [ 4190264.479417674709111, 628640.346869411296211 ], [ 4190301.903935023583472, 628640.346869411296211 ], [ 4190339.328452372457832, 628640.346869411296211 ], [ 4190376.752969721332192, 628640.346869411296211 ], [ 4190414.177487070206553, 628640.346869411296211 ], [ 4190451.602004419080913, 628640.346869411296211 ], [ 4190451.602004419080913, 628677.771386760170572 ], [ 4190451.602004419080913, 628715.195904109044932 ], [ 4190451.602004419080913, 628752.620421457919292 ], [ 4190451.602004419080913, 628790.044938806793652 ], [ 4190451.602004419080913, 628827.469456155668013 ], [ 4190451.602004419080913, 628864.893973504542373 ], [ 4190451.602004419080913, 628902.318490853416733 ], [ 4190451.602004419080913, 628939.743008202291094 ], [ 4190451.602004419080913, 628977.167525551165454 ], [ 4190489.026521767955273, 628977.167525551165454 ], [ 4190526.451039116829634, 628977.167525551165454 ], [ 4190563.875556465703994, 628977.167525551165454 ], [ 4190601.300073814578354, 628977.167525551165454 ], [ 4190627.76320381462574, 629003.63065555121284 ], [ 4190627.76320381462574, 629041.0551729000872 ], [ 4190627.76320381462574, 629078.47969024896156 ], [ 4190627.76320381462574, 629115.904207597835921 ], [ 4190654.226333814673126, 629142.367337597883306 ], [ 4190691.650851163547486, 629142.367337597883306 ], [ 4190729.075368512421846, 629142.367337597883306 ], [ 4190766.499885861296207, 629142.367337597883306 ], [ 4190766.499885861296207, 629179.791854946757667 ], [ 4190766.499885861296207, 629217.216372295632027 ], [ 4190766.499885861296207, 629254.640889644506387 ], [ 4190766.499885861296207, 629292.065406993380748 ], [ 4190766.499885861296207, 629329.489924342255108 ], [ 4190766.499885861296207, 629366.914441691129468 ], [ 4190766.499885861296207, 629404.338959040003829 ], [ 4190766.499885861296207, 629441.763476388878189 ], [ 4190792.963015861343592, 629468.226606388925575 ], [ 4190830.387533210217953, 629468.226606388925575 ], [ 4190867.812050559092313, 629468.226606388925575 ], [ 4190905.236567907966673, 629468.226606388925575 ], [ 4190931.699697908014059, 629494.68973638897296 ], [ 4190931.699697908014059, 629532.114253737847321 ], [ 4190931.699697908014059, 629569.538771086721681 ], [ 4190931.699697908014059, 629606.963288435596041 ], [ 4190931.699697908014059, 629644.387805784470402 ], [ 4190931.699697908014059, 629681.812323133344762 ], [ 4190931.699697908014059, 629719.236840482219122 ], [ 4190931.699697908014059, 629756.661357831093483 ], [ 4190931.699697908014059, 629794.085875179967843 ], [ 4190969.124215256888419, 629794.085875179967843 ], [ 4191006.54873260576278, 629794.085875179967843 ], [ 4191043.97324995463714, 629794.085875179967843 ], [ 4191081.3977673035115, 629794.085875179967843 ], [ 4191107.860897303558886, 629820.549005180015229 ], [ 4191107.860897303558886, 629857.973522528889589 ], [ 4191107.860897303558886, 629895.398039877763949 ], [ 4191107.860897303558886, 629932.82255722663831 ], [ 4191107.860897303558886, 629970.24707457551267 ], [ 4191107.860897303558886, 630007.67159192438703 ], [ 4191107.860897303558886, 630045.096109273261391 ], [ 4191107.860897303558886, 630082.520626622135751 ], [ 4191107.860897303558886, 630119.945143971010111 ], [ 4191145.285414652433246, 630119.945143971010111 ], [ 4191182.709932001307607, 630119.945143971010111 ], [ 4191220.134449350181967, 630119.945143971010111 ], [ 4191257.558966699056327, 630119.945143971010111 ], [ 4191284.022096699103713, 630146.408273971057497 ], [ 4191284.022096699103713, 630183.832791319931857 ], [ 4191284.022096699103713, 630221.257308668806218 ], [ 4191284.022096699103713, 630258.681826017680578 ], [ 4191284.022096699103713, 630296.106343366554938 ], [ 4191321.446614047978073, 630296.106343366554938 ], [ 4191358.871131396852434, 630296.106343366554938 ], [ 4191396.295648745726794, 630296.106343366554938 ], [ 4191433.720166094601154, 630296.106343366554938 ], [ 4191433.720166094601154, 630333.530860715429299 ], [ 4191433.720166094601154, 630370.955378064303659 ], [ 4191433.720166094601154, 630408.379895413178019 ], [ 4191433.720166094601154, 630445.80441276205238 ], [ 4191433.720166094601154, 630483.22893011092674 ], [ 4191433.720166094601154, 630520.6534474598011 ], [ 4191433.720166094601154, 630558.077964808675461 ], [ 4191433.720166094601154, 630595.502482157549821 ], [ 4191460.18329609464854, 630621.965612157597207 ], [ 4191497.6078134435229, 630621.965612157597207 ], [ 4191535.032330792397261, 630621.965612157597207 ], [ 4191572.456848141271621, 630621.965612157597207 ], [ 4191598.919978141319007, 630648.428742157644592 ], [ 4191598.919978141319007, 630685.853259506518953 ], [ 4191598.919978141319007, 630723.277776855393313 ], [ 4191598.919978141319007, 630760.702294204267673 ], [ 4191598.919978141319007, 630798.126811553142034 ], [ 4191598.919978141319007, 630835.551328902016394 ], [ 4191598.919978141319007, 630872.975846250890754 ], [ 4191598.919978141319007, 630910.400363599765114 ], [ 4191598.919978141319007, 630947.824880948639475 ], [ 4191636.344495490193367, 630947.824880948639475 ], [ 4191673.769012839067727, 630947.824880948639475 ], [ 4191711.193530187942088, 630947.824880948639475 ], [ 4191748.618047536816448, 630947.824880948639475 ], [ 4191748.618047536816448, 630985.249398297513835 ], [ 4191748.618047536816448, 631022.673915646388195 ], [ 4191748.618047536816448, 631060.098432995262556 ], [ 4191748.618047536816448, 631097.522950344136916 ], [ 4191748.618047536816448, 631134.947467693011276 ], [ 4191748.618047536816448, 631172.371985041885637 ], [ 4191748.618047536816448, 631209.796502390759997 ], [ 4191748.618047536816448, 631247.221019739634357 ], [ 4191748.618047536816448, 631284.645537088508718 ], [ 4191786.042564885690808, 631284.645537088508718 ], [ 4191823.467082234565169, 631284.645537088508718 ], [ 4191860.891599583439529, 631284.645537088508718 ], [ 4191898.316116932313889, 631284.645537088508718 ], [ 4191935.74063428118825, 631284.645537088508718 ], [ 4191935.74063428118825, 631322.070054437383078 ], [ 4191935.74063428118825, 631359.494571786257438 ], [ 4191935.74063428118825, 631396.919089135131799 ], [ 4191935.74063428118825, 631434.343606484006159 ], [ 4191973.16515163006261, 631434.343606484006159 ], [ 4192010.58966897893697, 631434.343606484006159 ], [ 4192048.014186327811331, 631434.343606484006159 ], [ 4192085.438703676685691, 631434.343606484006159 ], [ 4192111.901833676733077, 631460.806736484053545 ], [ 4192111.901833676733077, 631498.231253832927905 ], [ 4192111.901833676733077, 631535.655771181802265 ], [ 4192111.901833676733077, 631573.080288530676626 ], [ 4192111.901833676733077, 631610.504805879550986 ], [ 4192111.901833676733077, 631647.929323228425346 ], [ 4192111.901833676733077, 631685.353840577299707 ], [ 4192111.901833676733077, 631722.778357926174067 ], [ 4192111.901833676733077, 631760.202875275048427 ], [ 4192138.364963676780462, 631786.666005275095813 ], [ 4192175.789481025654823, 631786.666005275095813 ], [ 4192213.213998374529183, 631786.666005275095813 ], [ 4192250.638515723403543, 631786.666005275095813 ], [ 4192250.638515723403543, 631824.090522623970173 ], [ 4192250.638515723403543, 631861.515039972844534 ], [ 4192250.638515723403543, 631898.939557321718894 ], [ 4192250.638515723403543, 631936.364074670593254 ], [ 4192250.638515723403543, 631973.788592019467615 ], [ 4192250.638515723403543, 632011.213109368341975 ], [ 4192250.638515723403543, 632048.637626717216335 ], [ 4192250.638515723403543, 632086.062144066090696 ], [ 4192277.101645723450929, 632112.525274066138081 ], [ 4192314.526163072325289, 632112.525274066138081 ], [ 4192351.95068042119965, 632112.525274066138081 ], [ 4192389.37519777007401, 632112.525274066138081 ], [ 4192415.838327770121396, 632138.988404066185467 ], [ 4192415.838327770121396, 632176.412921415059827 ], [ 4192415.838327770121396, 632213.837438763934188 ], [ 4192415.838327770121396, 632251.261956112808548 ], [ 4192442.301457770168781, 632277.725086112855934 ], [ 4192479.725975119043142, 632277.725086112855934 ], [ 4192517.150492467917502, 632277.725086112855934 ], [ 4192554.575009816791862, 632277.725086112855934 ], [ 4192581.038139816839248, 632304.188216112903319 ], [ 4192581.038139816839248, 632341.61273346177768 ], [ 4192581.038139816839248, 632379.03725081065204 ], [ 4192581.038139816839248, 632416.4617681595264 ], [ 4192581.038139816839248, 632453.886285508400761 ], [ 4192581.038139816839248, 632491.310802857275121 ], [ 4192581.038139816839248, 632528.735320206149481 ], [ 4192581.038139816839248, 632566.159837555023842 ], [ 4192581.038139816839248, 632603.584354903898202 ], [ 4192618.462657165713608, 632603.584354903898202 ], [ 4192655.887174514587969, 632603.584354903898202 ], [ 4192693.311691863462329, 632603.584354903898202 ], [ 4192730.736209212336689, 632603.584354903898202 ], [ 4192757.199339212384075, 632630.047484903945588 ], [ 4192757.199339212384075, 632667.472002252819948 ], [ 4192757.199339212384075, 632704.896519601694308 ], [ 4192757.199339212384075, 632742.321036950568669 ], [ 4192757.199339212384075, 632779.745554299443029 ], [ 4192794.623856561258435, 632779.745554299443029 ], [ 4192832.048373910132796, 632779.745554299443029 ], [ 4192869.472891259007156, 632779.745554299443029 ], [ 4192906.897408607881516, 632779.745554299443029 ], [ 4192944.321925956755877, 632779.745554299443029 ], [ 4192981.746443305630237, 632779.745554299443029 ], [ 4193019.170960654504597, 632779.745554299443029 ], [ 4193056.595478003378958, 632779.745554299443029 ], [ 4193083.058608003426343, 632806.208684299490415 ], [ 4193083.058608003426343, 632843.633201648364775 ], [ 4193083.058608003426343, 632881.057718997239135 ], [ 4193083.058608003426343, 632918.482236346113496 ], [ 4193109.521738003473729, 632944.945366346160881 ], [ 4193146.946255352348089, 632944.945366346160881 ], [ 4193184.37077270122245, 632944.945366346160881 ], [ 4193221.79529005009681, 632944.945366346160881 ], [ 4193248.258420050144196, 632971.408496346208267 ], [ 4193248.258420050144196, 633008.833013695082627 ], [ 4193248.258420050144196, 633046.257531043956988 ], [ 4193248.258420050144196, 633083.682048392831348 ], [ 4193274.721550050191581, 633110.145178392878734 ], [ 4193312.146067399065942, 633110.145178392878734 ], [ 4193349.570584747940302, 633110.145178392878734 ], [ 4193386.995102096814662, 633110.145178392878734 ], [ 4193386.995102096814662, 633147.569695741753094 ], [ 4193386.995102096814662, 633184.994213090627454 ], [ 4193386.995102096814662, 633222.418730439501815 ], [ 4193386.995102096814662, 633259.843247788376175 ], [ 4193424.419619445689023, 633259.843247788376175 ], [ 4193461.844136794563383, 633259.843247788376175 ], [ 4193499.268654143437743, 633259.843247788376175 ], [ 4193536.693171492312104, 633259.843247788376175 ], [ 4193572.645414757542312, 633299.537942788330838 ], [ 4193571.173140674363822, 633339.232637788285501 ], [ 4193571.173140674363822, 633376.657155137159862 ], [ 4193571.173140674363822, 633414.081672486034222 ], [ 4193597.636270674411207, 633440.544802486081608 ], [ 4193635.060788023285568, 633440.544802486081608 ], [ 4193672.485305372159928, 633440.544802486081608 ], [ 4193709.909822721034288, 633440.544802486081608 ], [ 4193747.334340069908649, 633440.544802486081608 ], [ 4193784.758857418783009, 633440.544802486081608 ], [ 4193822.183374767657369, 633440.544802486081608 ], [ 4193859.60789211653173, 633440.544802486081608 ], [ 4193897.03240946540609, 633440.544802486081608 ], [ 4193897.03240946540609, 633477.969319834955968 ], [ 4193897.03240946540609, 633515.393837183830328 ], [ 4193897.03240946540609, 633552.818354532704689 ], [ 4193897.03240946540609, 633590.242871881579049 ], [ 4193934.45692681428045, 633590.242871881579049 ], [ 4193971.881444163154811, 633590.242871881579049 ], [ 4194009.305961512029171, 633590.242871881579049 ], [ 4194046.730478860903531, 633590.242871881579049 ], [ 4194073.193608860950917, 633616.706001881626435 ], [ 4194073.193608860950917, 633654.130519230500795 ], [ 4194073.193608860950917, 633691.555036579375155 ], [ 4194073.193608860950917, 633728.979553928249516 ], [ 4194073.193608860950917, 633766.404071277123876 ], [ 4194110.618126209825277, 633766.404071277123876 ], [ 4194148.042643558699638, 633766.404071277123876 ], [ 4194185.467160907573998, 633766.404071277123876 ], [ 4194222.891678256448358, 633766.404071277123876 ], [ 4194260.316195605322719, 633766.404071277123876 ], [ 4194297.740712954197079, 633766.404071277123876 ], [ 4194335.165230303071439, 633766.404071277123876 ], [ 4194372.589747651480138, 633766.404071277123876 ], [ 4194399.052877651527524, 633792.867201277171262 ], [ 4194399.052877651527524, 633830.291718626045622 ], [ 4194399.052877651527524, 633867.716235974919982 ], [ 4194399.052877651527524, 633905.140753323794343 ], [ 4194425.51600765157491, 633931.603883323841728 ], [ 4194462.940525, 633931.603883323841728 ], [ 4194500.365042348392308, 633931.603883323841728 ], [ 4194537.789559696801007, 633931.603883323841728 ], [ 4194575.214077045209706, 633931.603883323841728 ], [ 4194612.638594393618405, 633931.603883323841728 ], [ 4194650.063111742027104, 633931.603883323841728 ], [ 4194687.487629090435803, 633931.603883323841728 ], [ 4194713.950759090483189, 633958.067013323889114 ], [ 4194713.950759090483189, 633995.491530672763474 ], [ 4194713.950759090483189, 634032.916048021637835 ], [ 4194713.950759090483189, 634070.340565370512195 ], [ 4194740.413889090530574, 634096.803695370559581 ], [ 4194777.838406438939273, 634096.803695370559581 ], [ 4194815.262923787347972, 634096.803695370559581 ], [ 4194852.687441135756671, 634096.803695370559581 ], [ 4194890.11195848416537, 634096.803695370559581 ], [ 4194927.536475832574069, 634096.803695370559581 ], [ 4194964.960993180982769, 634096.803695370559581 ], [ 4195002.385510529391468, 634096.803695370559581 ], [ 4195039.810027877800167, 634096.803695370559581 ], [ 4195066.273157877847552, 634123.266825370606966 ], [ 4195066.273157877847552, 634160.691342719481327 ], [ 4195066.273157877847552, 634198.115860068355687 ], [ 4195066.273157877847552, 634235.540377417230047 ], [ 4195092.736287877894938, 634262.003507417277433 ], [ 4195130.160805226303637, 634262.003507417277433 ], [ 4195167.585322574712336, 634262.003507417277433 ], [ 4195205.009839923121035, 634262.003507417277433 ], [ 4195242.434357271529734, 634262.003507417277433 ], [ 4195279.858874619938433, 634262.003507417277433 ], [ 4195317.283391968347132, 634262.003507417277433 ], [ 4195354.707909316755831, 634262.003507417277433 ], [ 4195381.171039316803217, 634288.466637417324819 ], [ 4195381.171039316803217, 634325.891154766199179 ], [ 4195381.171039316803217, 634363.315672115073539 ], [ 4195381.171039316803217, 634400.7401894639479 ], [ 4195407.634169316850603, 634427.203319463995285 ], [ 4195445.058686665259302, 634427.203319463995285 ], [ 4195482.483204013668001, 634427.203319463995285 ], [ 4195519.9077213620767, 634427.203319463995285 ], [ 4195557.332238710485399, 634427.203319463995285 ], [ 4195594.756756058894098, 634427.203319463995285 ], [ 4195632.181273407302797, 634427.203319463995285 ], [ 4195669.605790755711496, 634427.203319463995285 ], [ 4195696.068920755758882, 634453.666449464042671 ], [ 4195696.068920755758882, 634491.090966812917031 ], [ 4195696.068920755758882, 634528.515484161791392 ], [ 4195696.068920755758882, 634565.940001510665752 ], [ 4195722.532050755806267, 634592.403131510713138 ], [ 4195759.956568104214966, 634592.403131510713138 ], [ 4195797.381085452623665, 634592.403131510713138 ], [ 4195834.805602801032364, 634592.403131510713138 ], [ 4195872.230120149441063, 634592.403131510713138 ], [ 4195909.654637497849762, 634592.403131510713138 ], [ 4195947.079154846258461, 634592.403131510713138 ], [ 4195984.503672194667161, 634592.403131510713138 ], [ 4196021.92818954307586, 634592.403131510713138 ], [ 4196048.391319543123245, 634618.866261510760523 ], [ 4196048.391319543123245, 634656.290778859634884 ], [ 4196048.391319543123245, 634693.715296208509244 ], [ 4196048.391319543123245, 634731.139813557383604 ], [ 4196074.854449543170631, 634757.60294355743099 ], [ 4196112.27896689157933, 634757.60294355743099 ], [ 4196149.703484239988029, 634757.60294355743099 ], [ 4196187.128001588396728, 634757.60294355743099 ], [ 4196224.552518936805427, 634757.60294355743099 ], [ 4196261.977036285214126, 634757.60294355743099 ], [ 4196299.401553633622825, 634757.60294355743099 ], [ 4196336.826070982031524, 634757.60294355743099 ], [ 4196363.28920098207891, 634784.066073557478376 ], [ 4196363.28920098207891, 634821.490590906352736 ], [ 4196363.28920098207891, 634858.915108255227096 ], [ 4196363.28920098207891, 634896.339625604101457 ], [ 4196389.752330982126296, 634922.802755604148842 ], [ 4196427.176848330534995, 634922.802755604148842 ], [ 4196464.601365678943694, 634922.802755604148842 ], [ 4196502.025883027352393, 634922.802755604148842 ], [ 4196539.450400375761092, 634922.802755604148842 ], [ 4196576.874917724169791, 634922.802755604148842 ], [ 4196614.29943507257849, 634922.802755604148842 ], [ 4196651.723952420987189, 634922.802755604148842 ], [ 4196689.148469769395888, 634922.802755604148842 ], [ 4196726.572987117804587, 634922.802755604148842 ], [ 4196763.997504466213286, 634922.802755604148842 ], [ 4196801.422021814621985, 634922.802755604148842 ], [ 4196838.846539163030684, 634922.802755604148842 ], [ 4196876.271056511439383, 634922.802755604148842 ], [ 4196913.695573859848082, 634922.802755604148842 ], [ 4196951.120091208256781, 634922.802755604148842 ], [ 4196988.54460855666548, 634922.802755604148842 ], [ 4197025.969125905074179, 634922.802755604148842 ], [ 4197063.393643253482878, 634922.802755604148842 ], [ 4197100.818160601891577, 634922.802755604148842 ], [ 4197138.242677950300276, 634922.802755604148842 ], [ 4197175.667195298708975, 634922.802755604148842 ], [ 4197213.091712647117674, 634922.802755604148842 ], [ 4197250.516229995526373, 634922.802755604148842 ], [ 4197287.940747343935072, 634922.802755604148842 ], [ 4197325.365264692343771, 634922.802755604148842 ], [ 4197362.78978204075247, 634922.802755604148842 ], [ 4197400.21429938916117, 634922.802755604148842 ], [ 4197437.638816737569869, 634922.802755604148842 ], [ 4197475.063334085978568, 634922.802755604148842 ], [ 4197512.487851434387267, 634922.802755604148842 ], [ 4197549.912368782795966, 634922.802755604148842 ], [ 4197587.336886131204665, 634922.802755604148842 ], [ 4197624.761403479613364, 634922.802755604148842 ], [ 4197662.185920828022063, 634922.802755604148842 ], [ 4197699.610438176430762, 634922.802755604148842 ], [ 4197737.034955524839461, 634922.802755604148842 ], [ 4197774.45947287324816, 634922.802755604148842 ], [ 4197811.883990221656859, 634922.802755604148842 ], [ 4197849.308507570065558, 634922.802755604148842 ], [ 4197886.733024918474257, 634922.802755604148842 ], [ 4197924.157542266882956, 634922.802755604148842 ], [ 4197961.582059615291655, 634922.802755604148842 ], [ 4197999.006576963700354, 634922.802755604148842 ], [ 4198036.431094312109053, 634922.802755604148842 ], [ 4198073.855611660517752, 634922.802755604148842 ], [ 4198111.280129008926451, 634922.802755604148842 ], [ 4198148.70464635733515, 634922.802755604148842 ], [ 4198186.129163705743849, 634922.802755604148842 ], [ 4198223.553681054152548, 634922.802755604148842 ], [ 4198260.978198402561247, 634922.802755604148842 ], [ 4198298.402715750969946, 634922.802755604148842 ], [ 4198335.827233099378645, 634922.802755604148842 ], [ 4198373.251750447787344, 634922.802755604148842 ], [ 4198410.676267796196043, 634922.802755604148842 ], [ 4198448.100785144604743, 634922.802755604148842 ], [ 4198485.525302493013442, 634922.802755604148842 ], [ 4198522.949819841422141, 634922.802755604148842 ], [ 4198560.37433718983084, 634922.802755604148842 ], [ 4198597.798854538239539, 634922.802755604148842 ], [ 4198635.223371886648238, 634922.802755604148842 ], [ 4198672.647889235056937, 634922.802755604148842 ], [ 4198710.072406583465636, 634922.802755604148842 ], [ 4198747.496923931874335, 634922.802755604148842 ], [ 4198784.921441280283034, 634922.802755604148842 ], [ 4198822.345958628691733, 634922.802755604148842 ], [ 4198822.345958628691733, 634885.378238255274482 ], [ 4198822.345958628691733, 634847.953720906400122 ], [ 4198822.345958628691733, 634810.529203557525761 ], [ 4198822.345958628691733, 634773.104686208651401 ], [ 4198848.809088628739119, 634746.641556208604015 ], [ 4198886.233605977147818, 634746.641556208604015 ], [ 4198923.658123325556517, 634746.641556208604015 ], [ 4198961.082640673965216, 634746.641556208604015 ], [ 4198998.507158022373915, 634746.641556208604015 ], [ 4199035.931675370782614, 634746.641556208604015 ], [ 4199073.356192719191313, 634746.641556208604015 ], [ 4199110.780710067600012, 634746.641556208604015 ], [ 4199148.205227416008711, 634746.641556208604015 ], [ 4199148.205227416008711, 634709.217038859729655 ], [ 4199148.205227416008711, 634671.792521510855295 ], [ 4199148.205227416008711, 634634.368004161980934 ], [ 4199187.899922415614128, 634598.415760896867141 ], [ 4199227.594617415219545, 634599.888034980162047 ], [ 4199265.019134763628244, 634599.888034980162047 ], [ 4199302.443652112036943, 634599.888034980162047 ], [ 4199328.906782112084329, 634626.351164980209433 ], [ 4199328.906782112084329, 634663.775682329083793 ], [ 4199328.906782112084329, 634701.200199677958153 ], [ 4199328.906782112084329, 634738.624717026832514 ], [ 4199355.369912112131715, 634765.087847026879899 ], [ 4199392.794429460540414, 634765.087847026879899 ], [ 4199430.218946808949113, 634765.087847026879899 ], [ 4199467.643464157357812, 634765.087847026879899 ], [ 4199467.643464157357812, 634727.663329678005539 ], [ 4199467.643464157357812, 634690.238812329131179 ], [ 4199467.643464157357812, 634652.814294980256818 ], [ 4199467.643464157357812, 634615.389777631382458 ], [ 4199494.106594157405198, 634588.926647631335072 ], [ 4199531.531111505813897, 634588.926647631335072 ], [ 4199568.955628854222596, 634588.926647631335072 ], [ 4199606.380146202631295, 634588.926647631335072 ], [ 4199643.804663551039994, 634588.926647631335072 ], [ 4199681.229180899448693, 634588.926647631335072 ], [ 4199718.653698247857392, 634588.926647631335072 ], [ 4199756.078215596266091, 634588.926647631335072 ], [ 4199793.50273294467479, 634588.926647631335072 ], [ 4199793.50273294467479, 634551.502130282460712 ], [ 4199793.50273294467479, 634514.077612933586352 ], [ 4199793.50273294467479, 634476.653095584711991 ], [ 4199793.50273294467479, 634439.228578235837631 ], [ 4199819.965862944722176, 634412.765448235790245 ], [ 4199857.390380293130875, 634412.765448235790245 ], [ 4199894.814897641539574, 634412.765448235790245 ], [ 4199932.239414989948273, 634412.765448235790245 ], [ 4199969.663932338356972, 634412.765448235790245 ], [ 4200007.088449686765671, 634412.765448235790245 ], [ 4200044.51296703517437, 634412.765448235790245 ], [ 4200081.937484383583069, 634412.765448235790245 ], [ 4200119.362001731991768, 634412.765448235790245 ], [ 4200156.786519080400467, 634412.765448235790245 ], [ 4200194.211036428809166, 634412.765448235790245 ], [ 4200231.635553777217865, 634412.765448235790245 ], [ 4200269.060071125626564, 634412.765448235790245 ], [ 4200306.484588474035263, 634412.765448235790245 ], [ 4200343.909105822443962, 634412.765448235790245 ], [ 4200381.333623170852661, 634412.765448235790245 ], [ 4200418.75814051926136, 634412.765448235790245 ], [ 4200456.182657867670059, 634412.765448235790245 ], [ 4200456.182657867670059, 634375.340930886915885 ], [ 4200456.182657867670059, 634337.916413538041525 ], [ 4200456.182657867670059, 634300.491896189167164 ], [ 4200456.182657867670059, 634263.067378840292804 ], [ 4200493.607175216078758, 634263.067378840292804 ], [ 4200531.031692564487457, 634263.067378840292804 ], [ 4200568.456209912896156, 634263.067378840292804 ], [ 4200605.880727261304855, 634263.067378840292804 ], [ 4200632.343857261352241, 634236.604248840245418 ], [ 4200632.343857261352241, 634199.179731491371058 ], [ 4200632.343857261352241, 634161.755214142496698 ], [ 4200632.343857261352241, 634124.330696793622337 ], [ 4200658.806987261399627, 634097.867566793574952 ], [ 4200696.231504609808326, 634097.867566793574952 ], [ 4200733.656021958217025, 634097.867566793574952 ], [ 4200771.080539306625724, 634097.867566793574952 ], [ 4200808.505056655034423, 634097.867566793574952 ], [ 4200845.929574003443122, 634097.867566793574952 ], [ 4200883.354091351851821, 634097.867566793574952 ], [ 4200920.77860870026052, 634097.867566793574952 ], [ 4200958.203126048669219, 634097.867566793574952 ], [ 4200995.627643397077918, 634097.867566793574952 ], [ 4201033.052160745486617, 634097.867566793574952 ], [ 4201070.476678093895316, 634097.867566793574952 ], [ 4201107.901195442304015, 634097.867566793574952 ], [ 4201134.364325442351401, 634071.404436793527566 ], [ 4201134.364325442351401, 634033.979919444653206 ], [ 4201134.364325442351401, 633996.555402095778845 ], [ 4201134.364325442351401, 633959.130884746904485 ], [ 4201160.827455442398787, 633932.667754746857099 ], [ 4201198.251972790807486, 633932.667754746857099 ], [ 4201235.676490139216185, 633932.667754746857099 ], [ 4201273.101007487624884, 633932.667754746857099 ], [ 4201273.101007487624884, 633895.243237397982739 ], [ 4201273.101007487624884, 633857.818720049108379 ], [ 4201273.101007487624884, 633820.394202700234018 ], [ 4201273.101007487624884, 633782.969685351359658 ], [ 4201299.564137487672269, 633756.506555351312272 ], [ 4201336.988654836080968, 633756.506555351312272 ], [ 4201374.413172184489667, 633756.506555351312272 ], [ 4201411.837689532898366, 633756.506555351312272 ], [ 4201449.262206881307065, 633756.506555351312272 ], [ 4201486.686724229715765, 633756.506555351312272 ], [ 4201524.111241578124464, 633756.506555351312272 ], [ 4201561.535758926533163, 633756.506555351312272 ], [ 4201598.960276274941862, 633756.506555351312272 ], [ 4201636.384793623350561, 633756.506555351312272 ], [ 4201673.80931097175926, 633756.506555351312272 ], [ 4201711.233828320167959, 633756.506555351312272 ], [ 4201748.658345668576658, 633756.506555351312272 ], [ 4201748.658345668576658, 633719.082038002437912 ], [ 4201748.658345668576658, 633681.657520653563552 ], [ 4201748.658345668576658, 633644.233003304689191 ], [ 4201748.658345668576658, 633606.808485955814831 ], [ 4201786.082863016985357, 633606.808485955814831 ], [ 4201823.507380365394056, 633606.808485955814831 ], [ 4201860.931897713802755, 633606.808485955814831 ], [ 4201898.356415062211454, 633606.808485955814831 ], [ 4201935.780932410620153, 633606.808485955814831 ], [ 4201935.780932410620153, 633569.383968606940471 ], [ 4201935.780932410620153, 633531.95945125806611 ], [ 4201935.780932410620153, 633494.53493390919175 ], [ 4201935.780932410620153, 633457.11041656031739 ], [ 4201962.244062410667539, 633430.647286560270004 ], [ 4201999.668579759076238, 633430.647286560270004 ], [ 4202037.093097107484937, 633430.647286560270004 ], [ 4202074.517614455893636, 633430.647286560270004 ], [ 4202111.942131804302335, 633430.647286560270004 ], [ 4202149.366649152711034, 633430.647286560270004 ], [ 4202186.791166501119733, 633430.647286560270004 ], [ 4202224.215683849528432, 633430.647286560270004 ], [ 4202261.640201197937131, 633430.647286560270004 ], [ 4202299.06471854634583, 633430.647286560270004 ], [ 4202336.489235894754529, 633430.647286560270004 ], [ 4202373.913753243163228, 633430.647286560270004 ], [ 4202411.338270591571927, 633430.647286560270004 ], [ 4202411.338270591571927, 633393.222769211395644 ], [ 4202411.338270591571927, 633355.798251862521283 ], [ 4202411.338270591571927, 633318.373734513646923 ], [ 4202411.338270591571927, 633280.949217164772563 ], [ 4202411.338270591571927, 633243.524699815898202 ], [ 4202411.338270591571927, 633206.100182467023842 ], [ 4202411.338270591571927, 633168.675665118149482 ], [ 4202411.338270591571927, 633131.251147769275121 ], [ 4202451.032965591177344, 633110.268711443524808 ], [ 4202490.727660590782762, 633111.740985526819713 ], [ 4202528.152177939191461, 633111.740985526819713 ], [ 4202565.57669528760016, 633111.740985526819713 ], [ 4202603.001212636008859, 633111.740985526819713 ], [ 4202603.001212636008859, 633149.165502875694074 ], [ 4202603.001212636008859, 633186.590020224568434 ], [ 4202603.001212636008859, 633224.014537573442794 ], [ 4202603.001212636008859, 633261.439054922317155 ], [ 4202640.425729984417558, 633261.439054922317155 ], [ 4202677.850247332826257, 633261.439054922317155 ], [ 4202715.274764681234956, 633261.439054922317155 ], [ 4202752.699282029643655, 633261.439054922317155 ], [ 4202779.162412029691041, 633234.975924922269769 ], [ 4202779.162412029691041, 633197.551407573395409 ], [ 4202779.162412029691041, 633160.126890224521048 ], [ 4202779.162412029691041, 633122.702372875646688 ], [ 4202779.162412029691041, 633085.277855526772328 ], [ 4202779.162412029691041, 633047.853338177897967 ], [ 4202779.162412029691041, 633010.428820829023607 ], [ 4202779.162412029691041, 632973.004303480149247 ], [ 4202818.857107029296458, 632948.279415419558063 ], [ 4202858.551802028901875, 632946.009237768012099 ], [ 4202895.976319377310574, 632946.009237768012099 ], [ 4202933.400836725719273, 632946.009237768012099 ], [ 4202970.825354074127972, 632946.009237768012099 ], [ 4203008.249871422536671, 632946.009237768012099 ], [ 4203045.67438877094537, 632946.009237768012099 ], [ 4203083.098906119354069, 632946.009237768012099 ], [ 4203120.523423467762768, 632946.009237768012099 ], [ 4203157.947940816171467, 632946.009237768012099 ], [ 4203195.372458164580166, 632946.009237768012099 ], [ 4203232.796975512988865, 632946.009237768012099 ], [ 4203232.796975512988865, 632908.584720419137739 ], [ 4203232.796975512988865, 632871.160203070263378 ], [ 4203232.796975512988865, 632833.735685721389018 ], [ 4203232.796975512988865, 632796.311168372514658 ], [ 4203259.260105513036251, 632769.848038372467272 ], [ 4203296.68462286144495, 632769.848038372467272 ], [ 4203334.109140209853649, 632769.848038372467272 ], [ 4203371.533657558262348, 632769.848038372467272 ], [ 4203408.958174906671047, 632769.848038372467272 ], [ 4203408.958174906671047, 632732.423521023592912 ], [ 4203408.958174906671047, 632694.999003674718551 ], [ 4203408.958174906671047, 632657.574486325844191 ], [ 4203408.958174906671047, 632620.149968976969831 ], [ 4203435.421304906718433, 632593.686838976922445 ], [ 4203472.845822255127132, 632593.686838976922445 ], [ 4203510.270339603535831, 632593.686838976922445 ], [ 4203547.69485695194453, 632593.686838976922445 ], [ 4203585.119374300353229, 632593.686838976922445 ], [ 4203585.119374300353229, 632556.262321628048085 ], [ 4203585.119374300353229, 632518.837804279173724 ], [ 4203585.119374300353229, 632481.413286930299364 ], [ 4203585.119374300353229, 632443.988769581425004 ], [ 4203585.119374300353229, 632406.564252232550643 ], [ 4203585.119374300353229, 632369.139734883676283 ], [ 4203585.119374300353229, 632331.715217534801923 ], [ 4203585.119374300353229, 632294.290700185927562 ], [ 4203611.582504300400615, 632267.827570185880177 ], [ 4203649.007021648809314, 632267.827570185880177 ], [ 4203686.431538997218013, 632267.827570185880177 ], [ 4203723.856056345626712, 632267.827570185880177 ], [ 4203750.319186345674098, 632241.364440185832791 ], [ 4203750.319186345674098, 632203.939922836958431 ], [ 4203750.319186345674098, 632166.51540548808407 ], [ 4203750.319186345674098, 632129.09088813920971 ], [ 4203776.782316345721483, 632102.627758139162324 ], [ 4203814.206833694130182, 632102.627758139162324 ], [ 4203851.631351042538881, 632102.627758139162324 ], [ 4203889.05586839094758, 632102.627758139162324 ], [ 4203915.518998390994966, 632076.164628139114939 ], [ 4203915.518998390994966, 632038.740110790240578 ], [ 4203915.518998390994966, 632001.315593441366218 ], [ 4203915.518998390994966, 631963.891076092491858 ], [ 4203941.982128391042352, 631937.427946092444472 ], [ 4203979.406645739451051, 631937.427946092444472 ], [ 4204016.83116308785975, 631937.427946092444472 ], [ 4204054.255680436268449, 631937.427946092444472 ], [ 4204054.255680436268449, 631900.003428743570112 ], [ 4204054.255680436268449, 631862.578911394695751 ], [ 4204054.255680436268449, 631825.154394045821391 ], [ 4204054.255680436268449, 631787.729876696947031 ], [ 4204054.255680436268449, 631750.30535934807267 ], [ 4204054.255680436268449, 631712.88084199919831 ], [ 4204054.255680436268449, 631675.45632465032395 ], [ 4204054.255680436268449, 631638.031807301449589 ], [ 4204080.718810436315835, 631611.568677301402204 ], [ 4204118.143327784724534, 631611.568677301402204 ], [ 4204155.567845133133233, 631611.568677301402204 ], [ 4204192.992362481541932, 631611.568677301402204 ], [ 4204230.416879829950631, 631611.568677301402204 ], [ 4204256.880009829998016, 631585.105547301354818 ], [ 4204256.880009829998016, 631547.681029952480458 ], [ 4204256.880009829998016, 631510.256512603606097 ], [ 4204256.880009829998016, 631472.831995254731737 ], [ 4204283.343139830045402, 631446.368865254684351 ], [ 4204320.767657178454101, 631446.368865254684351 ], [ 4204358.1921745268628, 631446.368865254684351 ], [ 4204395.616691875271499, 631446.368865254684351 ], [ 4204395.616691875271499, 631408.944347905809991 ], [ 4204395.616691875271499, 631371.519830556935631 ], [ 4204395.616691875271499, 631334.09531320806127 ], [ 4204395.616691875271499, 631296.67079585918691 ], [ 4204395.616691875271499, 631259.24627851031255 ], [ 4204395.616691875271499, 631221.821761161438189 ], [ 4204395.616691875271499, 631184.397243812563829 ], [ 4204395.616691875271499, 631146.972726463689469 ], [ 4204422.079821875318885, 631120.509596463642083 ], [ 4204459.504339223727584, 631120.509596463642083 ], [ 4204496.928856572136283, 631120.509596463642083 ], [ 4204534.353373920544982, 631120.509596463642083 ], [ 4204571.777891268953681, 631120.509596463642083 ], [ 4204571.777891268953681, 631083.085079114767723 ], [ 4204571.777891268953681, 631045.660561765893362 ], [ 4204571.777891268953681, 631008.236044417019002 ], [ 4204571.777891268953681, 630970.811527068144642 ], [ 4204571.777891268953681, 630933.387009719270281 ], [ 4204571.777891268953681, 630895.962492370395921 ], [ 4204571.777891268953681, 630858.537975021521561 ], [ 4204571.777891268953681, 630821.113457672647201 ], [ 4204598.241021269001067, 630794.650327672599815 ], [ 4204635.665538617409766, 630794.650327672599815 ], [ 4204673.090055965818465, 630794.650327672599815 ], [ 4204710.514573314227164, 630794.650327672599815 ], [ 4204736.977703314274549, 630768.187197672552429 ], [ 4204736.977703314274549, 630730.762680323678069 ], [ 4204736.977703314274549, 630693.338162974803708 ], [ 4204736.977703314274549, 630655.913645625929348 ], [ 4204736.977703314274549, 630618.489128277054988 ], [ 4204736.977703314274549, 630581.064610928180628 ], [ 4204736.977703314274549, 630543.640093579306267 ], [ 4204736.977703314274549, 630506.215576230431907 ], [ 4204736.977703314274549, 630468.791058881557547 ], [ 4204763.440833314321935, 630442.327928881510161 ], [ 4204800.865350662730634, 630442.327928881510161 ], [ 4204838.289868011139333, 630442.327928881510161 ], [ 4204875.714385359548032, 630442.327928881510161 ], [ 4204875.714385359548032, 630404.903411532635801 ], [ 4204875.714385359548032, 630367.47889418376144 ], [ 4204875.714385359548032, 630330.05437683488708 ], [ 4204875.714385359548032, 630292.62985948601272 ], [ 4204913.138902707956731, 630292.62985948601272 ], [ 4204950.56342005636543, 630292.62985948601272 ], [ 4204987.987937404774129, 630292.62985948601272 ], [ 4205025.412454753182828, 630292.62985948601272 ], [ 4205062.836972101591527, 630292.62985948601272 ], [ 4205062.836972101591527, 630255.205342137138359 ], [ 4205062.836972101591527, 630217.780824788263999 ], [ 4205062.836972101591527, 630180.356307439389639 ], [ 4205062.836972101591527, 630142.931790090515278 ], [ 4205062.836972101591527, 630105.507272741640918 ], [ 4205062.836972101591527, 630068.082755392766558 ], [ 4205062.836972101591527, 630030.658238043892197 ], [ 4205062.836972101591527, 629993.233720695017837 ], [ 4205089.300102101638913, 629966.770590694970451 ], [ 4205126.724619450047612, 629966.770590694970451 ], [ 4205164.149136798456311, 629966.770590694970451 ], [ 4205201.57365414686501, 629966.770590694970451 ], [ 4205238.998171495273709, 629966.770590694970451 ], [ 4205238.998171495273709, 629929.346073346096091 ], [ 4205238.998171495273709, 629891.921555997221731 ], [ 4205238.998171495273709, 629854.49703864834737 ], [ 4205238.998171495273709, 629817.07252129947301 ], [ 4205238.998171495273709, 629779.64800395059865 ], [ 4205238.998171495273709, 629742.223486601724289 ], [ 4205238.998171495273709, 629704.798969252849929 ], [ 4205238.998171495273709, 629667.374451903975569 ], [ 4205238.998171495273709, 629629.949934555101208 ], [ 4205238.998171495273709, 629592.525417206226848 ], [ 4205238.998171495273709, 629555.100899857352488 ], [ 4205238.998171495273709, 629517.676382508478127 ], [ 4205238.998171495273709, 629480.251865159603767 ], [ 4205238.998171495273709, 629442.827347810729407 ], [ 4205238.998171495273709, 629405.402830461855046 ], [ 4205238.998171495273709, 629367.978313112980686 ], [ 4205238.998171495273709, 629330.553795764106326 ], [ 4205265.461301495321095, 629304.09066576405894 ], [ 4205302.885818843729794, 629304.09066576405894 ], [ 4205340.310336192138493, 629304.09066576405894 ], [ 4205377.734853540547192, 629304.09066576405894 ], [ 4205377.734853540547192, 629266.66614841518458 ], [ 4205377.734853540547192, 629229.241631066310219 ], [ 4205377.734853540547192, 629191.817113717435859 ], [ 4205377.734853540547192, 629154.392596368561499 ], [ 4205377.734853540547192, 629116.968079019687138 ], [ 4205377.734853540547192, 629079.543561670812778 ], [ 4205377.734853540547192, 629042.119044321938418 ], [ 4205377.734853540547192, 629004.694526973064058 ], [ 4205404.197983540594578, 628978.231396973016672 ], [ 4205441.622500889003277, 628978.231396973016672 ], [ 4205479.047018237411976, 628978.231396973016672 ], [ 4205516.471535585820675, 628978.231396973016672 ], [ 4205553.896052934229374, 628978.231396973016672 ], [ 4205553.896052934229374, 628940.806879624142312 ], [ 4205553.896052934229374, 628903.382362275267951 ], [ 4205553.896052934229374, 628865.957844926393591 ], [ 4205553.896052934229374, 628828.533327577519231 ], [ 4205553.896052934229374, 628791.10881022864487 ], [ 4205553.896052934229374, 628753.68429287977051 ], [ 4205553.896052934229374, 628716.25977553089615 ], [ 4205553.896052934229374, 628678.835258182021789 ], [ 4205553.896052934229374, 628641.410740833147429 ], [ 4205553.896052934229374, 628603.986223484273069 ], [ 4205553.896052934229374, 628566.561706135398708 ], [ 4205553.896052934229374, 628529.137188786524348 ], [ 4205553.896052934229374, 628491.712671437649988 ], [ 4205553.896052934229374, 628454.288154088775627 ], [ 4205553.896052934229374, 628416.863636739901267 ], [ 4205553.896052934229374, 628379.439119391026907 ], [ 4205553.896052934229374, 628342.014602042152546 ], [ 4205553.896052934229374, 628304.590084693278186 ], [ 4205553.896052934229374, 628267.165567344403826 ], [ 4205553.896052934229374, 628229.741049995529465 ], [ 4205553.896052934229374, 628192.316532646655105 ], [ 4205553.896052934229374, 628154.892015297780745 ], [ 4205580.35918293427676, 628128.428885297733359 ], [ 4205617.783700282685459, 628128.428885297733359 ], [ 4205655.208217631094158, 628128.428885297733359 ], [ 4205692.632734979502857, 628128.428885297733359 ], [ 4205692.632734979502857, 628091.004367948858999 ], [ 4205692.632734979502857, 628053.579850599984638 ], [ 4205692.632734979502857, 628016.155333251110278 ], [ 4205692.632734979502857, 627978.730815902235918 ], [ 4205730.057252327911556, 627978.730815902235918 ], [ 4205767.481769676320255, 627978.730815902235918 ], [ 4205804.906287024728954, 627978.730815902235918 ], [ 4205842.330804373137653, 627978.730815902235918 ], [ 4205879.755321721546352, 627978.730815902235918 ], [ 4205879.755321721546352, 627941.306298553361557 ], [ 4205879.755321721546352, 627903.881781204487197 ], [ 4205879.755321721546352, 627866.457263855612837 ], [ 4205879.755321721546352, 627829.032746506738476 ], [ 4205879.755321721546352, 627791.608229157864116 ], [ 4205879.755321721546352, 627754.183711808989756 ], [ 4205879.755321721546352, 627716.759194460115395 ], [ 4205879.755321721546352, 627679.334677111241035 ], [ 4205879.755321721546352, 627641.910159762366675 ], [ 4205879.755321721546352, 627604.485642413492315 ], [ 4205879.755321721546352, 627567.061125064617954 ], [ 4205879.755321721546352, 627529.636607715743594 ], [ 4205879.755321721546352, 627492.212090366869234 ], [ 4205906.218451721593738, 627465.748960366821848 ], [ 4205943.642969070002437, 627465.748960366821848 ], [ 4205981.067486418411136, 627465.748960366821848 ], [ 4206018.492003766819835, 627465.748960366821848 ], [ 4206055.916521115228534, 627465.748960366821848 ], [ 4206055.916521115228534, 627428.324443017947488 ], [ 4206055.916521115228534, 627390.899925669073127 ], [ 4206055.916521115228534, 627353.475408320198767 ], [ 4206055.916521115228534, 627316.050890971324407 ], [ 4206055.916521115228534, 627278.626373622450046 ], [ 4206055.916521115228534, 627241.201856273575686 ], [ 4206055.916521115228534, 627203.777338924701326 ], [ 4206055.916521115228534, 627166.352821575826965 ], [ 4206082.379651115275919, 627139.88969157577958 ], [ 4206119.804168463684618, 627139.88969157577958 ], [ 4206157.228685812093318, 627139.88969157577958 ], [ 4206194.653203160502017, 627139.88969157577958 ], [ 4206194.653203160502017, 627102.465174226905219 ], [ 4206194.653203160502017, 627065.040656878030859 ], [ 4206194.653203160502017, 627027.616139529156499 ], [ 4206194.653203160502017, 626990.191622180282138 ], [ 4206194.653203160502017, 626952.767104831407778 ], [ 4206194.653203160502017, 626915.342587482533418 ], [ 4206194.653203160502017, 626877.918070133659057 ], [ 4206194.653203160502017, 626840.493552784784697 ], [ 4206221.116333160549402, 626814.030422784737311 ], [ 4206258.540850508958101, 626814.030422784737311 ], [ 4206295.9653678573668, 626814.030422784737311 ], [ 4206333.389885205775499, 626814.030422784737311 ], [ 4206370.814402554184198, 626814.030422784737311 ], [ 4206370.814402554184198, 626776.605905435862951 ], [ 4206370.814402554184198, 626739.181388086988591 ], [ 4206370.814402554184198, 626701.75687073811423 ], [ 4206370.814402554184198, 626664.33235338923987 ], [ 4206397.277532554231584, 626637.869223389192484 ], [ 4206434.702049902640283, 626637.869223389192484 ], [ 4206472.126567251048982, 626637.869223389192484 ], [ 4206509.551084599457681, 626637.869223389192484 ], [ 4206546.97560194786638, 626637.869223389192484 ], [ 4206546.97560194786638, 626600.444706040318124 ], [ 4206546.97560194786638, 626563.020188691443764 ], [ 4206546.97560194786638, 626525.595671342569403 ], [ 4206546.97560194786638, 626488.171153993695043 ], [ 4206584.400119296275079, 626488.171153993695043 ], [ 4206621.824636644683778, 626488.171153993695043 ], [ 4206659.249153993092477, 626488.171153993695043 ], [ 4206696.673671341501176, 626488.171153993695043 ], [ 4206696.673671341501176, 626450.746636644820683 ], [ 4206696.673671341501176, 626413.322119295946322 ], [ 4206696.673671341501176, 626375.897601947071962 ], [ 4206696.673671341501176, 626338.473084598197602 ], [ 4206696.673671341501176, 626301.048567249323241 ], [ 4206696.673671341501176, 626263.624049900448881 ], [ 4206696.673671341501176, 626226.199532551574521 ], [ 4206696.673671341501176, 626188.77501520270016 ], [ 4206723.136801341548562, 626162.311885202652775 ], [ 4206760.561318689957261, 626162.311885202652775 ], [ 4206797.98583603836596, 626162.311885202652775 ], [ 4206835.410353386774659, 626162.311885202652775 ], [ 4206872.834870735183358, 626162.311885202652775 ], [ 4206872.834870735183358, 626124.887367853778414 ], [ 4206872.834870735183358, 626087.462850504904054 ], [ 4206872.834870735183358, 626050.038333156029694 ], [ 4206872.834870735183358, 626012.613815807155333 ], [ 4206899.298000735230744, 625986.150685807107948 ], [ 4206936.722518083639443, 625986.150685807107948 ], [ 4206974.147035432048142, 625986.150685807107948 ], [ 4207011.571552780456841, 625986.150685807107948 ], [ 4207048.99607012886554, 625986.150685807107948 ], [ 4207086.420587477274239, 625986.150685807107948 ], [ 4207123.845104825682938, 625986.150685807107948 ], [ 4207161.269622174091637, 625986.150685807107948 ], [ 4207198.694139522500336, 625986.150685807107948 ], [ 4207225.157269522547722, 626012.613815807155333 ], [ 4207225.157269522547722, 626050.038333156029694 ], [ 4207225.157269522547722, 626087.462850504904054 ], [ 4207225.157269522547722, 626124.887367853778414 ], [ 4207225.157269522547722, 626162.311885202652775 ], [ 4207262.581786870956421, 626162.311885202652775 ], [ 4207300.00630421936512, 626162.311885202652775 ], [ 4207337.430821567773819, 626162.311885202652775 ], [ 4207374.855338916182518, 626162.311885202652775 ], [ 4207374.855338916182518, 626124.887367853778414 ], [ 4207374.855338916182518, 626087.462850504904054 ], [ 4207374.855338916182518, 626050.038333156029694 ], [ 4207374.855338916182518, 626012.613815807155333 ], [ 4207401.318468916229904, 625986.150685807107948 ], [ 4207438.742986264638603, 625986.150685807107948 ], [ 4207476.167503613047302, 625986.150685807107948 ], [ 4207513.592020961456001, 625986.150685807107948 ], [ 4207551.0165383098647, 625986.150685807107948 ], [ 4207588.441055658273399, 625986.150685807107948 ], [ 4207625.865573006682098, 625986.150685807107948 ], [ 4207663.290090355090797, 625986.150685807107948 ], [ 4207700.714607703499496, 625986.150685807107948 ], [ 4207738.139125051908195, 625986.150685807107948 ], [ 4207775.563642400316894, 625986.150685807107948 ], [ 4207812.988159748725593, 625986.150685807107948 ], [ 4207850.412677097134292, 625986.150685807107948 ], [ 4207887.837194445542991, 625986.150685807107948 ], [ 4207925.26171179395169, 625986.150685807107948 ], [ 4207962.686229142360389, 625986.150685807107948 ], [ 4208000.110746490769088, 625986.150685807107948 ], [ 4208037.535263839177787, 625986.150685807107948 ], [ 4208074.959781187586486, 625986.150685807107948 ], [ 4208112.384298535995185, 625986.150685807107948 ], [ 4208149.808815884403884, 625986.150685807107948 ], [ 4208187.233333232812583, 625986.150685807107948 ], [ 4208213.696463232859969, 626012.613815807155333 ], [ 4208213.696463232859969, 626050.038333156029694 ], [ 4208213.696463232859969, 626087.462850504904054 ], [ 4208213.696463232859969, 626124.887367853778414 ], [ 4208213.696463232859969, 626162.311885202652775 ], [ 4208251.120980581268668, 626162.311885202652775 ], [ 4208288.545497929677367, 626162.311885202652775 ], [ 4208325.970015278086066, 626162.311885202652775 ], [ 4208363.394532626494765, 626162.311885202652775 ], [ 4208400.819049974903464, 626162.311885202652775 ], [ 4208438.243567323312163, 626162.311885202652775 ], [ 4208475.668084671720862, 626162.311885202652775 ], [ 4208513.092602020129561, 626162.311885202652775 ], [ 4208539.555732020176947, 626188.77501520270016 ], [ 4208539.555732020176947, 626226.199532551574521 ], [ 4208539.555732020176947, 626263.624049900448881 ], [ 4208539.555732020176947, 626301.048567249323241 ], [ 4208566.018862020224333, 626327.511697249370627 ], [ 4208603.443379368633032, 626327.511697249370627 ], [ 4208640.867896717041731, 626327.511697249370627 ], [ 4208678.29241406545043, 626327.511697249370627 ], [ 4208704.755544065497816, 626353.974827249418013 ], [ 4208704.755544065497816, 626391.399344598292373 ], [ 4208704.755544065497816, 626428.823861947166733 ], [ 4208704.755544065497816, 626466.248379296041094 ], [ 4208731.218674065545201, 626492.711509296088479 ], [ 4208768.6431914139539, 626492.711509296088479 ], [ 4208806.067708762362599, 626492.711509296088479 ], [ 4208843.492226110771298, 626492.711509296088479 ], [ 4208880.916743459179997, 626492.711509296088479 ], [ 4208918.341260807588696, 626492.711509296088479 ], [ 4208955.765778155997396, 626492.711509296088479 ], [ 4208993.190295504406095, 626492.711509296088479 ], [ 4209030.614812852814794, 626492.711509296088479 ], [ 4209068.039330201223493, 626492.711509296088479 ], [ 4209105.463847549632192, 626492.711509296088479 ], [ 4209142.888364898040891, 626492.711509296088479 ], [ 4209180.31288224644959, 626492.711509296088479 ], [ 4209206.776012246496975, 626519.174639296135865 ], [ 4209206.776012246496975, 626556.599156645010225 ], [ 4209206.776012246496975, 626594.023673993884586 ], [ 4209206.776012246496975, 626631.448191342758946 ], [ 4209233.239142246544361, 626657.911321342806332 ], [ 4209270.66365959495306, 626657.911321342806332 ], [ 4209308.088176943361759, 626657.911321342806332 ], [ 4209345.512694291770458, 626657.911321342806332 ], [ 4209345.512694291770458, 626695.335838691680692 ], [ 4209345.512694291770458, 626732.760356040555052 ], [ 4209345.512694291770458, 626770.184873389429413 ], [ 4209345.512694291770458, 626807.609390738303773 ], [ 4209382.937211640179157, 626807.609390738303773 ], [ 4209420.361728988587856, 626807.609390738303773 ], [ 4209457.786246336996555, 626807.609390738303773 ], [ 4209495.210763685405254, 626807.609390738303773 ], [ 4209532.635281033813953, 626807.609390738303773 ], [ 4209570.059798382222652, 626807.609390738303773 ], [ 4209607.484315730631351, 626807.609390738303773 ], [ 4209644.908833079040051, 626807.609390738303773 ], [ 4209682.33335042744875, 626807.609390738303773 ], [ 4209708.796480427496135, 626834.072520738351159 ], [ 4209708.796480427496135, 626871.497038087225519 ], [ 4209708.796480427496135, 626908.921555436099879 ], [ 4209708.796480427496135, 626946.34607278497424 ], [ 4209708.796480427496135, 626983.7705901338486 ], [ 4209746.220997775904834, 626983.7705901338486 ], [ 4209783.645515124313533, 626983.7705901338486 ], [ 4209821.070032472722232, 626983.7705901338486 ], [ 4209858.494549821130931, 626983.7705901338486 ], [ 4209895.91906716953963, 626983.7705901338486 ], [ 4209933.343584517948329, 626983.7705901338486 ], [ 4209970.768101866357028, 626983.7705901338486 ], [ 4210008.192619214765728, 626983.7705901338486 ], [ 4210008.192619214765728, 627021.19510748272296 ], [ 4210008.192619214765728, 627058.619624831597321 ], [ 4210008.192619214765728, 627096.044142180471681 ], [ 4210008.192619214765728, 627133.468659529346041 ], [ 4210045.617136563174427, 627133.468659529346041 ], [ 4210083.041653911583126, 627133.468659529346041 ], [ 4210120.466171259991825, 627133.468659529346041 ], [ 4210157.890688608400524, 627133.468659529346041 ], [ 4210195.315205956809223, 627133.468659529346041 ], [ 4210232.739723305217922, 627133.468659529346041 ], [ 4210270.164240653626621, 627133.468659529346041 ], [ 4210307.58875800203532, 627133.468659529346041 ], [ 4210324.828742592595518, 627173.163354529300705 ], [ 4210323.356468508951366, 627212.858049529255368 ], [ 4210323.356468508951366, 627250.282566878129728 ], [ 4210323.356468508951366, 627287.707084227004088 ], [ 4210323.356468508951366, 627325.131601575878449 ], [ 4210360.780985857360065, 627325.131601575878449 ], [ 4210398.205503205768764, 627325.131601575878449 ], [ 4210435.630020554177463, 627325.131601575878449 ], [ 4210473.054537902586162, 627325.131601575878449 ], [ 4210510.479055250994861, 627325.131601575878449 ], [ 4210510.479055250994861, 627362.556118924752809 ], [ 4210510.479055250994861, 627399.980636273627169 ], [ 4210510.479055250994861, 627437.40515362250153 ], [ 4210510.479055250994861, 627474.82967097137589 ], [ 4210547.90357259940356, 627474.82967097137589 ], [ 4210585.328089947812259, 627474.82967097137589 ], [ 4210622.752607296220958, 627474.82967097137589 ], [ 4210660.177124644629657, 627474.82967097137589 ], [ 4210697.601641993038356, 627474.82967097137589 ], [ 4210735.026159341447055, 627474.82967097137589 ], [ 4210772.450676689855754, 627474.82967097137589 ], [ 4210809.875194038264453, 627474.82967097137589 ], [ 4210836.338324038311839, 627501.292800971423276 ], [ 4210836.338324038311839, 627538.717318320297636 ], [ 4210836.338324038311839, 627576.141835669171996 ], [ 4210836.338324038311839, 627613.566353018046357 ], [ 4210836.338324038311839, 627650.990870366920717 ], [ 4210873.762841386720538, 627650.990870366920717 ], [ 4210911.187358735129237, 627650.990870366920717 ], [ 4210948.611876083537936, 627650.990870366920717 ], [ 4210986.036393431946635, 627650.990870366920717 ], [ 4210986.036393431946635, 627688.415387715795077 ], [ 4210986.036393431946635, 627725.839905064669438 ], [ 4210986.036393431946635, 627763.264422413543798 ], [ 4210986.036393431946635, 627800.688939762418158 ], [ 4211023.460910780355334, 627800.688939762418158 ], [ 4211060.885428128764033, 627800.688939762418158 ], [ 4211098.309945477172732, 627800.688939762418158 ], [ 4211135.734462825581431, 627800.688939762418158 ], [ 4211173.15898017399013, 627800.688939762418158 ], [ 4211210.583497522398829, 627800.688939762418158 ], [ 4211248.008014870807528, 627800.688939762418158 ], [ 4211285.432532219216228, 627800.688939762418158 ], [ 4211322.857049567624927, 627800.688939762418158 ], [ 4211349.320179567672312, 627827.152069762465544 ], [ 4211349.320179567672312, 627864.576587111339904 ], [ 4211349.320179567672312, 627902.001104460214265 ], [ 4211349.320179567672312, 627939.425621809088625 ], [ 4211349.320179567672312, 627976.850139157962985 ], [ 4211386.744696916081011, 627976.850139157962985 ], [ 4211424.16921426448971, 627976.850139157962985 ], [ 4211461.593731612898409, 627976.850139157962985 ], [ 4211499.018248961307108, 627976.850139157962985 ], [ 4211536.442766309715807, 627976.850139157962985 ], [ 4211573.867283658124506, 627976.850139157962985 ], [ 4211611.291801006533206, 627976.850139157962985 ], [ 4211648.716318354941905, 627976.850139157962985 ], [ 4211686.140835703350604, 627976.850139157962985 ], [ 4211723.565353051759303, 627976.850139157962985 ], [ 4211760.989870400168002, 627976.850139157962985 ], [ 4211798.414387748576701, 627976.850139157962985 ], [ 4211835.8389050969854, 627976.850139157962985 ], [ 4211873.263422445394099, 627976.850139157962985 ], [ 4211910.687939793802798, 627976.850139157962985 ], [ 4211948.112457142211497, 627976.850139157962985 ], [ 4211985.536974490620196, 627976.850139157962985 ], [ 4212012.000104490667582, 628003.313269158010371 ], [ 4212012.000104490667582, 628040.737786506884731 ], [ 4212012.000104490667582, 628078.162303855759092 ], [ 4212012.000104490667582, 628115.586821204633452 ], [ 4212038.463234490714967, 628142.049951204680838 ], [ 4212075.887751839123666, 628142.049951204680838 ], [ 4212113.312269187532365, 628142.049951204680838 ], [ 4212150.736786535941064, 628142.049951204680838 ], [ 4212188.161303884349763, 628142.049951204680838 ], [ 4212225.585821232758462, 628142.049951204680838 ], [ 4212263.010338581167161, 628142.049951204680838 ], [ 4212300.434855929575861, 628142.049951204680838 ], [ 4212337.85937327798456, 628142.049951204680838 ], [ 4212375.283890626393259, 628142.049951204680838 ], [ 4212412.708407974801958, 628142.049951204680838 ], [ 4212450.132925323210657, 628142.049951204680838 ], [ 4212487.557442671619356, 628142.049951204680838 ], [ 4212524.981960020028055, 628142.049951204680838 ], [ 4212562.406477368436754, 628142.049951204680838 ], [ 4212599.830994716845453, 628142.049951204680838 ], [ 4212637.255512065254152, 628142.049951204680838 ], [ 4212674.680029413662851, 628142.049951204680838 ], [ 4212712.10454676207155, 628142.049951204680838 ], [ 4212749.529064110480249, 628142.049951204680838 ], [ 4212786.953581458888948, 628142.049951204680838 ], [ 4212824.378098807297647, 628142.049951204680838 ], [ 4212861.802616155706346, 628142.049951204680838 ], [ 4212899.227133504115045, 628142.049951204680838 ], [ 4212936.651650852523744, 628142.049951204680838 ], [ 4212974.076168200932443, 628142.049951204680838 ], [ 4213011.500685549341142, 628142.049951204680838 ], [ 4213048.925202897749841, 628142.049951204680838 ], [ 4213086.34972024615854, 628142.049951204680838 ], [ 4213123.774237594567239, 628142.049951204680838 ], [ 4213123.774237594567239, 628104.625433855806477 ], [ 4213123.774237594567239, 628067.200916506932117 ], [ 4213123.774237594567239, 628029.776399158057757 ], [ 4213123.774237594567239, 627992.351881809183396 ], [ 4213150.237367594614625, 627965.888751809136011 ], [ 4213187.661884943023324, 627965.888751809136011 ], [ 4213225.086402291432023, 627965.888751809136011 ], [ 4213262.510919639840722, 627965.888751809136011 ], [ 4213299.935436988249421, 627965.888751809136011 ], [ 4213337.35995433665812, 627965.888751809136011 ], [ 4213374.784471685066819, 627965.888751809136011 ], [ 4213412.208989033475518, 627965.888751809136011 ], [ 4213449.633506381884217, 627965.888751809136011 ], [ 4213487.058023730292916, 627965.888751809136011 ], [ 4213524.482541078701615, 627965.888751809136011 ], [ 4213561.907058427110314, 627965.888751809136011 ], [ 4213599.331575775519013, 627965.888751809136011 ], [ 4213636.756093123927712, 627965.888751809136011 ], [ 4213674.180610472336411, 627965.888751809136011 ], [ 4213711.605127820745111, 627965.888751809136011 ], [ 4213749.02964516915381, 627965.888751809136011 ], [ 4213786.454162517562509, 627965.888751809136011 ], [ 4213823.878679865971208, 627965.888751809136011 ], [ 4213861.303197214379907, 627965.888751809136011 ], [ 4213898.727714562788606, 627965.888751809136011 ], [ 4213936.152231911197305, 627965.888751809136011 ], [ 4213973.576749259606004, 627965.888751809136011 ], [ 4214011.001266608014703, 627965.888751809136011 ], [ 4214048.425783956423402, 627965.888751809136011 ], [ 4214085.850301304832101, 627965.888751809136011 ], [ 4214085.850301304832101, 627928.46423446026165 ], [ 4214085.850301304832101, 627891.03971711138729 ], [ 4214085.850301304832101, 627853.61519976251293 ], [ 4214085.850301304832101, 627816.190682413638569 ], [ 4214123.2748186532408, 627816.190682413638569 ], [ 4214160.699336001649499, 627816.190682413638569 ], [ 4214198.123853350058198, 627816.190682413638569 ], [ 4214235.548370698466897, 627816.190682413638569 ], [ 4214272.972888046875596, 627816.190682413638569 ], [ 4214310.397405395284295, 627816.190682413638569 ], [ 4214347.821922743692994, 627816.190682413638569 ], [ 4214385.246440092101693, 627816.190682413638569 ], [ 4214422.670957440510392, 627816.190682413638569 ], [ 4214449.134087440557778, 627789.727552413591184 ], [ 4214449.134087440557778, 627752.303035064716823 ], [ 4214449.134087440557778, 627714.878517715842463 ], [ 4214449.134087440557778, 627677.454000366968103 ], [ 4214475.597217440605164, 627650.990870366920717 ], [ 4214513.021734789013863, 627650.990870366920717 ], [ 4214550.446252137422562, 627650.990870366920717 ], [ 4214587.870769485831261, 627650.990870366920717 ], [ 4214625.29528683423996, 627650.990870366920717 ], [ 4214662.719804182648659, 627650.990870366920717 ], [ 4214700.144321531057358, 627650.990870366920717 ], [ 4214737.568838879466057, 627650.990870366920717 ], [ 4214774.993356227874756, 627650.990870366920717 ], [ 4214812.417873576283455, 627650.990870366920717 ], [ 4214849.842390924692154, 627650.990870366920717 ], [ 4214887.266908273100853, 627650.990870366920717 ], [ 4214924.691425621509552, 627650.990870366920717 ], [ 4214962.115942969918251, 627650.990870366920717 ], [ 4214999.54046031832695, 627650.990870366920717 ], [ 4215036.964977666735649, 627650.990870366920717 ], [ 4215074.389495015144348, 627650.990870366920717 ], [ 4215111.814012363553047, 627650.990870366920717 ], [ 4215149.238529711961746, 627650.990870366920717 ], [ 4215186.663047060370445, 627650.990870366920717 ], [ 4215224.087564408779144, 627650.990870366920717 ], [ 4215261.512081757187843, 627650.990870366920717 ], [ 4215261.512081757187843, 627613.566353018046357 ], [ 4215261.512081757187843, 627576.141835669171996 ], [ 4215261.512081757187843, 627538.717318320297636 ], [ 4215261.512081757187843, 627501.292800971423276 ], [ 4215287.975211757235229, 627474.82967097137589 ], [ 4215325.399729105643928, 627474.82967097137589 ], [ 4215362.824246454052627, 627474.82967097137589 ], [ 4215400.248763802461326, 627474.82967097137589 ], [ 4215437.673281150870025, 627474.82967097137589 ], [ 4215437.673281150870025, 627512.25418832025025 ], [ 4215437.673281150870025, 627549.678705669124611 ], [ 4215437.673281150870025, 627587.103223017998971 ], [ 4215437.673281150870025, 627624.527740366873331 ], [ 4215464.136411150917411, 627650.990870366920717 ], [ 4215501.56092849932611, 627650.990870366920717 ], [ 4215538.985445847734809, 627650.990870366920717 ], [ 4215576.409963196143508, 627650.990870366920717 ], [ 4215576.409963196143508, 627613.566353018046357 ], [ 4215576.409963196143508, 627576.141835669171996 ], [ 4215576.409963196143508, 627538.717318320297636 ], [ 4215576.409963196143508, 627501.292800971423276 ], [ 4215602.873093196190894, 627474.82967097137589 ], [ 4215640.297610544599593, 627474.82967097137589 ], [ 4215677.722127893008292, 627474.82967097137589 ], [ 4215715.146645241416991, 627474.82967097137589 ], [ 4215752.57116258982569, 627474.82967097137589 ], [ 4215789.995679938234389, 627474.82967097137589 ], [ 4215827.420197286643088, 627474.82967097137589 ], [ 4215864.844714635051787, 627474.82967097137589 ], [ 4215902.269231983460486, 627474.82967097137589 ], [ 4215939.693749331869185, 627474.82967097137589 ], [ 4215977.118266680277884, 627474.82967097137589 ], [ 4216014.542784028686583, 627474.82967097137589 ], [ 4216051.967301377095282, 627474.82967097137589 ], [ 4216089.391818725503981, 627474.82967097137589 ], [ 4216126.81633607391268, 627474.82967097137589 ], [ 4216164.240853422321379, 627474.82967097137589 ], [ 4216201.665370770730078, 627474.82967097137589 ], [ 4216239.089888119138777, 627474.82967097137589 ], [ 4216276.514405467547476, 627474.82967097137589 ], [ 4216313.938922815956175, 627474.82967097137589 ], [ 4216351.363440164364874, 627474.82967097137589 ], [ 4216388.787957512773573, 627474.82967097137589 ], [ 4216426.212474861182272, 627474.82967097137589 ], [ 4216463.636992209590971, 627474.82967097137589 ], [ 4216501.061509557999671, 627474.82967097137589 ], [ 4216538.48602690640837, 627474.82967097137589 ], [ 4216575.910544254817069, 627474.82967097137589 ], [ 4216613.335061603225768, 627474.82967097137589 ], [ 4216650.759578951634467, 627474.82967097137589 ], [ 4216688.184096300043166, 627474.82967097137589 ], [ 4216725.608613648451865, 627474.82967097137589 ], [ 4216763.033130996860564, 627474.82967097137589 ], [ 4216800.457648345269263, 627474.82967097137589 ], [ 4216837.882165693677962, 627474.82967097137589 ], [ 4216875.306683042086661, 627474.82967097137589 ], [ 4216912.73120039049536, 627474.82967097137589 ], [ 4216950.155717738904059, 627474.82967097137589 ], [ 4216987.580235087312758, 627474.82967097137589 ], [ 4217025.004752435721457, 627474.82967097137589 ], [ 4217062.429269784130156, 627474.82967097137589 ], [ 4217099.853787132538855, 627474.82967097137589 ], [ 4217137.278304480947554, 627474.82967097137589 ], [ 4217174.702821829356253, 627474.82967097137589 ], [ 4217212.127339177764952, 627474.82967097137589 ], [ 4217238.590469177812338, 627501.292800971423276 ], [ 4217238.590469177812338, 627538.717318320297636 ], [ 4217238.590469177812338, 627576.141835669171996 ], [ 4217238.590469177812338, 627613.566353018046357 ], [ 4217238.590469177812338, 627650.990870366920717 ], [ 4217276.014986526221037, 627650.990870366920717 ], [ 4217313.439503874629736, 627650.990870366920717 ], [ 4217350.864021223038435, 627650.990870366920717 ], [ 4217388.288538571447134, 627650.990870366920717 ], [ 4217388.288538571447134, 627613.566353018046357 ], [ 4217388.288538571447134, 627576.141835669171996 ], [ 4217388.288538571447134, 627538.717318320297636 ], [ 4217388.288538571447134, 627501.292800971423276 ], [ 4217414.75166857149452, 627474.82967097137589 ], [ 4217452.176185919903219, 627474.82967097137589 ], [ 4217489.600703268311918, 627474.82967097137589 ], [ 4217527.025220616720617, 627474.82967097137589 ], [ 4217564.449737965129316, 627474.82967097137589 ], [ 4217601.874255313538015, 627474.82967097137589 ], [ 4217639.298772661946714, 627474.82967097137589 ], [ 4217676.723290010355413, 627474.82967097137589 ], [ 4217714.147807358764112, 627474.82967097137589 ], [ 4217740.610937358811498, 627501.292800971423276 ], [ 4217740.610937358811498, 627538.717318320297636 ], [ 4217740.610937358811498, 627576.141835669171996 ], [ 4217740.610937358811498, 627613.566353018046357 ], [ 4217740.610937358811498, 627650.990870366920717 ], [ 4217778.035454707220197, 627650.990870366920717 ], [ 4217815.459972055628896, 627650.990870366920717 ], [ 4217852.884489404037595, 627650.990870366920717 ], [ 4217890.309006752446294, 627650.990870366920717 ], [ 4217927.733524100854993, 627650.990870366920717 ], [ 4217965.158041449263692, 627650.990870366920717 ], [ 4218002.582558797672391, 627650.990870366920717 ], [ 4218040.00707614608109, 627650.990870366920717 ], [ 4218077.431593494489789, 627650.990870366920717 ], [ 4218114.856110842898488, 627650.990870366920717 ], [ 4218152.280628191307187, 627650.990870366920717 ], [ 4218189.705145539715886, 627650.990870366920717 ], [ 4218227.129662888124585, 627650.990870366920717 ], [ 4218253.592792888171971, 627677.454000366968103 ], [ 4218253.592792888171971, 627714.878517715842463 ], [ 4218253.592792888171971, 627752.303035064716823 ], [ 4218253.592792888171971, 627789.727552413591184 ], [ 4218280.055922888219357, 627816.190682413638569 ], [ 4218317.480440236628056, 627816.190682413638569 ], [ 4218354.904957585036755, 627816.190682413638569 ], [ 4218392.329474933445454, 627816.190682413638569 ], [ 4218418.792604933492839, 627842.653812413685955 ], [ 4218418.792604933492839, 627880.078329762560315 ], [ 4218418.792604933492839, 627917.502847111434676 ], [ 4218418.792604933492839, 627954.927364460309036 ], [ 4218445.255734933540225, 627981.390494460356422 ], [ 4218482.680252281948924, 627981.390494460356422 ], [ 4218520.104769630357623, 627981.390494460356422 ], [ 4218557.529286978766322, 627981.390494460356422 ], [ 4218594.953804327175021, 627981.390494460356422 ], [ 4218632.37832167558372, 627981.390494460356422 ], [ 4218669.802839023992419, 627981.390494460356422 ], [ 4218707.227356372401118, 627981.390494460356422 ], [ 4218733.690486372448504, 628007.853624460403807 ], [ 4218733.690486372448504, 628045.278141809278168 ], [ 4218733.690486372448504, 628082.702659158152528 ], [ 4218733.690486372448504, 628120.127176507026888 ], [ 4218760.15361637249589, 628146.590306507074274 ], [ 4218797.578133720904589, 628146.590306507074274 ], [ 4218835.002651069313288, 628146.590306507074274 ], [ 4218872.427168417721987, 628146.590306507074274 ], [ 4218898.890298417769372, 628173.05343650712166 ], [ 4218898.890298417769372, 628210.47795385599602 ], [ 4218898.890298417769372, 628247.90247120487038 ], [ 4218898.890298417769372, 628285.326988553744741 ], [ 4218925.353428417816758, 628311.790118553792126 ], [ 4218962.777945766225457, 628311.790118553792126 ], [ 4219000.202463114634156, 628311.790118553792126 ], [ 4219037.626980463042855, 628311.790118553792126 ], [ 4219064.090110463090241, 628338.253248553839512 ], [ 4219064.090110463090241, 628375.677765902713872 ], [ 4219064.090110463090241, 628413.102283251588233 ], [ 4219064.090110463090241, 628450.526800600462593 ], [ 4219090.553240463137627, 628476.989930600509979 ], [ 4219127.977757811546326, 628476.989930600509979 ], [ 4219165.402275159955025, 628476.989930600509979 ], [ 4219202.826792508363724, 628476.989930600509979 ], [ 4219229.289922508411109, 628503.453060600557365 ], [ 4219229.289922508411109, 628540.877577949431725 ], [ 4219229.289922508411109, 628578.302095298306085 ], [ 4219229.289922508411109, 628615.726612647180445 ], [ 4219255.753052508458495, 628642.189742647227831 ], [ 4219293.177569856867194, 628642.189742647227831 ], [ 4219330.602087205275893, 628642.189742647227831 ], [ 4219368.026604553684592, 628642.189742647227831 ], [ 4219394.489734553731978, 628668.652872647275217 ], [ 4219394.489734553731978, 628706.077389996149577 ], [ 4219394.489734553731978, 628743.501907345023938 ], [ 4219394.489734553731978, 628780.926424693898298 ], [ 4219420.952864553779364, 628807.389554693945684 ], [ 4219458.377381902188063, 628807.389554693945684 ], [ 4219495.801899250596762, 628807.389554693945684 ], [ 4219533.226416599005461, 628807.389554693945684 ], [ 4219533.226416599005461, 628844.814072042820044 ], [ 4219533.226416599005461, 628882.238589391694404 ], [ 4219533.226416599005461, 628919.663106740568765 ], [ 4219533.226416599005461, 628957.087624089443125 ], [ 4219570.65093394741416, 628957.087624089443125 ], [ 4219608.075451295822859, 628957.087624089443125 ], [ 4219645.499968644231558, 628957.087624089443125 ], [ 4219682.924485992640257, 628957.087624089443125 ], [ 4219720.349003341048956, 628957.087624089443125 ], [ 4219720.349003341048956, 628994.512141438317485 ], [ 4219720.349003341048956, 629031.936658787191845 ], [ 4219720.349003341048956, 629069.361176136066206 ], [ 4219720.349003341048956, 629106.785693484940566 ], [ 4219720.349003341048956, 629144.210210833814926 ], [ 4219757.773520689457655, 629144.210210833814926 ], [ 4219795.198038037866354, 629144.210210833814926 ], [ 4219832.622555386275053, 629144.210210833814926 ], [ 4219870.047072734683752, 629144.210210833814926 ], [ 4219907.471590083092451, 629144.210210833814926 ], [ 4219944.89610743150115, 629144.210210833814926 ], [ 4219982.320624779909849, 629144.210210833814926 ], [ 4220019.745142128318548, 629144.210210833814926 ], [ 4220046.208272128365934, 629170.673340833862312 ], [ 4220046.208272128365934, 629208.097858182736672 ], [ 4220046.208272128365934, 629245.522375531611033 ], [ 4220046.208272128365934, 629282.946892880485393 ], [ 4220072.67140212841332, 629309.410022880532779 ], [ 4220110.095919476822019, 629309.410022880532779 ], [ 4220147.520436825230718, 629309.410022880532779 ], [ 4220184.944954173639417, 629309.410022880532779 ], [ 4220211.408084173686802, 629335.873152880580164 ], [ 4220211.408084173686802, 629373.297670229454525 ], [ 4220211.408084173686802, 629410.722187578328885 ], [ 4220211.408084173686802, 629448.146704927203245 ], [ 4220237.871214173734188, 629474.609834927250631 ], [ 4220275.295731522142887, 629474.609834927250631 ], [ 4220312.720248870551586, 629474.609834927250631 ], [ 4220350.144766218960285, 629474.609834927250631 ], [ 4220387.569283567368984, 629474.609834927250631 ], [ 4220387.569283567368984, 629512.034352276124991 ], [ 4220387.569283567368984, 629549.458869624999352 ], [ 4220387.569283567368984, 629586.883386973873712 ], [ 4220387.569283567368984, 629624.307904322748072 ], [ 4220424.993800915777683, 629624.307904322748072 ], [ 4220462.418318264186382, 629624.307904322748072 ], [ 4220499.842835612595081, 629624.307904322748072 ], [ 4220537.26735296100378, 629624.307904322748072 ], [ 4220574.691870309412479, 629624.307904322748072 ], [ 4220612.116387657821178, 629624.307904322748072 ], [ 4220649.540905006229877, 629624.307904322748072 ], [ 4220686.965422354638577, 629624.307904322748072 ], [ 4220713.428552354685962, 629650.771034322795458 ], [ 4220713.428552354685962, 629688.195551671669818 ], [ 4220713.428552354685962, 629725.620069020544179 ], [ 4220713.428552354685962, 629763.044586369418539 ], [ 4220713.428552354685962, 629800.469103718292899 ], [ 4220750.853069703094661, 629800.469103718292899 ], [ 4220788.27758705150336, 629800.469103718292899 ], [ 4220825.702104399912059, 629800.469103718292899 ], [ 4220863.126621748320758, 629800.469103718292899 ], [ 4220900.551139096729457, 629800.469103718292899 ], [ 4220937.975656445138156, 629800.469103718292899 ], [ 4220975.400173793546855, 629800.469103718292899 ], [ 4221015.094868793152273, 629840.163798718247563 ], [ 4221013.622594709508121, 629879.858493718202226 ], [ 4221013.622594709508121, 629917.283011067076586 ], [ 4221013.622594709508121, 629954.707528415950947 ], [ 4221013.622594709508121, 629992.132045764825307 ], [ 4221013.622594709508121, 630029.556563113699667 ], [ 4221013.622594709508121, 630066.981080462574027 ], [ 4221013.622594709508121, 630104.405597811448388 ], [ 4221040.085724709555507, 630130.868727811495773 ], [ 4221077.510242057964206, 630130.868727811495773 ], [ 4221114.934759406372905, 630130.868727811495773 ], [ 4221152.359276754781604, 630130.868727811495773 ], [ 4221189.783794103190303, 630130.868727811495773 ], [ 4221227.208311451599002, 630130.868727811495773 ], [ 4221264.632828800007701, 630130.868727811495773 ], [ 4221302.0573461484164, 630130.868727811495773 ], [ 4221339.481863496825099, 630130.868727811495773 ], [ 4221376.906380845233798, 630130.868727811495773 ], [ 4221414.330898193642497, 630130.868727811495773 ], [ 4221451.755415542051196, 630130.868727811495773 ], [ 4221489.179932890459895, 630130.868727811495773 ], [ 4221515.643062890507281, 630157.331857811543159 ], [ 4221515.643062890507281, 630194.75637516041752 ], [ 4221515.643062890507281, 630232.18089250929188 ], [ 4221515.643062890507281, 630269.60540985816624 ], [ 4221542.106192890554667, 630296.068539858213626 ], [ 4221579.530710238963366, 630296.068539858213626 ], [ 4221616.955227587372065, 630296.068539858213626 ], [ 4221654.379744935780764, 630296.068539858213626 ], [ 4221680.842874935828149, 630322.531669858261012 ], [ 4221680.842874935828149, 630359.956187207135372 ], [ 4221680.842874935828149, 630397.380704556009732 ], [ 4221680.842874935828149, 630434.805221904884093 ], [ 4221707.306004935875535, 630461.268351904931478 ], [ 4221744.730522284284234, 630461.268351904931478 ], [ 4221782.155039632692933, 630461.268351904931478 ], [ 4221819.579556981101632, 630461.268351904931478 ], [ 4221819.579556981101632, 630423.843834556057118 ], [ 4221819.579556981101632, 630386.419317207182758 ], [ 4221819.579556981101632, 630348.994799858308397 ], [ 4221819.579556981101632, 630311.570282509434037 ], [ 4221846.042686981149018, 630285.107152509386651 ], [ 4221883.467204329557717, 630285.107152509386651 ], [ 4221920.891721677966416, 630285.107152509386651 ], [ 4221958.316239026375115, 630285.107152509386651 ], [ 4221995.740756374783814, 630285.107152509386651 ], [ 4222033.165273723192513, 630285.107152509386651 ], [ 4222070.589791071601212, 630285.107152509386651 ], [ 4222108.014308420009911, 630285.107152509386651 ], [ 4222145.43882576841861, 630285.107152509386651 ], [ 4222177.648617298342288, 630324.801847509341314 ], [ 4222179.918794949539006, 630364.496542509295978 ], [ 4222179.918794949539006, 630401.921059858170338 ], [ 4222179.918794949539006, 630439.345577207044698 ], [ 4222206.381924949586391, 630465.808707207092084 ], [ 4222243.80644229799509, 630465.808707207092084 ], [ 4222281.23095964640379, 630465.808707207092084 ], [ 4222318.655476994812489, 630465.808707207092084 ], [ 4222356.079994343221188, 630465.808707207092084 ], [ 4222393.504511691629887, 630465.808707207092084 ], [ 4222430.929029040038586, 630465.808707207092084 ], [ 4222468.353546388447285, 630465.808707207092084 ], [ 4222494.81667638849467, 630492.27183720713947 ], [ 4222494.81667638849467, 630529.69635455601383 ], [ 4222494.81667638849467, 630567.12087190488819 ], [ 4222494.81667638849467, 630604.545389253762551 ], [ 4222521.279806388542056, 630631.008519253809936 ], [ 4222558.704323736950755, 630631.008519253809936 ], [ 4222596.128841085359454, 630631.008519253809936 ], [ 4222633.553358433768153, 630631.008519253809936 ], [ 4222670.977875782176852, 630631.008519253809936 ], [ 4222708.402393130585551, 630631.008519253809936 ], [ 4222745.82691047899425, 630631.008519253809936 ], [ 4222783.251427827402949, 630631.008519253809936 ], [ 4222820.675945175811648, 630631.008519253809936 ], [ 4222858.100462524220347, 630631.008519253809936 ], [ 4222895.524979872629046, 630631.008519253809936 ], [ 4222932.949497221037745, 630631.008519253809936 ], [ 4222970.374014569446445, 630631.008519253809936 ], [ 4223007.798531917855144, 630631.008519253809936 ], [ 4223045.223049266263843, 630631.008519253809936 ], [ 4223082.647566614672542, 630631.008519253809936 ], [ 4223120.072083963081241, 630631.008519253809936 ], [ 4223157.49660131148994, 630631.008519253809936 ], [ 4223194.921118659898639, 630631.008519253809936 ], [ 4223232.345636008307338, 630631.008519253809936 ], [ 4223269.770153356716037, 630631.008519253809936 ], [ 4223307.194670705124736, 630631.008519253809936 ], [ 4223344.619188053533435, 630631.008519253809936 ], [ 4223382.043705401942134, 630631.008519253809936 ], [ 4223419.468222750350833, 630631.008519253809936 ], [ 4223456.892740098759532, 630631.008519253809936 ], [ 4223494.317257447168231, 630631.008519253809936 ], [ 4223531.74177479557693, 630631.008519253809936 ], [ 4223569.166292143985629, 630631.008519253809936 ], [ 4223606.590809492394328, 630631.008519253809936 ], [ 4223644.015326840803027, 630631.008519253809936 ], [ 4223681.439844189211726, 630631.008519253809936 ], [ 4223718.864361537620425, 630631.008519253809936 ], [ 4223756.288878886029124, 630631.008519253809936 ], [ 4223793.713396234437823, 630631.008519253809936 ], [ 4223831.137913582846522, 630631.008519253809936 ], [ 4223868.562430931255221, 630631.008519253809936 ], [ 4223905.98694827966392, 630631.008519253809936 ], [ 4223943.411465628072619, 630631.008519253809936 ], [ 4223980.835982976481318, 630631.008519253809936 ], [ 4224018.260500324890018, 630631.008519253809936 ], [ 4224055.685017673298717, 630631.008519253809936 ], [ 4224093.109535021707416, 630631.008519253809936 ], [ 4224130.534052370116115, 630631.008519253809936 ], [ 4224167.958569718524814, 630631.008519253809936 ], [ 4224205.383087066933513, 630631.008519253809936 ], [ 4224242.807604415342212, 630631.008519253809936 ], [ 4224280.232121763750911, 630631.008519253809936 ], [ 4224317.65663911215961, 630631.008519253809936 ], [ 4224355.081156460568309, 630631.008519253809936 ], [ 4224392.505673808977008, 630631.008519253809936 ], [ 4224429.930191157385707, 630631.008519253809936 ], [ 4224467.354708505794406, 630631.008519253809936 ], [ 4224504.779225854203105, 630631.008519253809936 ], [ 4224542.203743202611804, 630631.008519253809936 ], [ 4224579.628260551020503, 630631.008519253809936 ], [ 4224617.052777899429202, 630631.008519253809936 ], [ 4224654.477295247837901, 630631.008519253809936 ], [ 4224691.9018125962466, 630631.008519253809936 ], [ 4224729.326329944655299, 630631.008519253809936 ], [ 4224766.750847293063998, 630631.008519253809936 ], [ 4224804.175364641472697, 630631.008519253809936 ], [ 4224841.599881989881396, 630631.008519253809936 ], [ 4224879.024399338290095, 630631.008519253809936 ], [ 4224916.448916686698794, 630631.008519253809936 ], [ 4224953.873434035107493, 630631.008519253809936 ], [ 4224980.336564035154879, 630657.471649253857322 ], [ 4224980.336564035154879, 630694.896166602731682 ], [ 4224980.336564035154879, 630732.320683951606043 ], [ 4224980.336564035154879, 630769.745201300480403 ], [ 4225006.799694035202265, 630796.208331300527789 ], [ 4225044.224211383610964, 630796.208331300527789 ], [ 4225081.648728732019663, 630796.208331300527789 ], [ 4225119.073246080428362, 630796.208331300527789 ], [ 4225119.073246080428362, 630758.783813951653428 ], [ 4225119.073246080428362, 630721.359296602779068 ], [ 4225119.073246080428362, 630683.934779253904708 ], [ 4225119.073246080428362, 630646.510261905030347 ], [ 4225145.536376080475748, 630620.047131904982962 ], [ 4225182.960893428884447, 630620.047131904982962 ], [ 4225220.385410777293146, 630620.047131904982962 ], [ 4225257.809928125701845, 630620.047131904982962 ], [ 4225295.234445474110544, 630620.047131904982962 ], [ 4225332.658962822519243, 630620.047131904982962 ], [ 4225370.083480170927942, 630620.047131904982962 ], [ 4225407.507997519336641, 630620.047131904982962 ], [ 4225444.93251486774534, 630620.047131904982962 ], [ 4225482.357032216154039, 630620.047131904982962 ], [ 4225519.781549564562738, 630620.047131904982962 ], [ 4225557.206066912971437, 630620.047131904982962 ], [ 4225594.630584261380136, 630620.047131904982962 ], [ 4225594.630584261380136, 630582.622614556108601 ], [ 4225594.630584261380136, 630545.198097207234241 ], [ 4225594.630584261380136, 630507.773579858359881 ], [ 4225594.630584261380136, 630470.34906250948552 ], [ 4225621.093714261427522, 630443.885932509438135 ], [ 4225658.518231609836221, 630443.885932509438135 ], [ 4225695.94274895824492, 630443.885932509438135 ], [ 4225733.367266306653619, 630443.885932509438135 ], [ 4225770.791783655062318, 630443.885932509438135 ], [ 4225808.216301003471017, 630443.885932509438135 ], [ 4225845.640818351879716, 630443.885932509438135 ], [ 4225883.065335700288415, 630443.885932509438135 ], [ 4225920.489853048697114, 630443.885932509438135 ], [ 4225957.914370397105813, 630443.885932509438135 ], [ 4225957.914370397105813, 630406.461415160563774 ], [ 4225957.914370397105813, 630369.036897811689414 ], [ 4225957.914370397105813, 630331.612380462815054 ], [ 4225997.60906539671123, 630299.40258893254213 ], [ 4226037.303760396316648, 630300.874863015837036 ], [ 4226074.728277744725347, 630300.874863015837036 ], [ 4226112.152795093134046, 630300.874863015837036 ], [ 4226138.615925093181431, 630327.337993015884422 ], [ 4226138.615925093181431, 630364.762510364758782 ], [ 4226138.615925093181431, 630402.187027713633142 ], [ 4226138.615925093181431, 630439.611545062507503 ], [ 4226165.079055093228817, 630466.074675062554888 ], [ 4226202.503572441637516, 630466.074675062554888 ], [ 4226239.928089790046215, 630466.074675062554888 ], [ 4226277.352607138454914, 630466.074675062554888 ], [ 4226277.352607138454914, 630428.650157713680528 ], [ 4226277.352607138454914, 630391.225640364806168 ], [ 4226277.352607138454914, 630353.801123015931807 ], [ 4226277.352607138454914, 630316.376605667057447 ], [ 4226303.8157371385023, 630289.913475667010061 ], [ 4226341.240254486910999, 630289.913475667010061 ], [ 4226378.664771835319698, 630289.913475667010061 ], [ 4226416.089289183728397, 630289.913475667010061 ], [ 4226453.513806532137096, 630289.913475667010061 ], [ 4226490.938323880545795, 630289.913475667010061 ], [ 4226528.362841228954494, 630289.913475667010061 ], [ 4226565.787358577363193, 630289.913475667010061 ], [ 4226603.211875925771892, 630289.913475667010061 ], [ 4226603.211875925771892, 630252.488958318135701 ], [ 4226603.211875925771892, 630215.064440969261341 ], [ 4226603.211875925771892, 630177.63992362038698 ], [ 4226603.211875925771892, 630140.21540627151262 ], [ 4226629.675005925819278, 630113.752276271465234 ], [ 4226667.099523274227977, 630113.752276271465234 ], [ 4226704.524040622636676, 630113.752276271465234 ], [ 4226741.948557971045375, 630113.752276271465234 ], [ 4226779.373075319454074, 630113.752276271465234 ], [ 4226816.797592667862773, 630113.752276271465234 ], [ 4226854.222110016271472, 630113.752276271465234 ], [ 4226891.646627364680171, 630113.752276271465234 ], [ 4226929.07114471308887, 630113.752276271465234 ], [ 4226929.07114471308887, 630076.327758922590874 ], [ 4226929.07114471308887, 630038.903241573716514 ], [ 4226929.07114471308887, 630001.478724224842153 ], [ 4226929.07114471308887, 629964.054206875967793 ], [ 4226966.495662061497569, 629964.054206875967793 ], [ 4227003.920179409906268, 629964.054206875967793 ], [ 4227041.344696758314967, 629964.054206875967793 ], [ 4227078.769214106723666, 629964.054206875967793 ], [ 4227116.193731455132365, 629964.054206875967793 ], [ 4227153.618248803541064, 629964.054206875967793 ], [ 4227191.042766151949763, 629964.054206875967793 ], [ 4227228.467283500358462, 629964.054206875967793 ], [ 4227265.891800848767161, 629964.054206875967793 ], [ 4227303.31631819717586, 629964.054206875967793 ], [ 4227340.740835545584559, 629964.054206875967793 ], [ 4227378.165352893993258, 629964.054206875967793 ], [ 4227415.589870242401958, 629964.054206875967793 ], [ 4227442.053000242449343, 629937.591076875920407 ], [ 4227442.053000242449343, 629900.166559527046047 ], [ 4227442.053000242449343, 629862.742042178171687 ], [ 4227442.053000242449343, 629825.317524829297327 ], [ 4227468.516130242496729, 629798.854394829249941 ], [ 4227505.940647590905428, 629798.854394829249941 ], [ 4227543.365164939314127, 629798.854394829249941 ], [ 4227580.789682287722826, 629798.854394829249941 ], [ 4227618.214199636131525, 629798.854394829249941 ], [ 4227655.638716984540224, 629798.854394829249941 ], [ 4227693.063234332948923, 629798.854394829249941 ], [ 4227730.487751681357622, 629798.854394829249941 ], [ 4227767.912269029766321, 629798.854394829249941 ], [ 4227805.33678637817502, 629798.854394829249941 ], [ 4227842.761303726583719, 629798.854394829249941 ], [ 4227880.185821074992418, 629798.854394829249941 ], [ 4227917.610338423401117, 629798.854394829249941 ], [ 4227955.034855771809816, 629798.854394829249941 ], [ 4227992.459373120218515, 629798.854394829249941 ], [ 4228029.883890468627214, 629798.854394829249941 ], [ 4228067.308407817035913, 629798.854394829249941 ], [ 4228104.732925165444613, 629798.854394829249941 ], [ 4228142.157442513853312, 629798.854394829249941 ], [ 4228179.581959862262011, 629798.854394829249941 ], [ 4228217.00647721067071, 629798.854394829249941 ], [ 4228254.430994559079409, 629798.854394829249941 ], [ 4228254.430994559079409, 629761.42987748037558 ], [ 4228254.430994559079409, 629724.00536013150122 ], [ 4228254.430994559079409, 629686.58084278262686 ], [ 4228254.430994559079409, 629649.1563254337525 ], [ 4228280.894124559126794, 629622.693195433705114 ], [ 4228318.318641907535493, 629622.693195433705114 ], [ 4228355.743159255944192, 629622.693195433705114 ], [ 4228393.167676604352891, 629622.693195433705114 ], [ 4228430.59219395276159, 629622.693195433705114 ], [ 4228468.01671130117029, 629622.693195433705114 ], [ 4228505.441228649578989, 629622.693195433705114 ], [ 4228542.865745997987688, 629622.693195433705114 ], [ 4228580.290263346396387, 629622.693195433705114 ], [ 4228580.290263346396387, 629585.268678084830754 ], [ 4228580.290263346396387, 629547.844160735956393 ], [ 4228580.290263346396387, 629510.419643387082033 ], [ 4228580.290263346396387, 629472.995126038207673 ], [ 4228617.714780694805086, 629472.995126038207673 ], [ 4228655.139298043213785, 629472.995126038207673 ], [ 4228692.563815391622484, 629472.995126038207673 ], [ 4228729.988332740031183, 629472.995126038207673 ], [ 4228767.412850088439882, 629472.995126038207673 ], [ 4228804.837367436848581, 629472.995126038207673 ], [ 4228842.26188478525728, 629472.995126038207673 ], [ 4228879.686402133665979, 629472.995126038207673 ], [ 4228917.110919482074678, 629472.995126038207673 ], [ 4228954.535436830483377, 629472.995126038207673 ], [ 4228991.959954178892076, 629472.995126038207673 ], [ 4229029.384471527300775, 629472.995126038207673 ], [ 4229066.808988875709474, 629472.995126038207673 ], [ 4229104.233506224118173, 629472.995126038207673 ], [ 4229141.658023572526872, 629472.995126038207673 ], [ 4229179.082540920935571, 629472.995126038207673 ], [ 4229216.50705826934427, 629472.995126038207673 ], [ 4229216.50705826934427, 629435.570608689333312 ], [ 4229216.50705826934427, 629398.146091340458952 ], [ 4229216.50705826934427, 629360.721573991584592 ], [ 4229216.50705826934427, 629323.297056642710231 ], [ 4229242.970188269391656, 629296.833926642662846 ], [ 4229280.394705617800355, 629296.833926642662846 ], [ 4229317.819222966209054, 629296.833926642662846 ], [ 4229355.243740314617753, 629296.833926642662846 ], [ 4229392.668257663026452, 629296.833926642662846 ], [ 4229392.668257663026452, 629259.409409293788485 ], [ 4229392.668257663026452, 629221.984891944914125 ], [ 4229392.668257663026452, 629184.560374596039765 ], [ 4229392.668257663026452, 629147.135857247165404 ], [ 4229419.131387663073838, 629120.672727247118019 ], [ 4229456.555905011482537, 629120.672727247118019 ], [ 4229493.980422359891236, 629120.672727247118019 ], [ 4229531.404939708299935, 629120.672727247118019 ], [ 4229568.829457056708634, 629120.672727247118019 ], [ 4229606.253974405117333, 629120.672727247118019 ], [ 4229643.678491753526032, 629120.672727247118019 ], [ 4229681.103009101934731, 629120.672727247118019 ], [ 4229718.52752645034343, 629120.672727247118019 ], [ 4229755.952043798752129, 629120.672727247118019 ], [ 4229793.376561147160828, 629120.672727247118019 ], [ 4229830.801078495569527, 629120.672727247118019 ], [ 4229868.225595843978226, 629120.672727247118019 ], [ 4229905.650113192386925, 629120.672727247118019 ], [ 4229943.074630540795624, 629120.672727247118019 ], [ 4229980.499147889204323, 629120.672727247118019 ], [ 4230017.923665237613022, 629120.672727247118019 ], [ 4230055.348182586021721, 629120.672727247118019 ], [ 4230081.811312586069107, 629147.135857247165404 ], [ 4230081.811312586069107, 629184.560374596039765 ], [ 4230081.811312586069107, 629221.984891944914125 ], [ 4230081.811312586069107, 629259.409409293788485 ], [ 4230081.811312586069107, 629296.833926642662846 ], [ 4230119.235829934477806, 629296.833926642662846 ], [ 4230156.660347282886505, 629296.833926642662846 ], [ 4230194.084864631295204, 629296.833926642662846 ], [ 4230231.509381979703903, 629296.833926642662846 ], [ 4230268.933899328112602, 629296.833926642662846 ], [ 4230306.358416676521301, 629296.833926642662846 ], [ 4230343.78293402493, 629296.833926642662846 ], [ 4230381.207451373338699, 629296.833926642662846 ], [ 4230407.670581373386085, 629323.297056642710231 ], [ 4230407.670581373386085, 629360.721573991584592 ], [ 4230407.670581373386085, 629398.146091340458952 ], [ 4230407.670581373386085, 629435.570608689333312 ], [ 4230407.670581373386085, 629472.995126038207673 ], [ 4230445.095098721794784, 629472.995126038207673 ], [ 4230482.519616070203483, 629472.995126038207673 ], [ 4230519.944133418612182, 629472.995126038207673 ], [ 4230557.368650767020881, 629472.995126038207673 ], [ 4230594.79316811542958, 629472.995126038207673 ], [ 4230632.217685463838279, 629472.995126038207673 ], [ 4230669.642202812246978, 629472.995126038207673 ], [ 4230707.066720160655677, 629472.995126038207673 ], [ 4230744.491237509064376, 629472.995126038207673 ], [ 4230781.915754857473075, 629472.995126038207673 ], [ 4230819.340272205881774, 629472.995126038207673 ], [ 4230856.764789554290473, 629472.995126038207673 ], [ 4230894.189306902699172, 629472.995126038207673 ], [ 4230931.613824251107872, 629472.995126038207673 ], [ 4230969.038341599516571, 629472.995126038207673 ], [ 4231006.46285894792527, 629472.995126038207673 ], [ 4231043.887376296333969, 629472.995126038207673 ], [ 4231081.311893644742668, 629472.995126038207673 ], [ 4231118.736410993151367, 629472.995126038207673 ], [ 4231156.160928341560066, 629472.995126038207673 ], [ 4231193.585445689968765, 629472.995126038207673 ], [ 4231231.009963038377464, 629472.995126038207673 ], [ 4231231.009963038377464, 629510.419643387082033 ], [ 4231231.009963038377464, 629547.844160735956393 ], [ 4231231.009963038377464, 629585.268678084830754 ], [ 4231231.009963038377464, 629622.693195433705114 ], [ 4231268.434480386786163, 629622.693195433705114 ], [ 4231305.858997735194862, 629622.693195433705114 ], [ 4231343.283515083603561, 629622.693195433705114 ], [ 4231380.70803243201226, 629622.693195433705114 ], [ 4231418.132549780420959, 629622.693195433705114 ], [ 4231455.557067128829658, 629622.693195433705114 ], [ 4231492.981584477238357, 629622.693195433705114 ], [ 4231530.406101825647056, 629622.693195433705114 ], [ 4231556.869231825694442, 629649.1563254337525 ], [ 4231556.869231825694442, 629686.58084278262686 ], [ 4231556.869231825694442, 629724.00536013150122 ], [ 4231556.869231825694442, 629761.42987748037558 ], [ 4231556.869231825694442, 629798.854394829249941 ], [ 4231594.293749174103141, 629798.854394829249941 ], [ 4231631.71826652251184, 629798.854394829249941 ], [ 4231669.142783870920539, 629798.854394829249941 ], [ 4231706.567301219329238, 629798.854394829249941 ], [ 4231743.991818567737937, 629798.854394829249941 ], [ 4231781.416335916146636, 629798.854394829249941 ], [ 4231818.840853264555335, 629798.854394829249941 ], [ 4231856.265370612964034, 629798.854394829249941 ], [ 4231893.689887961372733, 629798.854394829249941 ], [ 4231931.114405309781432, 629798.854394829249941 ], [ 4231968.538922658190131, 629798.854394829249941 ], [ 4232005.96344000659883, 629798.854394829249941 ], [ 4232043.387957355007529, 629798.854394829249941 ], [ 4232080.812474703416228, 629798.854394829249941 ], [ 4232118.236992051824927, 629798.854394829249941 ], [ 4232155.661509400233626, 629798.854394829249941 ], [ 4232193.086026748642325, 629798.854394829249941 ], [ 4232230.510544097051024, 629798.854394829249941 ], [ 4232267.935061445459723, 629798.854394829249941 ], [ 4232305.359578793868423, 629798.854394829249941 ], [ 4232342.784096142277122, 629798.854394829249941 ], [ 4232380.208613490685821, 629798.854394829249941 ], [ 4232417.63313083909452, 629798.854394829249941 ], [ 4232455.057648187503219, 629798.854394829249941 ], [ 4232492.482165535911918, 629798.854394829249941 ], [ 4232529.906682884320617, 629798.854394829249941 ], [ 4232567.331200232729316, 629798.854394829249941 ], [ 4232604.755717581138015, 629798.854394829249941 ], [ 4232642.180234929546714, 629798.854394829249941 ], [ 4232679.604752277955413, 629798.854394829249941 ], [ 4232717.029269626364112, 629798.854394829249941 ], [ 4232754.453786974772811, 629798.854394829249941 ], [ 4232791.87830432318151, 629798.854394829249941 ], [ 4232829.302821671590209, 629798.854394829249941 ], [ 4232866.727339019998908, 629798.854394829249941 ], [ 4232904.151856368407607, 629798.854394829249941 ], [ 4232941.576373716816306, 629798.854394829249941 ], [ 4232979.000891065225005, 629798.854394829249941 ], [ 4233016.425408413633704, 629798.854394829249941 ], [ 4233053.849925762042403, 629798.854394829249941 ], [ 4233091.274443110451102, 629798.854394829249941 ], [ 4233128.698960458859801, 629798.854394829249941 ], [ 4233166.1234778072685, 629798.854394829249941 ], [ 4233203.547995155677199, 629798.854394829249941 ], [ 4233240.972512504085898, 629798.854394829249941 ], [ 4233278.397029852494597, 629798.854394829249941 ], [ 4233315.821547200903296, 629798.854394829249941 ], [ 4233353.246064549311996, 629798.854394829249941 ], [ 4233390.670581897720695, 629798.854394829249941 ], [ 4233428.095099246129394, 629798.854394829249941 ], [ 4233465.519616594538093, 629798.854394829249941 ], [ 4233502.944133942946792, 629798.854394829249941 ], [ 4233540.368651291355491, 629798.854394829249941 ], [ 4233577.79316863976419, 629798.854394829249941 ], [ 4233615.217685988172889, 629798.854394829249941 ], [ 4233652.642203336581588, 629798.854394829249941 ], [ 4233690.066720684990287, 629798.854394829249941 ], [ 4233727.491238033398986, 629798.854394829249941 ], [ 4233764.915755381807685, 629798.854394829249941 ], [ 4233802.340272730216384, 629798.854394829249941 ], [ 4233839.764790078625083, 629798.854394829249941 ], [ 4233877.189307427033782, 629798.854394829249941 ], [ 4233914.613824775442481, 629798.854394829249941 ], [ 4233952.03834212385118, 629798.854394829249941 ], [ 4233989.462859472259879, 629798.854394829249941 ], [ 4234026.887376820668578, 629798.854394829249941 ], [ 4234064.311894169077277, 629798.854394829249941 ], [ 4234101.736411517485976, 629798.854394829249941 ], [ 4234139.160928865894675, 629798.854394829249941 ], [ 4234176.585446214303374, 629798.854394829249941 ], [ 4234214.009963562712073, 629798.854394829249941 ], [ 4234251.434480911120772, 629798.854394829249941 ], [ 4234288.858998259529471, 629798.854394829249941 ], [ 4234326.28351560793817, 629798.854394829249941 ], [ 4234363.708032956346869, 629798.854394829249941 ], [ 4234401.132550304755569, 629798.854394829249941 ], [ 4234438.557067653164268, 629798.854394829249941 ], [ 4234475.981585001572967, 629798.854394829249941 ], [ 4234513.406102349981666, 629798.854394829249941 ], [ 4234550.830619698390365, 629798.854394829249941 ], [ 4234588.255137046799064, 629798.854394829249941 ], [ 4234625.679654395207763, 629798.854394829249941 ], [ 4234663.104171743616462, 629798.854394829249941 ], [ 4234700.528689092025161, 629798.854394829249941 ], [ 4234737.95320644043386, 629798.854394829249941 ], [ 4234775.377723788842559, 629798.854394829249941 ], [ 4234812.802241137251258, 629798.854394829249941 ], [ 4234850.226758485659957, 629798.854394829249941 ], [ 4234887.651275834068656, 629798.854394829249941 ], [ 4234925.075793182477355, 629798.854394829249941 ], [ 4234962.500310530886054, 629798.854394829249941 ], [ 4234999.924827879294753, 629798.854394829249941 ], [ 4235037.349345227703452, 629798.854394829249941 ], [ 4235074.773862576112151, 629798.854394829249941 ], [ 4235112.19837992452085, 629798.854394829249941 ], [ 4235149.622897272929549, 629798.854394829249941 ], [ 4235176.086027272976935, 629825.317524829297327 ], [ 4235176.086027272976935, 629862.742042178171687 ], [ 4235176.086027272976935, 629900.166559527046047 ], [ 4235176.086027272976935, 629937.591076875920407 ], [ 4235202.549157273024321, 629964.054206875967793 ], [ 4235239.97367462143302, 629964.054206875967793 ], [ 4235277.398191969841719, 629964.054206875967793 ], [ 4235314.822709318250418, 629964.054206875967793 ], [ 4235341.285839318297803, 629990.517336876015179 ], [ 4235341.285839318297803, 630027.941854224889539 ], [ 4235341.285839318297803, 630065.3663715737639 ], [ 4235341.285839318297803, 630102.79088892263826 ], [ 4235367.748969318345189, 630129.254018922685646 ], [ 4235405.173486666753888, 630129.254018922685646 ], [ 4235442.598004015162587, 630129.254018922685646 ], [ 4235480.022521363571286, 630129.254018922685646 ], [ 4235517.447038711979985, 630129.254018922685646 ], [ 4235554.871556060388684, 630129.254018922685646 ], [ 4235592.296073408797383, 630129.254018922685646 ], [ 4235629.720590757206082, 630129.254018922685646 ], [ 4235656.183720757253468, 630155.717148922733031 ], [ 4235656.183720757253468, 630193.141666271607392 ], [ 4235656.183720757253468, 630230.566183620481752 ], [ 4235656.183720757253468, 630267.990700969356112 ], [ 4235682.646850757300854, 630294.453830969403498 ], [ 4235720.071368105709553, 630294.453830969403498 ], [ 4235757.495885454118252, 630294.453830969403498 ], [ 4235794.920402802526951, 630294.453830969403498 ], [ 4235832.34492015093565, 630294.453830969403498 ], [ 4235832.34492015093565, 630331.878348318277858 ], [ 4235832.34492015093565, 630369.302865667152219 ], [ 4235832.34492015093565, 630406.727383016026579 ], [ 4235832.34492015093565, 630444.151900364900939 ], [ 4235869.769437499344349, 630444.151900364900939 ], [ 4235907.193954847753048, 630444.151900364900939 ], [ 4235944.618472196161747, 630444.151900364900939 ], [ 4235982.042989544570446, 630444.151900364900939 ], [ 4236019.467506892979145, 630444.151900364900939 ], [ 4236056.892024241387844, 630444.151900364900939 ], [ 4236094.316541589796543, 630444.151900364900939 ], [ 4236131.741058938205242, 630444.151900364900939 ], [ 4236169.165576286613941, 630444.151900364900939 ], [ 4236206.59009363502264, 630444.151900364900939 ], [ 4236244.014610983431339, 630444.151900364900939 ], [ 4236281.439128331840038, 630444.151900364900939 ], [ 4236318.863645680248737, 630444.151900364900939 ], [ 4236318.863645680248737, 630481.576417713775299 ], [ 4236318.863645680248737, 630519.00093506264966 ], [ 4236318.863645680248737, 630556.42545241152402 ], [ 4236318.863645680248737, 630593.84996976039838 ], [ 4236318.863645680248737, 630631.274487109272741 ], [ 4236356.288163028657436, 630631.274487109272741 ], [ 4236393.712680377066135, 630631.274487109272741 ], [ 4236431.137197725474834, 630631.274487109272741 ], [ 4236468.561715073883533, 630631.274487109272741 ], [ 4236468.561715073883533, 630668.699004458147101 ], [ 4236468.561715073883533, 630706.123521807021461 ], [ 4236468.561715073883533, 630743.548039155895822 ], [ 4236468.561715073883533, 630780.972556504770182 ], [ 4236505.986232422292233, 630780.972556504770182 ], [ 4236543.410749770700932, 630780.972556504770182 ], [ 4236580.835267119109631, 630780.972556504770182 ], [ 4236618.25978446751833, 630780.972556504770182 ], [ 4236655.684301815927029, 630780.972556504770182 ], [ 4236655.684301815927029, 630818.397073853644542 ], [ 4236655.684301815927029, 630855.821591202518903 ], [ 4236655.684301815927029, 630893.246108551393263 ], [ 4236655.684301815927029, 630930.670625900267623 ], [ 4236682.147431815974414, 630957.133755900315009 ], [ 4236719.571949164383113, 630957.133755900315009 ], [ 4236756.996466512791812, 630957.133755900315009 ], [ 4236794.420983861200511, 630957.133755900315009 ], [ 4236831.84550120960921, 630957.133755900315009 ], [ 4236869.27001855801791, 630957.133755900315009 ], [ 4236906.694535906426609, 630957.133755900315009 ], [ 4236944.119053254835308, 630957.133755900315009 ], [ 4236970.582183254882693, 630983.596885900362395 ], [ 4236970.582183254882693, 631021.021403249236755 ], [ 4236970.582183254882693, 631058.445920598111115 ], [ 4236970.582183254882693, 631095.870437946985476 ], [ 4236997.045313254930079, 631122.333567947032861 ], [ 4237034.469830603338778, 631122.333567947032861 ], [ 4237071.894347951747477, 631122.333567947032861 ], [ 4237109.318865300156176, 631122.333567947032861 ], [ 4237135.781995300203562, 631148.796697947080247 ], [ 4237135.781995300203562, 631186.221215295954607 ], [ 4237135.781995300203562, 631223.645732644828968 ], [ 4237135.781995300203562, 631261.070249993703328 ], [ 4237162.245125300250947, 631287.533379993750714 ], [ 4237199.669642648659647, 631287.533379993750714 ], [ 4237237.094159997068346, 631287.533379993750714 ], [ 4237274.518677345477045, 631287.533379993750714 ], [ 4237311.943194693885744, 631287.533379993750714 ], [ 4237338.406324693933129, 631313.996509993798099 ], [ 4237338.406324693933129, 631351.42102734267246 ], [ 4237338.406324693933129, 631388.84554469154682 ], [ 4237338.406324693933129, 631426.27006204042118 ], [ 4237364.869454693980515, 631452.733192040468566 ], [ 4237402.293972042389214, 631452.733192040468566 ], [ 4237439.718489390797913, 631452.733192040468566 ], [ 4237477.143006739206612, 631452.733192040468566 ], [ 4237477.143006739206612, 631490.157709389342926 ], [ 4237477.143006739206612, 631527.582226738217287 ], [ 4237477.143006739206612, 631565.006744087091647 ], [ 4237477.143006739206612, 631602.431261435966007 ], [ 4237514.567524087615311, 631602.431261435966007 ], [ 4237551.99204143602401, 631602.431261435966007 ], [ 4237589.416558784432709, 631602.431261435966007 ], [ 4237626.841076132841408, 631602.431261435966007 ], [ 4237653.304206132888794, 631628.894391436013393 ], [ 4237653.304206132888794, 631666.318908784887753 ], [ 4237653.304206132888794, 631703.743426133762114 ], [ 4237653.304206132888794, 631741.167943482636474 ], [ 4237653.304206132888794, 631778.592460831510834 ], [ 4237690.728723481297493, 631778.592460831510834 ], [ 4237728.153240829706192, 631778.592460831510834 ], [ 4237765.577758178114891, 631778.592460831510834 ], [ 4237792.040888178162277, 631805.05559083155822 ], [ 4237792.040888178162277, 631842.48010818043258 ], [ 4237792.040888178162277, 631879.904625529306941 ], [ 4237792.040888178162277, 631917.329142878181301 ], [ 4237792.040888178162277, 631954.753660227055661 ], [ 4237829.465405526570976, 631954.753660227055661 ], [ 4237866.889922874979675, 631954.753660227055661 ], [ 4237904.314440223388374, 631954.753660227055661 ], [ 4237941.738957571797073, 631954.753660227055661 ], [ 4237968.202087571844459, 631981.216790227103047 ], [ 4237968.202087571844459, 632018.641307575977407 ], [ 4237968.202087571844459, 632056.065824924851768 ], [ 4237968.202087571844459, 632093.490342273726128 ], [ 4237994.665217571891844, 632119.953472273773514 ], [ 4238032.089734920300543, 632119.953472273773514 ], [ 4238069.514252268709242, 632119.953472273773514 ], [ 4238106.938769617117941, 632119.953472273773514 ], [ 4238144.36328696552664, 632119.953472273773514 ], [ 4238181.787804313935339, 632119.953472273773514 ], [ 4238219.212321662344038, 632119.953472273773514 ], [ 4238256.636839010752738, 632119.953472273773514 ], [ 4238294.061356359161437, 632119.953472273773514 ], [ 4238294.061356359161437, 632157.377989622647874 ], [ 4238294.061356359161437, 632194.802506971522234 ], [ 4238294.061356359161437, 632232.227024320396595 ], [ 4238294.061356359161437, 632269.651541669270955 ], [ 4238331.485873707570136, 632269.651541669270955 ], [ 4238368.910391055978835, 632269.651541669270955 ], [ 4238406.334908404387534, 632269.651541669270955 ], [ 4238443.759425752796233, 632269.651541669270955 ], [ 4238470.222555752843618, 632296.114671669318341 ], [ 4238470.222555752843618, 632333.539189018192701 ], [ 4238470.222555752843618, 632370.963706367067061 ], [ 4238470.222555752843618, 632408.388223715941422 ], [ 4238470.222555752843618, 632445.812741064815782 ], [ 4238507.647073101252317, 632445.812741064815782 ], [ 4238545.071590449661016, 632445.812741064815782 ], [ 4238582.496107798069715, 632445.812741064815782 ], [ 4238619.920625146478415, 632445.812741064815782 ], [ 4238657.345142494887114, 632445.812741064815782 ], [ 4238694.769659843295813, 632445.812741064815782 ], [ 4238732.194177191704512, 632445.812741064815782 ], [ 4238769.618694540113211, 632445.812741064815782 ], [ 4238769.618694540113211, 632483.237258413690142 ], [ 4238769.618694540113211, 632520.661775762564503 ], [ 4238769.618694540113211, 632558.086293111438863 ], [ 4238769.618694540113211, 632595.510810460313223 ], [ 4238807.04321188852191, 632595.510810460313223 ], [ 4238844.467729236930609, 632595.510810460313223 ], [ 4238881.892246585339308, 632595.510810460313223 ], [ 4238919.316763933748007, 632595.510810460313223 ], [ 4238956.741281282156706, 632595.510810460313223 ], [ 4238994.165798630565405, 632595.510810460313223 ], [ 4239031.590315978974104, 632595.510810460313223 ], [ 4239069.014833327382803, 632595.510810460313223 ], [ 4239106.439350675791502, 632595.510810460313223 ], [ 4239143.863868024200201, 632595.510810460313223 ], [ 4239181.2883853726089, 632595.510810460313223 ], [ 4239218.712902721017599, 632595.510810460313223 ], [ 4239256.137420069426298, 632595.510810460313223 ], [ 4239282.600550069473684, 632621.973940460360609 ], [ 4239282.600550069473684, 632659.398457809234969 ], [ 4239282.600550069473684, 632696.82297515810933 ], [ 4239282.600550069473684, 632734.24749250698369 ], [ 4239282.600550069473684, 632771.67200985585805 ], [ 4239320.025067417882383, 632771.67200985585805 ], [ 4239357.449584766291082, 632771.67200985585805 ], [ 4239394.874102114699781, 632771.67200985585805 ], [ 4239432.29861946310848, 632771.67200985585805 ], [ 4239469.723136811517179, 632771.67200985585805 ], [ 4239507.147654159925878, 632771.67200985585805 ], [ 4239544.572171508334577, 632771.67200985585805 ], [ 4239581.996688856743276, 632771.67200985585805 ], [ 4239619.421206205151975, 632771.67200985585805 ], [ 4239619.421206205151975, 632809.096527204732411 ], [ 4239619.421206205151975, 632846.521044553606771 ], [ 4239619.421206205151975, 632883.945561902481131 ], [ 4239619.421206205151975, 632921.370079251355492 ], [ 4239645.884336205199361, 632947.833209251402877 ], [ 4239683.30885355360806, 632947.833209251402877 ], [ 4239720.733370902016759, 632947.833209251402877 ], [ 4239758.157888250425458, 632947.833209251402877 ], [ 4239795.582405598834157, 632947.833209251402877 ], [ 4239833.006922947242856, 632947.833209251402877 ], [ 4239870.431440295651555, 632947.833209251402877 ], [ 4239907.855957644060254, 632947.833209251402877 ], [ 4239945.280474992468953, 632947.833209251402877 ], [ 4239982.704992340877652, 632947.833209251402877 ], [ 4240020.129509689286351, 632947.833209251402877 ], [ 4240057.55402703769505, 632947.833209251402877 ], [ 4240094.978544386103749, 632947.833209251402877 ], [ 4240094.978544386103749, 632985.257726600277238 ], [ 4240094.978544386103749, 633022.682243949151598 ], [ 4240094.978544386103749, 633060.106761298025958 ], [ 4240094.978544386103749, 633097.531278646900319 ], [ 4240132.403061734512448, 633097.531278646900319 ], [ 4240169.827579082921147, 633097.531278646900319 ], [ 4240207.252096431329846, 633097.531278646900319 ], [ 4240244.676613779738545, 633097.531278646900319 ], [ 4240282.101131128147244, 633097.531278646900319 ], [ 4240319.525648476555943, 633097.531278646900319 ], [ 4240356.950165824964643, 633097.531278646900319 ], [ 4240394.374683173373342, 633097.531278646900319 ], [ 4240431.799200521782041, 633097.531278646900319 ], [ 4240469.22371787019074, 633097.531278646900319 ], [ 4240506.648235218599439, 633097.531278646900319 ], [ 4240544.072752567008138, 633097.531278646900319 ], [ 4240581.497269915416837, 633097.531278646900319 ], [ 4240607.960399915464222, 633123.994408646947704 ], [ 4240607.960399915464222, 633161.418925995822065 ], [ 4240607.960399915464222, 633198.843443344696425 ], [ 4240607.960399915464222, 633236.267960693570785 ], [ 4240607.960399915464222, 633273.692478042445146 ], [ 4240645.384917263872921, 633273.692478042445146 ], [ 4240682.809434612281621, 633273.692478042445146 ], [ 4240720.23395196069032, 633273.692478042445146 ], [ 4240757.658469309099019, 633273.692478042445146 ], [ 4240795.082986657507718, 633273.692478042445146 ], [ 4240832.507504005916417, 633273.692478042445146 ], [ 4240869.932021354325116, 633273.692478042445146 ], [ 4240907.356538702733815, 633273.692478042445146 ], [ 4240933.8196687027812, 633300.155608042492531 ], [ 4240933.8196687027812, 633337.580125391366892 ], [ 4240933.8196687027812, 633375.004642740241252 ], [ 4240933.8196687027812, 633412.429160089115612 ], [ 4240960.282798702828586, 633438.892290089162998 ], [ 4240997.707316051237285, 633438.892290089162998 ], [ 4241035.131833399645984, 633438.892290089162998 ], [ 4241072.556350748054683, 633438.892290089162998 ], [ 4241109.980868096463382, 633438.892290089162998 ], [ 4241147.405385444872081, 633438.892290089162998 ], [ 4241184.82990279328078, 633438.892290089162998 ], [ 4241222.254420141689479, 633438.892290089162998 ], [ 4241259.678937490098178, 633438.892290089162998 ], [ 4241297.103454838506877, 633438.892290089162998 ], [ 4241334.527972186915576, 633438.892290089162998 ], [ 4241371.952489535324275, 633438.892290089162998 ], [ 4241409.377006883732975, 633438.892290089162998 ], [ 4241435.84013688378036, 633465.355420089210384 ], [ 4241435.84013688378036, 633502.779937438084744 ], [ 4241435.84013688378036, 633540.204454786959104 ], [ 4241435.84013688378036, 633577.628972135833465 ], [ 4241462.303266883827746, 633604.09210213588085 ], [ 4241499.727784232236445, 633604.09210213588085 ], [ 4241537.152301580645144, 633604.09210213588085 ], [ 4241574.576818929053843, 633604.09210213588085 ], [ 4241601.039948929101229, 633630.555232135928236 ], [ 4241601.039948929101229, 633667.979749484802596 ], [ 4241601.039948929101229, 633705.404266833676957 ], [ 4241601.039948929101229, 633742.828784182551317 ], [ 4241627.503078929148614, 633769.291914182598703 ], [ 4241664.927596277557313, 633769.291914182598703 ], [ 4241702.352113625966012, 633769.291914182598703 ], [ 4241739.776630974374712, 633769.291914182598703 ], [ 4241777.201148322783411, 633769.291914182598703 ], [ 4241814.62566567119211, 633769.291914182598703 ], [ 4241852.050183019600809, 633769.291914182598703 ], [ 4241889.474700368009508, 633769.291914182598703 ], [ 4241926.899217716418207, 633769.291914182598703 ], [ 4241964.323735064826906, 633769.291914182598703 ], [ 4242001.748252413235605, 633769.291914182598703 ], [ 4242039.172769761644304, 633769.291914182598703 ], [ 4242076.597287110053003, 633769.291914182598703 ], [ 4242103.060417110100389, 633795.755044182646088 ], [ 4242103.060417110100389, 633833.179561531520449 ], [ 4242103.060417110100389, 633870.604078880394809 ], [ 4242103.060417110100389, 633908.028596229269169 ], [ 4242103.060417110100389, 633945.45311357814353 ], [ 4242103.060417110100389, 633982.87763092701789 ], [ 4242103.060417110100389, 634020.30214827589225 ], [ 4242103.060417110100389, 634057.726665624766611 ], [ 4242103.060417110100389, 634095.151182973640971 ], [ 4242140.484934458509088, 634095.151182973640971 ], [ 4242177.909451806917787, 634095.151182973640971 ], [ 4242215.333969155326486, 634095.151182973640971 ], [ 4242241.797099155373871, 634121.614312973688357 ], [ 4242241.797099155373871, 634159.038830322562717 ], [ 4242241.797099155373871, 634196.463347671437077 ], [ 4242241.797099155373871, 634233.887865020311438 ], [ 4242241.797099155373871, 634271.312382369185798 ], [ 4242279.22161650378257, 634271.312382369185798 ], [ 4242316.646133852191269, 634271.312382369185798 ], [ 4242354.070651200599968, 634271.312382369185798 ], [ 4242391.495168549008667, 634271.312382369185798 ], [ 4242417.958298549056053, 634297.775512369233184 ], [ 4242417.958298549056053, 634335.200029718107544 ], [ 4242417.958298549056053, 634372.624547066981904 ], [ 4242417.958298549056053, 634410.049064415856265 ], [ 4242417.958298549056053, 634447.473581764730625 ], [ 4242417.958298549056053, 634484.898099113604985 ], [ 4242417.958298549056053, 634522.322616462479346 ], [ 4242417.958298549056053, 634559.747133811353706 ], [ 4242417.958298549056053, 634597.171651160228066 ], [ 4242417.958298549056053, 634634.596168509102426 ], [ 4242417.958298549056053, 634672.020685857976787 ], [ 4242417.958298549056053, 634709.445203206851147 ], [ 4242417.958298549056053, 634746.869720555725507 ], [ 4242455.382815897464752, 634746.869720555725507 ], [ 4242492.807333245873451, 634746.869720555725507 ], [ 4242530.23185059428215, 634746.869720555725507 ], [ 4242556.694980594329536, 634773.332850555772893 ], [ 4242556.694980594329536, 634810.757367904647253 ], [ 4242556.694980594329536, 634848.181885253521614 ], [ 4242556.694980594329536, 634885.606402602395974 ], [ 4242556.694980594329536, 634923.030919951270334 ], [ 4242556.694980594329536, 634960.455437300144695 ], [ 4242556.694980594329536, 634997.879954649019055 ], [ 4242556.694980594329536, 635035.304471997893415 ], [ 4242556.694980594329536, 635072.728989346767776 ], [ 4242556.694980594329536, 635110.153506695642136 ], [ 4242556.694980594329536, 635147.578024044516496 ], [ 4242556.694980594329536, 635185.002541393390857 ], [ 4242556.694980594329536, 635222.427058742265217 ], [ 4242556.694980594329536, 635259.851576091139577 ], [ 4242594.119497942738235, 635259.851576091139577 ], [ 4242631.544015291146934, 635259.851576091139577 ], [ 4242668.968532639555633, 635259.851576091139577 ], [ 4242706.393049987964332, 635259.851576091139577 ], [ 4242743.817567336373031, 635259.851576091139577 ], [ 4242743.817567336373031, 635297.276093440013938 ], [ 4242743.817567336373031, 635334.700610788888298 ], [ 4242743.817567336373031, 635372.125128137762658 ], [ 4242743.817567336373031, 635409.549645486637019 ], [ 4242743.817567336373031, 635446.974162835511379 ], [ 4242743.817567336373031, 635484.398680184385739 ], [ 4242743.817567336373031, 635521.8231975332601 ], [ 4242743.817567336373031, 635559.24771488213446 ], [ 4242743.817567336373031, 635596.67223223100882 ], [ 4242743.817567336373031, 635634.096749579883181 ], [ 4242743.817567336373031, 635671.521266928757541 ], [ 4242743.817567336373031, 635708.945784277631901 ], [ 4242743.817567336373031, 635746.370301626506262 ], [ 4242743.817567336373031, 635783.794818975380622 ], [ 4242743.817567336373031, 635821.219336324254982 ], [ 4242743.817567336373031, 635858.643853673129342 ], [ 4242743.817567336373031, 635896.068371022003703 ], [ 4242770.280697336420417, 635922.531501022051089 ], [ 4242807.705214684829116, 635922.531501022051089 ], [ 4242845.129732033237815, 635922.531501022051089 ], [ 4242882.554249381646514, 635922.531501022051089 ], [ 4242909.0173793816939, 635948.994631022098474 ], [ 4242909.0173793816939, 635986.419148370972835 ], [ 4242909.0173793816939, 636023.843665719847195 ], [ 4242909.0173793816939, 636061.268183068721555 ], [ 4242909.0173793816939, 636098.692700417595915 ], [ 4242909.0173793816939, 636136.117217766470276 ], [ 4242909.0173793816939, 636173.541735115344636 ], [ 4242909.0173793816939, 636210.966252464218996 ], [ 4242909.0173793816939, 636248.390769813093357 ], [ 4242909.0173793816939, 636285.815287161967717 ], [ 4242909.0173793816939, 636323.239804510842077 ], [ 4242909.0173793816939, 636360.664321859716438 ], [ 4242909.0173793816939, 636398.088839208590798 ], [ 4242946.441896730102599, 636398.088839208590798 ], [ 4242983.866414078511298, 636398.088839208590798 ], [ 4243021.290931426919997, 636398.088839208590798 ], [ 4243058.715448775328696, 636398.088839208590798 ], [ 4243058.715448775328696, 636435.513356557465158 ], [ 4243058.715448775328696, 636472.937873906339519 ], [ 4243058.715448775328696, 636510.362391255213879 ], [ 4243058.715448775328696, 636547.786908604088239 ], [ 4243058.715448775328696, 636585.2114259529626 ], [ 4243058.715448775328696, 636622.63594330183696 ], [ 4243058.715448775328696, 636660.06046065071132 ], [ 4243058.715448775328696, 636697.484977999585681 ], [ 4243058.715448775328696, 636734.909495348460041 ], [ 4243058.715448775328696, 636772.334012697334401 ], [ 4243058.715448775328696, 636809.758530046208762 ], [ 4243058.715448775328696, 636847.183047395083122 ], [ 4243058.715448775328696, 636884.607564743957482 ], [ 4243085.178578775376081, 636911.070694744004868 ], [ 4243122.603096123784781, 636911.070694744004868 ], [ 4243160.02761347219348, 636911.070694744004868 ], [ 4243197.452130820602179, 636911.070694744004868 ], [ 4243223.915260820649564, 636937.533824744052254 ], [ 4243223.915260820649564, 636974.958342092926614 ], [ 4243223.915260820649564, 637012.382859441800974 ], [ 4243223.915260820649564, 637049.807376790675335 ], [ 4243223.915260820649564, 637087.231894139549695 ], [ 4243223.915260820649564, 637124.656411488424055 ], [ 4243223.915260820649564, 637162.080928837298416 ], [ 4243223.915260820649564, 637199.505446186172776 ], [ 4243223.915260820649564, 637236.929963535047136 ], [ 4243223.915260820649564, 637274.354480883921497 ], [ 4243223.915260820649564, 637311.778998232795857 ], [ 4243223.915260820649564, 637349.203515581670217 ], [ 4243223.915260820649564, 637386.628032930544578 ], [ 4243223.915260820649564, 637424.052550279418938 ], [ 4243223.915260820649564, 637461.477067628293298 ], [ 4243223.915260820649564, 637498.901584977167659 ], [ 4243223.915260820649564, 637536.326102326042019 ], [ 4243223.915260820649564, 637573.750619674916379 ], [ 4243223.915260820649564, 637611.175137023790739 ], [ 4243223.915260820649564, 637648.5996543726651 ], [ 4243223.915260820649564, 637686.02417172153946 ], [ 4243223.915260820649564, 637723.44868907041382 ], [ 4243223.915260820649564, 637760.873206419288181 ], [ 4243223.915260820649564, 637798.297723768162541 ], [ 4243223.915260820649564, 637835.722241117036901 ], [ 4243223.915260820649564, 637873.146758465911262 ], [ 4243223.915260820649564, 637910.571275814785622 ], [ 4243223.915260820649564, 637947.995793163659982 ], [ 4243223.915260820649564, 637985.420310512534343 ], [ 4243223.915260820649564, 638022.844827861408703 ], [ 4243223.915260820649564, 638060.269345210283063 ], [ 4243261.339778169058263, 638060.269345210283063 ], [ 4243298.764295517466962, 638060.269345210283063 ], [ 4243336.188812865875661, 638060.269345210283063 ], [ 4243373.61333021428436, 638060.269345210283063 ], [ 4243400.076460214331746, 638086.732475210330449 ], [ 4243400.076460214331746, 638124.156992559204809 ], [ 4243400.076460214331746, 638161.58150990807917 ], [ 4243400.076460214331746, 638199.00602725695353 ], [ 4243400.076460214331746, 638236.43054460582789 ], [ 4243400.076460214331746, 638273.855061954702251 ], [ 4243400.076460214331746, 638311.279579303576611 ], [ 4243400.076460214331746, 638348.704096652450971 ], [ 4243400.076460214331746, 638386.128614001325332 ], [ 4243400.076460214331746, 638423.553131350199692 ], [ 4243400.076460214331746, 638460.977648699074052 ], [ 4243400.076460214331746, 638498.402166047948413 ], [ 4243400.076460214331746, 638535.826683396822773 ], [ 4243400.076460214331746, 638573.251200745697133 ], [ 4243400.076460214331746, 638610.675718094571494 ], [ 4243400.076460214331746, 638648.100235443445854 ], [ 4243400.076460214331746, 638685.524752792320214 ], [ 4243400.076460214331746, 638722.949270141194575 ], [ 4243400.076460214331746, 638760.373787490068935 ], [ 4243400.076460214331746, 638797.798304838943295 ], [ 4243400.076460214331746, 638835.222822187817656 ], [ 4243400.076460214331746, 638872.647339536692016 ], [ 4243400.076460214331746, 638910.071856885566376 ], [ 4243400.076460214331746, 638947.496374234440736 ], [ 4243400.076460214331746, 638984.920891583315097 ], [ 4243400.076460214331746, 639022.345408932189457 ], [ 4243400.076460214331746, 639059.769926281063817 ], [ 4243400.076460214331746, 639097.194443629938178 ], [ 4243400.076460214331746, 639134.618960978812538 ], [ 4243400.076460214331746, 639172.043478327686898 ], [ 4243400.076460214331746, 639209.467995676561259 ], [ 4243400.076460214331746, 639246.892513025435619 ], [ 4243400.076460214331746, 639284.317030374309979 ], [ 4243400.076460214331746, 639321.74154772318434 ], [ 4243400.076460214331746, 639359.1660650720587 ], [ 4243400.076460214331746, 639396.59058242093306 ], [ 4243400.076460214331746, 639434.015099769807421 ], [ 4243400.076460214331746, 639471.439617118681781 ], [ 4243400.076460214331746, 639508.864134467556141 ], [ 4243400.076460214331746, 639546.288651816430502 ], [ 4243373.61333021428436, 639572.751781816477887 ], [ 4243336.188812865875661, 639572.751781816477887 ], [ 4243298.764295517466962, 639572.751781816477887 ], [ 4243261.339778169058263, 639572.751781816477887 ], [ 4243223.915260820649564, 639572.751781816477887 ], [ 4243223.915260820649564, 639610.176299165352248 ], [ 4243223.915260820649564, 639647.600816514226608 ], [ 4243223.915260820649564, 639685.025333863100968 ], [ 4243223.915260820649564, 639722.449851211975329 ], [ 4243197.452130820602179, 639748.912981212022714 ], [ 4243160.02761347219348, 639748.912981212022714 ], [ 4243122.603096123784781, 639748.912981212022714 ], [ 4243085.178578775376081, 639748.912981212022714 ], [ 4243058.715448775328696, 639775.3761112120701 ], [ 4243058.715448775328696, 639812.80062856094446 ], [ 4243058.715448775328696, 639850.225145909818821 ], [ 4243058.715448775328696, 639887.649663258693181 ], [ 4243032.25231877528131, 639914.112793258740567 ], [ 4242994.827801426872611, 639914.112793258740567 ], [ 4242957.403284078463912, 639914.112793258740567 ], [ 4242919.978766730055213, 639914.112793258740567 ], [ 4242919.978766730055213, 639951.537310607614927 ], [ 4242919.978766730055213, 639988.961827956489287 ], [ 4242919.978766730055213, 640026.386345305363648 ], [ 4242919.978766730055213, 640063.810862654238008 ], [ 4242882.554249381646514, 640063.810862654238008 ], [ 4242845.129732033237815, 640063.810862654238008 ], [ 4242807.705214684829116, 640063.810862654238008 ], [ 4242770.280697336420417, 640063.810862654238008 ], [ 4242743.817567336373031, 640090.273992654285394 ], [ 4242743.817567336373031, 640127.698510003159754 ], [ 4242743.817567336373031, 640165.123027352034114 ], [ 4242743.817567336373031, 640202.547544700908475 ], [ 4242717.354437336325645, 640229.01067470095586 ], [ 4242679.929919987916946, 640229.01067470095586 ], [ 4242642.505402639508247, 640229.01067470095586 ], [ 4242605.080885291099548, 640229.01067470095586 ], [ 4242567.656367942690849, 640229.01067470095586 ], [ 4242567.656367942690849, 640266.435192049830221 ], [ 4242567.656367942690849, 640303.859709398704581 ], [ 4242567.656367942690849, 640341.284226747578941 ], [ 4242567.656367942690849, 640378.708744096453302 ], [ 4242567.656367942690849, 640416.133261445327662 ], [ 4242567.656367942690849, 640453.557778794202022 ], [ 4242567.656367942690849, 640490.982296143076383 ], [ 4242567.656367942690849, 640528.406813491950743 ], [ 4242567.656367942690849, 640565.831330840825103 ], [ 4242530.23185059428215, 640565.831330840825103 ], [ 4242492.807333245873451, 640565.831330840825103 ], [ 4242455.382815897464752, 640565.831330840825103 ], [ 4242417.958298549056053, 640565.831330840825103 ], [ 4242380.533781200647354, 640565.831330840825103 ], [ 4242343.109263852238655, 640565.831330840825103 ], [ 4242305.684746503829956, 640565.831330840825103 ], [ 4242268.260229155421257, 640565.831330840825103 ], [ 4242241.797099155373871, 640592.294460840872489 ], [ 4242241.797099155373871, 640629.718978189746849 ], [ 4242241.797099155373871, 640667.14349553862121 ], [ 4242241.797099155373871, 640704.56801288749557 ], [ 4242241.797099155373871, 640741.99253023636993 ], [ 4242241.797099155373871, 640779.417047585244291 ], [ 4242241.797099155373871, 640816.841564934118651 ], [ 4242241.797099155373871, 640854.266082282993011 ], [ 4242241.797099155373871, 640891.690599631867371 ], [ 4242204.372581806965172, 640891.690599631867371 ], [ 4242166.948064458556473, 640891.690599631867371 ], [ 4242129.523547110147774, 640891.690599631867371 ], [ 4242092.099029761739075, 640891.690599631867371 ], [ 4242054.674512413330376, 640891.690599631867371 ], [ 4242017.249995064921677, 640891.690599631867371 ], [ 4241979.825477716512978, 640891.690599631867371 ], [ 4241942.400960368104279, 640891.690599631867371 ], [ 4241904.97644301969558, 640891.690599631867371 ], [ 4241867.551925671286881, 640891.690599631867371 ], [ 4241830.127408322878182, 640891.690599631867371 ], [ 4241792.702890974469483, 640891.690599631867371 ], [ 4241755.278373626060784, 640891.690599631867371 ], [ 4241755.278373626060784, 640929.115116980741732 ], [ 4241755.278373626060784, 640966.539634329616092 ], [ 4241755.278373626060784, 641003.964151678490452 ], [ 4241755.278373626060784, 641041.388669027364813 ], [ 4241728.815243626013398, 641067.851799027412198 ], [ 4241691.390726277604699, 641067.851799027412198 ], [ 4241653.966208929196, 641067.851799027412198 ], [ 4241616.541691580787301, 641067.851799027412198 ], [ 4241579.117174232378602, 641067.851799027412198 ], [ 4241541.692656883969903, 641067.851799027412198 ], [ 4241504.268139535561204, 641067.851799027412198 ], [ 4241466.843622187152505, 641067.851799027412198 ], [ 4241429.419104838743806, 641067.851799027412198 ], [ 4241391.994587490335107, 641067.851799027412198 ], [ 4241354.570070141926408, 641067.851799027412198 ], [ 4241317.145552793517709, 641067.851799027412198 ], [ 4241279.72103544510901, 641067.851799027412198 ], [ 4241242.296518096700311, 641067.851799027412198 ], [ 4241204.872000748291612, 641067.851799027412198 ], [ 4241167.447483399882913, 641067.851799027412198 ], [ 4241130.022966051474214, 641067.851799027412198 ], [ 4241092.598448703065515, 641067.851799027412198 ], [ 4241092.598448703065515, 641105.276316376286559 ], [ 4241092.598448703065515, 641142.700833725160919 ], [ 4241092.598448703065515, 641180.125351074035279 ], [ 4241092.598448703065515, 641217.54986842290964 ], [ 4241055.173931354656816, 641217.54986842290964 ], [ 4241017.749414006248116, 641217.54986842290964 ], [ 4240980.324896657839417, 641217.54986842290964 ], [ 4240942.900379309430718, 641217.54986842290964 ], [ 4240905.475861961022019, 641217.54986842290964 ], [ 4240868.05134461261332, 641217.54986842290964 ], [ 4240830.626827264204621, 641217.54986842290964 ], [ 4240793.202309915795922, 641217.54986842290964 ], [ 4240755.777792567387223, 641217.54986842290964 ], [ 4240718.353275218978524, 641217.54986842290964 ], [ 4240680.928757870569825, 641217.54986842290964 ], [ 4240643.504240522161126, 641217.54986842290964 ], [ 4240606.079723173752427, 641217.54986842290964 ], [ 4240568.655205825343728, 641217.54986842290964 ], [ 4240531.230688476935029, 641217.54986842290964 ], [ 4240493.80617112852633, 641217.54986842290964 ], [ 4240456.381653780117631, 641217.54986842290964 ], [ 4240418.957136431708932, 641217.54986842290964 ], [ 4240381.532619083300233, 641217.54986842290964 ], [ 4240344.108101734891534, 641217.54986842290964 ], [ 4240306.683584386482835, 641217.54986842290964 ], [ 4240269.259067038074136, 641217.54986842290964 ], [ 4240231.834549689665437, 641217.54986842290964 ], [ 4240194.410032341256738, 641217.54986842290964 ], [ 4240156.985514992848039, 641217.54986842290964 ], [ 4240119.56099764443934, 641217.54986842290964 ], [ 4240082.136480296030641, 641217.54986842290964 ], [ 4240044.711962947621942, 641217.54986842290964 ], [ 4240007.287445599213243, 641217.54986842290964 ], [ 4239969.862928250804543, 641217.54986842290964 ], [ 4239943.399798250757158, 641244.012998422957025 ], [ 4239943.399798250757158, 641281.437515771831386 ], [ 4239943.399798250757158, 641318.862033120705746 ], [ 4239943.399798250757158, 641356.286550469580106 ], [ 4239943.399798250757158, 641393.711067818454467 ], [ 4239905.975280902348459, 641393.711067818454467 ], [ 4239868.55076355393976, 641393.711067818454467 ], [ 4239831.126246205531061, 641393.711067818454467 ], [ 4239793.701728857122362, 641393.711067818454467 ], [ 4239756.277211508713663, 641393.711067818454467 ], [ 4239718.852694160304964, 641393.711067818454467 ], [ 4239681.428176811896265, 641393.711067818454467 ], [ 4239644.003659463487566, 641393.711067818454467 ], [ 4239606.579142115078866, 641393.711067818454467 ], [ 4239569.154624766670167, 641393.711067818454467 ], [ 4239531.730107418261468, 641393.711067818454467 ], [ 4239494.305590069852769, 641393.711067818454467 ], [ 4239456.88107272144407, 641393.711067818454467 ], [ 4239456.88107272144407, 641431.135585167328827 ], [ 4239456.88107272144407, 641468.560102516203187 ], [ 4239456.88107272144407, 641505.984619865077548 ], [ 4239456.88107272144407, 641543.409137213951908 ], [ 4239430.417942721396685, 641569.872267213999294 ], [ 4239392.993425372987986, 641569.872267213999294 ], [ 4239355.568908024579287, 641569.872267213999294 ], [ 4239318.144390676170588, 641569.872267213999294 ], [ 4239280.719873327761889, 641569.872267213999294 ], [ 4239280.719873327761889, 641607.296784562873654 ], [ 4239280.719873327761889, 641644.721301911748014 ], [ 4239280.719873327761889, 641682.145819260622375 ], [ 4239280.719873327761889, 641719.570336609496735 ], [ 4239243.295355979353189, 641719.570336609496735 ], [ 4239205.87083863094449, 641719.570336609496735 ], [ 4239168.446321282535791, 641719.570336609496735 ], [ 4239131.021803934127092, 641719.570336609496735 ], [ 4239093.597286585718393, 641719.570336609496735 ], [ 4239056.172769237309694, 641719.570336609496735 ], [ 4239018.748251888900995, 641719.570336609496735 ], [ 4238981.323734540492296, 641719.570336609496735 ], [ 4238954.860604540444911, 641746.033466609544121 ], [ 4238954.860604540444911, 641783.457983958418481 ], [ 4238954.860604540444911, 641820.882501307292841 ], [ 4238954.860604540444911, 641858.307018656167202 ], [ 4238928.397474540397525, 641884.770148656214587 ], [ 4238890.972957191988826, 641884.770148656214587 ], [ 4238853.548439843580127, 641884.770148656214587 ], [ 4238816.123922495171428, 641884.770148656214587 ], [ 4238778.699405146762729, 641884.770148656214587 ], [ 4238778.699405146762729, 641922.194666005088948 ], [ 4238778.699405146762729, 641959.619183353963308 ], [ 4238778.699405146762729, 641997.043700702837668 ], [ 4238778.699405146762729, 642034.468218051712029 ], [ 4238752.236275146715343, 642060.931348051759414 ], [ 4238714.811757798306644, 642060.931348051759414 ], [ 4238677.387240449897945, 642060.931348051759414 ], [ 4238639.962723101489246, 642060.931348051759414 ], [ 4238602.538205753080547, 642060.931348051759414 ], [ 4238565.113688404671848, 642060.931348051759414 ], [ 4238527.689171056263149, 642060.931348051759414 ], [ 4238490.26465370785445, 642060.931348051759414 ], [ 4238452.840136359445751, 642060.931348051759414 ], [ 4238415.415619011037052, 642060.931348051759414 ], [ 4238377.991101662628353, 642060.931348051759414 ], [ 4238340.566584314219654, 642060.931348051759414 ], [ 4238303.142066965810955, 642060.931348051759414 ], [ 4238303.142066965810955, 642098.355865400633775 ], [ 4238303.142066965810955, 642135.780382749508135 ], [ 4238303.142066965810955, 642173.204900098382495 ], [ 4238303.142066965810955, 642210.629417447256856 ], [ 4238265.717549617402256, 642210.629417447256856 ], [ 4238228.293032268993556, 642210.629417447256856 ], [ 4238190.868514920584857, 642210.629417447256856 ], [ 4238153.443997572176158, 642210.629417447256856 ], [ 4238153.443997572176158, 642248.053934796131216 ], [ 4238153.443997572176158, 642285.478452145005576 ], [ 4238153.443997572176158, 642322.902969493879937 ], [ 4238153.443997572176158, 642360.327486842754297 ], [ 4238126.980867572128773, 642386.790616842801683 ], [ 4238089.556350223720074, 642386.790616842801683 ], [ 4238052.131832875311375, 642386.790616842801683 ], [ 4238014.707315526902676, 642386.790616842801683 ], [ 4237977.282798178493977, 642386.790616842801683 ], [ 4237950.819668178446591, 642413.253746842849068 ], [ 4237950.819668178446591, 642450.678264191723429 ], [ 4237950.819668178446591, 642488.102781540597789 ], [ 4237950.819668178446591, 642525.527298889472149 ], [ 4237924.356538178399205, 642551.990428889519535 ], [ 4237886.932020829990506, 642551.990428889519535 ], [ 4237849.507503481581807, 642551.990428889519535 ], [ 4237812.082986133173108, 642551.990428889519535 ], [ 4237812.082986133173108, 642589.414946238393895 ], [ 4237812.082986133173108, 642626.839463587268256 ], [ 4237812.082986133173108, 642664.263980936142616 ], [ 4237812.082986133173108, 642701.688498285016976 ], [ 4237785.619856133125722, 642728.151628285064362 ], [ 4237748.195338784717023, 642728.151628285064362 ], [ 4237710.770821436308324, 642728.151628285064362 ], [ 4237673.346304087899625, 642728.151628285064362 ], [ 4237635.921786739490926, 642728.151628285064362 ], [ 4237635.921786739490926, 642765.576145633938722 ], [ 4237635.921786739490926, 642803.000662982813083 ], [ 4237635.921786739490926, 642840.425180331687443 ], [ 4237635.921786739490926, 642877.849697680561803 ], [ 4237598.497269391082227, 642877.849697680561803 ], [ 4237561.072752042673528, 642877.849697680561803 ], [ 4237523.648234694264829, 642877.849697680561803 ], [ 4237486.22371734585613, 642877.849697680561803 ], [ 4237486.22371734585613, 642915.274215029436164 ], [ 4237486.22371734585613, 642952.698732378310524 ], [ 4237486.22371734585613, 642990.123249727184884 ], [ 4237486.22371734585613, 643027.547767076059245 ], [ 4237459.760587345808744, 643054.01089707610663 ], [ 4237422.336069997400045, 643054.01089707610663 ], [ 4237384.911552648991346, 643054.01089707610663 ], [ 4237347.487035300582647, 643054.01089707610663 ], [ 4237321.023905300535262, 643080.474027076154016 ], [ 4237321.023905300535262, 643117.898544425028376 ], [ 4237321.023905300535262, 643155.323061773902737 ], [ 4237321.023905300535262, 643192.747579122777097 ], [ 4237294.560775300487876, 643219.210709122824483 ], [ 4237257.136257952079177, 643219.210709122824483 ], [ 4237219.711740603670478, 643219.210709122824483 ], [ 4237182.287223255261779, 643219.210709122824483 ], [ 4237144.86270590685308, 643219.210709122824483 ], [ 4237144.86270590685308, 643256.635226471698843 ], [ 4237144.86270590685308, 643294.059743820573203 ], [ 4237144.86270590685308, 643331.484261169447564 ], [ 4237144.86270590685308, 643368.908778518321924 ], [ 4237107.438188558444381, 643368.908778518321924 ], [ 4237070.013671210035682, 643368.908778518321924 ], [ 4237032.589153861626983, 643368.908778518321924 ], [ 4236995.164636513218284, 643368.908778518321924 ], [ 4236957.740119164809585, 643368.908778518321924 ], [ 4236920.315601816400886, 643368.908778518321924 ], [ 4236882.891084467992187, 643368.908778518321924 ], [ 4236845.466567119583488, 643368.908778518321924 ], [ 4236819.003437119536102, 643395.37190851836931 ], [ 4236819.003437119536102, 643432.79642586724367 ], [ 4236819.003437119536102, 643470.22094321611803 ], [ 4236819.003437119536102, 643507.645460564992391 ], [ 4236792.540307119488716, 643534.108590565039776 ], [ 4236755.115789771080017, 643534.108590565039776 ], [ 4236717.691272422671318, 643534.108590565039776 ], [ 4236680.266755074262619, 643534.108590565039776 ], [ 4236653.803625074215233, 643560.571720565087162 ], [ 4236653.803625074215233, 643597.996237913961522 ], [ 4236653.803625074215233, 643635.420755262835883 ], [ 4236653.803625074215233, 643672.845272611710243 ], [ 4236627.340495074167848, 643699.308402611757629 ], [ 4236589.915977725759149, 643699.308402611757629 ], [ 4236552.49146037735045, 643699.308402611757629 ], [ 4236515.066943028941751, 643699.308402611757629 ], [ 4236477.642425680533051, 643699.308402611757629 ], [ 4236477.642425680533051, 643736.732919960631989 ], [ 4236477.642425680533051, 643774.157437309506349 ], [ 4236477.642425680533051, 643811.58195465838071 ], [ 4236477.642425680533051, 643849.00647200725507 ], [ 4236451.179295680485666, 643875.469602007302456 ], [ 4236413.754778332076967, 643875.469602007302456 ], [ 4236376.330260983668268, 643875.469602007302456 ], [ 4236338.905743635259569, 643875.469602007302456 ], [ 4236312.442613635212183, 643901.932732007349841 ], [ 4236312.442613635212183, 643939.357249356224202 ], [ 4236312.442613635212183, 643976.781766705098562 ], [ 4236312.442613635212183, 644014.206284053972922 ], [ 4236285.979483635164797, 644040.669414054020308 ], [ 4236248.554966286756098, 644040.669414054020308 ], [ 4236211.130448938347399, 644040.669414054020308 ], [ 4236173.7059315899387, 644040.669414054020308 ], [ 4236173.7059315899387, 644078.093931402894668 ], [ 4236173.7059315899387, 644115.518448751769029 ], [ 4236173.7059315899387, 644152.942966100643389 ], [ 4236173.7059315899387, 644190.367483449517749 ], [ 4236147.242801589891315, 644216.830613449565135 ], [ 4236109.818284241482615, 644216.830613449565135 ], [ 4236072.393766893073916, 644216.830613449565135 ], [ 4236034.969249544665217, 644216.830613449565135 ], [ 4235997.544732196256518, 644216.830613449565135 ], [ 4235997.544732196256518, 644254.255130798439495 ], [ 4235997.544732196256518, 644291.679648147313856 ], [ 4235997.544732196256518, 644329.104165496188216 ], [ 4235997.544732196256518, 644366.528682845062576 ], [ 4235960.120214847847819, 644366.528682845062576 ], [ 4235922.69569749943912, 644366.528682845062576 ], [ 4235885.271180151030421, 644366.528682845062576 ], [ 4235847.846662802621722, 644366.528682845062576 ], [ 4235847.846662802621722, 644403.953200193936937 ], [ 4235847.846662802621722, 644441.377717542811297 ], [ 4235847.846662802621722, 644478.802234891685657 ], [ 4235847.846662802621722, 644516.226752240560018 ], [ 4235847.846662802621722, 644553.651269589434378 ], [ 4235847.846662802621722, 644591.075786938308738 ], [ 4235847.846662802621722, 644628.500304287183098 ], [ 4235847.846662802621722, 644665.924821636057459 ], [ 4235821.383532802574337, 644692.387951636104845 ], [ 4235783.959015454165637, 644692.387951636104845 ], [ 4235746.534498105756938, 644692.387951636104845 ], [ 4235709.109980757348239, 644692.387951636104845 ], [ 4235671.68546340893954, 644692.387951636104845 ], [ 4235671.68546340893954, 644729.812468984979205 ], [ 4235671.68546340893954, 644767.236986333853565 ], [ 4235671.68546340893954, 644804.661503682727925 ], [ 4235671.68546340893954, 644842.086021031602286 ], [ 4235671.68546340893954, 644879.510538380476646 ], [ 4235671.68546340893954, 644916.935055729351006 ], [ 4235671.68546340893954, 644954.359573078225367 ], [ 4235671.68546340893954, 644991.784090427099727 ], [ 4235671.68546340893954, 645029.208607775974087 ], [ 4235634.260946060530841, 645029.208607775974087 ], [ 4235596.836428712122142, 645029.208607775974087 ], [ 4235559.411911363713443, 645029.208607775974087 ], [ 4235521.987394015304744, 645029.208607775974087 ], [ 4235495.524264015257359, 645055.671737776021473 ], [ 4235495.524264015257359, 645093.096255124895833 ], [ 4235495.524264015257359, 645130.520772473770194 ], [ 4235495.524264015257359, 645167.945289822644554 ], [ 4235495.524264015257359, 645205.369807171518914 ], [ 4235495.524264015257359, 645242.794324520393275 ], [ 4235495.524264015257359, 645280.218841869267635 ], [ 4235495.524264015257359, 645317.643359218141995 ], [ 4235495.524264015257359, 645355.067876567016356 ], [ 4235458.09974666684866, 645355.067876567016356 ], [ 4235420.67522931843996, 645355.067876567016356 ], [ 4235383.250711970031261, 645355.067876567016356 ], [ 4235345.826194621622562, 645355.067876567016356 ], [ 4235345.826194621622562, 645392.492393915890716 ], [ 4235345.826194621622562, 645429.916911264765076 ], [ 4235345.826194621622562, 645467.341428613639437 ], [ 4235345.826194621622562, 645504.765945962513797 ], [ 4235319.363064621575177, 645531.229075962561183 ], [ 4235281.938547273166478, 645531.229075962561183 ], [ 4235244.514029924757779, 645531.229075962561183 ], [ 4235207.08951257634908, 645531.229075962561183 ], [ 4235180.626382576301694, 645557.692205962608568 ], [ 4235180.626382576301694, 645595.116723311482929 ], [ 4235180.626382576301694, 645632.541240660357289 ], [ 4235180.626382576301694, 645669.965758009231649 ], [ 4235180.626382576301694, 645707.39027535810601 ], [ 4235180.626382576301694, 645744.81479270698037 ], [ 4235180.626382576301694, 645782.23931005585473 ], [ 4235180.626382576301694, 645819.663827404729091 ], [ 4235180.626382576301694, 645857.088344753603451 ], [ 4235143.201865227892995, 645857.088344753603451 ], [ 4235105.777347879484296, 645857.088344753603451 ], [ 4235068.352830531075597, 645857.088344753603451 ], [ 4235030.928313182666898, 645857.088344753603451 ], [ 4235030.928313182666898, 645894.512862102477811 ], [ 4235030.928313182666898, 645931.937379451352172 ], [ 4235030.928313182666898, 645969.361896800226532 ], [ 4235030.928313182666898, 646006.786414149100892 ], [ 4235030.928313182666898, 646044.210931497975253 ], [ 4235030.928313182666898, 646081.635448846849613 ], [ 4235030.928313182666898, 646119.059966195723973 ], [ 4235030.928313182666898, 646156.484483544598334 ], [ 4235030.928313182666898, 646193.909000893472694 ], [ 4235030.928313182666898, 646231.333518242347054 ], [ 4235030.928313182666898, 646268.758035591221415 ], [ 4235030.928313182666898, 646306.182552940095775 ], [ 4235030.928313182666898, 646343.607070288970135 ], [ 4235030.928313182666898, 646381.031587637844495 ], [ 4235030.928313182666898, 646418.456104986718856 ], [ 4235030.928313182666898, 646455.880622335593216 ], [ 4235030.928313182666898, 646493.305139684467576 ], [ 4235004.465183182619512, 646519.768269684514962 ], [ 4234967.040665834210813, 646519.768269684514962 ], [ 4234929.616148485802114, 646519.768269684514962 ], [ 4234892.191631137393415, 646519.768269684514962 ], [ 4234854.767113788984716, 646519.768269684514962 ], [ 4234828.30398378893733, 646546.231399684562348 ], [ 4234828.30398378893733, 646583.655917033436708 ], [ 4234828.30398378893733, 646621.080434382311068 ], [ 4234828.30398378893733, 646658.504951731185429 ], [ 4234828.30398378893733, 646695.929469080059789 ], [ 4234828.30398378893733, 646733.353986428934149 ], [ 4234828.30398378893733, 646770.77850377780851 ], [ 4234828.30398378893733, 646808.20302112668287 ], [ 4234828.30398378893733, 646845.62753847555723 ], [ 4234828.30398378893733, 646883.052055824431591 ], [ 4234828.30398378893733, 646920.476573173305951 ], [ 4234828.30398378893733, 646957.901090522180311 ], [ 4234828.30398378893733, 646995.325607871054672 ], [ 4234828.30398378893733, 647032.750125219929032 ], [ 4234828.30398378893733, 647070.174642568803392 ], [ 4234828.30398378893733, 647107.599159917677753 ], [ 4234828.30398378893733, 647145.023677266552113 ], [ 4234828.30398378893733, 647182.448194615426473 ], [ 4234828.30398378893733, 647219.872711964300834 ], [ 4234828.30398378893733, 647257.297229313175194 ], [ 4234828.30398378893733, 647294.721746662049554 ], [ 4234828.30398378893733, 647332.146264010923915 ], [ 4234828.30398378893733, 647369.570781359798275 ], [ 4234828.30398378893733, 647406.995298708672635 ], [ 4234828.30398378893733, 647444.419816057546996 ], [ 4234828.30398378893733, 647481.844333406421356 ], [ 4234828.30398378893733, 647519.268850755295716 ], [ 4234828.30398378893733, 647556.693368104170077 ], [ 4234828.30398378893733, 647594.117885453044437 ], [ 4234828.30398378893733, 647631.542402801918797 ], [ 4234828.30398378893733, 647668.966920150793158 ], [ 4234790.879466440528631, 647668.966920150793158 ], [ 4234753.454949092119932, 647668.966920150793158 ], [ 4234716.030431743711233, 647668.966920150793158 ], [ 4234678.605914395302534, 647668.966920150793158 ], [ 4234678.605914395302534, 647706.391437499667518 ], [ 4234678.605914395302534, 647743.815954848541878 ], [ 4234678.605914395302534, 647781.240472197416238 ], [ 4234678.605914395302534, 647818.664989546290599 ], [ 4234678.605914395302534, 647856.089506895164959 ], [ 4234678.605914395302534, 647893.514024244039319 ], [ 4234678.605914395302534, 647930.93854159291368 ], [ 4234678.605914395302534, 647968.36305894178804 ], [ 4234678.605914395302534, 648005.7875762906624 ], [ 4234678.605914395302534, 648043.212093639536761 ], [ 4234678.605914395302534, 648080.636610988411121 ], [ 4234678.605914395302534, 648118.061128337285481 ], [ 4234678.605914395302534, 648155.485645686159842 ], [ 4234678.605914395302534, 648192.910163035034202 ], [ 4234678.605914395302534, 648230.334680383908562 ], [ 4234678.605914395302534, 648267.759197732782923 ], [ 4234678.605914395302534, 648305.183715081657283 ], [ 4234652.142784395255148, 648331.646845081704669 ], [ 4234614.718267046846449, 648331.646845081704669 ], [ 4234577.29374969843775, 648331.646845081704669 ], [ 4234539.869232350029051, 648331.646845081704669 ], [ 4234513.406102349981666, 648358.109975081752054 ], [ 4234513.406102349981666, 648395.534492430626415 ], [ 4234513.406102349981666, 648432.959009779500775 ], [ 4234513.406102349981666, 648470.383527128375135 ], [ 4234513.406102349981666, 648507.808044477249496 ], [ 4234513.406102349981666, 648545.232561826123856 ], [ 4234513.406102349981666, 648582.657079174998216 ], [ 4234513.406102349981666, 648620.081596523872577 ], [ 4234513.406102349981666, 648657.506113872746937 ], [ 4234513.406102349981666, 648694.930631221621297 ], [ 4234513.406102349981666, 648732.355148570495658 ], [ 4234513.406102349981666, 648769.779665919370018 ], [ 4234513.406102349981666, 648807.204183268244378 ], [ 4234513.406102349981666, 648844.628700617118739 ], [ 4234513.406102349981666, 648882.053217965993099 ], [ 4234513.406102349981666, 648919.477735314867459 ], [ 4234513.406102349981666, 648956.90225266374182 ], [ 4234513.406102349981666, 648994.32677001261618 ], [ 4234513.406102349981666, 649031.75128736149054 ], [ 4234513.406102349981666, 649069.175804710364901 ], [ 4234513.406102349981666, 649106.600322059239261 ], [ 4234513.406102349981666, 649144.024839408113621 ], [ 4234513.406102349981666, 649181.449356756987981 ], [ 4234513.406102349981666, 649218.873874105862342 ], [ 4234513.406102349981666, 649256.298391454736702 ], [ 4234513.406102349981666, 649293.722908803611062 ], [ 4234513.406102349981666, 649331.147426152485423 ], [ 4234513.406102349981666, 649368.571943501359783 ], [ 4234513.406102349981666, 649405.996460850234143 ], [ 4234513.406102349981666, 649443.420978199108504 ], [ 4234513.406102349981666, 649480.845495547982864 ], [ 4234513.406102349981666, 649518.270012896857224 ], [ 4234513.406102349981666, 649555.694530245731585 ], [ 4234513.406102349981666, 649593.119047594605945 ], [ 4234513.406102349981666, 649630.543564943480305 ], [ 4234513.406102349981666, 649667.968082292354666 ], [ 4234513.406102349981666, 649705.392599641229026 ], [ 4234513.406102349981666, 649742.817116990103386 ], [ 4234513.406102349981666, 649780.241634338977747 ], [ 4234513.406102349981666, 649817.666151687852107 ], [ 4234513.406102349981666, 649855.090669036726467 ], [ 4234513.406102349981666, 649892.515186385600828 ], [ 4234513.406102349981666, 649929.939703734475188 ], [ 4234513.406102349981666, 649967.364221083349548 ], [ 4234513.406102349981666, 650004.788738432223909 ], [ 4234513.406102349981666, 650042.213255781098269 ], [ 4234513.406102349981666, 650079.637773129972629 ], [ 4234513.406102349981666, 650117.06229047884699 ], [ 4234513.406102349981666, 650154.48680782772135 ], [ 4234513.406102349981666, 650191.91132517659571 ], [ 4234513.406102349981666, 650229.335842525470071 ], [ 4234513.406102349981666, 650266.760359874344431 ], [ 4234513.406102349981666, 650304.184877223218791 ], [ 4234513.406102349981666, 650341.609394572093152 ], [ 4234513.406102349981666, 650379.033911920967512 ], [ 4234513.406102349981666, 650416.458429269841872 ], [ 4234513.406102349981666, 650453.882946618716232 ], [ 4234513.406102349981666, 650491.307463967590593 ], [ 4234513.406102349981666, 650528.731981316464953 ], [ 4234513.406102349981666, 650566.156498665339313 ], [ 4234513.406102349981666, 650603.581016014213674 ], [ 4234513.406102349981666, 650641.005533363088034 ], [ 4234513.406102349981666, 650678.430050711962394 ], [ 4234513.406102349981666, 650715.854568060836755 ], [ 4234513.406102349981666, 650753.279085409711115 ], [ 4234513.406102349981666, 650790.703602758585475 ], [ 4234513.406102349981666, 650828.128120107459836 ], [ 4234513.406102349981666, 650865.552637456334196 ], [ 4234513.406102349981666, 650902.977154805208556 ], [ 4234513.406102349981666, 650940.401672154082917 ], [ 4234513.406102349981666, 650977.826189502957277 ], [ 4234513.406102349981666, 651015.250706851831637 ], [ 4234513.406102349981666, 651052.675224200705998 ], [ 4234513.406102349981666, 651090.099741549580358 ], [ 4234513.406102349981666, 651127.524258898454718 ], [ 4234513.406102349981666, 651164.948776247329079 ], [ 4234513.406102349981666, 651202.373293596203439 ], [ 4234513.406102349981666, 651239.797810945077799 ], [ 4234513.406102349981666, 651277.22232829395216 ], [ 4234513.406102349981666, 651314.64684564282652 ], [ 4234475.981585001572967, 651314.64684564282652 ], [ 4234438.557067653164268, 651314.64684564282652 ], [ 4234401.132550304755569, 651314.64684564282652 ], [ 4234363.708032956346869, 651314.64684564282652 ], [ 4234363.708032956346869, 651352.07136299170088 ], [ 4234363.708032956346869, 651389.495880340575241 ], [ 4234363.708032956346869, 651426.920397689449601 ], [ 4234363.708032956346869, 651464.344915038323961 ], [ 4234337.244902956299484, 651490.808045038371347 ], [ 4234299.820385607890785, 651490.808045038371347 ], [ 4234262.395868259482086, 651490.808045038371347 ], [ 4234224.971350911073387, 651490.808045038371347 ], [ 4234187.546833562664688, 651490.808045038371347 ], [ 4234187.546833562664688, 651528.232562387245707 ], [ 4234187.546833562664688, 651565.657079736120068 ], [ 4234187.546833562664688, 651603.081597084994428 ], [ 4234187.546833562664688, 651640.506114433868788 ], [ 4234187.546833562664688, 651677.930631782743149 ], [ 4234187.546833562664688, 651715.355149131617509 ], [ 4234187.546833562664688, 651752.779666480491869 ], [ 4234187.546833562664688, 651790.204183829366229 ], [ 4234161.083703562617302, 651816.667313829413615 ], [ 4234123.659186214208603, 651816.667313829413615 ], [ 4234086.234668865799904, 651816.667313829413615 ], [ 4234048.810151517391205, 651816.667313829413615 ], [ 4234011.385634168982506, 651816.667313829413615 ], [ 4234011.385634168982506, 651854.091831178287975 ], [ 4234011.385634168982506, 651891.516348527162336 ], [ 4234011.385634168982506, 651928.940865876036696 ], [ 4234011.385634168982506, 651966.365383224911056 ], [ 4233984.92250416893512, 651992.828513224958442 ], [ 4233947.497986820526421, 651992.828513224958442 ], [ 4233910.073469472117722, 651992.828513224958442 ], [ 4233872.648952123709023, 651992.828513224958442 ], [ 4233872.648952123709023, 652030.253030573832802 ], [ 4233872.648952123709023, 652067.677547922707163 ], [ 4233872.648952123709023, 652105.102065271581523 ], [ 4233872.648952123709023, 652142.526582620455883 ], [ 4233872.648952123709023, 652179.951099969330244 ], [ 4233872.648952123709023, 652217.375617318204604 ], [ 4233872.648952123709023, 652254.800134667078964 ], [ 4233872.648952123709023, 652292.224652015953325 ], [ 4233846.185822123661637, 652318.68778201600071 ], [ 4233808.761304775252938, 652318.68778201600071 ], [ 4233771.336787426844239, 652318.68778201600071 ], [ 4233733.91227007843554, 652318.68778201600071 ], [ 4233696.487752730026841, 652318.68778201600071 ], [ 4233696.487752730026841, 652356.112299364875071 ], [ 4233696.487752730026841, 652393.536816713749431 ], [ 4233696.487752730026841, 652430.961334062623791 ], [ 4233696.487752730026841, 652468.385851411498152 ], [ 4233696.487752730026841, 652505.810368760372512 ], [ 4233696.487752730026841, 652543.234886109246872 ], [ 4233696.487752730026841, 652580.659403458121233 ], [ 4233696.487752730026841, 652618.083920806995593 ], [ 4233670.024622729979455, 652644.547050807042979 ], [ 4233632.600105381570756, 652644.547050807042979 ], [ 4233595.175588033162057, 652644.547050807042979 ], [ 4233557.751070684753358, 652644.547050807042979 ], [ 4233531.287940684705973, 652671.010180807090364 ], [ 4233531.287940684705973, 652708.434698155964725 ], [ 4233531.287940684705973, 652745.859215504839085 ], [ 4233531.287940684705973, 652783.283732853713445 ], [ 4233504.824810684658587, 652809.746862853760831 ], [ 4233467.400293336249888, 652809.746862853760831 ], [ 4233429.975775987841189, 652809.746862853760831 ], [ 4233392.55125863943249, 652809.746862853760831 ], [ 4233355.126741291023791, 652809.746862853760831 ], [ 4233355.126741291023791, 652847.171380202635191 ], [ 4233355.126741291023791, 652884.595897551509552 ], [ 4233355.126741291023791, 652922.020414900383912 ], [ 4233355.126741291023791, 652959.444932249258272 ], [ 4233328.663611290976405, 652985.908062249305658 ], [ 4233291.239093942567706, 652985.908062249305658 ], [ 4233253.814576594159007, 652985.908062249305658 ], [ 4233216.390059245750308, 652985.908062249305658 ], [ 4233189.926929245702922, 653012.371192249353044 ], [ 4233189.926929245702922, 653049.795709598227404 ], [ 4233189.926929245702922, 653087.220226947101764 ], [ 4233189.926929245702922, 653124.644744295976125 ], [ 4233189.926929245702922, 653162.069261644850485 ], [ 4233189.926929245702922, 653199.493778993724845 ], [ 4233189.926929245702922, 653236.918296342599206 ], [ 4233189.926929245702922, 653274.342813691473566 ], [ 4233163.463799245655537, 653300.805943691520952 ], [ 4233126.039281897246838, 653300.805943691520952 ], [ 4233088.614764548838139, 653300.805943691520952 ], [ 4233051.19024720042944, 653300.805943691520952 ], [ 4233051.19024720042944, 653338.230461040395312 ], [ 4233051.19024720042944, 653375.654978389269672 ], [ 4233051.19024720042944, 653413.079495738144033 ], [ 4233051.19024720042944, 653450.504013087018393 ], [ 4233051.19024720042944, 653487.928530435892753 ], [ 4233051.19024720042944, 653525.353047784767114 ], [ 4233051.19024720042944, 653562.777565133641474 ], [ 4233051.19024720042944, 653600.202082482515834 ], [ 4233024.727117200382054, 653626.66521248256322 ], [ 4232987.302599851973355, 653626.66521248256322 ], [ 4232949.878082503564656, 653626.66521248256322 ], [ 4232912.453565155155957, 653626.66521248256322 ], [ 4232875.029047806747258, 653626.66521248256322 ], [ 4232875.029047806747258, 653664.08972983143758 ], [ 4232875.029047806747258, 653701.514247180311941 ], [ 4232875.029047806747258, 653738.938764529186301 ], [ 4232875.029047806747258, 653776.363281878060661 ], [ 4232848.565917806699872, 653802.826411878108047 ], [ 4232811.141400458291173, 653802.826411878108047 ], [ 4232773.716883109882474, 653802.826411878108047 ], [ 4232736.292365761473775, 653802.826411878108047 ], [ 4232709.829235761426389, 653829.289541878155433 ], [ 4232709.829235761426389, 653866.714059227029793 ], [ 4232709.829235761426389, 653904.138576575904153 ], [ 4232709.829235761426389, 653941.563093924778514 ], [ 4232709.829235761426389, 653978.987611273652874 ], [ 4232709.829235761426389, 654016.412128622527234 ], [ 4232709.829235761426389, 654053.836645971401595 ], [ 4232709.829235761426389, 654091.261163320275955 ], [ 4232683.366105761379004, 654117.724293320323341 ], [ 4232645.941588412970304, 654117.724293320323341 ], [ 4232608.517071064561605, 654117.724293320323341 ], [ 4232571.092553716152906, 654117.724293320323341 ], [ 4232533.668036367744207, 654117.724293320323341 ], [ 4232533.668036367744207, 654155.148810669197701 ], [ 4232533.668036367744207, 654192.573328018072061 ], [ 4232533.668036367744207, 654229.997845366946422 ], [ 4232533.668036367744207, 654267.422362715820782 ], [ 4232533.668036367744207, 654304.846880064695142 ], [ 4232533.668036367744207, 654342.271397413569503 ], [ 4232533.668036367744207, 654379.695914762443863 ], [ 4232533.668036367744207, 654417.120432111318223 ], [ 4232533.668036367744207, 654454.544949460192584 ], [ 4232496.243519019335508, 654454.544949460192584 ], [ 4232458.819001670926809, 654454.544949460192584 ], [ 4232421.39448432251811, 654454.544949460192584 ], [ 4232383.969966974109411, 654454.544949460192584 ], [ 4232383.969966974109411, 654491.969466809066944 ], [ 4232383.969966974109411, 654529.393984157941304 ], [ 4232383.969966974109411, 654566.818501506815664 ], [ 4232383.969966974109411, 654604.243018855690025 ], [ 4232357.506836974062026, 654630.70614885573741 ], [ 4232320.082319625653327, 654630.70614885573741 ], [ 4232282.657802277244627, 654630.70614885573741 ], [ 4232245.233284928835928, 654630.70614885573741 ], [ 4232207.808767580427229, 654630.70614885573741 ], [ 4232207.808767580427229, 654668.130666204611771 ], [ 4232207.808767580427229, 654705.555183553486131 ], [ 4232207.808767580427229, 654742.979700902360491 ], [ 4232207.808767580427229, 654780.404218251234852 ], [ 4232207.808767580427229, 654817.828735600109212 ], [ 4232207.808767580427229, 654855.253252948983572 ], [ 4232207.808767580427229, 654892.677770297857933 ], [ 4232207.808767580427229, 654930.102287646732293 ], [ 4232181.345637580379844, 654956.565417646779679 ], [ 4232143.921120231971145, 654956.565417646779679 ], [ 4232106.496602883562446, 654956.565417646779679 ], [ 4232069.072085535153747, 654956.565417646779679 ], [ 4232069.072085535153747, 654993.989934995654039 ], [ 4232069.072085535153747, 655031.414452344528399 ], [ 4232069.072085535153747, 655068.83896969340276 ], [ 4232069.072085535153747, 655106.26348704227712 ], [ 4232069.072085535153747, 655143.68800439115148 ], [ 4232069.072085535153747, 655181.112521740025841 ], [ 4232069.072085535153747, 655218.537039088900201 ], [ 4232069.072085535153747, 655255.961556437774561 ], [ 4232042.608955535106361, 655282.424686437821947 ], [ 4232005.184438186697662, 655282.424686437821947 ], [ 4231967.759920838288963, 655282.424686437821947 ], [ 4231930.335403489880264, 655282.424686437821947 ], [ 4231892.910886141471565, 655282.424686437821947 ], [ 4231866.447756141424179, 655308.887816437869333 ], [ 4231866.447756141424179, 655346.312333786743693 ], [ 4231866.447756141424179, 655383.736851135618053 ], [ 4231866.447756141424179, 655421.161368484492414 ], [ 4231839.984626141376793, 655447.624498484539799 ], [ 4231802.560108792968094, 655447.624498484539799 ], [ 4231765.135591444559395, 655447.624498484539799 ], [ 4231727.711074096150696, 655447.624498484539799 ], [ 4231727.711074096150696, 655485.04901583341416 ], [ 4231727.711074096150696, 655522.47353318228852 ], [ 4231727.711074096150696, 655559.89805053116288 ], [ 4231727.711074096150696, 655597.322567880037241 ], [ 4231727.711074096150696, 655634.747085228911601 ], [ 4231727.711074096150696, 655672.171602577785961 ], [ 4231727.711074096150696, 655709.596119926660322 ], [ 4231727.711074096150696, 655747.020637275534682 ], [ 4231727.711074096150696, 655784.445154624409042 ], [ 4231727.711074096150696, 655821.869671973283403 ], [ 4231727.711074096150696, 655859.294189322157763 ], [ 4231727.711074096150696, 655896.718706671032123 ], [ 4231727.711074096150696, 655934.143224019906484 ], [ 4231727.711074096150696, 655971.567741368780844 ], [ 4231727.711074096150696, 656008.992258717655204 ], [ 4231727.711074096150696, 656046.416776066529565 ], [ 4231727.711074096150696, 656083.841293415403925 ], [ 4231701.247944096103311, 656110.304423415451311 ], [ 4231663.823426747694612, 656110.304423415451311 ], [ 4231626.398909399285913, 656110.304423415451311 ], [ 4231588.974392050877213, 656110.304423415451311 ], [ 4231551.549874702468514, 656110.304423415451311 ], [ 4231551.549874702468514, 656147.728940764325671 ], [ 4231551.549874702468514, 656185.153458113200031 ], [ 4231551.549874702468514, 656222.577975462074392 ], [ 4231551.549874702468514, 656260.002492810948752 ], [ 4231551.549874702468514, 656297.427010159823112 ], [ 4231551.549874702468514, 656334.851527508697473 ], [ 4231551.549874702468514, 656372.276044857571833 ], [ 4231551.549874702468514, 656409.700562206446193 ], [ 4231551.549874702468514, 656447.125079555320553 ], [ 4231551.549874702468514, 656484.549596904194914 ], [ 4231551.549874702468514, 656521.974114253069274 ], [ 4231551.549874702468514, 656559.398631601943634 ], [ 4231551.549874702468514, 656596.823148950817995 ], [ 4231551.549874702468514, 656634.247666299692355 ], [ 4231551.549874702468514, 656671.672183648566715 ], [ 4231551.549874702468514, 656709.096700997441076 ], [ 4231551.549874702468514, 656746.521218346315436 ], [ 4231525.086744702421129, 656772.984348346362822 ], [ 4231487.66222735401243, 656772.984348346362822 ], [ 4231450.237710005603731, 656772.984348346362822 ], [ 4231412.813192657195032, 656772.984348346362822 ], [ 4231386.350062657147646, 656799.447478346410207 ], [ 4231386.350062657147646, 656836.871995695284568 ], [ 4231386.350062657147646, 656874.296513044158928 ], [ 4231386.350062657147646, 656911.721030393033288 ], [ 4231386.350062657147646, 656949.145547741907649 ], [ 4231386.350062657147646, 656986.570065090782009 ], [ 4231386.350062657147646, 657023.994582439656369 ], [ 4231386.350062657147646, 657061.41909978853073 ], [ 4231386.350062657147646, 657098.84361713740509 ], [ 4231386.350062657147646, 657136.26813448627945 ], [ 4231386.350062657147646, 657173.692651835153811 ], [ 4231386.350062657147646, 657211.117169184028171 ], [ 4231386.350062657147646, 657248.541686532902531 ], [ 4231386.350062657147646, 657285.966203881776892 ], [ 4231386.350062657147646, 657323.390721230651252 ], [ 4231386.350062657147646, 657360.815238579525612 ], [ 4231386.350062657147646, 657398.239755928399973 ], [ 4231386.350062657147646, 657435.664273277274333 ], [ 4231386.350062657147646, 657473.088790626148693 ], [ 4231386.350062657147646, 657510.513307975023054 ], [ 4231386.350062657147646, 657547.937825323897414 ], [ 4231386.350062657147646, 657585.362342672771774 ], [ 4231386.350062657147646, 657622.786860021646135 ], [ 4231386.350062657147646, 657660.211377370520495 ], [ 4231386.350062657147646, 657697.635894719394855 ], [ 4231386.350062657147646, 657735.060412068269216 ], [ 4231386.350062657147646, 657772.484929417143576 ], [ 4231386.350062657147646, 657809.909446766017936 ], [ 4231386.350062657147646, 657847.333964114892296 ], [ 4231386.350062657147646, 657884.758481463766657 ], [ 4231386.350062657147646, 657922.182998812641017 ], [ 4231348.925545308738947, 657922.182998812641017 ], [ 4231311.501027960330248, 657922.182998812641017 ], [ 4231274.076510611921549, 657922.182998812641017 ], [ 4231236.65199326351285, 657922.182998812641017 ], [ 4231236.65199326351285, 657959.607516161515377 ], [ 4231236.65199326351285, 657997.032033510389738 ], [ 4231236.65199326351285, 658034.456550859264098 ], [ 4231236.65199326351285, 658071.881068208138458 ], [ 4231236.65199326351285, 658109.305585557012819 ], [ 4231236.65199326351285, 658146.730102905887179 ], [ 4231236.65199326351285, 658184.154620254761539 ], [ 4231236.65199326351285, 658221.5791376036359 ], [ 4231236.65199326351285, 658259.00365495251026 ], [ 4231236.65199326351285, 658296.42817230138462 ], [ 4231236.65199326351285, 658333.852689650258981 ], [ 4231236.65199326351285, 658371.277206999133341 ], [ 4231236.65199326351285, 658408.701724348007701 ], [ 4231236.65199326351285, 658446.126241696882062 ], [ 4231236.65199326351285, 658483.550759045756422 ], [ 4231236.65199326351285, 658520.975276394630782 ], [ 4231236.65199326351285, 658558.399793743505143 ], [ 4231236.65199326351285, 658595.824311092379503 ], [ 4231236.65199326351285, 658633.248828441253863 ], [ 4231236.65199326351285, 658670.673345790128224 ], [ 4231236.65199326351285, 658708.097863139002584 ], [ 4231236.65199326351285, 658745.522380487876944 ], [ 4231236.65199326351285, 658782.946897836751305 ], [ 4231236.65199326351285, 658820.371415185625665 ], [ 4231236.65199326351285, 658857.795932534500025 ], [ 4231236.65199326351285, 658895.220449883374386 ], [ 4231236.65199326351285, 658932.644967232248746 ], [ 4231236.65199326351285, 658970.069484581123106 ], [ 4231236.65199326351285, 659007.494001929997467 ], [ 4231236.65199326351285, 659044.918519278871827 ], [ 4231236.65199326351285, 659082.343036627746187 ], [ 4231236.65199326351285, 659119.767553976620547 ], [ 4231236.65199326351285, 659157.192071325494908 ], [ 4231236.65199326351285, 659194.616588674369268 ], [ 4231236.65199326351285, 659232.041106023243628 ], [ 4231210.188863263465464, 659258.504236023291014 ], [ 4231172.764345915056765, 659258.504236023291014 ], [ 4231135.339828566648066, 659258.504236023291014 ], [ 4231097.915311218239367, 659258.504236023291014 ], [ 4231060.490793869830668, 659258.504236023291014 ], [ 4231060.490793869830668, 659295.928753372165374 ], [ 4231060.490793869830668, 659333.353270721039735 ], [ 4231060.490793869830668, 659370.777788069914095 ], [ 4231060.490793869830668, 659408.202305418788455 ], [ 4231060.490793869830668, 659445.626822767662816 ], [ 4231060.490793869830668, 659483.051340116537176 ], [ 4231060.490793869830668, 659520.475857465411536 ], [ 4231060.490793869830668, 659557.900374814285897 ], [ 4231060.490793869830668, 659595.324892163160257 ], [ 4231060.490793869830668, 659632.749409512034617 ], [ 4231060.490793869830668, 659670.173926860908978 ], [ 4231060.490793869830668, 659707.598444209783338 ], [ 4231060.490793869830668, 659745.022961558657698 ], [ 4231060.490793869830668, 659782.447478907532059 ], [ 4231060.490793869830668, 659819.871996256406419 ], [ 4231060.490793869830668, 659857.296513605280779 ], [ 4231060.490793869830668, 659894.72103095415514 ], [ 4231060.490793869830668, 659932.1455483030295 ], [ 4231060.490793869830668, 659969.57006565190386 ], [ 4231060.490793869830668, 660006.994583000778221 ], [ 4231060.490793869830668, 660044.419100349652581 ], [ 4231060.490793869830668, 660081.843617698526941 ], [ 4231060.490793869830668, 660119.268135047401302 ], [ 4231060.490793869830668, 660156.692652396275662 ], [ 4231060.490793869830668, 660194.117169745150022 ], [ 4231060.490793869830668, 660231.541687094024383 ], [ 4231060.490793869830668, 660268.966204442898743 ], [ 4231060.490793869830668, 660306.390721791773103 ], [ 4231060.490793869830668, 660343.815239140647464 ], [ 4231060.490793869830668, 660381.239756489521824 ], [ 4231060.490793869830668, 660418.664273838396184 ], [ 4231060.490793869830668, 660456.088791187270544 ], [ 4231060.490793869830668, 660493.513308536144905 ], [ 4231060.490793869830668, 660530.937825885019265 ], [ 4231060.490793869830668, 660568.362343233893625 ], [ 4231023.066276521421969, 660568.362343233893625 ], [ 4230985.64175917301327, 660568.362343233893625 ], [ 4230948.217241824604571, 660568.362343233893625 ], [ 4230910.792724476195872, 660568.362343233893625 ], [ 4230884.329594476148486, 660594.825473233941011 ], [ 4230884.329594476148486, 660632.249990582815371 ], [ 4230884.329594476148486, 660669.674507931689732 ], [ 4230884.329594476148486, 660707.099025280564092 ], [ 4230884.329594476148486, 660744.523542629438452 ], [ 4230884.329594476148486, 660781.948059978312813 ], [ 4230884.329594476148486, 660819.372577327187173 ], [ 4230884.329594476148486, 660856.797094676061533 ], [ 4230884.329594476148486, 660894.221612024935894 ], [ 4230884.329594476148486, 660931.646129373810254 ], [ 4230884.329594476148486, 660969.070646722684614 ], [ 4230884.329594476148486, 661006.495164071558975 ], [ 4230884.329594476148486, 661043.919681420433335 ], [ 4230884.329594476148486, 661081.344198769307695 ], [ 4230884.329594476148486, 661118.768716118182056 ], [ 4230884.329594476148486, 661156.193233467056416 ], [ 4230884.329594476148486, 661193.617750815930776 ], [ 4230884.329594476148486, 661231.042268164805137 ], [ 4230846.905077127739787, 661231.042268164805137 ], [ 4230809.480559779331088, 661231.042268164805137 ], [ 4230772.056042430922389, 661231.042268164805137 ], [ 4230734.63152508251369, 661231.042268164805137 ], [ 4230734.63152508251369, 661268.466785513679497 ], [ 4230734.63152508251369, 661305.891302862553857 ], [ 4230734.63152508251369, 661343.315820211428218 ], [ 4230734.63152508251369, 661380.740337560302578 ], [ 4230734.63152508251369, 661418.164854909176938 ], [ 4230734.63152508251369, 661455.589372258051299 ], [ 4230734.63152508251369, 661493.013889606925659 ], [ 4230734.63152508251369, 661530.438406955800019 ], [ 4230734.63152508251369, 661567.86292430467438 ], [ 4230734.63152508251369, 661605.28744165354874 ], [ 4230734.63152508251369, 661642.7119590024231 ], [ 4230734.63152508251369, 661680.13647635129746 ], [ 4230734.63152508251369, 661717.560993700171821 ], [ 4230708.168395082466304, 661744.024123700219207 ], [ 4230670.743877734057605, 661744.024123700219207 ], [ 4230633.319360385648906, 661744.024123700219207 ], [ 4230595.894843037240207, 661744.024123700219207 ], [ 4230569.431713037192822, 661770.487253700266592 ], [ 4230569.431713037192822, 661807.911771049140953 ], [ 4230569.431713037192822, 661845.336288398015313 ], [ 4230569.431713037192822, 661882.760805746889673 ], [ 4230569.431713037192822, 661920.185323095764033 ], [ 4230569.431713037192822, 661957.609840444638394 ], [ 4230569.431713037192822, 661995.034357793512754 ], [ 4230569.431713037192822, 662032.458875142387114 ], [ 4230569.431713037192822, 662069.883392491261475 ], [ 4230569.431713037192822, 662107.307909840135835 ], [ 4230569.431713037192822, 662144.732427189010195 ], [ 4230569.431713037192822, 662182.156944537884556 ], [ 4230569.431713037192822, 662219.581461886758916 ], [ 4230569.431713037192822, 662257.005979235633276 ], [ 4230569.431713037192822, 662294.430496584507637 ], [ 4230569.431713037192822, 662331.855013933381997 ], [ 4230569.431713037192822, 662369.279531282256357 ], [ 4230542.968583037145436, 662395.742661282303743 ], [ 4230505.544065688736737, 662395.742661282303743 ], [ 4230468.119548340328038, 662395.742661282303743 ], [ 4230430.695030991919339, 662395.742661282303743 ], [ 4230430.695030991919339, 662433.167178631178103 ], [ 4230430.695030991919339, 662470.591695980052464 ], [ 4230430.695030991919339, 662508.016213328926824 ], [ 4230430.695030991919339, 662545.440730677801184 ], [ 4230430.695030991919339, 662582.865248026675545 ], [ 4230430.695030991919339, 662620.289765375549905 ], [ 4230430.695030991919339, 662657.714282724424265 ], [ 4230430.695030991919339, 662695.138800073298626 ], [ 4230430.695030991919339, 662732.563317422172986 ], [ 4230430.695030991919339, 662769.987834771047346 ], [ 4230430.695030991919339, 662807.412352119921707 ], [ 4230430.695030991919339, 662844.836869468796067 ], [ 4230430.695030991919339, 662882.261386817670427 ], [ 4230404.231900991871953, 662908.724516817717813 ], [ 4230366.807383643463254, 662908.724516817717813 ], [ 4230329.382866295054555, 662908.724516817717813 ], [ 4230291.958348946645856, 662908.724516817717813 ], [ 4230254.533831598237157, 662908.724516817717813 ], [ 4230228.070701598189771, 662935.187646817765199 ], [ 4230228.070701598189771, 662972.612164166639559 ], [ 4230228.070701598189771, 663010.036681515513919 ], [ 4230228.070701598189771, 663047.46119886438828 ], [ 4230228.070701598189771, 663084.88571621326264 ], [ 4230228.070701598189771, 663122.310233562137 ], [ 4230228.070701598189771, 663159.734750911011361 ], [ 4230228.070701598189771, 663197.159268259885721 ], [ 4230201.607571598142385, 663223.622398259933107 ], [ 4230164.183054249733686, 663223.622398259933107 ], [ 4230126.758536901324987, 663223.622398259933107 ], [ 4230089.334019552916288, 663223.622398259933107 ], [ 4230051.909502204507589, 663223.622398259933107 ], [ 4230014.48498485609889, 663223.622398259933107 ], [ 4229977.060467507690191, 663223.622398259933107 ], [ 4229939.635950159281492, 663223.622398259933107 ], [ 4229902.211432810872793, 663223.622398259933107 ], [ 4229864.786915462464094, 663223.622398259933107 ], [ 4229827.362398114055395, 663223.622398259933107 ], [ 4229789.937880765646696, 663223.622398259933107 ], [ 4229752.513363417237997, 663223.622398259933107 ], [ 4229752.513363417237997, 663261.046915608807467 ], [ 4229752.513363417237997, 663298.471432957681827 ], [ 4229752.513363417237997, 663335.895950306556188 ], [ 4229752.513363417237997, 663373.320467655430548 ], [ 4229726.050233417190611, 663399.783597655477934 ], [ 4229688.625716068781912, 663399.783597655477934 ], [ 4229651.201198720373213, 663399.783597655477934 ], [ 4229613.776681371964514, 663399.783597655477934 ], [ 4229576.352164023555815, 663399.783597655477934 ], [ 4229576.352164023555815, 663437.208115004352294 ], [ 4229576.352164023555815, 663474.632632353226654 ], [ 4229576.352164023555815, 663512.057149702101015 ], [ 4229576.352164023555815, 663549.481667050975375 ], [ 4229538.927646675147116, 663549.481667050975375 ], [ 4229501.503129326738417, 663549.481667050975375 ], [ 4229464.078611978329718, 663549.481667050975375 ], [ 4229426.654094629921019, 663549.481667050975375 ], [ 4229389.22957728151232, 663549.481667050975375 ], [ 4229351.805059933103621, 663549.481667050975375 ], [ 4229314.380542584694922, 663549.481667050975375 ], [ 4229276.956025236286223, 663549.481667050975375 ], [ 4229250.492895236238837, 663575.944797051022761 ], [ 4229250.492895236238837, 663613.369314399897121 ], [ 4229250.492895236238837, 663650.793831748771481 ], [ 4229250.492895236238837, 663688.218349097645842 ], [ 4229224.029765236191452, 663714.681479097693227 ], [ 4229186.605247887782753, 663714.681479097693227 ], [ 4229149.180730539374053, 663714.681479097693227 ], [ 4229111.756213190965354, 663714.681479097693227 ], [ 4229074.331695842556655, 663714.681479097693227 ], [ 4229036.907178494147956, 663714.681479097693227 ], [ 4228999.482661145739257, 663714.681479097693227 ], [ 4228962.058143797330558, 663714.681479097693227 ], [ 4228924.633626448921859, 663714.681479097693227 ], [ 4228887.20910910051316, 663714.681479097693227 ], [ 4228849.784591752104461, 663714.681479097693227 ], [ 4228812.360074403695762, 663714.681479097693227 ], [ 4228774.935557055287063, 663714.681479097693227 ], [ 4228737.511039706878364, 663714.681479097693227 ], [ 4228700.086522358469665, 663714.681479097693227 ], [ 4228662.662005010060966, 663714.681479097693227 ], [ 4228625.237487661652267, 663714.681479097693227 ], [ 4228587.812970313243568, 663714.681479097693227 ], [ 4228550.388452964834869, 663714.681479097693227 ], [ 4228512.96393561642617, 663714.681479097693227 ], [ 4228475.539418268017471, 663714.681479097693227 ], [ 4228438.114900919608772, 663714.681479097693227 ], [ 4228400.690383571200073, 663714.681479097693227 ], [ 4228363.265866222791374, 663714.681479097693227 ], [ 4228325.841348874382675, 663714.681479097693227 ], [ 4228288.416831525973976, 663714.681479097693227 ], [ 4228250.992314177565277, 663714.681479097693227 ], [ 4228213.567796829156578, 663714.681479097693227 ], [ 4228176.143279480747879, 663714.681479097693227 ], [ 4228138.71876213233918, 663714.681479097693227 ], [ 4228101.29424478393048, 663714.681479097693227 ], [ 4228063.869727435521781, 663714.681479097693227 ], [ 4228026.445210087113082, 663714.681479097693227 ], [ 4227989.020692738704383, 663714.681479097693227 ], [ 4227951.596175390295684, 663714.681479097693227 ], [ 4227914.171658041886985, 663714.681479097693227 ], [ 4227876.747140693478286, 663714.681479097693227 ], [ 4227839.322623345069587, 663714.681479097693227 ], [ 4227801.898105996660888, 663714.681479097693227 ], [ 4227764.473588648252189, 663714.681479097693227 ], [ 4227727.04907129984349, 663714.681479097693227 ], [ 4227689.624553951434791, 663714.681479097693227 ], [ 4227652.200036603026092, 663714.681479097693227 ], [ 4227614.775519254617393, 663714.681479097693227 ], [ 4227588.312389254570007, 663688.218349097645842 ], [ 4227588.312389254570007, 663650.793831748771481 ], [ 4227588.312389254570007, 663613.369314399897121 ], [ 4227588.312389254570007, 663575.944797051022761 ], [ 4227561.849259254522622, 663549.481667050975375 ], [ 4227524.424741906113923, 663549.481667050975375 ], [ 4227487.000224557705224, 663549.481667050975375 ], [ 4227449.575707209296525, 663549.481667050975375 ], [ 4227449.575707209296525, 663586.906184399849735 ], [ 4227449.575707209296525, 663624.330701748724096 ], [ 4227449.575707209296525, 663661.755219097598456 ], [ 4227449.575707209296525, 663699.179736446472816 ], [ 4227423.112577209249139, 663725.642866446520202 ], [ 4227385.68805986084044, 663725.642866446520202 ], [ 4227348.263542512431741, 663725.642866446520202 ], [ 4227310.839025164023042, 663725.642866446520202 ], [ 4227273.414507815614343, 663725.642866446520202 ], [ 4227235.989990467205644, 663725.642866446520202 ], [ 4227198.565473118796945, 663725.642866446520202 ], [ 4227161.140955770388246, 663725.642866446520202 ], [ 4227123.716438421979547, 663725.642866446520202 ], [ 4227097.253308421932161, 663699.179736446472816 ], [ 4227097.253308421932161, 663661.755219097598456 ], [ 4227097.253308421932161, 663624.330701748724096 ], [ 4227097.253308421932161, 663586.906184399849735 ], [ 4227097.253308421932161, 663549.481667050975375 ], [ 4227059.828791073523462, 663549.481667050975375 ], [ 4227022.404273725114763, 663549.481667050975375 ], [ 4226984.979756376706064, 663549.481667050975375 ], [ 4226947.555239028297365, 663549.481667050975375 ], [ 4226910.130721679888666, 663549.481667050975375 ], [ 4226872.706204331479967, 663549.481667050975375 ], [ 4226835.281686983071268, 663549.481667050975375 ], [ 4226797.857169634662569, 663549.481667050975375 ], [ 4226760.43265228625387, 663549.481667050975375 ], [ 4226723.00813493784517, 663549.481667050975375 ], [ 4226685.583617589436471, 663549.481667050975375 ], [ 4226648.159100241027772, 663549.481667050975375 ], [ 4226621.695970240980387, 663523.018537050927989 ], [ 4226621.695970240980387, 663485.594019702053629 ], [ 4226621.695970240980387, 663448.169502353179269 ], [ 4226621.695970240980387, 663410.744985004304908 ], [ 4226595.232840240933001, 663384.281855004257523 ], [ 4226557.808322892524302, 663384.281855004257523 ], [ 4226520.383805544115603, 663384.281855004257523 ], [ 4226482.959288195706904, 663384.281855004257523 ], [ 4226445.534770847298205, 663384.281855004257523 ], [ 4226408.110253498889506, 663384.281855004257523 ], [ 4226370.685736150480807, 663384.281855004257523 ], [ 4226333.261218802072108, 663384.281855004257523 ], [ 4226295.836701453663409, 663384.281855004257523 ], [ 4226258.41218410525471, 663384.281855004257523 ], [ 4226220.987666756846011, 663384.281855004257523 ], [ 4226183.563149408437312, 663384.281855004257523 ], [ 4226146.138632060028613, 663384.281855004257523 ], [ 4226108.714114711619914, 663384.281855004257523 ], [ 4226071.289597363211215, 663384.281855004257523 ], [ 4226033.865080014802516, 663384.281855004257523 ], [ 4225996.440562666393816, 663384.281855004257523 ], [ 4225959.016045317985117, 663384.281855004257523 ], [ 4225921.591527969576418, 663384.281855004257523 ], [ 4225884.167010621167719, 663384.281855004257523 ], [ 4225846.74249327275902, 663384.281855004257523 ], [ 4225809.317975924350321, 663384.281855004257523 ], [ 4225771.893458575941622, 663384.281855004257523 ], [ 4225734.468941227532923, 663384.281855004257523 ], [ 4225697.044423879124224, 663384.281855004257523 ], [ 4225659.619906530715525, 663384.281855004257523 ], [ 4225622.195389182306826, 663384.281855004257523 ], [ 4225584.770871833898127, 663384.281855004257523 ], [ 4225547.346354485489428, 663384.281855004257523 ], [ 4225509.921837137080729, 663384.281855004257523 ], [ 4225472.49731978867203, 663384.281855004257523 ], [ 4225435.072802440263331, 663384.281855004257523 ], [ 4225397.648285091854632, 663384.281855004257523 ], [ 4225360.223767743445933, 663384.281855004257523 ], [ 4225322.799250395037234, 663384.281855004257523 ], [ 4225285.374733046628535, 663384.281855004257523 ], [ 4225247.950215698219836, 663384.281855004257523 ], [ 4225210.525698349811137, 663384.281855004257523 ], [ 4225173.101181001402438, 663384.281855004257523 ], [ 4225135.676663652993739, 663384.281855004257523 ], [ 4225098.25214630458504, 663384.281855004257523 ], [ 4225060.827628956176341, 663384.281855004257523 ], [ 4225023.403111607767642, 663384.281855004257523 ], [ 4224985.978594259358943, 663384.281855004257523 ], [ 4224948.554076910950243, 663384.281855004257523 ], [ 4224911.129559562541544, 663384.281855004257523 ], [ 4224873.705042214132845, 663384.281855004257523 ], [ 4224836.280524865724146, 663384.281855004257523 ], [ 4224798.856007517315447, 663384.281855004257523 ], [ 4224761.431490168906748, 663384.281855004257523 ], [ 4224724.006972820498049, 663384.281855004257523 ], [ 4224686.58245547208935, 663384.281855004257523 ], [ 4224649.157938123680651, 663384.281855004257523 ], [ 4224611.733420775271952, 663384.281855004257523 ], [ 4224574.308903426863253, 663384.281855004257523 ], [ 4224536.884386078454554, 663384.281855004257523 ], [ 4224499.459868730045855, 663384.281855004257523 ], [ 4224462.035351381637156, 663384.281855004257523 ], [ 4224424.610834033228457, 663384.281855004257523 ], [ 4224387.186316684819758, 663384.281855004257523 ], [ 4224349.761799336411059, 663384.281855004257523 ], [ 4224312.33728198800236, 663384.281855004257523 ], [ 4224274.912764639593661, 663384.281855004257523 ], [ 4224237.488247291184962, 663384.281855004257523 ], [ 4224200.063729942776263, 663384.281855004257523 ], [ 4224162.639212594367564, 663384.281855004257523 ], [ 4224125.214695245958865, 663384.281855004257523 ], [ 4224087.790177897550166, 663384.281855004257523 ], [ 4224050.365660549141467, 663384.281855004257523 ], [ 4224012.941143200732768, 663384.281855004257523 ], [ 4223975.516625852324069, 663384.281855004257523 ], [ 4223938.09210850391537, 663384.281855004257523 ], [ 4223900.66759115550667, 663384.281855004257523 ], [ 4223863.243073807097971, 663384.281855004257523 ], [ 4223825.818556458689272, 663384.281855004257523 ], [ 4223788.394039110280573, 663384.281855004257523 ], [ 4223750.969521761871874, 663384.281855004257523 ], [ 4223713.545004413463175, 663384.281855004257523 ], [ 4223676.120487065054476, 663384.281855004257523 ], [ 4223638.695969716645777, 663384.281855004257523 ], [ 4223601.271452368237078, 663384.281855004257523 ], [ 4223563.846935019828379, 663384.281855004257523 ], [ 4223526.42241767141968, 663384.281855004257523 ], [ 4223526.42241767141968, 663421.706372353131883 ], [ 4223526.42241767141968, 663459.130889702006243 ], [ 4223526.42241767141968, 663496.555407050880603 ], [ 4223526.42241767141968, 663533.979924399754964 ], [ 4223499.959287671372294, 663560.44305439980235 ], [ 4223462.534770322963595, 663560.44305439980235 ], [ 4223425.110252974554896, 663560.44305439980235 ], [ 4223387.685735626146197, 663560.44305439980235 ], [ 4223379.099157246761024, 663545.492149216239341 ] ] ] } }
]
}
