{
"type": "FeatureCollection",
"name": "Anfilo",
"crs": { "type": "name", "properties": { "name": "urn:ogc:def:crs:EPSG::3857" } },
"features": [
{ "type": "Feature", "properties": { }, "geometry": { "type": "Polygon", "coordinates": [ ] } },
{ "type": "Feature", "properties": { }, "geometry": { "type": "Polygon", "coordinates": [ ] } },
{ "type": "Feature", "properties": { }, "geometry": { "type": "Polygon", "coordinates": [ [ [ 3868314.362158731091768, 971177.535611238330603 ], [ 3868305.481683293357491, 971012.397802131250501 ], [ 3868177.151841321960092, 970807.763729798141867 ], [ 3868083.505740423686802, 970679.433887826511636 ], [ 3868031.480128813534975, 970568.445916391559877 ], [ 3868002.101338567677885, 970400.44592814927455 ], [ 3868244.65999348834157, 968532.744285260443576 ], [ 3868390.195186440367252, 967344.206876149284653 ], [ 3868450.834850170649588, 966398.228121958905831 ], [ 3868465.940904870629311, 965375.95642034849152 ], [ 3868476.902292219456285, 965012.672634208574891 ], [ 3868476.902292219456285, 964975.248116859700531 ], [ 3868476.902292219456285, 964937.82359951082617 ], [ 3868476.902292219456285, 964900.39908216195181 ], [ 3868476.902292219456285, 964862.97456481307745 ], [ 3868476.902292219456285, 964825.550047464203089 ], [ 3868476.902292219456285, 964788.125530115328729 ], [ 3868476.902292219456285, 964750.701012766454369 ], [ 3868476.902292219456285, 964713.276495417580009 ], [ 3868476.902292219456285, 964675.851978068705648 ], [ 3868476.902292219456285, 964638.427460719831288 ], [ 3868476.902292219456285, 964601.002943370956928 ], [ 3868476.902292219456285, 964563.578426022082567 ], [ 3868476.902292219456285, 964526.153908673208207 ], [ 3868476.902292219456285, 964488.729391324333847 ], [ 3868476.902292219456285, 964451.304873975459486 ], [ 3868476.902292219456285, 964413.880356626585126 ], [ 3868476.902292219456285, 964376.455839277710766 ], [ 3868476.902292219456285, 964339.031321928836405 ], [ 3868476.902292219456285, 964301.606804579962045 ], [ 3868476.902292219456285, 964264.182287231087685 ], [ 3868476.902292219456285, 964226.757769882213324 ], [ 3868476.902292219456285, 964189.333252533338964 ], [ 3868476.902292219456285, 964151.908735184464604 ], [ 3868476.902292219456285, 964114.484217835590243 ], [ 3868476.902292219456285, 964077.059700486715883 ], [ 3868476.902292219456285, 964039.635183137841523 ], [ 3868439.477774870581925, 964039.635183137841523 ], [ 3868402.053257521707565, 964039.635183137841523 ], [ 3868364.628740172833204, 964039.635183137841523 ], [ 3868338.165610172785819, 964013.172053137794137 ], [ 3868338.165610172785819, 963975.747535788919777 ], [ 3868338.165610172785819, 963938.323018440045416 ], [ 3868338.165610172785819, 963900.898501091171056 ], [ 3868338.165610172785819, 963863.473983742296696 ], [ 3868338.165610172785819, 963826.049466393422335 ], [ 3868338.165610172785819, 963788.624949044547975 ], [ 3868338.165610172785819, 963751.200431695673615 ], [ 3868338.165610172785819, 963713.775914346799254 ], [ 3868338.165610172785819, 963676.351396997924894 ], [ 3868338.165610172785819, 963638.926879649050534 ], [ 3868338.165610172785819, 963601.502362300176173 ], [ 3868338.165610172785819, 963564.077844951301813 ], [ 3868338.165610172785819, 963526.653327602427453 ], [ 3868338.165610172785819, 963489.228810253553092 ], [ 3868338.165610172785819, 963451.804292904678732 ], [ 3868338.165610172785819, 963414.379775555804372 ], [ 3868338.165610172785819, 963376.955258206930012 ], [ 3868338.165610172785819, 963339.530740858055651 ], [ 3868338.165610172785819, 963302.106223509181291 ], [ 3868338.165610172785819, 963264.681706160306931 ], [ 3868338.165610172785819, 963227.25718881143257 ], [ 3868338.165610172785819, 963189.83267146255821 ], [ 3868338.165610172785819, 963152.40815411368385 ], [ 3868338.165610172785819, 963114.983636764809489 ], [ 3868338.165610172785819, 963077.559119415935129 ], [ 3868338.165610172785819, 963040.134602067060769 ], [ 3868338.165610172785819, 963002.710084718186408 ], [ 3868338.165610172785819, 962965.285567369312048 ], [ 3868338.165610172785819, 962927.861050020437688 ], [ 3868338.165610172785819, 962890.436532671563327 ], [ 3868311.702480172738433, 962863.973402671515942 ], [ 3868274.277962823864073, 962863.973402671515942 ], [ 3868236.853445474989712, 962863.973402671515942 ], [ 3868199.428928126115352, 962863.973402671515942 ], [ 3868162.004410777240992, 962863.973402671515942 ], [ 3868162.004410777240992, 962826.548885322641581 ], [ 3868162.004410777240992, 962789.124367973767221 ], [ 3868162.004410777240992, 962751.699850624892861 ], [ 3868162.004410777240992, 962714.2753332760185 ], [ 3868124.579893428366631, 962714.2753332760185 ], [ 3868087.155376079492271, 962714.2753332760185 ], [ 3868049.730858730617911, 962714.2753332760185 ], [ 3868012.30634138174355, 962714.2753332760185 ], [ 3867974.88182403286919, 962714.2753332760185 ], [ 3867974.88182403286919, 962676.85081592714414 ], [ 3867974.88182403286919, 962639.42629857826978 ], [ 3867974.88182403286919, 962602.001781229395419 ], [ 3867974.88182403286919, 962564.577263880521059 ], [ 3867974.88182403286919, 962527.152746531646699 ], [ 3867974.88182403286919, 962489.728229182772338 ], [ 3867974.88182403286919, 962452.303711833897978 ], [ 3867974.88182403286919, 962414.879194485023618 ], [ 3867974.88182403286919, 962377.454677136149257 ], [ 3867937.45730668399483, 962377.454677136149257 ], [ 3867900.032789335120469, 962377.454677136149257 ], [ 3867862.608271986246109, 962377.454677136149257 ], [ 3867825.183754637371749, 962377.454677136149257 ], [ 3867825.183754637371749, 962340.030159787274897 ], [ 3867825.183754637371749, 962302.605642438400537 ], [ 3867825.183754637371749, 962265.181125089526176 ], [ 3867825.183754637371749, 962227.756607740651816 ], [ 3867825.183754637371749, 962190.332090391777456 ], [ 3867825.183754637371749, 962152.907573042903095 ], [ 3867825.183754637371749, 962115.483055694028735 ], [ 3867825.183754637371749, 962078.058538345154375 ], [ 3867798.720624637324363, 962051.595408345106989 ], [ 3867761.296107288450003, 962051.595408345106989 ], [ 3867723.871589939575642, 962051.595408345106989 ], [ 3867686.447072590701282, 962051.595408345106989 ], [ 3867659.983942590653896, 962025.132278345059603 ], [ 3867659.983942590653896, 961987.707760996185243 ], [ 3867659.983942590653896, 961950.283243647310883 ], [ 3867659.983942590653896, 961912.858726298436522 ], [ 3867659.983942590653896, 961875.434208949562162 ], [ 3867659.983942590653896, 961838.009691600687802 ], [ 3867659.983942590653896, 961800.585174251813442 ], [ 3867659.983942590653896, 961763.160656902939081 ], [ 3867659.983942590653896, 961725.736139554064721 ], [ 3867622.559425241779536, 961725.736139554064721 ], [ 3867585.134907892905176, 961725.736139554064721 ], [ 3867547.710390544030815, 961725.736139554064721 ], [ 3867510.285873195156455, 961725.736139554064721 ], [ 3867510.285873195156455, 961688.311622205190361 ], [ 3867510.285873195156455, 961650.887104856316 ], [ 3867510.285873195156455, 961613.46258750744164 ], [ 3867510.285873195156455, 961576.03807015856728 ], [ 3867510.285873195156455, 961538.613552809692919 ], [ 3867510.285873195156455, 961501.189035460818559 ], [ 3867510.285873195156455, 961463.764518111944199 ], [ 3867510.285873195156455, 961426.340000763069838 ], [ 3867510.285873195156455, 961388.915483414195478 ], [ 3867510.285873195156455, 961351.490966065321118 ], [ 3867510.285873195156455, 961314.066448716446757 ], [ 3867510.285873195156455, 961276.641931367572397 ], [ 3867510.285873195156455, 961239.217414018698037 ], [ 3867483.822743195109069, 961212.754284018650651 ], [ 3867446.398225846234709, 961212.754284018650651 ], [ 3867408.973708497360349, 961212.754284018650651 ], [ 3867371.549191148485988, 961212.754284018650651 ], [ 3867334.124673799611628, 961212.754284018650651 ], [ 3867334.124673799611628, 961175.329766669776291 ], [ 3867334.124673799611628, 961137.90524932090193 ], [ 3867334.124673799611628, 961100.48073197202757 ], [ 3867334.124673799611628, 961063.05621462315321 ], [ 3867334.124673799611628, 961025.631697274278849 ], [ 3867334.124673799611628, 960988.207179925404489 ], [ 3867334.124673799611628, 960950.782662576530129 ], [ 3867334.124673799611628, 960913.358145227655768 ], [ 3867307.661543799564242, 960886.895015227608383 ], [ 3867270.237026450689882, 960886.895015227608383 ], [ 3867232.812509101815522, 960886.895015227608383 ], [ 3867195.387991752941161, 960886.895015227608383 ], [ 3867157.963474404066801, 960886.895015227608383 ], [ 3867157.963474404066801, 960849.470497878734022 ], [ 3867157.963474404066801, 960812.045980529859662 ], [ 3867157.963474404066801, 960774.621463180985302 ], [ 3867157.963474404066801, 960737.196945832110941 ], [ 3867157.963474404066801, 960699.772428483236581 ], [ 3867157.963474404066801, 960662.347911134362221 ], [ 3867157.963474404066801, 960624.92339378548786 ], [ 3867157.963474404066801, 960587.4988764366135 ], [ 3867131.500344404019415, 960561.035746436566114 ], [ 3867094.075827055145055, 960561.035746436566114 ], [ 3867056.651309706270695, 960561.035746436566114 ], [ 3867019.226792357396334, 960561.035746436566114 ], [ 3866992.763662357348949, 960534.572616436518729 ], [ 3866992.763662357348949, 960497.148099087644368 ], [ 3866992.763662357348949, 960459.723581738770008 ], [ 3866992.763662357348949, 960422.299064389895648 ], [ 3866992.763662357348949, 960384.874547041021287 ], [ 3866992.763662357348949, 960347.450029692146927 ], [ 3866992.763662357348949, 960310.025512343272567 ], [ 3866992.763662357348949, 960272.600994994398206 ], [ 3866992.763662357348949, 960235.176477645523846 ], [ 3866955.339145008474588, 960235.176477645523846 ], [ 3866917.914627659600228, 960235.176477645523846 ], [ 3866880.490110310725868, 960235.176477645523846 ], [ 3866854.026980310678482, 960208.71334764547646 ], [ 3866854.026980310678482, 960171.2888302966021 ], [ 3866854.026980310678482, 960133.86431294772774 ], [ 3866854.026980310678482, 960096.439795598853379 ], [ 3866827.563850310631096, 960069.976665598805994 ], [ 3866790.139332961756736, 960069.976665598805994 ], [ 3866752.714815612882376, 960069.976665598805994 ], [ 3866715.290298264008015, 960069.976665598805994 ], [ 3866677.865780915133655, 960069.976665598805994 ], [ 3866677.865780915133655, 960032.552148249931633 ], [ 3866677.865780915133655, 959995.127630901057273 ], [ 3866677.865780915133655, 959957.703113552182913 ], [ 3866677.865780915133655, 959920.278596203308553 ], [ 3866677.865780915133655, 959882.854078854434192 ], [ 3866677.865780915133655, 959845.429561505559832 ], [ 3866677.865780915133655, 959808.005044156685472 ], [ 3866677.865780915133655, 959770.580526807811111 ], [ 3866651.402650915086269, 959744.117396807763726 ], [ 3866613.978133566211909, 959744.117396807763726 ], [ 3866576.553616217337549, 959744.117396807763726 ], [ 3866539.129098868463188, 959744.117396807763726 ], [ 3866512.665968868415803, 959717.65426680771634 ], [ 3866512.665968868415803, 959680.22974945884198 ], [ 3866512.665968868415803, 959642.805232109967619 ], [ 3866512.665968868415803, 959605.380714761093259 ], [ 3866512.665968868415803, 959567.956197412218899 ], [ 3866512.665968868415803, 959530.531680063344538 ], [ 3866512.665968868415803, 959493.107162714470178 ], [ 3866512.665968868415803, 959455.682645365595818 ], [ 3866512.665968868415803, 959418.258128016721457 ], [ 3866486.202838868368417, 959391.794998016674072 ], [ 3866448.778321519494057, 959391.794998016674072 ], [ 3866411.353804170619696, 959391.794998016674072 ], [ 3866373.929286821745336, 959391.794998016674072 ], [ 3866336.504769472870976, 959391.794998016674072 ], [ 3866336.504769472870976, 959354.370480667799711 ], [ 3866336.504769472870976, 959316.945963318925351 ], [ 3866336.504769472870976, 959279.521445970050991 ], [ 3866336.504769472870976, 959242.09692862117663 ], [ 3866299.080252123996615, 959242.09692862117663 ], [ 3866261.655734775122255, 959242.09692862117663 ], [ 3866224.231217426247895, 959242.09692862117663 ], [ 3866186.806700077373534, 959242.09692862117663 ], [ 3866186.806700077373534, 959204.67241127230227 ], [ 3866186.806700077373534, 959167.24789392342791 ], [ 3866186.806700077373534, 959129.823376574553549 ], [ 3866186.806700077373534, 959092.398859225679189 ], [ 3866186.806700077373534, 959054.974341876804829 ], [ 3866186.806700077373534, 959017.549824527930468 ], [ 3866186.806700077373534, 958980.125307179056108 ], [ 3866186.806700077373534, 958942.700789830181748 ], [ 3866160.343570077326149, 958916.237659830134362 ], [ 3866122.919052728451788, 958916.237659830134362 ], [ 3866085.494535379577428, 958916.237659830134362 ], [ 3866048.070018030703068, 958916.237659830134362 ], [ 3866010.645500681828707, 958916.237659830134362 ], [ 3866010.645500681828707, 958878.813142481260002 ], [ 3866010.645500681828707, 958841.388625132385641 ], [ 3866010.645500681828707, 958803.964107783511281 ], [ 3866010.645500681828707, 958766.539590434636921 ], [ 3865984.182370681781322, 958740.076460434589535 ], [ 3865946.757853332906961, 958740.076460434589535 ], [ 3865909.333335984032601, 958740.076460434589535 ], [ 3865871.908818635158241, 958740.076460434589535 ], [ 3865871.908818635158241, 958702.651943085715175 ], [ 3865871.908818635158241, 958665.227425736840814 ], [ 3865871.908818635158241, 958627.802908387966454 ], [ 3865871.908818635158241, 958590.378391039092094 ], [ 3865871.908818635158241, 958552.953873690217733 ], [ 3865871.908818635158241, 958515.529356341343373 ], [ 3865871.908818635158241, 958478.104838992469013 ], [ 3865871.908818635158241, 958440.680321643594652 ], [ 3865845.445688635110855, 958414.217191643547267 ], [ 3865808.021171286236495, 958414.217191643547267 ], [ 3865770.596653937362134, 958414.217191643547267 ], [ 3865733.172136588487774, 958414.217191643547267 ], [ 3865695.747619239613414, 958414.217191643547267 ], [ 3865669.284489239566028, 958387.754061643499881 ], [ 3865669.284489239566028, 958350.329544294625521 ], [ 3865669.284489239566028, 958312.90502694575116 ], [ 3865669.284489239566028, 958275.4805095968768 ], [ 3865642.821359239518642, 958249.017379596829414 ], [ 3865605.396841890644282, 958249.017379596829414 ], [ 3865567.972324541769922, 958249.017379596829414 ], [ 3865530.547807192895561, 958249.017379596829414 ], [ 3865530.547807192895561, 958211.592862247955054 ], [ 3865530.547807192895561, 958174.168344899080694 ], [ 3865530.547807192895561, 958136.743827550206333 ], [ 3865530.547807192895561, 958099.319310201331973 ], [ 3865530.547807192895561, 958061.894792852457613 ], [ 3865530.547807192895561, 958024.470275503583252 ], [ 3865530.547807192895561, 957987.045758154708892 ], [ 3865530.547807192895561, 957949.621240805834532 ], [ 3865504.084677192848176, 957923.158110805787146 ], [ 3865466.660159843973815, 957923.158110805787146 ], [ 3865429.235642495099455, 957923.158110805787146 ], [ 3865391.811125146225095, 957923.158110805787146 ], [ 3865354.386607797350734, 957923.158110805787146 ], [ 3865354.386607797350734, 957885.733593456912786 ], [ 3865354.386607797350734, 957848.309076108038425 ], [ 3865354.386607797350734, 957810.884558759164065 ], [ 3865354.386607797350734, 957773.460041410289705 ], [ 3865354.386607797350734, 957736.035524061415344 ], [ 3865354.386607797350734, 957698.611006712540984 ], [ 3865354.386607797350734, 957661.186489363666624 ], [ 3865354.386607797350734, 957623.761972014792264 ], [ 3865354.386607797350734, 957586.337454665917903 ], [ 3865316.962090448476374, 957586.337454665917903 ], [ 3865279.537573099602014, 957586.337454665917903 ], [ 3865242.113055750727654, 957586.337454665917903 ], [ 3865204.688538401853293, 957586.337454665917903 ], [ 3865204.688538401853293, 957548.912937317043543 ], [ 3865204.688538401853293, 957511.488419968169183 ], [ 3865204.688538401853293, 957474.063902619294822 ], [ 3865204.688538401853293, 957436.639385270420462 ], [ 3865204.688538401853293, 957399.214867921546102 ], [ 3865204.688538401853293, 957361.790350572671741 ], [ 3865204.688538401853293, 957324.365833223797381 ], [ 3865204.688538401853293, 957286.941315874923021 ], [ 3865178.225408401805907, 957260.478185874875635 ], [ 3865140.800891052931547, 957260.478185874875635 ], [ 3865103.376373704057187, 957260.478185874875635 ], [ 3865065.951856355182827, 957260.478185874875635 ], [ 3865039.488726355135441, 957234.015055874828249 ], [ 3865039.488726355135441, 957196.590538525953889 ], [ 3865039.488726355135441, 957159.166021177079529 ], [ 3865039.488726355135441, 957121.741503828205168 ], [ 3865039.488726355135441, 957084.316986479330808 ], [ 3865002.064209006261081, 957084.316986479330808 ], [ 3864964.63969165738672, 957084.316986479330808 ], [ 3864927.21517430851236, 957084.316986479330808 ], [ 3864889.790656959638, 957084.316986479330808 ], [ 3864852.366139610763639, 957084.316986479330808 ], [ 3864852.366139610763639, 957046.892469130456448 ], [ 3864852.366139610763639, 957009.467951781582087 ], [ 3864852.366139610763639, 956972.043434432707727 ], [ 3864852.366139610763639, 956934.618917083833367 ], [ 3864852.366139610763639, 956897.194399734959006 ], [ 3864852.366139610763639, 956859.769882386084646 ], [ 3864852.366139610763639, 956822.345365037210286 ], [ 3864852.366139610763639, 956784.920847688335925 ], [ 3864825.903009610716254, 956758.45771768828854 ], [ 3864788.478492261841893, 956758.45771768828854 ], [ 3864751.053974912967533, 956758.45771768828854 ], [ 3864713.629457564093173, 956758.45771768828854 ], [ 3864687.166327564045787, 956731.994587688241154 ], [ 3864687.166327564045787, 956694.570070339366794 ], [ 3864687.166327564045787, 956657.145552990492433 ], [ 3864687.166327564045787, 956619.721035641618073 ], [ 3864687.166327564045787, 956582.296518292743713 ], [ 3864687.166327564045787, 956544.872000943869352 ], [ 3864687.166327564045787, 956507.447483594994992 ], [ 3864687.166327564045787, 956470.022966246120632 ], [ 3864687.166327564045787, 956432.598448897246271 ], [ 3864687.166327564045787, 956395.173931548371911 ], [ 3864687.166327564045787, 956357.749414199497551 ], [ 3864687.166327564045787, 956320.32489685062319 ], [ 3864687.166327564045787, 956282.90037950174883 ], [ 3864687.166327564045787, 956245.47586215287447 ], [ 3864687.166327564045787, 956208.051344804000109 ], [ 3864687.166327564045787, 956170.626827455125749 ], [ 3864687.166327564045787, 956133.202310106251389 ], [ 3864687.166327564045787, 956095.777792757377028 ], [ 3864649.741810215171427, 956095.777792757377028 ], [ 3864612.317292866297066, 956095.777792757377028 ], [ 3864574.892775517422706, 956095.777792757377028 ], [ 3864548.42964551737532, 956069.314662757329643 ], [ 3864548.42964551737532, 956031.890145408455282 ], [ 3864548.42964551737532, 955994.465628059580922 ], [ 3864548.42964551737532, 955957.041110710706562 ], [ 3864548.42964551737532, 955919.616593361832201 ], [ 3864548.42964551737532, 955882.192076012957841 ], [ 3864548.42964551737532, 955844.767558664083481 ], [ 3864548.42964551737532, 955807.343041315209121 ], [ 3864548.42964551737532, 955769.91852396633476 ], [ 3864548.42964551737532, 955732.4940066174604 ], [ 3864548.42964551737532, 955695.06948926858604 ], [ 3864548.42964551737532, 955657.644971919711679 ], [ 3864548.42964551737532, 955620.220454570837319 ], [ 3864548.42964551737532, 955582.795937221962959 ], [ 3864548.42964551737532, 955545.371419873088598 ], [ 3864548.42964551737532, 955507.946902524214238 ], [ 3864548.42964551737532, 955470.522385175339878 ], [ 3864521.966515517327935, 955444.059255175292492 ], [ 3864484.541998168453574, 955444.059255175292492 ], [ 3864447.117480819579214, 955444.059255175292492 ], [ 3864409.692963470704854, 955444.059255175292492 ], [ 3864383.229833470657468, 955417.596125175245106 ], [ 3864383.229833470657468, 955380.171607826370746 ], [ 3864383.229833470657468, 955342.747090477496386 ], [ 3864383.229833470657468, 955305.322573128622025 ], [ 3864383.229833470657468, 955267.898055779747665 ], [ 3864383.229833470657468, 955230.473538430873305 ], [ 3864383.229833470657468, 955193.049021081998944 ], [ 3864383.229833470657468, 955155.624503733124584 ], [ 3864383.229833470657468, 955118.199986384250224 ], [ 3864383.229833470657468, 955080.775469035375863 ], [ 3864383.229833470657468, 955043.350951686501503 ], [ 3864383.229833470657468, 955005.926434337627143 ], [ 3864383.229833470657468, 954968.501916988752782 ], [ 3864356.766703470610082, 954942.038786988705397 ], [ 3864319.342186121735722, 954942.038786988705397 ], [ 3864281.917668772861362, 954942.038786988705397 ], [ 3864244.493151423987001, 954942.038786988705397 ], [ 3864218.030021423939615, 954915.575656988658011 ], [ 3864218.030021423939615, 954878.151139639783651 ], [ 3864218.030021423939615, 954840.72662229090929 ], [ 3864218.030021423939615, 954803.30210494203493 ], [ 3864218.030021423939615, 954765.87758759316057 ], [ 3864218.030021423939615, 954728.453070244286209 ], [ 3864218.030021423939615, 954691.028552895411849 ], [ 3864218.030021423939615, 954653.604035546537489 ], [ 3864218.030021423939615, 954616.179518197663128 ], [ 3864218.030021423939615, 954578.755000848788768 ], [ 3864218.030021423939615, 954541.330483499914408 ], [ 3864218.030021423939615, 954503.905966151040047 ], [ 3864218.030021423939615, 954466.481448802165687 ], [ 3864218.030021423939615, 954429.056931453291327 ], [ 3864180.605504075065255, 954429.056931453291327 ], [ 3864143.180986726190895, 954429.056931453291327 ], [ 3864105.756469377316535, 954429.056931453291327 ], [ 3864068.331952028442174, 954429.056931453291327 ], [ 3864030.907434679567814, 954429.056931453291327 ], [ 3864030.907434679567814, 954391.632414104416966 ], [ 3864030.907434679567814, 954354.207896755542606 ], [ 3864030.907434679567814, 954316.783379406668246 ], [ 3864030.907434679567814, 954279.358862057793885 ], [ 3864030.907434679567814, 954241.934344708919525 ], [ 3864030.907434679567814, 954204.509827360045165 ], [ 3864030.907434679567814, 954167.085310011170805 ], [ 3864030.907434679567814, 954129.660792662296444 ], [ 3864030.907434679567814, 954092.236275313422084 ], [ 3864030.907434679567814, 954054.811757964547724 ], [ 3864030.907434679567814, 954017.387240615673363 ], [ 3864030.907434679567814, 953979.962723266799003 ], [ 3864030.907434679567814, 953942.538205917924643 ], [ 3864030.907434679567814, 953905.113688569050282 ], [ 3864030.907434679567814, 953867.689171220175922 ], [ 3864030.907434679567814, 953830.264653871301562 ], [ 3864030.907434679567814, 953792.840136522427201 ], [ 3864030.907434679567814, 953755.415619173552841 ], [ 3864030.907434679567814, 953717.991101824678481 ], [ 3864030.907434679567814, 953680.56658447580412 ], [ 3864030.907434679567814, 953643.14206712692976 ], [ 3864004.444304679520428, 953616.678937126882374 ], [ 3863967.019787330646068, 953616.678937126882374 ], [ 3863929.595269981771708, 953616.678937126882374 ], [ 3863892.170752632897347, 953616.678937126882374 ], [ 3863892.170752632897347, 953579.254419778008014 ], [ 3863892.170752632897347, 953541.829902429133654 ], [ 3863892.170752632897347, 953504.405385080259293 ], [ 3863892.170752632897347, 953466.980867731384933 ], [ 3863892.170752632897347, 953429.556350382510573 ], [ 3863892.170752632897347, 953392.131833033636212 ], [ 3863892.170752632897347, 953354.707315684761852 ], [ 3863892.170752632897347, 953317.282798335887492 ], [ 3863892.170752632897347, 953279.858280987013131 ], [ 3863892.170752632897347, 953242.433763638138771 ], [ 3863892.170752632897347, 953205.009246289264411 ], [ 3863892.170752632897347, 953167.58472894039005 ], [ 3863892.170752632897347, 953130.16021159151569 ], [ 3863892.170752632897347, 953092.73569424264133 ], [ 3863892.170752632897347, 953055.311176893766969 ], [ 3863892.170752632897347, 953017.886659544892609 ], [ 3863892.170752632897347, 952980.462142196018249 ], [ 3863865.707622632849962, 952953.999012195970863 ], [ 3863828.283105283975601, 952953.999012195970863 ], [ 3863790.858587935101241, 952953.999012195970863 ], [ 3863753.434070586226881, 952953.999012195970863 ], [ 3863726.970940586179495, 952927.535882195923477 ], [ 3863726.970940586179495, 952890.111364847049117 ], [ 3863726.970940586179495, 952852.686847498174757 ], [ 3863726.970940586179495, 952815.262330149300396 ], [ 3863726.970940586179495, 952777.837812800426036 ], [ 3863726.970940586179495, 952740.413295451551676 ], [ 3863726.970940586179495, 952702.988778102677315 ], [ 3863726.970940586179495, 952665.564260753802955 ], [ 3863726.970940586179495, 952628.139743404928595 ], [ 3863726.970940586179495, 952590.715226056054235 ], [ 3863726.970940586179495, 952553.290708707179874 ], [ 3863726.970940586179495, 952515.866191358305514 ], [ 3863726.970940586179495, 952478.441674009431154 ], [ 3863726.970940586179495, 952441.017156660556793 ], [ 3863726.970940586179495, 952403.592639311682433 ], [ 3863726.970940586179495, 952366.168121962808073 ], [ 3863726.970940586179495, 952328.743604613933712 ], [ 3863726.970940586179495, 952291.319087265059352 ], [ 3863726.970940586179495, 952253.894569916184992 ], [ 3863726.970940586179495, 952216.470052567310631 ], [ 3863726.970940586179495, 952179.045535218436271 ], [ 3863726.970940586179495, 952141.621017869561911 ], [ 3863726.970940586179495, 952104.19650052068755 ], [ 3863726.970940586179495, 952066.77198317181319 ], [ 3863726.970940586179495, 952029.34746582293883 ], [ 3863726.970940586179495, 951991.922948474064469 ], [ 3863700.507810586132109, 951965.459818474017084 ], [ 3863663.083293237257749, 951965.459818474017084 ], [ 3863625.658775888383389, 951965.459818474017084 ], [ 3863588.234258539509028, 951965.459818474017084 ], [ 3863550.809741190634668, 951965.459818474017084 ], [ 3863550.809741190634668, 951928.035301125142723 ], [ 3863550.809741190634668, 951890.610783776268363 ], [ 3863550.809741190634668, 951853.186266427394003 ], [ 3863550.809741190634668, 951815.761749078519642 ], [ 3863550.809741190634668, 951778.337231729645282 ], [ 3863550.809741190634668, 951740.912714380770922 ], [ 3863550.809741190634668, 951703.488197031896561 ], [ 3863550.809741190634668, 951666.063679683022201 ], [ 3863550.809741190634668, 951628.639162334147841 ], [ 3863550.809741190634668, 951591.21464498527348 ], [ 3863550.809741190634668, 951553.79012763639912 ], [ 3863550.809741190634668, 951516.36561028752476 ], [ 3863550.809741190634668, 951478.941092938650399 ], [ 3863550.809741190634668, 951441.516575589776039 ], [ 3863550.809741190634668, 951404.092058240901679 ], [ 3863550.809741190634668, 951366.667540892027318 ], [ 3863550.809741190634668, 951329.243023543152958 ], [ 3863524.346611190587282, 951302.779893543105572 ], [ 3863486.922093841712922, 951302.779893543105572 ], [ 3863449.497576492838562, 951302.779893543105572 ], [ 3863412.073059143964201, 951302.779893543105572 ], [ 3863374.648541795089841, 951302.779893543105572 ], [ 3863374.648541795089841, 951265.355376194231212 ], [ 3863374.648541795089841, 951227.930858845356852 ], [ 3863374.648541795089841, 951190.506341496482491 ], [ 3863374.648541795089841, 951153.081824147608131 ], [ 3863412.073059143964201, 951153.081824147608131 ], [ 3863449.497576492838562, 951153.081824147608131 ], [ 3863486.922093841712922, 951153.081824147608131 ], [ 3863524.346611190587282, 951153.081824147608131 ], [ 3863550.809741190634668, 951126.618694147560745 ], [ 3863550.809741190634668, 951089.194176798686385 ], [ 3863550.809741190634668, 951051.769659449812025 ], [ 3863550.809741190634668, 951014.345142100937665 ], [ 3863550.809741190634668, 950976.920624752063304 ], [ 3863513.385223841760308, 950976.920624752063304 ], [ 3863475.960706492885947, 950976.920624752063304 ], [ 3863438.536189144011587, 950976.920624752063304 ], [ 3863401.111671795137227, 950976.920624752063304 ], [ 3863363.687154446262866, 950976.920624752063304 ], [ 3863363.687154446262866, 950939.496107403188944 ], [ 3863363.687154446262866, 950902.071590054314584 ], [ 3863363.687154446262866, 950864.647072705440223 ], [ 3863363.687154446262866, 950827.222555356565863 ], [ 3863363.687154446262866, 950789.798038007691503 ], [ 3863363.687154446262866, 950752.373520658817142 ], [ 3863363.687154446262866, 950714.949003309942782 ], [ 3863363.687154446262866, 950677.524485961068422 ], [ 3863363.687154446262866, 950640.099968612194061 ], [ 3863363.687154446262866, 950602.675451263319701 ], [ 3863363.687154446262866, 950565.250933914445341 ], [ 3863363.687154446262866, 950527.82641656557098 ], [ 3863363.687154446262866, 950490.40189921669662 ], [ 3863363.687154446262866, 950452.97738186782226 ], [ 3863363.687154446262866, 950415.552864518947899 ], [ 3863363.687154446262866, 950378.128347170073539 ], [ 3863363.687154446262866, 950340.703829821199179 ], [ 3863337.224024446215481, 950314.240699821151793 ], [ 3863299.79950709734112, 950314.240699821151793 ], [ 3863262.37498974846676, 950314.240699821151793 ], [ 3863224.9504723995924, 950314.240699821151793 ], [ 3863224.9504723995924, 950276.816182472277433 ], [ 3863224.9504723995924, 950239.391665123403072 ], [ 3863224.9504723995924, 950201.967147774528712 ], [ 3863224.9504723995924, 950164.542630425654352 ], [ 3863224.9504723995924, 950127.118113076779991 ], [ 3863224.9504723995924, 950089.693595727905631 ], [ 3863224.9504723995924, 950052.269078379031271 ], [ 3863224.9504723995924, 950014.84456103015691 ], [ 3863224.9504723995924, 949977.42004368128255 ], [ 3863224.9504723995924, 949939.99552633240819 ], [ 3863224.9504723995924, 949902.571008983533829 ], [ 3863224.9504723995924, 949865.146491634659469 ], [ 3863224.9504723995924, 949827.721974285785109 ], [ 3863224.9504723995924, 949790.297456936910748 ], [ 3863224.9504723995924, 949752.872939588036388 ], [ 3863224.9504723995924, 949715.448422239162028 ], [ 3863224.9504723995924, 949678.023904890287668 ], [ 3863198.487342399545014, 949651.560774890240282 ], [ 3863161.062825050670654, 949651.560774890240282 ], [ 3863123.638307701796293, 949651.560774890240282 ], [ 3863086.213790352921933, 949651.560774890240282 ], [ 3863048.789273004047573, 949651.560774890240282 ], [ 3863048.789273004047573, 949614.136257541365921 ], [ 3863048.789273004047573, 949576.711740192491561 ], [ 3863048.789273004047573, 949539.287222843617201 ], [ 3863048.789273004047573, 949501.862705494742841 ], [ 3863048.789273004047573, 949464.43818814586848 ], [ 3863048.789273004047573, 949427.01367079699412 ], [ 3863048.789273004047573, 949389.58915344811976 ], [ 3863048.789273004047573, 949352.164636099245399 ], [ 3863048.789273004047573, 949314.740118750371039 ], [ 3863048.789273004047573, 949277.315601401496679 ], [ 3863048.789273004047573, 949239.891084052622318 ], [ 3863048.789273004047573, 949202.466566703747958 ], [ 3863048.789273004047573, 949165.042049354873598 ], [ 3863048.789273004047573, 949127.617532005999237 ], [ 3863048.789273004047573, 949090.193014657124877 ], [ 3863048.789273004047573, 949052.768497308250517 ], [ 3863048.789273004047573, 949015.343979959376156 ], [ 3863022.326143004000187, 948988.880849959328771 ], [ 3862984.901625655125827, 948988.880849959328771 ], [ 3862947.477108306251466, 948988.880849959328771 ], [ 3862910.052590957377106, 948988.880849959328771 ], [ 3862910.052590957377106, 948951.45633261045441 ], [ 3862910.052590957377106, 948914.03181526158005 ], [ 3862910.052590957377106, 948876.60729791270569 ], [ 3862910.052590957377106, 948839.182780563831329 ], [ 3862910.052590957377106, 948801.758263214956969 ], [ 3862910.052590957377106, 948764.333745866082609 ], [ 3862910.052590957377106, 948726.909228517208248 ], [ 3862910.052590957377106, 948689.484711168333888 ], [ 3862910.052590957377106, 948652.060193819459528 ], [ 3862910.052590957377106, 948614.635676470585167 ], [ 3862910.052590957377106, 948577.211159121710807 ], [ 3862910.052590957377106, 948539.786641772836447 ], [ 3862910.052590957377106, 948502.362124423962086 ], [ 3862910.052590957377106, 948464.937607075087726 ], [ 3862910.052590957377106, 948427.513089726213366 ], [ 3862910.052590957377106, 948390.088572377339005 ], [ 3862910.052590957377106, 948352.664055028464645 ], [ 3862910.052590957377106, 948315.239537679590285 ], [ 3862910.052590957377106, 948277.815020330715925 ], [ 3862910.052590957377106, 948240.390502981841564 ], [ 3862910.052590957377106, 948202.965985632967204 ], [ 3862910.052590957377106, 948165.541468284092844 ], [ 3862910.052590957377106, 948128.116950935218483 ], [ 3862910.052590957377106, 948090.692433586344123 ], [ 3862910.052590957377106, 948053.267916237469763 ], [ 3862910.052590957377106, 948015.843398888595402 ], [ 3862883.58946095732972, 947989.380268888548017 ], [ 3862846.16494360845536, 947989.380268888548017 ], [ 3862808.740426259581, 947989.380268888548017 ], [ 3862771.315908910706639, 947989.380268888548017 ], [ 3862733.891391561832279, 947989.380268888548017 ], [ 3862733.891391561832279, 947951.955751539673656 ], [ 3862733.891391561832279, 947914.531234190799296 ], [ 3862733.891391561832279, 947877.106716841924936 ], [ 3862733.891391561832279, 947839.682199493050575 ], [ 3862733.891391561832279, 947802.257682144176215 ], [ 3862733.891391561832279, 947764.833164795301855 ], [ 3862733.891391561832279, 947727.408647446427494 ], [ 3862733.891391561832279, 947689.984130097553134 ], [ 3862733.891391561832279, 947652.559612748678774 ], [ 3862733.891391561832279, 947615.135095399804413 ], [ 3862733.891391561832279, 947577.710578050930053 ], [ 3862733.891391561832279, 947540.286060702055693 ], [ 3862733.891391561832279, 947502.861543353181332 ], [ 3862696.466874212957919, 947502.861543353181332 ], [ 3862659.042356864083558, 947502.861543353181332 ], [ 3862621.617839515209198, 947502.861543353181332 ], [ 3862584.193322166334838, 947502.861543353181332 ], [ 3862546.768804817460477, 947502.861543353181332 ], [ 3862546.768804817460477, 947465.437026004306972 ], [ 3862546.768804817460477, 947428.012508655432612 ], [ 3862546.768804817460477, 947390.587991306558251 ], [ 3862546.768804817460477, 947353.163473957683891 ], [ 3862546.768804817460477, 947315.738956608809531 ], [ 3862546.768804817460477, 947278.31443925993517 ], [ 3862546.768804817460477, 947240.88992191106081 ], [ 3862546.768804817460477, 947203.46540456218645 ], [ 3862546.768804817460477, 947166.040887213312089 ], [ 3862546.768804817460477, 947128.616369864437729 ], [ 3862546.768804817460477, 947091.191852515563369 ], [ 3862546.768804817460477, 947053.767335166689008 ], [ 3862546.768804817460477, 947016.342817817814648 ], [ 3862546.768804817460477, 946978.918300468940288 ], [ 3862546.768804817460477, 946941.493783120065928 ], [ 3862546.768804817460477, 946904.069265771191567 ], [ 3862546.768804817460477, 946866.644748422317207 ], [ 3862546.768804817460477, 946829.220231073442847 ], [ 3862546.768804817460477, 946791.795713724568486 ], [ 3862546.768804817460477, 946754.371196375694126 ], [ 3862546.768804817460477, 946716.946679026819766 ], [ 3862546.768804817460477, 946679.522161677945405 ], [ 3862546.768804817460477, 946642.097644329071045 ], [ 3862546.768804817460477, 946604.673126980196685 ], [ 3862546.768804817460477, 946567.248609631322324 ], [ 3862546.768804817460477, 946529.824092282447964 ], [ 3862546.768804817460477, 946492.399574933573604 ], [ 3862546.768804817460477, 946454.975057584699243 ], [ 3862546.768804817460477, 946417.550540235824883 ], [ 3862546.768804817460477, 946380.126022886950523 ], [ 3862546.768804817460477, 946342.701505538076162 ], [ 3862546.768804817460477, 946305.276988189201802 ], [ 3862546.768804817460477, 946267.852470840327442 ], [ 3862546.768804817460477, 946230.427953491453081 ], [ 3862546.768804817460477, 946193.003436142578721 ], [ 3862546.768804817460477, 946155.578918793704361 ], [ 3862546.768804817460477, 946118.15440144483 ], [ 3862546.768804817460477, 946080.72988409595564 ], [ 3862546.768804817460477, 946043.30536674708128 ], [ 3862546.768804817460477, 946005.880849398206919 ], [ 3862546.768804817460477, 945968.456332049332559 ], [ 3862546.768804817460477, 945931.031814700458199 ], [ 3862546.768804817460477, 945893.607297351583838 ], [ 3862546.768804817460477, 945856.182780002709478 ], [ 3862584.193322166334838, 945856.182780002709478 ], [ 3862621.617839515209198, 945856.182780002709478 ], [ 3862659.042356864083558, 945856.182780002709478 ], [ 3862696.466874212957919, 945856.182780002709478 ], [ 3862733.891391561832279, 945856.182780002709478 ], [ 3862733.891391561832279, 945818.758262653835118 ], [ 3862733.891391561832279, 945781.333745304960757 ], [ 3862733.891391561832279, 945743.909227956086397 ], [ 3862733.891391561832279, 945706.484710607212037 ], [ 3862733.891391561832279, 945669.060193258337677 ], [ 3862733.891391561832279, 945631.635675909463316 ], [ 3862733.891391561832279, 945594.211158560588956 ], [ 3862733.891391561832279, 945556.786641211714596 ], [ 3862733.891391561832279, 945519.362123862840235 ], [ 3862733.891391561832279, 945481.937606513965875 ], [ 3862733.891391561832279, 945444.513089165091515 ], [ 3862733.891391561832279, 945407.088571816217154 ], [ 3862733.891391561832279, 945369.664054467342794 ], [ 3862733.891391561832279, 945332.239537118468434 ], [ 3862733.891391561832279, 945294.815019769594073 ], [ 3862733.891391561832279, 945257.390502420719713 ], [ 3862733.891391561832279, 945219.965985071845353 ], [ 3862760.354521561879665, 945193.502855071797967 ], [ 3862797.779038910754025, 945193.502855071797967 ], [ 3862835.203556259628385, 945193.502855071797967 ], [ 3862872.628073608502746, 945193.502855071797967 ], [ 3862910.052590957377106, 945193.502855071797967 ], [ 3862910.052590957377106, 945156.078337722923607 ], [ 3862910.052590957377106, 945118.653820374049246 ], [ 3862910.052590957377106, 945081.229303025174886 ], [ 3862910.052590957377106, 945043.804785676300526 ], [ 3862910.052590957377106, 945006.380268327426165 ], [ 3862910.052590957377106, 944968.955750978551805 ], [ 3862910.052590957377106, 944931.531233629677445 ], [ 3862910.052590957377106, 944894.106716280803084 ], [ 3862910.052590957377106, 944856.682198931928724 ], [ 3862910.052590957377106, 944819.257681583054364 ], [ 3862910.052590957377106, 944781.833164234180003 ], [ 3862910.052590957377106, 944744.408646885305643 ], [ 3862910.052590957377106, 944706.984129536431283 ], [ 3862910.052590957377106, 944669.559612187556922 ], [ 3862910.052590957377106, 944632.135094838682562 ], [ 3862910.052590957377106, 944594.710577489808202 ], [ 3862910.052590957377106, 944557.286060140933841 ], [ 3862910.052590957377106, 944519.861542792059481 ], [ 3862910.052590957377106, 944482.437025443185121 ], [ 3862910.052590957377106, 944445.01250809431076 ], [ 3862910.052590957377106, 944407.5879907454364 ], [ 3862910.052590957377106, 944370.16347339656204 ], [ 3862947.477108306251466, 944370.16347339656204 ], [ 3862984.901625655125827, 944370.16347339656204 ], [ 3863022.326143004000187, 944370.16347339656204 ], [ 3863048.789273004047573, 944343.700343396514654 ], [ 3863048.789273004047573, 944306.275826047640294 ], [ 3863048.789273004047573, 944268.851308698765934 ], [ 3863048.789273004047573, 944231.426791349891573 ], [ 3863048.789273004047573, 944194.002274001017213 ], [ 3863048.789273004047573, 944156.577756652142853 ], [ 3863048.789273004047573, 944119.153239303268492 ], [ 3863048.789273004047573, 944081.728721954394132 ], [ 3863075.252403004094958, 944055.265591954346746 ], [ 3863112.676920352969319, 944055.265591954346746 ], [ 3863150.101437701843679, 944055.265591954346746 ], [ 3863187.525955050718039, 944055.265591954346746 ], [ 3863224.9504723995924, 944055.265591954346746 ], [ 3863262.37498974846676, 944055.265591954346746 ], [ 3863299.79950709734112, 944055.265591954346746 ], [ 3863337.224024446215481, 944055.265591954346746 ], [ 3863363.687154446262866, 944028.802461954299361 ], [ 3863363.687154446262866, 943991.377944605425 ], [ 3863363.687154446262866, 943953.95342725655064 ], [ 3863363.687154446262866, 943916.52890990767628 ], [ 3863390.150284446310252, 943890.065779907628894 ], [ 3863427.574801795184612, 943890.065779907628894 ], [ 3863464.999319144058973, 943890.065779907628894 ], [ 3863502.423836492933333, 943890.065779907628894 ], [ 3863539.848353841807693, 943890.065779907628894 ], [ 3863577.272871190682054, 943890.065779907628894 ], [ 3863614.697388539556414, 943890.065779907628894 ], [ 3863652.121905888430774, 943890.065779907628894 ], [ 3863689.546423237305135, 943890.065779907628894 ], [ 3863716.00955323735252, 943863.602649907581508 ], [ 3863716.00955323735252, 943826.178132558707148 ], [ 3863716.00955323735252, 943788.753615209832788 ], [ 3863716.00955323735252, 943751.329097860958427 ], [ 3863716.00955323735252, 943713.904580512084067 ], [ 3863753.434070586226881, 943713.904580512084067 ], [ 3863790.858587935101241, 943713.904580512084067 ], [ 3863828.283105283975601, 943713.904580512084067 ], [ 3863865.707622632849962, 943713.904580512084067 ], [ 3863892.170752632897347, 943687.441450512036681 ], [ 3863892.170752632897347, 943650.016933163162321 ], [ 3863892.170752632897347, 943612.592415814287961 ], [ 3863892.170752632897347, 943575.1678984654136 ], [ 3863892.170752632897347, 943537.74338111653924 ], [ 3863929.595269981771708, 943537.74338111653924 ], [ 3863967.019787330646068, 943537.74338111653924 ], [ 3864004.444304679520428, 943537.74338111653924 ], [ 3864041.868822028394789, 943537.74338111653924 ], [ 3864079.293339377269149, 943537.74338111653924 ], [ 3864116.717856726143509, 943537.74338111653924 ], [ 3864154.142374075017869, 943537.74338111653924 ], [ 3864191.56689142389223, 943537.74338111653924 ], [ 3864228.99140877276659, 943537.74338111653924 ], [ 3864266.41592612164095, 943537.74338111653924 ], [ 3864303.840443470515311, 943537.74338111653924 ], [ 3864343.535138470586389, 943539.215655199834146 ], [ 3864383.229833470657468, 943514.490767139242962 ], [ 3864383.229833470657468, 943477.066249790368602 ], [ 3864383.229833470657468, 943439.641732441494241 ], [ 3864383.229833470657468, 943402.217215092619881 ], [ 3864383.229833470657468, 943364.792697743745521 ], [ 3864383.229833470657468, 943327.36818039487116 ], [ 3864383.229833470657468, 943289.9436630459968 ], [ 3864383.229833470657468, 943252.51914569712244 ], [ 3864383.229833470657468, 943215.094628348248079 ], [ 3864420.654350819531828, 943215.094628348248079 ], [ 3864458.078868168406188, 943215.094628348248079 ], [ 3864495.503385517280549, 943215.094628348248079 ], [ 3864532.927902866154909, 943215.094628348248079 ], [ 3864570.352420215029269, 943215.094628348248079 ], [ 3864607.77693756390363, 943215.094628348248079 ], [ 3864645.20145491277799, 943215.094628348248079 ], [ 3864682.62597226165235, 943215.094628348248079 ], [ 3864720.050489610526711, 943215.094628348248079 ], [ 3864757.475006959401071, 943215.094628348248079 ], [ 3864794.899524308275431, 943215.094628348248079 ], [ 3864832.324041657149792, 943215.094628348248079 ], [ 3864869.748559006024152, 943215.094628348248079 ], [ 3864869.748559006024152, 943177.670110999373719 ], [ 3864869.748559006024152, 943140.245593650499359 ], [ 3864869.748559006024152, 943102.821076301624998 ], [ 3864869.748559006024152, 943065.396558952750638 ], [ 3864907.173076354898512, 943065.396558952750638 ], [ 3864944.597593703772873, 943065.396558952750638 ], [ 3864982.022111052647233, 943065.396558952750638 ], [ 3865019.446628401521593, 943065.396558952750638 ], [ 3865045.909758401568979, 943038.933428952703252 ], [ 3865045.909758401568979, 943001.508911603828892 ], [ 3865045.909758401568979, 942964.084394254954532 ], [ 3865045.909758401568979, 942926.659876906080171 ], [ 3865045.909758401568979, 942889.235359557205811 ], [ 3865083.334275750443339, 942889.235359557205811 ], [ 3865120.7587930993177, 942889.235359557205811 ], [ 3865158.18331044819206, 942889.235359557205811 ], [ 3865195.60782779706642, 942889.235359557205811 ], [ 3865233.032345145940781, 942889.235359557205811 ], [ 3865270.456862494815141, 942889.235359557205811 ], [ 3865307.881379843689501, 942889.235359557205811 ], [ 3865345.305897192563862, 942889.235359557205811 ], [ 3865371.769027192611247, 942862.772229557158425 ], [ 3865371.769027192611247, 942825.347712208284065 ], [ 3865371.769027192611247, 942787.923194859409705 ], [ 3865371.769027192611247, 942750.498677510535344 ], [ 3865371.769027192611247, 942713.074160161660984 ], [ 3865409.193544541485608, 942713.074160161660984 ], [ 3865446.618061890359968, 942713.074160161660984 ], [ 3865484.042579239234328, 942713.074160161660984 ], [ 3865521.467096588108689, 942713.074160161660984 ], [ 3865521.467096588108689, 942675.649642812786624 ], [ 3865521.467096588108689, 942638.225125463912264 ], [ 3865521.467096588108689, 942600.800608115037903 ], [ 3865521.467096588108689, 942563.376090766163543 ], [ 3865558.891613936983049, 942563.376090766163543 ], [ 3865596.316131285857409, 942563.376090766163543 ], [ 3865633.74064863473177, 942563.376090766163543 ], [ 3865671.16516598360613, 942563.376090766163543 ], [ 3865708.58968333248049, 942563.376090766163543 ], [ 3865746.014200681354851, 942563.376090766163543 ], [ 3865783.438718030229211, 942563.376090766163543 ], [ 3865820.863235379103571, 942563.376090766163543 ], [ 3865858.287752727977931, 942563.376090766163543 ], [ 3865895.712270076852292, 942563.376090766163543 ], [ 3865933.136787425726652, 942563.376090766163543 ], [ 3865970.561304774601012, 942563.376090766163543 ], [ 3866007.985822123475373, 942563.376090766163543 ], [ 3866034.448952123522758, 942536.912960766116157 ], [ 3866034.448952123522758, 942499.488443417241797 ], [ 3866034.448952123522758, 942462.063926068367437 ], [ 3866034.448952123522758, 942424.639408719493076 ], [ 3866034.448952123522758, 942387.214891370618716 ], [ 3866071.873469472397119, 942387.214891370618716 ], [ 3866109.297986821271479, 942387.214891370618716 ], [ 3866146.722504170145839, 942387.214891370618716 ], [ 3866173.185634170193225, 942360.75176137057133 ], [ 3866173.185634170193225, 942323.32724402169697 ], [ 3866173.185634170193225, 942285.90272667282261 ], [ 3866173.185634170193225, 942248.478209323948249 ], [ 3866199.648764170240611, 942222.015079323900864 ], [ 3866237.073281519114971, 942222.015079323900864 ], [ 3866274.497798867989331, 942222.015079323900864 ], [ 3866311.922316216863692, 942222.015079323900864 ], [ 3866349.346833565738052, 942222.015079323900864 ], [ 3866386.771350914612412, 942222.015079323900864 ], [ 3866424.195868263486773, 942222.015079323900864 ], [ 3866461.620385612361133, 942222.015079323900864 ], [ 3866499.044902961235493, 942222.015079323900864 ], [ 3866536.469420310109854, 942222.015079323900864 ], [ 3866573.893937658984214, 942222.015079323900864 ], [ 3866611.318455007858574, 942222.015079323900864 ], [ 3866648.742972356732935, 942222.015079323900864 ], [ 3866686.167489705607295, 942222.015079323900864 ], [ 3866686.167489705607295, 942184.590561975026503 ], [ 3866686.167489705607295, 942147.166044626152143 ], [ 3866686.167489705607295, 942109.741527277277783 ], [ 3866686.167489705607295, 942072.317009928403422 ], [ 3866723.592007054481655, 942072.317009928403422 ], [ 3866761.016524403356016, 942072.317009928403422 ], [ 3866798.441041752230376, 942072.317009928403422 ], [ 3866835.865559101104736, 942072.317009928403422 ], [ 3866873.290076449979097, 942072.317009928403422 ], [ 3866910.714593798853457, 942072.317009928403422 ], [ 3866948.139111147727817, 942072.317009928403422 ], [ 3866985.563628496602178, 942072.317009928403422 ], [ 3867012.026758496649563, 942045.853879928356037 ], [ 3867012.026758496649563, 942008.429362579481676 ], [ 3867012.026758496649563, 941971.004845230607316 ], [ 3867012.026758496649563, 941933.580327881732956 ], [ 3867012.026758496649563, 941896.155810532858595 ], [ 3867049.451275845523924, 941896.155810532858595 ], [ 3867086.875793194398284, 941896.155810532858595 ], [ 3867124.300310543272644, 941896.155810532858595 ], [ 3867161.724827892147005, 941896.155810532858595 ], [ 3867199.149345241021365, 941896.155810532858595 ], [ 3867236.573862589895725, 941896.155810532858595 ], [ 3867273.998379938770086, 941896.155810532858595 ], [ 3867311.422897287644446, 941896.155810532858595 ], [ 3867337.886027287691832, 941869.69268053281121 ], [ 3867337.886027287691832, 941832.268163183936849 ], [ 3867337.886027287691832, 941794.843645835062489 ], [ 3867337.886027287691832, 941757.419128486188129 ], [ 3867364.349157287739217, 941730.955998486140743 ], [ 3867401.773674636613578, 941730.955998486140743 ], [ 3867439.198191985487938, 941730.955998486140743 ], [ 3867476.622709334362298, 941730.955998486140743 ], [ 3867503.085839334409684, 941704.492868486093357 ], [ 3867503.085839334409684, 941667.068351137218997 ], [ 3867503.085839334409684, 941629.643833788344637 ], [ 3867503.085839334409684, 941592.219316439470276 ], [ 3867503.085839334409684, 941554.794799090595916 ], [ 3867540.510356683284044, 941554.794799090595916 ], [ 3867577.934874032158405, 941554.794799090595916 ], [ 3867615.359391381032765, 941554.794799090595916 ], [ 3867652.783908729907125, 941554.794799090595916 ], [ 3867690.208426078781486, 941554.794799090595916 ], [ 3867727.632943427655846, 941554.794799090595916 ], [ 3867765.057460776530206, 941554.794799090595916 ], [ 3867802.481978125404567, 941554.794799090595916 ], [ 3867839.906495474278927, 941554.794799090595916 ], [ 3867877.331012823153287, 941554.794799090595916 ], [ 3867914.755530172027647, 941554.794799090595916 ], [ 3867952.180047520902008, 941554.794799090595916 ], [ 3867989.604564869776368, 941554.794799090595916 ], [ 3867989.604564869776368, 941517.370281741721556 ], [ 3867989.604564869776368, 941479.945764392847195 ], [ 3867989.604564869776368, 941442.521247043972835 ], [ 3867989.604564869776368, 941405.096729695098475 ], [ 3868027.029082218650728, 941405.096729695098475 ], [ 3868064.453599567525089, 941405.096729695098475 ], [ 3868101.878116916399449, 941405.096729695098475 ], [ 3868139.302634265273809, 941405.096729695098475 ], [ 3868165.765764265321195, 941378.633599695051089 ], [ 3868165.765764265321195, 941341.209082346176729 ], [ 3868165.765764265321195, 941303.784564997302368 ], [ 3868165.765764265321195, 941266.360047648428008 ], [ 3868165.765764265321195, 941228.935530299553648 ], [ 3868203.190281614195555, 941228.935530299553648 ], [ 3868240.614798963069916, 941228.935530299553648 ], [ 3868278.039316311944276, 941228.935530299553648 ], [ 3868315.463833660818636, 941228.935530299553648 ], [ 3868352.888351009692997, 941228.935530299553648 ], [ 3868390.312868358567357, 941228.935530299553648 ], [ 3868427.737385707441717, 941228.935530299553648 ], [ 3868465.161903056316078, 941228.935530299553648 ], [ 3868502.586420405190438, 941228.935530299553648 ], [ 3868540.010937754064798, 941228.935530299553648 ], [ 3868577.435455102939159, 941228.935530299553648 ], [ 3868614.859972451813519, 941228.935530299553648 ], [ 3868652.284489800687879, 941228.935530299553648 ], [ 3868652.284489800687879, 941191.511012950679287 ], [ 3868652.284489800687879, 941154.086495601804927 ], [ 3868652.284489800687879, 941116.661978252930567 ], [ 3868652.284489800687879, 941079.237460904056206 ], [ 3868652.284489800687879, 941041.812943555181846 ], [ 3868652.284489800687879, 941004.388426206307486 ], [ 3868652.284489800687879, 940966.963908857433125 ], [ 3868652.284489800687879, 940929.539391508558765 ], [ 3868652.284489800687879, 940892.114874159684405 ], [ 3868689.70900714956224, 940892.114874159684405 ], [ 3868727.1335244984366, 940892.114874159684405 ], [ 3868764.55804184731096, 940892.114874159684405 ], [ 3868801.982559196185321, 940892.114874159684405 ], [ 3868839.407076545059681, 940892.114874159684405 ], [ 3868839.407076545059681, 940854.690356810810044 ], [ 3868839.407076545059681, 940817.265839461935684 ], [ 3868839.407076545059681, 940779.841322113061324 ], [ 3868839.407076545059681, 940742.416804764186963 ], [ 3868876.831593893934041, 940742.416804764186963 ], [ 3868914.256111242808402, 940742.416804764186963 ], [ 3868951.680628591682762, 940742.416804764186963 ], [ 3868989.105145940557122, 940742.416804764186963 ], [ 3869026.529663289431483, 940742.416804764186963 ], [ 3869063.954180638305843, 940742.416804764186963 ], [ 3869101.378697987180203, 940742.416804764186963 ], [ 3869138.803215336054564, 940742.416804764186963 ], [ 3869176.227732684928924, 940742.416804764186963 ], [ 3869213.652250033803284, 940742.416804764186963 ], [ 3869251.076767382677644, 940742.416804764186963 ], [ 3869288.501284731552005, 940742.416804764186963 ], [ 3869314.964414731599391, 940715.953674764139578 ], [ 3869314.964414731599391, 940678.529157415265217 ], [ 3869314.964414731599391, 940641.104640066390857 ], [ 3869314.964414731599391, 940603.680122717516497 ], [ 3869314.964414731599391, 940566.255605368642136 ], [ 3869314.964414731599391, 940528.831088019767776 ], [ 3869314.964414731599391, 940491.406570670893416 ], [ 3869314.964414731599391, 940453.982053322019055 ], [ 3869314.964414731599391, 940416.557535973144695 ], [ 3869352.388932080473751, 940416.557535973144695 ], [ 3869389.813449429348111, 940416.557535973144695 ], [ 3869427.237966778222471, 940416.557535973144695 ], [ 3869453.701096778269857, 940390.094405973097309 ], [ 3869453.701096778269857, 940352.669888624222949 ], [ 3869453.701096778269857, 940315.245371275348589 ], [ 3869453.701096778269857, 940277.820853926474229 ], [ 3869480.164226778317243, 940251.357723926426843 ], [ 3869517.588744127191603, 940251.357723926426843 ], [ 3869555.013261476065964, 940251.357723926426843 ], [ 3869592.437778824940324, 940251.357723926426843 ], [ 3869629.862296173814684, 940251.357723926426843 ], [ 3869656.32542617386207, 940224.894593926379457 ], [ 3869656.32542617386207, 940187.470076577505097 ], [ 3869656.32542617386207, 940150.045559228630736 ], [ 3869656.32542617386207, 940112.621041879756376 ], [ 3869656.32542617386207, 940075.196524530882016 ], [ 3869693.74994352273643, 940075.196524530882016 ], [ 3869731.17446087161079, 940075.196524530882016 ], [ 3869768.598978220485151, 940075.196524530882016 ], [ 3869795.062108220532537, 940048.73339453083463 ], [ 3869795.062108220532537, 940011.30887718196027 ], [ 3869795.062108220532537, 939973.884359833085909 ], [ 3869795.062108220532537, 939936.459842484211549 ], [ 3869795.062108220532537, 939899.035325135337189 ], [ 3869795.062108220532537, 939861.610807786462829 ], [ 3869795.062108220532537, 939824.186290437588468 ], [ 3869795.062108220532537, 939786.761773088714108 ], [ 3869795.062108220532537, 939749.337255739839748 ], [ 3869768.598978220485151, 939722.874125739792362 ], [ 3869731.17446087161079, 939722.874125739792362 ], [ 3869693.74994352273643, 939722.874125739792362 ], [ 3869656.32542617386207, 939722.874125739792362 ], [ 3869618.90090882498771, 939722.874125739792362 ], [ 3869581.476391476113349, 939722.874125739792362 ], [ 3869544.051874127238989, 939722.874125739792362 ], [ 3869506.627356778364629, 939722.874125739792362 ], [ 3869469.202839429490268, 939722.874125739792362 ], [ 3869431.778322080615908, 939722.874125739792362 ], [ 3869394.353804731741548, 939722.874125739792362 ], [ 3869356.929287382867187, 939722.874125739792362 ], [ 3869319.504770033992827, 939722.874125739792362 ], [ 3869282.080252685118467, 939722.874125739792362 ], [ 3869244.655735336244106, 939722.874125739792362 ], [ 3869207.231217987369746, 939722.874125739792362 ], [ 3869169.806700638495386, 939722.874125739792362 ], [ 3869132.382183289621025, 939722.874125739792362 ], [ 3869094.957665940746665, 939722.874125739792362 ], [ 3869057.533148591872305, 939722.874125739792362 ], [ 3869020.108631242997944, 939722.874125739792362 ], [ 3868982.684113894123584, 939722.874125739792362 ], [ 3868945.259596545249224, 939722.874125739792362 ], [ 3868907.835079196374863, 939722.874125739792362 ], [ 3868870.410561847500503, 939722.874125739792362 ], [ 3868832.986044498626143, 939722.874125739792362 ], [ 3868795.561527149751782, 939722.874125739792362 ], [ 3868758.137009800877422, 939722.874125739792362 ], [ 3868720.712492452003062, 939722.874125739792362 ], [ 3868683.287975103128701, 939722.874125739792362 ], [ 3868645.863457754254341, 939722.874125739792362 ], [ 3868608.438940405379981, 939722.874125739792362 ], [ 3868608.438940405379981, 939760.298643088666722 ], [ 3868608.438940405379981, 939797.723160437541083 ], [ 3868608.438940405379981, 939835.147677786415443 ], [ 3868608.438940405379981, 939872.572195135289803 ], [ 3868571.01442305650562, 939872.572195135289803 ], [ 3868533.58990570763126, 939872.572195135289803 ], [ 3868496.1653883587569, 939872.572195135289803 ], [ 3868458.74087100988254, 939872.572195135289803 ], [ 3868421.316353661008179, 939872.572195135289803 ], [ 3868383.891836312133819, 939872.572195135289803 ], [ 3868346.467318963259459, 939872.572195135289803 ], [ 3868309.042801614385098, 939872.572195135289803 ], [ 3868271.618284265510738, 939872.572195135289803 ], [ 3868234.193766916636378, 939872.572195135289803 ], [ 3868196.769249567762017, 939872.572195135289803 ], [ 3868159.344732218887657, 939872.572195135289803 ], [ 3868121.920214870013297, 939872.572195135289803 ], [ 3868084.495697521138936, 939872.572195135289803 ], [ 3868047.071180172264576, 939872.572195135289803 ], [ 3868009.646662823390216, 939872.572195135289803 ], [ 3867972.222145474515855, 939872.572195135289803 ], [ 3867934.797628125641495, 939872.572195135289803 ], [ 3867897.373110776767135, 939872.572195135289803 ], [ 3867859.948593427892774, 939872.572195135289803 ], [ 3867822.524076079018414, 939872.572195135289803 ], [ 3867785.099558730144054, 939872.572195135289803 ], [ 3867747.675041381269693, 939872.572195135289803 ], [ 3867710.250524032395333, 939872.572195135289803 ], [ 3867672.826006683520973, 939872.572195135289803 ], [ 3867635.401489334646612, 939872.572195135289803 ], [ 3867597.976971985772252, 939872.572195135289803 ], [ 3867560.552454636897892, 939872.572195135289803 ], [ 3867523.127937288023531, 939872.572195135289803 ], [ 3867485.703419939149171, 939872.572195135289803 ], [ 3867448.278902590274811, 939872.572195135289803 ], [ 3867410.85438524140045, 939872.572195135289803 ], [ 3867373.42986789252609, 939872.572195135289803 ], [ 3867336.00535054365173, 939872.572195135289803 ], [ 3867298.580833194777369, 939872.572195135289803 ], [ 3867261.156315845903009, 939872.572195135289803 ], [ 3867223.731798497028649, 939872.572195135289803 ], [ 3867186.307281148154289, 939872.572195135289803 ], [ 3867148.882763799279928, 939872.572195135289803 ], [ 3867111.458246450405568, 939872.572195135289803 ], [ 3867074.033729101531208, 939872.572195135289803 ], [ 3867036.609211752656847, 939872.572195135289803 ], [ 3866999.184694403782487, 939872.572195135289803 ], [ 3866961.760177054908127, 939872.572195135289803 ], [ 3866924.335659706033766, 939872.572195135289803 ], [ 3866886.911142357159406, 939872.572195135289803 ], [ 3866849.486625008285046, 939872.572195135289803 ], [ 3866812.062107659410685, 939872.572195135289803 ], [ 3866774.637590310536325, 939872.572195135289803 ], [ 3866737.213072961661965, 939872.572195135289803 ], [ 3866699.788555612787604, 939872.572195135289803 ], [ 3866662.364038263913244, 939872.572195135289803 ], [ 3866624.939520915038884, 939872.572195135289803 ], [ 3866587.515003566164523, 939872.572195135289803 ], [ 3866550.090486217290163, 939872.572195135289803 ], [ 3866512.665968868415803, 939872.572195135289803 ], [ 3866475.241451519541442, 939872.572195135289803 ], [ 3866437.816934170667082, 939872.572195135289803 ], [ 3866400.392416821792722, 939872.572195135289803 ], [ 3866362.967899472918361, 939872.572195135289803 ], [ 3866325.543382124044001, 939872.572195135289803 ], [ 3866288.118864775169641, 939872.572195135289803 ], [ 3866250.69434742629528, 939872.572195135289803 ], [ 3866213.26983007742092, 939872.572195135289803 ], [ 3866175.84531272854656, 939872.572195135289803 ], [ 3866138.420795379672199, 939872.572195135289803 ], [ 3866100.996278030797839, 939872.572195135289803 ], [ 3866063.571760681923479, 939872.572195135289803 ], [ 3866026.147243333049119, 939872.572195135289803 ], [ 3865999.684113333001733, 939899.035325135337189 ], [ 3865999.684113333001733, 939936.459842484211549 ], [ 3865999.684113333001733, 939973.884359833085909 ], [ 3865999.684113333001733, 940011.30887718196027 ], [ 3865999.684113333001733, 940048.73339453083463 ], [ 3865962.259595984127373, 940048.73339453083463 ], [ 3865924.835078635253012, 940048.73339453083463 ], [ 3865887.410561286378652, 940048.73339453083463 ], [ 3865849.986043937504292, 940048.73339453083463 ], [ 3865812.561526588629931, 940048.73339453083463 ], [ 3865775.137009239755571, 940048.73339453083463 ], [ 3865737.712491890881211, 940048.73339453083463 ], [ 3865700.28797454200685, 940048.73339453083463 ], [ 3865662.86345719313249, 940048.73339453083463 ], [ 3865625.43893984425813, 940048.73339453083463 ], [ 3865588.014422495383769, 940048.73339453083463 ], [ 3865550.589905146509409, 940048.73339453083463 ], [ 3865513.165387797635049, 940048.73339453083463 ], [ 3865475.740870448760688, 940048.73339453083463 ], [ 3865438.316353099886328, 940048.73339453083463 ], [ 3865400.891835751011968, 940048.73339453083463 ], [ 3865363.467318402137607, 940048.73339453083463 ], [ 3865326.042801053263247, 940048.73339453083463 ], [ 3865288.618283704388887, 940048.73339453083463 ], [ 3865251.193766355514526, 940048.73339453083463 ], [ 3865213.769249006640166, 940048.73339453083463 ], [ 3865176.344731657765806, 940048.73339453083463 ], [ 3865138.920214308891445, 940048.73339453083463 ], [ 3865101.495696960017085, 940048.73339453083463 ], [ 3865064.071179611142725, 940048.73339453083463 ], [ 3865026.646662262268364, 940048.73339453083463 ], [ 3864989.222144913394004, 940048.73339453083463 ], [ 3864951.797627564519644, 940048.73339453083463 ], [ 3864914.373110215645283, 940048.73339453083463 ], [ 3864876.948592866770923, 940048.73339453083463 ], [ 3864839.524075517896563, 940048.73339453083463 ], [ 3864802.099558169022202, 940048.73339453083463 ], [ 3864764.675040820147842, 940048.73339453083463 ], [ 3864727.250523471273482, 940048.73339453083463 ], [ 3864689.826006122399122, 940048.73339453083463 ], [ 3864663.362876122351736, 940075.196524530882016 ], [ 3864663.362876122351736, 940112.621041879756376 ], [ 3864663.362876122351736, 940150.045559228630736 ], [ 3864663.362876122351736, 940187.470076577505097 ], [ 3864663.362876122351736, 940224.894593926379457 ], [ 3864625.938358773477376, 940224.894593926379457 ], [ 3864588.513841424603015, 940224.894593926379457 ], [ 3864551.089324075728655, 940224.894593926379457 ], [ 3864513.664806726854295, 940224.894593926379457 ], [ 3864476.240289377979934, 940224.894593926379457 ], [ 3864438.815772029105574, 940224.894593926379457 ], [ 3864401.391254680231214, 940224.894593926379457 ], [ 3864363.966737331356853, 940224.894593926379457 ], [ 3864326.542219982482493, 940224.894593926379457 ], [ 3864289.117702633608133, 940224.894593926379457 ], [ 3864251.693185284733772, 940224.894593926379457 ], [ 3864214.268667935859412, 940224.894593926379457 ], [ 3864176.844150586985052, 940224.894593926379457 ], [ 3864139.419633238110691, 940224.894593926379457 ], [ 3864101.995115889236331, 940224.894593926379457 ], [ 3864064.570598540361971, 940224.894593926379457 ], [ 3864027.14608119148761, 940224.894593926379457 ], [ 3863989.72156384261325, 940224.894593926379457 ], [ 3863952.29704649373889, 940224.894593926379457 ], [ 3863914.872529144864529, 940224.894593926379457 ], [ 3863877.448011795990169, 940224.894593926379457 ], [ 3863840.023494447115809, 940224.894593926379457 ], [ 3863802.598977098241448, 940224.894593926379457 ], [ 3863765.174459749367088, 940224.894593926379457 ], [ 3863727.749942400492728, 940224.894593926379457 ], [ 3863690.325425051618367, 940224.894593926379457 ], [ 3863652.900907702744007, 940224.894593926379457 ], [ 3863615.476390353869647, 940224.894593926379457 ], [ 3863578.051873004995286, 940224.894593926379457 ], [ 3863540.627355656120926, 940224.894593926379457 ], [ 3863503.202838307246566, 940224.894593926379457 ], [ 3863465.778320958372205, 940224.894593926379457 ], [ 3863428.353803609497845, 940224.894593926379457 ], [ 3863390.929286260623485, 940224.894593926379457 ], [ 3863353.504768911749125, 940224.894593926379457 ], [ 3863353.504768911749125, 940262.319111275253817 ], [ 3863353.504768911749125, 940299.743628624128178 ], [ 3863353.504768911749125, 940337.168145973002538 ], [ 3863353.504768911749125, 940374.592663321876898 ], [ 3863316.080251562874764, 940374.592663321876898 ], [ 3863278.655734214000404, 940374.592663321876898 ], [ 3863241.231216865126044, 940374.592663321876898 ], [ 3863203.806699516251683, 940374.592663321876898 ], [ 3863166.382182167377323, 940374.592663321876898 ], [ 3863128.957664818502963, 940374.592663321876898 ], [ 3863091.533147469628602, 940374.592663321876898 ], [ 3863054.108630120754242, 940374.592663321876898 ], [ 3863016.684112771879882, 940374.592663321876898 ], [ 3862979.259595423005521, 940374.592663321876898 ], [ 3862941.835078074131161, 940374.592663321876898 ], [ 3862904.410560725256801, 940374.592663321876898 ], [ 3862877.947430725209415, 940401.055793321924284 ], [ 3862877.947430725209415, 940438.480310670798644 ], [ 3862877.947430725209415, 940475.904828019673005 ], [ 3862877.947430725209415, 940513.329345368547365 ], [ 3862877.947430725209415, 940550.753862717421725 ], [ 3862840.522913376335055, 940550.753862717421725 ], [ 3862803.098396027460694, 940550.753862717421725 ], [ 3862765.673878678586334, 940550.753862717421725 ], [ 3862739.210748678538948, 940524.29073271737434 ], [ 3862739.210748678538948, 940486.866215368499979 ], [ 3862739.210748678538948, 940449.441698019625619 ], [ 3862739.210748678538948, 940412.017180670751259 ], [ 3862712.747618678491563, 940385.554050670703873 ], [ 3862675.323101329617202, 940385.554050670703873 ], [ 3862637.898583980742842, 940385.554050670703873 ], [ 3862600.474066631868482, 940385.554050670703873 ], [ 3862563.049549282994121, 940385.554050670703873 ], [ 3862525.625031934119761, 940385.554050670703873 ], [ 3862488.200514585245401, 940385.554050670703873 ], [ 3862450.77599723637104, 940385.554050670703873 ], [ 3862413.35147988749668, 940385.554050670703873 ], [ 3862375.92696253862232, 940385.554050670703873 ], [ 3862375.92696253862232, 940422.978568019578233 ], [ 3862375.92696253862232, 940460.403085368452594 ], [ 3862375.92696253862232, 940497.827602717326954 ], [ 3862375.92696253862232, 940535.252120066201314 ], [ 3862338.502445189747959, 940535.252120066201314 ], [ 3862301.077927840873599, 940535.252120066201314 ], [ 3862263.653410491999239, 940535.252120066201314 ], [ 3862226.228893143124878, 940535.252120066201314 ], [ 3862188.804375794250518, 940535.252120066201314 ], [ 3862151.379858445376158, 940535.252120066201314 ], [ 3862113.955341096501797, 940535.252120066201314 ], [ 3862076.530823747627437, 940535.252120066201314 ], [ 3862039.106306398753077, 940535.252120066201314 ], [ 3862001.681789049878716, 940535.252120066201314 ], [ 3861964.257271701004356, 940535.252120066201314 ], [ 3861926.832754352129996, 940535.252120066201314 ], [ 3861900.36962435208261, 940561.7152500662487 ], [ 3861900.36962435208261, 940599.13976741512306 ], [ 3861900.36962435208261, 940636.564284763997421 ], [ 3861900.36962435208261, 940673.988802112871781 ], [ 3861873.906494352035224, 940700.451932112919167 ], [ 3861836.481977003160864, 940700.451932112919167 ], [ 3861799.057459654286504, 940700.451932112919167 ], [ 3861761.632942305412143, 940700.451932112919167 ], [ 3861724.208424956537783, 940700.451932112919167 ], [ 3861686.783907607663423, 940700.451932112919167 ], [ 3861649.359390258789062, 940700.451932112919167 ], [ 3861611.934872909914702, 940700.451932112919167 ], [ 3861574.510355561040342, 940700.451932112919167 ], [ 3861537.085838212165982, 940700.451932112919167 ], [ 3861499.661320863291621, 940700.451932112919167 ], [ 3861462.236803514417261, 940700.451932112919167 ], [ 3861424.812286165542901, 940700.451932112919167 ], [ 3861398.349156165495515, 940726.915062112966552 ], [ 3861398.349156165495515, 940764.339579461840913 ], [ 3861398.349156165495515, 940801.764096810715273 ], [ 3861398.349156165495515, 940839.188614159589633 ], [ 3861371.886026165448129, 940865.651744159637019 ], [ 3861334.461508816573769, 940865.651744159637019 ], [ 3861297.036991467699409, 940865.651744159637019 ], [ 3861259.612474118825048, 940865.651744159637019 ], [ 3861222.187956769950688, 940865.651744159637019 ], [ 3861184.763439421076328, 940865.651744159637019 ], [ 3861147.338922072201967, 940865.651744159637019 ], [ 3861109.914404723327607, 940865.651744159637019 ], [ 3861072.489887374453247, 940865.651744159637019 ], [ 3861035.065370025578886, 940865.651744159637019 ], [ 3860997.640852676704526, 940865.651744159637019 ], [ 3860960.216335327830166, 940865.651744159637019 ], [ 3860922.791817978955805, 940865.651744159637019 ], [ 3860885.367300630081445, 940865.651744159637019 ], [ 3860847.942783281207085, 940865.651744159637019 ], [ 3860810.518265932332724, 940865.651744159637019 ], [ 3860773.093748583458364, 940865.651744159637019 ], [ 3860735.669231234584004, 940865.651744159637019 ], [ 3860698.244713885709643, 940865.651744159637019 ], [ 3860660.820196536835283, 940865.651744159637019 ], [ 3860623.395679187960923, 940865.651744159637019 ], [ 3860585.971161839086562, 940865.651744159637019 ], [ 3860548.546644490212202, 940865.651744159637019 ], [ 3860511.122127141337842, 940865.651744159637019 ], [ 3860473.697609792463481, 940865.651744159637019 ], [ 3860436.273092443589121, 940865.651744159637019 ], [ 3860409.809962443541735, 940892.114874159684405 ], [ 3860409.809962443541735, 940929.539391508558765 ], [ 3860409.809962443541735, 940966.963908857433125 ], [ 3860409.809962443541735, 941004.388426206307486 ], [ 3860409.809962443541735, 941041.812943555181846 ], [ 3860372.385445094667375, 941041.812943555181846 ], [ 3860334.960927745793015, 941041.812943555181846 ], [ 3860297.536410396918654, 941041.812943555181846 ], [ 3860260.111893048044294, 941041.812943555181846 ], [ 3860222.687375699169934, 941041.812943555181846 ], [ 3860185.262858350295573, 941041.812943555181846 ], [ 3860147.838341001421213, 941041.812943555181846 ], [ 3860110.413823652546853, 941041.812943555181846 ], [ 3860072.989306303672493, 941041.812943555181846 ], [ 3860035.564788954798132, 941041.812943555181846 ], [ 3859998.140271605923772, 941041.812943555181846 ], [ 3859960.715754257049412, 941041.812943555181846 ], [ 3859923.291236908175051, 941041.812943555181846 ], [ 3859885.866719559300691, 941041.812943555181846 ], [ 3859848.442202210426331, 941041.812943555181846 ], [ 3859811.01768486155197, 941041.812943555181846 ], [ 3859773.59316751267761, 941041.812943555181846 ], [ 3859736.16865016380325, 941041.812943555181846 ], [ 3859698.744132814928889, 941041.812943555181846 ], [ 3859661.319615466054529, 941041.812943555181846 ], [ 3859623.895098117180169, 941041.812943555181846 ], [ 3859586.470580768305808, 941041.812943555181846 ], [ 3859549.046063419431448, 941041.812943555181846 ], [ 3859511.621546070557088, 941041.812943555181846 ], [ 3859474.197028721682727, 941041.812943555181846 ], [ 3859436.772511372808367, 941041.812943555181846 ], [ 3859399.347994023934007, 941041.812943555181846 ], [ 3859361.923476675059646, 941041.812943555181846 ], [ 3859324.498959326185286, 941041.812943555181846 ], [ 3859287.074441977310926, 941041.812943555181846 ], [ 3859249.649924628436565, 941041.812943555181846 ], [ 3859212.225407279562205, 941041.812943555181846 ], [ 3859174.800889930687845, 941041.812943555181846 ], [ 3859137.376372581813484, 941041.812943555181846 ], [ 3859099.951855232939124, 941041.812943555181846 ], [ 3859062.527337884064764, 941041.812943555181846 ], [ 3859025.102820535190403, 941041.812943555181846 ], [ 3858987.678303186316043, 941041.812943555181846 ], [ 3858950.253785837441683, 941041.812943555181846 ], [ 3858912.829268488567322, 941041.812943555181846 ], [ 3858875.404751139692962, 941041.812943555181846 ], [ 3858837.980233790818602, 941041.812943555181846 ], [ 3858800.555716441944242, 941041.812943555181846 ], [ 3858763.131199093069881, 941041.812943555181846 ], [ 3858725.706681744195521, 941041.812943555181846 ], [ 3858688.282164395321161, 941041.812943555181846 ], [ 3858650.8576470464468, 941041.812943555181846 ], [ 3858613.43312969757244, 941041.812943555181846 ], [ 3858576.00861234869808, 941041.812943555181846 ], [ 3858538.584094999823719, 941041.812943555181846 ], [ 3858501.159577650949359, 941041.812943555181846 ], [ 3858463.735060302074999, 941041.812943555181846 ], [ 3858426.310542953200638, 941041.812943555181846 ], [ 3858388.886025604326278, 941041.812943555181846 ], [ 3858351.461508255451918, 941041.812943555181846 ], [ 3858314.036990906577557, 941041.812943555181846 ], [ 3858276.612473557703197, 941041.812943555181846 ], [ 3858239.187956208828837, 941041.812943555181846 ], [ 3858201.763438859954476, 941041.812943555181846 ], [ 3858164.338921511080116, 941041.812943555181846 ], [ 3858126.914404162205756, 941041.812943555181846 ], [ 3858089.489886813331395, 941041.812943555181846 ], [ 3858052.065369464457035, 941041.812943555181846 ], [ 3858014.640852115582675, 941041.812943555181846 ], [ 3857977.216334766708314, 941041.812943555181846 ], [ 3857939.791817417833954, 941041.812943555181846 ], [ 3857902.367300068959594, 941041.812943555181846 ], [ 3857864.942782720085233, 941041.812943555181846 ], [ 3857827.518265371210873, 941041.812943555181846 ], [ 3857790.093748022336513, 941041.812943555181846 ], [ 3857752.669230673462152, 941041.812943555181846 ], [ 3857715.244713324587792, 941041.812943555181846 ], [ 3857677.820195975713432, 941041.812943555181846 ], [ 3857640.395678626839072, 941041.812943555181846 ], [ 3857602.971161277964711, 941041.812943555181846 ], [ 3857565.546643929090351, 941041.812943555181846 ], [ 3857528.122126580215991, 941041.812943555181846 ], [ 3857490.69760923134163, 941041.812943555181846 ], [ 3857453.27309188246727, 941041.812943555181846 ], [ 3857415.84857453359291, 941041.812943555181846 ], [ 3857378.424057184718549, 941041.812943555181846 ], [ 3857340.999539835844189, 941041.812943555181846 ], [ 3857303.575022486969829, 941041.812943555181846 ], [ 3857277.111892486922443, 941068.276073555229232 ], [ 3857277.111892486922443, 941105.700590904103592 ], [ 3857277.111892486922443, 941143.125108252977952 ], [ 3857277.111892486922443, 941180.549625601852313 ], [ 3857277.111892486922443, 941217.974142950726673 ], [ 3857239.687375138048083, 941217.974142950726673 ], [ 3857202.262857789173722, 941217.974142950726673 ], [ 3857164.838340440299362, 941217.974142950726673 ], [ 3857127.413823091425002, 941217.974142950726673 ], [ 3857127.413823091425002, 941180.549625601852313 ], [ 3857127.413823091425002, 941143.125108252977952 ], [ 3857127.413823091425002, 941105.700590904103592 ], [ 3857127.413823091425002, 941068.276073555229232 ], [ 3857100.950693091377616, 941041.812943555181846 ], [ 3857063.526175742503256, 941041.812943555181846 ], [ 3857026.101658393628895, 941041.812943555181846 ], [ 3856988.677141044754535, 941041.812943555181846 ], [ 3856951.252623695880175, 941041.812943555181846 ], [ 3856913.828106347005814, 941041.812943555181846 ], [ 3856876.403588998131454, 941041.812943555181846 ], [ 3856838.979071649257094, 941041.812943555181846 ], [ 3856801.554554300382733, 941041.812943555181846 ], [ 3856764.130036951508373, 941041.812943555181846 ], [ 3856726.705519602634013, 941041.812943555181846 ], [ 3856689.281002253759652, 941041.812943555181846 ], [ 3856651.856484904885292, 941041.812943555181846 ], [ 3856614.431967556010932, 941041.812943555181846 ], [ 3856577.007450207136571, 941041.812943555181846 ], [ 3856539.582932858262211, 941041.812943555181846 ], [ 3856502.158415509387851, 941041.812943555181846 ], [ 3856464.73389816051349, 941041.812943555181846 ], [ 3856427.30938081163913, 941041.812943555181846 ], [ 3856389.88486346276477, 941041.812943555181846 ], [ 3856352.460346113890409, 941041.812943555181846 ], [ 3856315.035828765016049, 941041.812943555181846 ], [ 3856277.611311416141689, 941041.812943555181846 ], [ 3856240.186794067267329, 941041.812943555181846 ], [ 3856202.762276718392968, 941041.812943555181846 ], [ 3856165.337759369518608, 941041.812943555181846 ], [ 3856127.913242020644248, 941041.812943555181846 ], [ 3856090.488724671769887, 941041.812943555181846 ], [ 3856053.064207322895527, 941041.812943555181846 ], [ 3856015.639689974021167, 941041.812943555181846 ], [ 3855978.215172625146806, 941041.812943555181846 ], [ 3855940.790655276272446, 941041.812943555181846 ], [ 3855903.366137927398086, 941041.812943555181846 ], [ 3855865.941620578523725, 941041.812943555181846 ], [ 3855828.517103229649365, 941041.812943555181846 ], [ 3855791.092585880775005, 941041.812943555181846 ], [ 3855753.668068531900644, 941041.812943555181846 ], [ 3855716.243551183026284, 941041.812943555181846 ], [ 3855678.819033834151924, 941041.812943555181846 ], [ 3855641.394516485277563, 941041.812943555181846 ], [ 3855603.969999136403203, 941041.812943555181846 ], [ 3855566.545481787528843, 941041.812943555181846 ], [ 3855529.120964438654482, 941041.812943555181846 ], [ 3855491.696447089780122, 941041.812943555181846 ], [ 3855454.271929740905762, 941041.812943555181846 ], [ 3855416.847412392031401, 941041.812943555181846 ], [ 3855379.422895043157041, 941041.812943555181846 ], [ 3855341.998377694282681, 941041.812943555181846 ], [ 3855304.57386034540832, 941041.812943555181846 ], [ 3855267.14934299653396, 941041.812943555181846 ], [ 3855229.7248256476596, 941041.812943555181846 ], [ 3855192.300308298785239, 941041.812943555181846 ], [ 3855154.875790949910879, 941041.812943555181846 ], [ 3855117.451273601036519, 941041.812943555181846 ], [ 3855080.026756252162158, 941041.812943555181846 ], [ 3855042.602238903287798, 941041.812943555181846 ], [ 3855005.177721554413438, 941041.812943555181846 ], [ 3854967.753204205539078, 941041.812943555181846 ], [ 3854930.328686856664717, 941041.812943555181846 ], [ 3854892.904169507790357, 941041.812943555181846 ], [ 3854855.479652158915997, 941041.812943555181846 ], [ 3854818.055134810041636, 941041.812943555181846 ], [ 3854780.630617461167276, 941041.812943555181846 ], [ 3854743.206100112292916, 941041.812943555181846 ], [ 3854705.781582763418555, 941041.812943555181846 ], [ 3854668.357065414544195, 941041.812943555181846 ], [ 3854630.932548065669835, 941041.812943555181846 ], [ 3854593.508030716795474, 941041.812943555181846 ], [ 3854556.083513367921114, 941041.812943555181846 ], [ 3854518.658996019046754, 941041.812943555181846 ], [ 3854492.195866018999368, 941068.276073555229232 ], [ 3854492.195866018999368, 941105.700590904103592 ], [ 3854492.195866018999368, 941143.125108252977952 ], [ 3854492.195866018999368, 941180.549625601852313 ], [ 3854492.195866018999368, 941217.974142950726673 ], [ 3854454.771348670125008, 941217.974142950726673 ], [ 3854417.346831321250647, 941217.974142950726673 ], [ 3854379.922313972376287, 941217.974142950726673 ], [ 3854342.497796623501927, 941217.974142950726673 ], [ 3854316.034666623454541, 941244.437272950774059 ], [ 3854316.034666623454541, 941281.861790299648419 ], [ 3854316.034666623454541, 941319.286307648522779 ], [ 3854316.034666623454541, 941356.71082499739714 ], [ 3854316.034666623454541, 941394.1353423462715 ], [ 3854316.034666623454541, 941431.55985969514586 ], [ 3854316.034666623454541, 941468.984377044020221 ], [ 3854316.034666623454541, 941506.408894392894581 ], [ 3854316.034666623454541, 941543.833411741768941 ], [ 3854316.034666623454541, 941581.257929090643302 ], [ 3854316.034666623454541, 941618.682446439517662 ], [ 3854316.034666623454541, 941656.106963788392022 ], [ 3854316.034666623454541, 941693.531481137266383 ], [ 3854278.610149274580181, 941693.531481137266383 ], [ 3854241.18563192570582, 941693.531481137266383 ], [ 3854203.76111457683146, 941693.531481137266383 ], [ 3854177.297984576784074, 941719.994611137313768 ], [ 3854177.297984576784074, 941757.419128486188129 ], [ 3854177.297984576784074, 941794.843645835062489 ], [ 3854177.297984576784074, 941832.268163183936849 ], [ 3854150.834854576736689, 941858.731293183984235 ], [ 3854113.410337227862328, 941858.731293183984235 ], [ 3854075.985819878987968, 941858.731293183984235 ], [ 3854038.561302530113608, 941858.731293183984235 ], [ 3854001.136785181239247, 941858.731293183984235 ], [ 3853974.673655181191862, 941885.194423184031621 ], [ 3853974.673655181191862, 941922.618940532905981 ], [ 3853974.673655181191862, 941960.043457881780341 ], [ 3853974.673655181191862, 941997.467975230654702 ], [ 3853974.673655181191862, 942034.892492579529062 ], [ 3853974.673655181191862, 942072.317009928403422 ], [ 3853974.673655181191862, 942109.741527277277783 ], [ 3853974.673655181191862, 942147.166044626152143 ], [ 3853974.673655181191862, 942184.590561975026503 ], [ 3853974.673655181191862, 942222.015079323900864 ], [ 3853974.673655181191862, 942259.439596672775224 ], [ 3853974.673655181191862, 942296.864114021649584 ], [ 3853974.673655181191862, 942334.288631370523944 ], [ 3853974.673655181191862, 942371.713148719398305 ], [ 3853974.673655181191862, 942409.137666068272665 ], [ 3853974.673655181191862, 942446.562183417147025 ], [ 3853974.673655181191862, 942483.986700766021386 ], [ 3853974.673655181191862, 942521.411218114895746 ], [ 3853937.249137832317501, 942521.411218114895746 ], [ 3853899.824620483443141, 942521.411218114895746 ], [ 3853862.400103134568781, 942521.411218114895746 ], [ 3853835.936973134521395, 942547.874348114943132 ], [ 3853835.936973134521395, 942585.298865463817492 ], [ 3853835.936973134521395, 942622.723382812691852 ], [ 3853835.936973134521395, 942660.147900161566213 ], [ 3853835.936973134521395, 942697.572417510440573 ], [ 3853835.936973134521395, 942734.996934859314933 ], [ 3853835.936973134521395, 942772.421452208189294 ], [ 3853835.936973134521395, 942809.845969557063654 ], [ 3853835.936973134521395, 942847.270486905938014 ], [ 3853835.936973134521395, 942884.695004254812375 ], [ 3853835.936973134521395, 942922.119521603686735 ], [ 3853835.936973134521395, 942959.544038952561095 ], [ 3853835.936973134521395, 942996.968556301435456 ], [ 3853809.473843134474009, 943023.431686301482841 ], [ 3853772.049325785599649, 943023.431686301482841 ], [ 3853734.624808436725289, 943023.431686301482841 ], [ 3853697.200291087850928, 943023.431686301482841 ], [ 3853670.737161087803543, 943049.894816301530227 ], [ 3853670.737161087803543, 943087.319333650404587 ], [ 3853670.737161087803543, 943124.743850999278948 ], [ 3853670.737161087803543, 943162.168368348153308 ], [ 3853670.737161087803543, 943199.592885697027668 ], [ 3853670.737161087803543, 943237.017403045902029 ], [ 3853670.737161087803543, 943274.441920394776389 ], [ 3853670.737161087803543, 943311.866437743650749 ], [ 3853670.737161087803543, 943349.29095509252511 ], [ 3853670.737161087803543, 943386.71547244139947 ], [ 3853670.737161087803543, 943424.13998979027383 ], [ 3853670.737161087803543, 943461.564507139148191 ], [ 3853670.737161087803543, 943498.989024488022551 ], [ 3853644.274031087756157, 943525.452154488069937 ], [ 3853606.849513738881797, 943525.452154488069937 ], [ 3853569.424996390007436, 943525.452154488069937 ], [ 3853532.000479041133076, 943525.452154488069937 ], [ 3853505.53734904108569, 943551.915284488117322 ], [ 3853505.53734904108569, 943589.339801836991683 ], [ 3853505.53734904108569, 943626.764319185866043 ], [ 3853505.53734904108569, 943664.188836534740403 ], [ 3853505.53734904108569, 943701.613353883614764 ], [ 3853505.53734904108569, 943739.037871232489124 ], [ 3853505.53734904108569, 943776.462388581363484 ], [ 3853505.53734904108569, 943813.886905930237845 ], [ 3853505.53734904108569, 943851.311423279112205 ], [ 3853468.11283169221133, 943851.311423279112205 ], [ 3853430.68831434333697, 943851.311423279112205 ], [ 3853393.263796994462609, 943851.311423279112205 ], [ 3853355.839279645588249, 943851.311423279112205 ], [ 3853329.376149645540863, 943877.774553279159591 ], [ 3853329.376149645540863, 943915.199070628033951 ], [ 3853329.376149645540863, 943952.623587976908311 ], [ 3853329.376149645540863, 943990.048105325782672 ], [ 3853329.376149645540863, 944027.472622674657032 ], [ 3853329.376149645540863, 944064.897140023531392 ], [ 3853329.376149645540863, 944102.321657372405753 ], [ 3853329.376149645540863, 944139.746174721280113 ], [ 3853329.376149645540863, 944177.170692070154473 ], [ 3853329.376149645540863, 944214.595209419028834 ], [ 3853329.376149645540863, 944252.019726767903194 ], [ 3853329.376149645540863, 944289.444244116777554 ], [ 3853329.376149645540863, 944326.868761465651914 ], [ 3853302.913019645493478, 944353.3318914656993 ], [ 3853265.488502296619117, 944353.3318914656993 ], [ 3853228.063984947744757, 944353.3318914656993 ], [ 3853190.639467598870397, 944353.3318914656993 ], [ 3853153.214950249996036, 944353.3318914656993 ], [ 3853153.214950249996036, 944390.75640881457366 ], [ 3853153.214950249996036, 944428.180926163448021 ], [ 3853153.214950249996036, 944465.605443512322381 ], [ 3853153.214950249996036, 944503.029960861196741 ], [ 3853153.214950249996036, 944540.454478210071102 ], [ 3853153.214950249996036, 944577.878995558945462 ], [ 3853153.214950249996036, 944615.303512907819822 ], [ 3853153.214950249996036, 944652.728030256694183 ], [ 3853153.214950249996036, 944690.152547605568543 ], [ 3853153.214950249996036, 944727.577064954442903 ], [ 3853153.214950249996036, 944765.001582303317264 ], [ 3853153.214950249996036, 944802.426099652191624 ], [ 3853153.214950249996036, 944839.850617001065984 ], [ 3853115.790432901121676, 944839.850617001065984 ], [ 3853078.365915552247316, 944839.850617001065984 ], [ 3853040.941398203372955, 944839.850617001065984 ], [ 3853014.47826820332557, 944866.31374700111337 ], [ 3853014.47826820332557, 944903.73826434998773 ], [ 3853014.47826820332557, 944941.162781698862091 ], [ 3853014.47826820332557, 944978.587299047736451 ], [ 3853014.47826820332557, 945016.011816396610811 ], [ 3853014.47826820332557, 945053.436333745485172 ], [ 3853014.47826820332557, 945090.860851094359532 ], [ 3853014.47826820332557, 945128.285368443233892 ], [ 3853014.47826820332557, 945165.709885792108253 ], [ 3853014.47826820332557, 945203.134403140982613 ], [ 3853014.47826820332557, 945240.558920489856973 ], [ 3853014.47826820332557, 945277.983437838731334 ], [ 3853014.47826820332557, 945315.407955187605694 ], [ 3852988.015138203278184, 945341.87108518765308 ], [ 3852950.590620854403824, 945341.87108518765308 ], [ 3852913.166103505529463, 945341.87108518765308 ], [ 3852875.741586156655103, 945341.87108518765308 ], [ 3852849.278456156607717, 945368.334215187700465 ], [ 3852849.278456156607717, 945405.758732536574826 ], [ 3852849.278456156607717, 945443.183249885449186 ], [ 3852849.278456156607717, 945480.607767234323546 ], [ 3852849.278456156607717, 945518.032284583197907 ], [ 3852849.278456156607717, 945555.456801932072267 ], [ 3852849.278456156607717, 945592.881319280946627 ], [ 3852849.278456156607717, 945630.305836629820988 ], [ 3852849.278456156607717, 945667.730353978695348 ], [ 3852849.278456156607717, 945705.154871327569708 ], [ 3852849.278456156607717, 945742.579388676444069 ], [ 3852849.278456156607717, 945780.003906025318429 ], [ 3852849.278456156607717, 945817.428423374192789 ], [ 3852849.278456156607717, 945854.85294072306715 ], [ 3852849.278456156607717, 945892.27745807194151 ], [ 3852849.278456156607717, 945929.70197542081587 ], [ 3852849.278456156607717, 945967.12649276969023 ], [ 3852849.278456156607717, 946004.551010118564591 ], [ 3852811.853938807733357, 946004.551010118564591 ], [ 3852774.429421458858997, 946004.551010118564591 ], [ 3852737.004904109984636, 946004.551010118564591 ], [ 3852699.580386761110276, 946004.551010118564591 ], [ 3852673.11725676106289, 946031.014140118611977 ], [ 3852673.11725676106289, 946068.438657467486337 ], [ 3852673.11725676106289, 946105.863174816360697 ], [ 3852673.11725676106289, 946143.287692165235057 ], [ 3852673.11725676106289, 946180.712209514109418 ], [ 3852673.11725676106289, 946218.136726862983778 ], [ 3852673.11725676106289, 946255.561244211858138 ], [ 3852673.11725676106289, 946292.985761560732499 ], [ 3852673.11725676106289, 946330.410278909606859 ], [ 3852635.69273941218853, 946330.410278909606859 ], [ 3852598.26822206331417, 946330.410278909606859 ], [ 3852560.843704714439809, 946330.410278909606859 ], [ 3852523.419187365565449, 946330.410278909606859 ], [ 3852496.956057365518063, 946356.873408909654245 ], [ 3852496.956057365518063, 946394.297926258528605 ], [ 3852496.956057365518063, 946431.722443607402965 ], [ 3852496.956057365518063, 946469.146960956277326 ], [ 3852496.956057365518063, 946506.571478305151686 ], [ 3852496.956057365518063, 946543.995995654026046 ], [ 3852496.956057365518063, 946581.420513002900407 ], [ 3852496.956057365518063, 946618.845030351774767 ], [ 3852496.956057365518063, 946656.269547700649127 ], [ 3852459.531540016643703, 946656.269547700649127 ], [ 3852422.107022667769343, 946656.269547700649127 ], [ 3852384.682505318894982, 946656.269547700649127 ], [ 3852347.257987970020622, 946656.269547700649127 ], [ 3852309.833470621146262, 946656.269547700649127 ], [ 3852272.408953272271901, 946656.269547700649127 ], [ 3852234.984435923397541, 946656.269547700649127 ], [ 3852197.559918574523181, 946656.269547700649127 ], [ 3852171.096788574475795, 946682.732677700696513 ], [ 3852171.096788574475795, 946720.157195049570873 ], [ 3852171.096788574475795, 946757.581712398445234 ], [ 3852171.096788574475795, 946795.006229747319594 ], [ 3852171.096788574475795, 946832.430747096193954 ], [ 3852133.672271225601435, 946832.430747096193954 ], [ 3852096.247753876727074, 946832.430747096193954 ], [ 3852058.823236527852714, 946832.430747096193954 ], [ 3852032.360106527805328, 946858.89387709624134 ], [ 3852032.360106527805328, 946896.3183944451157 ], [ 3852032.360106527805328, 946933.742911793990061 ], [ 3852032.360106527805328, 946971.167429142864421 ], [ 3852005.896976527757943, 946997.630559142911807 ], [ 3851968.472459178883582, 946997.630559142911807 ], [ 3851931.047941830009222, 946997.630559142911807 ], [ 3851893.623424481134862, 946997.630559142911807 ], [ 3851856.198907132260501, 946997.630559142911807 ], [ 3851818.774389783386141, 946997.630559142911807 ], [ 3851781.349872434511781, 946997.630559142911807 ], [ 3851743.92535508563742, 946997.630559142911807 ], [ 3851706.50083773676306, 946997.630559142911807 ], [ 3851680.037707736715674, 947024.093689142959192 ], [ 3851680.037707736715674, 947061.518206491833553 ], [ 3851680.037707736715674, 947098.942723840707913 ], [ 3851680.037707736715674, 947136.367241189582273 ], [ 3851680.037707736715674, 947173.791758538456634 ], [ 3851642.613190387841314, 947173.791758538456634 ], [ 3851605.188673038966954, 947173.791758538456634 ], [ 3851567.764155690092593, 947173.791758538456634 ], [ 3851530.339638341218233, 947173.791758538456634 ], [ 3851530.339638341218233, 947211.216275887330994 ], [ 3851530.339638341218233, 947248.640793236205354 ], [ 3851530.339638341218233, 947286.065310585079715 ], [ 3851530.339638341218233, 947323.489827933954075 ], [ 3851492.915120992343873, 947323.489827933954075 ], [ 3851455.490603643469512, 947323.489827933954075 ], [ 3851418.066086294595152, 947323.489827933954075 ], [ 3851380.641568945720792, 947323.489827933954075 ], [ 3851343.217051596846431, 947323.489827933954075 ], [ 3851305.792534247972071, 947323.489827933954075 ], [ 3851268.368016899097711, 947323.489827933954075 ], [ 3851230.943499550223351, 947323.489827933954075 ], [ 3851204.480369550175965, 947349.952957934001461 ], [ 3851204.480369550175965, 947387.377475282875821 ], [ 3851204.480369550175965, 947424.801992631750181 ], [ 3851204.480369550175965, 947462.226509980624542 ], [ 3851204.480369550175965, 947499.651027329498902 ], [ 3851167.055852201301605, 947499.651027329498902 ], [ 3851129.631334852427244, 947499.651027329498902 ], [ 3851092.206817503552884, 947499.651027329498902 ], [ 3851054.782300154678524, 947499.651027329498902 ], [ 3851028.319170154631138, 947526.114157329546288 ], [ 3851028.319170154631138, 947563.538674678420648 ], [ 3851028.319170154631138, 947600.963192027295008 ], [ 3851028.319170154631138, 947638.387709376169369 ], [ 3851001.856040154583752, 947664.850839376216754 ], [ 3850964.431522805709392, 947664.850839376216754 ], [ 3850927.007005456835032, 947664.850839376216754 ], [ 3850889.582488107960671, 947664.850839376216754 ], [ 3850852.157970759086311, 947664.850839376216754 ], [ 3850814.733453410211951, 947664.850839376216754 ], [ 3850777.30893606133759, 947664.850839376216754 ], [ 3850739.88441871246323, 947664.850839376216754 ], [ 3850713.421288712415844, 947691.31396937626414 ], [ 3850713.421288712415844, 947728.7384867251385 ], [ 3850713.421288712415844, 947766.163004074012861 ], [ 3850713.421288712415844, 947803.587521422887221 ], [ 3850686.958158712368459, 947830.050651422934607 ], [ 3850649.533641363494098, 947830.050651422934607 ], [ 3850612.109124014619738, 947830.050651422934607 ], [ 3850574.684606665745378, 947830.050651422934607 ], [ 3850548.221476665697992, 947856.513781422981992 ], [ 3850548.221476665697992, 947893.938298771856353 ], [ 3850548.221476665697992, 947931.362816120730713 ], [ 3850548.221476665697992, 947968.787333469605073 ], [ 3850521.758346665650606, 947995.250463469652459 ], [ 3850484.333829316776246, 947995.250463469652459 ], [ 3850446.909311967901886, 947995.250463469652459 ], [ 3850409.484794619027525, 947995.250463469652459 ], [ 3850372.060277270153165, 947995.250463469652459 ], [ 3850334.635759921278805, 947995.250463469652459 ], [ 3850297.211242572404444, 947995.250463469652459 ], [ 3850259.786725223530084, 947995.250463469652459 ], [ 3850222.362207874655724, 947995.250463469652459 ], [ 3850184.937690525781363, 947995.250463469652459 ], [ 3850147.513173176907003, 947995.250463469652459 ], [ 3850110.088655828032643, 947995.250463469652459 ], [ 3850072.664138479158282, 947995.250463469652459 ], [ 3850046.201008479110897, 948021.713593469699845 ], [ 3850046.201008479110897, 948059.138110818574205 ], [ 3850046.201008479110897, 948096.562628167448565 ], [ 3850046.201008479110897, 948133.987145516322926 ], [ 3850019.737878479063511, 948160.450275516370311 ], [ 3849982.313361130189151, 948160.450275516370311 ], [ 3849944.88884378131479, 948160.450275516370311 ], [ 3849907.46432643244043, 948160.450275516370311 ], [ 3849870.03980908356607, 948160.450275516370311 ], [ 3849832.615291734691709, 948160.450275516370311 ], [ 3849795.190774385817349, 948160.450275516370311 ], [ 3849757.766257036942989, 948160.450275516370311 ], [ 3849731.303127036895603, 948186.913405516417697 ], [ 3849731.303127036895603, 948224.337922865292057 ], [ 3849731.303127036895603, 948261.762440214166418 ], [ 3849731.303127036895603, 948299.186957563040778 ], [ 3849704.839997036848217, 948325.650087563088164 ], [ 3849667.415479687973857, 948325.650087563088164 ], [ 3849629.990962339099497, 948325.650087563088164 ], [ 3849592.566444990225136, 948325.650087563088164 ], [ 3849555.141927641350776, 948325.650087563088164 ], [ 3849555.141927641350776, 948363.074604911962524 ], [ 3849555.141927641350776, 948400.499122260836884 ], [ 3849555.141927641350776, 948437.923639609711245 ], [ 3849555.141927641350776, 948475.348156958585605 ], [ 3849517.717410292476416, 948475.348156958585605 ], [ 3849480.292892943602055, 948475.348156958585605 ], [ 3849442.868375594727695, 948475.348156958585605 ], [ 3849405.443858245853335, 948475.348156958585605 ], [ 3849368.019340896978974, 948475.348156958585605 ], [ 3849330.594823548104614, 948475.348156958585605 ], [ 3849293.170306199230254, 948475.348156958585605 ], [ 3849255.745788850355893, 948475.348156958585605 ], [ 3849229.282658850308508, 948501.811286958632991 ], [ 3849229.282658850308508, 948539.235804307507351 ], [ 3849229.282658850308508, 948576.660321656381711 ], [ 3849229.282658850308508, 948614.084839005256072 ], [ 3849229.282658850308508, 948651.509356354130432 ], [ 3849229.282658850308508, 948688.933873703004792 ], [ 3849229.282658850308508, 948726.358391051879153 ], [ 3849229.282658850308508, 948763.782908400753513 ], [ 3849229.282658850308508, 948801.207425749627873 ], [ 3849229.282658850308508, 948838.631943098502234 ], [ 3849229.282658850308508, 948876.056460447376594 ], [ 3849229.282658850308508, 948913.480977796250954 ], [ 3849229.282658850308508, 948950.905495145125315 ], [ 3849229.282658850308508, 948988.330012493999675 ], [ 3849191.858141501434147, 948988.330012493999675 ], [ 3849154.433624152559787, 948988.330012493999675 ], [ 3849117.009106803685427, 948988.330012493999675 ], [ 3849079.584589454811066, 948988.330012493999675 ], [ 3849042.160072105936706, 948988.330012493999675 ], [ 3849004.735554757062346, 948988.330012493999675 ], [ 3848967.311037408187985, 948988.330012493999675 ], [ 3848929.886520059313625, 948988.330012493999675 ], [ 3848892.462002710439265, 948988.330012493999675 ], [ 3848855.037485361564904, 948988.330012493999675 ], [ 3848817.612968012690544, 948988.330012493999675 ], [ 3848780.188450663816184, 948988.330012493999675 ], [ 3848742.763933314941823, 948988.330012493999675 ], [ 3848705.339415966067463, 948988.330012493999675 ], [ 3848705.339415966067463, 949025.754529842874035 ], [ 3848705.339415966067463, 949063.179047191748396 ], [ 3848705.339415966067463, 949100.603564540622756 ], [ 3848705.339415966067463, 949138.028081889497116 ], [ 3848667.914898617193103, 949138.028081889497116 ], [ 3848630.490381268318743, 949138.028081889497116 ], [ 3848593.065863919444382, 949138.028081889497116 ], [ 3848566.602733919396996, 949164.491211889544502 ], [ 3848566.602733919396996, 949201.915729238418862 ], [ 3848566.602733919396996, 949239.340246587293223 ], [ 3848566.602733919396996, 949276.764763936167583 ], [ 3848566.602733919396996, 949314.189281285041943 ], [ 3848529.178216570522636, 949314.189281285041943 ], [ 3848491.753699221648276, 949314.189281285041943 ], [ 3848454.329181872773916, 949314.189281285041943 ], [ 3848416.904664523899555, 949314.189281285041943 ], [ 3848379.480147175025195, 949314.189281285041943 ], [ 3848342.055629826150835, 949314.189281285041943 ], [ 3848304.631112477276474, 949314.189281285041943 ], [ 3848267.206595128402114, 949314.189281285041943 ], [ 3848240.743465128354728, 949340.652411285089329 ], [ 3848240.743465128354728, 949378.076928633963689 ], [ 3848240.743465128354728, 949415.50144598283805 ], [ 3848240.743465128354728, 949452.92596333171241 ], [ 3848240.743465128354728, 949490.35048068058677 ], [ 3848203.318947779480368, 949490.35048068058677 ], [ 3848165.894430430606008, 949490.35048068058677 ], [ 3848128.469913081731647, 949490.35048068058677 ], [ 3848102.006783081684262, 949463.887350680539384 ], [ 3848102.006783081684262, 949426.462833331665024 ], [ 3848102.006783081684262, 949389.038315982790664 ], [ 3848102.006783081684262, 949351.613798633916304 ], [ 3848075.543653081636876, 949325.150668633868918 ], [ 3848038.119135732762516, 949325.150668633868918 ], [ 3848000.694618383888155, 949325.150668633868918 ], [ 3847963.270101035013795, 949325.150668633868918 ], [ 3847925.845583686139435, 949325.150668633868918 ], [ 3847925.845583686139435, 949287.726151284994557 ], [ 3847925.845583686139435, 949250.301633936120197 ], [ 3847925.845583686139435, 949212.877116587245837 ], [ 3847925.845583686139435, 949175.452599238371477 ], [ 3847899.382453686092049, 949148.989469238324091 ], [ 3847861.957936337217689, 949148.989469238324091 ], [ 3847824.533418988343328, 949148.989469238324091 ], [ 3847787.108901639468968, 949148.989469238324091 ], [ 3847749.684384290594608, 949148.989469238324091 ], [ 3847712.259866941720247, 949148.989469238324091 ], [ 3847674.835349592845887, 949148.989469238324091 ], [ 3847637.410832243971527, 949148.989469238324091 ], [ 3847599.986314895097166, 949148.989469238324091 ], [ 3847599.986314895097166, 949111.564951889449731 ], [ 3847599.986314895097166, 949074.14043454057537 ], [ 3847599.986314895097166, 949036.71591719170101 ], [ 3847599.986314895097166, 948999.29139984282665 ], [ 3847573.523184895049781, 948972.828269842779264 ], [ 3847536.09866754617542, 948972.828269842779264 ], [ 3847498.67415019730106, 948972.828269842779264 ], [ 3847461.2496328484267, 948972.828269842779264 ], [ 3847423.825115499552339, 948972.828269842779264 ], [ 3847386.400598150677979, 948972.828269842779264 ], [ 3847348.976080801803619, 948972.828269842779264 ], [ 3847311.551563452929258, 948972.828269842779264 ], [ 3847274.127046104054898, 948972.828269842779264 ], [ 3847274.127046104054898, 948935.403752493904904 ], [ 3847274.127046104054898, 948897.979235145030543 ], [ 3847274.127046104054898, 948860.554717796156183 ], [ 3847274.127046104054898, 948823.130200447281823 ], [ 3847236.702528755180538, 948823.130200447281823 ], [ 3847199.278011406306177, 948823.130200447281823 ], [ 3847161.853494057431817, 948823.130200447281823 ], [ 3847124.428976708557457, 948823.130200447281823 ], [ 3847087.004459359683096, 948823.130200447281823 ], [ 3847049.579942010808736, 948823.130200447281823 ], [ 3847012.155424661934376, 948823.130200447281823 ], [ 3846974.730907313060015, 948823.130200447281823 ], [ 3846937.306389964185655, 948823.130200447281823 ], [ 3846937.306389964185655, 948785.705683098407462 ], [ 3846937.306389964185655, 948748.281165749533102 ], [ 3846937.306389964185655, 948710.856648400658742 ], [ 3846937.306389964185655, 948673.432131051784381 ], [ 3846937.306389964185655, 948636.007613702910021 ], [ 3846937.306389964185655, 948598.583096354035661 ], [ 3846937.306389964185655, 948561.1585790051613 ], [ 3846937.306389964185655, 948523.73406165628694 ], [ 3846910.843259964138269, 948497.270931656239554 ], [ 3846873.418742615263909, 948497.270931656239554 ], [ 3846835.994225266389549, 948497.270931656239554 ], [ 3846798.569707917515188, 948497.270931656239554 ], [ 3846761.145190568640828, 948497.270931656239554 ], [ 3846723.720673219766468, 948497.270931656239554 ], [ 3846686.296155870892107, 948497.270931656239554 ], [ 3846648.871638522017747, 948497.270931656239554 ], [ 3846622.408508521970361, 948470.807801656192169 ], [ 3846622.408508521970361, 948433.383284307317808 ], [ 3846622.408508521970361, 948395.958766958443448 ], [ 3846622.408508521970361, 948358.534249609569088 ], [ 3846595.945378521922976, 948332.071119609521702 ], [ 3846558.520861173048615, 948332.071119609521702 ], [ 3846521.096343824174255, 948332.071119609521702 ], [ 3846483.671826475299895, 948332.071119609521702 ], [ 3846446.247309126425534, 948332.071119609521702 ], [ 3846408.822791777551174, 948332.071119609521702 ], [ 3846371.398274428676814, 948332.071119609521702 ], [ 3846333.973757079802454, 948332.071119609521702 ], [ 3846296.549239730928093, 948332.071119609521702 ], [ 3846270.086109730880708, 948305.607989609474316 ], [ 3846270.086109730880708, 948268.183472260599956 ], [ 3846270.086109730880708, 948230.758954911725596 ], [ 3846270.086109730880708, 948193.334437562851235 ], [ 3846270.086109730880708, 948155.909920213976875 ], [ 3846232.661592382006347, 948155.909920213976875 ], [ 3846195.237075033131987, 948155.909920213976875 ], [ 3846157.812557684257627, 948155.909920213976875 ], [ 3846120.388040335383266, 948155.909920213976875 ], [ 3846082.963522986508906, 948155.909920213976875 ], [ 3846045.539005637634546, 948155.909920213976875 ], [ 3846008.114488288760185, 948155.909920213976875 ], [ 3845970.689970939885825, 948155.909920213976875 ], [ 3845970.689970939885825, 948118.485402865102515 ], [ 3845970.689970939885825, 948081.060885516228154 ], [ 3845970.689970939885825, 948043.636368167353794 ], [ 3845970.689970939885825, 948006.211850818479434 ], [ 3845944.226840939838439, 947979.748720818432048 ], [ 3845906.802323590964079, 947979.748720818432048 ], [ 3845869.377806242089719, 947979.748720818432048 ], [ 3845831.953288893215358, 947979.748720818432048 ], [ 3845794.528771544340998, 947979.748720818432048 ], [ 3845794.528771544340998, 947942.324203469557688 ], [ 3845794.528771544340998, 947904.899686120683327 ], [ 3845794.528771544340998, 947867.475168771808967 ], [ 3845794.528771544340998, 947830.050651422934607 ], [ 3845757.104254195466638, 947830.050651422934607 ], [ 3845719.679736846592277, 947830.050651422934607 ], [ 3845682.255219497717917, 947830.050651422934607 ], [ 3845644.830702148843557, 947830.050651422934607 ], [ 3845607.406184799969196, 947830.050651422934607 ], [ 3845569.981667451094836, 947830.050651422934607 ], [ 3845532.557150102220476, 947830.050651422934607 ], [ 3845495.132632753346115, 947830.050651422934607 ], [ 3845468.66950275329873, 947803.587521422887221 ], [ 3845468.66950275329873, 947766.163004074012861 ], [ 3845468.66950275329873, 947728.7384867251385 ], [ 3845468.66950275329873, 947691.31396937626414 ], [ 3845442.206372753251344, 947664.850839376216754 ], [ 3845404.781855404376984, 947664.850839376216754 ], [ 3845367.357338055502623, 947664.850839376216754 ], [ 3845329.932820706628263, 947664.850839376216754 ], [ 3845292.508303357753903, 947664.850839376216754 ], [ 3845255.083786008879542, 947664.850839376216754 ], [ 3845217.659268660005182, 947664.850839376216754 ], [ 3845180.234751311130822, 947664.850839376216754 ], [ 3845153.771621311083436, 947638.387709376169369 ], [ 3845153.771621311083436, 947600.963192027295008 ], [ 3845153.771621311083436, 947563.538674678420648 ], [ 3845153.771621311083436, 947526.114157329546288 ], [ 3845127.30849131103605, 947499.651027329498902 ], [ 3845089.88397396216169, 947499.651027329498902 ], [ 3845052.45945661328733, 947499.651027329498902 ], [ 3845015.034939264412969, 947499.651027329498902 ], [ 3844977.610421915538609, 947499.651027329498902 ], [ 3844940.185904566664249, 947499.651027329498902 ], [ 3844902.761387217789888, 947499.651027329498902 ], [ 3844865.336869868915528, 947499.651027329498902 ], [ 3844827.912352520041168, 947499.651027329498902 ], [ 3844790.487835171166807, 947499.651027329498902 ], [ 3844790.487835171166807, 947462.226509980624542 ], [ 3844790.487835171166807, 947424.801992631750181 ], [ 3844790.487835171166807, 947387.377475282875821 ], [ 3844790.487835171166807, 947349.952957934001461 ], [ 3844790.487835171166807, 947312.5284405851271 ], [ 3844790.487835171166807, 947275.10392323625274 ], [ 3844790.487835171166807, 947237.67940588737838 ], [ 3844790.487835171166807, 947200.254888538504019 ], [ 3844764.024705171119422, 947173.791758538456634 ], [ 3844726.600187822245061, 947173.791758538456634 ], [ 3844689.175670473370701, 947173.791758538456634 ], [ 3844651.751153124496341, 947173.791758538456634 ], [ 3844614.32663577562198, 947173.791758538456634 ], [ 3844576.90211842674762, 947173.791758538456634 ], [ 3844539.47760107787326, 947173.791758538456634 ], [ 3844502.053083728998899, 947173.791758538456634 ], [ 3844464.628566380124539, 947173.791758538456634 ], [ 3844427.204049031250179, 947173.791758538456634 ], [ 3844389.779531682375818, 947173.791758538456634 ], [ 3844352.355014333501458, 947173.791758538456634 ], [ 3844314.930496984627098, 947173.791758538456634 ], [ 3844314.930496984627098, 947136.367241189582273 ], [ 3844314.930496984627098, 947098.942723840707913 ], [ 3844314.930496984627098, 947061.518206491833553 ], [ 3844314.930496984627098, 947024.093689142959192 ], [ 3844314.930496984627098, 946986.669171794084832 ], [ 3844277.505979635752738, 946986.669171794084832 ], [ 3844240.081462286878377, 946986.669171794084832 ], [ 3844202.656944938004017, 946986.669171794084832 ], [ 3844165.232427589129657, 946986.669171794084832 ], [ 3844127.807910240255296, 946986.669171794084832 ], [ 3844090.383392891380936, 946986.669171794084832 ], [ 3844052.958875542506576, 946986.669171794084832 ], [ 3844015.534358193632215, 946986.669171794084832 ], [ 3843978.109840844757855, 946986.669171794084832 ], [ 3843940.685323495883495, 946986.669171794084832 ], [ 3843903.260806147009134, 946986.669171794084832 ], [ 3843865.836288798134774, 946986.669171794084832 ], [ 3843828.411771449260414, 946986.669171794084832 ], [ 3843828.411771449260414, 946949.244654445210472 ], [ 3843828.411771449260414, 946911.820137096336111 ], [ 3843828.411771449260414, 946874.395619747461751 ], [ 3843828.411771449260414, 946836.971102398587391 ], [ 3843828.411771449260414, 946799.54658504971303 ], [ 3843828.411771449260414, 946762.12206770083867 ], [ 3843828.411771449260414, 946724.69755035196431 ], [ 3843828.411771449260414, 946687.273033003089949 ], [ 3843801.948641449213028, 946660.809903003042564 ], [ 3843764.524124100338668, 946660.809903003042564 ], [ 3843727.099606751464307, 946660.809903003042564 ], [ 3843689.675089402589947, 946660.809903003042564 ], [ 3843652.250572053715587, 946660.809903003042564 ], [ 3843614.826054704841226, 946660.809903003042564 ], [ 3843577.401537355966866, 946660.809903003042564 ], [ 3843539.977020007092506, 946660.809903003042564 ], [ 3843502.552502658218145, 946660.809903003042564 ], [ 3843465.127985309343785, 946660.809903003042564 ], [ 3843427.703467960469425, 946660.809903003042564 ], [ 3843390.278950611595064, 946660.809903003042564 ], [ 3843352.854433262720704, 946660.809903003042564 ], [ 3843315.429915913846344, 946660.809903003042564 ], [ 3843315.429915913846344, 946623.385385654168203 ], [ 3843315.429915913846344, 946585.960868305293843 ], [ 3843315.429915913846344, 946548.536350956419483 ], [ 3843315.429915913846344, 946511.111833607545123 ], [ 3843278.005398564971983, 946511.111833607545123 ], [ 3843240.580881216097623, 946511.111833607545123 ], [ 3843203.156363867223263, 946511.111833607545123 ], [ 3843165.731846518348902, 946511.111833607545123 ], [ 3843128.307329169474542, 946511.111833607545123 ], [ 3843090.882811820600182, 946511.111833607545123 ], [ 3843053.458294471725821, 946511.111833607545123 ], [ 3843016.033777122851461, 946511.111833607545123 ], [ 3842989.570647122804075, 946484.648703607497737 ], [ 3842989.570647122804075, 946447.224186258623376 ], [ 3842989.570647122804075, 946409.799668909749016 ], [ 3842989.570647122804075, 946372.375151560874656 ], [ 3842989.570647122804075, 946334.950634212000296 ], [ 3842952.146129773929715, 946334.950634212000296 ], [ 3842914.721612425055355, 946334.950634212000296 ], [ 3842877.297095076180995, 946334.950634212000296 ], [ 3842839.872577727306634, 946334.950634212000296 ], [ 3842802.448060378432274, 946334.950634212000296 ], [ 3842765.023543029557914, 946334.950634212000296 ], [ 3842727.599025680683553, 946334.950634212000296 ], [ 3842690.174508331809193, 946334.950634212000296 ], [ 3842690.174508331809193, 946297.526116863125935 ], [ 3842690.174508331809193, 946260.101599514251575 ], [ 3842690.174508331809193, 946222.677082165377215 ], [ 3842690.174508331809193, 946185.252564816502854 ], [ 3842690.174508331809193, 946147.828047467628494 ], [ 3842690.174508331809193, 946110.403530118754134 ], [ 3842690.174508331809193, 946072.979012769879773 ], [ 3842690.174508331809193, 946035.554495421005413 ], [ 3842663.711378331761807, 946009.091365420958027 ], [ 3842626.286860982887447, 946009.091365420958027 ], [ 3842588.862343634013087, 946009.091365420958027 ], [ 3842551.437826285138726, 946009.091365420958027 ], [ 3842514.013308936264366, 946009.091365420958027 ], [ 3842476.588791587390006, 946009.091365420958027 ], [ 3842439.164274238515645, 946009.091365420958027 ], [ 3842401.739756889641285, 946009.091365420958027 ], [ 3842364.315239540766925, 946009.091365420958027 ], [ 3842326.890722191892564, 946009.091365420958027 ], [ 3842289.466204843018204, 946009.091365420958027 ], [ 3842252.041687494143844, 946009.091365420958027 ], [ 3842214.617170145269483, 946009.091365420958027 ], [ 3842177.192652796395123, 946009.091365420958027 ], [ 3842177.192652796395123, 945971.666848072083667 ], [ 3842177.192652796395123, 945934.242330723209307 ], [ 3842177.192652796395123, 945896.817813374334946 ], [ 3842177.192652796395123, 945859.393296025460586 ], [ 3842177.192652796395123, 945821.968778676586226 ], [ 3842177.192652796395123, 945784.544261327711865 ], [ 3842177.192652796395123, 945747.119743978837505 ], [ 3842177.192652796395123, 945709.695226629963145 ], [ 3842150.729522796347737, 945683.232096629915759 ], [ 3842113.305005447473377, 945683.232096629915759 ], [ 3842075.880488098599017, 945683.232096629915759 ], [ 3842038.455970749724656, 945683.232096629915759 ], [ 3842001.031453400850296, 945683.232096629915759 ], [ 3841963.606936051975936, 945683.232096629915759 ], [ 3841926.182418703101575, 945683.232096629915759 ], [ 3841888.757901354227215, 945683.232096629915759 ], [ 3841851.333384005352855, 945683.232096629915759 ], [ 3841813.908866656478494, 945683.232096629915759 ], [ 3841776.484349307604134, 945683.232096629915759 ], [ 3841739.059831958729774, 945683.232096629915759 ], [ 3841701.635314609855413, 945683.232096629915759 ], [ 3841675.172184609808028, 945656.768966629868373 ], [ 3841675.172184609808028, 945619.344449280994013 ], [ 3841675.172184609808028, 945581.919931932119653 ], [ 3841675.172184609808028, 945544.495414583245292 ], [ 3841648.709054609760642, 945518.032284583197907 ], [ 3841611.284537260886282, 945518.032284583197907 ], [ 3841573.860019912011921, 945518.032284583197907 ], [ 3841536.435502563137561, 945518.032284583197907 ], [ 3841499.010985214263201, 945518.032284583197907 ], [ 3841461.58646786538884, 945518.032284583197907 ], [ 3841424.16195051651448, 945518.032284583197907 ], [ 3841386.73743316764012, 945518.032284583197907 ], [ 3841349.312915818765759, 945518.032284583197907 ], [ 3841349.312915818765759, 945480.607767234323546 ], [ 3841349.312915818765759, 945443.183249885449186 ], [ 3841349.312915818765759, 945405.758732536574826 ], [ 3841349.312915818765759, 945368.334215187700465 ], [ 3841349.312915818765759, 945330.909697838826105 ], [ 3841349.312915818765759, 945293.485180489951745 ], [ 3841349.312915818765759, 945256.060663141077384 ], [ 3841349.312915818765759, 945218.636145792203024 ], [ 3841349.312915818765759, 945181.211628443328664 ], [ 3841311.888398469891399, 945181.211628443328664 ], [ 3841274.463881121017039, 945181.211628443328664 ], [ 3841237.039363772142678, 945181.211628443328664 ], [ 3841199.614846423268318, 945181.211628443328664 ], [ 3841162.190329074393958, 945181.211628443328664 ], [ 3841124.765811725519598, 945181.211628443328664 ], [ 3841087.341294376645237, 945181.211628443328664 ], [ 3841049.916777027770877, 945181.211628443328664 ], [ 3841012.492259678896517, 945181.211628443328664 ], [ 3841012.492259678896517, 945143.787111094454303 ], [ 3841012.492259678896517, 945106.362593745579943 ], [ 3841012.492259678896517, 945068.938076396705583 ], [ 3841012.492259678896517, 945031.513559047831222 ], [ 3840986.029129678849131, 945005.050429047783837 ], [ 3840948.604612329974771, 945005.050429047783837 ], [ 3840911.18009498110041, 945005.050429047783837 ], [ 3840873.75557763222605, 945005.050429047783837 ], [ 3840836.33106028335169, 945005.050429047783837 ], [ 3840798.906542934477329, 945005.050429047783837 ], [ 3840761.482025585602969, 945005.050429047783837 ], [ 3840724.057508236728609, 945005.050429047783837 ], [ 3840686.632990887854248, 945005.050429047783837 ], [ 3840686.632990887854248, 944967.625911698909476 ], [ 3840686.632990887854248, 944930.201394350035116 ], [ 3840686.632990887854248, 944892.776877001160756 ], [ 3840686.632990887854248, 944855.352359652286395 ], [ 3840649.208473538979888, 944855.352359652286395 ], [ 3840611.783956190105528, 944855.352359652286395 ], [ 3840574.359438841231167, 944855.352359652286395 ], [ 3840547.896308841183782, 944828.88922965223901 ], [ 3840547.896308841183782, 944791.464712303364649 ], [ 3840547.896308841183782, 944754.040194954490289 ], [ 3840547.896308841183782, 944716.615677605615929 ], [ 3840521.433178841136396, 944690.152547605568543 ], [ 3840484.008661492262036, 944690.152547605568543 ], [ 3840446.584144143387675, 944690.152547605568543 ], [ 3840409.159626794513315, 944690.152547605568543 ], [ 3840371.735109445638955, 944690.152547605568543 ], [ 3840371.735109445638955, 944652.728030256694183 ], [ 3840371.735109445638955, 944615.303512907819822 ], [ 3840371.735109445638955, 944577.878995558945462 ], [ 3840371.735109445638955, 944540.454478210071102 ], [ 3840345.271979445591569, 944513.991348210023716 ], [ 3840307.847462096717209, 944513.991348210023716 ], [ 3840270.422944747842848, 944513.991348210023716 ], [ 3840232.998427398968488, 944513.991348210023716 ], [ 3840195.573910050094128, 944513.991348210023716 ], [ 3840158.149392701219767, 944513.991348210023716 ], [ 3840120.724875352345407, 944513.991348210023716 ], [ 3840083.300358003471047, 944513.991348210023716 ], [ 3840045.875840654596686, 944513.991348210023716 ], [ 3840045.875840654596686, 944476.566830861149356 ], [ 3840045.875840654596686, 944439.142313512274995 ], [ 3840045.875840654596686, 944401.717796163400635 ], [ 3840045.875840654596686, 944364.293278814526275 ], [ 3840019.412710654549301, 944337.830148814478889 ], [ 3839981.98819330567494, 944337.830148814478889 ], [ 3839944.56367595680058, 944337.830148814478889 ], [ 3839907.13915860792622, 944337.830148814478889 ], [ 3839869.714641259051859, 944337.830148814478889 ], [ 3839869.714641259051859, 944300.405631465604529 ], [ 3839869.714641259051859, 944262.981114116730168 ], [ 3839869.714641259051859, 944225.556596767855808 ], [ 3839869.714641259051859, 944188.132079418981448 ], [ 3839832.290123910177499, 944188.132079418981448 ], [ 3839794.865606561303139, 944188.132079418981448 ], [ 3839757.441089212428778, 944188.132079418981448 ], [ 3839720.016571863554418, 944188.132079418981448 ], [ 3839682.592054514680058, 944188.132079418981448 ], [ 3839645.167537165805697, 944188.132079418981448 ], [ 3839607.743019816931337, 944188.132079418981448 ], [ 3839570.318502468056977, 944188.132079418981448 ], [ 3839543.855372468009591, 944161.668949418934062 ], [ 3839543.855372468009591, 944124.244432070059702 ], [ 3839543.855372468009591, 944086.819914721185341 ], [ 3839543.855372468009591, 944049.395397372310981 ], [ 3839517.392242467962205, 944022.932267372263595 ], [ 3839479.967725119087845, 944022.932267372263595 ], [ 3839442.543207770213485, 944022.932267372263595 ], [ 3839405.118690421339124, 944022.932267372263595 ], [ 3839378.655560421291739, 943996.46913737221621 ], [ 3839378.655560421291739, 943959.044620023341849 ], [ 3839378.655560421291739, 943921.620102674467489 ], [ 3839378.655560421291739, 943884.195585325593129 ], [ 3839352.192430421244353, 943857.732455325545743 ], [ 3839314.767913072369993, 943857.732455325545743 ], [ 3839277.343395723495632, 943857.732455325545743 ], [ 3839239.918878374621272, 943857.732455325545743 ], [ 3839213.455748374573886, 943831.269325325498357 ], [ 3839213.455748374573886, 943793.844807976623997 ], [ 3839213.455748374573886, 943756.420290627749637 ], [ 3839213.455748374573886, 943718.995773278875276 ], [ 3839186.992618374526501, 943692.532643278827891 ], [ 3839149.56810102565214, 943692.532643278827891 ], [ 3839112.14358367677778, 943692.532643278827891 ], [ 3839074.71906632790342, 943692.532643278827891 ], [ 3839037.294548979029059, 943692.532643278827891 ], [ 3838999.870031630154699, 943692.532643278827891 ], [ 3838962.445514281280339, 943692.532643278827891 ], [ 3838925.020996932405978, 943692.532643278827891 ], [ 3838898.557866932358593, 943666.069513278780505 ], [ 3838898.557866932358593, 943628.644995929906145 ], [ 3838898.557866932358593, 943591.220478581031784 ], [ 3838898.557866932358593, 943553.795961232157424 ], [ 3838872.094736932311207, 943527.332831232110038 ], [ 3838834.670219583436847, 943527.332831232110038 ], [ 3838797.245702234562486, 943527.332831232110038 ], [ 3838759.821184885688126, 943527.332831232110038 ], [ 3838722.396667536813766, 943527.332831232110038 ], [ 3838722.396667536813766, 943489.908313883235678 ], [ 3838722.396667536813766, 943452.483796534361318 ], [ 3838722.396667536813766, 943415.059279185486957 ], [ 3838722.396667536813766, 943377.634761836612597 ], [ 3838695.93353753676638, 943351.171631836565211 ], [ 3838658.50902018789202, 943351.171631836565211 ], [ 3838621.084502839017659, 943351.171631836565211 ], [ 3838583.659985490143299, 943351.171631836565211 ], [ 3838546.235468141268939, 943351.171631836565211 ], [ 3838508.810950792394578, 943351.171631836565211 ], [ 3838471.386433443520218, 943351.171631836565211 ], [ 3838433.961916094645858, 943351.171631836565211 ], [ 3838396.537398745771497, 943351.171631836565211 ], [ 3838396.537398745771497, 943313.747114487690851 ], [ 3838396.537398745771497, 943276.322597138816491 ], [ 3838396.537398745771497, 943238.89807978994213 ], [ 3838396.537398745771497, 943201.47356244106777 ], [ 3838396.537398745771497, 943164.04904509219341 ], [ 3838396.537398745771497, 943126.624527743319049 ], [ 3838396.537398745771497, 943089.200010394444689 ], [ 3838396.537398745771497, 943051.775493045570329 ], [ 3838370.074268745724112, 943025.312363045522943 ], [ 3838332.649751396849751, 943025.312363045522943 ], [ 3838295.225234047975391, 943025.312363045522943 ], [ 3838257.800716699101031, 943025.312363045522943 ], [ 3838220.376199350226671, 943025.312363045522943 ], [ 3838182.95168200135231, 943025.312363045522943 ], [ 3838145.52716465247795, 943025.312363045522943 ], [ 3838108.10264730360359, 943025.312363045522943 ], [ 3838070.678129954729229, 943025.312363045522943 ], [ 3838033.253612605854869, 943025.312363045522943 ], [ 3837995.829095256980509, 943025.312363045522943 ], [ 3837958.404577908106148, 943025.312363045522943 ], [ 3837920.980060559231788, 943025.312363045522943 ], [ 3837883.555543210357428, 943025.312363045522943 ], [ 3837883.555543210357428, 942987.887845696648583 ], [ 3837883.555543210357428, 942950.463328347774222 ], [ 3837883.555543210357428, 942913.038810998899862 ], [ 3837883.555543210357428, 942875.614293650025502 ], [ 3837846.131025861483067, 942875.614293650025502 ], [ 3837808.706508512608707, 942875.614293650025502 ], [ 3837771.281991163734347, 942875.614293650025502 ], [ 3837733.857473814859986, 942875.614293650025502 ], [ 3837733.857473814859986, 942838.189776301151142 ], [ 3837733.857473814859986, 942800.765258952276781 ], [ 3837733.857473814859986, 942763.340741603402421 ], [ 3837733.857473814859986, 942725.916224254528061 ], [ 3837707.394343814812601, 942699.453094254480675 ], [ 3837669.96982646593824, 942699.453094254480675 ], [ 3837632.54530911706388, 942699.453094254480675 ], [ 3837595.12079176818952, 942699.453094254480675 ], [ 3837568.657661768142134, 942672.989964254433289 ], [ 3837568.657661768142134, 942635.565446905558929 ], [ 3837568.657661768142134, 942598.140929556684569 ], [ 3837568.657661768142134, 942560.716412207810208 ], [ 3837542.194531768094748, 942534.253282207762823 ], [ 3837504.770014419220388, 942534.253282207762823 ], [ 3837467.345497070346028, 942534.253282207762823 ], [ 3837429.920979721471667, 942534.253282207762823 ], [ 3837392.496462372597307, 942534.253282207762823 ], [ 3837355.071945023722947, 942534.253282207762823 ], [ 3837317.647427674848586, 942534.253282207762823 ], [ 3837280.222910325974226, 942534.253282207762823 ], [ 3837242.798392977099866, 942534.253282207762823 ], [ 3837205.373875628225505, 942534.253282207762823 ], [ 3837167.949358279351145, 942534.253282207762823 ], [ 3837130.524840930476785, 942534.253282207762823 ], [ 3837093.100323581602424, 942534.253282207762823 ], [ 3837066.637193581555039, 942507.790152207715437 ], [ 3837066.637193581555039, 942470.365634858841076 ], [ 3837066.637193581555039, 942432.941117509966716 ], [ 3837066.637193581555039, 942395.516600161092356 ], [ 3837040.174063581507653, 942369.05347016104497 ], [ 3837002.749546232633293, 942369.05347016104497 ], [ 3836965.325028883758932, 942369.05347016104497 ], [ 3836927.900511534884572, 942369.05347016104497 ], [ 3836890.475994186010212, 942369.05347016104497 ], [ 3836853.051476837135851, 942369.05347016104497 ], [ 3836815.626959488261491, 942369.05347016104497 ], [ 3836778.202442139387131, 942369.05347016104497 ], [ 3836740.77792479051277, 942369.05347016104497 ], [ 3836703.35340744163841, 942369.05347016104497 ], [ 3836665.92889009276405, 942369.05347016104497 ], [ 3836628.504372743889689, 942369.05347016104497 ], [ 3836602.041242743842304, 942342.590340160997584 ], [ 3836602.041242743842304, 942305.165822812123224 ], [ 3836602.041242743842304, 942267.741305463248864 ], [ 3836602.041242743842304, 942230.316788114374503 ], [ 3836575.578112743794918, 942203.853658114327118 ], [ 3836538.153595394920558, 942203.853658114327118 ], [ 3836500.729078046046197, 942203.853658114327118 ], [ 3836463.304560697171837, 942203.853658114327118 ], [ 3836425.880043348297477, 942203.853658114327118 ], [ 3836388.455525999423116, 942203.853658114327118 ], [ 3836351.031008650548756, 942203.853658114327118 ], [ 3836313.606491301674396, 942203.853658114327118 ], [ 3836276.181973952800035, 942203.853658114327118 ], [ 3836249.71884395275265, 942177.390528114279732 ], [ 3836249.71884395275265, 942139.966010765405372 ], [ 3836249.71884395275265, 942102.541493416531011 ], [ 3836249.71884395275265, 942065.116976067656651 ], [ 3836223.255713952705264, 942038.653846067609265 ], [ 3836185.831196603830904, 942038.653846067609265 ], [ 3836148.406679254956543, 942038.653846067609265 ], [ 3836110.982161906082183, 942038.653846067609265 ], [ 3836073.557644557207823, 942038.653846067609265 ], [ 3836036.133127208333462, 942038.653846067609265 ], [ 3835998.708609859459102, 942038.653846067609265 ], [ 3835961.284092510584742, 942038.653846067609265 ], [ 3835934.820962510537356, 942012.19071606756188 ], [ 3835934.820962510537356, 941974.766198718687519 ], [ 3835934.820962510537356, 941937.341681369813159 ], [ 3835934.820962510537356, 941899.917164020938799 ], [ 3835908.35783251048997, 941873.454034020891413 ], [ 3835870.93331516161561, 941873.454034020891413 ], [ 3835833.50879781274125, 941873.454034020891413 ], [ 3835796.084280463866889, 941873.454034020891413 ], [ 3835758.659763114992529, 941873.454034020891413 ], [ 3835721.235245766118169, 941873.454034020891413 ], [ 3835683.810728417243809, 941873.454034020891413 ], [ 3835646.386211068369448, 941873.454034020891413 ], [ 3835608.961693719495088, 941873.454034020891413 ], [ 3835582.498563719447702, 941846.990904020844027 ], [ 3835582.498563719447702, 941809.566386671969667 ], [ 3835582.498563719447702, 941772.141869323095307 ], [ 3835582.498563719447702, 941734.717351974220946 ], [ 3835556.035433719400316, 941708.254221974173561 ], [ 3835518.610916370525956, 941708.254221974173561 ], [ 3835481.186399021651596, 941708.254221974173561 ], [ 3835443.761881672777236, 941708.254221974173561 ], [ 3835406.337364323902875, 941708.254221974173561 ], [ 3835368.912846975028515, 941708.254221974173561 ], [ 3835331.488329626154155, 941708.254221974173561 ], [ 3835294.063812277279794, 941708.254221974173561 ], [ 3835267.600682277232409, 941681.791091974126175 ], [ 3835267.600682277232409, 941644.366574625251815 ], [ 3835267.600682277232409, 941606.942057276377454 ], [ 3835267.600682277232409, 941569.517539927503094 ], [ 3835241.137552277185023, 941543.054409927455708 ], [ 3835203.713034928310663, 941543.054409927455708 ], [ 3835166.288517579436302, 941543.054409927455708 ], [ 3835128.864000230561942, 941543.054409927455708 ], [ 3835091.439482881687582, 941543.054409927455708 ], [ 3835054.014965532813221, 941543.054409927455708 ], [ 3835016.590448183938861, 941543.054409927455708 ], [ 3834979.165930835064501, 941543.054409927455708 ], [ 3834941.74141348619014, 941543.054409927455708 ], [ 3834941.74141348619014, 941505.629892578581348 ], [ 3834941.74141348619014, 941468.205375229706988 ], [ 3834941.74141348619014, 941430.780857880832627 ], [ 3834941.74141348619014, 941393.356340531958267 ], [ 3834915.278283486142755, 941366.893210531910881 ], [ 3834877.853766137268394, 941366.893210531910881 ], [ 3834840.429248788394034, 941366.893210531910881 ], [ 3834803.004731439519674, 941366.893210531910881 ], [ 3834765.580214090645313, 941366.893210531910881 ], [ 3834765.580214090645313, 941329.468693183036521 ], [ 3834765.580214090645313, 941292.044175834162161 ], [ 3834765.580214090645313, 941254.6196584852878 ], [ 3834765.580214090645313, 941217.19514113641344 ], [ 3834728.155696741770953, 941217.19514113641344 ], [ 3834690.731179392896593, 941217.19514113641344 ], [ 3834653.306662044022232, 941217.19514113641344 ], [ 3834615.882144695147872, 941217.19514113641344 ], [ 3834578.457627346273512, 941217.19514113641344 ], [ 3834541.033109997399151, 941217.19514113641344 ], [ 3834503.608592648524791, 941217.19514113641344 ], [ 3834466.184075299650431, 941217.19514113641344 ], [ 3834428.75955795077607, 941217.19514113641344 ], [ 3834391.33504060190171, 941217.19514113641344 ], [ 3834353.91052325302735, 941217.19514113641344 ], [ 3834316.486005904152989, 941217.19514113641344 ], [ 3834290.022875904105604, 941190.732011136366054 ], [ 3834290.022875904105604, 941153.307493787491694 ], [ 3834290.022875904105604, 941115.882976438617334 ], [ 3834290.022875904105604, 941078.458459089742973 ], [ 3834263.559745904058218, 941051.995329089695588 ], [ 3834226.135228555183858, 941051.995329089695588 ], [ 3834188.710711206309497, 941051.995329089695588 ], [ 3834151.286193857435137, 941051.995329089695588 ], [ 3834113.861676508560777, 941051.995329089695588 ], [ 3834113.861676508560777, 941014.570811740821227 ], [ 3834113.861676508560777, 940977.146294391946867 ], [ 3834113.861676508560777, 940939.721777043072507 ], [ 3834113.861676508560777, 940902.297259694198146 ], [ 3834087.398546508513391, 940875.834129694150761 ], [ 3834049.974029159639031, 940875.834129694150761 ], [ 3834012.54951181076467, 940875.834129694150761 ], [ 3833975.12499446189031, 940875.834129694150761 ], [ 3833937.70047711301595, 940875.834129694150761 ], [ 3833900.275959764141589, 940875.834129694150761 ], [ 3833862.851442415267229, 940875.834129694150761 ], [ 3833825.426925066392869, 940875.834129694150761 ], [ 3833788.002407717518508, 940875.834129694150761 ], [ 3833750.577890368644148, 940875.834129694150761 ], [ 3833713.153373019769788, 940875.834129694150761 ], [ 3833675.728855670895427, 940875.834129694150761 ], [ 3833638.304338322021067, 940875.834129694150761 ], [ 3833638.304338322021067, 940838.4096123452764 ], [ 3833638.304338322021067, 940800.98509499640204 ], [ 3833638.304338322021067, 940763.56057764752768 ], [ 3833638.304338322021067, 940726.136060298653319 ], [ 3833611.841208321973681, 940699.672930298605934 ], [ 3833574.416690973099321, 940699.672930298605934 ], [ 3833536.992173624224961, 940699.672930298605934 ], [ 3833499.5676562753506, 940699.672930298605934 ], [ 3833462.14313892647624, 940699.672930298605934 ], [ 3833462.14313892647624, 940662.248412949731573 ], [ 3833462.14313892647624, 940624.823895600857213 ], [ 3833462.14313892647624, 940587.399378251982853 ], [ 3833462.14313892647624, 940549.974860903108492 ], [ 3833424.71862157760188, 940549.974860903108492 ], [ 3833387.29410422872752, 940549.974860903108492 ], [ 3833349.869586879853159, 940549.974860903108492 ], [ 3833312.445069530978799, 940549.974860903108492 ], [ 3833285.981939530931413, 940523.511730903061107 ], [ 3833285.981939530931413, 940486.087213554186746 ], [ 3833285.981939530931413, 940448.662696205312386 ], [ 3833285.981939530931413, 940411.238178856438026 ], [ 3833259.518809530884027, 940384.77504885639064 ], [ 3833222.094292182009667, 940384.77504885639064 ], [ 3833184.669774833135307, 940384.77504885639064 ], [ 3833147.245257484260947, 940384.77504885639064 ], [ 3833109.820740135386586, 940384.77504885639064 ], [ 3833072.396222786512226, 940384.77504885639064 ], [ 3833034.971705437637866, 940384.77504885639064 ], [ 3832997.547188088763505, 940384.77504885639064 ], [ 3832960.122670739889145, 940384.77504885639064 ], [ 3832922.698153391014785, 940384.77504885639064 ], [ 3832885.273636042140424, 940384.77504885639064 ], [ 3832847.849118693266064, 940384.77504885639064 ], [ 3832821.385988693218678, 940358.311918856343254 ], [ 3832821.385988693218678, 940320.887401507468894 ], [ 3832821.385988693218678, 940283.462884158594534 ], [ 3832821.385988693218678, 940246.038366809720173 ], [ 3832794.922858693171293, 940219.575236809672788 ], [ 3832757.498341344296932, 940219.575236809672788 ], [ 3832720.073823995422572, 940219.575236809672788 ], [ 3832682.649306646548212, 940219.575236809672788 ], [ 3832645.224789297673851, 940219.575236809672788 ], [ 3832607.800271948799491, 940219.575236809672788 ], [ 3832570.375754599925131, 940219.575236809672788 ], [ 3832532.95123725105077, 940219.575236809672788 ], [ 3832495.52671990217641, 940219.575236809672788 ], [ 3832458.10220255330205, 940219.575236809672788 ], [ 3832420.677685204427689, 940219.575236809672788 ], [ 3832383.253167855553329, 940219.575236809672788 ], [ 3832345.828650506678969, 940219.575236809672788 ], [ 3832319.365520506631583, 940193.112106809625402 ], [ 3832319.365520506631583, 940155.687589460751042 ], [ 3832319.365520506631583, 940118.263072111876681 ], [ 3832319.365520506631583, 940080.838554763002321 ], [ 3832292.902390506584197, 940054.375424762954935 ], [ 3832255.477873157709837, 940054.375424762954935 ], [ 3832218.053355808835477, 940054.375424762954935 ], [ 3832180.628838459961116, 940054.375424762954935 ], [ 3832154.165708459913731, 940027.91229476290755 ], [ 3832154.165708459913731, 939990.487777414033189 ], [ 3832154.165708459913731, 939953.063260065158829 ], [ 3832154.165708459913731, 939915.638742716284469 ], [ 3832127.702578459866345, 939889.175612716237083 ], [ 3832090.278061110991985, 939889.175612716237083 ], [ 3832052.853543762117624, 939889.175612716237083 ], [ 3832015.429026413243264, 939889.175612716237083 ], [ 3831978.004509064368904, 939889.175612716237083 ], [ 3831940.579991715494543, 939889.175612716237083 ], [ 3831903.155474366620183, 939889.175612716237083 ], [ 3831865.730957017745823, 939889.175612716237083 ], [ 3831828.306439668871462, 939889.175612716237083 ], [ 3831790.881922319997102, 939889.175612716237083 ], [ 3831753.457404971122742, 939889.175612716237083 ], [ 3831716.032887622248381, 939889.175612716237083 ], [ 3831678.608370273374021, 939889.175612716237083 ], [ 3831641.183852924499661, 939889.175612716237083 ], [ 3831641.183852924499661, 939851.751095367362723 ], [ 3831641.183852924499661, 939814.326578018488362 ], [ 3831641.183852924499661, 939776.902060669614002 ], [ 3831641.183852924499661, 939739.477543320739642 ], [ 3831641.183852924499661, 939702.053025971865281 ], [ 3831641.183852924499661, 939664.628508622990921 ], [ 3831641.183852924499661, 939627.203991274116561 ], [ 3831641.183852924499661, 939589.7794739252422 ], [ 3831614.720722924452275, 939563.316343925194815 ], [ 3831577.296205575577915, 939563.316343925194815 ], [ 3831539.871688226703554, 939563.316343925194815 ], [ 3831502.447170877829194, 939563.316343925194815 ], [ 3831465.022653528954834, 939563.316343925194815 ], [ 3831427.598136180080473, 939563.316343925194815 ], [ 3831390.173618831206113, 939563.316343925194815 ], [ 3831352.749101482331753, 939563.316343925194815 ], [ 3831315.324584133457392, 939563.316343925194815 ], [ 3831277.900066784583032, 939563.316343925194815 ], [ 3831240.475549435708672, 939563.316343925194815 ], [ 3831203.051032086834311, 939563.316343925194815 ], [ 3831176.587902086786926, 939536.853213925147429 ], [ 3831176.587902086786926, 939499.428696576273069 ], [ 3831176.587902086786926, 939462.004179227398708 ], [ 3831176.587902086786926, 939424.579661878524348 ], [ 3831150.12477208673954, 939398.116531878476962 ], [ 3831112.70025473786518, 939398.116531878476962 ], [ 3831075.275737388990819, 939398.116531878476962 ], [ 3831037.851220040116459, 939398.116531878476962 ], [ 3831000.426702691242099, 939398.116531878476962 ], [ 3830973.963572691194713, 939371.653401878429577 ], [ 3830973.963572691194713, 939334.228884529555216 ], [ 3830973.963572691194713, 939296.804367180680856 ], [ 3830973.963572691194713, 939259.379849831806496 ], [ 3830947.500442691147327, 939232.91671983175911 ], [ 3830910.075925342272967, 939232.91671983175911 ], [ 3830872.651407993398607, 939232.91671983175911 ], [ 3830835.226890644524246, 939232.91671983175911 ], [ 3830797.802373295649886, 939232.91671983175911 ], [ 3830760.377855946775526, 939232.91671983175911 ], [ 3830722.953338597901165, 939232.91671983175911 ], [ 3830685.528821249026805, 939232.91671983175911 ], [ 3830648.104303900152445, 939232.91671983175911 ], [ 3830610.679786551278085, 939232.91671983175911 ], [ 3830573.255269202403724, 939232.91671983175911 ], [ 3830535.830751853529364, 939232.91671983175911 ], [ 3830509.367621853481978, 939206.453589831711724 ], [ 3830509.367621853481978, 939169.029072482837364 ], [ 3830509.367621853481978, 939131.604555133963004 ], [ 3830509.367621853481978, 939094.180037785088643 ], [ 3830482.904491853434592, 939067.716907785041258 ], [ 3830445.479974504560232, 939067.716907785041258 ], [ 3830408.055457155685872, 939067.716907785041258 ], [ 3830370.630939806811512, 939067.716907785041258 ], [ 3830344.167809806764126, 939041.253777784993872 ], [ 3830344.167809806764126, 939003.829260436119512 ], [ 3830344.167809806764126, 938966.404743087245151 ], [ 3830344.167809806764126, 938928.980225738370791 ], [ 3830317.70467980671674, 938902.517095738323405 ], [ 3830280.28016245784238, 938902.517095738323405 ], [ 3830242.855645108968019, 938902.517095738323405 ], [ 3830205.431127760093659, 938902.517095738323405 ], [ 3830168.006610411219299, 938902.517095738323405 ], [ 3830130.582093062344939, 938902.517095738323405 ], [ 3830093.157575713470578, 938902.517095738323405 ], [ 3830055.733058364596218, 938902.517095738323405 ], [ 3830018.308541015721858, 938902.517095738323405 ], [ 3829980.884023666847497, 938902.517095738323405 ], [ 3829943.459506317973137, 938902.517095738323405 ], [ 3829906.034988969098777, 938902.517095738323405 ], [ 3829868.610471620224416, 938902.517095738323405 ], [ 3829842.147341620177031, 938876.05396573827602 ], [ 3829842.147341620177031, 938838.629448389401659 ], [ 3829842.147341620177031, 938801.204931040527299 ], [ 3829842.147341620177031, 938763.780413691652939 ], [ 3829842.147341620177031, 938726.355896342778578 ], [ 3829804.72282427130267, 938726.355896342778578 ], [ 3829767.29830692242831, 938726.355896342778578 ], [ 3829729.87378957355395, 938726.355896342778578 ], [ 3829692.449272224679589, 938726.355896342778578 ], [ 3829655.024754875805229, 938726.355896342778578 ], [ 3829617.600237526930869, 938726.355896342778578 ], [ 3829580.175720178056508, 938726.355896342778578 ], [ 3829542.751202829182148, 938726.355896342778578 ], [ 3829505.326685480307788, 938726.355896342778578 ], [ 3829505.326685480307788, 938688.931378993904218 ], [ 3829505.326685480307788, 938651.506861645029858 ], [ 3829505.326685480307788, 938614.082344296155497 ], [ 3829505.326685480307788, 938576.657826947281137 ], [ 3829478.863555480260402, 938550.194696947233751 ], [ 3829441.439038131386042, 938550.194696947233751 ], [ 3829404.014520782511681, 938550.194696947233751 ], [ 3829366.590003433637321, 938550.194696947233751 ], [ 3829329.165486084762961, 938550.194696947233751 ], [ 3829291.7409687358886, 938550.194696947233751 ], [ 3829254.31645138701424, 938550.194696947233751 ], [ 3829216.89193403813988, 938550.194696947233751 ], [ 3829179.467416689265519, 938550.194696947233751 ], [ 3829179.467416689265519, 938512.770179598359391 ], [ 3829179.467416689265519, 938475.345662249485031 ], [ 3829179.467416689265519, 938437.92114490061067 ], [ 3829179.467416689265519, 938400.49662755173631 ], [ 3829142.042899340391159, 938400.49662755173631 ], [ 3829104.618381991516799, 938400.49662755173631 ], [ 3829067.193864642642438, 938400.49662755173631 ], [ 3829029.769347293768078, 938400.49662755173631 ], [ 3828992.344829944893718, 938400.49662755173631 ], [ 3828954.920312596019357, 938400.49662755173631 ], [ 3828917.495795247144997, 938400.49662755173631 ], [ 3828880.071277898270637, 938400.49662755173631 ], [ 3828880.071277898270637, 938363.07211020286195 ], [ 3828880.071277898270637, 938325.647592853987589 ], [ 3828880.071277898270637, 938288.223075505113229 ], [ 3828880.071277898270637, 938250.798558156238869 ], [ 3828853.608147898223251, 938224.335428156191483 ], [ 3828816.183630549348891, 938224.335428156191483 ], [ 3828778.75911320047453, 938224.335428156191483 ], [ 3828741.33459585160017, 938224.335428156191483 ], [ 3828703.91007850272581, 938224.335428156191483 ], [ 3828666.485561153851449, 938224.335428156191483 ], [ 3828629.061043804977089, 938224.335428156191483 ], [ 3828591.636526456102729, 938224.335428156191483 ], [ 3828554.212009107228369, 938224.335428156191483 ], [ 3828516.787491758354008, 938224.335428156191483 ], [ 3828490.324361758306623, 938250.798558156238869 ], [ 3828490.324361758306623, 938288.223075505113229 ], [ 3828490.324361758306623, 938325.647592853987589 ], [ 3828490.324361758306623, 938363.07211020286195 ], [ 3828490.324361758306623, 938400.49662755173631 ], [ 3828452.899844409432262, 938400.49662755173631 ], [ 3828415.475327060557902, 938400.49662755173631 ], [ 3828378.050809711683542, 938400.49662755173631 ], [ 3828340.626292362809181, 938400.49662755173631 ], [ 3828303.201775013934821, 938400.49662755173631 ], [ 3828265.777257665060461, 938400.49662755173631 ], [ 3828228.3527403161861, 938400.49662755173631 ], [ 3828190.92822296731174, 938400.49662755173631 ], [ 3828190.92822296731174, 938437.92114490061067 ], [ 3828190.92822296731174, 938475.345662249485031 ], [ 3828190.92822296731174, 938512.770179598359391 ], [ 3828190.92822296731174, 938550.194696947233751 ], [ 3828153.50370561843738, 938550.194696947233751 ], [ 3828116.079188269563019, 938550.194696947233751 ], [ 3828078.654670920688659, 938550.194696947233751 ], [ 3828041.230153571814299, 938550.194696947233751 ], [ 3828014.767023571766913, 938576.657826947281137 ], [ 3828014.767023571766913, 938614.082344296155497 ], [ 3828014.767023571766913, 938651.506861645029858 ], [ 3828014.767023571766913, 938688.931378993904218 ], [ 3828014.767023571766913, 938726.355896342778578 ], [ 3827977.342506222892553, 938726.355896342778578 ], [ 3827939.917988874018192, 938726.355896342778578 ], [ 3827902.493471525143832, 938726.355896342778578 ], [ 3827865.068954176269472, 938726.355896342778578 ], [ 3827827.644436827395111, 938726.355896342778578 ], [ 3827790.219919478520751, 938726.355896342778578 ], [ 3827752.795402129646391, 938726.355896342778578 ], [ 3827715.37088478077203, 938726.355896342778578 ], [ 3827688.907754780724645, 938752.819026342825964 ], [ 3827688.907754780724645, 938790.243543691700324 ], [ 3827688.907754780724645, 938827.668061040574685 ], [ 3827688.907754780724645, 938865.092578389449045 ], [ 3827688.907754780724645, 938902.517095738323405 ], [ 3827651.483237431850284, 938902.517095738323405 ], [ 3827614.058720082975924, 938902.517095738323405 ], [ 3827576.634202734101564, 938902.517095738323405 ], [ 3827539.209685385227203, 938902.517095738323405 ], [ 3827501.785168036352843, 938902.517095738323405 ], [ 3827464.360650687478483, 938902.517095738323405 ], [ 3827426.936133338604122, 938902.517095738323405 ], [ 3827389.511615989729762, 938902.517095738323405 ], [ 3827352.087098640855402, 938902.517095738323405 ], [ 3827352.087098640855402, 938939.941613087197766 ], [ 3827352.087098640855402, 938977.366130436072126 ], [ 3827352.087098640855402, 939014.790647784946486 ], [ 3827352.087098640855402, 939052.215165133820847 ], [ 3827314.662581291981041, 939052.215165133820847 ], [ 3827277.238063943106681, 939052.215165133820847 ], [ 3827239.813546594232321, 939052.215165133820847 ], [ 3827202.38902924535796, 939052.215165133820847 ], [ 3827164.9645118964836, 939052.215165133820847 ], [ 3827127.53999454760924, 939052.215165133820847 ], [ 3827090.115477198734879, 939052.215165133820847 ], [ 3827052.690959849860519, 939052.215165133820847 ], [ 3827026.227829849813133, 939078.678295133868232 ], [ 3827026.227829849813133, 939116.102812482742593 ], [ 3827026.227829849813133, 939153.527329831616953 ], [ 3827026.227829849813133, 939190.951847180491313 ], [ 3827026.227829849813133, 939228.376364529365674 ], [ 3826988.803312500938773, 939228.376364529365674 ], [ 3826951.378795152064413, 939228.376364529365674 ], [ 3826913.954277803190053, 939228.376364529365674 ], [ 3826876.529760454315692, 939228.376364529365674 ], [ 3826839.105243105441332, 939228.376364529365674 ], [ 3826801.680725756566972, 939228.376364529365674 ], [ 3826764.256208407692611, 939228.376364529365674 ], [ 3826726.831691058818251, 939228.376364529365674 ], [ 3826689.407173709943891, 939228.376364529365674 ], [ 3826651.98265636106953, 939228.376364529365674 ], [ 3826614.55813901219517, 939228.376364529365674 ], [ 3826577.13362166332081, 939228.376364529365674 ], [ 3826539.709104314446449, 939228.376364529365674 ], [ 3826502.284586965572089, 939228.376364529365674 ], [ 3826464.860069616697729, 939228.376364529365674 ], [ 3826427.435552267823368, 939228.376364529365674 ], [ 3826390.011034918949008, 939228.376364529365674 ], [ 3826352.586517570074648, 939228.376364529365674 ], [ 3826315.162000221200287, 939228.376364529365674 ], [ 3826277.737482872325927, 939228.376364529365674 ], [ 3826240.312965523451567, 939228.376364529365674 ], [ 3826202.888448174577206, 939228.376364529365674 ], [ 3826202.888448174577206, 939265.800881878240034 ], [ 3826202.888448174577206, 939303.225399227114394 ], [ 3826202.888448174577206, 939340.649916575988755 ], [ 3826202.888448174577206, 939378.074433924863115 ], [ 3826165.463930825702846, 939378.074433924863115 ], [ 3826128.039413476828486, 939378.074433924863115 ], [ 3826090.614896127954125, 939378.074433924863115 ], [ 3826053.190378779079765, 939378.074433924863115 ], [ 3826015.765861430205405, 939378.074433924863115 ], [ 3825978.341344081331044, 939378.074433924863115 ], [ 3825940.916826732456684, 939378.074433924863115 ], [ 3825903.492309383582324, 939378.074433924863115 ], [ 3825866.067792034707963, 939378.074433924863115 ], [ 3825828.643274685833603, 939378.074433924863115 ], [ 3825791.218757336959243, 939378.074433924863115 ], [ 3825753.794239988084882, 939378.074433924863115 ], [ 3825727.331109988037497, 939404.537563924910501 ], [ 3825727.331109988037497, 939441.962081273784861 ], [ 3825727.331109988037497, 939479.386598622659221 ], [ 3825727.331109988037497, 939516.811115971533582 ], [ 3825727.331109988037497, 939554.235633320407942 ], [ 3825727.331109988037497, 939591.660150669282302 ], [ 3825727.331109988037497, 939629.084668018156663 ], [ 3825727.331109988037497, 939666.509185367031023 ], [ 3825727.331109988037497, 939703.933702715905383 ], [ 3825727.331109988037497, 939741.358220064779744 ], [ 3825727.331109988037497, 939778.782737413654104 ], [ 3825727.331109988037497, 939816.207254762528464 ], [ 3825727.331109988037497, 939853.631772111402825 ], [ 3825727.331109988037497, 939891.056289460277185 ], [ 3825727.331109988037497, 939928.480806809151545 ], [ 3825727.331109988037497, 939965.905324158025905 ], [ 3825727.331109988037497, 940003.329841506900266 ], [ 3825727.331109988037497, 940040.754358855774626 ], [ 3825753.794239988084882, 940067.217488855822012 ], [ 3825791.218757336959243, 940067.217488855822012 ], [ 3825828.643274685833603, 940067.217488855822012 ], [ 3825866.067792034707963, 940067.217488855822012 ], [ 3825866.067792034707963, 940104.642006204696372 ], [ 3825866.067792034707963, 940142.066523553570732 ], [ 3825866.067792034707963, 940179.491040902445093 ], [ 3825866.067792034707963, 940216.915558251319453 ], [ 3825866.067792034707963, 940254.340075600193813 ], [ 3825866.067792034707963, 940291.764592949068174 ], [ 3825866.067792034707963, 940329.189110297942534 ], [ 3825866.067792034707963, 940366.613627646816894 ], [ 3825866.067792034707963, 940404.038144995691255 ], [ 3825866.067792034707963, 940441.462662344565615 ], [ 3825866.067792034707963, 940478.887179693439975 ], [ 3825866.067792034707963, 940516.311697042314336 ], [ 3825866.067792034707963, 940553.736214391188696 ], [ 3825866.067792034707963, 940591.160731740063056 ], [ 3825866.067792034707963, 940628.585249088937417 ], [ 3825866.067792034707963, 940666.009766437811777 ], [ 3825866.067792034707963, 940703.434283786686137 ], [ 3825892.530922034755349, 940729.897413786733523 ], [ 3825929.955439383629709, 940729.897413786733523 ], [ 3825967.37995673250407, 940729.897413786733523 ], [ 3826004.80447408137843, 940729.897413786733523 ], [ 3826042.22899143025279, 940729.897413786733523 ], [ 3826042.22899143025279, 940767.321931135607883 ], [ 3826042.22899143025279, 940804.746448484482244 ], [ 3826042.22899143025279, 940842.170965833356604 ], [ 3826042.22899143025279, 940879.595483182230964 ], [ 3826042.22899143025279, 940917.020000531105325 ], [ 3826079.653508779127151, 940917.020000531105325 ], [ 3826117.078026128001511, 940917.020000531105325 ], [ 3826154.502543476875871, 940917.020000531105325 ], [ 3826191.927060825750232, 940917.020000531105325 ], [ 3826191.927060825750232, 940954.444517879979685 ], [ 3826191.927060825750232, 940991.869035228854045 ], [ 3826191.927060825750232, 941029.293552577728406 ], [ 3826191.927060825750232, 941066.718069926602766 ], [ 3826191.927060825750232, 941104.142587275477126 ], [ 3826191.927060825750232, 941141.567104624351487 ], [ 3826191.927060825750232, 941178.991621973225847 ], [ 3826191.927060825750232, 941216.416139322100207 ], [ 3826191.927060825750232, 941253.840656670974568 ], [ 3826191.927060825750232, 941291.265174019848928 ], [ 3826191.927060825750232, 941328.689691368723288 ], [ 3826191.927060825750232, 941366.114208717597649 ], [ 3826218.390190825797617, 941392.577338717645034 ], [ 3826255.814708174671978, 941392.577338717645034 ], [ 3826293.239225523546338, 941392.577338717645034 ], [ 3826330.663742872420698, 941392.577338717645034 ], [ 3826357.126872872468084, 941419.04046871769242 ], [ 3826357.126872872468084, 941456.46498606656678 ], [ 3826357.126872872468084, 941493.889503415441141 ], [ 3826357.126872872468084, 941531.314020764315501 ], [ 3826383.59000287251547, 941557.777150764362887 ], [ 3826421.01452022138983, 941557.777150764362887 ], [ 3826458.43903757026419, 941557.777150764362887 ], [ 3826495.863554919138551, 941557.777150764362887 ], [ 3826533.288072268012911, 941557.777150764362887 ], [ 3826533.288072268012911, 941595.201668113237247 ], [ 3826533.288072268012911, 941632.626185462111607 ], [ 3826533.288072268012911, 941670.050702810985968 ], [ 3826533.288072268012911, 941707.475220159860328 ], [ 3826533.288072268012911, 941744.899737508734688 ], [ 3826533.288072268012911, 941782.324254857609048 ], [ 3826533.288072268012911, 941819.748772206483409 ], [ 3826533.288072268012911, 941857.173289555357769 ], [ 3826559.751202268060297, 941883.636419555405155 ], [ 3826597.175719616934657, 941883.636419555405155 ], [ 3826634.600236965809017, 941883.636419555405155 ], [ 3826672.024754314683378, 941883.636419555405155 ], [ 3826709.449271663557738, 941883.636419555405155 ], [ 3826709.449271663557738, 941921.060936904279515 ], [ 3826709.449271663557738, 941958.485454253153875 ], [ 3826709.449271663557738, 941995.909971602028236 ], [ 3826709.449271663557738, 942033.334488950902596 ], [ 3826709.449271663557738, 942070.759006299776956 ], [ 3826746.873789012432098, 942070.759006299776956 ], [ 3826784.298306361306459, 942070.759006299776956 ], [ 3826821.722823710180819, 942070.759006299776956 ], [ 3826859.147341059055179, 942070.759006299776956 ], [ 3826859.147341059055179, 942108.183523648651317 ], [ 3826859.147341059055179, 942145.608040997525677 ], [ 3826859.147341059055179, 942183.032558346400037 ], [ 3826859.147341059055179, 942220.457075695274398 ], [ 3826859.147341059055179, 942257.881593044148758 ], [ 3826859.147341059055179, 942295.306110393023118 ], [ 3826859.147341059055179, 942332.730627741897479 ], [ 3826859.147341059055179, 942370.155145090771839 ], [ 3826859.147341059055179, 942407.579662439646199 ], [ 3826859.147341059055179, 942445.00417978852056 ], [ 3826859.147341059055179, 942482.42869713739492 ], [ 3826859.147341059055179, 942519.85321448626928 ], [ 3826885.610471059102565, 942546.316344486316666 ], [ 3826923.034988407976925, 942546.316344486316666 ], [ 3826960.459505756851286, 942546.316344486316666 ], [ 3826997.884023105725646, 942546.316344486316666 ], [ 3827035.308540454600006, 942546.316344486316666 ], [ 3827072.733057803474367, 942546.316344486316666 ], [ 3827110.157575152348727, 942546.316344486316666 ], [ 3827147.582092501223087, 942546.316344486316666 ], [ 3827174.045222501270473, 942572.779474486364052 ], [ 3827174.045222501270473, 942610.203991835238412 ], [ 3827174.045222501270473, 942647.628509184112772 ], [ 3827174.045222501270473, 942685.053026532987133 ], [ 3827174.045222501270473, 942722.477543881861493 ], [ 3827174.045222501270473, 942759.902061230735853 ], [ 3827174.045222501270473, 942797.326578579610214 ], [ 3827174.045222501270473, 942834.751095928484574 ], [ 3827174.045222501270473, 942872.175613277358934 ], [ 3827174.045222501270473, 942909.600130626233295 ], [ 3827174.045222501270473, 942947.024647975107655 ], [ 3827174.045222501270473, 942984.449165323982015 ], [ 3827174.045222501270473, 943021.873682672856376 ], [ 3827200.508352501317859, 943048.336812672903761 ], [ 3827237.932869850192219, 943048.336812672903761 ], [ 3827275.357387199066579, 943048.336812672903761 ], [ 3827312.78190454794094, 943048.336812672903761 ], [ 3827350.2064218968153, 943048.336812672903761 ], [ 3827350.2064218968153, 943085.761330021778122 ], [ 3827350.2064218968153, 943123.185847370652482 ], [ 3827350.2064218968153, 943160.610364719526842 ], [ 3827350.2064218968153, 943198.034882068401203 ], [ 3827376.669551896862686, 943224.498012068448588 ], [ 3827414.094069245737046, 943224.498012068448588 ], [ 3827451.518586594611406, 943224.498012068448588 ], [ 3827488.943103943485767, 943224.498012068448588 ], [ 3827526.367621292360127, 943224.498012068448588 ], [ 3827526.367621292360127, 943261.922529417322949 ], [ 3827526.367621292360127, 943299.347046766197309 ], [ 3827526.367621292360127, 943336.771564115071669 ], [ 3827526.367621292360127, 943374.19608146394603 ], [ 3827526.367621292360127, 943411.62059881282039 ], [ 3827526.367621292360127, 943449.04511616169475 ], [ 3827526.367621292360127, 943486.469633510569111 ], [ 3827526.367621292360127, 943523.894150859443471 ], [ 3827552.830751292407513, 943550.357280859490857 ], [ 3827590.255268641281873, 943550.357280859490857 ], [ 3827627.679785990156233, 943550.357280859490857 ], [ 3827665.104303339030594, 943550.357280859490857 ], [ 3827665.104303339030594, 943587.781798208365217 ], [ 3827665.104303339030594, 943625.206315557239577 ], [ 3827665.104303339030594, 943662.630832906113937 ], [ 3827665.104303339030594, 943700.055350254988298 ], [ 3827691.567433339077979, 943726.518480255035684 ], [ 3827728.99195068795234, 943726.518480255035684 ], [ 3827766.4164680368267, 943726.518480255035684 ], [ 3827803.84098538570106, 943726.518480255035684 ], [ 3827841.265502734575421, 943726.518480255035684 ], [ 3827841.265502734575421, 943763.942997603910044 ], [ 3827841.265502734575421, 943801.367514952784404 ], [ 3827841.265502734575421, 943838.792032301658764 ], [ 3827841.265502734575421, 943876.216549650533125 ], [ 3827841.265502734575421, 943913.641066999407485 ], [ 3827841.265502734575421, 943951.065584348281845 ], [ 3827841.265502734575421, 943988.490101697156206 ], [ 3827841.265502734575421, 944025.914619046030566 ], [ 3827867.728632734622806, 944052.377749046077952 ], [ 3827905.153150083497167, 944052.377749046077952 ], [ 3827942.577667432371527, 944052.377749046077952 ], [ 3827980.002184781245887, 944052.377749046077952 ], [ 3828017.426702130120248, 944052.377749046077952 ], [ 3828017.426702130120248, 944089.802266394952312 ], [ 3828017.426702130120248, 944127.226783743826672 ], [ 3828017.426702130120248, 944164.651301092701033 ], [ 3828017.426702130120248, 944202.075818441575393 ], [ 3828017.426702130120248, 944239.500335790449753 ], [ 3828017.426702130120248, 944276.924853139324114 ], [ 3828017.426702130120248, 944314.349370488198474 ], [ 3828017.426702130120248, 944351.773887837072834 ], [ 3828017.426702130120248, 944389.198405185947195 ], [ 3828017.426702130120248, 944426.622922534821555 ], [ 3828017.426702130120248, 944464.047439883695915 ], [ 3828017.426702130120248, 944501.471957232570276 ], [ 3828017.426702130120248, 944538.896474581444636 ], [ 3828017.426702130120248, 944576.320991930318996 ], [ 3828017.426702130120248, 944613.745509279193357 ], [ 3828017.426702130120248, 944651.170026628067717 ], [ 3828017.426702130120248, 944688.594543976942077 ], [ 3828043.889832130167633, 944715.057673976989463 ], [ 3828081.314349479041994, 944715.057673976989463 ], [ 3828118.738866827916354, 944715.057673976989463 ], [ 3828156.163384176790714, 944715.057673976989463 ], [ 3828193.587901525665075, 944715.057673976989463 ], [ 3828193.587901525665075, 944752.482191325863823 ], [ 3828193.587901525665075, 944789.906708674738184 ], [ 3828193.587901525665075, 944827.331226023612544 ], [ 3828193.587901525665075, 944864.755743372486904 ], [ 3828193.587901525665075, 944902.180260721361265 ], [ 3828193.587901525665075, 944939.604778070235625 ], [ 3828193.587901525665075, 944977.029295419109985 ], [ 3828193.587901525665075, 945014.453812767984346 ], [ 3828220.05103152571246, 945040.916942768031731 ], [ 3828257.475548874586821, 945040.916942768031731 ], [ 3828294.900066223461181, 945040.916942768031731 ], [ 3828332.324583572335541, 945040.916942768031731 ], [ 3828332.324583572335541, 945078.341460116906092 ], [ 3828332.324583572335541, 945115.765977465780452 ], [ 3828332.324583572335541, 945153.190494814654812 ], [ 3828332.324583572335541, 945190.615012163529173 ], [ 3828332.324583572335541, 945228.039529512403533 ], [ 3828332.324583572335541, 945265.464046861277893 ], [ 3828332.324583572335541, 945302.888564210152254 ], [ 3828332.324583572335541, 945340.313081559026614 ], [ 3828332.324583572335541, 945377.737598907900974 ], [ 3828332.324583572335541, 945415.162116256775334 ], [ 3828332.324583572335541, 945452.586633605649695 ], [ 3828332.324583572335541, 945490.011150954524055 ], [ 3828332.324583572335541, 945527.435668303398415 ], [ 3828332.324583572335541, 945564.860185652272776 ], [ 3828332.324583572335541, 945602.284703001147136 ], [ 3828332.324583572335541, 945639.709220350021496 ], [ 3828332.324583572335541, 945677.133737698895857 ], [ 3828358.787713572382927, 945703.596867698943242 ], [ 3828396.212230921257287, 945703.596867698943242 ], [ 3828433.636748270131648, 945703.596867698943242 ], [ 3828471.061265619006008, 945703.596867698943242 ], [ 3828508.485782967880368, 945703.596867698943242 ], [ 3828508.485782967880368, 945741.021385047817603 ], [ 3828508.485782967880368, 945778.445902396691963 ], [ 3828508.485782967880368, 945815.870419745566323 ], [ 3828508.485782967880368, 945853.294937094440684 ], [ 3828508.485782967880368, 945890.719454443315044 ], [ 3828508.485782967880368, 945928.143971792189404 ], [ 3828508.485782967880368, 945965.568489141063765 ], [ 3828508.485782967880368, 946002.993006489938125 ], [ 3828508.485782967880368, 946040.417523838812485 ], [ 3828545.910300316754729, 946040.417523838812485 ], [ 3828583.334817665629089, 946040.417523838812485 ], [ 3828620.759335014503449, 946040.417523838812485 ], [ 3828658.18385236337781, 946040.417523838812485 ], [ 3828658.18385236337781, 946077.842041187686846 ], [ 3828658.18385236337781, 946115.266558536561206 ], [ 3828658.18385236337781, 946152.691075885435566 ], [ 3828658.18385236337781, 946190.115593234309927 ], [ 3828658.18385236337781, 946227.540110583184287 ], [ 3828658.18385236337781, 946264.964627932058647 ], [ 3828658.18385236337781, 946302.389145280933008 ], [ 3828658.18385236337781, 946339.813662629807368 ], [ 3828658.18385236337781, 946377.238179978681728 ], [ 3828658.18385236337781, 946414.662697327556089 ], [ 3828658.18385236337781, 946452.087214676430449 ], [ 3828658.18385236337781, 946489.511732025304809 ], [ 3828658.18385236337781, 946526.93624937417917 ], [ 3828658.18385236337781, 946564.36076672305353 ], [ 3828658.18385236337781, 946601.78528407192789 ], [ 3828658.18385236337781, 946639.209801420802251 ], [ 3828658.18385236337781, 946676.634318769676611 ], [ 3828684.646982363425195, 946703.097448769723997 ], [ 3828722.071499712299556, 946703.097448769723997 ], [ 3828759.496017061173916, 946703.097448769723997 ], [ 3828796.920534410048276, 946703.097448769723997 ], [ 3828834.345051758922637, 946703.097448769723997 ], [ 3828834.345051758922637, 946740.521966118598357 ], [ 3828834.345051758922637, 946777.946483467472717 ], [ 3828834.345051758922637, 946815.371000816347077 ], [ 3828834.345051758922637, 946852.795518165221438 ], [ 3828834.345051758922637, 946890.220035514095798 ], [ 3828834.345051758922637, 946927.644552862970158 ], [ 3828834.345051758922637, 946965.069070211844519 ], [ 3828834.345051758922637, 947002.493587560718879 ], [ 3828860.808181758970022, 947028.956717560766265 ], [ 3828898.232699107844383, 947028.956717560766265 ], [ 3828935.657216456718743, 947028.956717560766265 ], [ 3828973.081733805593103, 947028.956717560766265 ], [ 3829010.506251154467463, 947028.956717560766265 ], [ 3829010.506251154467463, 947066.381234909640625 ], [ 3829010.506251154467463, 947103.805752258514985 ], [ 3829010.506251154467463, 947141.230269607389346 ], [ 3829010.506251154467463, 947178.654786956263706 ], [ 3829010.506251154467463, 947216.079304305138066 ], [ 3829010.506251154467463, 947253.503821654012427 ], [ 3829010.506251154467463, 947290.928339002886787 ], [ 3829010.506251154467463, 947328.352856351761147 ], [ 3829010.506251154467463, 947365.777373700635508 ], [ 3829010.506251154467463, 947403.201891049509868 ], [ 3829010.506251154467463, 947440.626408398384228 ], [ 3829010.506251154467463, 947478.050925747258589 ], [ 3829010.506251154467463, 947515.475443096132949 ], [ 3829047.930768503341824, 947515.475443096132949 ], [ 3829085.355285852216184, 947515.475443096132949 ], [ 3829122.779803201090544, 947515.475443096132949 ], [ 3829160.204320549964905, 947515.475443096132949 ], [ 3829160.204320549964905, 947552.899960445007309 ], [ 3829160.204320549964905, 947590.32447779388167 ], [ 3829160.204320549964905, 947627.74899514275603 ], [ 3829160.204320549964905, 947665.17351249163039 ], [ 3829160.204320549964905, 947702.598029840504751 ], [ 3829160.204320549964905, 947740.022547189379111 ], [ 3829160.204320549964905, 947777.447064538253471 ], [ 3829160.204320549964905, 947814.871581887127832 ], [ 3829186.66745055001229, 947841.334711887175217 ], [ 3829224.091967898886651, 947841.334711887175217 ], [ 3829261.516485247761011, 947841.334711887175217 ], [ 3829298.941002596635371, 947841.334711887175217 ], [ 3829325.404132596682757, 947867.797841887222603 ], [ 3829325.404132596682757, 947905.222359236096963 ], [ 3829325.404132596682757, 947942.646876584971324 ], [ 3829325.404132596682757, 947980.071393933845684 ], [ 3829325.404132596682757, 948017.495911282720044 ], [ 3829325.404132596682757, 948054.920428631594405 ], [ 3829325.404132596682757, 948092.344945980468765 ], [ 3829325.404132596682757, 948129.769463329343125 ], [ 3829325.404132596682757, 948167.193980678217486 ], [ 3829325.404132596682757, 948204.618498027091846 ], [ 3829325.404132596682757, 948242.043015375966206 ], [ 3829325.404132596682757, 948279.467532724840567 ], [ 3829325.404132596682757, 948316.892050073714927 ], [ 3829351.867262596730143, 948343.355180073762313 ], [ 3829389.291779945604503, 948343.355180073762313 ], [ 3829426.716297294478863, 948343.355180073762313 ], [ 3829464.140814643353224, 948343.355180073762313 ], [ 3829490.603944643400609, 948369.818310073809698 ], [ 3829490.603944643400609, 948407.242827422684059 ], [ 3829490.603944643400609, 948444.667344771558419 ], [ 3829490.603944643400609, 948482.091862120432779 ], [ 3829490.603944643400609, 948519.51637946930714 ], [ 3829490.603944643400609, 948556.9408968181815 ], [ 3829490.603944643400609, 948594.36541416705586 ], [ 3829490.603944643400609, 948631.78993151593022 ], [ 3829490.603944643400609, 948669.214448864804581 ], [ 3829490.603944643400609, 948706.638966213678941 ], [ 3829490.603944643400609, 948744.063483562553301 ], [ 3829490.603944643400609, 948781.488000911427662 ], [ 3829490.603944643400609, 948818.912518260302022 ], [ 3829490.603944643400609, 948856.337035609176382 ], [ 3829490.603944643400609, 948893.761552958050743 ], [ 3829490.603944643400609, 948931.186070306925103 ], [ 3829490.603944643400609, 948968.610587655799463 ], [ 3829517.067074643447995, 948995.073717655846849 ], [ 3829554.491591992322356, 948995.073717655846849 ], [ 3829591.916109341196716, 948995.073717655846849 ], [ 3829629.340626690071076, 948995.073717655846849 ], [ 3829666.765144038945436, 948995.073717655846849 ], [ 3829666.765144038945436, 949032.498235004721209 ], [ 3829666.765144038945436, 949069.92275235359557 ], [ 3829666.765144038945436, 949107.34726970246993 ], [ 3829666.765144038945436, 949144.77178705134429 ], [ 3829666.765144038945436, 949182.196304400218651 ], [ 3829666.765144038945436, 949219.620821749093011 ], [ 3829666.765144038945436, 949257.045339097967371 ], [ 3829666.765144038945436, 949294.469856446841732 ], [ 3829666.765144038945436, 949331.894373795716092 ], [ 3829704.189661387819797, 949331.894373795716092 ], [ 3829741.614178736694157, 949331.894373795716092 ], [ 3829779.038696085568517, 949331.894373795716092 ], [ 3829816.463213434442878, 949331.894373795716092 ], [ 3829816.463213434442878, 949369.318891144590452 ], [ 3829816.463213434442878, 949406.743408493464813 ], [ 3829816.463213434442878, 949444.167925842339173 ], [ 3829816.463213434442878, 949481.592443191213533 ], [ 3829816.463213434442878, 949519.016960540087894 ], [ 3829816.463213434442878, 949556.441477888962254 ], [ 3829816.463213434442878, 949593.865995237836614 ], [ 3829816.463213434442878, 949631.290512586710975 ], [ 3829816.463213434442878, 949668.715029935585335 ], [ 3829816.463213434442878, 949706.139547284459695 ], [ 3829816.463213434442878, 949743.564064633334056 ], [ 3829816.463213434442878, 949780.988581982208416 ], [ 3829816.463213434442878, 949818.413099331082776 ], [ 3829842.926343434490263, 949844.876229331130162 ], [ 3829880.350860783364624, 949844.876229331130162 ], [ 3829917.775378132238984, 949844.876229331130162 ], [ 3829955.199895481113344, 949844.876229331130162 ], [ 3829992.624412829987705, 949844.876229331130162 ], [ 3829992.624412829987705, 949882.300746680004522 ], [ 3829992.624412829987705, 949919.725264028878883 ], [ 3829992.624412829987705, 949957.149781377753243 ], [ 3829992.624412829987705, 949994.574298726627603 ], [ 3830030.048930178862065, 949994.574298726627603 ], [ 3830067.473447527736425, 949994.574298726627603 ], [ 3830104.897964876610786, 949994.574298726627603 ], [ 3830142.322482225485146, 949994.574298726627603 ], [ 3830142.322482225485146, 950031.998816075501963 ], [ 3830142.322482225485146, 950069.423333424376324 ], [ 3830142.322482225485146, 950106.847850773250684 ], [ 3830142.322482225485146, 950144.272368122125044 ], [ 3830142.322482225485146, 950181.696885470999405 ], [ 3830142.322482225485146, 950219.121402819873765 ], [ 3830142.322482225485146, 950256.545920168748125 ], [ 3830142.322482225485146, 950293.970437517622486 ], [ 3830142.322482225485146, 950331.394954866496846 ], [ 3830142.322482225485146, 950368.819472215371206 ], [ 3830142.322482225485146, 950406.243989564245567 ], [ 3830142.322482225485146, 950443.668506913119927 ], [ 3830142.322482225485146, 950481.093024261994287 ], [ 3830168.785612225532532, 950507.556154262041673 ], [ 3830206.210129574406892, 950507.556154262041673 ], [ 3830243.634646923281252, 950507.556154262041673 ], [ 3830281.059164272155613, 950507.556154262041673 ], [ 3830318.483681621029973, 950507.556154262041673 ], [ 3830318.483681621029973, 950544.980671610916033 ], [ 3830318.483681621029973, 950582.405188959790394 ], [ 3830318.483681621029973, 950619.829706308664754 ], [ 3830318.483681621029973, 950657.254223657539114 ], [ 3830318.483681621029973, 950694.678741006413475 ], [ 3830318.483681621029973, 950732.103258355287835 ], [ 3830318.483681621029973, 950769.527775704162195 ], [ 3830318.483681621029973, 950806.952293053036556 ], [ 3830344.946811621077359, 950833.415423053083941 ], [ 3830382.371328969951719, 950833.415423053083941 ], [ 3830419.795846318826079, 950833.415423053083941 ], [ 3830457.22036366770044, 950833.415423053083941 ], [ 3830494.6448810165748, 950833.415423053083941 ], [ 3830494.6448810165748, 950870.839940401958302 ], [ 3830494.6448810165748, 950908.264457750832662 ], [ 3830494.6448810165748, 950945.688975099707022 ], [ 3830494.6448810165748, 950983.113492448581383 ], [ 3830494.6448810165748, 951020.538009797455743 ], [ 3830494.6448810165748, 951057.962527146330103 ], [ 3830494.6448810165748, 951095.387044495204464 ], [ 3830494.6448810165748, 951132.811561844078824 ], [ 3830494.6448810165748, 951170.236079192953184 ], [ 3830494.6448810165748, 951207.660596541827545 ], [ 3830494.6448810165748, 951245.085113890701905 ], [ 3830494.6448810165748, 951282.509631239576265 ], [ 3830494.6448810165748, 951319.934148588450626 ], [ 3830494.6448810165748, 951357.358665937324986 ], [ 3830494.6448810165748, 951394.783183286199346 ], [ 3830494.6448810165748, 951432.207700635073707 ], [ 3830494.6448810165748, 951469.632217983948067 ], [ 3830494.6448810165748, 951507.056735332822427 ], [ 3830494.6448810165748, 951544.481252681696787 ], [ 3830494.6448810165748, 951581.905770030571148 ], [ 3830494.6448810165748, 951619.330287379445508 ], [ 3830494.6448810165748, 951656.754804728319868 ], [ 3830494.6448810165748, 951694.179322077194229 ], [ 3830494.6448810165748, 951731.603839426068589 ], [ 3830494.6448810165748, 951769.028356774942949 ], [ 3830494.6448810165748, 951806.45287412381731 ], [ 3830494.6448810165748, 951843.87739147269167 ], [ 3830494.6448810165748, 951881.30190882156603 ], [ 3830494.6448810165748, 951918.726426170440391 ], [ 3830494.6448810165748, 951956.150943519314751 ], [ 3830494.6448810165748, 951993.575460868189111 ], [ 3830494.6448810165748, 952030.999978217063472 ], [ 3830494.6448810165748, 952068.424495565937832 ], [ 3830494.6448810165748, 952105.849012914812192 ], [ 3830494.6448810165748, 952143.273530263686553 ], [ 3830494.6448810165748, 952180.698047612560913 ], [ 3830494.6448810165748, 952218.122564961435273 ], [ 3830494.6448810165748, 952255.547082310309634 ], [ 3830494.6448810165748, 952292.971599659183994 ], [ 3830494.6448810165748, 952330.396117008058354 ], [ 3830494.6448810165748, 952367.820634356932715 ], [ 3830494.6448810165748, 952405.245151705807075 ], [ 3830494.6448810165748, 952442.669669054681435 ], [ 3830521.108011016622186, 952469.132799054728821 ], [ 3830558.532528365496546, 952469.132799054728821 ], [ 3830595.957045714370906, 952469.132799054728821 ], [ 3830633.381563063245267, 952469.132799054728821 ], [ 3830633.381563063245267, 952506.557316403603181 ], [ 3830633.381563063245267, 952543.981833752477542 ], [ 3830633.381563063245267, 952581.406351101351902 ], [ 3830633.381563063245267, 952618.830868450226262 ], [ 3830633.381563063245267, 952656.255385799100623 ], [ 3830633.381563063245267, 952693.679903147974983 ], [ 3830633.381563063245267, 952731.104420496849343 ], [ 3830633.381563063245267, 952768.528937845723704 ], [ 3830633.381563063245267, 952805.953455194598064 ], [ 3830633.381563063245267, 952843.377972543472424 ], [ 3830633.381563063245267, 952880.802489892346784 ], [ 3830633.381563063245267, 952918.227007241221145 ], [ 3830633.381563063245267, 952955.651524590095505 ], [ 3830633.381563063245267, 952993.076041938969865 ], [ 3830633.381563063245267, 953030.500559287844226 ], [ 3830633.381563063245267, 953067.925076636718586 ], [ 3830633.381563063245267, 953105.349593985592946 ], [ 3830633.381563063245267, 953142.774111334467307 ], [ 3830633.381563063245267, 953180.198628683341667 ], [ 3830633.381563063245267, 953217.623146032216027 ], [ 3830633.381563063245267, 953255.047663381090388 ], [ 3830633.381563063245267, 953292.472180729964748 ], [ 3830633.381563063245267, 953329.896698078839108 ], [ 3830633.381563063245267, 953367.321215427713469 ], [ 3830633.381563063245267, 953404.745732776587829 ], [ 3830633.381563063245267, 953442.170250125462189 ], [ 3830633.381563063245267, 953479.59476747433655 ], [ 3830633.381563063245267, 953517.01928482321091 ], [ 3830633.381563063245267, 953554.44380217208527 ], [ 3830633.381563063245267, 953591.868319520959631 ], [ 3830633.381563063245267, 953629.292836869833991 ], [ 3830633.381563063245267, 953666.717354218708351 ], [ 3830633.381563063245267, 953704.141871567582712 ], [ 3830633.381563063245267, 953741.566388916457072 ], [ 3830633.381563063245267, 953778.990906265331432 ], [ 3830633.381563063245267, 953816.415423614205793 ], [ 3830633.381563063245267, 953853.839940963080153 ], [ 3830633.381563063245267, 953891.264458311954513 ], [ 3830633.381563063245267, 953928.688975660828874 ], [ 3830633.381563063245267, 953966.113493009703234 ], [ 3830633.381563063245267, 954003.538010358577594 ], [ 3830633.381563063245267, 954040.962527707451954 ], [ 3830633.381563063245267, 954078.387045056326315 ], [ 3830633.381563063245267, 954115.811562405200675 ], [ 3830633.381563063245267, 954153.236079754075035 ], [ 3830633.381563063245267, 954190.660597102949396 ], [ 3830633.381563063245267, 954228.085114451823756 ], [ 3830633.381563063245267, 954265.509631800698116 ], [ 3830595.957045714370906, 954265.509631800698116 ], [ 3830558.532528365496546, 954265.509631800698116 ], [ 3830521.108011016622186, 954265.509631800698116 ], [ 3830494.6448810165748, 954291.972761800745502 ], [ 3830494.6448810165748, 954329.397279149619862 ], [ 3830494.6448810165748, 954366.821796498494223 ], [ 3830494.6448810165748, 954404.246313847368583 ], [ 3830494.6448810165748, 954441.670831196242943 ], [ 3830494.6448810165748, 954479.095348545117304 ], [ 3830494.6448810165748, 954516.519865893991664 ], [ 3830494.6448810165748, 954553.944383242866024 ], [ 3830494.6448810165748, 954591.368900591740385 ], [ 3830494.6448810165748, 954628.793417940614745 ], [ 3830494.6448810165748, 954666.217935289489105 ], [ 3830494.6448810165748, 954703.642452638363466 ], [ 3830494.6448810165748, 954741.066969987237826 ], [ 3830494.6448810165748, 954778.491487336112186 ], [ 3830494.6448810165748, 954815.916004684986547 ], [ 3830494.6448810165748, 954853.340522033860907 ], [ 3830494.6448810165748, 954890.765039382735267 ], [ 3830494.6448810165748, 954928.189556731609628 ], [ 3830494.6448810165748, 954965.614074080483988 ], [ 3830494.6448810165748, 955003.038591429358348 ], [ 3830494.6448810165748, 955040.463108778232709 ], [ 3830494.6448810165748, 955077.887626127107069 ], [ 3830494.6448810165748, 955115.312143475981429 ], [ 3830494.6448810165748, 955152.73666082485579 ], [ 3830494.6448810165748, 955190.16117817373015 ], [ 3830494.6448810165748, 955227.58569552260451 ], [ 3830494.6448810165748, 955265.010212871478871 ], [ 3830494.6448810165748, 955302.434730220353231 ], [ 3830494.6448810165748, 955339.859247569227591 ], [ 3830494.6448810165748, 955377.283764918101951 ], [ 3830494.6448810165748, 955414.708282266976312 ], [ 3830494.6448810165748, 955452.132799615850672 ], [ 3830494.6448810165748, 955489.557316964725032 ], [ 3830494.6448810165748, 955526.981834313599393 ], [ 3830494.6448810165748, 955564.406351662473753 ], [ 3830494.6448810165748, 955601.830869011348113 ], [ 3830494.6448810165748, 955639.255386360222474 ], [ 3830494.6448810165748, 955676.679903709096834 ], [ 3830494.6448810165748, 955714.104421057971194 ], [ 3830494.6448810165748, 955751.528938406845555 ], [ 3830457.22036366770044, 955751.528938406845555 ], [ 3830419.795846318826079, 955751.528938406845555 ], [ 3830382.371328969951719, 955751.528938406845555 ], [ 3830344.946811621077359, 955751.528938406845555 ], [ 3830318.483681621029973, 955777.99206840689294 ], [ 3830318.483681621029973, 955815.416585755767301 ], [ 3830318.483681621029973, 955852.841103104641661 ], [ 3830318.483681621029973, 955890.265620453516021 ], [ 3830318.483681621029973, 955927.690137802390382 ], [ 3830318.483681621029973, 955965.114655151264742 ], [ 3830318.483681621029973, 956002.539172500139102 ], [ 3830318.483681621029973, 956039.963689849013463 ], [ 3830318.483681621029973, 956077.388207197887823 ], [ 3830318.483681621029973, 956114.812724546762183 ], [ 3830318.483681621029973, 956152.237241895636544 ], [ 3830318.483681621029973, 956189.661759244510904 ], [ 3830318.483681621029973, 956227.086276593385264 ], [ 3830318.483681621029973, 956264.510793942259625 ], [ 3830318.483681621029973, 956301.935311291133985 ], [ 3830318.483681621029973, 956339.359828640008345 ], [ 3830318.483681621029973, 956376.784345988882706 ], [ 3830318.483681621029973, 956414.208863337757066 ], [ 3830281.059164272155613, 956414.208863337757066 ], [ 3830243.634646923281252, 956414.208863337757066 ], [ 3830206.210129574406892, 956414.208863337757066 ], [ 3830168.785612225532532, 956414.208863337757066 ], [ 3830142.322482225485146, 956440.671993337804452 ], [ 3830142.322482225485146, 956478.096510686678812 ], [ 3830142.322482225485146, 956515.521028035553172 ], [ 3830142.322482225485146, 956552.945545384427533 ], [ 3830142.322482225485146, 956590.370062733301893 ], [ 3830142.322482225485146, 956627.794580082176253 ], [ 3830142.322482225485146, 956665.219097431050614 ], [ 3830142.322482225485146, 956702.643614779924974 ], [ 3830142.322482225485146, 956740.068132128799334 ], [ 3830142.322482225485146, 956777.492649477673694 ], [ 3830142.322482225485146, 956814.917166826548055 ], [ 3830142.322482225485146, 956852.341684175422415 ], [ 3830142.322482225485146, 956889.766201524296775 ], [ 3830142.322482225485146, 956927.190718873171136 ], [ 3830142.322482225485146, 956964.615236222045496 ], [ 3830142.322482225485146, 957002.039753570919856 ], [ 3830142.322482225485146, 957039.464270919794217 ], [ 3830142.322482225485146, 957076.888788268668577 ], [ 3830142.322482225485146, 957114.313305617542937 ], [ 3830142.322482225485146, 957151.737822966417298 ], [ 3830142.322482225485146, 957189.162340315291658 ], [ 3830142.322482225485146, 957226.586857664166018 ], [ 3830142.322482225485146, 957264.011375013040379 ], [ 3830142.322482225485146, 957301.435892361914739 ], [ 3830142.322482225485146, 957338.860409710789099 ], [ 3830142.322482225485146, 957376.28492705966346 ], [ 3830142.322482225485146, 957413.70944440853782 ], [ 3830142.322482225485146, 957451.13396175741218 ], [ 3830142.322482225485146, 957488.558479106286541 ], [ 3830142.322482225485146, 957525.982996455160901 ], [ 3830142.322482225485146, 957563.407513804035261 ], [ 3830142.322482225485146, 957600.832031152909622 ], [ 3830142.322482225485146, 957638.256548501783982 ], [ 3830142.322482225485146, 957675.681065850658342 ], [ 3830142.322482225485146, 957713.105583199532703 ], [ 3830142.322482225485146, 957750.530100548407063 ], [ 3830104.897964876610786, 957750.530100548407063 ], [ 3830067.473447527736425, 957750.530100548407063 ], [ 3830030.048930178862065, 957750.530100548407063 ], [ 3829992.624412829987705, 957750.530100548407063 ], [ 3829992.624412829987705, 957787.954617897281423 ], [ 3829992.624412829987705, 957825.379135246155784 ], [ 3829992.624412829987705, 957862.803652595030144 ], [ 3829992.624412829987705, 957900.228169943904504 ], [ 3829992.624412829987705, 957937.652687292778865 ], [ 3829992.624412829987705, 957975.077204641653225 ], [ 3829992.624412829987705, 958012.501721990527585 ], [ 3829992.624412829987705, 958049.926239339401945 ], [ 3829992.624412829987705, 958087.350756688276306 ], [ 3829992.624412829987705, 958124.775274037150666 ], [ 3829992.624412829987705, 958162.199791386025026 ], [ 3829992.624412829987705, 958199.624308734899387 ], [ 3829992.624412829987705, 958237.048826083773747 ], [ 3829992.624412829987705, 958274.473343432648107 ], [ 3829992.624412829987705, 958311.897860781522468 ], [ 3829992.624412829987705, 958349.322378130396828 ], [ 3829992.624412829987705, 958386.746895479271188 ], [ 3829992.624412829987705, 958424.171412828145549 ], [ 3829992.624412829987705, 958461.595930177019909 ], [ 3829992.624412829987705, 958499.020447525894269 ], [ 3829992.624412829987705, 958536.44496487476863 ], [ 3829966.161282829940319, 958562.908094874816015 ], [ 3829928.736765481065959, 958562.908094874816015 ], [ 3829891.312248132191598, 958562.908094874816015 ], [ 3829853.887730783317238, 958562.908094874816015 ], [ 3829827.424600783269852, 958589.371224874863401 ], [ 3829827.424600783269852, 958626.795742223737761 ], [ 3829827.424600783269852, 958664.220259572612122 ], [ 3829827.424600783269852, 958701.644776921486482 ], [ 3829827.424600783269852, 958739.069294270360842 ], [ 3829827.424600783269852, 958776.493811619235203 ], [ 3829827.424600783269852, 958813.918328968109563 ], [ 3829827.424600783269852, 958851.342846316983923 ], [ 3829827.424600783269852, 958888.767363665858284 ], [ 3829827.424600783269852, 958926.191881014732644 ], [ 3829827.424600783269852, 958963.616398363607004 ], [ 3829827.424600783269852, 959001.040915712481365 ], [ 3829827.424600783269852, 959038.465433061355725 ], [ 3829827.424600783269852, 959075.889950410230085 ], [ 3829827.424600783269852, 959113.314467759104446 ], [ 3829827.424600783269852, 959150.738985107978806 ], [ 3829827.424600783269852, 959188.163502456853166 ], [ 3829827.424600783269852, 959225.588019805727527 ], [ 3829827.424600783269852, 959263.012537154601887 ], [ 3829827.424600783269852, 959300.437054503476247 ], [ 3829827.424600783269852, 959337.861571852350608 ], [ 3829827.424600783269852, 959375.286089201224968 ], [ 3829827.424600783269852, 959412.710606550099328 ], [ 3829827.424600783269852, 959450.135123898973688 ], [ 3829827.424600783269852, 959487.559641247848049 ], [ 3829827.424600783269852, 959524.984158596722409 ], [ 3829827.424600783269852, 959562.408675945596769 ], [ 3829827.424600783269852, 959599.83319329447113 ], [ 3829827.424600783269852, 959637.25771064334549 ], [ 3829827.424600783269852, 959674.68222799221985 ], [ 3829827.424600783269852, 959712.106745341094211 ], [ 3829800.961470783222467, 959738.569875341141596 ], [ 3829763.536953434348106, 959738.569875341141596 ], [ 3829726.112436085473746, 959738.569875341141596 ], [ 3829688.687918736599386, 959738.569875341141596 ], [ 3829662.224788736552, 959765.033005341188982 ], [ 3829662.224788736552, 959802.457522690063342 ], [ 3829662.224788736552, 959839.882040038937703 ], [ 3829662.224788736552, 959877.306557387812063 ], [ 3829662.224788736552, 959914.731074736686423 ], [ 3829662.224788736552, 959952.155592085560784 ], [ 3829662.224788736552, 959989.580109434435144 ], [ 3829662.224788736552, 960027.004626783309504 ], [ 3829662.224788736552, 960064.429144132183865 ], [ 3829662.224788736552, 960101.853661481058225 ], [ 3829662.224788736552, 960139.278178829932585 ], [ 3829662.224788736552, 960176.702696178806946 ], [ 3829662.224788736552, 960214.127213527681306 ], [ 3829662.224788736552, 960251.551730876555666 ], [ 3829662.224788736552, 960288.976248225430027 ], [ 3829662.224788736552, 960326.400765574304387 ], [ 3829662.224788736552, 960363.825282923178747 ], [ 3829662.224788736552, 960401.249800272053108 ], [ 3829662.224788736552, 960438.674317620927468 ], [ 3829662.224788736552, 960476.098834969801828 ], [ 3829662.224788736552, 960513.523352318676189 ], [ 3829662.224788736552, 960550.947869667550549 ], [ 3829662.224788736552, 960588.372387016424909 ], [ 3829662.224788736552, 960625.79690436529927 ], [ 3829662.224788736552, 960663.22142171417363 ], [ 3829662.224788736552, 960700.64593906304799 ], [ 3829662.224788736552, 960738.070456411922351 ], [ 3829662.224788736552, 960775.494973760796711 ], [ 3829662.224788736552, 960812.919491109671071 ], [ 3829662.224788736552, 960850.344008458545431 ], [ 3829662.224788736552, 960887.768525807419792 ], [ 3829624.80027138767764, 960887.768525807419792 ], [ 3829587.375754038803279, 960887.768525807419792 ], [ 3829549.951236689928919, 960887.768525807419792 ], [ 3829512.526719341054559, 960887.768525807419792 ], [ 3829486.063589341007173, 960914.231655807467178 ], [ 3829486.063589341007173, 960951.656173156341538 ], [ 3829486.063589341007173, 960989.080690505215898 ], [ 3829486.063589341007173, 961026.505207854090258 ], [ 3829486.063589341007173, 961063.929725202964619 ], [ 3829486.063589341007173, 961101.354242551838979 ], [ 3829486.063589341007173, 961138.778759900713339 ], [ 3829486.063589341007173, 961176.2032772495877 ], [ 3829486.063589341007173, 961213.62779459846206 ], [ 3829486.063589341007173, 961251.05231194733642 ], [ 3829486.063589341007173, 961288.476829296210781 ], [ 3829486.063589341007173, 961325.901346645085141 ], [ 3829486.063589341007173, 961363.325863993959501 ], [ 3829486.063589341007173, 961400.750381342833862 ], [ 3829486.063589341007173, 961438.174898691708222 ], [ 3829486.063589341007173, 961475.599416040582582 ], [ 3829486.063589341007173, 961513.023933389456943 ], [ 3829486.063589341007173, 961550.448450738331303 ], [ 3829486.063589341007173, 961587.872968087205663 ], [ 3829486.063589341007173, 961625.297485436080024 ], [ 3829486.063589341007173, 961662.722002784954384 ], [ 3829486.063589341007173, 961700.146520133828744 ], [ 3829459.600459340959787, 961726.60965013387613 ], [ 3829422.175941992085427, 961726.60965013387613 ], [ 3829384.751424643211067, 961726.60965013387613 ], [ 3829347.326907294336706, 961726.60965013387613 ], [ 3829309.902389945462346, 961726.60965013387613 ], [ 3829309.902389945462346, 961764.03416748275049 ], [ 3829309.902389945462346, 961801.458684831624851 ], [ 3829309.902389945462346, 961838.883202180499211 ], [ 3829309.902389945462346, 961876.307719529373571 ], [ 3829309.902389945462346, 961913.732236878247932 ], [ 3829309.902389945462346, 961951.156754227122292 ], [ 3829309.902389945462346, 961988.581271575996652 ], [ 3829309.902389945462346, 962026.005788924871013 ], [ 3829309.902389945462346, 962063.430306273745373 ], [ 3829309.902389945462346, 962100.854823622619733 ], [ 3829309.902389945462346, 962138.279340971494094 ], [ 3829309.902389945462346, 962175.703858320368454 ], [ 3829309.902389945462346, 962213.128375669242814 ], [ 3829309.902389945462346, 962250.552893018117175 ], [ 3829309.902389945462346, 962287.977410366991535 ], [ 3829309.902389945462346, 962325.401927715865895 ], [ 3829309.902389945462346, 962362.826445064740255 ], [ 3829309.902389945462346, 962400.250962413614616 ], [ 3829309.902389945462346, 962437.675479762488976 ], [ 3829309.902389945462346, 962475.099997111363336 ], [ 3829309.902389945462346, 962512.524514460237697 ], [ 3829309.902389945462346, 962549.949031809112057 ], [ 3829309.902389945462346, 962587.373549157986417 ], [ 3829309.902389945462346, 962624.798066506860778 ], [ 3829309.902389945462346, 962662.222583855735138 ], [ 3829309.902389945462346, 962699.647101204609498 ], [ 3829309.902389945462346, 962737.071618553483859 ], [ 3829309.902389945462346, 962774.496135902358219 ], [ 3829309.902389945462346, 962811.920653251232579 ], [ 3829309.902389945462346, 962849.34517060010694 ], [ 3829309.902389945462346, 962886.7696879489813 ], [ 3829272.477872596587986, 962886.7696879489813 ], [ 3829235.053355247713625, 962886.7696879489813 ], [ 3829197.628837898839265, 962886.7696879489813 ], [ 3829171.165707898791879, 962913.232817949028686 ], [ 3829171.165707898791879, 962950.657335297903046 ], [ 3829171.165707898791879, 962988.081852646777406 ], [ 3829171.165707898791879, 963025.506369995651767 ], [ 3829171.165707898791879, 963062.930887344526127 ], [ 3829171.165707898791879, 963100.355404693400487 ], [ 3829171.165707898791879, 963137.779922042274848 ], [ 3829171.165707898791879, 963175.204439391149208 ], [ 3829171.165707898791879, 963212.628956740023568 ], [ 3829133.741190549917519, 963212.628956740023568 ], [ 3829096.316673201043159, 963212.628956740023568 ], [ 3829058.892155852168798, 963212.628956740023568 ], [ 3829021.467638503294438, 963212.628956740023568 ], [ 3828995.004508503247052, 963239.092086740070954 ], [ 3828995.004508503247052, 963276.516604088945314 ], [ 3828995.004508503247052, 963313.941121437819675 ], [ 3828995.004508503247052, 963351.365638786694035 ], [ 3828995.004508503247052, 963388.790156135568395 ], [ 3828995.004508503247052, 963426.214673484442756 ], [ 3828995.004508503247052, 963463.639190833317116 ], [ 3828995.004508503247052, 963501.063708182191476 ], [ 3828995.004508503247052, 963538.488225531065837 ], [ 3828957.579991154372692, 963538.488225531065837 ], [ 3828920.155473805498332, 963538.488225531065837 ], [ 3828882.730956456623971, 963538.488225531065837 ], [ 3828845.306439107749611, 963538.488225531065837 ], [ 3828845.306439107749611, 963575.912742879940197 ], [ 3828845.306439107749611, 963613.337260228814557 ], [ 3828845.306439107749611, 963650.761777577688918 ], [ 3828845.306439107749611, 963688.186294926563278 ], [ 3828845.306439107749611, 963725.610812275437638 ], [ 3828845.306439107749611, 963763.035329624311998 ], [ 3828845.306439107749611, 963800.459846973186359 ], [ 3828845.306439107749611, 963837.884364322060719 ], [ 3828845.306439107749611, 963875.308881670935079 ], [ 3828845.306439107749611, 963912.73339901980944 ], [ 3828845.306439107749611, 963950.1579163686838 ], [ 3828845.306439107749611, 963987.58243371755816 ], [ 3828845.306439107749611, 964025.006951066432521 ], [ 3828807.881921758875251, 964025.006951066432521 ], [ 3828770.45740441000089, 964025.006951066432521 ], [ 3828733.03288706112653, 964025.006951066432521 ], [ 3828695.60836971225217, 964025.006951066432521 ], [ 3828669.145239712204784, 964051.470081066479906 ], [ 3828669.145239712204784, 964088.894598415354267 ], [ 3828669.145239712204784, 964126.319115764228627 ], [ 3828669.145239712204784, 964163.743633113102987 ], [ 3828669.145239712204784, 964201.168150461977348 ], [ 3828669.145239712204784, 964238.592667810851708 ], [ 3828669.145239712204784, 964276.017185159726068 ], [ 3828669.145239712204784, 964313.441702508600429 ], [ 3828669.145239712204784, 964350.866219857474789 ], [ 3828669.145239712204784, 964388.290737206349149 ], [ 3828669.145239712204784, 964425.71525455522351 ], [ 3828669.145239712204784, 964463.13977190409787 ], [ 3828669.145239712204784, 964500.56428925297223 ], [ 3828642.682109712157398, 964527.027419253019616 ], [ 3828605.257592363283038, 964527.027419253019616 ], [ 3828567.833075014408678, 964527.027419253019616 ], [ 3828530.408557665534317, 964527.027419253019616 ], [ 3828503.945427665486932, 964553.490549253067002 ], [ 3828503.945427665486932, 964590.915066601941362 ], [ 3828503.945427665486932, 964628.339583950815722 ], [ 3828503.945427665486932, 964665.764101299690083 ], [ 3828503.945427665486932, 964703.188618648564443 ], [ 3828503.945427665486932, 964740.613135997438803 ], [ 3828503.945427665486932, 964778.037653346313164 ], [ 3828503.945427665486932, 964815.462170695187524 ], [ 3828503.945427665486932, 964852.886688044061884 ], [ 3828466.520910316612571, 964852.886688044061884 ], [ 3828429.096392967738211, 964852.886688044061884 ], [ 3828391.671875618863851, 964852.886688044061884 ], [ 3828354.247358269989491, 964852.886688044061884 ], [ 3828327.784228269942105, 964879.34981804410927 ], [ 3828327.784228269942105, 964916.77433539298363 ], [ 3828327.784228269942105, 964954.198852741857991 ], [ 3828327.784228269942105, 964991.623370090732351 ], [ 3828327.784228269942105, 965029.047887439606711 ], [ 3828327.784228269942105, 965066.472404788481072 ], [ 3828327.784228269942105, 965103.896922137355432 ], [ 3828327.784228269942105, 965141.321439486229792 ], [ 3828327.784228269942105, 965178.745956835104153 ], [ 3828327.784228269942105, 965216.170474183978513 ], [ 3828327.784228269942105, 965253.594991532852873 ], [ 3828327.784228269942105, 965291.019508881727234 ], [ 3828327.784228269942105, 965328.444026230601594 ], [ 3828327.784228269942105, 965365.868543579475954 ], [ 3828290.359710921067744, 965365.868543579475954 ], [ 3828252.935193572193384, 965365.868543579475954 ], [ 3828215.510676223319024, 965365.868543579475954 ], [ 3828189.047546223271638, 965392.33167357952334 ], [ 3828189.047546223271638, 965429.7561909283977 ], [ 3828189.047546223271638, 965467.180708277272061 ], [ 3828189.047546223271638, 965504.605225626146421 ], [ 3828189.047546223271638, 965542.029742975020781 ], [ 3828189.047546223271638, 965579.454260323895141 ], [ 3828189.047546223271638, 965616.878777672769502 ], [ 3828189.047546223271638, 965654.303295021643862 ], [ 3828162.584416223224252, 965680.766425021691248 ], [ 3828125.159898874349892, 965680.766425021691248 ], [ 3828087.735381525475532, 965680.766425021691248 ], [ 3828050.310864176601171, 965680.766425021691248 ], [ 3828023.847734176553786, 965707.229555021738634 ], [ 3828023.847734176553786, 965744.654072370612994 ], [ 3828023.847734176553786, 965782.078589719487354 ], [ 3828023.847734176553786, 965819.503107068361714 ], [ 3828023.847734176553786, 965856.927624417236075 ], [ 3828023.847734176553786, 965894.352141766110435 ], [ 3828023.847734176553786, 965931.776659114984795 ], [ 3828023.847734176553786, 965969.201176463859156 ], [ 3828023.847734176553786, 966006.625693812733516 ], [ 3828023.847734176553786, 966044.050211161607876 ], [ 3828023.847734176553786, 966081.474728510482237 ], [ 3828023.847734176553786, 966118.899245859356597 ], [ 3828023.847734176553786, 966156.323763208230957 ], [ 3828023.847734176553786, 966193.748280557105318 ], [ 3827986.423216827679425, 966193.748280557105318 ], [ 3827948.998699478805065, 966193.748280557105318 ], [ 3827911.574182129930705, 966193.748280557105318 ], [ 3827874.149664781056345, 966193.748280557105318 ], [ 3827847.686534781008959, 966220.211410557152703 ], [ 3827847.686534781008959, 966257.635927906027064 ], [ 3827847.686534781008959, 966295.060445254901424 ], [ 3827847.686534781008959, 966332.484962603775784 ], [ 3827821.223404780961573, 966358.94809260382317 ], [ 3827783.798887432087213, 966358.94809260382317 ], [ 3827746.374370083212852, 966358.94809260382317 ], [ 3827708.949852734338492, 966358.94809260382317 ], [ 3827682.486722734291106, 966385.411222603870556 ], [ 3827682.486722734291106, 966422.835739952744916 ], [ 3827682.486722734291106, 966460.260257301619276 ], [ 3827682.486722734291106, 966497.684774650493637 ], [ 3827682.486722734291106, 966535.109291999367997 ], [ 3827682.486722734291106, 966572.533809348242357 ], [ 3827682.486722734291106, 966609.958326697116718 ], [ 3827682.486722734291106, 966647.382844045991078 ], [ 3827682.486722734291106, 966684.807361394865438 ], [ 3827682.486722734291106, 966722.231878743739799 ], [ 3827682.486722734291106, 966759.656396092614159 ], [ 3827682.486722734291106, 966797.080913441488519 ], [ 3827682.486722734291106, 966834.50543079036288 ], [ 3827645.062205385416746, 966834.50543079036288 ], [ 3827607.637688036542386, 966834.50543079036288 ], [ 3827570.213170687668025, 966834.50543079036288 ], [ 3827532.788653338793665, 966834.50543079036288 ], [ 3827506.325523338746279, 966860.968560790410265 ], [ 3827506.325523338746279, 966898.393078139284626 ], [ 3827506.325523338746279, 966935.817595488158986 ], [ 3827506.325523338746279, 966973.242112837033346 ], [ 3827506.325523338746279, 967010.666630185907707 ], [ 3827506.325523338746279, 967048.091147534782067 ], [ 3827506.325523338746279, 967085.515664883656427 ], [ 3827506.325523338746279, 967122.940182232530788 ], [ 3827506.325523338746279, 967160.364699581405148 ], [ 3827506.325523338746279, 967197.789216930279508 ], [ 3827506.325523338746279, 967235.213734279153869 ], [ 3827506.325523338746279, 967272.638251628028229 ], [ 3827506.325523338746279, 967310.062768976902589 ], [ 3827506.325523338746279, 967347.48728632577695 ], [ 3827468.901005989871919, 967347.48728632577695 ], [ 3827431.476488640997559, 967347.48728632577695 ], [ 3827394.051971292123199, 967347.48728632577695 ], [ 3827367.588841292075813, 967373.950416325824335 ], [ 3827367.588841292075813, 967411.374933674698696 ], [ 3827367.588841292075813, 967448.799451023573056 ], [ 3827367.588841292075813, 967486.223968372447416 ], [ 3827367.588841292075813, 967523.648485721321777 ], [ 3827367.588841292075813, 967561.073003070196137 ], [ 3827367.588841292075813, 967598.497520419070497 ], [ 3827367.588841292075813, 967635.922037767944857 ], [ 3827341.125711292028427, 967662.385167767992243 ], [ 3827303.701193943154067, 967662.385167767992243 ], [ 3827266.276676594279706, 967662.385167767992243 ], [ 3827228.852159245405346, 967662.385167767992243 ], [ 3827191.427641896530986, 967662.385167767992243 ], [ 3827164.9645118964836, 967688.848297768039629 ], [ 3827164.9645118964836, 967726.272815116913989 ], [ 3827164.9645118964836, 967763.69733246578835 ], [ 3827164.9645118964836, 967801.12184981466271 ], [ 3827164.9645118964836, 967838.54636716353707 ], [ 3827164.9645118964836, 967875.97088451241143 ], [ 3827164.9645118964836, 967913.395401861285791 ], [ 3827164.9645118964836, 967950.819919210160151 ], [ 3827164.9645118964836, 967988.244436559034511 ], [ 3827127.53999454760924, 967988.244436559034511 ], [ 3827090.115477198734879, 967988.244436559034511 ], [ 3827052.690959849860519, 967988.244436559034511 ], [ 3827026.227829849813133, 968014.707566559081897 ], [ 3827026.227829849813133, 968052.132083907956257 ], [ 3827026.227829849813133, 968089.556601256830618 ], [ 3827026.227829849813133, 968126.981118605704978 ], [ 3827026.227829849813133, 968164.405635954579338 ], [ 3827026.227829849813133, 968201.830153303453699 ], [ 3827026.227829849813133, 968239.254670652328059 ], [ 3827026.227829849813133, 968276.679188001202419 ], [ 3827026.227829849813133, 968314.10370535007678 ], [ 3827026.227829849813133, 968351.52822269895114 ], [ 3827026.227829849813133, 968388.9527400478255 ], [ 3827026.227829849813133, 968426.377257396699861 ], [ 3827026.227829849813133, 968463.801774745574221 ], [ 3827026.227829849813133, 968501.226292094448581 ], [ 3826988.803312500938773, 968501.226292094448581 ], [ 3826951.378795152064413, 968501.226292094448581 ], [ 3826913.954277803190053, 968501.226292094448581 ], [ 3826876.529760454315692, 968501.226292094448581 ], [ 3826850.066630454268306, 968527.689422094495967 ], [ 3826850.066630454268306, 968565.113939443370327 ], [ 3826850.066630454268306, 968602.538456792244688 ], [ 3826850.066630454268306, 968639.962974141119048 ], [ 3826850.066630454268306, 968677.387491489993408 ], [ 3826850.066630454268306, 968714.812008838867769 ], [ 3826850.066630454268306, 968752.236526187742129 ], [ 3826850.066630454268306, 968789.661043536616489 ], [ 3826850.066630454268306, 968827.08556088549085 ], [ 3826812.642113105393946, 968827.08556088549085 ], [ 3826775.217595756519586, 968827.08556088549085 ], [ 3826737.793078407645226, 968827.08556088549085 ], [ 3826711.32994840759784, 968853.548690885538235 ], [ 3826711.32994840759784, 968890.973208234412596 ], [ 3826711.32994840759784, 968928.397725583286956 ], [ 3826711.32994840759784, 968965.822242932161316 ], [ 3826711.32994840759784, 969003.246760281035677 ], [ 3826711.32994840759784, 969040.671277629910037 ], [ 3826711.32994840759784, 969078.095794978784397 ], [ 3826711.32994840759784, 969115.520312327658758 ], [ 3826711.32994840759784, 969152.944829676533118 ], [ 3826711.32994840759784, 969190.369347025407478 ], [ 3826711.32994840759784, 969227.793864374281839 ], [ 3826711.32994840759784, 969265.218381723156199 ], [ 3826711.32994840759784, 969302.642899072030559 ], [ 3826684.866818407550454, 969329.106029072077945 ], [ 3826647.442301058676094, 969329.106029072077945 ], [ 3826610.017783709801733, 969329.106029072077945 ], [ 3826572.593266360927373, 969329.106029072077945 ], [ 3826535.168749012053013, 969329.106029072077945 ], [ 3826535.168749012053013, 969366.530546420952305 ], [ 3826535.168749012053013, 969403.955063769826666 ], [ 3826535.168749012053013, 969441.379581118701026 ], [ 3826535.168749012053013, 969478.804098467575386 ], [ 3826535.168749012053013, 969516.228615816449746 ], [ 3826535.168749012053013, 969553.653133165324107 ], [ 3826535.168749012053013, 969591.077650514198467 ], [ 3826535.168749012053013, 969628.502167863072827 ], [ 3826535.168749012053013, 969665.926685211947188 ], [ 3826497.744231663178653, 969665.926685211947188 ], [ 3826460.319714314304292, 969665.926685211947188 ], [ 3826422.895196965429932, 969665.926685211947188 ], [ 3826385.470679616555572, 969665.926685211947188 ], [ 3826359.007549616508186, 969692.389815211994573 ], [ 3826359.007549616508186, 969729.814332560868934 ], [ 3826359.007549616508186, 969767.238849909743294 ], [ 3826359.007549616508186, 969804.663367258617654 ], [ 3826359.007549616508186, 969842.087884607492015 ], [ 3826359.007549616508186, 969879.512401956366375 ], [ 3826359.007549616508186, 969916.936919305240735 ], [ 3826359.007549616508186, 969954.361436654115096 ], [ 3826332.5444196164608, 969980.824566654162481 ], [ 3826295.11990226758644, 969980.824566654162481 ], [ 3826257.69538491871208, 969980.824566654162481 ], [ 3826220.270867569837719, 969980.824566654162481 ], [ 3826193.807737569790334, 970007.287696654209867 ], [ 3826193.807737569790334, 970044.712214003084227 ], [ 3826193.807737569790334, 970082.136731351958588 ], [ 3826193.807737569790334, 970119.561248700832948 ], [ 3826193.807737569790334, 970156.985766049707308 ], [ 3826193.807737569790334, 970194.410283398581669 ], [ 3826193.807737569790334, 970231.834800747456029 ], [ 3826193.807737569790334, 970269.259318096330389 ], [ 3826193.807737569790334, 970306.68383544520475 ], [ 3826193.807737569790334, 970344.10835279407911 ], [ 3826193.807737569790334, 970381.53287014295347 ], [ 3826193.807737569790334, 970418.957387491827831 ], [ 3826193.807737569790334, 970456.381904840702191 ], [ 3826193.807737569790334, 970493.806422189576551 ], [ 3826156.383220220915973, 970493.806422189576551 ], [ 3826118.958702872041613, 970493.806422189576551 ], [ 3826081.534185523167253, 970493.806422189576551 ], [ 3826044.109668174292892, 970493.806422189576551 ], [ 3826044.109668174292892, 970531.230939538450912 ], [ 3826044.109668174292892, 970568.655456887325272 ], [ 3826044.109668174292892, 970606.079974236199632 ], [ 3826044.109668174292892, 970643.504491585073993 ], [ 3826044.109668174292892, 970680.929008933948353 ], [ 3826044.109668174292892, 970718.353526282822713 ], [ 3826044.109668174292892, 970755.778043631697074 ], [ 3826044.109668174292892, 970793.202560980571434 ], [ 3826044.109668174292892, 970830.627078329445794 ], [ 3826044.109668174292892, 970868.051595678320155 ], [ 3826044.109668174292892, 970905.476113027194515 ], [ 3826044.109668174292892, 970942.900630376068875 ], [ 3826044.109668174292892, 970980.325147724943236 ], [ 3826006.685150825418532, 970980.325147724943236 ], [ 3825969.260633476544172, 970980.325147724943236 ], [ 3825931.836116127669811, 970980.325147724943236 ], [ 3825894.411598778795451, 970980.325147724943236 ], [ 3825867.948468778748065, 971006.788277724990621 ], [ 3825867.948468778748065, 971044.212795073864982 ], [ 3825867.948468778748065, 971081.637312422739342 ], [ 3825867.948468778748065, 971119.061829771613702 ], [ 3825867.948468778748065, 971156.486347120488063 ], [ 3825867.948468778748065, 971193.910864469362423 ], [ 3825867.948468778748065, 971231.335381818236783 ], [ 3825867.948468778748065, 971268.759899167111143 ], [ 3825867.948468778748065, 971306.184416515985504 ], [ 3825830.523951429873705, 971306.184416515985504 ], [ 3825793.099434080999345, 971306.184416515985504 ], [ 3825755.674916732124984, 971306.184416515985504 ], [ 3825729.211786732077599, 971332.647546516032889 ], [ 3825729.211786732077599, 971370.07206386490725 ], [ 3825729.211786732077599, 971407.49658121378161 ], [ 3825729.211786732077599, 971444.92109856265597 ], [ 3825729.211786732077599, 971482.345615911530331 ], [ 3825729.211786732077599, 971519.770133260404691 ], [ 3825729.211786732077599, 971557.194650609279051 ], [ 3825729.211786732077599, 971594.619167958153412 ], [ 3825729.211786732077599, 971632.043685307027772 ], [ 3825729.211786732077599, 971669.468202655902132 ], [ 3825729.211786732077599, 971706.892720004776493 ], [ 3825729.211786732077599, 971744.317237353650853 ], [ 3825729.211786732077599, 971781.741754702525213 ], [ 3825729.211786732077599, 971819.166272051399574 ], [ 3825766.636304080951959, 971819.166272051399574 ], [ 3825804.060821429826319, 971819.166272051399574 ], [ 3825841.48533877870068, 971819.166272051399574 ], [ 3825867.948468778748065, 971845.629402051446959 ], [ 3825867.948468778748065, 971883.05391940032132 ], [ 3825867.948468778748065, 971920.47843674919568 ], [ 3825867.948468778748065, 971957.90295409807004 ], [ 3825894.411598778795451, 971984.366084098117426 ], [ 3825931.836116127669811, 971984.366084098117426 ], [ 3825969.260633476544172, 971984.366084098117426 ], [ 3826006.685150825418532, 971984.366084098117426 ], [ 3826044.109668174292892, 971984.366084098117426 ], [ 3826081.534185523167253, 971984.366084098117426 ], [ 3826118.958702872041613, 971984.366084098117426 ], [ 3826156.383220220915973, 971984.366084098117426 ], [ 3826193.807737569790334, 971984.366084098117426 ], [ 3826231.232254918664694, 971984.366084098117426 ], [ 3826268.656772267539054, 971984.366084098117426 ], [ 3826306.081289616413414, 971984.366084098117426 ], [ 3826343.505806965287775, 971984.366084098117426 ], [ 3826380.930324314162135, 971984.366084098117426 ], [ 3826418.354841663036495, 971984.366084098117426 ], [ 3826455.779359011910856, 971984.366084098117426 ], [ 3826493.203876360785216, 971984.366084098117426 ], [ 3826530.628393709659576, 971984.366084098117426 ], [ 3826568.052911058533937, 971984.366084098117426 ], [ 3826605.477428407408297, 971984.366084098117426 ], [ 3826642.901945756282657, 971984.366084098117426 ], [ 3826680.326463105157018, 971984.366084098117426 ], [ 3826717.750980454031378, 971984.366084098117426 ], [ 3826755.175497802905738, 971984.366084098117426 ], [ 3826792.600015151780099, 971984.366084098117426 ], [ 3826830.024532500654459, 971984.366084098117426 ], [ 3826867.449049849528819, 971984.366084098117426 ], [ 3826904.87356719840318, 971984.366084098117426 ], [ 3826942.29808454727754, 971984.366084098117426 ], [ 3826979.7226018961519, 971984.366084098117426 ], [ 3827017.147119245026261, 971984.366084098117426 ], [ 3827054.571636593900621, 971984.366084098117426 ], [ 3827091.996153942774981, 971984.366084098117426 ], [ 3827129.420671291649342, 971984.366084098117426 ], [ 3827166.845188640523702, 971984.366084098117426 ], [ 3827204.269705989398062, 971984.366084098117426 ], [ 3827241.694223338272423, 971984.366084098117426 ], [ 3827279.118740687146783, 971984.366084098117426 ], [ 3827316.543258036021143, 971984.366084098117426 ], [ 3827353.967775384895504, 971984.366084098117426 ], [ 3827391.392292733769864, 971984.366084098117426 ], [ 3827428.816810082644224, 971984.366084098117426 ], [ 3827466.241327431518584, 971984.366084098117426 ], [ 3827503.665844780392945, 971984.366084098117426 ], [ 3827530.128974780440331, 972010.829214098164812 ], [ 3827530.128974780440331, 972048.253731447039172 ], [ 3827530.128974780440331, 972085.678248795913532 ], [ 3827530.128974780440331, 972123.102766144787893 ], [ 3827530.128974780440331, 972160.527283493662253 ], [ 3827567.553492129314691, 972160.527283493662253 ], [ 3827604.978009478189051, 972160.527283493662253 ], [ 3827642.402526827063411, 972160.527283493662253 ], [ 3827679.827044175937772, 972160.527283493662253 ], [ 3827717.251561524812132, 972160.527283493662253 ], [ 3827754.676078873686492, 972160.527283493662253 ], [ 3827792.100596222560853, 972160.527283493662253 ], [ 3827829.525113571435213, 972160.527283493662253 ], [ 3827866.949630920309573, 972160.527283493662253 ], [ 3827904.374148269183934, 972160.527283493662253 ], [ 3827941.798665618058294, 972160.527283493662253 ], [ 3827979.223182966932654, 972160.527283493662253 ], [ 3828016.647700315807015, 972160.527283493662253 ], [ 3828043.1108303158544, 972134.064153493614867 ], [ 3828043.1108303158544, 972096.639636144740507 ], [ 3828043.1108303158544, 972059.215118795866147 ], [ 3828043.1108303158544, 972021.790601446991786 ], [ 3828069.573960315901786, 971995.327471446944401 ], [ 3828106.998477664776146, 971995.327471446944401 ], [ 3828144.422995013650507, 971995.327471446944401 ], [ 3828181.847512362524867, 971995.327471446944401 ], [ 3828181.847512362524867, 972032.751988795818761 ], [ 3828181.847512362524867, 972070.176506144693121 ], [ 3828181.847512362524867, 972107.601023493567482 ], [ 3828181.847512362524867, 972145.025540842441842 ], [ 3828208.310642362572253, 972171.488670842489228 ], [ 3828245.735159711446613, 972171.488670842489228 ], [ 3828283.159677060320973, 972171.488670842489228 ], [ 3828320.584194409195334, 972171.488670842489228 ], [ 3828358.008711758069694, 972171.488670842489228 ], [ 3828395.433229106944054, 972171.488670842489228 ], [ 3828432.857746455818415, 972171.488670842489228 ], [ 3828470.282263804692775, 972171.488670842489228 ], [ 3828507.706781153567135, 972171.488670842489228 ], [ 3828507.706781153567135, 972208.913188191363588 ], [ 3828507.706781153567135, 972246.337705540237948 ], [ 3828507.706781153567135, 972283.762222889112309 ], [ 3828507.706781153567135, 972321.186740237986669 ], [ 3828545.131298502441496, 972321.186740237986669 ], [ 3828582.555815851315856, 972321.186740237986669 ], [ 3828619.980333200190216, 972321.186740237986669 ], [ 3828646.443463200237602, 972347.649870238034055 ], [ 3828646.443463200237602, 972385.074387586908415 ], [ 3828646.443463200237602, 972422.498904935782775 ], [ 3828646.443463200237602, 972459.923422284657136 ], [ 3828672.906593200284988, 972486.386552284704521 ], [ 3828710.331110549159348, 972486.386552284704521 ], [ 3828747.755627898033708, 972486.386552284704521 ], [ 3828785.180145246908069, 972486.386552284704521 ], [ 3828822.604662595782429, 972486.386552284704521 ], [ 3828860.029179944656789, 972486.386552284704521 ], [ 3828860.029179944656789, 972448.962034935830161 ], [ 3828860.029179944656789, 972411.537517586955801 ], [ 3828860.029179944656789, 972374.11300023808144 ], [ 3828860.029179944656789, 972336.68848288920708 ], [ 3828897.45369729353115, 972336.68848288920708 ], [ 3828934.87821464240551, 972336.68848288920708 ], [ 3828972.30273199127987, 972336.68848288920708 ], [ 3829009.727249340154231, 972336.68848288920708 ], [ 3829009.727249340154231, 972374.11300023808144 ], [ 3829009.727249340154231, 972411.537517586955801 ], [ 3829009.727249340154231, 972448.962034935830161 ], [ 3829009.727249340154231, 972486.386552284704521 ], [ 3829047.151766689028591, 972486.386552284704521 ], [ 3829084.576284037902951, 972486.386552284704521 ], [ 3829122.000801386777312, 972486.386552284704521 ], [ 3829148.463931386824697, 972512.849682284751907 ], [ 3829148.463931386824697, 972550.274199633626267 ], [ 3829148.463931386824697, 972587.698716982500628 ], [ 3829148.463931386824697, 972625.123234331374988 ], [ 3829174.927061386872083, 972651.586364331422374 ], [ 3829212.351578735746443, 972651.586364331422374 ], [ 3829249.776096084620804, 972651.586364331422374 ], [ 3829287.200613433495164, 972651.586364331422374 ], [ 3829324.625130782369524, 972651.586364331422374 ], [ 3829362.049648131243885, 972651.586364331422374 ], [ 3829399.474165480118245, 972651.586364331422374 ], [ 3829436.898682828992605, 972651.586364331422374 ], [ 3829474.323200177866966, 972651.586364331422374 ], [ 3829511.747717526741326, 972651.586364331422374 ], [ 3829549.172234875615686, 972651.586364331422374 ], [ 3829586.596752224490047, 972651.586364331422374 ], [ 3829624.021269573364407, 972651.586364331422374 ], [ 3829650.484399573411793, 972678.049494331469759 ], [ 3829650.484399573411793, 972715.47401168034412 ], [ 3829650.484399573411793, 972752.89852902921848 ], [ 3829650.484399573411793, 972790.32304637809284 ], [ 3829676.947529573459178, 972816.786176378140226 ], [ 3829714.372046922333539, 972816.786176378140226 ], [ 3829751.796564271207899, 972816.786176378140226 ], [ 3829789.221081620082259, 972816.786176378140226 ], [ 3829815.684211620129645, 972843.249306378187612 ], [ 3829815.684211620129645, 972880.673823727061972 ], [ 3829815.684211620129645, 972918.098341075936332 ], [ 3829815.684211620129645, 972955.522858424810693 ], [ 3829842.147341620177031, 972981.985988424858078 ], [ 3829879.571858969051391, 972981.985988424858078 ], [ 3829916.996376317925751, 972981.985988424858078 ], [ 3829954.420893666800112, 972981.985988424858078 ], [ 3829991.845411015674472, 972981.985988424858078 ], [ 3830029.269928364548832, 972981.985988424858078 ], [ 3830066.694445713423193, 972981.985988424858078 ], [ 3830104.118963062297553, 972981.985988424858078 ], [ 3830130.582093062344939, 973008.449118424905464 ], [ 3830130.582093062344939, 973045.873635773779824 ], [ 3830130.582093062344939, 973083.298153122654185 ], [ 3830130.582093062344939, 973120.722670471528545 ], [ 3830157.045223062392324, 973147.185800471575931 ], [ 3830194.469740411266685, 973147.185800471575931 ], [ 3830231.894257760141045, 973147.185800471575931 ], [ 3830269.318775109015405, 973147.185800471575931 ], [ 3830306.743292457889766, 973147.185800471575931 ], [ 3830344.167809806764126, 973147.185800471575931 ], [ 3830381.592327155638486, 973147.185800471575931 ], [ 3830419.016844504512846, 973147.185800471575931 ], [ 3830456.441361853387207, 973147.185800471575931 ], [ 3830493.865879202261567, 973147.185800471575931 ], [ 3830493.865879202261567, 973184.610317820450291 ], [ 3830493.865879202261567, 973222.034835169324651 ], [ 3830493.865879202261567, 973259.459352518199012 ], [ 3830493.865879202261567, 973296.883869867073372 ], [ 3830520.329009202308953, 973323.346999867120758 ], [ 3830557.753526551183313, 973323.346999867120758 ], [ 3830595.178043900057673, 973323.346999867120758 ], [ 3830632.602561248932034, 973323.346999867120758 ], [ 3830670.027078597806394, 973323.346999867120758 ], [ 3830707.451595946680754, 973323.346999867120758 ], [ 3830744.876113295555115, 973323.346999867120758 ], [ 3830782.300630644429475, 973323.346999867120758 ], [ 3830819.725147993303835, 973323.346999867120758 ], [ 3830857.149665342178196, 973323.346999867120758 ], [ 3830894.574182691052556, 973323.346999867120758 ], [ 3830931.998700039926916, 973323.346999867120758 ], [ 3830969.423217388801277, 973323.346999867120758 ], [ 3831006.847734737675637, 973323.346999867120758 ], [ 3831044.272252086549997, 973323.346999867120758 ], [ 3831081.696769435424358, 973323.346999867120758 ], [ 3831119.121286784298718, 973323.346999867120758 ], [ 3831156.545804133173078, 973323.346999867120758 ], [ 3831156.545804133173078, 973360.771517215995118 ], [ 3831156.545804133173078, 973398.196034564869478 ], [ 3831156.545804133173078, 973435.620551913743839 ], [ 3831156.545804133173078, 973473.045069262618199 ], [ 3831193.970321482047439, 973473.045069262618199 ], [ 3831231.394838830921799, 973473.045069262618199 ], [ 3831268.819356179796159, 973473.045069262618199 ], [ 3831306.24387352867052, 973473.045069262618199 ], [ 3831343.66839087754488, 973473.045069262618199 ], [ 3831381.09290822641924, 973473.045069262618199 ], [ 3831418.517425575293601, 973473.045069262618199 ], [ 3831455.941942924167961, 973473.045069262618199 ], [ 3831455.941942924167961, 973510.469586611492559 ], [ 3831455.941942924167961, 973547.89410396036692 ], [ 3831455.941942924167961, 973585.31862130924128 ], [ 3831455.941942924167961, 973622.74313865811564 ], [ 3831482.405072924215347, 973649.206268658163026 ], [ 3831519.829590273089707, 973649.206268658163026 ], [ 3831557.254107621964067, 973649.206268658163026 ], [ 3831594.678624970838428, 973649.206268658163026 ], [ 3831632.103142319712788, 973649.206268658163026 ], [ 3831669.527659668587148, 973649.206268658163026 ], [ 3831706.952177017461509, 973649.206268658163026 ], [ 3831744.376694366335869, 973649.206268658163026 ], [ 3831781.801211715210229, 973649.206268658163026 ], [ 3831819.225729064084589, 973649.206268658163026 ], [ 3831856.65024641295895, 973649.206268658163026 ], [ 3831894.07476376183331, 973649.206268658163026 ], [ 3831931.49928111070767, 973649.206268658163026 ], [ 3831968.923798459582031, 973649.206268658163026 ], [ 3831968.923798459582031, 973686.630786007037386 ], [ 3831968.923798459582031, 973724.055303355911747 ], [ 3831968.923798459582031, 973761.479820704786107 ], [ 3831968.923798459582031, 973798.904338053660467 ], [ 3831995.386928459629416, 973825.367468053707853 ], [ 3832032.811445808503777, 973825.367468053707853 ], [ 3832070.235963157378137, 973825.367468053707853 ], [ 3832107.660480506252497, 973825.367468053707853 ], [ 3832145.084997855126858, 973825.367468053707853 ], [ 3832182.509515204001218, 973825.367468053707853 ], [ 3832219.934032552875578, 973825.367468053707853 ], [ 3832257.358549901749939, 973825.367468053707853 ], [ 3832294.783067250624299, 973825.367468053707853 ], [ 3832294.783067250624299, 973862.791985402582213 ], [ 3832294.783067250624299, 973900.216502751456574 ], [ 3832293.310793167445809, 973939.911197751411237 ], [ 3832310.550777758471668, 973979.6058927513659 ], [ 3832347.975295107346028, 973979.6058927513659 ], [ 3832385.399812456220388, 973979.6058927513659 ], [ 3832422.824329805094749, 973979.6058927513659 ], [ 3832460.248847153969109, 973979.6058927513659 ], [ 3832497.673364502843469, 973979.6058927513659 ], [ 3832535.09788185171783, 973979.6058927513659 ], [ 3832572.52239920059219, 973979.6058927513659 ], [ 3832609.94691654946655, 973979.6058927513659 ], [ 3832647.371433898340911, 973979.6058927513659 ], [ 3832684.795951247215271, 973979.6058927513659 ], [ 3832722.220468596089631, 973979.6058927513659 ], [ 3832759.644985944963992, 973979.6058927513659 ], [ 3832797.069503293838352, 973979.6058927513659 ], [ 3832834.494020642712712, 973979.6058927513659 ], [ 3832871.918537991587073, 973979.6058927513659 ], [ 3832909.343055340461433, 973979.6058927513659 ], [ 3832946.767572689335793, 973979.6058927513659 ], [ 3832946.767572689335793, 974017.03041010024026 ], [ 3832946.767572689335793, 974054.454927449114621 ], [ 3832946.767572689335793, 974091.879444797988981 ], [ 3832946.767572689335793, 974129.303962146863341 ], [ 3832973.230702689383179, 974155.767092146910727 ], [ 3833010.655220038257539, 974155.767092146910727 ], [ 3833048.0797373871319, 974155.767092146910727 ], [ 3833085.50425473600626, 974155.767092146910727 ], [ 3833122.92877208488062, 974155.767092146910727 ], [ 3833160.353289433754981, 974155.767092146910727 ], [ 3833197.777806782629341, 974155.767092146910727 ], [ 3833235.202324131503701, 974155.767092146910727 ], [ 3833272.626841480378062, 974155.767092146910727 ], [ 3833310.051358829252422, 974155.767092146910727 ], [ 3833347.475876178126782, 974155.767092146910727 ], [ 3833384.900393527001143, 974155.767092146910727 ], [ 3833422.324910875875503, 974155.767092146910727 ], [ 3833459.749428224749863, 974155.767092146910727 ], [ 3833459.749428224749863, 974193.191609495785087 ], [ 3833459.749428224749863, 974230.616126844659448 ], [ 3833458.277154141571373, 974270.310821844614111 ], [ 3833497.971849141642451, 974310.005516844568774 ], [ 3833535.396366490516812, 974310.005516844568774 ], [ 3833572.820883839391172, 974310.005516844568774 ], [ 3833610.245401188265532, 974310.005516844568774 ], [ 3833636.708531188312918, 974283.542386844521388 ], [ 3833636.708531188312918, 974246.117869495647028 ], [ 3833636.708531188312918, 974208.693352146772668 ], [ 3833636.708531188312918, 974171.268834797898307 ], [ 3833636.708531188312918, 974133.844317449023947 ], [ 3833674.133048537187278, 974133.844317449023947 ], [ 3833711.557565886061639, 974133.844317449023947 ], [ 3833748.982083234935999, 974133.844317449023947 ], [ 3833775.445213234983385, 974160.307447449071333 ], [ 3833775.445213234983385, 974197.731964797945693 ], [ 3833775.445213234983385, 974235.156482146820053 ], [ 3833775.445213234983385, 974272.580999495694414 ], [ 3833801.90834323503077, 974299.044129495741799 ], [ 3833839.332860583905131, 974299.044129495741799 ], [ 3833876.757377932779491, 974299.044129495741799 ], [ 3833914.181895281653851, 974299.044129495741799 ], [ 3833951.606412630528212, 974299.044129495741799 ], [ 3833989.030929979402572, 974299.044129495741799 ], [ 3834026.455447328276932, 974299.044129495741799 ], [ 3834063.879964677151293, 974299.044129495741799 ], [ 3834090.343094677198678, 974325.507259495789185 ], [ 3834090.343094677198678, 974362.931776844663545 ], [ 3834090.343094677198678, 974400.356294193537906 ], [ 3834090.343094677198678, 974437.780811542412266 ], [ 3834116.806224677246064, 974464.243941542459652 ], [ 3834154.230742026120424, 974464.243941542459652 ], [ 3834191.655259374994785, 974464.243941542459652 ], [ 3834229.079776723869145, 974464.243941542459652 ], [ 3834266.504294072743505, 974464.243941542459652 ], [ 3834303.928811421617866, 974464.243941542459652 ], [ 3834341.353328770492226, 974464.243941542459652 ], [ 3834378.777846119366586, 974464.243941542459652 ], [ 3834416.202363468240947, 974464.243941542459652 ], [ 3834453.626880817115307, 974464.243941542459652 ], [ 3834491.051398165989667, 974464.243941542459652 ], [ 3834528.475915514864028, 974464.243941542459652 ], [ 3834565.900432863738388, 974464.243941542459652 ], [ 3834592.363562863785774, 974490.707071542507038 ], [ 3834592.363562863785774, 974528.131588891381398 ], [ 3834592.363562863785774, 974565.556106240255758 ], [ 3834592.363562863785774, 974602.980623589130118 ], [ 3834592.363562863785774, 974640.405140938004479 ], [ 3834592.363562863785774, 974677.829658286878839 ], [ 3834592.363562863785774, 974715.254175635753199 ], [ 3834592.363562863785774, 974752.67869298462756 ], [ 3834592.363562863785774, 974790.10321033350192 ], [ 3834592.363562863785774, 974827.52772768237628 ], [ 3834592.363562863785774, 974864.952245031250641 ], [ 3834592.363562863785774, 974902.376762380125001 ], [ 3834592.363562863785774, 974939.801279728999361 ], [ 3834618.826692863833159, 974966.264409729046747 ], [ 3834656.25121021270752, 974966.264409729046747 ], [ 3834693.67572756158188, 974966.264409729046747 ], [ 3834731.10024491045624, 974966.264409729046747 ], [ 3834768.524762259330601, 974966.264409729046747 ], [ 3834805.949279608204961, 974966.264409729046747 ], [ 3834843.373796957079321, 974966.264409729046747 ], [ 3834880.798314305953681, 974966.264409729046747 ], [ 3834907.261444306001067, 974992.727539729094133 ], [ 3834907.261444306001067, 975030.152057077968493 ], [ 3834907.261444306001067, 975067.576574426842853 ], [ 3834907.261444306001067, 975105.001091775717214 ], [ 3834933.724574306048453, 975131.464221775764599 ], [ 3834971.149091654922813, 975131.464221775764599 ], [ 3835008.573609003797174, 975131.464221775764599 ], [ 3835045.998126352671534, 975131.464221775764599 ], [ 3835083.422643701545894, 975131.464221775764599 ], [ 3835083.422643701545894, 975168.88873912463896 ], [ 3835083.422643701545894, 975206.31325647351332 ], [ 3835083.422643701545894, 975243.73777382238768 ], [ 3835083.422643701545894, 975281.162291171262041 ], [ 3835109.88577370159328, 975307.625421171309426 ], [ 3835147.31029105046764, 975307.625421171309426 ], [ 3835184.734808399342, 975307.625421171309426 ], [ 3835222.159325748216361, 975307.625421171309426 ], [ 3835259.583843097090721, 975307.625421171309426 ], [ 3835259.583843097090721, 975345.049938520183787 ], [ 3835259.583843097090721, 975382.474455869058147 ], [ 3835259.583843097090721, 975419.898973217932507 ], [ 3835259.583843097090721, 975457.323490566806868 ], [ 3835297.008360445965081, 975457.323490566806868 ], [ 3835334.432877794839442, 975457.323490566806868 ], [ 3835371.857395143713802, 975457.323490566806868 ], [ 3835398.320525143761188, 975483.786620566854253 ], [ 3835398.320525143761188, 975521.211137915728614 ], [ 3835398.320525143761188, 975558.635655264602974 ], [ 3835398.320525143761188, 975596.060172613477334 ], [ 3835424.783655143808573, 975622.52330261352472 ], [ 3835462.208172492682934, 975622.52330261352472 ], [ 3835499.632689841557294, 975622.52330261352472 ], [ 3835537.057207190431654, 975622.52330261352472 ], [ 3835574.481724539306015, 975622.52330261352472 ], [ 3835574.481724539306015, 975659.94781996239908 ], [ 3835574.481724539306015, 975697.372337311273441 ], [ 3835574.481724539306015, 975734.796854660147801 ], [ 3835574.481724539306015, 975772.221372009022161 ], [ 3835574.481724539306015, 975809.645889357896522 ], [ 3835611.906241888180375, 975809.645889357896522 ], [ 3835649.330759237054735, 975809.645889357896522 ], [ 3835686.755276585929096, 975809.645889357896522 ], [ 3835724.179793934803456, 975809.645889357896522 ], [ 3835761.604311283677816, 975809.645889357896522 ], [ 3835761.604311283677816, 975847.070406706770882 ], [ 3835761.604311283677816, 975884.494924055645242 ], [ 3835761.604311283677816, 975921.919441404519603 ], [ 3835761.604311283677816, 975959.343958753393963 ], [ 3835799.028828632552177, 975959.343958753393963 ], [ 3835836.453345981426537, 975959.343958753393963 ], [ 3835873.877863330300897, 975959.343958753393963 ], [ 3835900.340993330348283, 975985.807088753441349 ], [ 3835900.340993330348283, 976023.231606102315709 ], [ 3835900.340993330348283, 976060.656123451190069 ], [ 3835900.340993330348283, 976098.08064080006443 ], [ 3835926.804123330395669, 976124.543770800111815 ], [ 3835964.228640679270029, 976124.543770800111815 ], [ 3836001.653158028144389, 976124.543770800111815 ], [ 3836039.07767537701875, 976124.543770800111815 ], [ 3836065.540805377066135, 976151.006900800159201 ], [ 3836065.540805377066135, 976188.431418149033561 ], [ 3836065.540805377066135, 976225.855935497907922 ], [ 3836065.540805377066135, 976263.280452846782282 ], [ 3836092.003935377113521, 976289.743582846829668 ], [ 3836129.428452725987881, 976289.743582846829668 ], [ 3836166.852970074862242, 976289.743582846829668 ], [ 3836204.277487423736602, 976289.743582846829668 ], [ 3836230.740617423783988, 976316.206712846877053 ], [ 3836230.740617423783988, 976353.631230195751414 ], [ 3836230.740617423783988, 976391.055747544625774 ], [ 3836230.740617423783988, 976428.480264893500134 ], [ 3836257.203747423831373, 976454.94339489354752 ], [ 3836294.628264772705734, 976454.94339489354752 ], [ 3836332.052782121580094, 976454.94339489354752 ], [ 3836369.477299470454454, 976454.94339489354752 ], [ 3836406.901816819328815, 976454.94339489354752 ], [ 3836444.326334168203175, 976454.94339489354752 ], [ 3836481.750851517077535, 976454.94339489354752 ], [ 3836519.175368865951896, 976454.94339489354752 ], [ 3836556.599886214826256, 976454.94339489354752 ], [ 3836556.599886214826256, 976492.36791224242188 ], [ 3836556.599886214826256, 976529.792429591296241 ], [ 3836556.599886214826256, 976567.216946940170601 ], [ 3836556.599886214826256, 976604.641464289044961 ], [ 3836556.599886214826256, 976642.065981637919322 ], [ 3836556.599886214826256, 976679.490498986793682 ], [ 3836556.599886214826256, 976716.915016335668042 ], [ 3836556.599886214826256, 976754.339533684542403 ], [ 3836583.063016214873642, 976780.802663684589788 ], [ 3836620.487533563748002, 976780.802663684589788 ], [ 3836657.912050912622362, 976780.802663684589788 ], [ 3836695.336568261496723, 976780.802663684589788 ], [ 3836721.799698261544108, 976807.265793684637174 ], [ 3836721.799698261544108, 976844.690311033511534 ], [ 3836721.799698261544108, 976882.114828382385895 ], [ 3836721.799698261544108, 976919.539345731260255 ], [ 3836748.262828261591494, 976946.002475731307641 ], [ 3836785.687345610465854, 976946.002475731307641 ], [ 3836823.111862959340215, 976946.002475731307641 ], [ 3836860.536380308214575, 976946.002475731307641 ], [ 3836886.999510308261961, 976972.465605731355026 ], [ 3836886.999510308261961, 977009.890123080229387 ], [ 3836886.999510308261961, 977047.314640429103747 ], [ 3836886.999510308261961, 977084.739157777978107 ], [ 3836913.462640308309346, 977111.202287778025493 ], [ 3836950.887157657183707, 977111.202287778025493 ], [ 3836988.311675006058067, 977111.202287778025493 ], [ 3837025.736192354932427, 977111.202287778025493 ], [ 3837052.199322354979813, 977137.665417778072879 ], [ 3837052.199322354979813, 977175.089935126947239 ], [ 3837052.199322354979813, 977212.514452475821599 ], [ 3837052.199322354979813, 977249.93896982469596 ], [ 3837078.662452355027199, 977276.402099824743345 ], [ 3837116.086969703901559, 977276.402099824743345 ], [ 3837153.511487052775919, 977276.402099824743345 ], [ 3837190.93600440165028, 977276.402099824743345 ], [ 3837217.399134401697665, 977302.865229824790731 ], [ 3837217.399134401697665, 977340.289747173665091 ], [ 3837217.399134401697665, 977377.714264522539452 ], [ 3837217.399134401697665, 977415.138781871413812 ], [ 3837243.862264401745051, 977441.601911871461198 ], [ 3837281.286781750619411, 977441.601911871461198 ], [ 3837318.711299099493772, 977441.601911871461198 ], [ 3837356.135816448368132, 977441.601911871461198 ], [ 3837393.560333797242492, 977441.601911871461198 ], [ 3837393.560333797242492, 977479.026429220335558 ], [ 3837393.560333797242492, 977516.450946569209918 ], [ 3837393.560333797242492, 977553.875463918084279 ], [ 3837393.560333797242492, 977591.299981266958639 ], [ 3837393.560333797242492, 977628.724498615832999 ], [ 3837393.560333797242492, 977666.14901596470736 ], [ 3837393.560333797242492, 977703.57353331358172 ], [ 3837393.560333797242492, 977740.99805066245608 ], [ 3837393.560333797242492, 977778.422568011330441 ], [ 3837430.984851146116853, 977778.422568011330441 ], [ 3837468.409368494991213, 977778.422568011330441 ], [ 3837505.833885843865573, 977778.422568011330441 ], [ 3837543.258403192739934, 977778.422568011330441 ], [ 3837543.258403192739934, 977815.847085360204801 ], [ 3837543.258403192739934, 977853.271602709079161 ], [ 3837543.258403192739934, 977890.696120057953522 ], [ 3837543.258403192739934, 977928.120637406827882 ], [ 3837569.721533192787319, 977954.583767406875268 ], [ 3837607.14605054166168, 977954.583767406875268 ], [ 3837644.57056789053604, 977954.583767406875268 ], [ 3837681.9950852394104, 977954.583767406875268 ], [ 3837719.419602588284761, 977954.583767406875268 ], [ 3837719.419602588284761, 977992.008284755749628 ], [ 3837719.419602588284761, 978029.432802104623988 ], [ 3837719.419602588284761, 978066.857319453498349 ], [ 3837719.419602588284761, 978104.281836802372709 ], [ 3837756.844119937159121, 978104.281836802372709 ], [ 3837794.268637286033481, 978104.281836802372709 ], [ 3837831.693154634907842, 978104.281836802372709 ], [ 3837869.117671983782202, 978104.281836802372709 ], [ 3837869.117671983782202, 978141.706354151247069 ], [ 3837869.117671983782202, 978179.13087150012143 ], [ 3837869.117671983782202, 978216.55538884899579 ], [ 3837869.117671983782202, 978253.97990619787015 ], [ 3837869.117671983782202, 978291.404423546744511 ], [ 3837869.117671983782202, 978328.828940895618871 ], [ 3837869.117671983782202, 978366.253458244493231 ], [ 3837869.117671983782202, 978403.677975593367592 ], [ 3837869.117671983782202, 978441.102492942241952 ], [ 3837906.542189332656562, 978441.102492942241952 ], [ 3837943.966706681530923, 978441.102492942241952 ], [ 3837981.391224030405283, 978441.102492942241952 ], [ 3838018.815741379279643, 978441.102492942241952 ], [ 3838045.278871379327029, 978467.565622942289338 ], [ 3838045.278871379327029, 978504.990140291163698 ], [ 3838045.278871379327029, 978542.414657640038058 ], [ 3838045.278871379327029, 978579.839174988912418 ], [ 3838071.742001379374415, 978606.302304988959804 ], [ 3838109.166518728248775, 978606.302304988959804 ], [ 3838146.591036077123135, 978606.302304988959804 ], [ 3838184.015553425997496, 978606.302304988959804 ], [ 3838210.478683426044881, 978632.76543498900719 ], [ 3838210.478683426044881, 978670.18995233788155 ], [ 3838210.478683426044881, 978707.614469686755911 ], [ 3838210.478683426044881, 978745.038987035630271 ], [ 3838236.941813426092267, 978771.502117035677657 ], [ 3838274.366330774966627, 978771.502117035677657 ], [ 3838311.790848123840988, 978771.502117035677657 ], [ 3838349.215365472715348, 978771.502117035677657 ], [ 3838375.678495472762734, 978797.965247035725042 ], [ 3838375.678495472762734, 978835.389764384599403 ], [ 3838375.678495472762734, 978872.814281733473763 ], [ 3838375.678495472762734, 978910.238799082348123 ], [ 3838402.141625472810119, 978936.701929082395509 ], [ 3838439.56614282168448, 978936.701929082395509 ], [ 3838476.99066017055884, 978936.701929082395509 ], [ 3838514.4151775194332, 978936.701929082395509 ], [ 3838540.878307519480586, 978963.165059082442895 ], [ 3838540.878307519480586, 979000.589576431317255 ], [ 3838540.878307519480586, 979038.014093780191615 ], [ 3838540.878307519480586, 979075.438611129065976 ], [ 3838540.878307519480586, 979112.863128477940336 ], [ 3838578.302824868354946, 979112.863128477940336 ], [ 3838615.727342217229307, 979112.863128477940336 ], [ 3838653.151859566103667, 979112.863128477940336 ], [ 3838690.576376914978027, 979112.863128477940336 ], [ 3838690.576376914978027, 979150.287645826814696 ], [ 3838690.576376914978027, 979187.712163175689057 ], [ 3838690.576376914978027, 979225.136680524563417 ], [ 3838690.576376914978027, 979262.561197873437777 ], [ 3838728.000894263852388, 979262.561197873437777 ], [ 3838765.425411612726748, 979262.561197873437777 ], [ 3838802.849928961601108, 979262.561197873437777 ], [ 3838840.274446310475469, 979262.561197873437777 ], [ 3838866.737576310522854, 979289.024327873485163 ], [ 3838866.737576310522854, 979326.448845222359523 ], [ 3838866.737576310522854, 979363.873362571233884 ], [ 3838866.737576310522854, 979401.297879920108244 ], [ 3838893.20070631057024, 979427.76100992015563 ], [ 3838930.6252236594446, 979427.76100992015563 ], [ 3838968.049741008318961, 979427.76100992015563 ], [ 3839005.474258357193321, 979427.76100992015563 ], [ 3839042.898775706067681, 979427.76100992015563 ], [ 3839042.898775706067681, 979465.18552726902999 ], [ 3839042.898775706067681, 979502.61004461790435 ], [ 3839042.898775706067681, 979540.03456196677871 ], [ 3839042.898775706067681, 979577.459079315653071 ], [ 3839042.898775706067681, 979614.883596664527431 ], [ 3839080.323293054942042, 979614.883596664527431 ], [ 3839117.747810403816402, 979614.883596664527431 ], [ 3839155.172327752690762, 979614.883596664527431 ], [ 3839192.596845101565123, 979614.883596664527431 ], [ 3839192.596845101565123, 979652.308114013401791 ], [ 3839192.596845101565123, 979689.732631362276152 ], [ 3839192.596845101565123, 979727.157148711150512 ], [ 3839192.596845101565123, 979764.581666060024872 ], [ 3839230.021362450439483, 979764.581666060024872 ], [ 3839267.445879799313843, 979764.581666060024872 ], [ 3839304.870397148188204, 979764.581666060024872 ], [ 3839342.294914497062564, 979764.581666060024872 ], [ 3839342.294914497062564, 979802.006183408899233 ], [ 3839342.294914497062564, 979839.430700757773593 ], [ 3839342.294914497062564, 979876.855218106647953 ], [ 3839342.294914497062564, 979914.279735455522314 ], [ 3839368.75804449710995, 979940.742865455569699 ], [ 3839406.18256184598431, 979940.742865455569699 ], [ 3839443.60707919485867, 979940.742865455569699 ], [ 3839481.031596543733031, 979940.742865455569699 ], [ 3839518.456113892607391, 979940.742865455569699 ], [ 3839518.456113892607391, 979978.16738280444406 ], [ 3839518.456113892607391, 980015.59190015331842 ], [ 3839518.456113892607391, 980053.01641750219278 ], [ 3839518.456113892607391, 980090.440934851067141 ], [ 3839555.880631241481751, 980090.440934851067141 ], [ 3839593.305148590356112, 980090.440934851067141 ], [ 3839630.729665939230472, 980090.440934851067141 ], [ 3839668.154183288104832, 980090.440934851067141 ], [ 3839694.617313288152218, 980116.904064851114526 ], [ 3839694.617313288152218, 980154.328582199988887 ], [ 3839694.617313288152218, 980191.753099548863247 ], [ 3839694.617313288152218, 980229.177616897737607 ], [ 3839721.080443288199604, 980255.640746897784993 ], [ 3839758.504960637073964, 980255.640746897784993 ], [ 3839795.929477985948324, 980255.640746897784993 ], [ 3839833.353995334822685, 980255.640746897784993 ], [ 3839870.778512683697045, 980255.640746897784993 ], [ 3839908.203030032571405, 980255.640746897784993 ], [ 3839945.627547381445765, 980255.640746897784993 ], [ 3839983.052064730320126, 980255.640746897784993 ], [ 3840020.476582079194486, 980255.640746897784993 ], [ 3840020.476582079194486, 980293.065264246659353 ], [ 3840020.476582079194486, 980330.489781595533714 ], [ 3840020.476582079194486, 980367.914298944408074 ], [ 3840020.476582079194486, 980405.338816293282434 ], [ 3840020.476582079194486, 980442.763333642156795 ], [ 3840057.901099428068846, 980442.763333642156795 ], [ 3840095.325616776943207, 980442.763333642156795 ], [ 3840132.750134125817567, 980442.763333642156795 ], [ 3840170.174651474691927, 980442.763333642156795 ], [ 3840207.599168823566288, 980442.763333642156795 ], [ 3840245.023686172440648, 980442.763333642156795 ], [ 3840282.448203521315008, 980442.763333642156795 ], [ 3840319.872720870189369, 980442.763333642156795 ], [ 3840357.297238219063729, 980442.763333642156795 ], [ 3840357.297238219063729, 980480.187850991031155 ], [ 3840357.297238219063729, 980517.612368339905515 ], [ 3840357.297238219063729, 980555.036885688779876 ], [ 3840357.297238219063729, 980592.461403037654236 ], [ 3840394.721755567938089, 980592.461403037654236 ], [ 3840432.14627291681245, 980592.461403037654236 ], [ 3840469.57079026568681, 980592.461403037654236 ], [ 3840506.99530761456117, 980592.461403037654236 ], [ 3840544.419824963435531, 980592.461403037654236 ], [ 3840581.844342312309891, 980592.461403037654236 ], [ 3840619.268859661184251, 980592.461403037654236 ], [ 3840656.693377010058612, 980592.461403037654236 ], [ 3840683.156507010105997, 980618.924533037701622 ], [ 3840683.156507010105997, 980656.349050386575982 ], [ 3840683.156507010105997, 980693.773567735450342 ], [ 3840683.156507010105997, 980731.198085084324703 ], [ 3840709.619637010153383, 980757.661215084372088 ], [ 3840747.044154359027743, 980757.661215084372088 ], [ 3840784.468671707902104, 980757.661215084372088 ], [ 3840821.893189056776464, 980757.661215084372088 ], [ 3840859.317706405650824, 980757.661215084372088 ], [ 3840896.742223754525185, 980757.661215084372088 ], [ 3840934.166741103399545, 980757.661215084372088 ], [ 3840971.591258452273905, 980757.661215084372088 ], [ 3841009.015775801148266, 980757.661215084372088 ], [ 3841046.440293150022626, 980757.661215084372088 ], [ 3841083.864810498896986, 980757.661215084372088 ], [ 3841121.289327847771347, 980757.661215084372088 ], [ 3841158.713845196645707, 980757.661215084372088 ], [ 3841185.176975196693093, 980784.124345084419474 ], [ 3841185.176975196693093, 980821.548862433293834 ], [ 3841185.176975196693093, 980858.973379782168195 ], [ 3841185.176975196693093, 980896.397897131042555 ], [ 3841211.640105196740478, 980922.861027131089941 ], [ 3841249.064622545614839, 980922.861027131089941 ], [ 3841286.489139894489199, 980922.861027131089941 ], [ 3841323.913657243363559, 980922.861027131089941 ], [ 3841361.33817459223792, 980922.861027131089941 ], [ 3841398.76269194111228, 980922.861027131089941 ], [ 3841436.18720928998664, 980922.861027131089941 ], [ 3841473.611726638861001, 980922.861027131089941 ], [ 3841511.036243987735361, 980922.861027131089941 ], [ 3841548.460761336609721, 980922.861027131089941 ], [ 3841585.885278685484082, 980922.861027131089941 ], [ 3841623.309796034358442, 980922.861027131089941 ], [ 3841660.734313383232802, 980922.861027131089941 ], [ 3841698.158830732107162, 980922.861027131089941 ], [ 3841735.583348080981523, 980922.861027131089941 ], [ 3841773.007865429855883, 980922.861027131089941 ], [ 3841810.432382778730243, 980922.861027131089941 ], [ 3841847.856900127604604, 980922.861027131089941 ], [ 3841885.281417476478964, 980922.861027131089941 ], [ 3841922.705934825353324, 980922.861027131089941 ], [ 3841960.130452174227685, 980922.861027131089941 ], [ 3841997.554969523102045, 980922.861027131089941 ], [ 3842034.979486871976405, 980922.861027131089941 ], [ 3842072.404004220850766, 980922.861027131089941 ], [ 3842109.828521569725126, 980922.861027131089941 ], [ 3842147.253038918599486, 980922.861027131089941 ], [ 3842173.716168918646872, 980896.397897131042555 ], [ 3842173.716168918646872, 980858.973379782168195 ], [ 3842173.716168918646872, 980821.548862433293834 ], [ 3842173.716168918646872, 980784.124345084419474 ], [ 3842200.179298918694258, 980757.661215084372088 ], [ 3842237.603816267568618, 980757.661215084372088 ], [ 3842275.028333616442978, 980757.661215084372088 ], [ 3842312.452850965317339, 980757.661215084372088 ], [ 3842349.877368314191699, 980757.661215084372088 ], [ 3842387.301885663066059, 980757.661215084372088 ], [ 3842424.72640301194042, 980757.661215084372088 ], [ 3842462.15092036081478, 980757.661215084372088 ], [ 3842499.57543770968914, 980757.661215084372088 ], [ 3842536.999955058563501, 980757.661215084372088 ], [ 3842574.424472407437861, 980757.661215084372088 ], [ 3842611.848989756312221, 980757.661215084372088 ], [ 3842649.273507105186582, 980757.661215084372088 ], [ 3842675.736637105233967, 980731.198085084324703 ], [ 3842675.736637105233967, 980693.773567735450342 ], [ 3842675.736637105233967, 980656.349050386575982 ], [ 3842675.736637105233967, 980618.924533037701622 ], [ 3842702.199767105281353, 980592.461403037654236 ], [ 3842739.624284454155713, 980592.461403037654236 ], [ 3842777.048801803030074, 980592.461403037654236 ], [ 3842814.473319151904434, 980592.461403037654236 ], [ 3842851.897836500778794, 980592.461403037654236 ], [ 3842889.322353849653155, 980592.461403037654236 ], [ 3842926.746871198527515, 980592.461403037654236 ], [ 3842964.171388547401875, 980592.461403037654236 ], [ 3843001.595905896276236, 980592.461403037654236 ], [ 3843039.020423245150596, 980592.461403037654236 ], [ 3843076.444940594024956, 980592.461403037654236 ], [ 3843113.869457942899317, 980592.461403037654236 ], [ 3843151.293975291773677, 980592.461403037654236 ], [ 3843188.718492640648037, 980592.461403037654236 ], [ 3843226.143009989522398, 980592.461403037654236 ], [ 3843263.567527338396758, 980592.461403037654236 ], [ 3843300.992044687271118, 980592.461403037654236 ], [ 3843338.416562036145478, 980592.461403037654236 ], [ 3843375.841079385019839, 980592.461403037654236 ], [ 3843413.265596733894199, 980592.461403037654236 ], [ 3843450.690114082768559, 980592.461403037654236 ], [ 3843488.11463143164292, 980592.461403037654236 ], [ 3843525.53914878051728, 980592.461403037654236 ], [ 3843562.96366612939164, 980592.461403037654236 ], [ 3843600.388183478266001, 980592.461403037654236 ], [ 3843637.812700827140361, 980592.461403037654236 ], [ 3843675.237218176014721, 980592.461403037654236 ], [ 3843712.661735524889082, 980592.461403037654236 ], [ 3843750.086252873763442, 980592.461403037654236 ], [ 3843787.510770222637802, 980592.461403037654236 ], [ 3843813.973900222685188, 980565.99827303760685 ], [ 3843813.973900222685188, 980528.57375568873249 ], [ 3843813.973900222685188, 980491.14923833985813 ], [ 3843813.973900222685188, 980453.724720990983769 ], [ 3843813.973900222685188, 980416.300203642109409 ], [ 3843813.973900222685188, 980378.875686293235049 ], [ 3843813.973900222685188, 980341.451168944360688 ], [ 3843813.973900222685188, 980304.026651595486328 ], [ 3843813.973900222685188, 980266.602134246611968 ], [ 3843851.398417571559548, 980266.602134246611968 ], [ 3843888.822934920433909, 980266.602134246611968 ], [ 3843926.247452269308269, 980266.602134246611968 ], [ 3843963.671969618182629, 980266.602134246611968 ], [ 3843990.135099618230015, 980240.139004246564582 ], [ 3843990.135099618230015, 980202.714486897690222 ], [ 3843990.135099618230015, 980165.289969548815861 ], [ 3843990.135099618230015, 980127.865452199941501 ], [ 3843990.135099618230015, 980090.440934851067141 ], [ 3844027.559616967104375, 980090.440934851067141 ], [ 3844064.984134315978736, 980090.440934851067141 ], [ 3844102.408651664853096, 980090.440934851067141 ], [ 3844128.871781664900482, 980063.977804851019755 ], [ 3844128.871781664900482, 980026.553287502145395 ], [ 3844128.871781664900482, 979989.128770153271034 ], [ 3844128.871781664900482, 979951.704252804396674 ], [ 3844128.871781664900482, 979914.279735455522314 ], [ 3844128.871781664900482, 979876.855218106647953 ], [ 3844128.871781664900482, 979839.430700757773593 ], [ 3844128.871781664900482, 979802.006183408899233 ], [ 3844155.334911664947867, 979775.543053408851847 ], [ 3844192.759429013822228, 979775.543053408851847 ], [ 3844230.183946362696588, 979775.543053408851847 ], [ 3844267.608463711570948, 979775.543053408851847 ], [ 3844305.032981060445309, 979775.543053408851847 ], [ 3844331.496111060492694, 979749.079923408804461 ], [ 3844331.496111060492694, 979711.655406059930101 ], [ 3844331.496111060492694, 979674.230888711055741 ], [ 3844331.496111060492694, 979636.80637136218138 ], [ 3844331.496111060492694, 979599.38185401330702 ], [ 3844331.496111060492694, 979561.95733666443266 ], [ 3844331.496111060492694, 979524.532819315558299 ], [ 3844331.496111060492694, 979487.108301966683939 ], [ 3844331.496111060492694, 979449.683784617809579 ], [ 3844368.920628409367055, 979449.683784617809579 ], [ 3844406.345145758241415, 979449.683784617809579 ], [ 3844443.769663107115775, 979449.683784617809579 ], [ 3844470.232793107163161, 979423.220654617762193 ], [ 3844470.232793107163161, 979385.796137268887833 ], [ 3844470.232793107163161, 979348.371619920013472 ], [ 3844470.232793107163161, 979310.947102571139112 ], [ 3844470.232793107163161, 979273.522585222264752 ], [ 3844507.657310456037521, 979273.522585222264752 ], [ 3844545.081827804911882, 979273.522585222264752 ], [ 3844582.506345153786242, 979273.522585222264752 ], [ 3844619.930862502660602, 979273.522585222264752 ], [ 3844657.355379851534963, 979273.522585222264752 ], [ 3844694.779897200409323, 979273.522585222264752 ], [ 3844732.204414549283683, 979273.522585222264752 ], [ 3844769.628931898158044, 979273.522585222264752 ], [ 3844796.092061898205429, 979247.059455222217366 ], [ 3844796.092061898205429, 979209.634937873343006 ], [ 3844796.092061898205429, 979172.210420524468645 ], [ 3844796.092061898205429, 979134.785903175594285 ], [ 3844796.092061898205429, 979097.361385826719925 ], [ 3844833.51657924707979, 979097.361385826719925 ], [ 3844870.94109659595415, 979097.361385826719925 ], [ 3844908.36561394482851, 979097.361385826719925 ], [ 3844945.790131293702871, 979097.361385826719925 ], [ 3844983.214648642577231, 979097.361385826719925 ], [ 3845020.639165991451591, 979097.361385826719925 ], [ 3845058.063683340325952, 979097.361385826719925 ], [ 3845095.488200689200312, 979097.361385826719925 ], [ 3845132.912718038074672, 979097.361385826719925 ], [ 3845132.912718038074672, 979059.936868477845564 ], [ 3845132.912718038074672, 979022.512351128971204 ], [ 3845132.912718038074672, 978985.087833780096844 ], [ 3845132.912718038074672, 978947.663316431222484 ], [ 3845170.337235386949033, 978947.663316431222484 ], [ 3845207.761752735823393, 978947.663316431222484 ], [ 3845245.186270084697753, 978947.663316431222484 ], [ 3845282.610787433572114, 978947.663316431222484 ], [ 3845282.610787433572114, 978985.087833780096844 ], [ 3845282.610787433572114, 979022.512351128971204 ], [ 3845282.610787433572114, 979059.936868477845564 ], [ 3845282.610787433572114, 979097.361385826719925 ], [ 3845320.035304782446474, 979097.361385826719925 ], [ 3845357.459822131320834, 979097.361385826719925 ], [ 3845394.884339480195194, 979097.361385826719925 ], [ 3845434.579034480266273, 979095.091208175173961 ], [ 3845474.273729480337352, 979089.078578788787127 ], [ 3845474.273729480337352, 979051.654061439912766 ], [ 3845474.273729480337352, 979014.229544091038406 ], [ 3845474.273729480337352, 978976.805026742164046 ], [ 3845474.273729480337352, 978939.380509393289685 ], [ 3845511.698246829211712, 978939.380509393289685 ], [ 3845549.122764178086072, 978939.380509393289685 ], [ 3845586.547281526960433, 978939.380509393289685 ], [ 3845623.971798875834793, 978939.380509393289685 ], [ 3845661.396316224709153, 978939.380509393289685 ], [ 3845698.820833573583513, 978939.380509393289685 ], [ 3845736.245350922457874, 978939.380509393289685 ], [ 3845773.669868271332234, 978939.380509393289685 ], [ 3845800.13299827137962, 978912.9173793932423 ], [ 3845800.13299827137962, 978875.492862044367939 ], [ 3845800.13299827137962, 978838.068344695493579 ], [ 3845800.13299827137962, 978800.643827346619219 ], [ 3845826.596128271427006, 978774.180697346571833 ], [ 3845864.020645620301366, 978774.180697346571833 ], [ 3845901.445162969175726, 978774.180697346571833 ], [ 3845938.869680318050086, 978774.180697346571833 ], [ 3845976.294197666924447, 978774.180697346571833 ], [ 3846013.718715015798807, 978774.180697346571833 ], [ 3846051.143232364673167, 978774.180697346571833 ], [ 3846088.567749713547528, 978774.180697346571833 ], [ 3846115.030879713594913, 978747.717567346524447 ], [ 3846115.030879713594913, 978710.293049997650087 ], [ 3846115.030879713594913, 978672.868532648775727 ], [ 3846115.030879713594913, 978635.444015299901366 ], [ 3846141.494009713642299, 978608.980885299853981 ], [ 3846178.918527062516659, 978608.980885299853981 ], [ 3846216.34304441139102, 978608.980885299853981 ], [ 3846242.806174411438406, 978635.444015299901366 ], [ 3846242.806174411438406, 978672.868532648775727 ], [ 3846242.806174411438406, 978710.293049997650087 ], [ 3846242.806174411438406, 978747.717567346524447 ], [ 3846269.269304411485791, 978774.180697346571833 ], [ 3846306.693821760360152, 978774.180697346571833 ], [ 3846344.118339109234512, 978774.180697346571833 ], [ 3846381.542856458108872, 978774.180697346571833 ], [ 3846418.967373806983232, 978774.180697346571833 ], [ 3846456.391891155857593, 978774.180697346571833 ], [ 3846493.816408504731953, 978774.180697346571833 ], [ 3846531.240925853606313, 978774.180697346571833 ], [ 3846568.665443202480674, 978774.180697346571833 ], [ 3846606.089960551355034, 978774.180697346571833 ], [ 3846643.514477900229394, 978774.180697346571833 ], [ 3846680.938995249103755, 978774.180697346571833 ], [ 3846718.363512597978115, 978774.180697346571833 ], [ 3846755.788029946852475, 978774.180697346571833 ], [ 3846793.212547295726836, 978774.180697346571833 ], [ 3846830.637064644601196, 978774.180697346571833 ], [ 3846868.061581993475556, 978774.180697346571833 ], [ 3846905.486099342349917, 978774.180697346571833 ], [ 3846942.910616691224277, 978774.180697346571833 ], [ 3846980.335134040098637, 978774.180697346571833 ], [ 3847017.759651388972998, 978774.180697346571833 ], [ 3847055.184168737847358, 978774.180697346571833 ], [ 3847092.608686086721718, 978774.180697346571833 ], [ 3847130.033203435596079, 978774.180697346571833 ], [ 3847167.457720784470439, 978774.180697346571833 ], [ 3847204.882238133344799, 978774.180697346571833 ], [ 3847242.30675548221916, 978774.180697346571833 ], [ 3847279.73127283109352, 978774.180697346571833 ], [ 3847317.15579017996788, 978774.180697346571833 ], [ 3847354.580307528842241, 978774.180697346571833 ], [ 3847392.004824877716601, 978774.180697346571833 ], [ 3847429.429342226590961, 978774.180697346571833 ], [ 3847466.853859575465322, 978774.180697346571833 ], [ 3847504.278376924339682, 978774.180697346571833 ], [ 3847541.702894273214042, 978774.180697346571833 ], [ 3847579.127411622088403, 978774.180697346571833 ], [ 3847579.127411622088403, 978811.605214695446193 ], [ 3847579.127411622088403, 978849.029732044320554 ], [ 3847579.127411622088403, 978886.454249393194914 ], [ 3847579.127411622088403, 978923.878766742069274 ], [ 3847605.590541622135788, 978950.34189674211666 ], [ 3847643.015058971010149, 978950.34189674211666 ], [ 3847680.439576319884509, 978950.34189674211666 ], [ 3847717.864093668758869, 978950.34189674211666 ], [ 3847755.288611017633229, 978950.34189674211666 ], [ 3847792.71312836650759, 978950.34189674211666 ], [ 3847830.13764571538195, 978950.34189674211666 ], [ 3847867.56216306425631, 978950.34189674211666 ], [ 3847904.986680413130671, 978950.34189674211666 ], [ 3847942.411197762005031, 978950.34189674211666 ], [ 3847979.835715110879391, 978950.34189674211666 ], [ 3848017.260232459753752, 978950.34189674211666 ], [ 3848054.684749808628112, 978950.34189674211666 ], [ 3848092.109267157502472, 978950.34189674211666 ], [ 3848092.109267157502472, 978987.76641409099102 ], [ 3848092.109267157502472, 979025.190931439865381 ], [ 3848090.636993074323982, 979064.885626439820044 ], [ 3848096.649622460827231, 979104.580321439774707 ], [ 3848134.074139809701592, 979104.580321439774707 ], [ 3848171.498657158575952, 979104.580321439774707 ], [ 3848208.923174507450312, 979104.580321439774707 ], [ 3848246.347691856324673, 979104.580321439774707 ], [ 3848283.772209205199033, 979104.580321439774707 ], [ 3848321.196726554073393, 979104.580321439774707 ], [ 3848358.621243902947754, 979104.580321439774707 ], [ 3848396.045761251822114, 979104.580321439774707 ], [ 3848422.5088912518695, 979078.117191439727321 ], [ 3848422.5088912518695, 979040.692674090852961 ], [ 3848422.5088912518695, 979003.268156741978601 ], [ 3848422.5088912518695, 978965.84363939310424 ], [ 3848448.972021251916885, 978939.380509393056855 ], [ 3848486.396538600791246, 978939.380509393056855 ], [ 3848523.821055949665606, 978939.380509393056855 ], [ 3848550.284185949712992, 978965.84363939310424 ], [ 3848550.284185949712992, 979003.268156741978601 ], [ 3848550.284185949712992, 979040.692674090852961 ], [ 3848550.284185949712992, 979078.117191439727321 ], [ 3848576.747315949760377, 979104.580321439774707 ], [ 3848614.171833298634738, 979104.580321439774707 ], [ 3848651.596350647509098, 979104.580321439774707 ], [ 3848689.020867996383458, 979104.580321439774707 ], [ 3848726.445385345257819, 979104.580321439774707 ], [ 3848763.869902694132179, 979104.580321439774707 ], [ 3848801.294420043006539, 979104.580321439774707 ], [ 3848838.7189373918809, 979104.580321439774707 ], [ 3848876.14345474075526, 979104.580321439774707 ], [ 3848913.56797208962962, 979104.580321439774707 ], [ 3848950.992489438503981, 979104.580321439774707 ], [ 3848988.417006787378341, 979104.580321439774707 ], [ 3849025.841524136252701, 979104.580321439774707 ], [ 3849063.266041485127062, 979104.580321439774707 ], [ 3849063.266041485127062, 979142.004838788649067 ], [ 3849063.266041485127062, 979179.429356137523428 ], [ 3849063.266041485127062, 979216.853873486397788 ], [ 3849063.266041485127062, 979254.278390835272148 ], [ 3849089.729171485174447, 979280.741520835319534 ], [ 3849127.153688834048808, 979280.741520835319534 ], [ 3849164.578206182923168, 979280.741520835319534 ], [ 3849202.002723531797528, 979280.741520835319534 ], [ 3849239.427240880671889, 979280.741520835319534 ], [ 3849276.851758229546249, 979280.741520835319534 ], [ 3849314.276275578420609, 979280.741520835319534 ], [ 3849351.70079292729497, 979280.741520835319534 ], [ 3849389.12531027616933, 979280.741520835319534 ], [ 3849426.54982762504369, 979280.741520835319534 ], [ 3849463.974344973918051, 979280.741520835319534 ], [ 3849501.398862322792411, 979280.741520835319534 ], [ 3849538.823379671666771, 979280.741520835319534 ], [ 3849576.247897020541131, 979280.741520835319534 ], [ 3849576.247897020541131, 979318.166038184193894 ], [ 3849576.247897020541131, 979355.590555533068255 ], [ 3849576.247897020541131, 979393.015072881942615 ], [ 3849576.247897020541131, 979430.439590230816975 ], [ 3849576.247897020541131, 979467.864107579691336 ], [ 3849576.247897020541131, 979505.288624928565696 ], [ 3849576.247897020541131, 979542.713142277440056 ], [ 3849576.247897020541131, 979580.137659626314417 ], [ 3849602.711027020588517, 979606.600789626361802 ], [ 3849640.135544369462878, 979606.600789626361802 ], [ 3849677.560061718337238, 979606.600789626361802 ], [ 3849714.984579067211598, 979606.600789626361802 ], [ 3849714.984579067211598, 979644.025306975236163 ], [ 3849714.984579067211598, 979681.449824324110523 ], [ 3849714.984579067211598, 979718.874341672984883 ], [ 3849714.984579067211598, 979756.298859021859244 ], [ 3849714.984579067211598, 979793.723376370733604 ], [ 3849714.984579067211598, 979831.147893719607964 ], [ 3849714.984579067211598, 979868.572411068482324 ], [ 3849714.984579067211598, 979905.996928417356685 ], [ 3849741.447709067258984, 979932.46005841740407 ], [ 3849778.872226416133344, 979932.46005841740407 ], [ 3849816.296743765007704, 979932.46005841740407 ], [ 3849853.721261113882065, 979932.46005841740407 ], [ 3849891.145778462756425, 979932.46005841740407 ], [ 3849891.145778462756425, 979969.884575766278431 ], [ 3849891.145778462756425, 980007.309093115152791 ], [ 3849891.145778462756425, 980044.733610464027151 ], [ 3849891.145778462756425, 980082.158127812901512 ], [ 3849917.608908462803811, 980108.621257812948897 ], [ 3849955.033425811678171, 980108.621257812948897 ], [ 3849992.457943160552531, 980108.621257812948897 ], [ 3850029.882460509426892, 980108.621257812948897 ], [ 3850029.882460509426892, 980146.045775161823258 ], [ 3850029.882460509426892, 980183.470292510697618 ], [ 3850029.882460509426892, 980220.894809859571978 ], [ 3850029.882460509426892, 980258.319327208446339 ], [ 3850029.882460509426892, 980295.743844557320699 ], [ 3850029.882460509426892, 980333.168361906195059 ], [ 3850029.882460509426892, 980370.59287925506942 ], [ 3850029.882460509426892, 980408.01739660394378 ], [ 3850056.345590509474277, 980434.480526603991166 ], [ 3850093.770107858348638, 980434.480526603991166 ], [ 3850131.194625207222998, 980434.480526603991166 ], [ 3850168.619142556097358, 980434.480526603991166 ], [ 3850206.043659904971719, 980434.480526603991166 ], [ 3850206.043659904971719, 980471.905043952865526 ], [ 3850206.043659904971719, 980509.329561301739886 ], [ 3850206.043659904971719, 980546.754078650614247 ], [ 3850206.043659904971719, 980584.178595999488607 ], [ 3850243.468177253846079, 980584.178595999488607 ], [ 3850280.892694602720439, 980584.178595999488607 ], [ 3850318.3172119515948, 980584.178595999488607 ], [ 3850355.74172930046916, 980584.178595999488607 ], [ 3850382.204859300516546, 980610.641725999535993 ], [ 3850382.204859300516546, 980648.066243348410353 ], [ 3850382.204859300516546, 980685.490760697284713 ], [ 3850382.204859300516546, 980722.915278046159074 ], [ 3850408.667989300563931, 980749.378408046206459 ], [ 3850446.092506649438292, 980749.378408046206459 ], [ 3850483.517023998312652, 980749.378408046206459 ], [ 3850520.941541347187012, 980749.378408046206459 ], [ 3850558.366058696061373, 980749.378408046206459 ], [ 3850595.790576044935733, 980749.378408046206459 ], [ 3850633.215093393810093, 980749.378408046206459 ], [ 3850670.639610742684454, 980749.378408046206459 ], [ 3850708.064128091558814, 980749.378408046206459 ], [ 3850745.488645440433174, 980749.378408046206459 ], [ 3850782.913162789307535, 980749.378408046206459 ], [ 3850820.337680138181895, 980749.378408046206459 ], [ 3850846.800810138229281, 980775.841538046253845 ], [ 3850846.800810138229281, 980813.266055395128205 ], [ 3850846.800810138229281, 980850.690572744002566 ], [ 3850846.800810138229281, 980888.115090092876926 ], [ 3850873.263940138276666, 980914.578220092924312 ], [ 3850910.688457487151027, 980914.578220092924312 ], [ 3850948.112974836025387, 980914.578220092924312 ], [ 3850985.537492184899747, 980914.578220092924312 ], [ 3851022.962009533774108, 980914.578220092924312 ], [ 3851060.386526882648468, 980914.578220092924312 ], [ 3851097.811044231522828, 980914.578220092924312 ], [ 3851135.235561580397189, 980914.578220092924312 ], [ 3851172.660078929271549, 980914.578220092924312 ], [ 3851199.123208929318935, 980941.041350092971697 ], [ 3851199.123208929318935, 980978.465867441846058 ], [ 3851199.123208929318935, 981015.890384790720418 ], [ 3851199.123208929318935, 981053.314902139594778 ], [ 3851225.58633892936632, 981079.778032139642164 ], [ 3851263.010856278240681, 981079.778032139642164 ], [ 3851300.435373627115041, 981079.778032139642164 ], [ 3851337.859890975989401, 981079.778032139642164 ], [ 3851375.284408324863762, 981079.778032139642164 ], [ 3851375.284408324863762, 981117.202549488516524 ], [ 3851375.284408324863762, 981154.627066837390885 ], [ 3851375.284408324863762, 981192.051584186265245 ], [ 3851375.284408324863762, 981229.476101535139605 ], [ 3851375.284408324863762, 981266.900618884013966 ], [ 3851412.708925673738122, 981266.900618884013966 ], [ 3851450.133443022612482, 981266.900618884013966 ], [ 3851487.557960371486843, 981266.900618884013966 ], [ 3851524.982477720361203, 981266.900618884013966 ], [ 3851562.406995069235563, 981266.900618884013966 ], [ 3851599.831512418109924, 981266.900618884013966 ], [ 3851637.256029766984284, 981266.900618884013966 ], [ 3851674.680547115858644, 981266.900618884013966 ], [ 3851712.105064464733005, 981266.900618884013966 ], [ 3851749.529581813607365, 981266.900618884013966 ], [ 3851786.954099162481725, 981266.900618884013966 ], [ 3851824.378616511356086, 981266.900618884013966 ], [ 3851861.803133860230446, 981266.900618884013966 ], [ 3851899.227651209104806, 981266.900618884013966 ], [ 3851936.652168557979167, 981266.900618884013966 ], [ 3851974.076685906853527, 981266.900618884013966 ], [ 3852011.501203255727887, 981266.900618884013966 ], [ 3852048.925720604602247, 981266.900618884013966 ], [ 3852086.350237953476608, 981266.900618884013966 ], [ 3852123.774755302350968, 981266.900618884013966 ], [ 3852161.199272651225328, 981266.900618884013966 ], [ 3852198.62379, 981266.900618884013966 ], [ 3852236.048307348974049, 981266.900618884013966 ], [ 3852273.472824697848409, 981266.900618884013966 ], [ 3852310.89734204672277, 981266.900618884013966 ], [ 3852348.32185939559713, 981266.900618884013966 ], [ 3852385.74637674447149, 981266.900618884013966 ], [ 3852423.170894093345851, 981266.900618884013966 ], [ 3852460.595411442220211, 981266.900618884013966 ], [ 3852498.019928791094571, 981266.900618884013966 ], [ 3852535.444446139968932, 981266.900618884013966 ], [ 3852572.868963488843292, 981266.900618884013966 ], [ 3852610.293480837717652, 981266.900618884013966 ], [ 3852647.717998186592013, 981266.900618884013966 ], [ 3852685.142515535466373, 981266.900618884013966 ], [ 3852722.567032884340733, 981266.900618884013966 ], [ 3852759.991550233215094, 981266.900618884013966 ], [ 3852797.416067582089454, 981266.900618884013966 ], [ 3852834.840584930963814, 981266.900618884013966 ], [ 3852872.265102279838175, 981266.900618884013966 ], [ 3852909.689619628712535, 981266.900618884013966 ], [ 3852947.114136977586895, 981266.900618884013966 ], [ 3852984.538654326461256, 981266.900618884013966 ], [ 3853021.963171675335616, 981266.900618884013966 ], [ 3853059.387689024209976, 981266.900618884013966 ], [ 3853096.812206373084337, 981266.900618884013966 ], [ 3853134.236723721958697, 981266.900618884013966 ], [ 3853171.661241070833057, 981266.900618884013966 ], [ 3853198.124371070880443, 981240.43748888396658 ], [ 3853198.124371070880443, 981203.01297153509222 ], [ 3853198.124371070880443, 981165.588454186217859 ], [ 3853198.124371070880443, 981128.163936837343499 ], [ 3853198.124371070880443, 981090.739419488469139 ], [ 3853235.548888419754803, 981090.739419488469139 ], [ 3853272.973405768629164, 981090.739419488469139 ], [ 3853310.397923117503524, 981090.739419488469139 ], [ 3853310.397923117503524, 981128.163936837343499 ], [ 3853310.397923117503524, 981165.588454186217859 ], [ 3853310.397923117503524, 981203.01297153509222 ], [ 3853310.397923117503524, 981240.43748888396658 ], [ 3853336.86105311755091, 981266.900618884013966 ], [ 3853374.28557046642527, 981266.900618884013966 ], [ 3853411.71008781529963, 981266.900618884013966 ], [ 3853449.13460516417399, 981266.900618884013966 ], [ 3853486.559122513048351, 981266.900618884013966 ], [ 3853523.983639861922711, 981266.900618884013966 ], [ 3853561.408157210797071, 981266.900618884013966 ], [ 3853598.832674559671432, 981266.900618884013966 ], [ 3853636.257191908545792, 981266.900618884013966 ], [ 3853673.681709257420152, 981266.900618884013966 ], [ 3853673.681709257420152, 981304.325136232888326 ], [ 3853673.681709257420152, 981341.749653581762686 ], [ 3853673.681709257420152, 981379.174170930637047 ], [ 3853673.681709257420152, 981416.598688279511407 ], [ 3853711.106226606294513, 981416.598688279511407 ], [ 3853748.530743955168873, 981416.598688279511407 ], [ 3853785.955261304043233, 981416.598688279511407 ], [ 3853823.379778652917594, 981416.598688279511407 ], [ 3853860.804296001791954, 981416.598688279511407 ], [ 3853898.228813350666314, 981416.598688279511407 ], [ 3853935.653330699540675, 981416.598688279511407 ], [ 3853973.077848048415035, 981416.598688279511407 ], [ 3854010.502365397289395, 981416.598688279511407 ], [ 3854047.926882746163756, 981416.598688279511407 ], [ 3854085.351400095038116, 981416.598688279511407 ], [ 3854122.775917443912476, 981416.598688279511407 ], [ 3854160.200434792786837, 981416.598688279511407 ], [ 3854197.624952141661197, 981416.598688279511407 ], [ 3854235.049469490535557, 981416.598688279511407 ], [ 3854272.473986839409918, 981416.598688279511407 ], [ 3854309.898504188284278, 981416.598688279511407 ], [ 3854347.323021537158638, 981416.598688279511407 ], [ 3854384.747538886032999, 981416.598688279511407 ], [ 3854422.172056234907359, 981416.598688279511407 ], [ 3854459.596573583781719, 981416.598688279511407 ], [ 3854497.02109093265608, 981416.598688279511407 ], [ 3854534.44560828153044, 981416.598688279511407 ], [ 3854571.8701256304048, 981416.598688279511407 ], [ 3854609.29464297927916, 981416.598688279511407 ], [ 3854635.757772979326546, 981443.061818279558793 ], [ 3854635.757772979326546, 981480.486335628433153 ], [ 3854635.757772979326546, 981517.910852977307513 ], [ 3854635.757772979326546, 981555.335370326181874 ], [ 3854662.220902979373932, 981581.798500326229259 ], [ 3854699.645420328248292, 981581.798500326229259 ], [ 3854737.069937677122653, 981581.798500326229259 ], [ 3854774.494455025997013, 981581.798500326229259 ], [ 3854811.918972374871373, 981581.798500326229259 ], [ 3854849.343489723745733, 981581.798500326229259 ], [ 3854886.768007072620094, 981581.798500326229259 ], [ 3854924.192524421494454, 981581.798500326229259 ], [ 3854961.617041770368814, 981581.798500326229259 ], [ 3854999.041559119243175, 981581.798500326229259 ], [ 3854999.041559119243175, 981619.22301767510362 ], [ 3854999.041559119243175, 981656.64753502397798 ], [ 3854999.041559119243175, 981694.07205237285234 ], [ 3854999.041559119243175, 981731.496569721726701 ], [ 3855025.50468911929056, 981757.959699721774086 ], [ 3855062.929206468164921, 981757.959699721774086 ], [ 3855100.353723817039281, 981757.959699721774086 ], [ 3855137.778241165913641, 981757.959699721774086 ], [ 3855175.202758514788002, 981757.959699721774086 ], [ 3855212.627275863662362, 981757.959699721774086 ], [ 3855250.051793212536722, 981757.959699721774086 ], [ 3855287.476310561411083, 981757.959699721774086 ], [ 3855324.900827910285443, 981757.959699721774086 ], [ 3855362.325345259159803, 981757.959699721774086 ], [ 3855399.749862608034164, 981757.959699721774086 ], [ 3855437.174379956908524, 981757.959699721774086 ], [ 3855474.598897305782884, 981757.959699721774086 ], [ 3855474.598897305782884, 981795.384217070648447 ], [ 3855474.598897305782884, 981832.808734419522807 ], [ 3855474.598897305782884, 981870.233251768397167 ], [ 3855474.598897305782884, 981907.657769117271528 ], [ 3855512.023414654657245, 981907.657769117271528 ], [ 3855549.447932003531605, 981907.657769117271528 ], [ 3855586.872449352405965, 981907.657769117271528 ], [ 3855613.335579352453351, 981934.120899117318913 ], [ 3855613.335579352453351, 981971.545416466193274 ], [ 3855613.335579352453351, 982008.969933815067634 ], [ 3855613.335579352453351, 982046.394451163941994 ], [ 3855639.798709352500737, 982072.85758116398938 ], [ 3855677.223226701375097, 982072.85758116398938 ], [ 3855714.647744050249457, 982072.85758116398938 ], [ 3855752.072261399123818, 982072.85758116398938 ], [ 3855789.496778747998178, 982072.85758116398938 ], [ 3855826.921296096872538, 982072.85758116398938 ], [ 3855864.345813445746899, 982072.85758116398938 ], [ 3855901.770330794621259, 982072.85758116398938 ], [ 3855939.194848143495619, 982072.85758116398938 ], [ 3855976.61936549236998, 982072.85758116398938 ], [ 3856014.04388284124434, 982072.85758116398938 ], [ 3856051.4684001901187, 982072.85758116398938 ], [ 3856088.892917538993061, 982072.85758116398938 ], [ 3856115.356047539040446, 982099.320711164036766 ], [ 3856115.356047539040446, 982136.745228512911126 ], [ 3856115.356047539040446, 982174.169745861785486 ], [ 3856115.356047539040446, 982211.594263210659847 ], [ 3856141.819177539087832, 982238.057393210707232 ], [ 3856179.243694887962192, 982238.057393210707232 ], [ 3856216.668212236836553, 982238.057393210707232 ], [ 3856254.092729585710913, 982238.057393210707232 ], [ 3856280.555859585758299, 982264.520523210754618 ], [ 3856280.555859585758299, 982301.945040559628978 ], [ 3856280.555859585758299, 982339.369557908503339 ], [ 3856280.555859585758299, 982376.794075257377699 ], [ 3856307.018989585805684, 982403.257205257425085 ], [ 3856344.443506934680045, 982403.257205257425085 ], [ 3856381.868024283554405, 982403.257205257425085 ], [ 3856419.292541632428765, 982403.257205257425085 ], [ 3856456.717058981303126, 982403.257205257425085 ], [ 3856494.141576330177486, 982403.257205257425085 ], [ 3856531.566093679051846, 982403.257205257425085 ], [ 3856568.990611027926207, 982403.257205257425085 ], [ 3856606.415128376800567, 982403.257205257425085 ], [ 3856643.839645725674927, 982403.257205257425085 ], [ 3856681.264163074549288, 982403.257205257425085 ], [ 3856718.688680423423648, 982403.257205257425085 ], [ 3856756.113197772298008, 982403.257205257425085 ], [ 3856782.576327772345394, 982429.72033525747247 ], [ 3856782.576327772345394, 982467.144852606346831 ], [ 3856782.576327772345394, 982504.569369955221191 ], [ 3856782.576327772345394, 982541.993887304095551 ], [ 3856809.03945777239278, 982568.457017304142937 ], [ 3856846.46397512126714, 982568.457017304142937 ], [ 3856883.8884924701415, 982568.457017304142937 ], [ 3856921.313009819015861, 982568.457017304142937 ], [ 3856958.737527167890221, 982568.457017304142937 ], [ 3856996.162044516764581, 982568.457017304142937 ], [ 3857033.586561865638942, 982568.457017304142937 ], [ 3857071.011079214513302, 982568.457017304142937 ], [ 3857097.474209214560688, 982594.920147304190323 ], [ 3857097.474209214560688, 982632.344664653064683 ], [ 3857097.474209214560688, 982669.769182001939043 ], [ 3857097.474209214560688, 982707.193699350813404 ], [ 3857123.937339214608073, 982733.656829350860789 ], [ 3857161.361856563482434, 982733.656829350860789 ], [ 3857198.786373912356794, 982733.656829350860789 ], [ 3857236.210891261231154, 982733.656829350860789 ], [ 3857273.635408610105515, 982733.656829350860789 ], [ 3857311.059925958979875, 982733.656829350860789 ], [ 3857348.484443307854235, 982733.656829350860789 ], [ 3857385.908960656728595, 982733.656829350860789 ], [ 3857423.333478005602956, 982733.656829350860789 ], [ 3857460.757995354477316, 982733.656829350860789 ], [ 3857498.182512703351676, 982733.656829350860789 ], [ 3857535.607030052226037, 982733.656829350860789 ], [ 3857573.031547401100397, 982733.656829350860789 ], [ 3857610.456064749974757, 982733.656829350860789 ], [ 3857647.880582098849118, 982733.656829350860789 ], [ 3857685.305099447723478, 982733.656829350860789 ], [ 3857722.729616796597838, 982733.656829350860789 ], [ 3857760.154134145472199, 982733.656829350860789 ], [ 3857797.578651494346559, 982733.656829350860789 ], [ 3857835.003168843220919, 982733.656829350860789 ], [ 3857872.42768619209528, 982733.656829350860789 ], [ 3857909.85220354096964, 982733.656829350860789 ], [ 3857936.315333541017026, 982760.119959350908175 ], [ 3857936.315333541017026, 982797.544476699782535 ], [ 3857936.315333541017026, 982834.968994048656896 ], [ 3857936.315333541017026, 982872.393511397531256 ], [ 3857962.778463541064411, 982898.856641397578642 ], [ 3858000.202980889938772, 982898.856641397578642 ], [ 3858037.627498238813132, 982898.856641397578642 ], [ 3858075.052015587687492, 982898.856641397578642 ], [ 3858112.476532936561853, 982898.856641397578642 ], [ 3858149.901050285436213, 982898.856641397578642 ], [ 3858187.325567634310573, 982898.856641397578642 ], [ 3858224.750084983184934, 982898.856641397578642 ], [ 3858262.174602332059294, 982898.856641397578642 ], [ 3858299.599119680933654, 982898.856641397578642 ], [ 3858337.023637029808015, 982898.856641397578642 ], [ 3858374.448154378682375, 982898.856641397578642 ], [ 3858411.872671727556735, 982898.856641397578642 ], [ 3858449.297189076431096, 982898.856641397578642 ], [ 3858486.721706425305456, 982898.856641397578642 ], [ 3858524.146223774179816, 982898.856641397578642 ], [ 3858561.570741123054177, 982898.856641397578642 ], [ 3858598.995258471928537, 982898.856641397578642 ], [ 3858636.419775820802897, 982898.856641397578642 ], [ 3858673.844293169677258, 982898.856641397578642 ], [ 3858711.268810518551618, 982898.856641397578642 ], [ 3858748.693327867425978, 982898.856641397578642 ], [ 3858786.117845216300339, 982898.856641397578642 ], [ 3858823.542362565174699, 982898.856641397578642 ], [ 3858860.966879914049059, 982898.856641397578642 ], [ 3858898.391397262923419, 982898.856641397578642 ], [ 3858935.81591461179778, 982898.856641397578642 ], [ 3858973.24043196067214, 982898.856641397578642 ], [ 3859010.6649493095465, 982898.856641397578642 ], [ 3859048.089466658420861, 982898.856641397578642 ], [ 3859085.513984007295221, 982898.856641397578642 ], [ 3859122.938501356169581, 982898.856641397578642 ], [ 3859160.363018705043942, 982898.856641397578642 ], [ 3859197.787536053918302, 982898.856641397578642 ], [ 3859235.212053402792662, 982898.856641397578642 ], [ 3859272.636570751667023, 982898.856641397578642 ], [ 3859310.061088100541383, 982898.856641397578642 ], [ 3859347.485605449415743, 982898.856641397578642 ], [ 3859384.910122798290104, 982898.856641397578642 ], [ 3859422.334640147164464, 982898.856641397578642 ], [ 3859459.759157496038824, 982898.856641397578642 ], [ 3859497.183674844913185, 982898.856641397578642 ], [ 3859534.608192193787545, 982898.856641397578642 ], [ 3859572.032709542661905, 982898.856641397578642 ], [ 3859609.457226891536266, 982898.856641397578642 ], [ 3859646.881744240410626, 982898.856641397578642 ], [ 3859684.306261589284986, 982898.856641397578642 ], [ 3859721.730778938159347, 982898.856641397578642 ], [ 3859759.155296287033707, 982898.856641397578642 ], [ 3859796.579813635908067, 982898.856641397578642 ], [ 3859834.004330984782428, 982898.856641397578642 ], [ 3859871.428848333656788, 982898.856641397578642 ], [ 3859908.853365682531148, 982898.856641397578642 ], [ 3859946.277883031405509, 982898.856641397578642 ], [ 3859983.702400380279869, 982898.856641397578642 ], [ 3860021.126917729154229, 982898.856641397578642 ], [ 3860058.551435078028589, 982898.856641397578642 ], [ 3860095.97595242690295, 982898.856641397578642 ], [ 3860133.40046977577731, 982898.856641397578642 ], [ 3860152.644664159044623, 982919.715544674545527 ], [ 3860190.069181507918984, 982919.715544674545527 ], [ 3860227.493698856793344, 982919.715544674545527 ], [ 3860264.918216205667704, 982919.715544674545527 ], [ 3860302.342733554542065, 982919.715544674545527 ], [ 3860339.767250903416425, 982919.715544674545527 ], [ 3860377.191768252290785, 982919.715544674545527 ], [ 3860414.616285601165146, 982919.715544674545527 ], [ 3860452.040802950039506, 982919.715544674545527 ], [ 3860489.465320298913866, 982919.715544674545527 ], [ 3860526.889837647788227, 982919.715544674545527 ], [ 3860564.314354996662587, 982919.715544674545527 ], [ 3860601.738872345536947, 982919.715544674545527 ], [ 3860639.163389694411308, 982919.715544674545527 ], [ 3860676.587907043285668, 982919.715544674545527 ], [ 3860714.012424392160028, 982919.715544674545527 ], [ 3860751.436941741034389, 982919.715544674545527 ], [ 3860788.861459089908749, 982919.715544674545527 ], [ 3860826.285976438783109, 982919.715544674545527 ], [ 3860863.71049378765747, 982919.715544674545527 ], [ 3860901.13501113653183, 982919.715544674545527 ], [ 3860938.55952848540619, 982919.715544674545527 ], [ 3860975.98404583428055, 982919.715544674545527 ], [ 3861013.408563183154911, 982919.715544674545527 ], [ 3861050.833080532029271, 982919.715544674545527 ], [ 3861088.257597880903631, 982919.715544674545527 ], [ 3861125.682115229777992, 982919.715544674545527 ], [ 3861163.106632578652352, 982919.715544674545527 ], [ 3861200.531149927526712, 982919.715544674545527 ], [ 3861237.955667276401073, 982919.715544674545527 ], [ 3861275.380184625275433, 982919.715544674545527 ], [ 3861312.804701974149793, 982919.715544674545527 ], [ 3861350.229219323024154, 982919.715544674545527 ], [ 3861387.653736671898514, 982919.715544674545527 ], [ 3861414.1168666719459, 982893.252414674498141 ], [ 3861414.1168666719459, 982855.82789732562378 ], [ 3861414.1168666719459, 982818.40337997674942 ], [ 3861414.1168666719459, 982780.97886262787506 ], [ 3861414.1168666719459, 982743.5543452790007 ], [ 3861451.54138402082026, 982743.5543452790007 ], [ 3861488.96590136969462, 982743.5543452790007 ], [ 3861526.390418718568981, 982743.5543452790007 ], [ 3861563.814936067443341, 982743.5543452790007 ], [ 3861601.239453416317701, 982743.5543452790007 ], [ 3861638.663970765192062, 982743.5543452790007 ], [ 3861676.088488114066422, 982743.5543452790007 ], [ 3861713.513005462940782, 982743.5543452790007 ], [ 3861750.937522811815143, 982743.5543452790007 ], [ 3861788.362040160689503, 982743.5543452790007 ], [ 3861825.786557509563863, 982743.5543452790007 ], [ 3861863.211074858438224, 982743.5543452790007 ], [ 3861900.635592207312584, 982743.5543452790007 ], [ 3861938.060109556186944, 982743.5543452790007 ], [ 3861975.484626905061305, 982743.5543452790007 ], [ 3862012.909144253935665, 982743.5543452790007 ], [ 3862050.333661602810025, 982743.5543452790007 ], [ 3862087.758178951684386, 982743.5543452790007 ], [ 3862125.182696300558746, 982743.5543452790007 ], [ 3862162.607213649433106, 982743.5543452790007 ], [ 3862200.031730998307467, 982743.5543452790007 ], [ 3862237.456248347181827, 982743.5543452790007 ], [ 3862274.880765696056187, 982743.5543452790007 ], [ 3862312.305283044930547, 982743.5543452790007 ], [ 3862349.729800393804908, 982743.5543452790007 ], [ 3862387.154317742679268, 982743.5543452790007 ], [ 3862424.578835091553628, 982743.5543452790007 ], [ 3862462.003352440427989, 982743.5543452790007 ], [ 3862499.427869789302349, 982743.5543452790007 ], [ 3862536.852387138176709, 982743.5543452790007 ], [ 3862574.27690448705107, 982743.5543452790007 ], [ 3862611.70142183592543, 982743.5543452790007 ], [ 3862649.12593918479979, 982743.5543452790007 ], [ 3862686.550456533674151, 982743.5543452790007 ], [ 3862723.974973882548511, 982743.5543452790007 ], [ 3862761.399491231422871, 982743.5543452790007 ], [ 3862798.824008580297232, 982743.5543452790007 ], [ 3862836.248525929171592, 982743.5543452790007 ], [ 3862873.673043278045952, 982743.5543452790007 ], [ 3862911.097560626920313, 982743.5543452790007 ], [ 3862948.522077975794673, 982743.5543452790007 ], [ 3862985.946595324669033, 982743.5543452790007 ], [ 3863023.371112673543394, 982743.5543452790007 ], [ 3863049.834242673590779, 982717.091215278953314 ], [ 3863049.834242673590779, 982679.666697930078954 ], [ 3863049.834242673590779, 982642.242180581204593 ], [ 3863049.834242673590779, 982604.817663232330233 ], [ 3863076.297372673638165, 982578.354533232282847 ], [ 3863113.721890022512525, 982578.354533232282847 ], [ 3863151.146407371386886, 982578.354533232282847 ], [ 3863188.570924720261246, 982578.354533232282847 ], [ 3863225.995442069135606, 982578.354533232282847 ], [ 3863263.419959418009967, 982578.354533232282847 ], [ 3863300.844476766884327, 982578.354533232282847 ], [ 3863338.268994115758687, 982578.354533232282847 ], [ 3863375.693511464633048, 982578.354533232282847 ], [ 3863413.118028813507408, 982578.354533232282847 ], [ 3863450.542546162381768, 982578.354533232282847 ], [ 3863487.967063511256129, 982578.354533232282847 ], [ 3863525.391580860130489, 982578.354533232282847 ], [ 3863551.854710860177875, 982551.891403232235461 ], [ 3863551.854710860177875, 982514.466885883361101 ], [ 3863551.854710860177875, 982477.042368534486741 ], [ 3863551.854710860177875, 982439.617851185612381 ], [ 3863551.854710860177875, 982402.19333383673802 ], [ 3863589.279228209052235, 982402.19333383673802 ], [ 3863626.703745557926595, 982402.19333383673802 ], [ 3863664.128262906800956, 982402.19333383673802 ], [ 3863701.552780255675316, 982402.19333383673802 ], [ 3863738.977297604549676, 982402.19333383673802 ], [ 3863776.401814953424037, 982402.19333383673802 ], [ 3863813.826332302298397, 982402.19333383673802 ], [ 3863851.250849651172757, 982402.19333383673802 ], [ 3863888.675367, 982402.19333383673802 ], [ 3863926.099884348921478, 982402.19333383673802 ], [ 3863963.524401697795838, 982402.19333383673802 ], [ 3864000.948919046670198, 982402.19333383673802 ], [ 3864038.373436395544559, 982402.19333383673802 ], [ 3864075.797953744418919, 982402.19333383673802 ], [ 3864113.222471093293279, 982402.19333383673802 ], [ 3864150.64698844216764, 982402.19333383673802 ], [ 3864188.071505791042, 982402.19333383673802 ], [ 3864225.49602313991636, 982402.19333383673802 ], [ 3864262.920540488790721, 982402.19333383673802 ], [ 3864300.345057837665081, 982402.19333383673802 ], [ 3864340.03975283773616, 982403.665607920032926 ], [ 3864379.734447837807238, 982390.168075063964352 ], [ 3864379.734447837807238, 982352.743557715089992 ], [ 3864379.734447837807238, 982315.319040366215631 ], [ 3864379.734447837807238, 982277.894523017341271 ], [ 3864406.197577837854624, 982251.431393017293885 ], [ 3864443.622095186728984, 982251.431393017293885 ], [ 3864481.046612535603344, 982251.431393017293885 ], [ 3864518.471129884477705, 982251.431393017293885 ], [ 3864555.895647233352065, 982251.431393017293885 ], [ 3864593.320164582226425, 982251.431393017293885 ], [ 3864630.744681931100786, 982251.431393017293885 ], [ 3864668.169199279975146, 982251.431393017293885 ], [ 3864694.632329280022532, 982224.9682630172465 ], [ 3864694.632329280022532, 982187.543745668372139 ], [ 3864694.632329280022532, 982150.119228319497779 ], [ 3864694.632329280022532, 982112.694710970623419 ], [ 3864694.632329280022532, 982075.270193621749058 ], [ 3864732.056846628896892, 982075.270193621749058 ], [ 3864769.481363977771252, 982075.270193621749058 ], [ 3864806.905881326645613, 982075.270193621749058 ], [ 3864844.330398675519973, 982075.270193621749058 ], [ 3864881.754916024394333, 982075.270193621749058 ], [ 3864919.179433373268694, 982075.270193621749058 ], [ 3864956.603950722143054, 982075.270193621749058 ], [ 3864994.028468071017414, 982075.270193621749058 ], [ 3865031.452985419891775, 982075.270193621749058 ], [ 3865068.877502768766135, 982075.270193621749058 ], [ 3865106.302020117640495, 982075.270193621749058 ], [ 3865143.726537466514856, 982075.270193621749058 ], [ 3865181.151054815389216, 982075.270193621749058 ], [ 3865218.575572164263576, 982075.270193621749058 ], [ 3865256.000089513137937, 982075.270193621749058 ], [ 3865293.424606862012297, 982075.270193621749058 ], [ 3865330.849124210886657, 982075.270193621749058 ], [ 3865357.312254210934043, 982048.807063621701673 ], [ 3865357.312254210934043, 982011.382546272827312 ], [ 3865357.312254210934043, 981973.958028923952952 ], [ 3865357.312254210934043, 981936.533511575078592 ], [ 3865383.775384210981429, 981910.070381575031206 ], [ 3865421.199901559855789, 981910.070381575031206 ], [ 3865458.624418908730149, 981910.070381575031206 ], [ 3865485.087548908777535, 981936.533511575078592 ], [ 3865485.087548908777535, 981973.958028923952952 ], [ 3865485.087548908777535, 982011.382546272827312 ], [ 3865485.087548908777535, 982048.807063621701673 ], [ 3865511.550678908824921, 982075.270193621749058 ], [ 3865548.975196257699281, 982075.270193621749058 ], [ 3865586.399713606573641, 982075.270193621749058 ], [ 3865623.824230955448002, 982075.270193621749058 ], [ 3865661.248748304322362, 982075.270193621749058 ], [ 3865698.673265653196722, 982075.270193621749058 ], [ 3865736.097783002071083, 982075.270193621749058 ], [ 3865773.522300350945443, 982075.270193621749058 ], [ 3865810.946817699819803, 982075.270193621749058 ], [ 3865848.371335048694164, 982075.270193621749058 ], [ 3865885.795852397568524, 982075.270193621749058 ], [ 3865923.220369746442884, 982075.270193621749058 ], [ 3865960.644887095317245, 982075.270193621749058 ], [ 3865998.069404444191605, 982075.270193621749058 ], [ 3866035.493921793065965, 982075.270193621749058 ], [ 3866072.918439141940325, 982075.270193621749058 ], [ 3866110.342956490814686, 982075.270193621749058 ], [ 3866147.767473839689046, 982075.270193621749058 ], [ 3866147.767473839689046, 982112.694710970623419 ], [ 3866147.767473839689046, 982150.119228319497779 ], [ 3866147.767473839689046, 982187.543745668372139 ], [ 3866147.767473839689046, 982224.9682630172465 ], [ 3866174.230603839736432, 982251.431393017293885 ], [ 3866211.655121188610792, 982251.431393017293885 ], [ 3866249.079638537485152, 982251.431393017293885 ], [ 3866286.504155886359513, 982251.431393017293885 ], [ 3866323.928673235233873, 982251.431393017293885 ], [ 3866361.353190584108233, 982251.431393017293885 ], [ 3866398.777707932982594, 982251.431393017293885 ], [ 3866436.202225281856954, 982251.431393017293885 ], [ 3866473.626742630731314, 982251.431393017293885 ], [ 3866511.051259979605675, 982251.431393017293885 ], [ 3866511.051259979605675, 982288.855910366168246 ], [ 3866511.051259979605675, 982326.280427715042606 ], [ 3866509.578985896427184, 982365.975122714997269 ], [ 3866541.788777426816523, 982405.669817714951932 ], [ 3866579.213294775690883, 982405.669817714951932 ], [ 3866616.637812124565244, 982405.669817714951932 ], [ 3866654.062329473439604, 982405.669817714951932 ], [ 3866691.486846822313964, 982405.669817714951932 ], [ 3866728.911364171188325, 982405.669817714951932 ], [ 3866766.335881520062685, 982405.669817714951932 ], [ 3866803.760398868937045, 982405.669817714951932 ], [ 3866830.223528868984431, 982379.206687714904547 ], [ 3866830.223528868984431, 982341.782170366030186 ], [ 3866830.223528868984431, 982304.357653017155826 ], [ 3866830.223528868984431, 982266.933135668281466 ], [ 3866856.686658869031817, 982240.47000566823408 ], [ 3866894.111176217906177, 982240.47000566823408 ], [ 3866931.535693566780537, 982240.47000566823408 ], [ 3866968.960210915654898, 982240.47000566823408 ], [ 3866995.423340915702283, 982214.006875668186694 ], [ 3866995.423340915702283, 982176.582358319312334 ], [ 3866995.423340915702283, 982139.157840970437974 ], [ 3866995.423340915702283, 982101.733323621563613 ], [ 3866995.423340915702283, 982064.308806272689253 ], [ 3866995.423340915702283, 982026.884288923814893 ], [ 3866995.423340915702283, 981989.459771574940532 ], [ 3866995.423340915702283, 981952.035254226066172 ], [ 3867021.886470915749669, 981925.572124226018786 ], [ 3867059.310988264624029, 981925.572124226018786 ], [ 3867096.73550561349839, 981925.572124226018786 ], [ 3867134.16002296237275, 981925.572124226018786 ], [ 3867160.623152962420136, 981899.108994225971401 ], [ 3867160.623152962420136, 981861.68447687709704 ], [ 3867160.623152962420136, 981824.25995952822268 ], [ 3867160.623152962420136, 981786.83544217934832 ], [ 3867160.623152962420136, 981749.410924830473959 ], [ 3867198.047670311294496, 981749.410924830473959 ], [ 3867235.472187660168856, 981749.410924830473959 ], [ 3867272.896705009043217, 981749.410924830473959 ], [ 3867310.321222357917577, 981749.410924830473959 ], [ 3867347.745739706791937, 981749.410924830473959 ], [ 3867347.745739706791937, 981711.986407481599599 ], [ 3867347.745739706791937, 981674.561890132725239 ], [ 3867347.745739706791937, 981637.137372783850878 ], [ 3867347.745739706791937, 981599.712855434976518 ], [ 3867347.745739706791937, 981562.288338086102158 ], [ 3867347.745739706791937, 981524.863820737227798 ], [ 3867347.745739706791937, 981487.439303388353437 ], [ 3867347.745739706791937, 981450.014786039479077 ], [ 3867347.745739706791937, 981412.590268690604717 ], [ 3867385.170257055666298, 981412.590268690604717 ], [ 3867422.594774404540658, 981412.590268690604717 ], [ 3867460.019291753415018, 981412.590268690604717 ], [ 3867497.443809102289379, 981412.590268690604717 ], [ 3867497.443809102289379, 981375.165751341730356 ], [ 3867497.443809102289379, 981337.741233992855996 ], [ 3867497.443809102289379, 981300.316716643981636 ], [ 3867497.443809102289379, 981262.892199295107275 ], [ 3867534.868326451163739, 981262.892199295107275 ], [ 3867572.292843800038099, 981262.892199295107275 ], [ 3867609.71736114891246, 981262.892199295107275 ], [ 3867647.14187849778682, 981262.892199295107275 ], [ 3867673.605008497834206, 981236.42906929505989 ], [ 3867673.605008497834206, 981199.004551946185529 ], [ 3867673.605008497834206, 981161.580034597311169 ], [ 3867673.605008497834206, 981124.155517248436809 ], [ 3867673.605008497834206, 981086.730999899562448 ], [ 3867711.029525846708566, 981086.730999899562448 ], [ 3867748.454043195582926, 981086.730999899562448 ], [ 3867785.878560544457287, 981086.730999899562448 ], [ 3867812.341690544504672, 981060.267869899515063 ], [ 3867812.341690544504672, 981022.843352550640702 ], [ 3867812.341690544504672, 980985.418835201766342 ], [ 3867812.341690544504672, 980947.994317852891982 ], [ 3867812.341690544504672, 980910.569800504017621 ], [ 3867812.341690544504672, 980873.145283155143261 ], [ 3867812.341690544504672, 980835.720765806268901 ], [ 3867812.341690544504672, 980798.29624845739454 ], [ 3867838.804820544552058, 980771.833118457347155 ], [ 3867876.229337893426418, 980771.833118457347155 ], [ 3867913.653855242300779, 980771.833118457347155 ], [ 3867951.078372591175139, 980771.833118457347155 ], [ 3867977.541502591222525, 980745.369988457299769 ], [ 3867977.541502591222525, 980707.945471108425409 ], [ 3867977.541502591222525, 980670.520953759551048 ], [ 3867977.541502591222525, 980633.096436410676688 ], [ 3867977.541502591222525, 980595.671919061802328 ], [ 3868014.966019940096885, 980595.671919061802328 ], [ 3868052.390537288971245, 980595.671919061802328 ], [ 3868089.815054637845606, 980595.671919061802328 ], [ 3868127.239571986719966, 980595.671919061802328 ], [ 3868153.702701986767352, 980569.208789061754942 ], [ 3868153.702701986767352, 980531.784271712880582 ], [ 3868153.702701986767352, 980494.359754364006221 ], [ 3868153.702701986767352, 980456.935237015131861 ], [ 3868153.702701986767352, 980419.510719666257501 ], [ 3868153.702701986767352, 980382.08620231738314 ], [ 3868153.702701986767352, 980344.66168496850878 ], [ 3868153.702701986767352, 980307.23716761963442 ], [ 3868153.702701986767352, 980269.812650270760059 ], [ 3868191.127219335641712, 980269.812650270760059 ], [ 3868228.551736684516072, 980269.812650270760059 ], [ 3868265.976254033390433, 980269.812650270760059 ], [ 3868303.400771382264793, 980269.812650270760059 ], [ 3868329.863901382312179, 980243.349520270712674 ], [ 3868329.863901382312179, 980205.925002921838313 ], [ 3868329.863901382312179, 980168.500485572963953 ], [ 3868329.863901382312179, 980131.075968224089593 ], [ 3868329.863901382312179, 980093.651450875215232 ], [ 3868367.288418731186539, 980093.651450875215232 ], [ 3868404.712936080060899, 980093.651450875215232 ], [ 3868442.13745342893526, 980093.651450875215232 ], [ 3868479.56197077780962, 980093.651450875215232 ], [ 3868479.56197077780962, 980056.226933526340872 ], [ 3868479.56197077780962, 980018.802416177466512 ], [ 3868479.56197077780962, 979981.377898828592151 ], [ 3868479.56197077780962, 979943.953381479717791 ], [ 3868516.98648812668398, 979943.953381479717791 ], [ 3868554.411005475558341, 979943.953381479717791 ], [ 3868591.835522824432701, 979943.953381479717791 ], [ 3868629.260040173307061, 979943.953381479717791 ], [ 3868655.723170173354447, 979917.490251479670405 ], [ 3868655.723170173354447, 979880.065734130796045 ], [ 3868655.723170173354447, 979842.641216781921685 ], [ 3868655.723170173354447, 979805.216699433047324 ], [ 3868655.723170173354447, 979767.792182084172964 ], [ 3868655.723170173354447, 979730.367664735298604 ], [ 3868655.723170173354447, 979692.943147386424243 ], [ 3868655.723170173354447, 979655.518630037549883 ], [ 3868655.723170173354447, 979618.094112688675523 ], [ 3868655.723170173354447, 979580.669595339801162 ], [ 3868655.723170173354447, 979543.245077990926802 ], [ 3868655.723170173354447, 979505.820560642052442 ], [ 3868655.723170173354447, 979468.396043293178082 ], [ 3868655.723170173354447, 979430.971525944303721 ], [ 3868693.147687522228807, 979430.971525944303721 ], [ 3868730.572204871103168, 979430.971525944303721 ], [ 3868767.996722219977528, 979430.971525944303721 ], [ 3868805.421239568851888, 979430.971525944303721 ], [ 3868831.884369568899274, 979404.508395944256335 ], [ 3868831.884369568899274, 979367.083878595381975 ], [ 3868831.884369568899274, 979329.659361246507615 ], [ 3868831.884369568899274, 979292.234843897633255 ], [ 3868831.884369568899274, 979254.810326548758894 ], [ 3868831.884369568899274, 979217.385809199884534 ], [ 3868831.884369568899274, 979179.961291851010174 ], [ 3868831.884369568899274, 979142.536774502135813 ], [ 3868831.884369568899274, 979105.112257153261453 ], [ 3868869.308886917773634, 979105.112257153261453 ], [ 3868906.733404266647995, 979105.112257153261453 ], [ 3868944.157921615522355, 979105.112257153261453 ], [ 3868981.582438964396715, 979105.112257153261453 ], [ 3868981.582438964396715, 979067.687739804387093 ], [ 3868981.582438964396715, 979030.263222455512732 ], [ 3868981.582438964396715, 978992.838705106638372 ], [ 3868981.582438964396715, 978955.414187757764012 ], [ 3868981.582438964396715, 978917.989670408889651 ], [ 3868981.582438964396715, 978880.565153060015291 ], [ 3868981.582438964396715, 978843.140635711140931 ], [ 3868981.582438964396715, 978805.71611836226657 ], [ 3868981.582438964396715, 978768.29160101339221 ], [ 3868981.582438964396715, 978730.86708366451785 ], [ 3868981.582438964396715, 978693.442566315643489 ], [ 3868981.582438964396715, 978656.018048966769129 ], [ 3868981.582438964396715, 978618.593531617894769 ], [ 3868981.582438964396715, 978581.169014269020408 ], [ 3868981.582438964396715, 978543.744496920146048 ], [ 3868981.582438964396715, 978506.319979571271688 ], [ 3868981.582438964396715, 978468.895462222397327 ], [ 3868981.582438964396715, 978431.470944873522967 ], [ 3868981.582438964396715, 978394.046427524648607 ], [ 3868981.582438964396715, 978356.621910175774246 ], [ 3868981.582438964396715, 978319.197392826899886 ], [ 3868981.582438964396715, 978281.772875478025526 ], [ 3868981.582438964396715, 978244.348358129151165 ], [ 3868981.582438964396715, 978206.923840780276805 ], [ 3868981.582438964396715, 978169.499323431402445 ], [ 3868981.582438964396715, 978132.074806082528085 ], [ 3868981.582438964396715, 978094.650288733653724 ], [ 3868981.582438964396715, 978057.225771384779364 ], [ 3868981.582438964396715, 978019.801254035905004 ], [ 3868981.582438964396715, 977982.376736687030643 ], [ 3868981.582438964396715, 977944.952219338156283 ], [ 3868981.582438964396715, 977907.527701989281923 ], [ 3868981.582438964396715, 977870.103184640407562 ], [ 3868981.582438964396715, 977832.678667291533202 ], [ 3868981.582438964396715, 977795.254149942658842 ], [ 3868981.582438964396715, 977757.829632593784481 ], [ 3868981.582438964396715, 977720.405115244910121 ], [ 3868981.582438964396715, 977682.980597896035761 ], [ 3868981.582438964396715, 977645.5560805471614 ], [ 3868981.582438964396715, 977608.13156319828704 ], [ 3868981.582438964396715, 977570.70704584941268 ], [ 3868981.582438964396715, 977533.282528500538319 ], [ 3868981.582438964396715, 977495.858011151663959 ], [ 3868981.582438964396715, 977458.433493802789599 ], [ 3868981.582438964396715, 977421.008976453915238 ], [ 3868981.582438964396715, 977383.584459105040878 ], [ 3868981.582438964396715, 977346.159941756166518 ], [ 3868981.582438964396715, 977308.735424407292157 ], [ 3868981.582438964396715, 977271.310907058417797 ], [ 3868981.582438964396715, 977233.886389709543437 ], [ 3868981.582438964396715, 977196.461872360669076 ], [ 3868981.582438964396715, 977159.037355011794716 ], [ 3868981.582438964396715, 977121.612837662920356 ], [ 3868981.582438964396715, 977084.188320314045995 ], [ 3868981.582438964396715, 977046.763802965171635 ], [ 3868981.582438964396715, 977009.339285616297275 ], [ 3868981.582438964396715, 976971.914768267422915 ], [ 3868981.582438964396715, 976934.490250918548554 ], [ 3868981.582438964396715, 976897.065733569674194 ], [ 3868981.582438964396715, 976859.641216220799834 ], [ 3868981.582438964396715, 976822.216698871925473 ], [ 3868981.582438964396715, 976784.792181523051113 ], [ 3868981.582438964396715, 976747.367664174176753 ], [ 3868981.582438964396715, 976709.943146825302392 ], [ 3868981.582438964396715, 976672.518629476428032 ], [ 3868981.582438964396715, 976635.094112127553672 ], [ 3868981.582438964396715, 976597.669594778679311 ], [ 3868981.582438964396715, 976560.245077429804951 ], [ 3868981.582438964396715, 976522.820560080930591 ], [ 3868981.582438964396715, 976485.39604273205623 ], [ 3868981.582438964396715, 976447.97152538318187 ], [ 3868981.582438964396715, 976410.54700803430751 ], [ 3868981.582438964396715, 976373.122490685433149 ], [ 3868981.582438964396715, 976335.697973336558789 ], [ 3868981.582438964396715, 976298.273455987684429 ], [ 3868981.582438964396715, 976260.848938638810068 ], [ 3868981.582438964396715, 976223.424421289935708 ], [ 3868981.582438964396715, 976185.999903941061348 ], [ 3868981.582438964396715, 976148.575386592186987 ], [ 3868981.582438964396715, 976111.150869243312627 ], [ 3868981.582438964396715, 976073.726351894438267 ], [ 3868981.582438964396715, 976036.301834545563906 ], [ 3868981.582438964396715, 975998.877317196689546 ], [ 3868981.582438964396715, 975961.452799847815186 ], [ 3868981.582438964396715, 975924.028282498940825 ], [ 3868981.582438964396715, 975886.603765150066465 ], [ 3868981.582438964396715, 975849.179247801192105 ], [ 3868981.582438964396715, 975811.754730452317744 ], [ 3868981.582438964396715, 975774.330213103443384 ], [ 3868981.582438964396715, 975736.905695754569024 ], [ 3868981.582438964396715, 975699.481178405694664 ], [ 3868981.582438964396715, 975662.056661056820303 ], [ 3868981.582438964396715, 975624.632143707945943 ], [ 3868981.582438964396715, 975587.207626359071583 ], [ 3868981.582438964396715, 975549.783109010197222 ], [ 3868981.582438964396715, 975512.358591661322862 ], [ 3868981.582438964396715, 975474.934074312448502 ], [ 3868981.582438964396715, 975437.509556963574141 ], [ 3868944.157921615522355, 975437.509556963574141 ], [ 3868906.733404266647995, 975437.509556963574141 ], [ 3868869.308886917773634, 975437.509556963574141 ], [ 3868831.884369568899274, 975437.509556963574141 ], [ 3868831.884369568899274, 975400.085039614699781 ], [ 3868831.884369568899274, 975362.660522265825421 ], [ 3868831.884369568899274, 975325.23600491695106 ], [ 3868831.884369568899274, 975287.8114875680767 ], [ 3868831.884369568899274, 975250.38697021920234 ], [ 3868831.884369568899274, 975212.962452870327979 ], [ 3868831.884369568899274, 975175.537935521453619 ], [ 3868831.884369568899274, 975138.113418172579259 ], [ 3868831.884369568899274, 975100.688900823704898 ], [ 3868831.884369568899274, 975063.264383474830538 ], [ 3868831.884369568899274, 975025.839866125956178 ], [ 3868831.884369568899274, 974988.415348777081817 ], [ 3868831.884369568899274, 974950.990831428207457 ], [ 3868831.884369568899274, 974913.566314079333097 ], [ 3868831.884369568899274, 974876.141796730458736 ], [ 3868831.884369568899274, 974838.717279381584376 ], [ 3868831.884369568899274, 974801.292762032710016 ], [ 3868831.884369568899274, 974763.868244683835655 ], [ 3868831.884369568899274, 974726.443727334961295 ], [ 3868831.884369568899274, 974689.019209986086935 ], [ 3868831.884369568899274, 974651.594692637212574 ], [ 3868831.884369568899274, 974614.170175288338214 ], [ 3868831.884369568899274, 974576.745657939463854 ], [ 3868831.884369568899274, 974539.321140590589494 ], [ 3868831.884369568899274, 974501.896623241715133 ], [ 3868831.884369568899274, 974464.472105892840773 ], [ 3868805.421239568851888, 974438.008975892793387 ], [ 3868767.996722219977528, 974438.008975892793387 ], [ 3868730.572204871103168, 974438.008975892793387 ], [ 3868693.147687522228807, 974438.008975892793387 ], [ 3868655.723170173354447, 974438.008975892793387 ], [ 3868655.723170173354447, 974400.584458543919027 ], [ 3868655.723170173354447, 974363.159941195044667 ], [ 3868655.723170173354447, 974325.735423846170306 ], [ 3868655.723170173354447, 974288.310906497295946 ], [ 3868655.723170173354447, 974250.886389148421586 ], [ 3868655.723170173354447, 974213.461871799547225 ], [ 3868655.723170173354447, 974176.037354450672865 ], [ 3868655.723170173354447, 974138.612837101798505 ], [ 3868655.723170173354447, 974101.188319752924144 ], [ 3868655.723170173354447, 974063.763802404049784 ], [ 3868655.723170173354447, 974026.339285055175424 ], [ 3868655.723170173354447, 973988.914767706301063 ], [ 3868655.723170173354447, 973951.490250357426703 ], [ 3868655.723170173354447, 973914.065733008552343 ], [ 3868655.723170173354447, 973876.641215659677982 ], [ 3868655.723170173354447, 973839.216698310803622 ], [ 3868655.723170173354447, 973801.792180961929262 ], [ 3868655.723170173354447, 973764.367663613054901 ], [ 3868655.723170173354447, 973726.943146264180541 ], [ 3868655.723170173354447, 973689.518628915306181 ], [ 3868655.723170173354447, 973652.09411156643182 ], [ 3868655.723170173354447, 973614.66959421755746 ], [ 3868655.723170173354447, 973577.2450768686831 ], [ 3868655.723170173354447, 973539.820559519808739 ], [ 3868655.723170173354447, 973502.396042170934379 ], [ 3868655.723170173354447, 973464.971524822060019 ], [ 3868655.723170173354447, 973427.547007473185658 ], [ 3868655.723170173354447, 973390.122490124311298 ], [ 3868655.723170173354447, 973352.697972775436938 ], [ 3868655.723170173354447, 973315.273455426562577 ], [ 3868655.723170173354447, 973277.848938077688217 ], [ 3868655.723170173354447, 973240.424420728813857 ], [ 3868655.723170173354447, 973202.999903379939497 ], [ 3868655.723170173354447, 973165.575386031065136 ], [ 3868655.723170173354447, 973128.150868682190776 ], [ 3868655.723170173354447, 973090.726351333316416 ], [ 3868655.723170173354447, 973053.301833984442055 ], [ 3868655.723170173354447, 973015.877316635567695 ], [ 3868655.723170173354447, 972978.452799286693335 ], [ 3868655.723170173354447, 972941.028281937818974 ], [ 3868655.723170173354447, 972903.603764588944614 ], [ 3868655.723170173354447, 972866.179247240070254 ], [ 3868655.723170173354447, 972828.754729891195893 ], [ 3868629.260040173307061, 972802.291599891148508 ], [ 3868591.835522824432701, 972802.291599891148508 ], [ 3868554.411005475558341, 972802.291599891148508 ], [ 3868516.98648812668398, 972802.291599891148508 ], [ 3868490.523358126636595, 972775.828469891101122 ], [ 3868490.523358126636595, 972738.403952542226762 ], [ 3868490.523358126636595, 972700.979435193352401 ], [ 3868490.523358126636595, 972663.554917844478041 ], [ 3868490.523358126636595, 972626.130400495603681 ], [ 3868490.523358126636595, 972588.70588314672932 ], [ 3868490.523358126636595, 972551.28136579785496 ], [ 3868490.523358126636595, 972513.8568484489806 ], [ 3868490.523358126636595, 972476.432331100106239 ], [ 3868490.523358126636595, 972439.007813751231879 ], [ 3868490.523358126636595, 972401.583296402357519 ], [ 3868490.523358126636595, 972364.158779053483158 ], [ 3868490.523358126636595, 972326.734261704608798 ], [ 3868490.523358126636595, 972289.309744355734438 ], [ 3868490.523358126636595, 972251.885227006860077 ], [ 3868490.523358126636595, 972214.460709657985717 ], [ 3868490.523358126636595, 972177.036192309111357 ], [ 3868490.523358126636595, 972139.611674960236996 ], [ 3868490.523358126636595, 972102.187157611362636 ], [ 3868490.523358126636595, 972064.762640262488276 ], [ 3868490.523358126636595, 972027.338122913613915 ], [ 3868490.523358126636595, 971989.913605564739555 ], [ 3868464.060228126589209, 971963.450475564692169 ], [ 3868426.635710777714849, 971963.450475564692169 ], [ 3868389.211193428840488, 971963.450475564692169 ], [ 3868351.786676079966128, 971963.450475564692169 ], [ 3868314.362158731091768, 971963.450475564692169 ], [ 3868314.362158731091768, 971926.025958215817809 ], [ 3868314.362158731091768, 971888.601440866943449 ], [ 3868314.362158731091768, 971851.176923518069088 ], [ 3868314.362158731091768, 971813.752406169194728 ], [ 3868314.362158731091768, 971776.327888820320368 ], [ 3868314.362158731091768, 971738.903371471446007 ], [ 3868314.362158731091768, 971701.478854122571647 ], [ 3868314.362158731091768, 971664.054336773697287 ], [ 3868314.362158731091768, 971626.629819424822927 ], [ 3868314.362158731091768, 971589.205302075948566 ], [ 3868314.362158731091768, 971551.780784727074206 ], [ 3868314.362158731091768, 971514.356267378199846 ], [ 3868314.362158731091768, 971476.931750029325485 ], [ 3868314.362158731091768, 971439.507232680451125 ], [ 3868314.362158731091768, 971402.082715331576765 ], [ 3868314.362158731091768, 971364.658197982702404 ], [ 3868314.362158731091768, 971327.233680633828044 ], [ 3868314.362158731091768, 971289.809163284953684 ], [ 3868314.362158731091768, 971252.384645936079323 ], [ 3868314.362158731091768, 971214.960128587204963 ], [ 3868314.362158731091768, 971177.535611238330603 ] ] ] } }
]
}
