{
"type": "FeatureCollection",
"name": "Boji_Dirmeji",
"crs": { "type": "name", "properties": { "name": "urn:ogc:def:crs:EPSG::3857" } },
"features": [
{ "type": "Feature", "properties": { }, "geometry": { "type": "Polygon", "coordinates": [ [ [ 3982395.939433664083481, 1061621.874633451458067 ], [ 3982358.514916315209121, 1061621.874633451458067 ], [ 3982321.09039896633476, 1061621.874633451458067 ], [ 3982283.6658816174604, 1061621.874633451458067 ], [ 3982246.24136426858604, 1061621.874633451458067 ], [ 3982208.816846919711679, 1061621.874633451458067 ], [ 3982171.392329570837319, 1061621.874633451458067 ], [ 3982133.967812221962959, 1061621.874633451458067 ], [ 3982107.504682221915573, 1061648.337763451505452 ], [ 3982107.504682221915573, 1061685.762280800379813 ], [ 3982107.504682221915573, 1061723.186798149254173 ], [ 3982107.504682221915573, 1061760.611315498128533 ], [ 3982081.041552221868187, 1061787.074445498175919 ], [ 3982043.617034872993827, 1061787.074445498175919 ], [ 3982006.192517524119467, 1061787.074445498175919 ], [ 3981968.768000175245106, 1061787.074445498175919 ], [ 3981942.304870175197721, 1061760.611315498128533 ], [ 3981942.304870175197721, 1061723.186798149254173 ], [ 3981942.304870175197721, 1061685.762280800379813 ], [ 3981942.304870175197721, 1061648.337763451505452 ], [ 3981915.841740175150335, 1061621.874633451458067 ], [ 3981878.417222826275975, 1061621.874633451458067 ], [ 3981840.992705477401614, 1061621.874633451458067 ], [ 3981803.568188128527254, 1061621.874633451458067 ], [ 3981766.143670779652894, 1061621.874633451458067 ], [ 3981766.143670779652894, 1061659.299150800332427 ], [ 3981766.143670779652894, 1061696.723668149206787 ], [ 3981766.143670779652894, 1061734.148185498081148 ], [ 3981766.143670779652894, 1061771.572702846955508 ], [ 3981739.680540779605508, 1061798.035832847002894 ], [ 3981702.256023430731148, 1061798.035832847002894 ], [ 3981664.831506081856787, 1061798.035832847002894 ], [ 3981627.406988732982427, 1061798.035832847002894 ], [ 3981589.982471384108067, 1061798.035832847002894 ], [ 3981552.557954035233706, 1061798.035832847002894 ], [ 3981515.133436686359346, 1061798.035832847002894 ], [ 3981477.708919337484986, 1061798.035832847002894 ], [ 3981440.284401988610625, 1061798.035832847002894 ], [ 3981402.859884639736265, 1061798.035832847002894 ], [ 3981365.435367290861905, 1061798.035832847002894 ], [ 3981328.010849941987544, 1061798.035832847002894 ], [ 3981290.586332593113184, 1061798.035832847002894 ], [ 3981290.586332593113184, 1061835.460350195877254 ], [ 3981290.586332593113184, 1061872.884867544751614 ], [ 3981290.586332593113184, 1061910.309384893625975 ], [ 3981290.586332593113184, 1061947.733902242500335 ], [ 3981264.123202593065798, 1061974.197032242547721 ], [ 3981226.698685244191438, 1061974.197032242547721 ], [ 3981189.274167895317078, 1061974.197032242547721 ], [ 3981151.849650546442717, 1061974.197032242547721 ], [ 3981114.425133197568357, 1061974.197032242547721 ], [ 3981077.000615848693997, 1061974.197032242547721 ], [ 3981039.576098499819636, 1061974.197032242547721 ], [ 3981002.151581150945276, 1061974.197032242547721 ], [ 3980964.727063802070916, 1061974.197032242547721 ], [ 3980927.302546453196555, 1061974.197032242547721 ], [ 3980889.878029104322195, 1061974.197032242547721 ], [ 3980852.453511755447835, 1061974.197032242547721 ], [ 3980815.028994406573474, 1061974.197032242547721 ], [ 3980777.604477057699114, 1061974.197032242547721 ], [ 3980740.179959708824754, 1061974.197032242547721 ], [ 3980702.755442359950393, 1061974.197032242547721 ], [ 3980665.330925011076033, 1061974.197032242547721 ], [ 3980627.906407662201673, 1061974.197032242547721 ], [ 3980590.481890313327312, 1061974.197032242547721 ], [ 3980553.057372964452952, 1061974.197032242547721 ], [ 3980515.632855615578592, 1061974.197032242547721 ], [ 3980478.208338266704232, 1061974.197032242547721 ], [ 3980478.208338266704232, 1062011.621549591422081 ], [ 3980478.208338266704232, 1062049.046066940296441 ], [ 3980478.208338266704232, 1062086.470584289170802 ], [ 3980478.208338266704232, 1062123.895101638045162 ], [ 3980440.783820917829871, 1062123.895101638045162 ], [ 3980403.359303568955511, 1062123.895101638045162 ], [ 3980365.934786220081151, 1062123.895101638045162 ], [ 3980328.51026887120679, 1062123.895101638045162 ], [ 3980291.08575152233243, 1062123.895101638045162 ], [ 3980253.66123417345807, 1062123.895101638045162 ], [ 3980216.236716824583709, 1062123.895101638045162 ], [ 3980178.812199475709349, 1062123.895101638045162 ], [ 3980141.387682126834989, 1062123.895101638045162 ], [ 3980103.963164777960628, 1062123.895101638045162 ], [ 3980066.538647429086268, 1062123.895101638045162 ], [ 3980029.114130080211908, 1062123.895101638045162 ], [ 3979991.689612731337547, 1062123.895101638045162 ], [ 3979965.226482731290162, 1062150.358231638092548 ], [ 3979965.226482731290162, 1062187.782748986966908 ], [ 3979965.226482731290162, 1062225.207266335841268 ], [ 3979965.226482731290162, 1062262.631783684715629 ], [ 3979938.763352731242776, 1062289.094913684763014 ], [ 3979901.338835382368416, 1062289.094913684763014 ], [ 3979863.914318033494055, 1062289.094913684763014 ], [ 3979826.489800684619695, 1062289.094913684763014 ], [ 3979789.065283335745335, 1062289.094913684763014 ], [ 3979751.640765986870974, 1062289.094913684763014 ], [ 3979714.216248637996614, 1062289.094913684763014 ], [ 3979676.791731289122254, 1062289.094913684763014 ], [ 3979639.367213940247893, 1062289.094913684763014 ], [ 3979601.942696591373533, 1062289.094913684763014 ], [ 3979564.518179242499173, 1062289.094913684763014 ], [ 3979527.093661893624812, 1062289.094913684763014 ], [ 3979489.669144544750452, 1062289.094913684763014 ], [ 3979463.206014544703066, 1062315.5580436848104 ], [ 3979463.206014544703066, 1062352.98256103368476 ], [ 3979463.206014544703066, 1062390.407078382559121 ], [ 3979463.206014544703066, 1062427.831595731433481 ], [ 3979436.742884544655681, 1062454.294725731480867 ], [ 3979399.31836719578132, 1062454.294725731480867 ], [ 3979361.89384984690696, 1062454.294725731480867 ], [ 3979324.4693324980326, 1062454.294725731480867 ], [ 3979324.4693324980326, 1062491.719243080355227 ], [ 3979324.4693324980326, 1062529.143760429229587 ], [ 3979324.4693324980326, 1062566.568277778103948 ], [ 3979324.4693324980326, 1062603.992795126978308 ], [ 3979298.006202497985214, 1062630.455925127025694 ], [ 3979260.581685149110854, 1062630.455925127025694 ], [ 3979223.157167800236493, 1062630.455925127025694 ], [ 3979185.732650451362133, 1062630.455925127025694 ], [ 3979148.308133102487773, 1062630.455925127025694 ], [ 3979148.308133102487773, 1062667.880442475900054 ], [ 3979148.308133102487773, 1062705.304959824774414 ], [ 3979148.308133102487773, 1062742.729477173648775 ], [ 3979148.308133102487773, 1062780.153994522523135 ], [ 3979110.883615753613412, 1062780.153994522523135 ], [ 3979073.459098404739052, 1062780.153994522523135 ], [ 3979036.034581055864692, 1062780.153994522523135 ], [ 3978998.610063706990331, 1062780.153994522523135 ], [ 3978998.610063706990331, 1062817.578511871397495 ], [ 3978998.610063706990331, 1062855.003029220271856 ], [ 3978998.610063706990331, 1062892.427546569146216 ], [ 3978998.610063706990331, 1062929.852063918020576 ], [ 3978998.610063706990331, 1062967.276581266894937 ], [ 3978998.610063706990331, 1063004.701098615769297 ], [ 3978998.610063706990331, 1063042.125615964643657 ], [ 3978998.610063706990331, 1063079.550133313518018 ], [ 3978998.610063706990331, 1063116.974650662392378 ], [ 3978961.185546358115971, 1063116.974650662392378 ], [ 3978923.761029009241611, 1063116.974650662392378 ], [ 3978886.33651166036725, 1063116.974650662392378 ], [ 3978848.91199431149289, 1063116.974650662392378 ], [ 3978811.48747696261853, 1063116.974650662392378 ], [ 3978774.062959613744169, 1063116.974650662392378 ], [ 3978736.638442264869809, 1063116.974650662392378 ], [ 3978699.213924915995449, 1063116.974650662392378 ], [ 3978661.789407567121089, 1063116.974650662392378 ], [ 3978661.789407567121089, 1063154.399168011266738 ], [ 3978661.789407567121089, 1063191.823685360141098 ], [ 3978661.789407567121089, 1063229.248202709015459 ], [ 3978661.789407567121089, 1063266.672720057889819 ], [ 3978635.326277567073703, 1063293.135850057937205 ], [ 3978597.901760218199342, 1063293.135850057937205 ], [ 3978560.477242869324982, 1063293.135850057937205 ], [ 3978523.052725520450622, 1063293.135850057937205 ], [ 3978485.628208171576262, 1063293.135850057937205 ], [ 3978485.628208171576262, 1063330.560367406811565 ], [ 3978485.628208171576262, 1063367.984884755685925 ], [ 3978485.628208171576262, 1063405.409402104560286 ], [ 3978485.628208171576262, 1063442.833919453434646 ], [ 3978448.203690822701901, 1063442.833919453434646 ], [ 3978410.779173473827541, 1063442.833919453434646 ], [ 3978373.354656124953181, 1063442.833919453434646 ], [ 3978335.93013877607882, 1063442.833919453434646 ], [ 3978335.93013877607882, 1063480.258436802309006 ], [ 3978335.93013877607882, 1063517.682954151183367 ], [ 3978335.93013877607882, 1063555.107471500057727 ], [ 3978335.93013877607882, 1063592.531988848932087 ], [ 3978309.467008776031435, 1063618.995118848979473 ], [ 3978272.042491427157074, 1063618.995118848979473 ], [ 3978234.617974078282714, 1063618.995118848979473 ], [ 3978197.193456729408354, 1063618.995118848979473 ], [ 3978159.768939380533993, 1063618.995118848979473 ], [ 3978122.344422031659633, 1063618.995118848979473 ], [ 3978084.919904682785273, 1063618.995118848979473 ], [ 3978047.495387333910912, 1063618.995118848979473 ], [ 3978010.070869985036552, 1063618.995118848979473 ], [ 3977983.607739984989166, 1063645.458248849026859 ], [ 3977983.607739984989166, 1063682.882766197901219 ], [ 3977983.607739984989166, 1063720.307283546775579 ], [ 3977983.607739984989166, 1063757.73180089564994 ], [ 3977957.144609984941781, 1063784.194930895697325 ], [ 3977919.72009263606742, 1063784.194930895697325 ], [ 3977882.29557528719306, 1063784.194930895697325 ], [ 3977844.8710579383187, 1063784.194930895697325 ], [ 3977818.407927938271314, 1063810.658060895744711 ], [ 3977818.407927938271314, 1063848.082578244619071 ], [ 3977818.407927938271314, 1063885.507095593493432 ], [ 3977818.407927938271314, 1063922.931612942367792 ], [ 3977791.944797938223928, 1063949.394742942415178 ], [ 3977754.520280589349568, 1063949.394742942415178 ], [ 3977717.095763240475208, 1063949.394742942415178 ], [ 3977679.671245891600847, 1063949.394742942415178 ], [ 3977679.671245891600847, 1063986.819260291289538 ], [ 3977679.671245891600847, 1064024.243777640163898 ], [ 3977679.671245891600847, 1064061.668294989038259 ], [ 3977679.671245891600847, 1064099.092812337912619 ], [ 3977653.208115891553462, 1064125.555942337960005 ], [ 3977615.783598542679101, 1064125.555942337960005 ], [ 3977578.359081193804741, 1064125.555942337960005 ], [ 3977540.934563844930381, 1064125.555942337960005 ], [ 3977503.51004649605602, 1064125.555942337960005 ], [ 3977503.51004649605602, 1064162.980459686834365 ], [ 3977503.51004649605602, 1064200.404977035708725 ], [ 3977503.51004649605602, 1064237.829494384583086 ], [ 3977503.51004649605602, 1064275.254011733457446 ], [ 3977466.08552914718166, 1064275.254011733457446 ], [ 3977428.6610117983073, 1064275.254011733457446 ], [ 3977391.236494449432939, 1064275.254011733457446 ], [ 3977353.811977100558579, 1064275.254011733457446 ], [ 3977353.811977100558579, 1064312.678529082331806 ], [ 3977353.811977100558579, 1064350.103046431206167 ], [ 3977353.811977100558579, 1064387.527563780080527 ], [ 3977353.811977100558579, 1064424.952081128954887 ], [ 3977353.811977100558579, 1064462.376598477829248 ], [ 3977353.811977100558579, 1064499.801115826703608 ], [ 3977353.811977100558579, 1064537.225633175577968 ], [ 3977353.811977100558579, 1064574.650150524452329 ], [ 3977327.348847100511193, 1064601.113280524499714 ], [ 3977289.924329751636833, 1064601.113280524499714 ], [ 3977252.499812402762473, 1064601.113280524499714 ], [ 3977215.075295053888112, 1064601.113280524499714 ], [ 3977177.650777705013752, 1064601.113280524499714 ], [ 3977177.650777705013752, 1064638.537797873374075 ], [ 3977177.650777705013752, 1064675.962315222248435 ], [ 3977177.650777705013752, 1064713.386832571122795 ], [ 3977177.650777705013752, 1064750.811349919997156 ], [ 3977151.187647704966366, 1064777.274479920044541 ], [ 3977113.763130356092006, 1064777.274479920044541 ], [ 3977076.338613007217646, 1064777.274479920044541 ], [ 3977038.914095658343285, 1064777.274479920044541 ], [ 3977001.489578309468925, 1064777.274479920044541 ], [ 3977001.489578309468925, 1064814.698997268918902 ], [ 3977001.489578309468925, 1064852.123514617793262 ], [ 3977001.489578309468925, 1064889.548031966667622 ], [ 3977001.489578309468925, 1064926.972549315541983 ], [ 3976975.026448309421539, 1064953.435679315589368 ], [ 3976937.601930960547179, 1064953.435679315589368 ], [ 3976900.177413611672819, 1064953.435679315589368 ], [ 3976862.752896262798458, 1064953.435679315589368 ], [ 3976862.752896262798458, 1064990.860196664463729 ], [ 3976862.752896262798458, 1065028.284714013338089 ], [ 3976862.752896262798458, 1065065.709231362212449 ], [ 3976862.752896262798458, 1065103.13374871108681 ], [ 3976825.328378913924098, 1065103.13374871108681 ], [ 3976787.903861565049738, 1065103.13374871108681 ], [ 3976750.479344216175377, 1065103.13374871108681 ], [ 3976713.054826867301017, 1065103.13374871108681 ], [ 3976675.630309518426657, 1065103.13374871108681 ], [ 3976638.205792169552296, 1065103.13374871108681 ], [ 3976600.781274820677936, 1065103.13374871108681 ], [ 3976563.356757471803576, 1065103.13374871108681 ], [ 3976525.932240122929215, 1065103.13374871108681 ], [ 3976488.507722774054855, 1065103.13374871108681 ], [ 3976451.083205425180495, 1065103.13374871108681 ], [ 3976413.658688076306134, 1065103.13374871108681 ], [ 3976376.234170727431774, 1065103.13374871108681 ], [ 3976338.809653378557414, 1065103.13374871108681 ], [ 3976338.809653378557414, 1065140.55826605996117 ], [ 3976338.809653378557414, 1065177.98278340883553 ], [ 3976338.809653378557414, 1065215.407300757709891 ], [ 3976338.809653378557414, 1065252.831818106584251 ], [ 3976312.346523378510028, 1065279.294948106631637 ], [ 3976274.922006029635668, 1065279.294948106631637 ], [ 3976237.497488680761307, 1065279.294948106631637 ], [ 3976200.072971331886947, 1065279.294948106631637 ], [ 3976200.072971331886947, 1065316.719465455505997 ], [ 3976200.072971331886947, 1065354.143982804380357 ], [ 3976200.072971331886947, 1065391.568500153254718 ], [ 3976200.072971331886947, 1065428.993017502129078 ], [ 3976162.648453983012587, 1065428.993017502129078 ], [ 3976125.223936634138227, 1065428.993017502129078 ], [ 3976087.799419285263866, 1065428.993017502129078 ], [ 3976050.374901936389506, 1065428.993017502129078 ], [ 3976012.950384587515146, 1065428.993017502129078 ], [ 3975975.525867238640785, 1065428.993017502129078 ], [ 3975938.101349889766425, 1065428.993017502129078 ], [ 3975900.676832540892065, 1065428.993017502129078 ], [ 3975863.252315192017704, 1065428.993017502129078 ], [ 3975863.252315192017704, 1065466.417534851003438 ], [ 3975863.252315192017704, 1065503.842052199877799 ], [ 3975863.252315192017704, 1065541.266569548752159 ], [ 3975863.252315192017704, 1065578.691086897626519 ], [ 3975836.789185191970319, 1065605.154216897673905 ], [ 3975799.364667843095958, 1065605.154216897673905 ], [ 3975761.940150494221598, 1065605.154216897673905 ], [ 3975724.515633145347238, 1065605.154216897673905 ], [ 3975687.091115796472877, 1065605.154216897673905 ], [ 3975649.666598447598517, 1065605.154216897673905 ], [ 3975612.242081098724157, 1065605.154216897673905 ], [ 3975574.817563749849796, 1065605.154216897673905 ], [ 3975537.393046400975436, 1065605.154216897673905 ], [ 3975499.968529052101076, 1065605.154216897673905 ], [ 3975462.544011703226715, 1065605.154216897673905 ], [ 3975425.119494354352355, 1065605.154216897673905 ], [ 3975387.694977005477995, 1065605.154216897673905 ], [ 3975361.231847005430609, 1065631.617346897721291 ], [ 3975361.231847005430609, 1065669.041864246595651 ], [ 3975361.231847005430609, 1065706.466381595470011 ], [ 3975361.231847005430609, 1065743.890898944344372 ], [ 3975334.768717005383223, 1065770.354028944391757 ], [ 3975297.344199656508863, 1065770.354028944391757 ], [ 3975259.919682307634503, 1065770.354028944391757 ], [ 3975222.495164958760142, 1065770.354028944391757 ], [ 3975222.495164958760142, 1065807.778546293266118 ], [ 3975222.495164958760142, 1065845.203063642140478 ], [ 3975222.495164958760142, 1065882.627580991014838 ], [ 3975222.495164958760142, 1065920.052098339889199 ], [ 3975222.495164958760142, 1065957.476615688763559 ], [ 3975222.495164958760142, 1065994.901133037637919 ], [ 3975222.495164958760142, 1066032.32565038651228 ], [ 3975222.495164958760142, 1066069.75016773538664 ], [ 3975222.495164958760142, 1066107.174685084261 ], [ 3975222.495164958760142, 1066144.59920243313536 ], [ 3975222.495164958760142, 1066182.023719782009721 ], [ 3975222.495164958760142, 1066219.448237130884081 ], [ 3975222.495164958760142, 1066256.872754479758441 ], [ 3975185.070647609885782, 1066256.872754479758441 ], [ 3975147.646130261011422, 1066256.872754479758441 ], [ 3975110.221612912137061, 1066256.872754479758441 ], [ 3975072.797095563262701, 1066256.872754479758441 ], [ 3975046.333965563215315, 1066283.335884479805827 ], [ 3975046.333965563215315, 1066320.760401828680187 ], [ 3975046.333965563215315, 1066358.184919177554548 ], [ 3975046.333965563215315, 1066395.609436526428908 ], [ 3975019.87083556316793, 1066422.072566526476294 ], [ 3974982.446318214293569, 1066422.072566526476294 ], [ 3974945.021800865419209, 1066422.072566526476294 ], [ 3974907.597283516544849, 1066422.072566526476294 ], [ 3974870.172766167670488, 1066422.072566526476294 ], [ 3974870.172766167670488, 1066459.497083875350654 ], [ 3974870.172766167670488, 1066496.921601224225014 ], [ 3974870.172766167670488, 1066534.346118573099375 ], [ 3974870.172766167670488, 1066571.770635921973735 ], [ 3974843.709636167623103, 1066598.233765922021121 ], [ 3974806.285118818748742, 1066598.233765922021121 ], [ 3974768.860601469874382, 1066598.233765922021121 ], [ 3974731.436084121000022, 1066598.233765922021121 ], [ 3974694.011566772125661, 1066598.233765922021121 ], [ 3974694.011566772125661, 1066635.658283270895481 ], [ 3974694.011566772125661, 1066673.082800619769841 ], [ 3974694.011566772125661, 1066710.507317968644202 ], [ 3974694.011566772125661, 1066747.931835317518562 ], [ 3974694.011566772125661, 1066785.356352666392922 ], [ 3974694.011566772125661, 1066822.780870015267283 ], [ 3974694.011566772125661, 1066860.205387364141643 ], [ 3974694.011566772125661, 1066897.629904713016003 ], [ 3974667.548436772078276, 1066924.093034713063389 ], [ 3974630.123919423203915, 1066924.093034713063389 ], [ 3974592.699402074329555, 1066924.093034713063389 ], [ 3974555.274884725455195, 1066924.093034713063389 ], [ 3974555.274884725455195, 1066961.517552061937749 ], [ 3974555.274884725455195, 1066998.94206941081211 ], [ 3974555.274884725455195, 1067036.36658675968647 ], [ 3974555.274884725455195, 1067073.79110410856083 ], [ 3974555.274884725455195, 1067111.215621457435191 ], [ 3974555.274884725455195, 1067148.640138806309551 ], [ 3974555.274884725455195, 1067186.064656155183911 ], [ 3974555.274884725455195, 1067223.489173504058272 ], [ 3974528.811754725407809, 1067249.952303504105657 ], [ 3974491.387237376533449, 1067249.952303504105657 ], [ 3974453.962720027659088, 1067249.952303504105657 ], [ 3974416.538202678784728, 1067249.952303504105657 ], [ 3974379.113685329910368, 1067249.952303504105657 ], [ 3974379.113685329910368, 1067287.376820852980018 ], [ 3974379.113685329910368, 1067324.801338201854378 ], [ 3974379.113685329910368, 1067362.225855550728738 ], [ 3974379.113685329910368, 1067399.650372899603099 ], [ 3974352.650555329862982, 1067426.113502899650484 ], [ 3974315.226037980988622, 1067426.113502899650484 ], [ 3974277.801520632114261, 1067426.113502899650484 ], [ 3974240.377003283239901, 1067426.113502899650484 ], [ 3974202.952485934365541, 1067426.113502899650484 ], [ 3974165.52796858549118, 1067426.113502899650484 ], [ 3974128.10345123661682, 1067426.113502899650484 ], [ 3974090.67893388774246, 1067426.113502899650484 ], [ 3974053.254416538868099, 1067426.113502899650484 ], [ 3974026.791286538820714, 1067399.650372899603099 ], [ 3974026.791286538820714, 1067362.225855550728738 ], [ 3974026.791286538820714, 1067324.801338201854378 ], [ 3974026.791286538820714, 1067287.376820852980018 ], [ 3974026.791286538820714, 1067249.952303504105657 ], [ 3973989.366769189946353, 1067249.952303504105657 ], [ 3973951.942251841071993, 1067249.952303504105657 ], [ 3973914.517734492197633, 1067249.952303504105657 ], [ 3973877.093217143323272, 1067249.952303504105657 ], [ 3973850.630087143275887, 1067223.489173504058272 ], [ 3973850.630087143275887, 1067186.064656155183911 ], [ 3973850.630087143275887, 1067148.640138806309551 ], [ 3973850.630087143275887, 1067111.215621457435191 ], [ 3973824.166957143228501, 1067084.752491457387805 ], [ 3973786.742439794354141, 1067084.752491457387805 ], [ 3973749.31792244547978, 1067084.752491457387805 ], [ 3973711.89340509660542, 1067084.752491457387805 ], [ 3973711.89340509660542, 1067047.327974108513445 ], [ 3973711.89340509660542, 1067009.903456759639084 ], [ 3973711.89340509660542, 1066972.478939410764724 ], [ 3973711.89340509660542, 1066935.054422061890364 ], [ 3973711.89340509660542, 1066897.629904713016003 ], [ 3973711.89340509660542, 1066860.205387364141643 ], [ 3973711.89340509660542, 1066822.780870015267283 ], [ 3973711.89340509660542, 1066785.356352666392922 ], [ 3973711.89340509660542, 1066747.931835317518562 ], [ 3973674.46888774773106, 1066747.931835317518562 ], [ 3973637.044370398856699, 1066747.931835317518562 ], [ 3973599.619853049982339, 1066747.931835317518562 ], [ 3973562.195335701107979, 1066747.931835317518562 ], [ 3973535.732205701060593, 1066721.468705317471176 ], [ 3973535.732205701060593, 1066684.044187968596816 ], [ 3973535.732205701060593, 1066646.619670619722456 ], [ 3973535.732205701060593, 1066609.195153270848095 ], [ 3973509.269075701013207, 1066582.73202327080071 ], [ 3973471.844558352138847, 1066582.73202327080071 ], [ 3973434.420041003264487, 1066582.73202327080071 ], [ 3973396.995523654390126, 1066582.73202327080071 ], [ 3973370.532393654342741, 1066556.268893270753324 ], [ 3973370.532393654342741, 1066518.844375921878964 ], [ 3973370.532393654342741, 1066481.419858573004603 ], [ 3973370.532393654342741, 1066443.995341224130243 ], [ 3973344.069263654295355, 1066417.532211224082857 ], [ 3973306.644746305420995, 1066417.532211224082857 ], [ 3973269.220228956546634, 1066417.532211224082857 ], [ 3973231.795711607672274, 1066417.532211224082857 ], [ 3973205.332581607624888, 1066391.069081224035472 ], [ 3973205.332581607624888, 1066353.644563875161111 ], [ 3973205.332581607624888, 1066316.220046526286751 ], [ 3973205.332581607624888, 1066278.795529177412391 ], [ 3973178.869451607577503, 1066252.332399177365005 ], [ 3973141.444934258703142, 1066252.332399177365005 ], [ 3973104.020416909828782, 1066252.332399177365005 ], [ 3973066.595899560954422, 1066252.332399177365005 ], [ 3973040.132769560907036, 1066225.869269177317619 ], [ 3973040.132769560907036, 1066188.444751828443259 ], [ 3973040.132769560907036, 1066151.020234479568899 ], [ 3973040.132769560907036, 1066113.595717130694538 ], [ 3973040.132769560907036, 1066076.171199781820178 ], [ 3973040.132769560907036, 1066038.746682432945818 ], [ 3973040.132769560907036, 1066001.322165084071457 ], [ 3973040.132769560907036, 1065963.897647735197097 ], [ 3973040.132769560907036, 1065926.473130386322737 ], [ 3973040.132769560907036, 1065889.048613037448376 ], [ 3973040.132769560907036, 1065851.624095688574016 ], [ 3973040.132769560907036, 1065814.199578339699656 ], [ 3973040.132769560907036, 1065776.775060990825295 ], [ 3973040.132769560907036, 1065739.350543641950935 ], [ 3973040.132769560907036, 1065701.926026293076575 ], [ 3973040.132769560907036, 1065664.501508944202214 ], [ 3973040.132769560907036, 1065627.076991595327854 ], [ 3973040.132769560907036, 1065589.652474246453494 ], [ 3973040.132769560907036, 1065552.227956897579134 ], [ 3973040.132769560907036, 1065514.803439548704773 ], [ 3973040.132769560907036, 1065477.378922199830413 ], [ 3973040.132769560907036, 1065439.954404850956053 ], [ 3973040.132769560907036, 1065402.529887502081692 ], [ 3973040.132769560907036, 1065365.105370153207332 ], [ 3973040.132769560907036, 1065327.680852804332972 ], [ 3973040.132769560907036, 1065290.256335455458611 ], [ 3973040.132769560907036, 1065252.831818106584251 ], [ 3973040.132769560907036, 1065215.407300757709891 ], [ 3973040.132769560907036, 1065177.98278340883553 ], [ 3973040.132769560907036, 1065140.55826605996117 ], [ 3973040.132769560907036, 1065103.13374871108681 ], [ 3973040.132769560907036, 1065065.709231362212449 ], [ 3973040.132769560907036, 1065028.284714013338089 ], [ 3973040.132769560907036, 1064990.860196664463729 ], [ 3973040.132769560907036, 1064953.435679315589368 ], [ 3973002.708252212032676, 1064953.435679315589368 ], [ 3972965.283734863158315, 1064953.435679315589368 ], [ 3972927.859217514283955, 1064953.435679315589368 ], [ 3972890.434700165409595, 1064953.435679315589368 ], [ 3972890.434700165409595, 1064916.011161966715008 ], [ 3972890.434700165409595, 1064878.586644617840648 ], [ 3972890.434700165409595, 1064841.162127268966287 ], [ 3972890.434700165409595, 1064803.737609920091927 ], [ 3972890.434700165409595, 1064766.313092571217567 ], [ 3972853.010182816535234, 1064766.313092571217567 ], [ 3972815.585665467660874, 1064766.313092571217567 ], [ 3972778.161148118786514, 1064766.313092571217567 ], [ 3972740.736630769912153, 1064766.313092571217567 ], [ 3972703.312113421037793, 1064766.313092571217567 ], [ 3972665.887596072163433, 1064766.313092571217567 ], [ 3972628.463078723289073, 1064766.313092571217567 ], [ 3972591.038561374414712, 1064766.313092571217567 ], [ 3972553.614044025540352, 1064766.313092571217567 ], [ 3972527.150914025492966, 1064739.849962571170181 ], [ 3972527.150914025492966, 1064702.425445222295821 ], [ 3972527.150914025492966, 1064665.00092787342146 ], [ 3972527.150914025492966, 1064627.5764105245471 ], [ 3972500.68778402544558, 1064601.113280524499714 ], [ 3972463.26326667657122, 1064601.113280524499714 ], [ 3972425.83874932769686, 1064601.113280524499714 ], [ 3972388.4142319788225, 1064601.113280524499714 ], [ 3972350.989714629948139, 1064601.113280524499714 ], [ 3972313.565197281073779, 1064601.113280524499714 ], [ 3972276.140679932199419, 1064601.113280524499714 ], [ 3972238.716162583325058, 1064601.113280524499714 ], [ 3972212.253032583277673, 1064574.650150524452329 ], [ 3972212.253032583277673, 1064537.225633175577968 ], [ 3972212.253032583277673, 1064499.801115826703608 ], [ 3972212.253032583277673, 1064462.376598477829248 ], [ 3972185.789902583230287, 1064435.913468477781862 ], [ 3972148.365385234355927, 1064435.913468477781862 ], [ 3972110.940867885481566, 1064435.913468477781862 ], [ 3972073.516350536607206, 1064435.913468477781862 ], [ 3972036.091833187732846, 1064435.913468477781862 ], [ 3971998.667315838858485, 1064435.913468477781862 ], [ 3971961.242798489984125, 1064435.913468477781862 ], [ 3971923.818281141109765, 1064435.913468477781862 ], [ 3971914.063200019765645, 1064396.218773477710783 ], [ 3971911.793022368103266, 1064356.524078477639705 ], [ 3971911.793022368103266, 1064319.099561128765345 ], [ 3971911.793022368103266, 1064281.675043779890984 ], [ 3971911.793022368103266, 1064244.250526431016624 ], [ 3971911.793022368103266, 1064206.826009082142264 ], [ 3971911.793022368103266, 1064169.401491733267903 ], [ 3971911.793022368103266, 1064131.976974384393543 ], [ 3971885.32989236805588, 1064105.513844384346157 ], [ 3971847.90537501918152, 1064105.513844384346157 ], [ 3971810.480857670307159, 1064105.513844384346157 ], [ 3971773.056340321432799, 1064105.513844384346157 ], [ 3971735.631822972558439, 1064105.513844384346157 ], [ 3971698.207305623684078, 1064105.513844384346157 ], [ 3971660.782788274809718, 1064105.513844384346157 ], [ 3971623.358270925935358, 1064105.513844384346157 ], [ 3971585.933753577060997, 1064105.513844384346157 ], [ 3971559.470623577013612, 1064079.050714384298772 ], [ 3971559.470623577013612, 1064041.626197035424411 ], [ 3971559.470623577013612, 1064004.201679686550051 ], [ 3971559.470623577013612, 1063966.777162337675691 ], [ 3971533.007493576966226, 1063940.314032337628305 ], [ 3971495.582976228091866, 1063940.314032337628305 ], [ 3971458.158458879217505, 1063940.314032337628305 ], [ 3971420.733941530343145, 1063940.314032337628305 ], [ 3971383.309424181468785, 1063940.314032337628305 ], [ 3971345.884906832594424, 1063940.314032337628305 ], [ 3971308.460389483720064, 1063940.314032337628305 ], [ 3971271.035872134845704, 1063940.314032337628305 ], [ 3971244.572742134798318, 1063913.850902337580919 ], [ 3971244.572742134798318, 1063876.426384988706559 ], [ 3971244.572742134798318, 1063839.001867639832199 ], [ 3971244.572742134798318, 1063801.577350290957838 ], [ 3971244.572742134798318, 1063764.152832942083478 ], [ 3971244.572742134798318, 1063726.728315593209118 ], [ 3971244.572742134798318, 1063689.303798244334757 ], [ 3971244.572742134798318, 1063651.879280895460397 ], [ 3971244.572742134798318, 1063614.454763546586037 ], [ 3971207.148224785923958, 1063614.454763546586037 ], [ 3971169.723707437049598, 1063614.454763546586037 ], [ 3971132.299190088175237, 1063614.454763546586037 ], [ 3971094.874672739300877, 1063614.454763546586037 ], [ 3971068.411542739253491, 1063587.991633546538651 ], [ 3971068.411542739253491, 1063550.567116197664291 ], [ 3971068.411542739253491, 1063513.14259884878993 ], [ 3971068.411542739253491, 1063475.71808149991557 ], [ 3971041.948412739206105, 1063449.254951499868184 ], [ 3971004.523895390331745, 1063449.254951499868184 ], [ 3970967.099378041457385, 1063449.254951499868184 ], [ 3970929.674860692583025, 1063449.254951499868184 ], [ 3970903.211730692535639, 1063422.791821499820799 ], [ 3970903.211730692535639, 1063385.367304150946438 ], [ 3970903.211730692535639, 1063347.942786802072078 ], [ 3970903.211730692535639, 1063310.518269453197718 ], [ 3970876.748600692488253, 1063284.055139453150332 ], [ 3970839.324083343613893, 1063284.055139453150332 ], [ 3970801.899565994739532, 1063284.055139453150332 ], [ 3970764.475048645865172, 1063284.055139453150332 ], [ 3970738.011918645817786, 1063257.592009453102946 ], [ 3970738.011918645817786, 1063220.167492104228586 ], [ 3970738.011918645817786, 1063182.742974755354226 ], [ 3970738.011918645817786, 1063145.318457406479865 ], [ 3970711.548788645770401, 1063118.85532740643248 ], [ 3970674.12427129689604, 1063118.85532740643248 ], [ 3970636.69975394802168, 1063118.85532740643248 ], [ 3970599.27523659914732, 1063118.85532740643248 ], [ 3970561.850719250272959, 1063118.85532740643248 ], [ 3970524.426201901398599, 1063118.85532740643248 ], [ 3970487.001684552524239, 1063118.85532740643248 ], [ 3970449.577167203649879, 1063118.85532740643248 ], [ 3970423.114037203602493, 1063092.392197406385094 ], [ 3970423.114037203602493, 1063054.967680057510734 ], [ 3970423.114037203602493, 1063017.543162708636373 ], [ 3970423.114037203602493, 1062980.118645359762013 ], [ 3970396.650907203555107, 1062953.655515359714627 ], [ 3970359.226389854680747, 1062953.655515359714627 ], [ 3970321.801872505806386, 1062953.655515359714627 ], [ 3970284.377355156932026, 1062953.655515359714627 ], [ 3970246.952837808057666, 1062953.655515359714627 ], [ 3970246.952837808057666, 1062916.230998010840267 ], [ 3970246.952837808057666, 1062878.806480661965907 ], [ 3970246.952837808057666, 1062841.381963313091546 ], [ 3970246.952837808057666, 1062803.957445964217186 ], [ 3970209.528320459183306, 1062803.957445964217186 ], [ 3970172.103803110308945, 1062803.957445964217186 ], [ 3970134.679285761434585, 1062803.957445964217186 ], [ 3970097.254768412560225, 1062803.957445964217186 ], [ 3970059.830251063685864, 1062803.957445964217186 ], [ 3970022.405733714811504, 1062803.957445964217186 ], [ 3969984.981216365937144, 1062803.957445964217186 ], [ 3969947.556699017062783, 1062803.957445964217186 ], [ 3969910.132181668188423, 1062803.957445964217186 ], [ 3969872.707664319314063, 1062803.957445964217186 ], [ 3969835.283146970439702, 1062803.957445964217186 ], [ 3969797.858629621565342, 1062803.957445964217186 ], [ 3969769.391289826016873, 1062764.262750964146107 ], [ 3969770.863563909195364, 1062724.568055964075029 ], [ 3969770.863563909195364, 1062687.143538615200669 ], [ 3969770.863563909195364, 1062649.719021266326308 ], [ 3969744.400433909147978, 1062623.255891266278923 ], [ 3969706.975916560273618, 1062623.255891266278923 ], [ 3969669.551399211399257, 1062623.255891266278923 ], [ 3969632.126881862524897, 1062623.255891266278923 ], [ 3969605.663751862477511, 1062596.792761266231537 ], [ 3969605.663751862477511, 1062559.368243917357177 ], [ 3969605.663751862477511, 1062521.943726568482816 ], [ 3969605.663751862477511, 1062484.519209219608456 ], [ 3969579.200621862430125, 1062458.05607921956107 ], [ 3969541.776104513555765, 1062458.05607921956107 ], [ 3969504.351587164681405, 1062458.05607921956107 ], [ 3969466.927069815807045, 1062458.05607921956107 ], [ 3969429.502552466932684, 1062458.05607921956107 ], [ 3969392.078035118058324, 1062458.05607921956107 ], [ 3969354.653517769183964, 1062458.05607921956107 ], [ 3969317.229000420309603, 1062458.05607921956107 ], [ 3969279.804483071435243, 1062458.05607921956107 ], [ 3969253.341353071387857, 1062431.592949219513685 ], [ 3969253.341353071387857, 1062394.168431870639324 ], [ 3969253.341353071387857, 1062356.743914521764964 ], [ 3969253.341353071387857, 1062319.319397172890604 ], [ 3969226.878223071340472, 1062292.856267172843218 ], [ 3969189.453705722466111, 1062292.856267172843218 ], [ 3969152.029188373591751, 1062292.856267172843218 ], [ 3969114.604671024717391, 1062292.856267172843218 ], [ 3969077.18015367584303, 1062292.856267172843218 ], [ 3969039.75563632696867, 1062292.856267172843218 ], [ 3969002.33111897809431, 1062292.856267172843218 ], [ 3968964.906601629219949, 1062292.856267172843218 ], [ 3968927.482084280345589, 1062292.856267172843218 ], [ 3968890.057566931471229, 1062292.856267172843218 ], [ 3968852.633049582596868, 1062292.856267172843218 ], [ 3968815.208532233722508, 1062292.856267172843218 ], [ 3968777.784014884848148, 1062292.856267172843218 ], [ 3968740.359497535973787, 1062292.856267172843218 ], [ 3968702.934980187099427, 1062292.856267172843218 ], [ 3968665.510462838225067, 1062292.856267172843218 ], [ 3968628.085945489350706, 1062292.856267172843218 ], [ 3968601.622815489303321, 1062266.393137172795832 ], [ 3968601.622815489303321, 1062228.968619823921472 ], [ 3968601.622815489303321, 1062191.544102475047112 ], [ 3968601.622815489303321, 1062154.119585126172751 ], [ 3968601.622815489303321, 1062116.695067777298391 ], [ 3968564.19829814042896, 1062116.695067777298391 ], [ 3968526.7737807915546, 1062116.695067777298391 ], [ 3968489.34926344268024, 1062116.695067777298391 ], [ 3968451.924746093805879, 1062116.695067777298391 ], [ 3968414.500228744931519, 1062116.695067777298391 ], [ 3968377.075711396057159, 1062116.695067777298391 ], [ 3968339.651194047182798, 1062116.695067777298391 ], [ 3968302.226676698308438, 1062116.695067777298391 ], [ 3968275.763546698261052, 1062090.231937777251005 ], [ 3968275.763546698261052, 1062052.807420428376645 ], [ 3968275.763546698261052, 1062015.382903079502285 ], [ 3968275.763546698261052, 1061977.958385730627924 ], [ 3968249.300416698213667, 1061951.495255730580539 ], [ 3968211.875899349339306, 1061951.495255730580539 ], [ 3968174.451382000464946, 1061951.495255730580539 ], [ 3968137.026864651590586, 1061951.495255730580539 ], [ 3968099.602347302716225, 1061951.495255730580539 ], [ 3968062.177829953841865, 1061951.495255730580539 ], [ 3968024.753312604967505, 1061951.495255730580539 ], [ 3967987.328795256093144, 1061951.495255730580539 ], [ 3967949.904277907218784, 1061951.495255730580539 ], [ 3967912.479760558344424, 1061951.495255730580539 ], [ 3967875.055243209470063, 1061951.495255730580539 ], [ 3967837.630725860595703, 1061951.495255730580539 ], [ 3967800.206208511721343, 1061951.495255730580539 ], [ 3967762.781691162846982, 1061951.495255730580539 ], [ 3967725.357173813972622, 1061951.495255730580539 ], [ 3967687.932656465098262, 1061951.495255730580539 ], [ 3967650.508139116223902, 1061951.495255730580539 ], [ 3967624.045009116176516, 1061925.032125730533153 ], [ 3967624.045009116176516, 1061887.607608381658792 ], [ 3967624.045009116176516, 1061850.183091032784432 ], [ 3967624.045009116176516, 1061812.758573683910072 ], [ 3967597.58187911612913, 1061786.295443683862686 ], [ 3967560.15736176725477, 1061786.295443683862686 ], [ 3967522.732844418380409, 1061786.295443683862686 ], [ 3967485.308327069506049, 1061786.295443683862686 ], [ 3967447.883809720631689, 1061786.295443683862686 ], [ 3967410.459292371757329, 1061786.295443683862686 ], [ 3967373.034775022882968, 1061786.295443683862686 ], [ 3967335.610257674008608, 1061786.295443683862686 ], [ 3967298.185740325134248, 1061786.295443683862686 ], [ 3967260.761222976259887, 1061786.295443683862686 ], [ 3967223.336705627385527, 1061786.295443683862686 ], [ 3967185.912188278511167, 1061786.295443683862686 ], [ 3967148.487670929636806, 1061786.295443683862686 ], [ 3967122.024540929589421, 1061759.8323136838153 ], [ 3967122.024540929589421, 1061722.40779633494094 ], [ 3967122.024540929589421, 1061684.98327898606658 ], [ 3967122.024540929589421, 1061647.558761637192219 ], [ 3967095.561410929542035, 1061621.095631637144834 ], [ 3967058.136893580667675, 1061621.095631637144834 ], [ 3967020.712376231793314, 1061621.095631637144834 ], [ 3966983.287858882918954, 1061621.095631637144834 ], [ 3966945.863341534044594, 1061621.095631637144834 ], [ 3966908.438824185170233, 1061621.095631637144834 ], [ 3966871.014306836295873, 1061621.095631637144834 ], [ 3966833.589789487421513, 1061621.095631637144834 ], [ 3966807.126659487374127, 1061594.632501637097448 ], [ 3966807.126659487374127, 1061557.207984288223088 ], [ 3966807.126659487374127, 1061519.783466939348727 ], [ 3966807.126659487374127, 1061482.358949590474367 ], [ 3966780.663529487326741, 1061455.895819590426981 ], [ 3966743.239012138452381, 1061455.895819590426981 ], [ 3966705.814494789578021, 1061455.895819590426981 ], [ 3966668.38997744070366, 1061455.895819590426981 ], [ 3966630.9654600918293, 1061455.895819590426981 ], [ 3966593.54094274295494, 1061455.895819590426981 ], [ 3966556.116425394080579, 1061455.895819590426981 ], [ 3966518.691908045206219, 1061455.895819590426981 ], [ 3966481.267390696331859, 1061455.895819590426981 ], [ 3966460.28495437046513, 1061416.201124590355903 ], [ 3966461.75722845364362, 1061376.506429590284824 ], [ 3966461.75722845364362, 1061339.081912241410464 ], [ 3966461.75722845364362, 1061301.657394892536104 ], [ 3966461.75722845364362, 1061264.232877543661743 ], [ 3966461.75722845364362, 1061226.808360194787383 ], [ 3966461.75722845364362, 1061189.383842845913023 ], [ 3966461.75722845364362, 1061151.959325497038662 ], [ 3966435.294098453596234, 1061125.496195496991277 ], [ 3966397.869581104721874, 1061125.496195496991277 ], [ 3966360.445063755847514, 1061125.496195496991277 ], [ 3966323.020546406973153, 1061125.496195496991277 ], [ 3966285.596029058098793, 1061125.496195496991277 ], [ 3966248.171511709224433, 1061125.496195496991277 ], [ 3966210.746994360350072, 1061125.496195496991277 ], [ 3966173.322477011475712, 1061125.496195496991277 ], [ 3966135.897959662601352, 1061125.496195496991277 ], [ 3966135.897959662601352, 1061088.071678148116916 ], [ 3966135.897959662601352, 1061050.647160799242556 ], [ 3966135.897959662601352, 1061013.222643450368196 ], [ 3966135.897959662601352, 1060975.798126101493835 ], [ 3966098.473442313726991, 1060975.798126101493835 ], [ 3966061.048924964852631, 1060975.798126101493835 ], [ 3966023.624407615978271, 1060975.798126101493835 ], [ 3965986.19989026710391, 1060975.798126101493835 ], [ 3965948.77537291822955, 1060975.798126101493835 ], [ 3965911.35085556935519, 1060975.798126101493835 ], [ 3965873.926338220480829, 1060975.798126101493835 ], [ 3965836.501820871606469, 1060975.798126101493835 ], [ 3965810.038690871559083, 1060949.33499610144645 ], [ 3965810.038690871559083, 1060911.910478752572089 ], [ 3965810.038690871559083, 1060874.485961403697729 ], [ 3965810.038690871559083, 1060837.061444054823369 ], [ 3965810.038690871559083, 1060799.636926705949008 ], [ 3965772.614173522684723, 1060799.636926705949008 ], [ 3965735.189656173810363, 1060799.636926705949008 ], [ 3965697.765138824936002, 1060799.636926705949008 ], [ 3965660.340621476061642, 1060799.636926705949008 ], [ 3965622.916104127187282, 1060799.636926705949008 ], [ 3965585.491586778312922, 1060799.636926705949008 ], [ 3965548.067069429438561, 1060799.636926705949008 ], [ 3965510.642552080564201, 1060799.636926705949008 ], [ 3965484.179422080516815, 1060773.173796705901623 ], [ 3965484.179422080516815, 1060735.749279357027262 ], [ 3965484.179422080516815, 1060698.324762008152902 ], [ 3965484.179422080516815, 1060660.900244659278542 ], [ 3965484.179422080516815, 1060623.475727310404181 ], [ 3965484.179422080516815, 1060586.051209961529821 ], [ 3965484.179422080516815, 1060548.626692612655461 ], [ 3965484.179422080516815, 1060511.202175263781101 ], [ 3965484.179422080516815, 1060473.77765791490674 ], [ 3965484.179422080516815, 1060436.35314056603238 ], [ 3965484.179422080516815, 1060398.92862321715802 ], [ 3965484.179422080516815, 1060361.504105868283659 ], [ 3965484.179422080516815, 1060324.079588519409299 ], [ 3965457.716292080469429, 1060297.616458519361913 ], [ 3965420.291774731595069, 1060297.616458519361913 ], [ 3965382.867257382720709, 1060297.616458519361913 ], [ 3965345.442740033846349, 1060297.616458519361913 ], [ 3965318.979610033798963, 1060271.153328519314528 ], [ 3965318.979610033798963, 1060233.728811170440167 ], [ 3965318.979610033798963, 1060196.304293821565807 ], [ 3965318.979610033798963, 1060158.879776472691447 ], [ 3965318.979610033798963, 1060121.455259123817086 ], [ 3965318.979610033798963, 1060084.030741774942726 ], [ 3965318.979610033798963, 1060046.606224426068366 ], [ 3965318.979610033798963, 1060009.181707077194005 ], [ 3965318.979610033798963, 1059971.757189728319645 ], [ 3965281.555092684924603, 1059971.757189728319645 ], [ 3965244.130575336050242, 1059971.757189728319645 ], [ 3965206.706057987175882, 1059971.757189728319645 ], [ 3965169.281540638301522, 1059971.757189728319645 ], [ 3965142.818410638254136, 1059945.294059728272259 ], [ 3965142.818410638254136, 1059907.869542379397899 ], [ 3965142.818410638254136, 1059870.445025030523539 ], [ 3965142.818410638254136, 1059833.020507681649178 ], [ 3965142.818410638254136, 1059795.595990332774818 ], [ 3965142.818410638254136, 1059758.171472983900458 ], [ 3965142.818410638254136, 1059720.746955635026097 ], [ 3965142.818410638254136, 1059683.322438286151737 ], [ 3965142.818410638254136, 1059645.897920937277377 ], [ 3965105.393893289379776, 1059645.897920937277377 ], [ 3965067.969375940505415, 1059645.897920937277377 ], [ 3965030.544858591631055, 1059645.897920937277377 ], [ 3965004.081728591583669, 1059619.434790937229991 ], [ 3965004.081728591583669, 1059582.010273588355631 ], [ 3965004.081728591583669, 1059544.58575623948127 ], [ 3965004.081728591583669, 1059507.16123889060691 ], [ 3965004.081728591583669, 1059469.73672154173255 ], [ 3965004.081728591583669, 1059432.312204192858189 ], [ 3965004.081728591583669, 1059394.887686843983829 ], [ 3965004.081728591583669, 1059357.463169495109469 ], [ 3965004.081728591583669, 1059320.038652146235108 ], [ 3964966.657211242709309, 1059320.038652146235108 ], [ 3964929.232693893834949, 1059320.038652146235108 ], [ 3964891.808176544960588, 1059320.038652146235108 ], [ 3964854.383659196086228, 1059320.038652146235108 ], [ 3964816.959141847211868, 1059320.038652146235108 ], [ 3964816.959141847211868, 1059282.614134797360748 ], [ 3964816.959141847211868, 1059245.189617448486388 ], [ 3964816.959141847211868, 1059207.765100099612027 ], [ 3964816.959141847211868, 1059170.340582750737667 ], [ 3964816.959141847211868, 1059132.916065401863307 ], [ 3964816.959141847211868, 1059095.491548052988946 ], [ 3964816.959141847211868, 1059058.067030704114586 ], [ 3964816.959141847211868, 1059020.642513355240226 ], [ 3964816.959141847211868, 1058983.217996006365865 ], [ 3964779.534624498337507, 1058983.217996006365865 ], [ 3964742.110107149463147, 1058983.217996006365865 ], [ 3964704.685589800588787, 1058983.217996006365865 ], [ 3964667.261072451714426, 1058983.217996006365865 ], [ 3964640.797942451667041, 1058956.75486600631848 ], [ 3964640.797942451667041, 1058919.330348657444119 ], [ 3964640.797942451667041, 1058881.905831308569759 ], [ 3964640.797942451667041, 1058844.481313959695399 ], [ 3964640.797942451667041, 1058807.056796610821038 ], [ 3964640.797942451667041, 1058769.632279261946678 ], [ 3964640.797942451667041, 1058732.207761913072318 ], [ 3964640.797942451667041, 1058694.783244564197958 ], [ 3964640.797942451667041, 1058657.358727215323597 ], [ 3964603.37342510279268, 1058657.358727215323597 ], [ 3964565.94890775391832, 1058657.358727215323597 ], [ 3964528.52439040504396, 1058657.358727215323597 ], [ 3964502.061260404996574, 1058630.895597215276212 ], [ 3964502.061260404996574, 1058593.471079866401851 ], [ 3964502.061260404996574, 1058556.046562517527491 ], [ 3964502.061260404996574, 1058518.622045168653131 ], [ 3964502.061260404996574, 1058481.19752781977877 ], [ 3964502.061260404996574, 1058443.77301047090441 ], [ 3964502.061260404996574, 1058406.34849312203005 ], [ 3964502.061260404996574, 1058368.923975773155689 ], [ 3964502.061260404996574, 1058331.499458424281329 ], [ 3964464.636743056122214, 1058331.499458424281329 ], [ 3964427.212225707247853, 1058331.499458424281329 ], [ 3964389.787708358373493, 1058331.499458424281329 ], [ 3964352.363191009499133, 1058331.499458424281329 ], [ 3964325.900061009451747, 1058305.036328424233943 ], [ 3964325.900061009451747, 1058267.611811075359583 ], [ 3964325.900061009451747, 1058230.187293726485223 ], [ 3964325.900061009451747, 1058192.762776377610862 ], [ 3964325.900061009451747, 1058155.338259028736502 ], [ 3964288.475543660577387, 1058155.338259028736502 ], [ 3964251.051026311703026, 1058155.338259028736502 ], [ 3964213.626508962828666, 1058155.338259028736502 ], [ 3964176.201991613954306, 1058155.338259028736502 ], [ 3964138.777474265079945, 1058155.338259028736502 ], [ 3964101.352956916205585, 1058155.338259028736502 ], [ 3964063.928439567331225, 1058155.338259028736502 ], [ 3964026.503922218456864, 1058155.338259028736502 ], [ 3964000.040792218409479, 1058128.875129028689116 ], [ 3964000.040792218409479, 1058091.450611679814756 ], [ 3964000.040792218409479, 1058054.026094330940396 ], [ 3964000.040792218409479, 1058016.601576982066035 ], [ 3963973.577662218362093, 1057990.13844698201865 ], [ 3963936.153144869487733, 1057990.13844698201865 ], [ 3963898.728627520613372, 1057990.13844698201865 ], [ 3963861.304110171739012, 1057990.13844698201865 ], [ 3963834.840980171691626, 1057963.675316981971264 ], [ 3963834.840980171691626, 1057926.250799633096904 ], [ 3963834.840980171691626, 1057888.826282284222543 ], [ 3963834.840980171691626, 1057851.401764935348183 ], [ 3963808.377850171644241, 1057824.938634935300797 ], [ 3963770.95333282276988, 1057824.938634935300797 ], [ 3963733.52881547389552, 1057824.938634935300797 ], [ 3963696.10429812502116, 1057824.938634935300797 ], [ 3963669.641168124973774, 1057798.475504935253412 ], [ 3963669.641168124973774, 1057761.050987586379051 ], [ 3963669.641168124973774, 1057723.626470237504691 ], [ 3963669.641168124973774, 1057686.201952888630331 ], [ 3963643.178038124926388, 1057659.738822888582945 ], [ 3963605.753520776052028, 1057659.738822888582945 ], [ 3963568.329003427177668, 1057659.738822888582945 ], [ 3963530.904486078303307, 1057659.738822888582945 ], [ 3963493.479968729428947, 1057659.738822888582945 ], [ 3963456.055451380554587, 1057659.738822888582945 ], [ 3963418.630934031680226, 1057659.738822888582945 ], [ 3963381.206416682805866, 1057659.738822888582945 ], [ 3963343.781899333931506, 1057659.738822888582945 ], [ 3963317.31876933388412, 1057633.275692888535559 ], [ 3963317.31876933388412, 1057595.851175539661199 ], [ 3963317.31876933388412, 1057558.426658190786839 ], [ 3963317.31876933388412, 1057521.002140841912478 ], [ 3963317.31876933388412, 1057483.577623493038118 ], [ 3963317.31876933388412, 1057446.153106144163758 ], [ 3963317.31876933388412, 1057408.728588795289397 ], [ 3963317.31876933388412, 1057371.304071446415037 ], [ 3963317.31876933388412, 1057333.879554097540677 ], [ 3963279.89425198500976, 1057333.879554097540677 ], [ 3963242.469734636135399, 1057333.879554097540677 ], [ 3963205.045217287261039, 1057333.879554097540677 ], [ 3963178.582087287213653, 1057307.416424097493291 ], [ 3963178.582087287213653, 1057269.991906748618931 ], [ 3963178.582087287213653, 1057232.56738939974457 ], [ 3963178.582087287213653, 1057195.14287205087021 ], [ 3963178.582087287213653, 1057157.71835470199585 ], [ 3963141.157569938339293, 1057157.71835470199585 ], [ 3963103.733052589464933, 1057157.71835470199585 ], [ 3963066.308535240590572, 1057157.71835470199585 ], [ 3963028.884017891716212, 1057157.71835470199585 ], [ 3963002.420887891668826, 1057131.255224701948464 ], [ 3963002.420887891668826, 1057093.830707353074104 ], [ 3963002.420887891668826, 1057056.406190004199743 ], [ 3963002.420887891668826, 1057018.981672655325383 ], [ 3962975.957757891621441, 1056992.518542655277997 ], [ 3962938.53324054274708, 1056992.518542655277997 ], [ 3962901.10872319387272, 1056992.518542655277997 ], [ 3962874.645593193825334, 1057018.981672655325383 ], [ 3962874.645593193825334, 1057056.406190004199743 ], [ 3962874.645593193825334, 1057093.830707353074104 ], [ 3962874.645593193825334, 1057131.255224701948464 ], [ 3962848.182463193777949, 1057157.71835470199585 ], [ 3962810.757945844903588, 1057157.71835470199585 ], [ 3962773.333428496029228, 1057157.71835470199585 ], [ 3962735.908911147154868, 1057157.71835470199585 ], [ 3962703.699119616765529, 1057118.023659701924771 ], [ 3962705.171393699944019, 1057078.328964701853693 ], [ 3962705.171393699944019, 1057040.904447352979332 ], [ 3962705.171393699944019, 1057003.479930004104972 ], [ 3962705.171393699944019, 1056966.055412655230612 ], [ 3962705.171393699944019, 1056928.630895306356251 ], [ 3962705.171393699944019, 1056891.206377957481891 ], [ 3962705.171393699944019, 1056853.781860608607531 ], [ 3962678.708263699896634, 1056827.318730608560145 ], [ 3962641.283746351022273, 1056827.318730608560145 ], [ 3962603.859229002147913, 1056827.318730608560145 ], [ 3962566.434711653273553, 1056827.318730608560145 ], [ 3962529.010194304399192, 1056827.318730608560145 ], [ 3962491.585676955524832, 1056827.318730608560145 ], [ 3962454.161159606650472, 1056827.318730608560145 ], [ 3962416.736642257776111, 1056827.318730608560145 ], [ 3962379.312124908901751, 1056827.318730608560145 ], [ 3962341.887607560027391, 1056827.318730608560145 ], [ 3962304.46309021115303, 1056827.318730608560145 ], [ 3962267.03857286227867, 1056827.318730608560145 ], [ 3962229.61405551340431, 1056827.318730608560145 ], [ 3962203.150925513356924, 1056800.855600608512759 ], [ 3962203.150925513356924, 1056763.431083259638399 ], [ 3962203.150925513356924, 1056726.006565910764039 ], [ 3962203.150925513356924, 1056688.582048561889678 ], [ 3962176.687795513309538, 1056662.118918561842293 ], [ 3962139.263278164435178, 1056662.118918561842293 ], [ 3962101.838760815560818, 1056662.118918561842293 ], [ 3962064.414243466686457, 1056662.118918561842293 ], [ 3962037.951113466639072, 1056635.655788561794907 ], [ 3962037.951113466639072, 1056598.231271212920547 ], [ 3962037.951113466639072, 1056560.806753864046186 ], [ 3962037.951113466639072, 1056523.382236515171826 ], [ 3962011.487983466591686, 1056496.91910651512444 ], [ 3961974.063466117717326, 1056496.91910651512444 ], [ 3961936.638948768842965, 1056496.91910651512444 ], [ 3961899.214431419968605, 1056496.91910651512444 ], [ 3961861.789914071094245, 1056496.91910651512444 ], [ 3961824.365396722219884, 1056496.91910651512444 ], [ 3961786.940879373345524, 1056496.91910651512444 ], [ 3961749.516362024471164, 1056496.91910651512444 ], [ 3961712.091844675596803, 1056496.91910651512444 ], [ 3961674.667327326722443, 1056496.91910651512444 ], [ 3961637.242809977848083, 1056496.91910651512444 ], [ 3961599.818292628973722, 1056496.91910651512444 ], [ 3961562.393775280099362, 1056496.91910651512444 ], [ 3961535.930645280051976, 1056470.455976515077055 ], [ 3961535.930645280051976, 1056433.031459166202694 ], [ 3961535.930645280051976, 1056395.606941817328334 ], [ 3961535.930645280051976, 1056358.182424468453974 ], [ 3961509.467515280004591, 1056331.719294468406588 ], [ 3961472.04299793113023, 1056331.719294468406588 ], [ 3961434.61848058225587, 1056331.719294468406588 ], [ 3961397.19396323338151, 1056331.719294468406588 ], [ 3961370.730833233334124, 1056305.256164468359202 ], [ 3961370.730833233334124, 1056267.831647119484842 ], [ 3961370.730833233334124, 1056230.407129770610482 ], [ 3961370.730833233334124, 1056192.982612421736121 ], [ 3961344.267703233286738, 1056166.519482421688735 ], [ 3961306.843185884412378, 1056166.519482421688735 ], [ 3961269.418668535538018, 1056166.519482421688735 ], [ 3961231.994151186663657, 1056166.519482421688735 ], [ 3961194.569633837789297, 1056166.519482421688735 ], [ 3961157.145116488914937, 1056166.519482421688735 ], [ 3961119.720599140040576, 1056166.519482421688735 ], [ 3961082.296081791166216, 1056166.519482421688735 ], [ 3961044.871564442291856, 1056166.519482421688735 ], [ 3961007.447047093417495, 1056166.519482421688735 ], [ 3960970.022529744543135, 1056166.519482421688735 ], [ 3960932.598012395668775, 1056166.519482421688735 ], [ 3960895.173495046794415, 1056166.519482421688735 ], [ 3960868.710365046747029, 1056140.05635242164135 ], [ 3960868.710365046747029, 1056102.631835072766989 ], [ 3960868.710365046747029, 1056065.207317723892629 ], [ 3960868.710365046747029, 1056027.782800375018269 ], [ 3960842.247235046699643, 1056001.319670374970883 ], [ 3960804.822717697825283, 1056001.319670374970883 ], [ 3960767.398200348950922, 1056001.319670374970883 ], [ 3960729.973683, 1056001.319670374970883 ], [ 3960703.510553, 1055974.856540374923497 ], [ 3960703.510553, 1055937.432023026049137 ], [ 3960703.510553, 1055900.007505677174777 ], [ 3960703.510553, 1055862.582988328300416 ], [ 3960677.047423, 1055836.119858328253031 ], [ 3960639.62290565110743, 1055836.119858328253031 ], [ 3960602.19838830223307, 1055836.119858328253031 ], [ 3960564.77387095335871, 1055836.119858328253031 ], [ 3960527.349353604484349, 1055836.119858328253031 ], [ 3960489.924836255609989, 1055836.119858328253031 ], [ 3960452.500318906735629, 1055836.119858328253031 ], [ 3960415.075801557861269, 1055836.119858328253031 ], [ 3960388.612671557813883, 1055809.656728328205645 ], [ 3960388.612671557813883, 1055772.232210979331285 ], [ 3960388.612671557813883, 1055734.807693630456924 ], [ 3960388.612671557813883, 1055697.383176281582564 ], [ 3960388.612671557813883, 1055659.958658932708204 ], [ 3960388.612671557813883, 1055622.534141583833843 ], [ 3960388.612671557813883, 1055585.109624234959483 ], [ 3960388.612671557813883, 1055547.685106886085123 ], [ 3960388.612671557813883, 1055510.260589537210763 ], [ 3960351.188154208939523, 1055510.260589537210763 ], [ 3960313.763636860065162, 1055510.260589537210763 ], [ 3960276.339119511190802, 1055510.260589537210763 ], [ 3960238.914602162316442, 1055510.260589537210763 ], [ 3960201.490084813442081, 1055510.260589537210763 ], [ 3960164.065567464567721, 1055510.260589537210763 ], [ 3960126.641050115693361, 1055510.260589537210763 ], [ 3960089.216532766819, 1055510.260589537210763 ], [ 3960051.79201541794464, 1055510.260589537210763 ], [ 3960051.79201541794464, 1055472.836072188336402 ], [ 3960051.79201541794464, 1055435.411554839462042 ], [ 3960051.79201541794464, 1055397.987037490587682 ], [ 3960051.79201541794464, 1055360.562520141713321 ], [ 3960014.36749806907028, 1055360.562520141713321 ], [ 3959976.942980720195919, 1055360.562520141713321 ], [ 3959939.518463371321559, 1055360.562520141713321 ], [ 3959902.093946022447199, 1055360.562520141713321 ], [ 3959875.630816022399813, 1055334.099390141665936 ], [ 3959875.630816022399813, 1055296.674872792791575 ], [ 3959875.630816022399813, 1055259.250355443917215 ], [ 3959875.630816022399813, 1055221.825838095042855 ], [ 3959875.630816022399813, 1055184.401320746168494 ], [ 3959838.206298673525453, 1055184.401320746168494 ], [ 3959800.781781324651092, 1055184.401320746168494 ], [ 3959763.357263975776732, 1055184.401320746168494 ], [ 3959736.894133975729346, 1055157.938190746121109 ], [ 3959736.894133975729346, 1055120.513673397246748 ], [ 3959736.894133975729346, 1055083.089156048372388 ], [ 3959736.894133975729346, 1055045.664638699498028 ], [ 3959736.894133975729346, 1055008.240121350623667 ], [ 3959699.469616626854986, 1055008.240121350623667 ], [ 3959662.045099277980626, 1055008.240121350623667 ], [ 3959624.620581929106265, 1055008.240121350623667 ], [ 3959587.196064580231905, 1055008.240121350623667 ], [ 3959549.771547231357545, 1055008.240121350623667 ], [ 3959512.347029882483184, 1055008.240121350623667 ], [ 3959474.922512533608824, 1055008.240121350623667 ], [ 3959437.497995184734464, 1055008.240121350623667 ], [ 3959400.073477835860103, 1055008.240121350623667 ], [ 3959373.610347835812718, 1054981.776991350576282 ], [ 3959373.610347835812718, 1054944.352474001701921 ], [ 3959373.610347835812718, 1054906.927956652827561 ], [ 3959373.610347835812718, 1054869.503439303953201 ], [ 3959347.147217835765332, 1054843.040309303905815 ], [ 3959309.722700486890972, 1054843.040309303905815 ], [ 3959272.298183138016611, 1054843.040309303905815 ], [ 3959234.873665789142251, 1054843.040309303905815 ], [ 3959234.873665789142251, 1054805.615791955031455 ], [ 3959234.873665789142251, 1054768.191274606157094 ], [ 3959234.873665789142251, 1054730.766757257282734 ], [ 3959234.873665789142251, 1054693.342239908408374 ], [ 3959197.449148440267891, 1054693.342239908408374 ], [ 3959160.02463109139353, 1054693.342239908408374 ], [ 3959122.60011374251917, 1054693.342239908408374 ], [ 3959085.17559639364481, 1054693.342239908408374 ], [ 3959058.712466393597424, 1054666.879109908360988 ], [ 3959058.712466393597424, 1054629.454592559486628 ], [ 3959058.712466393597424, 1054592.030075210612267 ], [ 3959058.712466393597424, 1054554.605557861737907 ], [ 3959058.712466393597424, 1054517.181040512863547 ], [ 3959021.287949044723064, 1054517.181040512863547 ], [ 3958983.863431695848703, 1054517.181040512863547 ], [ 3958946.438914346974343, 1054517.181040512863547 ], [ 3958919.975784346926957, 1054490.717910512816161 ], [ 3958919.975784346926957, 1054453.293393163941801 ], [ 3958919.975784346926957, 1054415.86887581506744 ], [ 3958919.975784346926957, 1054378.44435846619308 ], [ 3958893.512654346879572, 1054351.981228466145694 ], [ 3958856.088136998005211, 1054351.981228466145694 ], [ 3958818.663619649130851, 1054351.981228466145694 ], [ 3958781.239102300256491, 1054351.981228466145694 ], [ 3958743.81458495138213, 1054351.981228466145694 ], [ 3958717.351454951334745, 1054325.518098466098309 ], [ 3958717.351454951334745, 1054288.093581117223948 ], [ 3958717.351454951334745, 1054250.669063768349588 ], [ 3958717.351454951334745, 1054213.244546419475228 ], [ 3958690.888324951287359, 1054186.781416419427842 ], [ 3958653.463807602412999, 1054186.781416419427842 ], [ 3958616.039290253538638, 1054186.781416419427842 ], [ 3958578.614772904664278, 1054186.781416419427842 ], [ 3958552.151642904616892, 1054160.318286419380456 ], [ 3958552.151642904616892, 1054122.893769070506096 ], [ 3958552.151642904616892, 1054085.469251721631736 ], [ 3958552.151642904616892, 1054048.044734372757375 ], [ 3958525.688512904569507, 1054021.58160437270999 ], [ 3958488.263995555695146, 1054021.58160437270999 ], [ 3958450.839478206820786, 1054021.58160437270999 ], [ 3958413.414960857946426, 1054021.58160437270999 ], [ 3958413.414960857946426, 1053984.157087023835629 ], [ 3958413.414960857946426, 1053946.732569674961269 ], [ 3958413.414960857946426, 1053909.308052326086909 ], [ 3958413.414960857946426, 1053871.883534977212548 ], [ 3958375.990443509072065, 1053871.883534977212548 ], [ 3958338.565926160197705, 1053871.883534977212548 ], [ 3958301.141408811323345, 1053871.883534977212548 ], [ 3958263.716891462448984, 1053871.883534977212548 ], [ 3958237.253761462401599, 1053845.420404977165163 ], [ 3958237.253761462401599, 1053807.995887628290802 ], [ 3958237.253761462401599, 1053770.571370279416442 ], [ 3958237.253761462401599, 1053733.146852930542082 ], [ 3958237.253761462401599, 1053695.722335581667721 ], [ 3958199.829244113527238, 1053695.722335581667721 ], [ 3958162.404726764652878, 1053695.722335581667721 ], [ 3958124.980209415778518, 1053695.722335581667721 ], [ 3958098.517079415731132, 1053669.259205581620336 ], [ 3958098.517079415731132, 1053631.834688232745975 ], [ 3958098.517079415731132, 1053594.410170883871615 ], [ 3958098.517079415731132, 1053556.985653534997255 ], [ 3958098.517079415731132, 1053519.561136186122894 ], [ 3958098.517079415731132, 1053482.136618837248534 ], [ 3958098.517079415731132, 1053444.712101488374174 ], [ 3958098.517079415731132, 1053407.287584139499813 ], [ 3958098.517079415731132, 1053369.863066790625453 ], [ 3958061.092562066856772, 1053369.863066790625453 ], [ 3958023.668044717982411, 1053369.863066790625453 ], [ 3957986.243527369108051, 1053369.863066790625453 ], [ 3957948.819010020233691, 1053369.863066790625453 ], [ 3957911.39449267135933, 1053369.863066790625453 ], [ 3957873.96997532248497, 1053369.863066790625453 ], [ 3957836.54545797361061, 1053369.863066790625453 ], [ 3957799.120940624736249, 1053369.863066790625453 ], [ 3957761.696423275861889, 1053369.863066790625453 ], [ 3957735.233293275814503, 1053343.399936790578067 ], [ 3957735.233293275814503, 1053305.975419441703707 ], [ 3957735.233293275814503, 1053268.550902092829347 ], [ 3957735.233293275814503, 1053231.126384743954986 ], [ 3957735.233293275814503, 1053193.701867395080626 ], [ 3957735.233293275814503, 1053156.277350046206266 ], [ 3957735.233293275814503, 1053118.852832697331905 ], [ 3957735.233293275814503, 1053081.428315348457545 ], [ 3957735.233293275814503, 1053044.003797999583185 ], [ 3957697.808775926940143, 1053044.003797999583185 ], [ 3957660.384258578065783, 1053044.003797999583185 ], [ 3957622.959741229191422, 1053044.003797999583185 ], [ 3957596.496611229144037, 1053017.540667999535799 ], [ 3957596.496611229144037, 1052980.116150650661439 ], [ 3957596.496611229144037, 1052942.691633301787078 ], [ 3957596.496611229144037, 1052905.267115952912718 ], [ 3957596.496611229144037, 1052867.842598604038358 ], [ 3957596.496611229144037, 1052830.418081255163997 ], [ 3957596.496611229144037, 1052792.993563906289637 ], [ 3957596.496611229144037, 1052755.569046557415277 ], [ 3957596.496611229144037, 1052718.144529208540916 ], [ 3957596.496611229144037, 1052680.720011859666556 ], [ 3957596.496611229144037, 1052643.295494510792196 ], [ 3957596.496611229144037, 1052605.870977161917835 ], [ 3957596.496611229144037, 1052568.446459813043475 ], [ 3957596.496611229144037, 1052531.021942464169115 ], [ 3957559.072093880269676, 1052531.021942464169115 ], [ 3957521.647576531395316, 1052531.021942464169115 ], [ 3957484.223059182520956, 1052531.021942464169115 ], [ 3957446.798541833646595, 1052531.021942464169115 ], [ 3957420.33541183359921, 1052504.558812464121729 ], [ 3957420.33541183359921, 1052467.134295115247369 ], [ 3957420.33541183359921, 1052429.709777766373008 ], [ 3957420.33541183359921, 1052392.285260417498648 ], [ 3957420.33541183359921, 1052354.860743068624288 ], [ 3957420.33541183359921, 1052317.436225719749928 ], [ 3957420.33541183359921, 1052280.011708370875567 ], [ 3957420.33541183359921, 1052242.587191022001207 ], [ 3957420.33541183359921, 1052205.162673673126847 ], [ 3957382.910894484724849, 1052205.162673673126847 ], [ 3957345.486377135850489, 1052205.162673673126847 ], [ 3957308.061859786976129, 1052205.162673673126847 ], [ 3957270.637342438101768, 1052205.162673673126847 ], [ 3957270.637342438101768, 1052167.738156324252486 ], [ 3957270.637342438101768, 1052130.313638975378126 ], [ 3957270.637342438101768, 1052092.889121626503766 ], [ 3957270.637342438101768, 1052055.464604277629405 ], [ 3957270.637342438101768, 1052018.040086928755045 ], [ 3957270.637342438101768, 1051980.615569579880685 ], [ 3957270.637342438101768, 1051943.191052231006324 ], [ 3957270.637342438101768, 1051905.766534882131964 ], [ 3957270.637342438101768, 1051868.342017533257604 ], [ 3957270.637342438101768, 1051830.917500184383243 ], [ 3957270.637342438101768, 1051793.492982835508883 ], [ 3957270.637342438101768, 1051756.068465486634523 ], [ 3957270.637342438101768, 1051718.643948137760162 ], [ 3957233.212825089227408, 1051718.643948137760162 ], [ 3957195.788307740353048, 1051718.643948137760162 ], [ 3957158.363790391478688, 1051718.643948137760162 ], [ 3957120.939273042604327, 1051718.643948137760162 ], [ 3957094.476143042556942, 1051692.180818137712777 ], [ 3957094.476143042556942, 1051654.756300788838416 ], [ 3957094.476143042556942, 1051617.331783439964056 ], [ 3957094.476143042556942, 1051579.907266091089696 ], [ 3957094.476143042556942, 1051542.482748742215335 ], [ 3957094.476143042556942, 1051505.058231393340975 ], [ 3957094.476143042556942, 1051467.633714044466615 ], [ 3957094.476143042556942, 1051430.209196695592254 ], [ 3957094.476143042556942, 1051392.784679346717894 ], [ 3957057.051625693682581, 1051392.784679346717894 ], [ 3957019.627108344808221, 1051392.784679346717894 ], [ 3956982.202590995933861, 1051392.784679346717894 ], [ 3956944.7780736470595, 1051392.784679346717894 ], [ 3956918.314943647012115, 1051366.321549346670508 ], [ 3956918.314943647012115, 1051328.897031997796148 ], [ 3956918.314943647012115, 1051291.472514648921788 ], [ 3956918.314943647012115, 1051254.047997300047427 ], [ 3956918.314943647012115, 1051216.623479951173067 ], [ 3956918.314943647012115, 1051179.198962602298707 ], [ 3956918.314943647012115, 1051141.774445253424346 ], [ 3956918.314943647012115, 1051104.349927904549986 ], [ 3956918.314943647012115, 1051066.925410555675626 ], [ 3956891.851813646964729, 1051040.46228055562824 ], [ 3956854.427296298090369, 1051040.46228055562824 ], [ 3956817.002778949216008, 1051040.46228055562824 ], [ 3956779.578261600341648, 1051040.46228055562824 ], [ 3956753.115131600294262, 1051013.999150555580854 ], [ 3956753.115131600294262, 1050976.574633206706494 ], [ 3956753.115131600294262, 1050939.150115857832134 ], [ 3956753.115131600294262, 1050901.725598508957773 ], [ 3956753.115131600294262, 1050864.301081160083413 ], [ 3956753.115131600294262, 1050826.876563811209053 ], [ 3956753.115131600294262, 1050789.452046462334692 ], [ 3956753.115131600294262, 1050752.027529113460332 ], [ 3956753.115131600294262, 1050714.603011764585972 ], [ 3956715.690614251419902, 1050714.603011764585972 ], [ 3956678.266096902545542, 1050714.603011764585972 ], [ 3956640.841579553671181, 1050714.603011764585972 ], [ 3956614.378449553623796, 1050688.139881764538586 ], [ 3956614.378449553623796, 1050650.715364415664226 ], [ 3956614.378449553623796, 1050613.290847066789865 ], [ 3956614.378449553623796, 1050575.866329717915505 ], [ 3956614.378449553623796, 1050538.441812369041145 ], [ 3956614.378449553623796, 1050501.017295020166785 ], [ 3956614.378449553623796, 1050463.592777671292424 ], [ 3956614.378449553623796, 1050426.168260322418064 ], [ 3956614.378449553623796, 1050388.743742973543704 ], [ 3956576.953932204749435, 1050388.743742973543704 ], [ 3956539.529414855875075, 1050388.743742973543704 ], [ 3956502.104897507000715, 1050388.743742973543704 ], [ 3956464.680380158126354, 1050388.743742973543704 ], [ 3956427.255862809251994, 1050388.743742973543704 ], [ 3956427.255862809251994, 1050351.319225624669343 ], [ 3956427.255862809251994, 1050313.894708275794983 ], [ 3956427.255862809251994, 1050276.470190926920623 ], [ 3956427.255862809251994, 1050239.045673578046262 ], [ 3956427.255862809251994, 1050201.621156229171902 ], [ 3956427.255862809251994, 1050164.196638880297542 ], [ 3956427.255862809251994, 1050126.772121531423181 ], [ 3956427.255862809251994, 1050089.347604182548821 ], [ 3956427.255862809251994, 1050051.923086833674461 ], [ 3956389.831345460377634, 1050051.923086833674461 ], [ 3956352.406828111503273, 1050051.923086833674461 ], [ 3956314.982310762628913, 1050051.923086833674461 ], [ 3956277.557793413754553, 1050051.923086833674461 ], [ 3956251.094663413707167, 1050025.459956833627075 ], [ 3956251.094663413707167, 1049988.035439484752715 ], [ 3956251.094663413707167, 1049950.610922135878354 ], [ 3956251.094663413707167, 1049913.186404787003994 ], [ 3956251.094663413707167, 1049875.761887438129634 ], [ 3956251.094663413707167, 1049838.337370089255273 ], [ 3956251.094663413707167, 1049800.912852740380913 ], [ 3956251.094663413707167, 1049763.488335391506553 ], [ 3956251.094663413707167, 1049726.063818042632192 ], [ 3956213.670146064832807, 1049726.063818042632192 ], [ 3956176.245628715958446, 1049726.063818042632192 ], [ 3956138.821111367084086, 1049726.063818042632192 ], [ 3956112.3579813670367, 1049699.600688042584807 ], [ 3956112.3579813670367, 1049662.176170693710446 ], [ 3956112.3579813670367, 1049624.751653344836086 ], [ 3956112.3579813670367, 1049587.327135995961726 ], [ 3956112.3579813670367, 1049549.902618647087365 ], [ 3956112.3579813670367, 1049512.478101298213005 ], [ 3956112.3579813670367, 1049475.053583949338645 ], [ 3956112.3579813670367, 1049437.629066600464284 ], [ 3956112.3579813670367, 1049400.204549251589924 ], [ 3956138.821111367084086, 1049373.741419251542538 ], [ 3956176.245628715958446, 1049373.741419251542538 ], [ 3956213.670146064832807, 1049373.741419251542538 ], [ 3956251.094663413707167, 1049373.741419251542538 ], [ 3956288.519180762581527, 1049373.741419251542538 ], [ 3956325.943698111455888, 1049373.741419251542538 ], [ 3956363.368215460330248, 1049373.741419251542538 ], [ 3956400.792732809204608, 1049373.741419251542538 ], [ 3956427.255862809251994, 1049347.278289251495153 ], [ 3956427.255862809251994, 1049309.853771902620792 ], [ 3956427.255862809251994, 1049272.429254553746432 ], [ 3956427.255862809251994, 1049235.004737204872072 ], [ 3956453.71899280929938, 1049208.541607204824686 ], [ 3956491.14351015817374, 1049208.541607204824686 ], [ 3956528.5680275070481, 1049208.541607204824686 ], [ 3956565.992544855922461, 1049208.541607204824686 ], [ 3956603.417062204796821, 1049208.541607204824686 ], [ 3956603.417062204796821, 1049171.117089855950326 ], [ 3956603.417062204796821, 1049133.692572507075965 ], [ 3956603.417062204796821, 1049096.268055158201605 ], [ 3956603.417062204796821, 1049058.843537809327245 ], [ 3956629.880192204844207, 1049032.380407809279859 ], [ 3956667.304709553718567, 1049032.380407809279859 ], [ 3956704.729226902592927, 1049032.380407809279859 ], [ 3956742.153744251467288, 1049032.380407809279859 ], [ 3956768.616874251514673, 1049005.917277809232473 ], [ 3956768.616874251514673, 1048968.492760460358113 ], [ 3956768.616874251514673, 1048931.068243111483753 ], [ 3956768.616874251514673, 1048893.643725762609392 ], [ 3956795.080004251562059, 1048867.180595762562007 ], [ 3956832.504521600436419, 1048867.180595762562007 ], [ 3956869.92903894931078, 1048867.180595762562007 ], [ 3956907.35355629818514, 1048867.180595762562007 ], [ 3956933.816686298232526, 1048840.717465762514621 ], [ 3956933.816686298232526, 1048803.292948413640261 ], [ 3956933.816686298232526, 1048765.8684310647659 ], [ 3956933.816686298232526, 1048728.44391371589154 ], [ 3956960.279816298279911, 1048701.980783715844154 ], [ 3956997.704333647154272, 1048701.980783715844154 ], [ 3957035.128850996028632, 1048701.980783715844154 ], [ 3957072.553368344902992, 1048701.980783715844154 ], [ 3957109.977885693777353, 1048701.980783715844154 ], [ 3957147.402403042651713, 1048701.980783715844154 ], [ 3957184.826920391526073, 1048701.980783715844154 ], [ 3957222.251437740400434, 1048701.980783715844154 ], [ 3957259.675955089274794, 1048701.980783715844154 ], [ 3957259.675955089274794, 1048664.556266366969794 ], [ 3957259.675955089274794, 1048627.131749018095434 ], [ 3957259.675955089274794, 1048589.707231669221073 ], [ 3957259.675955089274794, 1048552.282714320346713 ], [ 3957297.100472438149154, 1048552.282714320346713 ], [ 3957334.524989787023515, 1048552.282714320346713 ], [ 3957371.949507135897875, 1048552.282714320346713 ], [ 3957409.374024484772235, 1048552.282714320346713 ], [ 3957435.837154484819621, 1048525.819584320299327 ], [ 3957435.837154484819621, 1048488.395066971424967 ], [ 3957435.837154484819621, 1048450.970549622550607 ], [ 3957435.837154484819621, 1048413.546032273676246 ], [ 3957462.300284484867007, 1048387.082902273628861 ], [ 3957499.724801833741367, 1048387.082902273628861 ], [ 3957537.149319182615727, 1048387.082902273628861 ], [ 3957574.573836531490088, 1048387.082902273628861 ], [ 3957574.573836531490088, 1048349.6583849247545 ], [ 3957574.573836531490088, 1048312.23386757588014 ], [ 3957574.573836531490088, 1048274.80935022700578 ], [ 3957574.573836531490088, 1048237.384832878131419 ], [ 3957601.036966531537473, 1048210.921702878084034 ], [ 3957638.461483880411834, 1048210.921702878084034 ], [ 3957675.886001229286194, 1048210.921702878084034 ], [ 3957713.310518578160554, 1048210.921702878084034 ], [ 3957750.735035927034914, 1048210.921702878084034 ], [ 3957750.735035927034914, 1048173.497185529209673 ], [ 3957750.735035927034914, 1048136.072668180335313 ], [ 3957750.735035927034914, 1048098.648150831460953 ], [ 3957750.735035927034914, 1048061.223633482586592 ], [ 3957777.1981659270823, 1048034.760503482539207 ], [ 3957814.622683275956661, 1048034.760503482539207 ], [ 3957852.047200624831021, 1048034.760503482539207 ], [ 3957889.471717973705381, 1048034.760503482539207 ], [ 3957915.934847973752767, 1048008.297373482491821 ], [ 3957915.934847973752767, 1047970.872856133617461 ], [ 3957915.934847973752767, 1047933.4483387847431 ], [ 3957915.934847973752767, 1047896.02382143586874 ], [ 3957942.397977973800153, 1047869.560691435821354 ], [ 3957979.822495322674513, 1047869.560691435821354 ], [ 3958017.247012671548873, 1047869.560691435821354 ], [ 3958054.671530020423234, 1047869.560691435821354 ], [ 3958092.096047369297594, 1047869.560691435821354 ], [ 3958129.520564718171954, 1047869.560691435821354 ], [ 3958166.945082067046314, 1047869.560691435821354 ], [ 3958204.369599415920675, 1047869.560691435821354 ], [ 3958241.794116764795035, 1047869.560691435821354 ], [ 3958279.218634113669395, 1047869.560691435821354 ], [ 3958316.643151462543756, 1047869.560691435821354 ], [ 3958354.067668811418116, 1047869.560691435821354 ], [ 3958391.492186160292476, 1047869.560691435821354 ], [ 3958428.916703509166837, 1047869.560691435821354 ], [ 3958466.341220858041197, 1047869.560691435821354 ], [ 3958503.765738206915557, 1047869.560691435821354 ], [ 3958541.190255555789918, 1047869.560691435821354 ], [ 3958578.614772904664278, 1047869.560691435821354 ], [ 3958616.039290253538638, 1047869.560691435821354 ], [ 3958653.463807602412999, 1047869.560691435821354 ], [ 3958690.888324951287359, 1047869.560691435821354 ], [ 3958728.312842300161719, 1047869.560691435821354 ], [ 3958765.73735964903608, 1047869.560691435821354 ], [ 3958803.16187699791044, 1047869.560691435821354 ], [ 3958840.5863943467848, 1047869.560691435821354 ], [ 3958878.010911695659161, 1047869.560691435821354 ], [ 3958915.435429044533521, 1047869.560691435821354 ], [ 3958952.859946393407881, 1047869.560691435821354 ], [ 3958990.284463742282242, 1047869.560691435821354 ], [ 3959027.708981091156602, 1047869.560691435821354 ], [ 3959065.133498440030962, 1047869.560691435821354 ], [ 3959102.558015788905323, 1047869.560691435821354 ], [ 3959139.982533137779683, 1047869.560691435821354 ], [ 3959177.407050486654043, 1047869.560691435821354 ], [ 3959214.831567835528404, 1047869.560691435821354 ], [ 3959252.256085184402764, 1047869.560691435821354 ], [ 3959289.680602533277124, 1047869.560691435821354 ], [ 3959327.105119882151484, 1047869.560691435821354 ], [ 3959364.529637231025845, 1047869.560691435821354 ], [ 3959401.954154579900205, 1047869.560691435821354 ], [ 3959439.378671928774565, 1047869.560691435821354 ], [ 3959476.803189277648926, 1047869.560691435821354 ], [ 3959514.227706626523286, 1047869.560691435821354 ], [ 3959551.652223975397646, 1047869.560691435821354 ], [ 3959589.076741324272007, 1047869.560691435821354 ], [ 3959626.501258673146367, 1047869.560691435821354 ], [ 3959663.925776022020727, 1047869.560691435821354 ], [ 3959701.350293370895088, 1047869.560691435821354 ], [ 3959738.774810719769448, 1047869.560691435821354 ], [ 3959776.199328068643808, 1047869.560691435821354 ], [ 3959813.623845417518169, 1047869.560691435821354 ], [ 3959851.048362766392529, 1047869.560691435821354 ], [ 3959888.472880115266889, 1047869.560691435821354 ], [ 3959925.89739746414125, 1047869.560691435821354 ], [ 3959963.32191481301561, 1047869.560691435821354 ], [ 3960000.74643216188997, 1047869.560691435821354 ], [ 3960038.170949510764331, 1047869.560691435821354 ], [ 3960075.595466859638691, 1047869.560691435821354 ], [ 3960113.019984208513051, 1047869.560691435821354 ], [ 3960150.444501557387412, 1047869.560691435821354 ], [ 3960187.869018906261772, 1047869.560691435821354 ], [ 3960225.293536255136132, 1047869.560691435821354 ], [ 3960262.718053604010493, 1047869.560691435821354 ], [ 3960300.142570952884853, 1047869.560691435821354 ], [ 3960337.567088301759213, 1047869.560691435821354 ], [ 3960374.991605650633574, 1047869.560691435821354 ], [ 3960412.416122999507934, 1047869.560691435821354 ], [ 3960449.840640348382294, 1047869.560691435821354 ], [ 3960487.265157697256655, 1047869.560691435821354 ], [ 3960524.689675046131015, 1047869.560691435821354 ], [ 3960562.114192395005375, 1047869.560691435821354 ], [ 3960599.538709743879735, 1047869.560691435821354 ], [ 3960636.963227092754096, 1047869.560691435821354 ], [ 3960674.387744441628456, 1047869.560691435821354 ], [ 3960711.812261790502816, 1047869.560691435821354 ], [ 3960749.236779139377177, 1047869.560691435821354 ], [ 3960786.661296488251537, 1047869.560691435821354 ], [ 3960824.085813837125897, 1047869.560691435821354 ], [ 3960861.510331186000258, 1047869.560691435821354 ], [ 3960898.934848534874618, 1047869.560691435821354 ], [ 3960936.359365883748978, 1047869.560691435821354 ], [ 3960973.783883232623339, 1047869.560691435821354 ], [ 3961011.208400581497699, 1047869.560691435821354 ], [ 3961048.632917930372059, 1047869.560691435821354 ], [ 3961086.05743527924642, 1047869.560691435821354 ], [ 3961123.48195262812078, 1047869.560691435821354 ], [ 3961160.90646997699514, 1047869.560691435821354 ], [ 3961198.330987325869501, 1047869.560691435821354 ], [ 3961235.755504674743861, 1047869.560691435821354 ], [ 3961273.180022023618221, 1047869.560691435821354 ], [ 3961310.604539372492582, 1047869.560691435821354 ], [ 3961348.029056721366942, 1047869.560691435821354 ], [ 3961374.492186721414328, 1047843.097561435773969 ], [ 3961374.492186721414328, 1047805.673044086899608 ], [ 3961374.492186721414328, 1047768.248526738025248 ], [ 3961374.492186721414328, 1047730.824009389150888 ], [ 3961400.955316721461713, 1047704.360879389103502 ], [ 3961438.379834070336074, 1047704.360879389103502 ], [ 3961475.804351419210434, 1047704.360879389103502 ], [ 3961513.228868768084794, 1047704.360879389103502 ], [ 3961539.69199876813218, 1047677.897749389056116 ], [ 3961539.69199876813218, 1047640.473232040181756 ], [ 3961539.69199876813218, 1047603.048714691307396 ], [ 3961539.69199876813218, 1047565.624197342433035 ], [ 3961539.69199876813218, 1047528.199679993558675 ], [ 3961539.69199876813218, 1047490.775162644684315 ], [ 3961539.69199876813218, 1047453.350645295809954 ], [ 3961539.69199876813218, 1047415.926127946935594 ], [ 3961566.155128768179566, 1047389.462997946888208 ], [ 3961603.579646117053926, 1047389.462997946888208 ], [ 3961641.004163465928286, 1047389.462997946888208 ], [ 3961678.428680814802647, 1047389.462997946888208 ], [ 3961678.428680814802647, 1047352.038480598013848 ], [ 3961678.428680814802647, 1047314.613963249139488 ], [ 3961678.428680814802647, 1047277.189445900265127 ], [ 3961678.428680814802647, 1047239.764928551390767 ], [ 3961704.891810814850032, 1047213.301798551343381 ], [ 3961742.316328163724393, 1047213.301798551343381 ], [ 3961779.740845512598753, 1047213.301798551343381 ], [ 3961817.165362861473113, 1047213.301798551343381 ], [ 3961854.589880210347474, 1047213.301798551343381 ], [ 3961881.053010210394859, 1047186.838668551295996 ], [ 3961881.053010210394859, 1047149.414151202421635 ], [ 3961881.053010210394859, 1047111.989633853547275 ], [ 3961881.053010210394859, 1047074.565116504672915 ], [ 3961881.053010210394859, 1047037.140599155798554 ], [ 3961881.053010210394859, 1046999.716081806924194 ], [ 3961881.053010210394859, 1046962.291564458049834 ], [ 3961881.053010210394859, 1046924.867047109175473 ], [ 3961907.516140210442245, 1046898.403917109128088 ], [ 3961944.940657559316605, 1046898.403917109128088 ], [ 3961982.365174908190966, 1046898.403917109128088 ], [ 3962019.789692257065326, 1046898.403917109128088 ], [ 3962019.789692257065326, 1046860.979399760253727 ], [ 3962019.789692257065326, 1046823.554882411379367 ], [ 3962019.789692257065326, 1046786.130365062505007 ], [ 3962019.789692257065326, 1046748.705847713630646 ], [ 3962046.252822257112712, 1046722.242717713583261 ], [ 3962083.677339605987072, 1046722.242717713583261 ], [ 3962121.101856954861432, 1046722.242717713583261 ], [ 3962158.526374303735793, 1046722.242717713583261 ], [ 3962195.950891652610153, 1046722.242717713583261 ], [ 3962195.950891652610153, 1046684.8182003647089 ], [ 3962195.950891652610153, 1046647.39368301583454 ], [ 3962195.950891652610153, 1046609.96916566696018 ], [ 3962195.950891652610153, 1046572.544648318085819 ], [ 3962222.414021652657539, 1046546.081518318038434 ], [ 3962259.838539001531899, 1046546.081518318038434 ], [ 3962297.263056350406259, 1046546.081518318038434 ], [ 3962334.68757369928062, 1046546.081518318038434 ], [ 3962361.150703699328005, 1046519.618388317991048 ], [ 3962361.150703699328005, 1046482.193870969116688 ], [ 3962361.150703699328005, 1046444.769353620242327 ], [ 3962361.150703699328005, 1046407.344836271367967 ], [ 3962361.150703699328005, 1046369.920318922493607 ], [ 3962361.150703699328005, 1046332.495801573619246 ], [ 3962361.150703699328005, 1046295.071284224744886 ], [ 3962361.150703699328005, 1046257.646766875870526 ], [ 3962387.613833699375391, 1046231.18363687582314 ], [ 3962425.038351048249751, 1046231.18363687582314 ], [ 3962462.462868397124112, 1046231.18363687582314 ], [ 3962499.887385745998472, 1046231.18363687582314 ], [ 3962499.887385745998472, 1046193.75911952694878 ], [ 3962499.887385745998472, 1046156.334602178074419 ], [ 3962499.887385745998472, 1046118.910084829200059 ], [ 3962499.887385745998472, 1046081.485567480325699 ], [ 3962499.887385745998472, 1046044.061050131451339 ], [ 3962499.887385745998472, 1046006.636532782576978 ], [ 3962499.887385745998472, 1045969.212015433702618 ], [ 3962499.887385745998472, 1045931.787498084828258 ], [ 3962526.350515746045858, 1045905.324368084780872 ], [ 3962563.775033094920218, 1045905.324368084780872 ], [ 3962601.199550443794578, 1045905.324368084780872 ], [ 3962638.624067792668939, 1045905.324368084780872 ], [ 3962676.048585141543299, 1045905.324368084780872 ], [ 3962702.511715141590685, 1045878.861238084733486 ], [ 3962702.511715141590685, 1045841.436720735859126 ], [ 3962702.511715141590685, 1045804.012203386984766 ], [ 3962702.511715141590685, 1045766.587686038110405 ], [ 3962728.97484514163807, 1045740.12455603806302 ], [ 3962766.399362490512431, 1045740.12455603806302 ], [ 3962803.823879839386791, 1045740.12455603806302 ], [ 3962841.248397188261151, 1045740.12455603806302 ], [ 3962841.248397188261151, 1045702.700038689188659 ], [ 3962841.248397188261151, 1045665.275521340314299 ], [ 3962841.248397188261151, 1045627.851003991439939 ], [ 3962841.248397188261151, 1045590.426486642565578 ], [ 3962841.248397188261151, 1045553.001969293691218 ], [ 3962841.248397188261151, 1045515.577451944816858 ], [ 3962841.248397188261151, 1045478.152934595942497 ], [ 3962841.248397188261151, 1045440.728417247068137 ], [ 3962841.248397188261151, 1045403.303899898193777 ], [ 3962878.672914537135512, 1045403.303899898193777 ], [ 3962916.097431886009872, 1045403.303899898193777 ], [ 3962953.521949234884232, 1045403.303899898193777 ], [ 3962990.946466583758593, 1045403.303899898193777 ], [ 3963017.409596583805978, 1045376.840769898146391 ], [ 3963017.409596583805978, 1045339.416252549272031 ], [ 3963017.409596583805978, 1045301.99173520039767 ], [ 3963017.409596583805978, 1045264.56721785152331 ], [ 3963017.409596583805978, 1045227.14270050264895 ], [ 3963017.409596583805978, 1045189.718183153774589 ], [ 3963017.409596583805978, 1045152.293665804900229 ], [ 3963017.409596583805978, 1045114.869148456025869 ], [ 3963017.409596583805978, 1045077.444631107151508 ], [ 3963054.834113932680339, 1045077.444631107151508 ], [ 3963092.258631281554699, 1045077.444631107151508 ], [ 3963129.683148630429059, 1045077.444631107151508 ], [ 3963167.10766597930342, 1045077.444631107151508 ], [ 3963167.10766597930342, 1045040.020113758277148 ], [ 3963167.10766597930342, 1045002.595596409402788 ], [ 3963167.10766597930342, 1044965.171079060528427 ], [ 3963167.10766597930342, 1044927.746561711654067 ], [ 3963193.570795979350805, 1044901.283431711606681 ], [ 3963230.995313328225166, 1044901.283431711606681 ], [ 3963268.419830677099526, 1044901.283431711606681 ], [ 3963305.844348025973886, 1044901.283431711606681 ], [ 3963332.307478026021272, 1044874.820301711559296 ], [ 3963332.307478026021272, 1044837.395784362684935 ], [ 3963332.307478026021272, 1044799.971267013810575 ], [ 3963332.307478026021272, 1044762.546749664936215 ], [ 3963358.770608026068658, 1044736.083619664888829 ], [ 3963396.195125374943018, 1044736.083619664888829 ], [ 3963433.619642723817378, 1044736.083619664888829 ], [ 3963471.044160072691739, 1044736.083619664888829 ], [ 3963508.468677421566099, 1044736.083619664888829 ], [ 3963508.468677421566099, 1044698.659102316014469 ], [ 3963508.468677421566099, 1044661.234584967140108 ], [ 3963508.468677421566099, 1044623.810067618265748 ], [ 3963508.468677421566099, 1044586.385550269391388 ], [ 3963508.468677421566099, 1044548.961032920517027 ], [ 3963508.468677421566099, 1044511.536515571642667 ], [ 3963508.468677421566099, 1044474.111998222768307 ], [ 3963508.468677421566099, 1044436.687480873893946 ], [ 3963534.931807421613485, 1044410.224350873846561 ], [ 3963572.356324770487845, 1044410.224350873846561 ], [ 3963609.780842119362205, 1044410.224350873846561 ], [ 3963647.205359468236566, 1044410.224350873846561 ], [ 3963684.629876817110926, 1044410.224350873846561 ], [ 3963684.629876817110926, 1044372.7998335249722 ], [ 3963684.629876817110926, 1044335.37531617609784 ], [ 3963684.629876817110926, 1044297.95079882722348 ], [ 3963684.629876817110926, 1044260.526281478349119 ], [ 3963684.629876817110926, 1044223.101764129474759 ], [ 3963684.629876817110926, 1044185.677246780600399 ], [ 3963684.629876817110926, 1044148.252729431726038 ], [ 3963684.629876817110926, 1044110.828212082851678 ], [ 3963711.093006817158312, 1044084.365082082804292 ], [ 3963748.517524166032672, 1044084.365082082804292 ], [ 3963785.942041514907032, 1044084.365082082804292 ], [ 3963823.366558863781393, 1044084.365082082804292 ], [ 3963823.366558863781393, 1044046.940564733929932 ], [ 3963823.366558863781393, 1044009.516047385055572 ], [ 3963823.366558863781393, 1043972.091530036181211 ], [ 3963823.366558863781393, 1043934.667012687306851 ], [ 3963849.829688863828778, 1043908.203882687259465 ], [ 3963887.254206212703139, 1043908.203882687259465 ], [ 3963924.678723561577499, 1043908.203882687259465 ], [ 3963962.103240910451859, 1043908.203882687259465 ], [ 3963999.52775825932622, 1043908.203882687259465 ], [ 3963999.52775825932622, 1043870.779365338385105 ], [ 3963999.52775825932622, 1043833.354847989510745 ], [ 3963999.52775825932622, 1043795.930330640636384 ], [ 3963999.52775825932622, 1043758.505813291762024 ], [ 3964036.95227560820058, 1043758.505813291762024 ], [ 3964074.37679295707494, 1043758.505813291762024 ], [ 3964111.801310305949301, 1043758.505813291762024 ], [ 3964149.225827654823661, 1043758.505813291762024 ], [ 3964149.225827654823661, 1043721.081295942887664 ], [ 3964149.225827654823661, 1043683.656778594013304 ], [ 3964149.225827654823661, 1043646.232261245138943 ], [ 3964149.225827654823661, 1043608.807743896264583 ], [ 3964175.688957654871047, 1043582.344613896217197 ], [ 3964213.113475003745407, 1043582.344613896217197 ], [ 3964250.537992352619767, 1043582.344613896217197 ], [ 3964287.962509701494128, 1043582.344613896217197 ], [ 3964325.387027050368488, 1043582.344613896217197 ], [ 3964325.387027050368488, 1043544.920096547342837 ], [ 3964325.387027050368488, 1043507.495579198468477 ], [ 3964325.387027050368488, 1043470.071061849594116 ], [ 3964325.387027050368488, 1043432.646544500719756 ], [ 3964351.850157050415874, 1043406.18341450067237 ], [ 3964389.274674399290234, 1043406.18341450067237 ], [ 3964426.699191748164594, 1043406.18341450067237 ], [ 3964464.123709097038954, 1043406.18341450067237 ], [ 3964501.548226445913315, 1043406.18341450067237 ], [ 3964501.548226445913315, 1043368.75889715179801 ], [ 3964501.548226445913315, 1043331.33437980292365 ], [ 3964501.548226445913315, 1043293.909862454049289 ], [ 3964501.548226445913315, 1043256.485345105174929 ], [ 3964538.972743794787675, 1043256.485345105174929 ], [ 3964576.397261143662035, 1043256.485345105174929 ], [ 3964613.821778492536396, 1043256.485345105174929 ], [ 3964651.246295841410756, 1043256.485345105174929 ], [ 3964651.246295841410756, 1043219.060827756300569 ], [ 3964651.246295841410756, 1043181.636310407426208 ], [ 3964651.246295841410756, 1043144.211793058551848 ], [ 3964651.246295841410756, 1043106.787275709677488 ], [ 3964677.709425841458142, 1043080.324145709630102 ], [ 3964715.133943190332502, 1043080.324145709630102 ], [ 3964752.558460539206862, 1043080.324145709630102 ], [ 3964789.982977888081223, 1043080.324145709630102 ], [ 3964816.446107888128608, 1043053.861015709582716 ], [ 3964816.446107888128608, 1043016.436498360708356 ], [ 3964816.446107888128608, 1042979.011981011833996 ], [ 3964816.446107888128608, 1042941.587463662959635 ], [ 3964816.446107888128608, 1042904.162946314085275 ], [ 3964816.446107888128608, 1042866.738428965210915 ], [ 3964816.446107888128608, 1042829.313911616336554 ], [ 3964816.446107888128608, 1042791.889394267462194 ], [ 3964842.909237888175994, 1042765.426264267414808 ], [ 3964880.333755237050354, 1042765.426264267414808 ], [ 3964917.758272585924715, 1042765.426264267414808 ], [ 3964955.182789934799075, 1042765.426264267414808 ], [ 3964992.607307283673435, 1042765.426264267414808 ], [ 3964992.607307283673435, 1042728.001746918540448 ], [ 3964992.607307283673435, 1042690.577229569666088 ], [ 3964992.607307283673435, 1042653.152712220791727 ], [ 3964992.607307283673435, 1042615.728194871917367 ], [ 3965019.070437283720821, 1042589.265064871869981 ], [ 3965056.494954632595181, 1042589.265064871869981 ], [ 3965093.919471981469542, 1042589.265064871869981 ], [ 3965131.343989330343902, 1042589.265064871869981 ], [ 3965157.807119330391288, 1042562.801934871822596 ], [ 3965157.807119330391288, 1042525.377417522948235 ], [ 3965157.807119330391288, 1042487.952900174073875 ], [ 3965157.807119330391288, 1042450.528382825199515 ], [ 3965184.270249330438673, 1042424.065252825152129 ], [ 3965221.694766679313034, 1042424.065252825152129 ], [ 3965259.119284028187394, 1042424.065252825152129 ], [ 3965296.543801377061754, 1042424.065252825152129 ], [ 3965323.00693137710914, 1042397.602122825104743 ], [ 3965323.00693137710914, 1042360.177605476230383 ], [ 3965323.00693137710914, 1042322.753088127356023 ], [ 3965323.00693137710914, 1042285.328570778481662 ], [ 3965349.470061377156526, 1042258.865440778434277 ], [ 3965386.894578726030886, 1042258.865440778434277 ], [ 3965424.319096074905246, 1042258.865440778434277 ], [ 3965461.743613423779607, 1042258.865440778434277 ], [ 3965461.743613423779607, 1042221.440923429559916 ], [ 3965461.743613423779607, 1042184.016406080685556 ], [ 3965461.743613423779607, 1042146.591888731811196 ], [ 3965461.743613423779607, 1042109.167371382936835 ], [ 3965488.206743423826993, 1042082.70424138288945 ], [ 3965525.631260772701353, 1042082.70424138288945 ], [ 3965563.055778121575713, 1042082.70424138288945 ], [ 3965600.480295470450073, 1042082.70424138288945 ], [ 3965637.904812819324434, 1042082.70424138288945 ], [ 3965637.904812819324434, 1042045.279724034015089 ], [ 3965637.904812819324434, 1042007.855206685140729 ], [ 3965637.904812819324434, 1041970.430689336266369 ], [ 3965637.904812819324434, 1041933.006171987392008 ], [ 3965675.329330168198794, 1041933.006171987392008 ], [ 3965712.753847517073154, 1041933.006171987392008 ], [ 3965750.178364865947515, 1041933.006171987392008 ], [ 3965787.602882214821875, 1041933.006171987392008 ], [ 3965825.027399563696235, 1041933.006171987392008 ], [ 3965825.027399563696235, 1041895.581654638517648 ], [ 3965825.027399563696235, 1041858.157137289643288 ], [ 3965825.027399563696235, 1041820.732619940768927 ], [ 3965825.027399563696235, 1041783.308102591894567 ], [ 3965851.490529563743621, 1041756.844972591847181 ], [ 3965888.915046912617981, 1041756.844972591847181 ], [ 3965926.339564261492342, 1041756.844972591847181 ], [ 3965963.764081610366702, 1041756.844972591847181 ], [ 3965963.764081610366702, 1041719.420455242972821 ], [ 3965963.764081610366702, 1041681.995937894098461 ], [ 3965963.764081610366702, 1041644.5714205452241 ], [ 3965963.764081610366702, 1041607.14690319634974 ], [ 3966001.188598959241062, 1041607.14690319634974 ], [ 3966038.613116308115423, 1041607.14690319634974 ], [ 3966076.037633656989783, 1041607.14690319634974 ], [ 3966113.462151005864143, 1041607.14690319634974 ], [ 3966139.925281005911529, 1041580.683773196302354 ], [ 3966139.925281005911529, 1041543.259255847427994 ], [ 3966139.925281005911529, 1041505.834738498553634 ], [ 3966139.925281005911529, 1041468.410221149679273 ], [ 3966166.388411005958915, 1041441.947091149631888 ], [ 3966203.812928354833275, 1041441.947091149631888 ], [ 3966241.237445703707635, 1041441.947091149631888 ], [ 3966278.661963052581996, 1041441.947091149631888 ], [ 3966278.661963052581996, 1041404.522573800757527 ], [ 3966278.661963052581996, 1041367.098056451883167 ], [ 3966278.661963052581996, 1041329.673539103008807 ], [ 3966278.661963052581996, 1041292.249021754134446 ], [ 3966305.125093052629381, 1041265.785891754087061 ], [ 3966342.549610401503742, 1041265.785891754087061 ], [ 3966379.974127750378102, 1041265.785891754087061 ], [ 3966417.398645099252462, 1041265.785891754087061 ], [ 3966454.823162448126823, 1041265.785891754087061 ], [ 3966454.823162448126823, 1041228.3613744052127 ], [ 3966454.823162448126823, 1041190.93685705633834 ], [ 3966454.823162448126823, 1041153.51233970746398 ], [ 3966454.823162448126823, 1041116.087822358589619 ], [ 3966481.286292448174208, 1041089.624692358542234 ], [ 3966518.710809797048569, 1041089.624692358542234 ], [ 3966556.135327145922929, 1041089.624692358542234 ], [ 3966593.559844494797289, 1041089.624692358542234 ], [ 3966630.98436184367165, 1041089.624692358542234 ], [ 3966630.98436184367165, 1041052.200175009667873 ], [ 3966630.98436184367165, 1041014.775657660793513 ], [ 3966630.98436184367165, 1040977.351140311919153 ], [ 3966630.98436184367165, 1040939.926622963044792 ], [ 3966668.40887919254601, 1040939.926622963044792 ], [ 3966705.83339654142037, 1040939.926622963044792 ], [ 3966743.257913890294731, 1040939.926622963044792 ], [ 3966780.682431239169091, 1040939.926622963044792 ], [ 3966807.145561239216477, 1040913.463492962997407 ], [ 3966807.145561239216477, 1040876.038975614123046 ], [ 3966807.145561239216477, 1040838.614458265248686 ], [ 3966807.145561239216477, 1040801.189940916374326 ], [ 3966833.608691239263862, 1040774.72681091632694 ], [ 3966871.033208588138223, 1040774.72681091632694 ], [ 3966908.457725937012583, 1040774.72681091632694 ], [ 3966945.882243285886943, 1040774.72681091632694 ], [ 3966945.882243285886943, 1040737.30229356745258 ], [ 3966945.882243285886943, 1040699.877776218578219 ], [ 3966945.882243285886943, 1040662.453258869703859 ], [ 3966945.882243285886943, 1040625.028741520829499 ], [ 3966972.345373285934329, 1040598.565611520782113 ], [ 3967009.769890634808689, 1040598.565611520782113 ], [ 3967047.19440798368305, 1040598.565611520782113 ], [ 3967084.61892533255741, 1040598.565611520782113 ], [ 3967122.04344268143177, 1040598.565611520782113 ], [ 3967159.467960030306131, 1040598.565611520782113 ], [ 3967196.892477379180491, 1040598.565611520782113 ], [ 3967234.316994728054851, 1040598.565611520782113 ], [ 3967271.741512076929212, 1040598.565611520782113 ], [ 3967309.166029425803572, 1040598.565611520782113 ], [ 3967309.166029425803572, 1040561.141094171907753 ], [ 3967309.166029425803572, 1040523.716576823033392 ], [ 3967309.166029425803572, 1040486.292059474159032 ], [ 3967309.166029425803572, 1040448.867542125284672 ], [ 3967346.590546774677932, 1040448.867542125284672 ], [ 3967384.015064123552293, 1040448.867542125284672 ], [ 3967421.439581472426653, 1040448.867542125284672 ], [ 3967458.864098821301013, 1040448.867542125284672 ], [ 3967458.864098821301013, 1040411.443024776410311 ], [ 3967458.864098821301013, 1040374.018507427535951 ], [ 3967458.864098821301013, 1040336.593990078661591 ], [ 3967458.864098821301013, 1040299.16947272978723 ], [ 3967485.327228821348399, 1040272.706342729739845 ], [ 3967522.751746170222759, 1040272.706342729739845 ], [ 3967560.17626351909712, 1040272.706342729739845 ], [ 3967597.60078086797148, 1040272.706342729739845 ], [ 3967624.063910868018866, 1040246.243212729692459 ], [ 3967624.063910868018866, 1040208.818695380818099 ], [ 3967624.063910868018866, 1040171.394178031943738 ], [ 3967624.063910868018866, 1040133.969660683069378 ], [ 3967650.527040868066251, 1040107.506530683021992 ], [ 3967687.951558216940612, 1040107.506530683021992 ], [ 3967725.376075565814972, 1040107.506530683021992 ], [ 3967762.800592914689332, 1040107.506530683021992 ], [ 3967762.800592914689332, 1040070.082013334147632 ], [ 3967762.800592914689332, 1040032.657495985273272 ], [ 3967762.800592914689332, 1039995.232978636398911 ], [ 3967762.800592914689332, 1039957.808461287524551 ], [ 3967789.263722914736718, 1039931.345331287477165 ], [ 3967826.688240263611078, 1039931.345331287477165 ], [ 3967864.112757612485439, 1039931.345331287477165 ], [ 3967901.537274961359799, 1039931.345331287477165 ], [ 3967938.961792310234159, 1039931.345331287477165 ], [ 3967938.961792310234159, 1039893.920813938602805 ], [ 3967938.961792310234159, 1039856.496296589728445 ], [ 3967938.961792310234159, 1039819.071779240854084 ], [ 3967938.961792310234159, 1039781.647261891979724 ], [ 3967938.961792310234159, 1039744.222744543105364 ], [ 3967938.961792310234159, 1039706.798227194231004 ], [ 3967938.961792310234159, 1039669.373709845356643 ], [ 3967938.961792310234159, 1039631.949192496482283 ], [ 3967965.424922310281545, 1039605.486062496434897 ], [ 3968002.849439659155905, 1039605.486062496434897 ], [ 3968040.273957008030266, 1039605.486062496434897 ], [ 3968077.698474356904626, 1039605.486062496434897 ], [ 3968115.122991705778986, 1039605.486062496434897 ], [ 3968115.122991705778986, 1039568.061545147560537 ], [ 3968115.122991705778986, 1039530.637027798686177 ], [ 3968115.122991705778986, 1039493.212510449811816 ], [ 3968115.122991705778986, 1039455.787993100937456 ], [ 3968152.547509054653347, 1039455.787993100937456 ], [ 3968189.972026403527707, 1039455.787993100937456 ], [ 3968227.396543752402067, 1039455.787993100937456 ], [ 3968264.821061101276428, 1039455.787993100937456 ], [ 3968264.821061101276428, 1039418.363475752063096 ], [ 3968264.821061101276428, 1039380.938958403188735 ], [ 3968264.821061101276428, 1039343.514441054314375 ], [ 3968264.821061101276428, 1039306.089923705440015 ], [ 3968291.284191101323813, 1039279.626793705392629 ], [ 3968328.708708450198174, 1039279.626793705392629 ], [ 3968366.133225799072534, 1039279.626793705392629 ], [ 3968403.557743147946894, 1039279.626793705392629 ], [ 3968440.982260496821254, 1039279.626793705392629 ], [ 3968440.982260496821254, 1039242.202276356518269 ], [ 3968440.982260496821254, 1039204.777759007643908 ], [ 3968440.982260496821254, 1039167.353241658769548 ], [ 3968440.982260496821254, 1039129.928724309895188 ], [ 3968467.44539049686864, 1039103.465594309847802 ], [ 3968504.869907845743001, 1039103.465594309847802 ], [ 3968542.294425194617361, 1039103.465594309847802 ], [ 3968579.718942543491721, 1039103.465594309847802 ], [ 3968606.182072543539107, 1039077.002464309800416 ], [ 3968606.182072543539107, 1039039.577946960926056 ], [ 3968606.182072543539107, 1039002.153429612051696 ], [ 3968606.182072543539107, 1038964.728912263177335 ], [ 3968632.645202543586493, 1038938.26578226312995 ], [ 3968670.069719892460853, 1038938.26578226312995 ], [ 3968707.494237241335213, 1038938.26578226312995 ], [ 3968744.918754590209574, 1038938.26578226312995 ], [ 3968744.918754590209574, 1038900.841264914255589 ], [ 3968744.918754590209574, 1038863.416747565381229 ], [ 3968744.918754590209574, 1038825.992230216506869 ], [ 3968744.918754590209574, 1038788.567712867632508 ], [ 3968782.343271939083934, 1038788.567712867632508 ], [ 3968819.767789287958294, 1038788.567712867632508 ], [ 3968857.192306636832654, 1038788.567712867632508 ], [ 3968894.616823985707015, 1038788.567712867632508 ], [ 3968932.041341334581375, 1038788.567712867632508 ], [ 3968932.041341334581375, 1038751.143195518758148 ], [ 3968932.041341334581375, 1038713.718678169883788 ], [ 3968932.041341334581375, 1038676.294160821009427 ], [ 3968932.041341334581375, 1038638.869643472135067 ], [ 3968958.504471334628761, 1038612.406513472087681 ], [ 3968995.928988683503121, 1038612.406513472087681 ], [ 3969033.353506032377481, 1038612.406513472087681 ], [ 3969070.778023381251842, 1038612.406513472087681 ], [ 3969108.202540730126202, 1038612.406513472087681 ], [ 3969145.627058079000562, 1038612.406513472087681 ], [ 3969183.051575427874923, 1038612.406513472087681 ], [ 3969220.476092776749283, 1038612.406513472087681 ], [ 3969257.900610125623643, 1038612.406513472087681 ], [ 3969257.900610125623643, 1038574.981996123213321 ], [ 3969257.900610125623643, 1038537.557478774338961 ], [ 3969257.900610125623643, 1038500.1329614254646 ], [ 3969257.900610125623643, 1038462.70844407659024 ], [ 3969295.325127474498004, 1038462.70844407659024 ], [ 3969332.749644823372364, 1038462.70844407659024 ], [ 3969370.174162172246724, 1038462.70844407659024 ], [ 3969407.598679521121085, 1038462.70844407659024 ], [ 3969407.598679521121085, 1038425.28392672771588 ], [ 3969407.598679521121085, 1038387.859409378841519 ], [ 3969407.598679521121085, 1038350.434892029967159 ], [ 3969407.598679521121085, 1038313.010374681092799 ], [ 3969434.06180952116847, 1038286.547244681045413 ], [ 3969471.486326870042831, 1038286.547244681045413 ], [ 3969508.910844218917191, 1038286.547244681045413 ], [ 3969546.335361567791551, 1038286.547244681045413 ], [ 3969583.759878916665912, 1038286.547244681045413 ], [ 3969610.223008916713297, 1038260.084114680998027 ], [ 3969610.223008916713297, 1038222.659597332123667 ], [ 3969610.223008916713297, 1038185.235079983249307 ], [ 3969610.223008916713297, 1038147.810562634374946 ], [ 3969636.686138916760683, 1038121.347432634327561 ], [ 3969674.110656265635043, 1038121.347432634327561 ], [ 3969711.535173614509404, 1038121.347432634327561 ], [ 3969748.959690963383764, 1038121.347432634327561 ], [ 3969748.959690963383764, 1038083.9229152854532 ], [ 3969748.959690963383764, 1038046.49839793657884 ], [ 3969748.959690963383764, 1038009.07388058770448 ], [ 3969748.959690963383764, 1037971.649363238830119 ], [ 3969775.42282096343115, 1037945.186233238782734 ], [ 3969812.84733831230551, 1037945.186233238782734 ], [ 3969850.27185566117987, 1037945.186233238782734 ], [ 3969887.696373010054231, 1037945.186233238782734 ], [ 3969925.120890358928591, 1037945.186233238782734 ], [ 3969925.120890358928591, 1037907.761715889908373 ], [ 3969925.120890358928591, 1037870.337198541034013 ], [ 3969925.120890358928591, 1037832.912681192159653 ], [ 3969925.120890358928591, 1037795.488163843285292 ], [ 3969962.545407707802951, 1037795.488163843285292 ], [ 3969999.969925056677312, 1037795.488163843285292 ], [ 3970037.394442405551672, 1037795.488163843285292 ], [ 3970074.818959754426032, 1037795.488163843285292 ], [ 3970112.243477103300393, 1037795.488163843285292 ], [ 3970149.667994452174753, 1037795.488163843285292 ], [ 3970187.092511801049113, 1037795.488163843285292 ], [ 3970224.517029149923474, 1037795.488163843285292 ], [ 3970224.517029149923474, 1037758.063646494410932 ], [ 3970224.517029149923474, 1037720.639129145536572 ], [ 3970224.517029149923474, 1037683.214611796662211 ], [ 3970224.517029149923474, 1037645.790094447787851 ], [ 3970224.517029149923474, 1037608.365577098913491 ], [ 3970224.517029149923474, 1037570.94105975003913 ], [ 3970224.517029149923474, 1037533.51654240116477 ], [ 3970224.517029149923474, 1037496.09202505229041 ], [ 3970250.980159149970859, 1037469.628895052243024 ], [ 3970288.40467649884522, 1037469.628895052243024 ], [ 3970325.82919384771958, 1037469.628895052243024 ], [ 3970363.25371119659394, 1037469.628895052243024 ], [ 3970400.678228545468301, 1037469.628895052243024 ], [ 3970438.102745894342661, 1037469.628895052243024 ], [ 3970475.527263243217021, 1037469.628895052243024 ], [ 3970512.951780592091382, 1037469.628895052243024 ], [ 3970550.376297940965742, 1037469.628895052243024 ], [ 3970587.800815289840102, 1037469.628895052243024 ], [ 3970587.800815289840102, 1037432.204377703368664 ], [ 3970587.800815289840102, 1037394.779860354494303 ], [ 3970587.800815289840102, 1037357.355343005619943 ], [ 3970587.800815289840102, 1037319.930825656745583 ], [ 3970614.263945289887488, 1037293.467695656698197 ], [ 3970651.688462638761848, 1037293.467695656698197 ], [ 3970689.112979987636209, 1037293.467695656698197 ], [ 3970726.537497336510569, 1037293.467695656698197 ], [ 3970763.962014685384929, 1037293.467695656698197 ], [ 3970801.38653203425929, 1037293.467695656698197 ], [ 3970838.81104938313365, 1037293.467695656698197 ], [ 3970876.23556673200801, 1037293.467695656698197 ], [ 3970902.698696732055396, 1037267.004565656650811 ], [ 3970902.698696732055396, 1037229.580048307776451 ], [ 3970902.698696732055396, 1037192.155530958902091 ], [ 3970902.698696732055396, 1037154.73101361002773 ], [ 3970902.698696732055396, 1037117.30649626115337 ], [ 3970902.698696732055396, 1037079.88197891227901 ], [ 3970902.698696732055396, 1037042.457461563404649 ], [ 3970902.698696732055396, 1037005.032944214530289 ], [ 3970942.393391732126474, 1036976.565604419098236 ], [ 3970982.088086732197553, 1036978.037878502393141 ], [ 3971019.512604081071913, 1036978.037878502393141 ], [ 3971056.937121429946274, 1036978.037878502393141 ], [ 3971094.361638778820634, 1036978.037878502393141 ], [ 3971131.786156127694994, 1036978.037878502393141 ], [ 3971169.210673476569355, 1036978.037878502393141 ], [ 3971206.635190825443715, 1036978.037878502393141 ], [ 3971244.059708174318075, 1036978.037878502393141 ], [ 3971244.059708174318075, 1036940.613361153518781 ], [ 3971244.059708174318075, 1036903.188843804644421 ], [ 3971244.059708174318075, 1036865.76432645577006 ], [ 3971244.059708174318075, 1036828.3398091068957 ], [ 3971283.754403174389154, 1036811.099824515986256 ], [ 3971323.449098174460232, 1036812.572098599281162 ], [ 3971360.873615523334593, 1036812.572098599281162 ], [ 3971398.298132872208953, 1036812.572098599281162 ], [ 3971435.722650221083313, 1036812.572098599281162 ], [ 3971473.147167569957674, 1036812.572098599281162 ], [ 3971510.571684918832034, 1036812.572098599281162 ], [ 3971547.996202267706394, 1036812.572098599281162 ], [ 3971547.996202267706394, 1036775.147581250406802 ], [ 3971547.996202267706394, 1036737.723063901532441 ], [ 3971547.996202267706394, 1036700.298546552658081 ], [ 3971547.996202267706394, 1036662.874029203783721 ], [ 3971574.45933226775378, 1036636.410899203736335 ], [ 3971611.88384961662814, 1036636.410899203736335 ], [ 3971649.308366965502501, 1036636.410899203736335 ], [ 3971686.732884314376861, 1036636.410899203736335 ], [ 3971724.157401663251221, 1036636.410899203736335 ], [ 3971761.581919012125582, 1036636.410899203736335 ], [ 3971799.006436360999942, 1036636.410899203736335 ], [ 3971836.430953709874302, 1036636.410899203736335 ], [ 3971873.855471058748662, 1036636.410899203736335 ], [ 3971911.279988407623023, 1036636.410899203736335 ], [ 3971911.279988407623023, 1036598.986381854861975 ], [ 3971911.279988407623023, 1036561.561864505987614 ], [ 3971911.279988407623023, 1036524.137347157113254 ], [ 3971911.279988407623023, 1036486.712829808238894 ], [ 3971937.743118407670408, 1036460.249699808191508 ], [ 3971975.167635756544769, 1036460.249699808191508 ], [ 3972012.592153105419129, 1036460.249699808191508 ], [ 3972050.016670454293489, 1036460.249699808191508 ], [ 3972050.016670454293489, 1036422.825182459317148 ], [ 3972050.016670454293489, 1036385.400665110442787 ], [ 3972050.016670454293489, 1036347.976147761568427 ], [ 3972050.016670454293489, 1036310.551630412694067 ], [ 3972087.44118780316785, 1036310.551630412694067 ], [ 3972124.86570515204221, 1036310.551630412694067 ], [ 3972162.29022250091657, 1036310.551630412694067 ], [ 3972199.714739849790931, 1036310.551630412694067 ], [ 3972237.139257198665291, 1036310.551630412694067 ], [ 3972274.563774547539651, 1036310.551630412694067 ], [ 3972311.988291896414012, 1036310.551630412694067 ], [ 3972349.412809245288372, 1036310.551630412694067 ], [ 3972386.837326594162732, 1036310.551630412694067 ], [ 3972386.837326594162732, 1036273.127113063819706 ], [ 3972386.837326594162732, 1036235.702595714945346 ], [ 3972386.837326594162732, 1036198.278078366070986 ], [ 3972386.837326594162732, 1036160.853561017196625 ], [ 3972413.300456594210118, 1036134.39043101714924 ], [ 3972450.724973943084478, 1036134.39043101714924 ], [ 3972488.149491291958839, 1036134.39043101714924 ], [ 3972525.574008640833199, 1036134.39043101714924 ], [ 3972525.574008640833199, 1036096.965913668274879 ], [ 3972525.574008640833199, 1036059.541396319400519 ], [ 3972525.574008640833199, 1036022.116878970526159 ], [ 3972525.574008640833199, 1035984.692361621651798 ], [ 3972562.998525989707559, 1035984.692361621651798 ], [ 3972600.42304333858192, 1035984.692361621651798 ], [ 3972637.84756068745628, 1035984.692361621651798 ], [ 3972675.27207803633064, 1035984.692361621651798 ], [ 3972712.696595385205001, 1035984.692361621651798 ], [ 3972750.121112734079361, 1035984.692361621651798 ], [ 3972787.545630082953721, 1035984.692361621651798 ], [ 3972824.970147431828082, 1035984.692361621651798 ], [ 3972862.394664780702442, 1035984.692361621651798 ], [ 3972899.819182129576802, 1035984.692361621651798 ], [ 3972937.243699478451163, 1035984.692361621651798 ], [ 3972974.668216827325523, 1035984.692361621651798 ], [ 3973012.092734176199883, 1035984.692361621651798 ], [ 3973049.517251525074244, 1035984.692361621651798 ], [ 3973075.980381525121629, 1036011.155491621699184 ], [ 3973075.980381525121629, 1036048.580008970573545 ], [ 3973075.980381525121629, 1036086.004526319447905 ], [ 3973075.980381525121629, 1036123.429043668322265 ], [ 3973075.980381525121629, 1036160.853561017196625 ], [ 3973075.980381525121629, 1036198.278078366070986 ], [ 3973075.980381525121629, 1036235.702595714945346 ], [ 3973075.980381525121629, 1036273.127113063819706 ], [ 3973075.980381525121629, 1036310.551630412694067 ], [ 3973075.980381525121629, 1036347.976147761568427 ], [ 3973075.980381525121629, 1036385.400665110442787 ], [ 3973075.980381525121629, 1036422.825182459317148 ], [ 3973075.980381525121629, 1036460.249699808191508 ], [ 3973075.980381525121629, 1036497.674217157065868 ], [ 3973075.980381525121629, 1036535.098734505940229 ], [ 3973075.980381525121629, 1036572.523251854814589 ], [ 3973075.980381525121629, 1036609.947769203688949 ], [ 3973075.980381525121629, 1036647.37228655256331 ], [ 3973075.980381525121629, 1036684.79680390143767 ], [ 3973075.980381525121629, 1036722.22132125031203 ], [ 3973075.980381525121629, 1036759.645838599186391 ], [ 3973075.980381525121629, 1036797.070355948060751 ], [ 3973075.980381525121629, 1036834.494873296935111 ], [ 3973075.980381525121629, 1036871.919390645809472 ], [ 3973075.980381525121629, 1036909.343907994683832 ], [ 3973075.980381525121629, 1036946.768425343558192 ], [ 3973102.443511525169015, 1036973.231555343605578 ], [ 3973139.868028874043375, 1036973.231555343605578 ], [ 3973177.292546222917736, 1036973.231555343605578 ], [ 3973214.717063571792096, 1036973.231555343605578 ], [ 3973214.717063571792096, 1037010.656072692479938 ], [ 3973214.717063571792096, 1037048.080590041354299 ], [ 3973214.717063571792096, 1037085.505107390228659 ], [ 3973214.717063571792096, 1037122.929624739103019 ], [ 3973214.717063571792096, 1037160.35414208797738 ], [ 3973214.717063571792096, 1037197.77865943685174 ], [ 3973214.717063571792096, 1037235.2031767857261 ], [ 3973214.717063571792096, 1037272.627694134600461 ], [ 3973214.717063571792096, 1037310.052211483474821 ], [ 3973214.717063571792096, 1037347.476728832349181 ], [ 3973214.717063571792096, 1037384.901246181223541 ], [ 3973214.717063571792096, 1037422.325763530097902 ], [ 3973214.717063571792096, 1037459.750280878972262 ], [ 3973214.717063571792096, 1037497.174798227846622 ], [ 3973214.717063571792096, 1037534.599315576720983 ], [ 3973214.717063571792096, 1037572.023832925595343 ], [ 3973214.717063571792096, 1037609.448350274469703 ], [ 3973214.717063571792096, 1037646.872867623344064 ], [ 3973214.717063571792096, 1037684.297384972218424 ], [ 3973214.717063571792096, 1037721.721902321092784 ], [ 3973214.717063571792096, 1037759.146419669967145 ], [ 3973214.717063571792096, 1037796.570937018841505 ], [ 3973252.141580920666456, 1037796.570937018841505 ], [ 3973289.566098269540817, 1037796.570937018841505 ], [ 3973326.990615618415177, 1037796.570937018841505 ], [ 3973364.415132967289537, 1037796.570937018841505 ], [ 3973390.878262967336923, 1037823.034067018888891 ], [ 3973390.878262967336923, 1037860.458584367763251 ], [ 3973390.878262967336923, 1037897.883101716637611 ], [ 3973390.878262967336923, 1037935.307619065511972 ], [ 3973390.878262967336923, 1037972.732136414386332 ], [ 3973390.878262967336923, 1038010.156653763260692 ], [ 3973390.878262967336923, 1038047.581171112135053 ], [ 3973390.878262967336923, 1038085.005688461009413 ], [ 3973390.878262967336923, 1038122.430205809883773 ], [ 3973390.878262967336923, 1038159.854723158758134 ], [ 3973390.878262967336923, 1038197.279240507632494 ], [ 3973390.878262967336923, 1038234.703757856506854 ], [ 3973390.878262967336923, 1038272.128275205381215 ], [ 3973390.878262967336923, 1038309.552792554255575 ], [ 3973390.878262967336923, 1038346.977309903129935 ], [ 3973390.878262967336923, 1038384.401827252004296 ], [ 3973390.878262967336923, 1038421.826344600878656 ], [ 3973390.878262967336923, 1038459.250861949753016 ], [ 3973390.878262967336923, 1038496.675379298627377 ], [ 3973390.878262967336923, 1038534.099896647501737 ], [ 3973390.878262967336923, 1038571.524413996376097 ], [ 3973390.878262967336923, 1038608.948931345250458 ], [ 3973390.878262967336923, 1038646.373448694124818 ], [ 3973390.878262967336923, 1038683.797966042999178 ], [ 3973390.878262967336923, 1038721.222483391873538 ], [ 3973390.878262967336923, 1038758.647000740747899 ], [ 3973390.878262967336923, 1038796.071518089622259 ], [ 3973428.302780316211283, 1038796.071518089622259 ], [ 3973465.727297665085644, 1038796.071518089622259 ], [ 3973503.151815013960004, 1038796.071518089622259 ], [ 3973540.576332362834364, 1038796.071518089622259 ], [ 3973567.03946236288175, 1038822.534648089669645 ], [ 3973567.03946236288175, 1038859.959165438544005 ], [ 3973567.03946236288175, 1038897.383682787418365 ], [ 3973567.03946236288175, 1038934.808200136292726 ], [ 3973567.03946236288175, 1038972.232717485167086 ], [ 3973567.03946236288175, 1039009.657234834041446 ], [ 3973567.03946236288175, 1039047.081752182915807 ], [ 3973567.03946236288175, 1039084.506269531790167 ], [ 3973567.03946236288175, 1039121.930786880664527 ], [ 3973604.46397971175611, 1039121.930786880664527 ], [ 3973641.888497060630471, 1039121.930786880664527 ], [ 3973679.313014409504831, 1039121.930786880664527 ], [ 3973716.737531758379191, 1039121.930786880664527 ], [ 3973716.737531758379191, 1039159.355304229538888 ], [ 3973716.737531758379191, 1039196.779821578413248 ], [ 3973716.737531758379191, 1039234.204338927287608 ], [ 3973716.737531758379191, 1039271.628856276161969 ], [ 3973754.162049107253551, 1039271.628856276161969 ], [ 3973791.586566456127912, 1039271.628856276161969 ], [ 3973829.011083805002272, 1039271.628856276161969 ], [ 3973866.435601153876632, 1039271.628856276161969 ], [ 3973892.898731153924018, 1039298.091986276209354 ], [ 3973892.898731153924018, 1039335.516503625083715 ], [ 3973892.898731153924018, 1039372.941020973958075 ], [ 3973892.898731153924018, 1039410.365538322832435 ], [ 3973892.898731153924018, 1039447.790055671706796 ], [ 3973892.898731153924018, 1039485.214573020581156 ], [ 3973892.898731153924018, 1039522.639090369455516 ], [ 3973892.898731153924018, 1039560.063607718329877 ], [ 3973892.898731153924018, 1039597.488125067204237 ], [ 3973919.361861153971404, 1039623.951255067251623 ], [ 3973956.786378502845764, 1039623.951255067251623 ], [ 3973994.210895851720124, 1039623.951255067251623 ], [ 3974031.635413200594485, 1039623.951255067251623 ], [ 3974058.09854320064187, 1039650.414385067299008 ], [ 3974058.09854320064187, 1039687.838902416173369 ], [ 3974058.09854320064187, 1039725.263419765047729 ], [ 3974058.09854320064187, 1039762.687937113922089 ], [ 3974058.09854320064187, 1039800.11245446279645 ], [ 3974058.09854320064187, 1039837.53697181167081 ], [ 3974058.09854320064187, 1039874.96148916054517 ], [ 3974058.09854320064187, 1039912.386006509419531 ], [ 3974058.09854320064187, 1039949.810523858293891 ], [ 3974095.523060549516231, 1039949.810523858293891 ], [ 3974132.947577898390591, 1039949.810523858293891 ], [ 3974170.372095247264951, 1039949.810523858293891 ], [ 3974207.796612596139312, 1039949.810523858293891 ], [ 3974234.259742596186697, 1039976.273653858341277 ], [ 3974234.259742596186697, 1040013.698171207215637 ], [ 3974234.259742596186697, 1040051.122688556089997 ], [ 3974234.259742596186697, 1040088.547205904964358 ], [ 3974234.259742596186697, 1040125.971723253838718 ], [ 3974234.259742596186697, 1040163.396240602713078 ], [ 3974234.259742596186697, 1040200.820757951587439 ], [ 3974234.259742596186697, 1040238.245275300461799 ], [ 3974234.259742596186697, 1040275.669792649336159 ], [ 3974271.684259945061058, 1040275.669792649336159 ], [ 3974309.108777293935418, 1040275.669792649336159 ], [ 3974346.533294642809778, 1040275.669792649336159 ], [ 3974383.957811991684139, 1040275.669792649336159 ], [ 3974383.957811991684139, 1040313.09430999821052 ], [ 3974383.957811991684139, 1040350.51882734708488 ], [ 3974383.957811991684139, 1040387.94334469595924 ], [ 3974383.957811991684139, 1040425.367862044833601 ], [ 3974383.957811991684139, 1040462.792379393707961 ], [ 3974383.957811991684139, 1040500.216896742582321 ], [ 3974383.957811991684139, 1040537.641414091456681 ], [ 3974383.957811991684139, 1040575.065931440331042 ], [ 3974383.957811991684139, 1040612.490448789205402 ], [ 3974421.382329340558499, 1040612.490448789205402 ], [ 3974458.806846689432859, 1040612.490448789205402 ], [ 3974496.23136403830722, 1040612.490448789205402 ], [ 3974533.65588138718158, 1040612.490448789205402 ], [ 3974560.119011387228966, 1040638.953578789252788 ], [ 3974560.119011387228966, 1040676.378096138127148 ], [ 3974560.119011387228966, 1040713.802613487001508 ], [ 3974560.119011387228966, 1040751.227130835875869 ], [ 3974586.582141387276351, 1040777.690260835923254 ], [ 3974624.006658736150712, 1040777.690260835923254 ], [ 3974661.431176085025072, 1040777.690260835923254 ], [ 3974698.855693433899432, 1040777.690260835923254 ], [ 3974698.855693433899432, 1040815.114778184797615 ], [ 3974698.855693433899432, 1040852.539295533671975 ], [ 3974698.855693433899432, 1040889.963812882546335 ], [ 3974698.855693433899432, 1040927.388330231420696 ], [ 3974736.280210782773793, 1040927.388330231420696 ], [ 3974773.704728131648153, 1040927.388330231420696 ], [ 3974811.129245480522513, 1040927.388330231420696 ], [ 3974848.553762829396874, 1040927.388330231420696 ], [ 3974875.016892829444259, 1040953.851460231468081 ], [ 3974875.016892829444259, 1040991.275977580342442 ], [ 3974875.016892829444259, 1041028.700494929216802 ], [ 3974875.016892829444259, 1041066.125012278091162 ], [ 3974875.016892829444259, 1041103.549529626965523 ], [ 3974912.44141017831862, 1041103.549529626965523 ], [ 3974949.86592752719298, 1041103.549529626965523 ], [ 3974987.29044487606734, 1041103.549529626965523 ], [ 3975024.714962224941701, 1041103.549529626965523 ], [ 3975051.178092224989086, 1041130.012659627012908 ], [ 3975051.178092224989086, 1041167.437176975887269 ], [ 3975051.178092224989086, 1041204.861694324761629 ], [ 3975051.178092224989086, 1041242.286211673635989 ], [ 3975077.641222225036472, 1041268.749341673683375 ], [ 3975115.065739573910832, 1041268.749341673683375 ], [ 3975152.490256922785193, 1041268.749341673683375 ], [ 3975189.914774271659553, 1041268.749341673683375 ], [ 3975216.377904271706939, 1041295.212471673730761 ], [ 3975216.377904271706939, 1041332.636989022605121 ], [ 3975216.377904271706939, 1041370.061506371479481 ], [ 3975216.377904271706939, 1041407.486023720353842 ], [ 3975242.841034271754324, 1041433.949153720401227 ], [ 3975280.265551620628685, 1041433.949153720401227 ], [ 3975317.690068969503045, 1041433.949153720401227 ], [ 3975355.114586318377405, 1041433.949153720401227 ], [ 3975392.539103667251766, 1041433.949153720401227 ], [ 3975429.963621016126126, 1041433.949153720401227 ], [ 3975467.388138365000486, 1041433.949153720401227 ], [ 3975504.812655713874847, 1041433.949153720401227 ], [ 3975531.275785713922232, 1041460.412283720448613 ], [ 3975531.275785713922232, 1041497.836801069322973 ], [ 3975531.275785713922232, 1041535.261318418197334 ], [ 3975531.275785713922232, 1041572.685835767071694 ], [ 3975557.738915713969618, 1041599.14896576711908 ], [ 3975595.163433062843978, 1041599.14896576711908 ], [ 3975632.587950411718339, 1041599.14896576711908 ], [ 3975670.012467760592699, 1041599.14896576711908 ], [ 3975707.436985109467059, 1041599.14896576711908 ], [ 3975744.86150245834142, 1041599.14896576711908 ], [ 3975782.28601980721578, 1041599.14896576711908 ], [ 3975819.71053715609014, 1041599.14896576711908 ], [ 3975859.405232156161219, 1041638.843660767073743 ], [ 3975861.675409807823598, 1041678.538355767028406 ], [ 3975861.675409807823598, 1041715.962873115902767 ], [ 3975861.675409807823598, 1041753.387390464777127 ], [ 3975899.099927156697959, 1041753.387390464777127 ], [ 3975936.524444505572319, 1041753.387390464777127 ], [ 3975973.948961854446679, 1041753.387390464777127 ], [ 3976011.37347920332104, 1041753.387390464777127 ], [ 3976048.7979965521954, 1041753.387390464777127 ], [ 3976086.22251390106976, 1041753.387390464777127 ], [ 3976123.647031249944121, 1041753.387390464777127 ], [ 3976161.071548598818481, 1041753.387390464777127 ], [ 3976187.534678598865867, 1041779.850520464824513 ], [ 3976187.534678598865867, 1041817.275037813698873 ], [ 3976187.534678598865867, 1041854.699555162573233 ], [ 3976187.534678598865867, 1041892.124072511447594 ], [ 3976187.534678598865867, 1041929.548589860321954 ], [ 3976187.534678598865867, 1041966.973107209196314 ], [ 3976187.534678598865867, 1042004.397624558070675 ], [ 3976187.534678598865867, 1042041.822141906945035 ], [ 3976187.534678598865867, 1042079.246659255819395 ], [ 3976224.959195947740227, 1042079.246659255819395 ], [ 3976262.383713296614587, 1042079.246659255819395 ], [ 3976299.808230645488948, 1042079.246659255819395 ], [ 3976337.232747994363308, 1042079.246659255819395 ], [ 3976374.657265343237668, 1042079.246659255819395 ], [ 3976412.081782692112029, 1042079.246659255819395 ], [ 3976449.506300040986389, 1042079.246659255819395 ], [ 3976486.930817389860749, 1042079.246659255819395 ], [ 3976524.35533473873511, 1042079.246659255819395 ], [ 3976524.35533473873511, 1042116.671176604693756 ], [ 3976524.35533473873511, 1042154.095693953568116 ], [ 3976524.35533473873511, 1042191.520211302442476 ], [ 3976524.35533473873511, 1042228.944728651316836 ], [ 3976524.35533473873511, 1042266.369246000191197 ], [ 3976561.77985208760947, 1042266.369246000191197 ], [ 3976599.20436943648383, 1042266.369246000191197 ], [ 3976636.628886785358191, 1042266.369246000191197 ], [ 3976674.053404134232551, 1042266.369246000191197 ], [ 3976711.477921483106911, 1042266.369246000191197 ], [ 3976748.902438831981272, 1042266.369246000191197 ], [ 3976786.326956180855632, 1042266.369246000191197 ], [ 3976823.751473529729992, 1042266.369246000191197 ], [ 3976861.175990878604352, 1042266.369246000191197 ], [ 3976898.600508227478713, 1042266.369246000191197 ], [ 3976936.025025576353073, 1042266.369246000191197 ], [ 3976973.449542925227433, 1042266.369246000191197 ], [ 3976999.912672925274819, 1042292.832376000238582 ], [ 3976999.912672925274819, 1042330.256893349112943 ], [ 3976999.912672925274819, 1042367.681410697987303 ], [ 3976999.912672925274819, 1042405.105928046861663 ], [ 3977026.375802925322205, 1042431.569058046909049 ], [ 3977063.800320274196565, 1042431.569058046909049 ], [ 3977101.224837623070925, 1042431.569058046909049 ], [ 3977138.649354971945286, 1042431.569058046909049 ], [ 3977176.073872320819646, 1042431.569058046909049 ], [ 3977213.498389669694006, 1042431.569058046909049 ], [ 3977250.922907018568367, 1042431.569058046909049 ], [ 3977288.347424367442727, 1042431.569058046909049 ], [ 3977325.771941716317087, 1042431.569058046909049 ], [ 3977352.235071716364473, 1042458.032188046956435 ], [ 3977352.235071716364473, 1042495.456705395830795 ], [ 3977352.235071716364473, 1042532.881222744705155 ], [ 3977352.235071716364473, 1042570.305740093579516 ], [ 3977378.698201716411859, 1042596.768870093626902 ], [ 3977416.122719065286219, 1042596.768870093626902 ], [ 3977453.547236414160579, 1042596.768870093626902 ], [ 3977490.97175376303494, 1042596.768870093626902 ], [ 3977528.3962711119093, 1042596.768870093626902 ], [ 3977565.82078846078366, 1042596.768870093626902 ], [ 3977603.245305809658021, 1042596.768870093626902 ], [ 3977640.669823158532381, 1042596.768870093626902 ], [ 3977678.094340507406741, 1042596.768870093626902 ], [ 3977715.518857856281102, 1042596.768870093626902 ], [ 3977752.943375205155462, 1042596.768870093626902 ], [ 3977790.367892554029822, 1042596.768870093626902 ], [ 3977827.792409902904183, 1042596.768870093626902 ], [ 3977865.216927251778543, 1042596.768870093626902 ], [ 3977902.641444600652903, 1042596.768870093626902 ], [ 3977940.065961949527264, 1042596.768870093626902 ], [ 3977977.490479298401624, 1042596.768870093626902 ], [ 3977977.490479298401624, 1042634.193387442501262 ], [ 3977977.490479298401624, 1042671.617904791375622 ], [ 3977977.490479298401624, 1042709.042422140249982 ], [ 3977977.490479298401624, 1042746.466939489124343 ], [ 3978014.914996647275984, 1042746.466939489124343 ], [ 3978052.339513996150345, 1042746.466939489124343 ], [ 3978089.764031345024705, 1042746.466939489124343 ], [ 3978127.188548693899065, 1042746.466939489124343 ], [ 3978164.613066042773426, 1042746.466939489124343 ], [ 3978202.037583391647786, 1042746.466939489124343 ], [ 3978239.462100740522146, 1042746.466939489124343 ], [ 3978276.886618089396507, 1042746.466939489124343 ], [ 3978314.311135438270867, 1042746.466939489124343 ], [ 3978351.735652787145227, 1042746.466939489124343 ], [ 3978389.160170136019588, 1042746.466939489124343 ], [ 3978426.584687484893948, 1042746.466939489124343 ], [ 3978464.009204833768308, 1042746.466939489124343 ], [ 3978490.472334833815694, 1042772.930069489171728 ], [ 3978490.472334833815694, 1042810.354586838046089 ], [ 3978490.472334833815694, 1042847.779104186920449 ], [ 3978490.472334833815694, 1042885.203621535794809 ], [ 3978490.472334833815694, 1042922.62813888466917 ], [ 3978527.896852182690054, 1042922.62813888466917 ], [ 3978565.321369531564415, 1042922.62813888466917 ], [ 3978602.745886880438775, 1042922.62813888466917 ], [ 3978640.170404229313135, 1042922.62813888466917 ], [ 3978677.594921578187495, 1042922.62813888466917 ], [ 3978715.019438927061856, 1042922.62813888466917 ], [ 3978752.443956275936216, 1042922.62813888466917 ], [ 3978789.868473624810576, 1042922.62813888466917 ], [ 3978827.292990973684937, 1042922.62813888466917 ], [ 3978864.717508322559297, 1042922.62813888466917 ], [ 3978902.142025671433657, 1042922.62813888466917 ], [ 3978939.566543020308018, 1042922.62813888466917 ], [ 3978976.991060369182378, 1042922.62813888466917 ], [ 3979014.415577718056738, 1042922.62813888466917 ], [ 3979051.840095066931099, 1042922.62813888466917 ], [ 3979089.264612415805459, 1042922.62813888466917 ], [ 3979126.689129764679819, 1042922.62813888466917 ], [ 3979164.11364711355418, 1042922.62813888466917 ], [ 3979201.53816446242854, 1042922.62813888466917 ], [ 3979238.9626818113029, 1042922.62813888466917 ], [ 3979276.387199160177261, 1042922.62813888466917 ], [ 3979313.811716509051621, 1042922.62813888466917 ], [ 3979351.236233857925981, 1042922.62813888466917 ], [ 3979388.660751206800342, 1042922.62813888466917 ], [ 3979426.085268555674702, 1042922.62813888466917 ], [ 3979452.548398555722088, 1042896.165008884621784 ], [ 3979452.548398555722088, 1042858.740491535747424 ], [ 3979452.548398555722088, 1042821.315974186873063 ], [ 3979452.548398555722088, 1042783.891456837998703 ], [ 3979479.011528555769473, 1042757.428326837951317 ], [ 3979516.436045904643834, 1042757.428326837951317 ], [ 3979553.860563253518194, 1042757.428326837951317 ], [ 3979591.285080602392554, 1042757.428326837951317 ], [ 3979628.709597951266915, 1042757.428326837951317 ], [ 3979666.134115300141275, 1042757.428326837951317 ], [ 3979703.558632649015635, 1042757.428326837951317 ], [ 3979740.983149997889996, 1042757.428326837951317 ], [ 3979778.407667346764356, 1042757.428326837951317 ], [ 3979778.407667346764356, 1042720.003809489076957 ], [ 3979778.407667346764356, 1042682.579292140202597 ], [ 3979778.407667346764356, 1042645.154774791328236 ], [ 3979778.407667346764356, 1042607.730257442453876 ], [ 3979804.870797346811742, 1042581.26712744240649 ], [ 3979842.295314695686102, 1042581.26712744240649 ], [ 3979879.719832044560462, 1042581.26712744240649 ], [ 3979917.144349393434823, 1042581.26712744240649 ], [ 3979954.568866742309183, 1042581.26712744240649 ], [ 3979991.993384091183543, 1042581.26712744240649 ], [ 3980029.417901440057904, 1042581.26712744240649 ], [ 3980066.842418788932264, 1042581.26712744240649 ], [ 3980104.266936137806624, 1042581.26712744240649 ], [ 3980141.691453486680984, 1042581.26712744240649 ], [ 3980179.115970835555345, 1042581.26712744240649 ], [ 3980216.540488184429705, 1042581.26712744240649 ], [ 3980253.965005533304065, 1042581.26712744240649 ], [ 3980253.965005533304065, 1042543.84261009353213 ], [ 3980253.965005533304065, 1042506.41809274465777 ], [ 3980253.965005533304065, 1042468.993575395783409 ], [ 3980253.965005533304065, 1042431.569058046909049 ], [ 3980253.965005533304065, 1042394.144540698034689 ], [ 3980253.965005533304065, 1042356.720023349160329 ], [ 3980253.965005533304065, 1042319.295506000285968 ], [ 3980253.965005533304065, 1042281.870988651411608 ], [ 3980280.428135533351451, 1042255.407858651364222 ], [ 3980317.852652882225811, 1042255.407858651364222 ], [ 3980355.277170231100172, 1042255.407858651364222 ], [ 3980392.701687579974532, 1042255.407858651364222 ], [ 3980430.126204928848892, 1042255.407858651364222 ], [ 3980467.550722277723253, 1042255.407858651364222 ], [ 3980504.975239626597613, 1042255.407858651364222 ], [ 3980542.399756975471973, 1042255.407858651364222 ], [ 3980579.824274324346334, 1042255.407858651364222 ], [ 3980617.248791673220694, 1042255.407858651364222 ], [ 3980654.673309022095054, 1042255.407858651364222 ], [ 3980692.097826370969415, 1042255.407858651364222 ], [ 3980729.522343719843775, 1042255.407858651364222 ], [ 3980766.946861068718135, 1042255.407858651364222 ], [ 3980766.946861068718135, 1042217.983341302489862 ], [ 3980766.946861068718135, 1042180.558823953615502 ], [ 3980766.946861068718135, 1042143.134306604741141 ], [ 3980766.946861068718135, 1042105.709789255866781 ], [ 3980793.409991068765521, 1042079.246659255819395 ], [ 3980830.834508417639881, 1042079.246659255819395 ], [ 3980868.259025766514242, 1042079.246659255819395 ], [ 3980905.683543115388602, 1042079.246659255819395 ], [ 3980943.108060464262962, 1042079.246659255819395 ], [ 3980980.532577813137323, 1042079.246659255819395 ], [ 3981017.957095162011683, 1042079.246659255819395 ], [ 3981055.381612510886043, 1042079.246659255819395 ], [ 3981092.806129859760404, 1042079.246659255819395 ], [ 3981119.269259859807789, 1042052.783529255772009 ], [ 3981119.269259859807789, 1042015.359011906897649 ], [ 3981119.269259859807789, 1041977.934494558023289 ], [ 3981119.269259859807789, 1041940.509977209148929 ], [ 3981145.732389859855175, 1041914.046847209101543 ], [ 3981183.156907208729535, 1041914.046847209101543 ], [ 3981220.581424557603896, 1041914.046847209101543 ], [ 3981258.005941906478256, 1041914.046847209101543 ], [ 3981295.430459255352616, 1041914.046847209101543 ], [ 3981332.854976604226977, 1041914.046847209101543 ], [ 3981370.279493953101337, 1041914.046847209101543 ], [ 3981407.704011301975697, 1041914.046847209101543 ], [ 3981434.167141302023083, 1041887.583717209054157 ], [ 3981434.167141302023083, 1041850.159199860179797 ], [ 3981434.167141302023083, 1041812.734682511305436 ], [ 3981434.167141302023083, 1041775.310165162431076 ], [ 3981460.630271302070469, 1041748.84703516238369 ], [ 3981498.054788650944829, 1041748.84703516238369 ], [ 3981535.479305999819189, 1041748.84703516238369 ], [ 3981572.90382334869355, 1041748.84703516238369 ], [ 3981610.32834069756791, 1041748.84703516238369 ], [ 3981647.75285804644227, 1041748.84703516238369 ], [ 3981685.177375395316631, 1041748.84703516238369 ], [ 3981722.601892744190991, 1041748.84703516238369 ], [ 3981760.026410093065351, 1041748.84703516238369 ], [ 3981797.450927441939712, 1041748.84703516238369 ], [ 3981834.875444790814072, 1041748.84703516238369 ], [ 3981872.299962139688432, 1041748.84703516238369 ], [ 3981909.724479488562793, 1041748.84703516238369 ], [ 3981945.676722753793001, 1041788.541730162338354 ], [ 3981947.946900405455381, 1041828.236425162293017 ], [ 3981947.946900405455381, 1041865.660942511167377 ], [ 3981947.946900405455381, 1041903.085459860041738 ], [ 3981947.946900405455381, 1041940.509977208916098 ], [ 3981947.946900405455381, 1041977.934494557790458 ], [ 3981947.946900405455381, 1042015.359011906664819 ], [ 3981947.946900405455381, 1042052.783529255539179 ], [ 3981947.946900405455381, 1042090.208046604413539 ], [ 3981985.371417754329741, 1042090.208046604413539 ], [ 3982022.795935103204101, 1042090.208046604413539 ], [ 3982060.220452452078462, 1042090.208046604413539 ], [ 3982097.644969800952822, 1042090.208046604413539 ], [ 3982124.108099801000208, 1042116.671176604460925 ], [ 3982124.108099801000208, 1042154.095693953335285 ], [ 3982124.108099801000208, 1042191.520211302209646 ], [ 3982124.108099801000208, 1042228.944728651084006 ], [ 3982124.108099801000208, 1042266.369246 ], [ 3982161.532617149874568, 1042266.369246 ], [ 3982198.957134498748928, 1042266.369246 ], [ 3982236.381651847623289, 1042266.369246 ], [ 3982273.806169196497649, 1042266.369246 ], [ 3982311.230686545372009, 1042266.369246 ], [ 3982348.65520389424637, 1042266.369246 ], [ 3982386.07972124312073, 1042266.369246 ], [ 3982423.50423859199509, 1042266.369246 ], [ 3982423.50423859199509, 1042303.793763348832726 ], [ 3982423.50423859199509, 1042341.218280697707087 ], [ 3982423.50423859199509, 1042378.642798046581447 ], [ 3982423.50423859199509, 1042416.067315395455807 ], [ 3982423.50423859199509, 1042453.491832744330168 ], [ 3982423.50423859199509, 1042490.916350093204528 ], [ 3982423.50423859199509, 1042528.340867442078888 ], [ 3982423.50423859199509, 1042565.765384790953249 ], [ 3982449.967368592042476, 1042592.228514791000634 ], [ 3982487.391885940916836, 1042592.228514791000634 ], [ 3982524.816403289791197, 1042592.228514791000634 ], [ 3982562.240920638665557, 1042592.228514791000634 ], [ 3982588.704050638712943, 1042618.69164479104802 ], [ 3982588.704050638712943, 1042656.11616213992238 ], [ 3982588.704050638712943, 1042693.540679488796741 ], [ 3982588.704050638712943, 1042730.965196837671101 ], [ 3982615.167180638760328, 1042757.428326837718487 ], [ 3982652.591697987634689, 1042757.428326837718487 ], [ 3982690.016215336509049, 1042757.428326837718487 ], [ 3982727.440732685383409, 1042757.428326837718487 ], [ 3982764.86525003425777, 1042757.428326837718487 ], [ 3982791.328380034305155, 1042783.891456837765872 ], [ 3982791.328380034305155, 1042821.315974186640233 ], [ 3982791.328380034305155, 1042858.740491535514593 ], [ 3982791.328380034305155, 1042896.165008884388953 ], [ 3982817.791510034352541, 1042922.628138884436339 ], [ 3982855.216027383226901, 1042922.628138884436339 ], [ 3982892.640544732101262, 1042922.628138884436339 ], [ 3982930.065062080975622, 1042922.628138884436339 ], [ 3982967.489579429849982, 1042922.628138884436339 ], [ 3983004.914096778724343, 1042922.628138884436339 ], [ 3983042.338614127598703, 1042922.628138884436339 ], [ 3983079.763131476473063, 1042922.628138884436339 ], [ 3983106.226261476520449, 1042949.091268884483725 ], [ 3983106.226261476520449, 1042986.515786233358085 ], [ 3983106.226261476520449, 1043023.940303582232445 ], [ 3983106.226261476520449, 1043061.364820931106806 ], [ 3983132.689391476567835, 1043087.827950931154191 ], [ 3983170.113908825442195, 1043087.827950931154191 ], [ 3983207.538426174316555, 1043087.827950931154191 ], [ 3983244.962943523190916, 1043087.827950931154191 ], [ 3983244.962943523190916, 1043125.252468280028552 ], [ 3983244.962943523190916, 1043162.676985628902912 ], [ 3983244.962943523190916, 1043200.101502977777272 ], [ 3983244.962943523190916, 1043237.526020326651633 ], [ 3983282.387460872065276, 1043237.526020326651633 ], [ 3983319.811978220939636, 1043237.526020326651633 ], [ 3983357.236495569813997, 1043237.526020326651633 ], [ 3983394.661012918688357, 1043237.526020326651633 ], [ 3983432.085530267562717, 1043237.526020326651633 ], [ 3983432.085530267562717, 1043274.950537675525993 ], [ 3983432.085530267562717, 1043312.375055024400353 ], [ 3983432.085530267562717, 1043349.799572373274714 ], [ 3983432.085530267562717, 1043387.224089722149074 ], [ 3983432.085530267562717, 1043424.648607071023434 ], [ 3983469.510047616437078, 1043424.648607071023434 ], [ 3983506.934564965311438, 1043424.648607071023434 ], [ 3983544.359082314185798, 1043424.648607071023434 ], [ 3983581.783599663060158, 1043424.648607071023434 ], [ 3983619.208117011934519, 1043424.648607071023434 ], [ 3983656.632634360808879, 1043424.648607071023434 ], [ 3983694.057151709683239, 1043424.648607071023434 ], [ 3983731.4816690585576, 1043424.648607071023434 ], [ 3983757.944799058604985, 1043451.11173707107082 ], [ 3983757.944799058604985, 1043488.53625441994518 ], [ 3983757.944799058604985, 1043525.960771768819541 ], [ 3983757.944799058604985, 1043563.385289117693901 ], [ 3983784.407929058652371, 1043589.848419117741287 ], [ 3983821.832446407526731, 1043589.848419117741287 ], [ 3983859.256963756401092, 1043589.848419117741287 ], [ 3983896.681481105275452, 1043589.848419117741287 ], [ 3983923.144611105322838, 1043616.311549117788672 ], [ 3983923.144611105322838, 1043653.736066466663033 ], [ 3983923.144611105322838, 1043691.160583815537393 ], [ 3983923.144611105322838, 1043728.585101164411753 ], [ 3983949.607741105370224, 1043755.048231164459139 ], [ 3983987.032258454244584, 1043755.048231164459139 ], [ 3984024.456775803118944, 1043755.048231164459139 ], [ 3984061.881293151993304, 1043755.048231164459139 ], [ 3984061.881293151993304, 1043792.472748513333499 ], [ 3984061.881293151993304, 1043829.89726586220786 ], [ 3984061.881293151993304, 1043867.32178321108222 ], [ 3984061.881293151993304, 1043904.74630055995658 ], [ 3984099.305810500867665, 1043904.74630055995658 ], [ 3984136.730327849742025, 1043904.74630055995658 ], [ 3984174.154845198616385, 1043904.74630055995658 ], [ 3984211.579362547490746, 1043904.74630055995658 ], [ 3984249.003879896365106, 1043904.74630055995658 ], [ 3984286.428397245239466, 1043904.74630055995658 ], [ 3984323.852914594113827, 1043904.74630055995658 ], [ 3984361.277431942988187, 1043904.74630055995658 ], [ 3984398.701949291862547, 1043904.74630055995658 ], [ 3984408.457030413206667, 1043944.440995559911244 ], [ 3984406.984756330028176, 1043984.135690559865907 ], [ 3984406.984756330028176, 1044021.560207908740267 ], [ 3984406.984756330028176, 1044058.984725257614627 ], [ 3984406.984756330028176, 1044096.409242606488988 ], [ 3984406.984756330028176, 1044133.833759955363348 ], [ 3984406.984756330028176, 1044171.258277304237708 ], [ 3984406.984756330028176, 1044208.682794653112069 ], [ 3984406.984756330028176, 1044246.107312001986429 ], [ 3984406.984756330028176, 1044283.531829350860789 ], [ 3984406.984756330028176, 1044320.95634669973515 ], [ 3984406.984756330028176, 1044358.38086404860951 ], [ 3984406.984756330028176, 1044395.80538139748387 ], [ 3984380.521626329980791, 1044422.268511397531256 ], [ 3984343.09710898110643, 1044422.268511397531256 ], [ 3984305.67259163223207, 1044422.268511397531256 ], [ 3984268.24807428335771, 1044422.268511397531256 ], [ 3984268.24807428335771, 1044459.693028746405616 ], [ 3984268.24807428335771, 1044497.117546095279977 ], [ 3984268.24807428335771, 1044534.542063444154337 ], [ 3984268.24807428335771, 1044571.966580793028697 ], [ 3984241.784944283310324, 1044598.429710793076083 ], [ 3984204.360426934435964, 1044598.429710793076083 ], [ 3984166.935909585561603, 1044598.429710793076083 ], [ 3984129.511392236687243, 1044598.429710793076083 ], [ 3984092.086874887812883, 1044598.429710793076083 ], [ 3984065.623744887765497, 1044624.892840793123469 ], [ 3984065.623744887765497, 1044662.317358141997829 ], [ 3984065.623744887765497, 1044699.741875490872189 ], [ 3984065.623744887765497, 1044737.16639283974655 ], [ 3984039.160614887718111, 1044763.629522839793935 ], [ 3984001.736097538843751, 1044763.629522839793935 ], [ 3983964.311580189969391, 1044763.629522839793935 ], [ 3983926.88706284109503, 1044763.629522839793935 ], [ 3983926.88706284109503, 1044801.054040188668296 ], [ 3983926.88706284109503, 1044838.478557537542656 ], [ 3983926.88706284109503, 1044875.903074886417016 ], [ 3983926.88706284109503, 1044913.327592235291377 ], [ 3983900.423932841047645, 1044939.790722235338762 ], [ 3983862.999415492173284, 1044939.790722235338762 ], [ 3983825.574898143298924, 1044939.790722235338762 ], [ 3983788.150380794424564, 1044939.790722235338762 ], [ 3983750.725863445550203, 1044939.790722235338762 ], [ 3983750.725863445550203, 1044977.215239584213123 ], [ 3983750.725863445550203, 1045014.639756933087483 ], [ 3983750.725863445550203, 1045052.064274281961843 ], [ 3983750.725863445550203, 1045089.488791630836204 ], [ 3983750.725863445550203, 1045126.913308979710564 ], [ 3983750.725863445550203, 1045164.337826328584924 ], [ 3983750.725863445550203, 1045201.762343677459285 ], [ 3983750.725863445550203, 1045239.186861026333645 ], [ 3983750.725863445550203, 1045276.611378375208005 ], [ 3983750.725863445550203, 1045314.035895724082366 ], [ 3983750.725863445550203, 1045351.460413072956726 ], [ 3983750.725863445550203, 1045388.884930421831086 ], [ 3983750.725863445550203, 1045426.309447770705447 ], [ 3983750.725863445550203, 1045463.733965119579807 ], [ 3983750.725863445550203, 1045501.158482468454167 ], [ 3983750.725863445550203, 1045538.582999817328528 ], [ 3983750.725863445550203, 1045576.007517166202888 ], [ 3983750.725863445550203, 1045613.432034515077248 ], [ 3983750.725863445550203, 1045650.856551863951609 ], [ 3983750.725863445550203, 1045688.281069212825969 ], [ 3983750.725863445550203, 1045725.705586561700329 ], [ 3983750.725863445550203, 1045763.13010391057469 ], [ 3983750.725863445550203, 1045800.55462125944905 ], [ 3983750.725863445550203, 1045837.97913860832341 ], [ 3983750.725863445550203, 1045875.40365595719777 ], [ 3983750.725863445550203, 1045912.828173306072131 ], [ 3983750.725863445550203, 1045950.252690654946491 ], [ 3983750.725863445550203, 1045987.677208003820851 ], [ 3983750.725863445550203, 1046025.101725352695212 ], [ 3983750.725863445550203, 1046062.526242701569572 ], [ 3983750.725863445550203, 1046099.950760050443932 ], [ 3983750.725863445550203, 1046137.375277399318293 ], [ 3983750.725863445550203, 1046174.799794748192653 ], [ 3983750.725863445550203, 1046212.224312097067013 ], [ 3983750.725863445550203, 1046249.648829445941374 ], [ 3983713.301346096675843, 1046249.648829445941374 ], [ 3983675.876828747801483, 1046249.648829445941374 ], [ 3983638.452311398927122, 1046249.648829445941374 ], [ 3983601.027794050052762, 1046249.648829445941374 ], [ 3983601.027794050052762, 1046287.073346794815734 ], [ 3983601.027794050052762, 1046324.497864143690094 ], [ 3983601.027794050052762, 1046361.922381492564455 ], [ 3983601.027794050052762, 1046399.346898841438815 ], [ 3983601.027794050052762, 1046436.771416190313175 ], [ 3983601.027794050052762, 1046474.195933539187536 ], [ 3983601.027794050052762, 1046511.620450888061896 ], [ 3983601.027794050052762, 1046549.044968236936256 ], [ 3983601.027794050052762, 1046586.469485585810617 ], [ 3983601.027794050052762, 1046623.894002934684977 ], [ 3983601.027794050052762, 1046661.318520283559337 ], [ 3983601.027794050052762, 1046698.743037632433698 ], [ 3983601.027794050052762, 1046736.167554981308058 ], [ 3983601.027794050052762, 1046773.592072330182418 ], [ 3983601.027794050052762, 1046811.016589679056779 ], [ 3983601.027794050052762, 1046848.441107027931139 ], [ 3983601.027794050052762, 1046885.865624376805499 ], [ 3983601.027794050052762, 1046923.29014172567986 ], [ 3983601.027794050052762, 1046960.71465907455422 ], [ 3983601.027794050052762, 1046998.13917642342858 ], [ 3983601.027794050052762, 1047035.56369377230294 ], [ 3983601.027794050052762, 1047072.988211121177301 ], [ 3983601.027794050052762, 1047110.412728470051661 ], [ 3983601.027794050052762, 1047147.837245818926021 ], [ 3983601.027794050052762, 1047185.261763167800382 ], [ 3983601.027794050052762, 1047222.686280516674742 ], [ 3983601.027794050052762, 1047260.110797865549102 ], [ 3983601.027794050052762, 1047297.535315214423463 ], [ 3983601.027794050052762, 1047334.959832563297823 ], [ 3983601.027794050052762, 1047372.384349912172183 ], [ 3983601.027794050052762, 1047409.808867261046544 ], [ 3983601.027794050052762, 1047447.233384609920904 ], [ 3983601.027794050052762, 1047484.657901958795264 ], [ 3983601.027794050052762, 1047522.082419307669625 ], [ 3983601.027794050052762, 1047559.506936656543985 ], [ 3983601.027794050052762, 1047596.931454005418345 ], [ 3983601.027794050052762, 1047634.355971354292706 ], [ 3983601.027794050052762, 1047671.780488703167066 ], [ 3983601.027794050052762, 1047709.205006052041426 ], [ 3983638.452311398927122, 1047709.205006052041426 ], [ 3983675.876828747801483, 1047709.205006052041426 ], [ 3983713.301346096675843, 1047709.205006052041426 ], [ 3983750.725863445550203, 1047709.205006052041426 ], [ 3983750.725863445550203, 1047746.629523400915787 ], [ 3983750.725863445550203, 1047784.054040749790147 ], [ 3983750.725863445550203, 1047821.478558098664507 ], [ 3983750.725863445550203, 1047858.903075447538868 ], [ 3983750.725863445550203, 1047896.327592796413228 ], [ 3983750.725863445550203, 1047933.752110145287588 ], [ 3983750.725863445550203, 1047971.176627494161949 ], [ 3983750.725863445550203, 1048008.601144843036309 ], [ 3983750.725863445550203, 1048046.025662191910669 ], [ 3983750.725863445550203, 1048083.45017954078503 ], [ 3983750.725863445550203, 1048120.87469688965939 ], [ 3983750.725863445550203, 1048158.29921423853375 ], [ 3983750.725863445550203, 1048195.72373158740811 ], [ 3983777.188993445597589, 1048222.186861587455496 ], [ 3983814.613510794471949, 1048222.186861587455496 ], [ 3983852.03802814334631, 1048222.186861587455496 ], [ 3983889.46254549222067, 1048222.186861587455496 ], [ 3983915.925675492268056, 1048248.649991587502882 ], [ 3983915.925675492268056, 1048286.074508936377242 ], [ 3983915.925675492268056, 1048323.499026285251603 ], [ 3983915.925675492268056, 1048360.923543634125963 ], [ 3983915.925675492268056, 1048398.348060983000323 ], [ 3983915.925675492268056, 1048435.772578331874683 ], [ 3983915.925675492268056, 1048473.197095680749044 ], [ 3983915.925675492268056, 1048510.621613029623404 ], [ 3983915.925675492268056, 1048548.046130378497764 ], [ 3983953.350192841142416, 1048548.046130378497764 ], [ 3983990.774710190016776, 1048548.046130378497764 ], [ 3984028.199227538891137, 1048548.046130378497764 ], [ 3984065.623744887765497, 1048548.046130378497764 ], [ 3984065.623744887765497, 1048585.470647727372125 ], [ 3984065.623744887765497, 1048622.895165076246485 ], [ 3984065.623744887765497, 1048660.319682425120845 ], [ 3984065.623744887765497, 1048697.744199773995206 ], [ 3984065.623744887765497, 1048735.168717122869566 ], [ 3984065.623744887765497, 1048772.593234471743926 ], [ 3984065.623744887765497, 1048810.017751820618287 ], [ 3984065.623744887765497, 1048847.442269169492647 ], [ 3984065.623744887765497, 1048884.866786518367007 ], [ 3984103.048262236639857, 1048884.866786518367007 ], [ 3984140.472779585514218, 1048884.866786518367007 ], [ 3984177.897296934388578, 1048884.866786518367007 ], [ 3984215.321814283262938, 1048884.866786518367007 ], [ 3984252.746331632137299, 1048884.866786518367007 ], [ 3984252.746331632137299, 1048922.291303867241368 ], [ 3984252.746331632137299, 1048959.715821216115728 ], [ 3984252.746331632137299, 1048997.140338564990088 ], [ 3984252.746331632137299, 1049034.564855913864449 ], [ 3984252.746331632137299, 1049071.989373262738809 ], [ 3984252.746331632137299, 1049109.413890611613169 ], [ 3984252.746331632137299, 1049146.83840796048753 ], [ 3984252.746331632137299, 1049184.26292530936189 ], [ 3984252.746331632137299, 1049221.68744265823625 ], [ 3984252.746331632137299, 1049259.111960007110611 ], [ 3984252.746331632137299, 1049296.536477355984971 ], [ 3984252.746331632137299, 1049333.960994704859331 ], [ 3984252.746331632137299, 1049371.385512053733692 ], [ 3984252.746331632137299, 1049408.810029402608052 ], [ 3984252.746331632137299, 1049446.234546751482412 ], [ 3984252.746331632137299, 1049483.659064100356773 ], [ 3984252.746331632137299, 1049521.083581449231133 ], [ 3984252.746331632137299, 1049558.508098798105493 ], [ 3984252.746331632137299, 1049595.932616146979854 ], [ 3984252.746331632137299, 1049633.357133495854214 ], [ 3984252.746331632137299, 1049670.781650844728574 ], [ 3984252.746331632137299, 1049708.206168193602934 ], [ 3984252.746331632137299, 1049745.630685542477295 ], [ 3984252.746331632137299, 1049783.055202891351655 ], [ 3984252.746331632137299, 1049820.479720240226015 ], [ 3984252.746331632137299, 1049857.904237589100376 ], [ 3984226.283201632089913, 1049884.367367589147761 ], [ 3984188.858684283215553, 1049884.367367589147761 ], [ 3984151.434166934341192, 1049884.367367589147761 ], [ 3984114.009649585466832, 1049884.367367589147761 ], [ 3984076.585132236592472, 1049884.367367589147761 ], [ 3984076.585132236592472, 1049921.791884938022122 ], [ 3984076.585132236592472, 1049959.216402286896482 ], [ 3984076.585132236592472, 1049996.640919635770842 ], [ 3984076.585132236592472, 1050034.065436984645203 ], [ 3984076.585132236592472, 1050071.489954333519563 ], [ 3984076.585132236592472, 1050108.914471682393923 ], [ 3984076.585132236592472, 1050146.338989031268284 ], [ 3984076.585132236592472, 1050183.763506380142644 ], [ 3984076.585132236592472, 1050221.188023729017004 ], [ 3984076.585132236592472, 1050258.612541077891365 ], [ 3984076.585132236592472, 1050296.037058426765725 ], [ 3984076.585132236592472, 1050333.461575775640085 ], [ 3984076.585132236592472, 1050370.886093124514446 ], [ 3984076.585132236592472, 1050408.310610473388806 ], [ 3984076.585132236592472, 1050445.735127822263166 ], [ 3984076.585132236592472, 1050483.159645171137527 ], [ 3984076.585132236592472, 1050520.584162520011887 ], [ 3984076.585132236592472, 1050558.008679868886247 ], [ 3984076.585132236592472, 1050595.433197217760608 ], [ 3984076.585132236592472, 1050632.857714566634968 ], [ 3984076.585132236592472, 1050670.282231915509328 ], [ 3984076.585132236592472, 1050707.706749264383689 ], [ 3984076.585132236592472, 1050745.131266613258049 ], [ 3984076.585132236592472, 1050782.555783962132409 ], [ 3984076.585132236592472, 1050819.98030131100677 ], [ 3984076.585132236592472, 1050857.40481865988113 ], [ 3984076.585132236592472, 1050894.82933600875549 ], [ 3984076.585132236592472, 1050932.253853357629851 ], [ 3984076.585132236592472, 1050969.678370706504211 ], [ 3984076.585132236592472, 1051007.102888055378571 ], [ 3984076.585132236592472, 1051044.527405404252931 ], [ 3984076.585132236592472, 1051081.951922753127292 ], [ 3984076.585132236592472, 1051119.376440102001652 ], [ 3984076.585132236592472, 1051156.800957450876012 ], [ 3984076.585132236592472, 1051194.225474799750373 ], [ 3984076.585132236592472, 1051231.649992148624733 ], [ 3984076.585132236592472, 1051269.074509497499093 ], [ 3984076.585132236592472, 1051306.499026846373454 ], [ 3984076.585132236592472, 1051343.923544195247814 ], [ 3984050.122002236545086, 1051370.3866741952952 ], [ 3984012.697484887670726, 1051370.3866741952952 ], [ 3983975.272967538796365, 1051370.3866741952952 ], [ 3983937.848450189922005, 1051370.3866741952952 ], [ 3983911.385320189874619, 1051396.849804195342585 ], [ 3983911.385320189874619, 1051434.274321544216946 ], [ 3983911.385320189874619, 1051471.698838893091306 ], [ 3983911.385320189874619, 1051509.123356241965666 ], [ 3983911.385320189874619, 1051546.547873590840027 ], [ 3983911.385320189874619, 1051583.972390939714387 ], [ 3983911.385320189874619, 1051621.396908288588747 ], [ 3983911.385320189874619, 1051658.821425637463108 ], [ 3983911.385320189874619, 1051696.245942986337468 ], [ 3983911.385320189874619, 1051733.670460335211828 ], [ 3983911.385320189874619, 1051771.094977684086189 ], [ 3983911.385320189874619, 1051808.519495032960549 ], [ 3983911.385320189874619, 1051845.944012381834909 ], [ 3983911.385320189874619, 1051883.36852973070927 ], [ 3983911.385320189874619, 1051920.79304707958363 ], [ 3983911.385320189874619, 1051958.21756442845799 ], [ 3983911.385320189874619, 1051995.642081777332351 ], [ 3983911.385320189874619, 1052033.066599126206711 ], [ 3983911.385320189874619, 1052070.491116475081071 ], [ 3983911.385320189874619, 1052107.915633823955432 ], [ 3983911.385320189874619, 1052145.340151172829792 ], [ 3983911.385320189874619, 1052182.764668521704152 ], [ 3983911.385320189874619, 1052220.189185870578513 ], [ 3983911.385320189874619, 1052257.613703219452873 ], [ 3983911.385320189874619, 1052295.038220568327233 ], [ 3983911.385320189874619, 1052332.462737917201594 ], [ 3983911.385320189874619, 1052369.887255266075954 ], [ 3983873.960802841000259, 1052369.887255266075954 ], [ 3983836.536285492125899, 1052369.887255266075954 ], [ 3983799.111768143251538, 1052369.887255266075954 ], [ 3983761.687250794377178, 1052369.887255266075954 ], [ 3983761.687250794377178, 1052407.311772614950314 ], [ 3983761.687250794377178, 1052444.736289963824674 ], [ 3983761.687250794377178, 1052482.160807312699035 ], [ 3983761.687250794377178, 1052519.585324661573395 ], [ 3983761.687250794377178, 1052557.009842010447755 ], [ 3983761.687250794377178, 1052594.434359359322116 ], [ 3983761.687250794377178, 1052631.858876708196476 ], [ 3983761.687250794377178, 1052669.283394057070836 ], [ 3983761.687250794377178, 1052706.707911405945197 ], [ 3983761.687250794377178, 1052744.132428754819557 ], [ 3983761.687250794377178, 1052781.556946103693917 ], [ 3983761.687250794377178, 1052818.981463452568278 ], [ 3983761.687250794377178, 1052856.405980801442638 ], [ 3983761.687250794377178, 1052893.830498150316998 ], [ 3983761.687250794377178, 1052931.255015499191359 ], [ 3983761.687250794377178, 1052968.679532848065719 ], [ 3983761.687250794377178, 1053006.104050196940079 ], [ 3983761.687250794377178, 1053043.52856754581444 ], [ 3983761.687250794377178, 1053080.9530848946888 ], [ 3983761.687250794377178, 1053118.37760224356316 ], [ 3983761.687250794377178, 1053155.802119592437521 ], [ 3983761.687250794377178, 1053193.226636941311881 ], [ 3983761.687250794377178, 1053230.651154290186241 ], [ 3983761.687250794377178, 1053268.075671639060602 ], [ 3983761.687250794377178, 1053305.500188987934962 ], [ 3983761.687250794377178, 1053342.924706336809322 ], [ 3983761.687250794377178, 1053380.349223685683683 ], [ 3983761.687250794377178, 1053417.773741034558043 ], [ 3983761.687250794377178, 1053455.198258383432403 ], [ 3983761.687250794377178, 1053492.622775732306764 ], [ 3983761.687250794377178, 1053530.047293081181124 ], [ 3983761.687250794377178, 1053567.471810430055484 ], [ 3983761.687250794377178, 1053604.896327778929844 ], [ 3983761.687250794377178, 1053642.320845127804205 ], [ 3983761.687250794377178, 1053679.745362476678565 ], [ 3983761.687250794377178, 1053717.169879825552925 ], [ 3983761.687250794377178, 1053754.594397174427286 ], [ 3983761.687250794377178, 1053792.018914523301646 ], [ 3983761.687250794377178, 1053829.443431872176006 ], [ 3983761.687250794377178, 1053866.867949221050367 ], [ 3983761.687250794377178, 1053904.292466569924727 ], [ 3983761.687250794377178, 1053941.716983918799087 ], [ 3983761.687250794377178, 1053979.141501267673448 ], [ 3983761.687250794377178, 1054016.566018616547808 ], [ 3983761.687250794377178, 1054053.990535965422168 ], [ 3983761.687250794377178, 1054091.415053314296529 ], [ 3983761.687250794377178, 1054128.839570663170889 ], [ 3983761.687250794377178, 1054166.264088012045249 ], [ 3983799.111768143251538, 1054166.264088012045249 ], [ 3983836.536285492125899, 1054166.264088012045249 ], [ 3983873.960802841000259, 1054166.264088012045249 ], [ 3983911.385320189874619, 1054166.264088012045249 ], [ 3983911.385320189874619, 1054203.68860536091961 ], [ 3983911.385320189874619, 1054241.11312270979397 ], [ 3983911.385320189874619, 1054278.53764005866833 ], [ 3983911.385320189874619, 1054315.962157407542691 ], [ 3983911.385320189874619, 1054353.386674756417051 ], [ 3983911.385320189874619, 1054390.811192105291411 ], [ 3983911.385320189874619, 1054428.235709454165772 ], [ 3983911.385320189874619, 1054465.660226803040132 ], [ 3983911.385320189874619, 1054503.084744151914492 ], [ 3983948.80983753874898, 1054503.084744151914492 ], [ 3983986.23435488762334, 1054503.084744151914492 ], [ 3984023.6588722364977, 1054503.084744151914492 ], [ 3984061.083389585372061, 1054503.084744151914492 ], [ 3984087.546519585419446, 1054529.547874151961878 ], [ 3984087.546519585419446, 1054566.972391500836238 ], [ 3984087.546519585419446, 1054604.396908849710599 ], [ 3984087.546519585419446, 1054641.821426198584959 ], [ 3984087.546519585419446, 1054679.245943547459319 ], [ 3984087.546519585419446, 1054716.67046089633368 ], [ 3984087.546519585419446, 1054754.09497824520804 ], [ 3984087.546519585419446, 1054791.5194955940824 ], [ 3984087.546519585419446, 1054828.944012942956761 ], [ 3984087.546519585419446, 1054866.368530291831121 ], [ 3984087.546519585419446, 1054903.793047640705481 ], [ 3984087.546519585419446, 1054941.217564989579841 ], [ 3984087.546519585419446, 1054978.642082338454202 ], [ 3984087.546519585419446, 1055016.066599687328562 ], [ 3984087.546519585419446, 1055053.491117036202922 ], [ 3984087.546519585419446, 1055090.915634385077283 ], [ 3984087.546519585419446, 1055128.340151733951643 ], [ 3984087.546519585419446, 1055165.764669082826003 ], [ 3984124.971036934293807, 1055165.764669082826003 ], [ 3984162.395554283168167, 1055165.764669082826003 ], [ 3984199.820071632042527, 1055165.764669082826003 ], [ 3984237.244588980916888, 1055165.764669082826003 ], [ 3984263.707718980964273, 1055192.227799082873389 ], [ 3984263.707718980964273, 1055229.652316431747749 ], [ 3984263.707718980964273, 1055267.07683378062211 ], [ 3984263.707718980964273, 1055304.50135112949647 ], [ 3984263.707718980964273, 1055341.92586847837083 ], [ 3984263.707718980964273, 1055379.350385827245191 ], [ 3984263.707718980964273, 1055416.774903176119551 ], [ 3984263.707718980964273, 1055454.199420524993911 ], [ 3984263.707718980964273, 1055491.623937873868272 ], [ 3984301.132236329838634, 1055491.623937873868272 ], [ 3984338.556753678712994, 1055491.623937873868272 ], [ 3984375.981271027587354, 1055491.623937873868272 ], [ 3984413.405788376461715, 1055491.623937873868272 ], [ 3984413.405788376461715, 1055529.048455222742632 ], [ 3984413.405788376461715, 1055566.472972571616992 ], [ 3984413.405788376461715, 1055603.897489920491353 ], [ 3984413.405788376461715, 1055641.322007269365713 ], [ 3984450.830305725336075, 1055641.322007269365713 ], [ 3984488.254823074210435, 1055641.322007269365713 ], [ 3984525.679340423084795, 1055641.322007269365713 ], [ 3984563.103857771959156, 1055641.322007269365713 ], [ 3984589.566987772006541, 1055667.785137269413099 ], [ 3984589.566987772006541, 1055705.209654618287459 ], [ 3984589.566987772006541, 1055742.634171967161819 ], [ 3984589.566987772006541, 1055780.05868931603618 ], [ 3984589.566987772006541, 1055817.48320666491054 ], [ 3984626.991505120880902, 1055817.48320666491054 ], [ 3984664.416022469755262, 1055817.48320666491054 ], [ 3984701.840539818629622, 1055817.48320666491054 ], [ 3984728.303669818677008, 1055843.946336664957926 ], [ 3984728.303669818677008, 1055881.370854013832286 ], [ 3984728.303669818677008, 1055918.795371362706646 ], [ 3984728.303669818677008, 1055956.219888711581007 ], [ 3984728.303669818677008, 1055993.644406060455367 ], [ 3984765.728187167551368, 1055993.644406060455367 ], [ 3984803.152704516425729, 1055993.644406060455367 ], [ 3984840.577221865300089, 1055993.644406060455367 ], [ 3984878.001739214174449, 1055993.644406060455367 ], [ 3984904.464869214221835, 1056020.107536060502753 ], [ 3984904.464869214221835, 1056057.532053409377113 ], [ 3984904.464869214221835, 1056094.956570758251473 ], [ 3984904.464869214221835, 1056132.381088107125834 ], [ 3984930.927999214269221, 1056158.844218107173219 ], [ 3984968.352516563143581, 1056158.844218107173219 ], [ 3985005.777033912017941, 1056158.844218107173219 ], [ 3985043.201551260892302, 1056158.844218107173219 ], [ 3985069.664681260939687, 1056185.307348107220605 ], [ 3985069.664681260939687, 1056222.731865456094965 ], [ 3985069.664681260939687, 1056260.156382804969326 ], [ 3985069.664681260939687, 1056297.580900153843686 ], [ 3985096.127811260987073, 1056324.044030153891072 ], [ 3985133.552328609861434, 1056324.044030153891072 ], [ 3985170.976845958735794, 1056324.044030153891072 ], [ 3985208.401363307610154, 1056324.044030153891072 ], [ 3985234.86449330765754, 1056350.507160153938457 ], [ 3985234.86449330765754, 1056387.931677502812818 ], [ 3985234.86449330765754, 1056425.356194851687178 ], [ 3985234.86449330765754, 1056462.780712200561538 ], [ 3985261.327623307704926, 1056489.243842200608924 ], [ 3985298.752140656579286, 1056489.243842200608924 ], [ 3985336.176658005453646, 1056489.243842200608924 ], [ 3985373.601175354328007, 1056489.243842200608924 ], [ 3985400.064305354375392, 1056515.70697220065631 ], [ 3985400.064305354375392, 1056553.13148954953067 ], [ 3985400.064305354375392, 1056590.55600689840503 ], [ 3985400.064305354375392, 1056627.980524247279391 ], [ 3985426.527435354422778, 1056654.443654247326776 ], [ 3985463.951952703297138, 1056654.443654247326776 ], [ 3985501.376470052171499, 1056654.443654247326776 ], [ 3985538.800987401045859, 1056654.443654247326776 ], [ 3985565.264117401093245, 1056680.906784247374162 ], [ 3985565.264117401093245, 1056718.331301596248522 ], [ 3985565.264117401093245, 1056755.755818945122883 ], [ 3985565.264117401093245, 1056793.180336293997243 ], [ 3985591.72724740114063, 1056819.643466294044629 ], [ 3985629.151764750014991, 1056819.643466294044629 ], [ 3985666.576282098889351, 1056819.643466294044629 ], [ 3985704.000799447763711, 1056819.643466294044629 ], [ 3985741.425316796638072, 1056819.643466294044629 ], [ 3985778.849834145512432, 1056819.643466294044629 ], [ 3985816.274351494386792, 1056819.643466294044629 ], [ 3985853.698868843261153, 1056819.643466294044629 ], [ 3985891.123386192135513, 1056819.643466294044629 ], [ 3985891.123386192135513, 1056857.067983642918989 ], [ 3985891.123386192135513, 1056894.492500991793349 ], [ 3985891.123386192135513, 1056931.91701834066771 ], [ 3985891.123386192135513, 1056969.34153568954207 ], [ 3985928.547903541009873, 1056969.34153568954207 ], [ 3985965.972420889884233, 1056969.34153568954207 ], [ 3986003.396938238758594, 1056969.34153568954207 ], [ 3986040.821455587632954, 1056969.34153568954207 ], [ 3986078.245972936507314, 1056969.34153568954207 ], [ 3986115.670490285381675, 1056969.34153568954207 ], [ 3986153.095007634256035, 1056969.34153568954207 ], [ 3986190.519524983130395, 1056969.34153568954207 ], [ 3986216.982654983177781, 1056995.804665689589456 ], [ 3986216.982654983177781, 1057033.229183038463816 ], [ 3986216.982654983177781, 1057070.653700387338176 ], [ 3986216.982654983177781, 1057108.078217736212537 ], [ 3986216.982654983177781, 1057145.502735085086897 ], [ 3986254.407172332052141, 1057145.502735085086897 ], [ 3986291.831689680926502, 1057145.502735085086897 ], [ 3986329.256207029800862, 1057145.502735085086897 ], [ 3986366.680724378675222, 1057145.502735085086897 ], [ 3986404.105241727549583, 1057145.502735085086897 ], [ 3986441.529759076423943, 1057145.502735085086897 ], [ 3986478.954276425298303, 1057145.502735085086897 ], [ 3986516.378793774172664, 1057145.502735085086897 ], [ 3986553.803311123047024, 1057145.502735085086897 ], [ 3986591.227828471921384, 1057145.502735085086897 ], [ 3986628.652345820795745, 1057145.502735085086897 ], [ 3986666.076863169670105, 1057145.502735085086897 ], [ 3986703.501380518544465, 1057145.502735085086897 ], [ 3986740.925897867418826, 1057145.502735085086897 ], [ 3986778.350415216293186, 1057145.502735085086897 ], [ 3986815.774932565167546, 1057145.502735085086897 ], [ 3986853.199449914041907, 1057145.502735085086897 ], [ 3986879.662579914089292, 1057171.965865085134283 ], [ 3986879.662579914089292, 1057209.390382434008643 ], [ 3986879.662579914089292, 1057246.814899782883003 ], [ 3986879.662579914089292, 1057284.239417131757364 ], [ 3986879.662579914089292, 1057321.663934480631724 ], [ 3986842.238062565214932, 1057321.663934480631724 ], [ 3986804.813545216340572, 1057321.663934480631724 ], [ 3986767.389027867466211, 1057321.663934480631724 ], [ 3986729.964510518591851, 1057321.663934480631724 ], [ 3986729.964510518591851, 1057359.088451829506084 ], [ 3986729.964510518591851, 1057396.512969178380445 ], [ 3986729.964510518591851, 1057433.937486527254805 ], [ 3986729.964510518591851, 1057471.362003876129165 ], [ 3986729.964510518591851, 1057508.786521225003526 ], [ 3986729.964510518591851, 1057546.211038573877886 ], [ 3986729.964510518591851, 1057583.635555922752246 ], [ 3986729.964510518591851, 1057621.060073271626607 ], [ 3986729.964510518591851, 1057658.484590620500967 ], [ 3986729.964510518591851, 1057695.909107969375327 ], [ 3986729.964510518591851, 1057733.333625318249688 ], [ 3986729.964510518591851, 1057770.758142667124048 ], [ 3986729.964510518591851, 1057808.182660015998408 ], [ 3986703.501380518544465, 1057834.645790016045794 ], [ 3986666.076863169670105, 1057834.645790016045794 ], [ 3986628.652345820795745, 1057834.645790016045794 ], [ 3986591.227828471921384, 1057834.645790016045794 ], [ 3986553.803311123047024, 1057834.645790016045794 ], [ 3986553.803311123047024, 1057872.070307364920154 ], [ 3986553.803311123047024, 1057909.494824713794515 ], [ 3986553.803311123047024, 1057946.919342062668875 ], [ 3986553.803311123047024, 1057984.343859411543235 ], [ 3986553.803311123047024, 1058021.768376760417596 ], [ 3986553.803311123047024, 1058059.192894109291956 ], [ 3986553.803311123047024, 1058096.617411458166316 ], [ 3986553.803311123047024, 1058134.041928807040676 ], [ 3986553.803311123047024, 1058171.466446155915037 ], [ 3986553.803311123047024, 1058208.890963504789397 ], [ 3986553.803311123047024, 1058246.315480853663757 ], [ 3986553.803311123047024, 1058283.739998202538118 ], [ 3986553.803311123047024, 1058321.164515551412478 ], [ 3986553.803311123047024, 1058358.589032900286838 ], [ 3986553.803311123047024, 1058396.013550249161199 ], [ 3986553.803311123047024, 1058433.438067598035559 ], [ 3986553.803311123047024, 1058470.862584946909919 ], [ 3986553.803311123047024, 1058508.28710229578428 ], [ 3986553.803311123047024, 1058545.71161964465864 ], [ 3986553.803311123047024, 1058583.136136993533 ], [ 3986553.803311123047024, 1058620.560654342407361 ], [ 3986527.340181122999638, 1058647.023784342454746 ], [ 3986489.915663774125278, 1058647.023784342454746 ], [ 3986452.491146425250918, 1058647.023784342454746 ], [ 3986415.066629076376557, 1058647.023784342454746 ], [ 3986377.642111727502197, 1058647.023784342454746 ], [ 3986377.642111727502197, 1058684.448301691329107 ], [ 3986377.642111727502197, 1058721.872819040203467 ], [ 3986377.642111727502197, 1058759.297336389077827 ], [ 3986377.642111727502197, 1058796.721853737952188 ], [ 3986351.178981727454811, 1058823.184983737999573 ], [ 3986313.754464378580451, 1058823.184983737999573 ], [ 3986276.329947029706091, 1058823.184983737999573 ], [ 3986238.90542968083173, 1058823.184983737999573 ], [ 3986212.442299680784345, 1058849.648113738046959 ], [ 3986212.442299680784345, 1058887.072631086921319 ], [ 3986212.442299680784345, 1058924.49714843579568 ], [ 3986212.442299680784345, 1058961.92166578467004 ], [ 3986212.442299680784345, 1058999.3461831335444 ], [ 3986212.442299680784345, 1059036.770700482418761 ], [ 3986212.442299680784345, 1059074.195217831293121 ], [ 3986212.442299680784345, 1059111.619735180167481 ], [ 3986212.442299680784345, 1059149.044252529041842 ], [ 3986212.442299680784345, 1059186.468769877916202 ], [ 3986212.442299680784345, 1059223.893287226790562 ], [ 3986212.442299680784345, 1059261.317804575664923 ], [ 3986212.442299680784345, 1059298.742321924539283 ], [ 3986212.442299680784345, 1059336.166839273413643 ], [ 3986212.442299680784345, 1059373.591356622288004 ], [ 3986212.442299680784345, 1059411.015873971162364 ], [ 3986212.442299680784345, 1059448.440391320036724 ], [ 3986185.979169680736959, 1059474.90352132008411 ], [ 3986148.554652331862599, 1059474.90352132008411 ], [ 3986111.130134982988238, 1059474.90352132008411 ], [ 3986073.705617634113878, 1059474.90352132008411 ], [ 3986047.242487634066492, 1059501.366651320131496 ], [ 3986047.242487634066492, 1059538.791168669005856 ], [ 3986047.242487634066492, 1059576.215686017880216 ], [ 3986047.242487634066492, 1059613.640203366754577 ], [ 3986047.242487634066492, 1059651.064720715628937 ], [ 3986047.242487634066492, 1059688.489238064503297 ], [ 3986047.242487634066492, 1059725.913755413377658 ], [ 3986047.242487634066492, 1059763.338272762252018 ], [ 3986047.242487634066492, 1059800.762790111126378 ], [ 3986020.779357634019107, 1059827.225920111173764 ], [ 3985983.354840285144746, 1059827.225920111173764 ], [ 3985945.930322936270386, 1059827.225920111173764 ], [ 3985908.505805587396026, 1059827.225920111173764 ], [ 3985908.505805587396026, 1059864.650437460048124 ], [ 3985908.505805587396026, 1059902.074954808922485 ], [ 3985908.505805587396026, 1059939.499472157796845 ], [ 3985908.505805587396026, 1059976.923989506671205 ], [ 3985908.505805587396026, 1060014.348506855545565 ], [ 3985908.505805587396026, 1060051.773024204419926 ], [ 3985908.505805587396026, 1060089.197541553294286 ], [ 3985908.505805587396026, 1060126.622058902168646 ], [ 3985908.505805587396026, 1060164.046576251043007 ], [ 3985908.505805587396026, 1060201.471093599917367 ], [ 3985908.505805587396026, 1060238.895610948791727 ], [ 3985908.505805587396026, 1060276.320128297666088 ], [ 3985882.04267558734864, 1060302.783258297713473 ], [ 3985844.61815823847428, 1060302.783258297713473 ], [ 3985807.193640889599919, 1060302.783258297713473 ], [ 3985769.769123540725559, 1060302.783258297713473 ], [ 3985732.344606191851199, 1060302.783258297713473 ], [ 3985705.881476191803813, 1060329.246388297760859 ], [ 3985705.881476191803813, 1060366.670905646635219 ], [ 3985705.881476191803813, 1060404.09542299550958 ], [ 3985705.881476191803813, 1060441.51994034438394 ], [ 3985705.881476191803813, 1060478.9444576932583 ], [ 3985705.881476191803813, 1060516.368975042132661 ], [ 3985705.881476191803813, 1060553.793492391007021 ], [ 3985705.881476191803813, 1060591.218009739881381 ], [ 3985705.881476191803813, 1060628.642527088755742 ], [ 3985668.456958842929453, 1060628.642527088755742 ], [ 3985631.032441494055092, 1060628.642527088755742 ], [ 3985593.607924145180732, 1060628.642527088755742 ], [ 3985556.183406796306372, 1060628.642527088755742 ], [ 3985556.183406796306372, 1060666.067044437630102 ], [ 3985556.183406796306372, 1060703.491561786504462 ], [ 3985556.183406796306372, 1060740.916079135378823 ], [ 3985556.183406796306372, 1060778.340596484253183 ], [ 3985556.183406796306372, 1060815.765113833127543 ], [ 3985556.183406796306372, 1060853.189631182001904 ], [ 3985556.183406796306372, 1060890.614148530876264 ], [ 3985556.183406796306372, 1060928.038665879750624 ], [ 3985556.183406796306372, 1060965.463183228624985 ], [ 3985518.758889447432011, 1060965.463183228624985 ], [ 3985481.334372098557651, 1060965.463183228624985 ], [ 3985443.909854749683291, 1060965.463183228624985 ], [ 3985406.48533740080893, 1060965.463183228624985 ], [ 3985369.06082005193457, 1060965.463183228624985 ], [ 3985331.63630270306021, 1060965.463183228624985 ], [ 3985294.211785354185849, 1060965.463183228624985 ], [ 3985256.787268005311489, 1060965.463183228624985 ], [ 3985230.324138005264103, 1060991.92631322867237 ], [ 3985230.324138005264103, 1061029.350830577546731 ], [ 3985230.324138005264103, 1061066.775347926421091 ], [ 3985230.324138005264103, 1061104.199865275295451 ], [ 3985203.861008005216718, 1061130.662995275342837 ], [ 3985166.436490656342357, 1061130.662995275342837 ], [ 3985129.011973307467997, 1061130.662995275342837 ], [ 3985091.587455958593637, 1061130.662995275342837 ], [ 3985091.587455958593637, 1061168.087512624217197 ], [ 3985091.587455958593637, 1061205.512029973091558 ], [ 3985091.587455958593637, 1061242.936547321965918 ], [ 3985091.587455958593637, 1061280.361064670840278 ], [ 3985065.124325958546251, 1061306.824194670887664 ], [ 3985027.699808609671891, 1061306.824194670887664 ], [ 3984990.27529126079753, 1061306.824194670887664 ], [ 3984952.85077391192317, 1061306.824194670887664 ], [ 3984915.42625656304881, 1061306.824194670887664 ], [ 3984878.001739214174449, 1061306.824194670887664 ], [ 3984840.577221865300089, 1061306.824194670887664 ], [ 3984803.152704516425729, 1061306.824194670887664 ], [ 3984765.728187167551368, 1061306.824194670887664 ], [ 3984728.303669818677008, 1061306.824194670887664 ], [ 3984728.303669818677008, 1061344.248712019762024 ], [ 3984728.303669818677008, 1061381.673229368636385 ], [ 3984728.303669818677008, 1061419.097746717510745 ], [ 3984728.303669818677008, 1061456.522264066385105 ], [ 3984728.303669818677008, 1061493.946781415259466 ], [ 3984728.303669818677008, 1061531.371298764133826 ], [ 3984728.303669818677008, 1061568.795816113008186 ], [ 3984728.303669818677008, 1061606.220333461882547 ], [ 3984701.840539818629622, 1061632.683463461929932 ], [ 3984664.416022469755262, 1061632.683463461929932 ], [ 3984626.991505120880902, 1061632.683463461929932 ], [ 3984589.566987772006541, 1061632.683463461929932 ], [ 3984552.142470423132181, 1061632.683463461929932 ], [ 3984514.717953074257821, 1061632.683463461929932 ], [ 3984477.293435725383461, 1061632.683463461929932 ], [ 3984439.8689183765091, 1061632.683463461929932 ], [ 3984402.44440102763474, 1061632.683463461929932 ], [ 3984365.01988367876038, 1061632.683463461929932 ], [ 3984327.595366329886019, 1061632.683463461929932 ], [ 3984290.170848981011659, 1061632.683463461929932 ], [ 3984252.746331632137299, 1061632.683463461929932 ], [ 3984215.321814283262938, 1061632.683463461929932 ], [ 3984177.897296934388578, 1061632.683463461929932 ], [ 3984140.472779585514218, 1061632.683463461929932 ], [ 3984103.048262236639857, 1061632.683463461929932 ], [ 3984065.623744887765497, 1061632.683463461929932 ], [ 3984028.199227538891137, 1061632.683463461929932 ], [ 3983990.774710190016776, 1061632.683463461929932 ], [ 3983953.350192841142416, 1061632.683463461929932 ], [ 3983915.925675492268056, 1061632.683463461929932 ], [ 3983878.501158143393695, 1061632.683463461929932 ], [ 3983841.076640794519335, 1061632.683463461929932 ], [ 3983803.652123445644975, 1061632.683463461929932 ], [ 3983766.227606096770614, 1061632.683463461929932 ], [ 3983728.803088747896254, 1061632.683463461929932 ], [ 3983691.378571399021894, 1061632.683463461929932 ], [ 3983653.954054050147533, 1061632.683463461929932 ], [ 3983616.529536701273173, 1061632.683463461929932 ], [ 3983579.105019352398813, 1061632.683463461929932 ], [ 3983541.680502003524452, 1061632.683463461929932 ], [ 3983504.255984654650092, 1061632.683463461929932 ], [ 3983466.831467305775732, 1061632.683463461929932 ], [ 3983429.406949956901371, 1061632.683463461929932 ], [ 3983391.982432608027011, 1061632.683463461929932 ], [ 3983354.557915259152651, 1061632.683463461929932 ], [ 3983317.133397910278291, 1061632.683463461929932 ], [ 3983279.70888056140393, 1061632.683463461929932 ], [ 3983242.28436321252957, 1061632.683463461929932 ], [ 3983204.85984586365521, 1061632.683463461929932 ], [ 3983167.435328514780849, 1061632.683463461929932 ], [ 3983130.010811165906489, 1061632.683463461929932 ], [ 3983092.586293817032129, 1061632.683463461929932 ], [ 3983055.161776468157768, 1061632.683463461929932 ], [ 3983017.737259119283408, 1061632.683463461929932 ], [ 3982980.312741770409048, 1061632.683463461929932 ], [ 3982942.888224421534687, 1061632.683463461929932 ], [ 3982905.463707072660327, 1061632.683463461929932 ], [ 3982868.039189723785967, 1061632.683463461929932 ], [ 3982830.614672374911606, 1061632.683463461929932 ], [ 3982793.190155026037246, 1061632.683463461929932 ], [ 3982755.765637677162886, 1061632.683463461929932 ], [ 3982718.341120328288525, 1061632.683463461929932 ], [ 3982680.916602979414165, 1061632.683463461929932 ], [ 3982643.492085630539805, 1061632.683463461929932 ], [ 3982606.067568281665444, 1061632.683463461929932 ], [ 3982568.643050932791084, 1061632.683463461929932 ], [ 3982531.218533583916724, 1061632.683463461929932 ], [ 3982493.794016235042363, 1061632.683463461929932 ], [ 3982456.369498886168003, 1061632.683463461929932 ], [ 3982418.944981537293643, 1061632.683463461929932 ], [ 3982395.939433664083481, 1061621.874633451458067 ] ] ] } }
]
}
