{
"type": "FeatureCollection",
"name": "Denibu_Gofa",
"crs": { "type": "name", "properties": { "name": "urn:ogc:def:crs:EPSG::3857" } },
"features": [
{ "type": "Feature", "properties": { }, "geometry": { "type": "Polygon", "coordinates": [ [ [ 4105559.642873749602586, 700328.751895793364383 ], [ 4105559.642873749602586, 700291.327378444490023 ], [ 4105559.642873749602586, 700253.902861095615663 ], [ 4105559.642873749602586, 700216.478343746741302 ], [ 4105559.642873749602586, 700179.053826397866942 ], [ 4105559.642873749602586, 700141.629309048992582 ], [ 4105559.642873749602586, 700104.204791700118221 ], [ 4105559.642873749602586, 700066.780274351243861 ], [ 4105559.642873749602586, 700029.355757002369501 ], [ 4105559.642873749602586, 699991.93123965349514 ], [ 4105559.642873749602586, 699954.50672230462078 ], [ 4105522.218356400728226, 699954.50672230462078 ], [ 4105484.793839051853865, 699954.50672230462078 ], [ 4105447.369321702979505, 699954.50672230462078 ], [ 4105420.906191702932119, 699928.043592304573394 ], [ 4105420.906191702932119, 699890.619074955699034 ], [ 4105420.906191702932119, 699853.194557606824674 ], [ 4105420.906191702932119, 699815.770040257950313 ], [ 4105420.906191702932119, 699778.345522909075953 ], [ 4105420.906191702932119, 699740.921005560201593 ], [ 4105420.906191702932119, 699703.496488211327232 ], [ 4105420.906191702932119, 699666.071970862452872 ], [ 4105420.906191702932119, 699628.647453513578512 ], [ 4105394.443061702884734, 699602.184323513531126 ], [ 4105357.018544354010373, 699602.184323513531126 ], [ 4105319.594027005136013, 699602.184323513531126 ], [ 4105282.169509656261653, 699602.184323513531126 ], [ 4105255.706379656214267, 699575.72119351348374 ], [ 4105255.706379656214267, 699538.29667616460938 ], [ 4105255.706379656214267, 699500.87215881573502 ], [ 4105255.706379656214267, 699463.447641466860659 ], [ 4105229.243249656166881, 699436.984511466813274 ], [ 4105191.818732307292521, 699436.984511466813274 ], [ 4105154.394214958418161, 699436.984511466813274 ], [ 4105116.9696976095438, 699436.984511466813274 ], [ 4105090.506567609496415, 699410.521381466765888 ], [ 4105090.506567609496415, 699373.096864117891528 ], [ 4105090.506567609496415, 699335.672346769017167 ], [ 4105090.506567609496415, 699298.247829420142807 ], [ 4105090.506567609496415, 699260.823312071268447 ], [ 4105090.506567609496415, 699223.398794722394086 ], [ 4105090.506567609496415, 699185.974277373519726 ], [ 4105090.506567609496415, 699148.549760024645366 ], [ 4105090.506567609496415, 699111.125242675771005 ], [ 4105090.506567609496415, 699073.700725326896645 ], [ 4105090.506567609496415, 699036.276207978022285 ], [ 4105090.506567609496415, 698998.851690629147924 ], [ 4105090.506567609496415, 698961.427173280273564 ], [ 4105053.082050260622054, 698961.427173280273564 ], [ 4105015.657532911747694, 698961.427173280273564 ], [ 4104978.233015562873334, 698961.427173280273564 ], [ 4104940.808498213998973, 698961.427173280273564 ], [ 4104914.345368213951588, 698934.964043280226178 ], [ 4104914.345368213951588, 698897.539525931351818 ], [ 4104914.345368213951588, 698860.115008582477458 ], [ 4104914.345368213951588, 698822.690491233603097 ], [ 4104914.345368213951588, 698785.265973884728737 ], [ 4104876.920850865077227, 698785.265973884728737 ], [ 4104839.496333516202867, 698785.265973884728737 ], [ 4104802.071816167328507, 698785.265973884728737 ], [ 4104764.647298818454146, 698785.265973884728737 ], [ 4104738.184168818406761, 698758.802843884681351 ], [ 4104738.184168818406761, 698721.378326535806991 ], [ 4104738.184168818406761, 698683.953809186932631 ], [ 4104738.184168818406761, 698646.529291838058271 ], [ 4104738.184168818406761, 698609.10477448918391 ], [ 4104738.184168818406761, 698571.68025714030955 ], [ 4104738.184168818406761, 698534.25573979143519 ], [ 4104738.184168818406761, 698496.831222442560829 ], [ 4104738.184168818406761, 698459.406705093686469 ], [ 4104738.184168818406761, 698421.982187744812109 ], [ 4104738.184168818406761, 698384.557670395937748 ], [ 4104738.184168818406761, 698347.133153047063388 ], [ 4104738.184168818406761, 698309.708635698189028 ], [ 4104711.721038818359375, 698283.245505698141642 ], [ 4104674.296521469485015, 698283.245505698141642 ], [ 4104636.872004120610654, 698283.245505698141642 ], [ 4104599.447486771736294, 698283.245505698141642 ], [ 4104599.447486771736294, 698245.820988349267282 ], [ 4104599.447486771736294, 698208.396471000392921 ], [ 4104599.447486771736294, 698170.971953651518561 ], [ 4104599.447486771736294, 698133.547436302644201 ], [ 4104562.022969422861934, 698133.547436302644201 ], [ 4104524.598452073987573, 698133.547436302644201 ], [ 4104487.173934725113213, 698133.547436302644201 ], [ 4104449.749417376238853, 698133.547436302644201 ], [ 4104423.286287376191467, 698107.084306302596815 ], [ 4104423.286287376191467, 698069.659788953722455 ], [ 4104423.286287376191467, 698032.235271604848094 ], [ 4104423.286287376191467, 697994.810754255973734 ], [ 4104423.286287376191467, 697957.386236907099374 ], [ 4104423.286287376191467, 697919.961719558225013 ], [ 4104423.286287376191467, 697882.537202209350653 ], [ 4104423.286287376191467, 697845.112684860476293 ], [ 4104423.286287376191467, 697807.688167511601932 ], [ 4104423.286287376191467, 697770.263650162727572 ], [ 4104423.286287376191467, 697732.839132813853212 ], [ 4104423.286287376191467, 697695.414615464978851 ], [ 4104423.286287376191467, 697657.990098116104491 ], [ 4104423.286287376191467, 697620.565580767230131 ], [ 4104385.861770027317107, 697620.565580767230131 ], [ 4104348.437252678442746, 697620.565580767230131 ], [ 4104311.012735329568386, 697620.565580767230131 ], [ 4104273.588217980694026, 697620.565580767230131 ], [ 4104273.588217980694026, 697583.14106341835577 ], [ 4104273.588217980694026, 697545.71654606948141 ], [ 4104273.588217980694026, 697508.29202872060705 ], [ 4104273.588217980694026, 697470.867511371732689 ], [ 4104273.588217980694026, 697433.442994022858329 ], [ 4104273.588217980694026, 697396.018476673983969 ], [ 4104273.588217980694026, 697358.593959325109608 ], [ 4104273.588217980694026, 697321.169441976235248 ], [ 4104273.588217980694026, 697283.744924627360888 ], [ 4104273.588217980694026, 697246.320407278486528 ], [ 4104273.588217980694026, 697208.895889929612167 ], [ 4104273.588217980694026, 697171.471372580737807 ], [ 4104273.588217980694026, 697134.046855231863447 ], [ 4104273.588217980694026, 697096.622337882989086 ], [ 4104273.588217980694026, 697059.197820534114726 ], [ 4104273.588217980694026, 697021.773303185240366 ], [ 4104273.588217980694026, 696984.348785836366005 ], [ 4104247.12508798064664, 696957.88565583631862 ], [ 4104209.70057063177228, 696957.88565583631862 ], [ 4104172.276053282897919, 696957.88565583631862 ], [ 4104134.851535934023559, 696957.88565583631862 ], [ 4104097.427018585149199, 696957.88565583631862 ], [ 4104097.427018585149199, 696920.461138487444259 ], [ 4104097.427018585149199, 696883.036621138569899 ], [ 4104097.427018585149199, 696845.612103789695539 ], [ 4104097.427018585149199, 696808.187586440821178 ], [ 4104097.427018585149199, 696770.763069091946818 ], [ 4104097.427018585149199, 696733.338551743072458 ], [ 4104097.427018585149199, 696695.914034394198097 ], [ 4104097.427018585149199, 696658.489517045323737 ], [ 4104097.427018585149199, 696621.064999696449377 ], [ 4104097.427018585149199, 696583.640482347575016 ], [ 4104097.427018585149199, 696546.215964998700656 ], [ 4104097.427018585149199, 696508.791447649826296 ], [ 4104097.427018585149199, 696471.366930300951935 ], [ 4104097.427018585149199, 696433.942412952077575 ], [ 4104097.427018585149199, 696396.517895603203215 ], [ 4104097.427018585149199, 696359.093378254328854 ], [ 4104097.427018585149199, 696321.668860905454494 ], [ 4104097.427018585149199, 696284.244343556580134 ], [ 4104134.851535934023559, 696284.244343556580134 ], [ 4104172.276053282897919, 696284.244343556580134 ], [ 4104209.70057063177228, 696284.244343556580134 ], [ 4104247.12508798064664, 696284.244343556580134 ], [ 4104284.549605329521, 696284.244343556580134 ], [ 4104321.974122678395361, 696284.244343556580134 ], [ 4104359.398640027269721, 696284.244343556580134 ], [ 4104396.823157376144081, 696284.244343556580134 ], [ 4104434.247674725018442, 696284.244343556580134 ], [ 4104460.710804725065827, 696310.707473556627519 ], [ 4104460.710804725065827, 696348.13199090550188 ], [ 4104460.710804725065827, 696385.55650825437624 ], [ 4104460.710804725065827, 696422.9810256032506 ], [ 4104487.173934725113213, 696449.444155603297986 ], [ 4104524.598452073987573, 696449.444155603297986 ], [ 4104562.022969422861934, 696449.444155603297986 ], [ 4104599.447486771736294, 696449.444155603297986 ], [ 4104599.447486771736294, 696412.019638254423626 ], [ 4104599.447486771736294, 696374.595120905549265 ], [ 4104599.447486771736294, 696337.170603556674905 ], [ 4104599.447486771736294, 696299.746086207800545 ], [ 4104625.91061677178368, 696273.282956207753159 ], [ 4104663.33513412065804, 696273.282956207753159 ], [ 4104700.7596514695324, 696273.282956207753159 ], [ 4104738.184168818406761, 696273.282956207753159 ], [ 4104775.608686167281121, 696273.282956207753159 ], [ 4104813.033203516155481, 696273.282956207753159 ], [ 4104850.457720865029842, 696273.282956207753159 ], [ 4104887.882238213904202, 696273.282956207753159 ], [ 4104914.345368213951588, 696246.819826207705773 ], [ 4104914.345368213951588, 696209.395308858831413 ], [ 4104914.345368213951588, 696171.970791509957053 ], [ 4104914.345368213951588, 696134.546274161082692 ], [ 4104940.808498213998973, 696108.083144161035307 ], [ 4104978.233015562873334, 696108.083144161035307 ], [ 4105015.657532911747694, 696108.083144161035307 ], [ 4105053.082050260622054, 696108.083144161035307 ], [ 4105090.506567609496415, 696108.083144161035307 ], [ 4105090.506567609496415, 696070.658626812160946 ], [ 4105090.506567609496415, 696033.234109463286586 ], [ 4105090.506567609496415, 695995.809592114412226 ], [ 4105090.506567609496415, 695958.385074765537865 ], [ 4105127.931084958370775, 695958.385074765537865 ], [ 4105165.355602307245135, 695958.385074765537865 ], [ 4105202.780119656119496, 695958.385074765537865 ], [ 4105240.204637004993856, 695958.385074765537865 ], [ 4105266.667767005041242, 695984.848204765585251 ], [ 4105266.667767005041242, 696022.272722114459611 ], [ 4105266.667767005041242, 696059.697239463333972 ], [ 4105266.667767005041242, 696097.121756812208332 ], [ 4105293.130897005088627, 696123.584886812255718 ], [ 4105330.555414353962988, 696123.584886812255718 ], [ 4105367.979931702837348, 696123.584886812255718 ], [ 4105405.404449051711708, 696123.584886812255718 ], [ 4105405.404449051711708, 696086.160369463381357 ], [ 4105405.404449051711708, 696048.735852114506997 ], [ 4105405.404449051711708, 696011.311334765632637 ], [ 4105405.404449051711708, 695973.886817416758277 ], [ 4105431.867579051759094, 695947.423687416710891 ], [ 4105469.292096400633454, 695947.423687416710891 ], [ 4105506.716613749507815, 695947.423687416710891 ], [ 4105544.141131098382175, 695947.423687416710891 ], [ 4105570.604261098429561, 695920.960557416663505 ], [ 4105570.604261098429561, 695883.536040067789145 ], [ 4105570.604261098429561, 695846.111522718914784 ], [ 4105570.604261098429561, 695808.687005370040424 ], [ 4105597.067391098476946, 695782.223875369993038 ], [ 4105634.491908447351307, 695782.223875369993038 ], [ 4105671.916425796225667, 695782.223875369993038 ], [ 4105709.340943145100027, 695782.223875369993038 ], [ 4105746.765460493974388, 695782.223875369993038 ], [ 4105784.189977842848748, 695782.223875369993038 ], [ 4105821.614495191723108, 695782.223875369993038 ], [ 4105859.039012540597469, 695782.223875369993038 ], [ 4105896.463529889471829, 695782.223875369993038 ], [ 4105922.926659889519215, 695755.760745369945653 ], [ 4105922.926659889519215, 695718.336228021071292 ], [ 4105922.926659889519215, 695680.911710672196932 ], [ 4105922.926659889519215, 695643.487193323322572 ], [ 4105962.621354889590293, 695626.247208732413128 ], [ 4106002.316049889661372, 695627.719482815708034 ], [ 4106039.740567238535732, 695627.719482815708034 ], [ 4106077.165084587410092, 695627.719482815708034 ], [ 4106114.589601936284453, 695627.719482815708034 ], [ 4106152.014119285158813, 695627.719482815708034 ], [ 4106189.438636634033173, 695627.719482815708034 ], [ 4106226.863153982907534, 695627.719482815708034 ], [ 4106264.287671331781894, 695627.719482815708034 ], [ 4106301.712188680656254, 695627.719482815708034 ], [ 4106339.136706029530615, 695627.719482815708034 ], [ 4106376.561223378404975, 695627.719482815708034 ], [ 4106413.985740727279335, 695627.719482815708034 ], [ 4106451.410258076153696, 695627.719482815708034 ], [ 4106488.834775425028056, 695627.719482815708034 ], [ 4106526.259292773902416, 695627.719482815708034 ], [ 4106563.683810122776777, 695627.719482815708034 ], [ 4106563.683810122776777, 695590.294965466833673 ], [ 4106563.683810122776777, 695552.870448117959313 ], [ 4106563.683810122776777, 695515.445930769084953 ], [ 4106563.683810122776777, 695478.021413420210592 ], [ 4106590.146940122824162, 695451.558283420163207 ], [ 4106627.571457471698523, 695451.558283420163207 ], [ 4106664.995974820572883, 695451.558283420163207 ], [ 4106702.420492169447243, 695451.558283420163207 ], [ 4106739.845009518321604, 695451.558283420163207 ], [ 4106739.845009518321604, 695414.133766071288846 ], [ 4106739.845009518321604, 695376.709248722414486 ], [ 4106739.845009518321604, 695339.284731373540126 ], [ 4106739.845009518321604, 695301.860214024665765 ], [ 4106779.539704518392682, 695295.847584638278931 ], [ 4106819.234399518463761, 695297.319858721573837 ], [ 4106856.658916867338121, 695297.319858721573837 ], [ 4106894.083434216212481, 695297.319858721573837 ], [ 4106920.546564216259867, 695323.782988721621223 ], [ 4106920.546564216259867, 695361.207506070495583 ], [ 4106920.546564216259867, 695398.632023419369943 ], [ 4106920.546564216259867, 695436.056540768244304 ], [ 4106947.009694216307253, 695462.519670768291689 ], [ 4106984.434211565181613, 695462.519670768291689 ], [ 4107021.858728914055973, 695462.519670768291689 ], [ 4107059.283246262930334, 695462.519670768291689 ], [ 4107059.283246262930334, 695425.095153419417329 ], [ 4107059.283246262930334, 695387.670636070542969 ], [ 4107059.283246262930334, 695350.246118721668608 ], [ 4107059.283246262930334, 695312.821601372794248 ], [ 4107085.746376262977719, 695286.358471372746862 ], [ 4107123.17089361185208, 695286.358471372746862 ], [ 4107160.59541096072644, 695286.358471372746862 ], [ 4107198.0199283096008, 695286.358471372746862 ], [ 4107235.444445658475161, 695286.358471372746862 ], [ 4107272.868963007349521, 695286.358471372746862 ], [ 4107310.293480356223881, 695286.358471372746862 ], [ 4107347.717997705098242, 695286.358471372746862 ], [ 4107385.142515053972602, 695286.358471372746862 ], [ 4107422.567032402846962, 695286.358471372746862 ], [ 4107459.991549751721323, 695286.358471372746862 ], [ 4107497.416067100595683, 695286.358471372746862 ], [ 4107534.840584449470043, 695286.358471372746862 ], [ 4107572.265101798344404, 695286.358471372746862 ], [ 4107609.689619147218764, 695286.358471372746862 ], [ 4107647.114136496093124, 695286.358471372746862 ], [ 4107684.538653844967484, 695286.358471372746862 ], [ 4107721.963171193841845, 695286.358471372746862 ], [ 4107748.42630119388923, 695312.821601372794248 ], [ 4107748.42630119388923, 695350.246118721668608 ], [ 4107748.42630119388923, 695387.670636070542969 ], [ 4107748.42630119388923, 695425.095153419417329 ], [ 4107748.42630119388923, 695462.519670768291689 ], [ 4107785.850818542763591, 695462.519670768291689 ], [ 4107823.275335891637951, 695462.519670768291689 ], [ 4107860.699853240512311, 695462.519670768291689 ], [ 4107887.162983240559697, 695488.982800768339075 ], [ 4107887.162983240559697, 695526.407318117213435 ], [ 4107887.162983240559697, 695563.831835466087796 ], [ 4107887.162983240559697, 695601.256352814962156 ], [ 4107913.626113240607083, 695627.719482815009542 ], [ 4107951.050630589481443, 695627.719482815009542 ], [ 4107988.475147938355803, 695627.719482815009542 ], [ 4108025.899665287230164, 695627.719482815009542 ], [ 4108063.324182636104524, 695627.719482815009542 ], [ 4108100.748699984978884, 695627.719482815009542 ], [ 4108138.173217333853245, 695627.719482815009542 ], [ 4108175.597734682727605, 695627.719482815009542 ], [ 4108213.022252031601965, 695627.719482815009542 ], [ 4108239.485382031649351, 695654.182612815056928 ], [ 4108239.485382031649351, 695691.607130163931288 ], [ 4108239.485382031649351, 695729.031647512805648 ], [ 4108239.485382031649351, 695766.456164861680008 ], [ 4108265.948512031696737, 695792.919294861727394 ], [ 4108303.373029380571097, 695792.919294861727394 ], [ 4108340.797546729445457, 695792.919294861727394 ], [ 4108378.222064078319818, 695792.919294861727394 ], [ 4108415.646581427194178, 695792.919294861727394 ], [ 4108453.071098776068538, 695792.919294861727394 ], [ 4108490.495616124942899, 695792.919294861727394 ], [ 4108527.920133473817259, 695792.919294861727394 ], [ 4108565.344650822691619, 695792.919294861727394 ], [ 4108602.76916817156598, 695792.919294861727394 ], [ 4108640.19368552044034, 695792.919294861727394 ], [ 4108677.6182028693147, 695792.919294861727394 ], [ 4108706.085542664863169, 695832.613989861682057 ], [ 4108704.613268581684679, 695872.308684861636721 ], [ 4108704.613268581684679, 695909.733202210511081 ], [ 4108704.613268581684679, 695947.157719559385441 ], [ 4108704.613268581684679, 695984.582236908259802 ], [ 4108704.613268581684679, 696022.006754257134162 ], [ 4108704.613268581684679, 696059.431271606008522 ], [ 4108704.613268581684679, 696096.855788954882883 ], [ 4108731.076398581732064, 696123.318918954930268 ], [ 4108768.500915930606425, 696123.318918954930268 ], [ 4108805.925433279480785, 696123.318918954930268 ], [ 4108843.349950628355145, 696123.318918954930268 ], [ 4108880.774467977229506, 696123.318918954930268 ], [ 4108918.198985326103866, 696123.318918954930268 ], [ 4108955.623502674978226, 696123.318918954930268 ], [ 4108993.048020023852587, 696123.318918954930268 ], [ 4109030.472537372726947, 696123.318918954930268 ], [ 4109067.897054721601307, 696123.318918954930268 ], [ 4109105.321572070475668, 696123.318918954930268 ], [ 4109142.746089419350028, 696123.318918954930268 ], [ 4109180.170606768224388, 696123.318918954930268 ], [ 4109206.633736768271774, 696149.782048954977654 ], [ 4109206.633736768271774, 696187.206566303852014 ], [ 4109206.633736768271774, 696224.631083652726375 ], [ 4109206.633736768271774, 696262.055601001600735 ], [ 4109233.09686676831916, 696288.518731001648121 ], [ 4109270.52138411719352, 696288.518731001648121 ], [ 4109307.94590146606788, 696288.518731001648121 ], [ 4109345.370418814942241, 696288.518731001648121 ], [ 4109371.833548814989626, 696314.981861001695506 ], [ 4109371.833548814989626, 696352.406378350569867 ], [ 4109371.833548814989626, 696389.830895699444227 ], [ 4109371.833548814989626, 696427.255413048318587 ], [ 4109398.296678815037012, 696453.718543048365973 ], [ 4109435.721196163911372, 696453.718543048365973 ], [ 4109473.145713512785733, 696453.718543048365973 ], [ 4109510.570230861660093, 696453.718543048365973 ], [ 4109547.994748210534453, 696453.718543048365973 ], [ 4109585.419265559408814, 696453.718543048365973 ], [ 4109622.843782908283174, 696453.718543048365973 ], [ 4109660.268300257157534, 696453.718543048365973 ], [ 4109697.692817606031895, 696453.718543048365973 ], [ 4109724.15594760607928, 696480.181673048413359 ], [ 4109724.15594760607928, 696517.606190397287719 ], [ 4109724.15594760607928, 696555.030707746162079 ], [ 4109724.15594760607928, 696592.45522509503644 ], [ 4109750.619077606126666, 696618.918355095083825 ], [ 4109788.043594955001026, 696618.918355095083825 ], [ 4109825.468112303875387, 696618.918355095083825 ], [ 4109862.892629652749747, 696618.918355095083825 ], [ 4109889.355759652797133, 696645.381485095131211 ], [ 4109889.355759652797133, 696682.806002444005571 ], [ 4109889.355759652797133, 696720.230519792879932 ], [ 4109889.355759652797133, 696757.655037141754292 ], [ 4109915.818889652844518, 696784.118167141801678 ], [ 4109953.243407001718879, 696784.118167141801678 ], [ 4109990.667924350593239, 696784.118167141801678 ], [ 4110028.092441699467599, 696784.118167141801678 ], [ 4110065.51695904834196, 696784.118167141801678 ], [ 4110102.94147639721632, 696784.118167141801678 ], [ 4110140.36599374609068, 696784.118167141801678 ], [ 4110177.790511094965041, 696784.118167141801678 ], [ 4110177.790511094965041, 696746.693649792927317 ], [ 4110177.790511094965041, 696709.269132444052957 ], [ 4110177.790511094965041, 696671.844615095178597 ], [ 4110177.790511094965041, 696634.420097746304236 ], [ 4110177.790511094965041, 696596.995580397429876 ], [ 4110177.790511094965041, 696559.571063048555516 ], [ 4110177.790511094965041, 696522.146545699681155 ], [ 4110177.790511094965041, 696484.722028350806795 ], [ 4110177.790511094965041, 696447.297511001932435 ], [ 4110177.790511094965041, 696409.872993653058074 ], [ 4110177.790511094965041, 696372.448476304183714 ], [ 4110177.790511094965041, 696335.023958955309354 ], [ 4110177.790511094965041, 696297.599441606434993 ], [ 4110177.790511094965041, 696260.174924257560633 ], [ 4110177.790511094965041, 696222.750406908686273 ], [ 4110177.790511094965041, 696185.325889559811912 ], [ 4110177.790511094965041, 696147.901372210937552 ], [ 4110177.790511094965041, 696110.476854862063192 ], [ 4110177.790511094965041, 696073.052337513188832 ], [ 4110177.790511094965041, 696035.627820164314471 ], [ 4110177.790511094965041, 695998.203302815440111 ], [ 4110177.790511094965041, 695960.778785466565751 ], [ 4110177.790511094965041, 695923.35426811769139 ], [ 4110177.790511094965041, 695885.92975076881703 ], [ 4110177.790511094965041, 695848.50523341994267 ], [ 4110177.790511094965041, 695811.080716071068309 ], [ 4110177.790511094965041, 695773.656198722193949 ], [ 4110177.790511094965041, 695736.231681373319589 ], [ 4110177.790511094965041, 695698.807164024445228 ], [ 4110177.790511094965041, 695661.382646675570868 ], [ 4110177.790511094965041, 695623.958129326696508 ], [ 4110177.790511094965041, 695586.533611977822147 ], [ 4110177.790511094965041, 695549.109094628947787 ], [ 4110177.790511094965041, 695511.684577280073427 ], [ 4110177.790511094965041, 695474.260059931199066 ], [ 4110177.790511094965041, 695436.835542582324706 ], [ 4110177.790511094965041, 695399.411025233450346 ], [ 4110177.790511094965041, 695361.986507884575985 ], [ 4110177.790511094965041, 695324.561990535701625 ], [ 4110177.790511094965041, 695287.137473186827265 ], [ 4110177.790511094965041, 695249.712955837952904 ], [ 4110177.790511094965041, 695212.288438489078544 ], [ 4110177.790511094965041, 695174.863921140204184 ], [ 4110177.790511094965041, 695137.439403791329823 ], [ 4110177.790511094965041, 695100.014886442455463 ], [ 4110177.790511094965041, 695062.590369093581103 ], [ 4110177.790511094965041, 695025.165851744706742 ], [ 4110177.790511094965041, 694987.741334395832382 ], [ 4110177.790511094965041, 694950.316817046958022 ], [ 4110177.790511094965041, 694912.892299698083661 ], [ 4110177.790511094965041, 694875.467782349209301 ], [ 4110177.790511094965041, 694838.043265000334941 ], [ 4110177.790511094965041, 694800.618747651460581 ], [ 4110177.790511094965041, 694763.19423030258622 ], [ 4110177.790511094965041, 694725.76971295371186 ], [ 4110177.790511094965041, 694688.3451956048375 ], [ 4110177.790511094965041, 694650.920678255963139 ], [ 4110177.790511094965041, 694613.496160907088779 ], [ 4110177.790511094965041, 694576.071643558214419 ], [ 4110177.790511094965041, 694538.647126209340058 ], [ 4110177.790511094965041, 694501.222608860465698 ], [ 4110177.790511094965041, 694463.798091511591338 ], [ 4110177.790511094965041, 694426.373574162716977 ], [ 4110177.790511094965041, 694388.949056813842617 ], [ 4110177.790511094965041, 694351.524539464968257 ], [ 4110177.790511094965041, 694314.100022116093896 ], [ 4110177.790511094965041, 694276.675504767219536 ], [ 4110177.790511094965041, 694239.250987418345176 ], [ 4110177.790511094965041, 694201.826470069470815 ], [ 4110177.790511094965041, 694164.401952720596455 ], [ 4110177.790511094965041, 694126.977435371722095 ], [ 4110177.790511094965041, 694089.552918022847734 ], [ 4110177.790511094965041, 694052.128400673973374 ], [ 4110177.790511094965041, 694014.703883325099014 ], [ 4110177.790511094965041, 693977.279365976224653 ], [ 4110177.790511094965041, 693939.854848627350293 ], [ 4110177.790511094965041, 693902.430331278475933 ], [ 4110177.790511094965041, 693865.005813929601572 ], [ 4110177.790511094965041, 693827.581296580727212 ], [ 4110177.790511094965041, 693790.156779231852852 ], [ 4110177.790511094965041, 693752.732261882978491 ], [ 4110177.790511094965041, 693715.307744534104131 ], [ 4110177.790511094965041, 693677.883227185229771 ], [ 4110177.790511094965041, 693640.458709836355411 ], [ 4110177.790511094965041, 693603.03419248748105 ], [ 4110177.790511094965041, 693565.60967513860669 ], [ 4110177.790511094965041, 693528.18515778973233 ], [ 4110177.790511094965041, 693490.760640440857969 ], [ 4110177.790511094965041, 693453.336123091983609 ], [ 4110177.790511094965041, 693415.911605743109249 ], [ 4110177.790511094965041, 693378.487088394234888 ], [ 4110177.790511094965041, 693341.062571045360528 ], [ 4110177.790511094965041, 693303.638053696486168 ], [ 4110177.790511094965041, 693266.213536347611807 ], [ 4110177.790511094965041, 693228.789018998737447 ], [ 4110177.790511094965041, 693191.364501649863087 ], [ 4110177.790511094965041, 693153.939984300988726 ], [ 4110177.790511094965041, 693116.515466952114366 ], [ 4110177.790511094965041, 693079.090949603240006 ], [ 4110177.790511094965041, 693041.666432254365645 ], [ 4110177.790511094965041, 693004.241914905491285 ], [ 4110177.790511094965041, 692966.817397556616925 ], [ 4110177.790511094965041, 692929.392880207742564 ], [ 4110177.790511094965041, 692891.968362858868204 ], [ 4110177.790511094965041, 692854.543845509993844 ], [ 4110177.790511094965041, 692817.119328161119483 ], [ 4110177.790511094965041, 692779.694810812245123 ], [ 4110177.790511094965041, 692742.270293463370763 ], [ 4110177.790511094965041, 692704.845776114496402 ], [ 4110177.790511094965041, 692667.421258765622042 ], [ 4110177.790511094965041, 692629.996741416747682 ], [ 4110177.790511094965041, 692592.572224067873321 ], [ 4110177.790511094965041, 692555.147706718998961 ], [ 4110177.790511094965041, 692517.723189370124601 ], [ 4110177.790511094965041, 692480.298672021250241 ], [ 4110177.790511094965041, 692442.87415467237588 ], [ 4110177.790511094965041, 692405.44963732350152 ], [ 4110177.790511094965041, 692368.02511997462716 ], [ 4110177.790511094965041, 692330.600602625752799 ], [ 4110177.790511094965041, 692293.176085276878439 ], [ 4110177.790511094965041, 692255.751567928004079 ], [ 4110177.790511094965041, 692218.327050579129718 ], [ 4110177.790511094965041, 692180.902533230255358 ], [ 4110177.790511094965041, 692143.478015881380998 ], [ 4110177.790511094965041, 692106.053498532506637 ], [ 4110177.790511094965041, 692068.628981183632277 ], [ 4110177.790511094965041, 692031.204463834757917 ], [ 4110177.790511094965041, 691993.779946485883556 ], [ 4110177.790511094965041, 691956.355429137009196 ], [ 4110177.790511094965041, 691918.930911788134836 ], [ 4110177.790511094965041, 691881.506394439260475 ], [ 4110177.790511094965041, 691844.081877090386115 ], [ 4110204.253641095012426, 691817.618747090338729 ], [ 4110241.678158443886787, 691817.618747090338729 ], [ 4110279.102675792761147, 691817.618747090338729 ], [ 4110316.527193141635507, 691817.618747090338729 ], [ 4110353.951710490509868, 691817.618747090338729 ], [ 4110353.951710490509868, 691780.194229741464369 ], [ 4110353.951710490509868, 691742.769712392590009 ], [ 4110353.951710490509868, 691705.345195043715648 ], [ 4110353.951710490509868, 691667.920677694841288 ], [ 4110353.951710490509868, 691630.496160345966928 ], [ 4110353.951710490509868, 691593.071642997092567 ], [ 4110353.951710490509868, 691555.647125648218207 ], [ 4110353.951710490509868, 691518.222608299343847 ], [ 4110353.951710490509868, 691480.798090950469486 ], [ 4110353.951710490509868, 691443.373573601595126 ], [ 4110353.951710490509868, 691405.949056252720766 ], [ 4110353.951710490509868, 691368.524538903846405 ], [ 4110353.951710490509868, 691331.100021554972045 ], [ 4110380.414840490557253, 691304.636891554924659 ], [ 4110417.839357839431614, 691304.636891554924659 ], [ 4110455.263875188305974, 691304.636891554924659 ], [ 4110492.688392537180334, 691304.636891554924659 ], [ 4110519.15152253722772, 691278.173761554877274 ], [ 4110519.15152253722772, 691240.749244206002913 ], [ 4110519.15152253722772, 691203.324726857128553 ], [ 4110519.15152253722772, 691165.900209508254193 ], [ 4110519.15152253722772, 691128.475692159379832 ], [ 4110519.15152253722772, 691091.051174810505472 ], [ 4110519.15152253722772, 691053.626657461631112 ], [ 4110519.15152253722772, 691016.202140112756751 ], [ 4110519.15152253722772, 690978.777622763882391 ], [ 4110519.15152253722772, 690941.353105415008031 ], [ 4110519.15152253722772, 690903.928588066133671 ], [ 4110519.15152253722772, 690866.50407071725931 ], [ 4110519.15152253722772, 690829.07955336838495 ], [ 4110519.15152253722772, 690791.65503601951059 ], [ 4110519.15152253722772, 690754.230518670636229 ], [ 4110519.15152253722772, 690716.806001321761869 ], [ 4110519.15152253722772, 690679.381483972887509 ], [ 4110519.15152253722772, 690641.956966624013148 ], [ 4110519.15152253722772, 690604.532449275138788 ], [ 4110519.15152253722772, 690567.107931926264428 ], [ 4110519.15152253722772, 690529.683414577390067 ], [ 4110519.15152253722772, 690492.258897228515707 ], [ 4110519.15152253722772, 690454.834379879641347 ], [ 4110519.15152253722772, 690417.409862530766986 ], [ 4110519.15152253722772, 690379.985345181892626 ], [ 4110519.15152253722772, 690342.560827833018266 ], [ 4110545.614652537275106, 690316.09769783297088 ], [ 4110583.039169886149466, 690316.09769783297088 ], [ 4110620.463687235023826, 690316.09769783297088 ], [ 4110657.888204583898187, 690316.09769783297088 ], [ 4110684.351334583945572, 690289.634567832923494 ], [ 4110684.351334583945572, 690252.210050484049134 ], [ 4110684.351334583945572, 690214.785533135174774 ], [ 4110684.351334583945572, 690177.361015786300413 ], [ 4110684.351334583945572, 690139.936498437426053 ], [ 4110684.351334583945572, 690102.511981088551693 ], [ 4110684.351334583945572, 690065.087463739677332 ], [ 4110684.351334583945572, 690027.662946390802972 ], [ 4110710.814464583992958, 690001.199816390755586 ], [ 4110748.238981932867318, 690001.199816390755586 ], [ 4110785.663499281741679, 690001.199816390755586 ], [ 4110823.088016630616039, 690001.199816390755586 ], [ 4110823.088016630616039, 689963.775299041881226 ], [ 4110823.088016630616039, 689926.350781693006866 ], [ 4110823.088016630616039, 689888.926264344132505 ], [ 4110823.088016630616039, 689851.501746995258145 ], [ 4110849.551146630663425, 689825.038616995210759 ], [ 4110886.975663979537785, 689825.038616995210759 ], [ 4110924.400181328412145, 689825.038616995210759 ], [ 4110961.824698677286506, 689825.038616995210759 ], [ 4110999.249216026160866, 689825.038616995210759 ], [ 4111036.673733375035226, 689825.038616995210759 ], [ 4111074.098250723909587, 689825.038616995210759 ], [ 4111111.522768072783947, 689825.038616995210759 ], [ 4111148.947285421658307, 689825.038616995210759 ], [ 4111186.371802770532668, 689825.038616995210759 ], [ 4111186.371802770532668, 689787.614099646336399 ], [ 4111186.371802770532668, 689750.189582297462039 ], [ 4111186.371802770532668, 689712.765064948587678 ], [ 4111186.371802770532668, 689675.340547599713318 ], [ 4111212.834932770580053, 689648.877417599665932 ], [ 4111250.259450119454414, 689648.877417599665932 ], [ 4111287.683967468328774, 689648.877417599665932 ], [ 4111325.108484817203134, 689648.877417599665932 ], [ 4111325.108484817203134, 689611.452900250791572 ], [ 4111325.108484817203134, 689574.028382901917212 ], [ 4111325.108484817203134, 689536.603865553042851 ], [ 4111325.108484817203134, 689499.179348204168491 ], [ 4111362.533002166077495, 689499.179348204168491 ], [ 4111399.957519514951855, 689499.179348204168491 ], [ 4111437.382036863826215, 689499.179348204168491 ], [ 4111474.806554212700576, 689499.179348204168491 ], [ 4111501.269684212747961, 689472.716218204121105 ], [ 4111501.269684212747961, 689435.291700855246745 ], [ 4111501.269684212747961, 689397.867183506372385 ], [ 4111501.269684212747961, 689360.442666157498024 ], [ 4111527.732814212795347, 689333.979536157450639 ], [ 4111565.157331561669707, 689333.979536157450639 ], [ 4111602.581848910544068, 689333.979536157450639 ], [ 4111640.006366259418428, 689333.979536157450639 ], [ 4111677.430883608292788, 689333.979536157450639 ], [ 4111714.855400957167149, 689333.979536157450639 ], [ 4111752.279918306041509, 689333.979536157450639 ], [ 4111789.704435654915869, 689333.979536157450639 ], [ 4111816.167565654963255, 689307.516406157403253 ], [ 4111816.167565654963255, 689270.091888808528893 ], [ 4111816.167565654963255, 689232.667371459654532 ], [ 4111816.167565654963255, 689195.242854110780172 ], [ 4111842.630695655010641, 689168.779724110732786 ], [ 4111880.055213003885001, 689168.779724110732786 ], [ 4111917.479730352759361, 689168.779724110732786 ], [ 4111954.904247701633722, 689168.779724110732786 ], [ 4111992.328765050508082, 689168.779724110732786 ], [ 4111992.328765050508082, 689131.355206761858426 ], [ 4111992.328765050508082, 689093.930689412984066 ], [ 4111992.328765050508082, 689056.506172064109705 ], [ 4111992.328765050508082, 689019.081654715235345 ], [ 4112018.791895050555468, 688992.618524715187959 ], [ 4112056.216412399429828, 688992.618524715187959 ], [ 4112093.640929748304188, 688992.618524715187959 ], [ 4112131.065447097178549, 688992.618524715187959 ], [ 4112168.489964446052909, 688992.618524715187959 ], [ 4112168.489964446052909, 688955.194007366313599 ], [ 4112168.489964446052909, 688917.769490017439239 ], [ 4112168.489964446052909, 688880.344972668564878 ], [ 4112168.489964446052909, 688842.920455319690518 ], [ 4112205.914481794927269, 688842.920455319690518 ], [ 4112243.33899914380163, 688842.920455319690518 ], [ 4112280.76351649267599, 688842.920455319690518 ], [ 4112318.18803384155035, 688842.920455319690518 ], [ 4112318.18803384155035, 688805.495937970816158 ], [ 4112318.18803384155035, 688768.071420621941797 ], [ 4112318.18803384155035, 688730.646903273067437 ], [ 4112318.18803384155035, 688693.222385924193077 ], [ 4112344.651163841597736, 688666.759255924145691 ], [ 4112382.075681190472096, 688666.759255924145691 ], [ 4112419.500198539346457, 688666.759255924145691 ], [ 4112456.924715888220817, 688666.759255924145691 ], [ 4112483.387845888268203, 688640.296125924098305 ], [ 4112483.387845888268203, 688602.871608575223945 ], [ 4112483.387845888268203, 688565.447091226349585 ], [ 4112483.387845888268203, 688528.022573877475224 ], [ 4112509.850975888315588, 688501.559443877427839 ], [ 4112547.275493237189949, 688501.559443877427839 ], [ 4112584.700010586064309, 688501.559443877427839 ], [ 4112622.124527934938669, 688501.559443877427839 ], [ 4112659.54904528381303, 688501.559443877427839 ], [ 4112659.54904528381303, 688464.134926528553478 ], [ 4112659.54904528381303, 688426.710409179679118 ], [ 4112659.54904528381303, 688389.285891830804758 ], [ 4112659.54904528381303, 688351.861374481930397 ], [ 4112686.012175283860415, 688325.398244481883012 ], [ 4112723.436692632734776, 688325.398244481883012 ], [ 4112760.861209981609136, 688325.398244481883012 ], [ 4112798.285727330483496, 688325.398244481883012 ], [ 4112835.710244679357857, 688325.398244481883012 ], [ 4112873.134762028232217, 688325.398244481883012 ], [ 4112910.559279377106577, 688325.398244481883012 ], [ 4112947.983796725980937, 688325.398244481883012 ], [ 4112985.408314074855298, 688325.398244481883012 ], [ 4113011.871444074902683, 688351.861374481930397 ], [ 4113011.871444074902683, 688389.285891830804758 ], [ 4113011.871444074902683, 688426.710409179679118 ], [ 4113011.871444074902683, 688464.134926528553478 ], [ 4113011.871444074902683, 688501.559443877427839 ], [ 4113011.871444074902683, 688538.983961226302199 ], [ 4113011.871444074902683, 688576.408478575176559 ], [ 4113011.871444074902683, 688613.83299592405092 ], [ 4113011.871444074902683, 688651.25751327292528 ], [ 4113038.334574074950069, 688677.720643272972666 ], [ 4113075.75909142382443, 688677.720643272972666 ], [ 4113113.18360877269879, 688677.720643272972666 ], [ 4113150.60812612157315, 688677.720643272972666 ], [ 4113150.60812612157315, 688715.145160621847026 ], [ 4113150.60812612157315, 688752.569677970721386 ], [ 4113150.60812612157315, 688789.994195319595747 ], [ 4113150.60812612157315, 688827.418712668470107 ], [ 4113188.03264347044751, 688827.418712668470107 ], [ 4113225.457160819321871, 688827.418712668470107 ], [ 4113262.881678168196231, 688827.418712668470107 ], [ 4113300.306195517070591, 688827.418712668470107 ], [ 4113326.769325517117977, 688853.881842668517493 ], [ 4113326.769325517117977, 688891.306360017391853 ], [ 4113326.769325517117977, 688928.730877366266213 ], [ 4113326.769325517117977, 688966.155394715140574 ], [ 4113326.769325517117977, 689003.579912064014934 ], [ 4113364.193842865992337, 689003.579912064014934 ], [ 4113401.618360214866698, 689003.579912064014934 ], [ 4113439.042877563741058, 689003.579912064014934 ], [ 4113476.467394912615418, 689003.579912064014934 ], [ 4113502.930524912662804, 689030.04304206406232 ], [ 4113502.930524912662804, 689067.46755941293668 ], [ 4113502.930524912662804, 689104.89207676181104 ], [ 4113502.930524912662804, 689142.316594110685401 ], [ 4113529.39365491271019, 689168.779724110732786 ], [ 4113566.81817226158455, 689168.779724110732786 ], [ 4113604.24268961045891, 689168.779724110732786 ], [ 4113641.667206959333271, 689168.779724110732786 ], [ 4113668.130336959380656, 689195.242854110780172 ], [ 4113668.130336959380656, 689232.667371459654532 ], [ 4113668.130336959380656, 689270.091888808528893 ], [ 4113668.130336959380656, 689307.516406157403253 ], [ 4113694.593466959428042, 689333.979536157450639 ], [ 4113732.017984308302402, 689333.979536157450639 ], [ 4113769.442501657176763, 689333.979536157450639 ], [ 4113806.867019006051123, 689333.979536157450639 ], [ 4113833.330149006098509, 689360.442666157498024 ], [ 4113833.330149006098509, 689397.867183506372385 ], [ 4113833.330149006098509, 689435.291700855246745 ], [ 4113833.330149006098509, 689472.716218204121105 ], [ 4113859.793279006145895, 689499.179348204168491 ], [ 4113897.217796355020255, 689499.179348204168491 ], [ 4113934.642313703894615, 689499.179348204168491 ], [ 4113972.066831052768975, 689499.179348204168491 ], [ 4113972.066831052768975, 689536.603865553042851 ], [ 4113972.066831052768975, 689574.028382901917212 ], [ 4113972.066831052768975, 689611.452900250791572 ], [ 4113972.066831052768975, 689648.877417599665932 ], [ 4114009.491348401643336, 689648.877417599665932 ], [ 4114046.915865750517696, 689648.877417599665932 ], [ 4114084.340383099392056, 689648.877417599665932 ], [ 4114121.764900448266417, 689648.877417599665932 ], [ 4114159.189417797140777, 689648.877417599665932 ], [ 4114196.613935146015137, 689648.877417599665932 ], [ 4114234.038452494889498, 689648.877417599665932 ], [ 4114271.462969843763858, 689648.877417599665932 ], [ 4114308.887487192638218, 689648.877417599665932 ], [ 4114335.350617192685604, 689675.340547599713318 ], [ 4114335.350617192685604, 689712.765064948587678 ], [ 4114335.350617192685604, 689750.189582297462039 ], [ 4114335.350617192685604, 689787.614099646336399 ], [ 4114335.350617192685604, 689825.038616995210759 ], [ 4114372.775134541559964, 689825.038616995210759 ], [ 4114410.199651890434325, 689825.038616995210759 ], [ 4114447.624169239308685, 689825.038616995210759 ], [ 4114474.087299239356071, 689851.501746995258145 ], [ 4114474.087299239356071, 689888.926264344132505 ], [ 4114474.087299239356071, 689926.350781693006866 ], [ 4114474.087299239356071, 689963.775299041881226 ], [ 4114474.087299239356071, 690001.199816390755586 ], [ 4114511.511816588230431, 690001.199816390755586 ], [ 4114548.936333937104791, 690001.199816390755586 ], [ 4114586.360851285979152, 690001.199816390755586 ], [ 4114623.785368634853512, 690001.199816390755586 ], [ 4114650.248498634900898, 690027.662946390802972 ], [ 4114650.248498634900898, 690065.087463739677332 ], [ 4114650.248498634900898, 690102.511981088551693 ], [ 4114650.248498634900898, 690139.936498437426053 ], [ 4114676.711628634948283, 690166.399628437473439 ], [ 4114714.136145983822644, 690166.399628437473439 ], [ 4114751.560663332697004, 690166.399628437473439 ], [ 4114788.985180681571364, 690166.399628437473439 ], [ 4114826.409698030445725, 690166.399628437473439 ], [ 4114863.834215379320085, 690166.399628437473439 ], [ 4114901.258732728194445, 690166.399628437473439 ], [ 4114938.683250077068806, 690166.399628437473439 ], [ 4114976.107767425943166, 690166.399628437473439 ], [ 4114976.107767425943166, 690203.824145786347799 ], [ 4114976.107767425943166, 690241.248663135222159 ], [ 4114976.107767425943166, 690278.67318048409652 ], [ 4114976.107767425943166, 690316.09769783297088 ], [ 4114976.107767425943166, 690353.52221518184524 ], [ 4114976.107767425943166, 690390.946732530719601 ], [ 4114976.107767425943166, 690428.371249879593961 ], [ 4114976.107767425943166, 690465.795767228468321 ], [ 4115002.570897425990552, 690492.258897228515707 ], [ 4115039.995414774864912, 690492.258897228515707 ], [ 4115077.419932123739272, 690492.258897228515707 ], [ 4115114.844449472613633, 690492.258897228515707 ], [ 4115141.307579472661018, 690518.722027228563093 ], [ 4115141.307579472661018, 690556.146544577437453 ], [ 4115141.307579472661018, 690593.571061926311813 ], [ 4115141.307579472661018, 690630.995579275186174 ], [ 4115167.770709472708404, 690657.458709275233559 ], [ 4115205.195226821582764, 690657.458709275233559 ], [ 4115242.619744170457125, 690657.458709275233559 ], [ 4115280.044261519331485, 690657.458709275233559 ], [ 4115317.468778868205845, 690657.458709275233559 ], [ 4115354.893296217080206, 690657.458709275233559 ], [ 4115392.317813565954566, 690657.458709275233559 ], [ 4115429.742330914828926, 690657.458709275233559 ], [ 4115456.205460914876312, 690683.921839275280945 ], [ 4115456.205460914876312, 690721.346356624155305 ], [ 4115456.205460914876312, 690758.770873973029666 ], [ 4115456.205460914876312, 690796.195391321904026 ], [ 4115482.668590914923698, 690822.658521321951412 ], [ 4115520.093108263798058, 690822.658521321951412 ], [ 4115557.517625612672418, 690822.658521321951412 ], [ 4115594.942142961546779, 690822.658521321951412 ], [ 4115621.405272961594164, 690849.121651321998797 ], [ 4115621.405272961594164, 690886.546168670873158 ], [ 4115621.405272961594164, 690923.970686019747518 ], [ 4115621.405272961594164, 690961.395203368621878 ], [ 4115647.86840296164155, 690987.858333368669264 ], [ 4115685.29292031051591, 690987.858333368669264 ], [ 4115722.717437659390271, 690987.858333368669264 ], [ 4115760.141955008264631, 690987.858333368669264 ], [ 4115797.566472357138991, 690987.858333368669264 ], [ 4115797.566472357138991, 691025.282850717543624 ], [ 4115797.566472357138991, 691062.707368066417985 ], [ 4115797.566472357138991, 691100.131885415292345 ], [ 4115797.566472357138991, 691137.556402764166705 ], [ 4115834.990989706013352, 691137.556402764166705 ], [ 4115872.415507054887712, 691137.556402764166705 ], [ 4115909.840024403762072, 691137.556402764166705 ], [ 4115947.264541752636433, 691137.556402764166705 ], [ 4115984.689059101510793, 691137.556402764166705 ], [ 4116022.113576450385153, 691137.556402764166705 ], [ 4116059.538093799259514, 691137.556402764166705 ], [ 4116096.962611148133874, 691137.556402764166705 ], [ 4116123.42574114818126, 691164.019532764214091 ], [ 4116123.42574114818126, 691201.444050113088451 ], [ 4116123.42574114818126, 691238.868567461962812 ], [ 4116123.42574114818126, 691276.293084810837172 ], [ 4116123.42574114818126, 691313.717602159711532 ], [ 4116160.85025849705562, 691313.717602159711532 ], [ 4116198.27477584592998, 691313.717602159711532 ], [ 4116235.699293194804341, 691313.717602159711532 ], [ 4116273.123810543678701, 691313.717602159711532 ], [ 4116273.123810543678701, 691351.142119508585893 ], [ 4116273.123810543678701, 691388.566636857460253 ], [ 4116273.123810543678701, 691425.991154206334613 ], [ 4116273.123810543678701, 691463.415671555208974 ], [ 4116299.586940543726087, 691489.878801555256359 ], [ 4116337.011457892600447, 691489.878801555256359 ], [ 4116374.435975241474807, 691489.878801555256359 ], [ 4116411.860492590349168, 691489.878801555256359 ], [ 4116438.323622590396553, 691516.341931555303745 ], [ 4116438.323622590396553, 691553.766448904178105 ], [ 4116438.323622590396553, 691591.190966253052466 ], [ 4116438.323622590396553, 691628.615483601926826 ], [ 4116464.786752590443939, 691655.078613601974212 ], [ 4116502.211269939318299, 691655.078613601974212 ], [ 4116539.63578728819266, 691655.078613601974212 ], [ 4116577.06030463706702, 691655.078613601974212 ], [ 4116614.48482198594138, 691655.078613601974212 ], [ 4116651.909339334815741, 691655.078613601974212 ], [ 4116689.333856683690101, 691655.078613601974212 ], [ 4116726.758374032564461, 691655.078613601974212 ], [ 4116764.182891381438822, 691655.078613601974212 ], [ 4116790.646021381486207, 691681.541743602021597 ], [ 4116790.646021381486207, 691718.966260950895958 ], [ 4116790.646021381486207, 691756.390778299770318 ], [ 4116790.646021381486207, 691793.815295648644678 ], [ 4116790.646021381486207, 691831.239812997519039 ], [ 4116790.646021381486207, 691868.664330346393399 ], [ 4116790.646021381486207, 691906.088847695267759 ], [ 4116790.646021381486207, 691943.51336504414212 ], [ 4116790.646021381486207, 691980.93788239301648 ], [ 4116828.070538730360568, 691980.93788239301648 ], [ 4116865.495056079234928, 691980.93788239301648 ], [ 4116902.919573428109288, 691980.93788239301648 ], [ 4116940.344090776983649, 691980.93788239301648 ], [ 4116940.344090776983649, 692018.36239974189084 ], [ 4116940.344090776983649, 692055.786917090765201 ], [ 4116940.344090776983649, 692093.211434439639561 ], [ 4116940.344090776983649, 692130.635951788513921 ], [ 4116977.768608125858009, 692130.635951788513921 ], [ 4117015.193125474732369, 692130.635951788513921 ], [ 4117052.61764282360673, 692130.635951788513921 ], [ 4117090.04216017248109, 692130.635951788513921 ], [ 4117127.46667752135545, 692130.635951788513921 ], [ 4117164.89119487022981, 692130.635951788513921 ], [ 4117202.315712219104171, 692130.635951788513921 ], [ 4117239.740229567978531, 692130.635951788513921 ], [ 4117266.203359568025917, 692157.099081788561307 ], [ 4117266.203359568025917, 692194.523599137435667 ], [ 4117266.203359568025917, 692231.948116486310028 ], [ 4117266.203359568025917, 692269.372633835184388 ], [ 4117266.203359568025917, 692306.797151184058748 ], [ 4117266.203359568025917, 692344.221668532933109 ], [ 4117266.203359568025917, 692381.646185881807469 ], [ 4117266.203359568025917, 692419.070703230681829 ], [ 4117266.203359568025917, 692456.495220579556189 ], [ 4117266.203359568025917, 692493.91973792843055 ], [ 4117228.778842219151556, 692493.91973792843055 ], [ 4117191.354324870277196, 692493.91973792843055 ], [ 4117153.929807521402836, 692493.91973792843055 ], [ 4117116.505290172528476, 692493.91973792843055 ], [ 4117116.505290172528476, 692531.34425527730491 ], [ 4117116.505290172528476, 692568.76877262617927 ], [ 4117116.505290172528476, 692606.193289975053631 ], [ 4117116.505290172528476, 692643.617807323927991 ], [ 4117090.04216017248109, 692670.080937323975377 ], [ 4117052.61764282360673, 692670.080937323975377 ], [ 4117015.193125474732369, 692670.080937323975377 ], [ 4116977.768608125858009, 692670.080937323975377 ], [ 4116940.344090776983649, 692670.080937323975377 ], [ 4116940.344090776983649, 692707.505454672849737 ], [ 4116940.344090776983649, 692744.929972021724097 ], [ 4116940.344090776983649, 692782.354489370598458 ], [ 4116940.344090776983649, 692819.779006719472818 ], [ 4116902.919573428109288, 692819.779006719472818 ], [ 4116865.495056079234928, 692819.779006719472818 ], [ 4116828.070538730360568, 692819.779006719472818 ], [ 4116790.646021381486207, 692819.779006719472818 ], [ 4116790.646021381486207, 692857.203524068347178 ], [ 4116790.646021381486207, 692894.628041417221539 ], [ 4116790.646021381486207, 692932.052558766095899 ], [ 4116790.646021381486207, 692969.477076114970259 ], [ 4116790.646021381486207, 693006.90159346384462 ], [ 4116790.646021381486207, 693044.32611081271898 ], [ 4116790.646021381486207, 693081.75062816159334 ], [ 4116790.646021381486207, 693119.175145510467701 ], [ 4116790.646021381486207, 693156.599662859342061 ], [ 4116753.221504032611847, 693156.599662859342061 ], [ 4116715.796986683737487, 693156.599662859342061 ], [ 4116678.372469334863126, 693156.599662859342061 ], [ 4116640.947951985988766, 693156.599662859342061 ], [ 4116640.947951985988766, 693194.024180208216421 ], [ 4116640.947951985988766, 693231.448697557090782 ], [ 4116640.947951985988766, 693268.873214905965142 ], [ 4116640.947951985988766, 693306.297732254839502 ], [ 4116640.947951985988766, 693343.722249603713863 ], [ 4116640.947951985988766, 693381.146766952588223 ], [ 4116640.947951985988766, 693418.571284301462583 ], [ 4116640.947951985988766, 693455.995801650336944 ], [ 4116640.947951985988766, 693493.420318999211304 ], [ 4116640.947951985988766, 693530.844836348085664 ], [ 4116640.947951985988766, 693568.269353696960025 ], [ 4116640.947951985988766, 693605.693871045834385 ], [ 4116640.947951985988766, 693643.118388394708745 ], [ 4116640.947951985988766, 693680.542905743583106 ], [ 4116640.947951985988766, 693717.967423092457466 ], [ 4116640.947951985988766, 693755.391940441331826 ], [ 4116640.947951985988766, 693792.816457790206186 ], [ 4116614.48482198594138, 693819.279587790253572 ], [ 4116577.06030463706702, 693819.279587790253572 ], [ 4116539.63578728819266, 693819.279587790253572 ], [ 4116502.211269939318299, 693819.279587790253572 ], [ 4116464.786752590443939, 693819.279587790253572 ], [ 4116438.323622590396553, 693845.742717790300958 ], [ 4116438.323622590396553, 693883.167235139175318 ], [ 4116438.323622590396553, 693920.591752488049679 ], [ 4116438.323622590396553, 693958.016269836924039 ], [ 4116438.323622590396553, 693995.440787185798399 ], [ 4116438.323622590396553, 694032.865304534672759 ], [ 4116438.323622590396553, 694070.28982188354712 ], [ 4116438.323622590396553, 694107.71433923242148 ], [ 4116438.323622590396553, 694145.13885658129584 ], [ 4116438.323622590396553, 694182.563373930170201 ], [ 4116438.323622590396553, 694219.987891279044561 ], [ 4116438.323622590396553, 694257.412408627918921 ], [ 4116438.323622590396553, 694294.836925976793282 ], [ 4116411.860492590349168, 694321.300055976840667 ], [ 4116374.435975241474807, 694321.300055976840667 ], [ 4116337.011457892600447, 694321.300055976840667 ], [ 4116299.586940543726087, 694321.300055976840667 ], [ 4116273.123810543678701, 694347.763185976888053 ], [ 4116273.123810543678701, 694385.187703325762413 ], [ 4116273.123810543678701, 694422.612220674636774 ], [ 4116273.123810543678701, 694460.036738023511134 ], [ 4116273.123810543678701, 694497.461255372385494 ], [ 4116273.123810543678701, 694534.885772721259855 ], [ 4116273.123810543678701, 694572.310290070134215 ], [ 4116273.123810543678701, 694609.734807419008575 ], [ 4116273.123810543678701, 694647.159324767882936 ], [ 4116273.123810543678701, 694684.583842116757296 ], [ 4116273.123810543678701, 694722.008359465631656 ], [ 4116273.123810543678701, 694759.432876814506017 ], [ 4116273.123810543678701, 694796.857394163380377 ], [ 4116273.123810543678701, 694834.281911512254737 ], [ 4116273.123810543678701, 694871.706428861129098 ], [ 4116273.123810543678701, 694909.130946210003458 ], [ 4116273.123810543678701, 694946.555463558877818 ], [ 4116273.123810543678701, 694983.979980907752179 ], [ 4116273.123810543678701, 695021.404498256626539 ], [ 4116273.123810543678701, 695058.829015605500899 ], [ 4116273.123810543678701, 695096.25353295437526 ], [ 4116273.123810543678701, 695133.67805030324962 ], [ 4116235.699293194804341, 695133.67805030324962 ], [ 4116198.27477584592998, 695133.67805030324962 ], [ 4116160.85025849705562, 695133.67805030324962 ], [ 4116123.42574114818126, 695133.67805030324962 ], [ 4116123.42574114818126, 695171.10256765212398 ], [ 4116123.42574114818126, 695208.527085000998341 ], [ 4116123.42574114818126, 695245.951602349872701 ], [ 4116123.42574114818126, 695283.376119698747061 ], [ 4116123.42574114818126, 695320.800637047621422 ], [ 4116123.42574114818126, 695358.225154396495782 ], [ 4116123.42574114818126, 695395.649671745370142 ], [ 4116123.42574114818126, 695433.074189094244502 ], [ 4116123.42574114818126, 695470.498706443118863 ], [ 4116123.42574114818126, 695507.923223791993223 ], [ 4116123.42574114818126, 695545.347741140867583 ], [ 4116123.42574114818126, 695582.772258489741944 ], [ 4116123.42574114818126, 695620.196775838616304 ], [ 4116160.85025849705562, 695620.196775838616304 ], [ 4116198.27477584592998, 695620.196775838616304 ], [ 4116235.699293194804341, 695620.196775838616304 ], [ 4116273.123810543678701, 695620.196775838616304 ], [ 4116273.123810543678701, 695657.621293187490664 ], [ 4116273.123810543678701, 695695.045810536365025 ], [ 4116273.123810543678701, 695732.470327885239385 ], [ 4116273.123810543678701, 695769.894845234113745 ], [ 4116310.548327892553061, 695769.894845234113745 ], [ 4116347.972845241427422, 695769.894845234113745 ], [ 4116385.397362590301782, 695769.894845234113745 ], [ 4116422.821879939176142, 695769.894845234113745 ], [ 4116449.285009939223528, 695796.357975234161131 ], [ 4116449.285009939223528, 695833.782492583035491 ], [ 4116449.285009939223528, 695871.207009931909852 ], [ 4116449.285009939223528, 695908.631527280784212 ], [ 4116449.285009939223528, 695946.056044629658572 ], [ 4116449.285009939223528, 695983.480561978532933 ], [ 4116449.285009939223528, 696020.905079327407293 ], [ 4116449.285009939223528, 696058.329596676281653 ], [ 4116449.285009939223528, 696095.754114025156014 ], [ 4116475.748139939270914, 696122.217244025203399 ], [ 4116513.172657288145274, 696122.217244025203399 ], [ 4116550.597174637019634, 696122.217244025203399 ], [ 4116588.021691985893995, 696122.217244025203399 ], [ 4116625.446209334768355, 696122.217244025203399 ], [ 4116625.446209334768355, 696159.64176137407776 ], [ 4116625.446209334768355, 696197.06627872295212 ], [ 4116625.446209334768355, 696234.49079607182648 ], [ 4116625.446209334768355, 696271.915313420700841 ], [ 4116662.870726683642715, 696271.915313420700841 ], [ 4116700.295244032517076, 696271.915313420700841 ], [ 4116737.719761381391436, 696271.915313420700841 ], [ 4116775.144278730265796, 696271.915313420700841 ], [ 4116775.144278730265796, 696309.339830769575201 ], [ 4116775.144278730265796, 696346.764348118449561 ], [ 4116775.144278730265796, 696384.188865467323922 ], [ 4116775.144278730265796, 696421.613382816198282 ], [ 4116775.144278730265796, 696459.037900165072642 ], [ 4116775.144278730265796, 696496.462417513947003 ], [ 4116775.144278730265796, 696533.886934862821363 ], [ 4116775.144278730265796, 696571.311452211695723 ], [ 4116775.144278730265796, 696608.735969560570084 ], [ 4116812.568796079140157, 696608.735969560570084 ], [ 4116849.993313428014517, 696608.735969560570084 ], [ 4116887.417830776888877, 696608.735969560570084 ], [ 4116924.842348125763237, 696608.735969560570084 ], [ 4116951.305478125810623, 696635.199099560617469 ], [ 4116951.305478125810623, 696672.62361690949183 ], [ 4116951.305478125810623, 696710.04813425836619 ], [ 4116951.305478125810623, 696747.47265160724055 ], [ 4116951.305478125810623, 696784.897168956114911 ], [ 4116988.729995474684983, 696784.897168956114911 ], [ 4117026.154512823559344, 696784.897168956114911 ], [ 4117063.579030172433704, 696784.897168956114911 ], [ 4117101.003547521308064, 696784.897168956114911 ], [ 4117101.003547521308064, 696822.321686304989271 ], [ 4117101.003547521308064, 696859.746203653863631 ], [ 4117101.003547521308064, 696897.170721002737992 ], [ 4117101.003547521308064, 696934.595238351612352 ], [ 4117138.428064870182425, 696934.595238351612352 ], [ 4117175.852582219056785, 696934.595238351612352 ], [ 4117213.277099567931145, 696934.595238351612352 ], [ 4117250.701616916805506, 696934.595238351612352 ], [ 4117277.164746916852891, 696961.058368351659738 ], [ 4117277.164746916852891, 696998.482885700534098 ], [ 4117277.164746916852891, 697035.907403049408458 ], [ 4117277.164746916852891, 697073.331920398282818 ], [ 4117277.164746916852891, 697110.756437747157179 ], [ 4117314.589264265727252, 697110.756437747157179 ], [ 4117352.013781614601612, 697110.756437747157179 ], [ 4117389.438298963475972, 697110.756437747157179 ], [ 4117426.862816312350333, 697110.756437747157179 ], [ 4117453.325946312397718, 697137.219567747204565 ], [ 4117453.325946312397718, 697174.644085096078925 ], [ 4117453.325946312397718, 697212.068602444953285 ], [ 4117453.325946312397718, 697249.493119793827645 ], [ 4117479.789076312445104, 697275.956249793875031 ], [ 4117517.213593661319464, 697275.956249793875031 ], [ 4117554.638111010193825, 697275.956249793875031 ], [ 4117592.062628359068185, 697275.956249793875031 ], [ 4117618.525758359115571, 697302.419379793922417 ], [ 4117618.525758359115571, 697339.843897142796777 ], [ 4117618.525758359115571, 697377.268414491671138 ], [ 4117618.525758359115571, 697414.692931840545498 ], [ 4117644.988888359162956, 697441.156061840592884 ], [ 4117682.413405708037317, 697441.156061840592884 ], [ 4117719.837923056911677, 697441.156061840592884 ], [ 4117757.262440405786037, 697441.156061840592884 ], [ 4117757.262440405786037, 697478.580579189467244 ], [ 4117757.262440405786037, 697516.005096538341604 ], [ 4117757.262440405786037, 697553.429613887215964 ], [ 4117757.262440405786037, 697590.854131236090325 ], [ 4117794.686957754660398, 697590.854131236090325 ], [ 4117832.111475103534758, 697590.854131236090325 ], [ 4117869.535992452409118, 697590.854131236090325 ], [ 4117906.960509801283479, 697590.854131236090325 ], [ 4117933.423639801330864, 697617.317261236137711 ], [ 4117933.423639801330864, 697654.741778585012071 ], [ 4117933.423639801330864, 697692.166295933886431 ], [ 4117933.423639801330864, 697729.590813282760791 ], [ 4117933.423639801330864, 697767.015330631635152 ], [ 4117970.848157150205225, 697767.015330631635152 ], [ 4118008.272674499079585, 697767.015330631635152 ], [ 4118045.697191847953945, 697767.015330631635152 ], [ 4118083.121709196828306, 697767.015330631635152 ], [ 4118109.584839196875691, 697793.478460631682537 ], [ 4118109.584839196875691, 697830.902977980556898 ], [ 4118109.584839196875691, 697868.327495329431258 ], [ 4118109.584839196875691, 697905.752012678305618 ], [ 4118109.584839196875691, 697943.176530027179979 ], [ 4118109.584839196875691, 697980.601047376054339 ], [ 4118109.584839196875691, 698018.025564724928699 ], [ 4118109.584839196875691, 698055.45008207380306 ], [ 4118109.584839196875691, 698092.87459942267742 ], [ 4118147.009356545750052, 698092.87459942267742 ], [ 4118184.433873894624412, 698092.87459942267742 ], [ 4118221.858391243498772, 698092.87459942267742 ], [ 4118259.282908592373133, 698092.87459942267742 ], [ 4118259.282908592373133, 698130.29911677155178 ], [ 4118259.282908592373133, 698167.723634120426141 ], [ 4118259.282908592373133, 698205.148151469300501 ], [ 4118259.282908592373133, 698242.572668818174861 ], [ 4118285.746038592420518, 698269.035798818222247 ], [ 4118323.170555941294879, 698269.035798818222247 ], [ 4118360.595073290169239, 698269.035798818222247 ], [ 4118398.019590639043599, 698269.035798818222247 ], [ 4118424.482720639090985, 698295.498928818269633 ], [ 4118424.482720639090985, 698332.923446167143993 ], [ 4118424.482720639090985, 698370.347963516018353 ], [ 4118424.482720639090985, 698407.772480864892714 ], [ 4118424.482720639090985, 698445.196998213767074 ], [ 4118424.482720639090985, 698482.621515562641434 ], [ 4118424.482720639090985, 698520.046032911515795 ], [ 4118424.482720639090985, 698557.470550260390155 ], [ 4118424.482720639090985, 698594.895067609264515 ], [ 4118461.907237987965345, 698594.895067609264515 ], [ 4118499.331755336839706, 698594.895067609264515 ], [ 4118536.756272685714066, 698594.895067609264515 ], [ 4118574.180790034588426, 698594.895067609264515 ], [ 4118574.180790034588426, 698632.319584958138876 ], [ 4118574.180790034588426, 698669.744102307013236 ], [ 4118574.180790034588426, 698707.168619655887596 ], [ 4118574.180790034588426, 698744.593137004761957 ], [ 4118611.605307383462787, 698744.593137004761957 ], [ 4118649.029824732337147, 698744.593137004761957 ], [ 4118686.454342081211507, 698744.593137004761957 ], [ 4118723.878859430085868, 698744.593137004761957 ], [ 4118750.341989430133253, 698771.056267004809342 ], [ 4118750.341989430133253, 698808.480784353683703 ], [ 4118750.341989430133253, 698845.905301702558063 ], [ 4118750.341989430133253, 698883.329819051432423 ], [ 4118750.341989430133253, 698920.754336400306784 ], [ 4118750.341989430133253, 698958.178853749181144 ], [ 4118750.341989430133253, 698995.603371098055504 ], [ 4118750.341989430133253, 699033.027888446929865 ], [ 4118750.341989430133253, 699070.452405795804225 ], [ 4118776.805119430180639, 699096.915535795851611 ], [ 4118814.229636779054999, 699096.915535795851611 ], [ 4118851.65415412792936, 699096.915535795851611 ], [ 4118889.07867147680372, 699096.915535795851611 ], [ 4118926.50318882567808, 699096.915535795851611 ], [ 4118926.50318882567808, 699134.340053144725971 ], [ 4118926.50318882567808, 699171.764570493600331 ], [ 4118926.50318882567808, 699209.189087842474692 ], [ 4118926.50318882567808, 699246.613605191349052 ], [ 4118926.50318882567808, 699284.038122540223412 ], [ 4118926.50318882567808, 699321.462639889097773 ], [ 4118926.50318882567808, 699358.887157237972133 ], [ 4118926.50318882567808, 699396.311674586846493 ], [ 4118926.50318882567808, 699433.736191935720854 ], [ 4118889.07867147680372, 699433.736191935720854 ], [ 4118851.65415412792936, 699433.736191935720854 ], [ 4118814.229636779054999, 699433.736191935720854 ], [ 4118776.805119430180639, 699433.736191935720854 ], [ 4118739.380602081306279, 699433.736191935720854 ], [ 4118739.380602081306279, 699471.160709284595214 ], [ 4118739.380602081306279, 699508.585226633469574 ], [ 4118739.380602081306279, 699546.009743982343934 ], [ 4118739.380602081306279, 699583.434261331218295 ], [ 4118739.380602081306279, 699620.858778680092655 ], [ 4118739.380602081306279, 699658.283296028967015 ], [ 4118739.380602081306279, 699695.707813377841376 ], [ 4118739.380602081306279, 699733.132330726715736 ], [ 4118739.380602081306279, 699770.556848075590096 ], [ 4118739.380602081306279, 699807.981365424464457 ], [ 4118739.380602081306279, 699845.405882773338817 ], [ 4118739.380602081306279, 699882.830400122213177 ], [ 4118739.380602081306279, 699920.254917471087538 ], [ 4118739.380602081306279, 699957.679434819961898 ], [ 4118739.380602081306279, 699995.103952168836258 ], [ 4118739.380602081306279, 700032.528469517710619 ], [ 4118739.380602081306279, 700069.952986866584979 ], [ 4118712.917472081258893, 700096.416116866632365 ], [ 4118675.492954732384533, 700096.416116866632365 ], [ 4118638.068437383510172, 700096.416116866632365 ], [ 4118600.643920034635812, 700096.416116866632365 ], [ 4118574.180790034588426, 700122.87924686667975 ], [ 4118574.180790034588426, 700160.303764215554111 ], [ 4118574.180790034588426, 700197.728281564428471 ], [ 4118574.180790034588426, 700235.152798913302831 ], [ 4118574.180790034588426, 700272.577316262177192 ], [ 4118574.180790034588426, 700310.001833611051552 ], [ 4118574.180790034588426, 700347.426350959925912 ], [ 4118574.180790034588426, 700384.850868308800273 ], [ 4118574.180790034588426, 700422.275385657674633 ], [ 4118547.717660034541041, 700448.738515657722019 ], [ 4118510.29314268566668, 700448.738515657722019 ], [ 4118472.86862533679232, 700448.738515657722019 ], [ 4118435.44410798791796, 700448.738515657722019 ], [ 4118435.44410798791796, 700486.163033006596379 ], [ 4118435.44410798791796, 700523.587550355470739 ], [ 4118435.44410798791796, 700561.0120677043451 ], [ 4118435.44410798791796, 700598.43658505321946 ], [ 4118435.44410798791796, 700635.86110240209382 ], [ 4118435.44410798791796, 700673.285619750968181 ], [ 4118435.44410798791796, 700710.710137099842541 ], [ 4118435.44410798791796, 700748.134654448716901 ], [ 4118435.44410798791796, 700785.559171797591262 ], [ 4118435.44410798791796, 700822.983689146465622 ], [ 4118435.44410798791796, 700860.408206495339982 ], [ 4118435.44410798791796, 700897.832723844214343 ], [ 4118435.44410798791796, 700935.257241193088703 ], [ 4118435.44410798791796, 700972.681758541963063 ], [ 4118435.44410798791796, 701010.106275890837424 ], [ 4118435.44410798791796, 701047.530793239711784 ], [ 4118435.44410798791796, 701084.955310588586144 ], [ 4118408.980977987870574, 701111.41844058863353 ], [ 4118371.556460638996214, 701111.41844058863353 ], [ 4118334.131943290121853, 701111.41844058863353 ], [ 4118296.707425941247493, 701111.41844058863353 ], [ 4118259.282908592373133, 701111.41844058863353 ], [ 4118259.282908592373133, 701148.84295793750789 ], [ 4118259.282908592373133, 701186.26747528638225 ], [ 4118259.282908592373133, 701223.691992635256611 ], [ 4118259.282908592373133, 701261.116509984130971 ], [ 4118221.858391243498772, 701261.116509984130971 ], [ 4118184.433873894624412, 701261.116509984130971 ], [ 4118147.009356545750052, 701261.116509984130971 ], [ 4118109.584839196875691, 701261.116509984130971 ], [ 4118109.584839196875691, 701298.541027333005331 ], [ 4118109.584839196875691, 701335.965544681879692 ], [ 4118109.584839196875691, 701373.390062030754052 ], [ 4118109.584839196875691, 701410.814579379628412 ], [ 4118147.009356545750052, 701410.814579379628412 ], [ 4118184.433873894624412, 701410.814579379628412 ], [ 4118221.858391243498772, 701410.814579379628412 ], [ 4118259.282908592373133, 701410.814579379628412 ], [ 4118259.282908592373133, 701448.239096728502773 ], [ 4118259.282908592373133, 701485.663614077377133 ], [ 4118259.282908592373133, 701523.088131426251493 ], [ 4118259.282908592373133, 701560.512648775125854 ], [ 4118232.819778592325747, 701586.975778775173239 ], [ 4118195.395261243451387, 701586.975778775173239 ], [ 4118157.970743894577026, 701586.975778775173239 ], [ 4118120.546226545702666, 701586.975778775173239 ], [ 4118120.546226545702666, 701624.4002961240476 ], [ 4118120.546226545702666, 701661.82481347292196 ], [ 4118120.546226545702666, 701699.24933082179632 ], [ 4118120.546226545702666, 701736.673848170670681 ], [ 4118094.08309654565528, 701763.136978170718066 ], [ 4118056.65857919678092, 701763.136978170718066 ], [ 4118019.23406184790656, 701763.136978170718066 ], [ 4117981.809544499032199, 701763.136978170718066 ], [ 4117944.385027150157839, 701763.136978170718066 ], [ 4117917.921897150110453, 701789.600108170765452 ], [ 4117917.921897150110453, 701827.024625519639812 ], [ 4117917.921897150110453, 701864.449142868514173 ], [ 4117917.921897150110453, 701901.873660217388533 ], [ 4117917.921897150110453, 701939.298177566262893 ], [ 4117917.921897150110453, 701976.722694915137254 ], [ 4117917.921897150110453, 702014.147212264011614 ], [ 4117917.921897150110453, 702051.571729612885974 ], [ 4117917.921897150110453, 702088.996246961760335 ], [ 4117880.497379801236093, 702088.996246961760335 ], [ 4117843.072862452361733, 702088.996246961760335 ], [ 4117805.648345103487372, 702088.996246961760335 ], [ 4117768.223827754613012, 702088.996246961760335 ], [ 4117768.223827754613012, 702126.420764310634695 ], [ 4117768.223827754613012, 702163.845281659509055 ], [ 4117768.223827754613012, 702201.269799008383416 ], [ 4117768.223827754613012, 702238.694316357257776 ], [ 4117768.223827754613012, 702276.118833706132136 ], [ 4117768.223827754613012, 702313.543351055006497 ], [ 4117768.223827754613012, 702350.967868403880857 ], [ 4117768.223827754613012, 702388.392385752755217 ], [ 4117768.223827754613012, 702425.816903101629578 ], [ 4117768.223827754613012, 702463.241420450503938 ], [ 4117768.223827754613012, 702500.665937799378298 ], [ 4117768.223827754613012, 702538.090455148252659 ], [ 4117768.223827754613012, 702575.514972497127019 ], [ 4117730.799310405738652, 702575.514972497127019 ], [ 4117693.374793056864291, 702575.514972497127019 ], [ 4117655.950275707989931, 702575.514972497127019 ], [ 4117618.525758359115571, 702575.514972497127019 ], [ 4117618.525758359115571, 702612.939489846001379 ], [ 4117618.525758359115571, 702650.36400719487574 ], [ 4117618.525758359115571, 702687.7885245437501 ], [ 4117618.525758359115571, 702725.21304189262446 ], [ 4117618.525758359115571, 702762.63755924149882 ], [ 4117618.525758359115571, 702800.062076590373181 ], [ 4117618.525758359115571, 702837.486593939247541 ], [ 4117618.525758359115571, 702874.911111288121901 ], [ 4117618.525758359115571, 702912.335628636996262 ], [ 4117581.10124101024121, 702912.335628636996262 ], [ 4117543.67672366136685, 702912.335628636996262 ], [ 4117506.25220631249249, 702912.335628636996262 ], [ 4117468.827688963618129, 702912.335628636996262 ], [ 4117442.364558963570744, 702938.798758637043647 ], [ 4117442.364558963570744, 702976.223275985918008 ], [ 4117442.364558963570744, 703013.647793334792368 ], [ 4117442.364558963570744, 703051.072310683666728 ], [ 4117442.364558963570744, 703088.496828032541089 ], [ 4117442.364558963570744, 703125.921345381415449 ], [ 4117442.364558963570744, 703163.345862730289809 ], [ 4117442.364558963570744, 703200.77038007916417 ], [ 4117442.364558963570744, 703238.19489742803853 ], [ 4117442.364558963570744, 703275.61941477691289 ], [ 4117442.364558963570744, 703313.043932125787251 ], [ 4117442.364558963570744, 703350.468449474661611 ], [ 4117442.364558963570744, 703387.892966823535971 ], [ 4117479.789076312445104, 703387.892966823535971 ], [ 4117517.213593661319464, 703387.892966823535971 ], [ 4117554.638111010193825, 703387.892966823535971 ], [ 4117592.062628359068185, 703387.892966823535971 ], [ 4117618.525758359115571, 703414.356096823583357 ], [ 4117618.525758359115571, 703451.780614172457717 ], [ 4117618.525758359115571, 703489.205131521332078 ], [ 4117618.525758359115571, 703526.629648870206438 ], [ 4117618.525758359115571, 703564.054166219080798 ], [ 4117655.950275707989931, 703564.054166219080798 ], [ 4117693.374793056864291, 703564.054166219080798 ], [ 4117730.799310405738652, 703564.054166219080798 ], [ 4117768.223827754613012, 703564.054166219080798 ], [ 4117805.648345103487372, 703564.054166219080798 ], [ 4117843.072862452361733, 703564.054166219080798 ], [ 4117880.497379801236093, 703564.054166219080798 ], [ 4117917.921897150110453, 703564.054166219080798 ], [ 4117917.921897150110453, 703601.478683567955159 ], [ 4117917.921897150110453, 703638.903200916829519 ], [ 4117917.921897150110453, 703676.327718265703879 ], [ 4117917.921897150110453, 703713.75223561457824 ], [ 4117955.346414498984814, 703713.75223561457824 ], [ 4117992.770931847859174, 703713.75223561457824 ], [ 4118030.195449196733534, 703713.75223561457824 ], [ 4118067.619966545607895, 703713.75223561457824 ], [ 4118105.044483894482255, 703713.75223561457824 ], [ 4118142.469001243356615, 703713.75223561457824 ], [ 4118179.893518592230976, 703713.75223561457824 ], [ 4118217.318035941105336, 703713.75223561457824 ], [ 4118254.742553289979696, 703713.75223561457824 ], [ 4118281.205683290027082, 703740.215365614625625 ], [ 4118281.205683290027082, 703777.639882963499986 ], [ 4118281.205683290027082, 703815.064400312374346 ], [ 4118281.205683290027082, 703852.488917661248706 ], [ 4118281.205683290027082, 703889.913435010123067 ], [ 4118281.205683290027082, 703927.337952358997427 ], [ 4118281.205683290027082, 703964.762469707871787 ], [ 4118281.205683290027082, 704002.186987056746148 ], [ 4118281.205683290027082, 704039.611504405620508 ], [ 4118318.630200638901442, 704039.611504405620508 ], [ 4118356.054717987775803, 704039.611504405620508 ], [ 4118393.479235336650163, 704039.611504405620508 ], [ 4118430.903752685524523, 704039.611504405620508 ], [ 4118468.328270034398884, 704039.611504405620508 ], [ 4118505.752787383273244, 704039.611504405620508 ], [ 4118543.177304732147604, 704039.611504405620508 ], [ 4118580.601822081021965, 704039.611504405620508 ], [ 4118618.026339429896325, 704039.611504405620508 ], [ 4118655.450856778770685, 704039.611504405620508 ], [ 4118692.875374127645046, 704039.611504405620508 ], [ 4118730.299891476519406, 704039.611504405620508 ], [ 4118736.312520863022655, 704079.306199405575171 ], [ 4118734.840246779844165, 704119.000894405529834 ], [ 4118734.840246779844165, 704156.425411754404195 ], [ 4118734.840246779844165, 704193.849929103278555 ], [ 4118761.303376779891551, 704220.313059103325941 ], [ 4118798.727894128765911, 704220.313059103325941 ], [ 4118836.152411477640271, 704220.313059103325941 ], [ 4118873.576928826514632, 704220.313059103325941 ], [ 4118911.001446175388992, 704220.313059103325941 ], [ 4118937.464576175436378, 704246.776189103373326 ], [ 4118937.464576175436378, 704284.200706452247687 ], [ 4118937.464576175436378, 704321.625223801122047 ], [ 4118937.464576175436378, 704359.049741149996407 ], [ 4118937.464576175436378, 704396.474258498870768 ], [ 4118937.464576175436378, 704433.898775847745128 ], [ 4118937.464576175436378, 704471.323293196619488 ], [ 4118937.464576175436378, 704508.747810545493849 ], [ 4118937.464576175436378, 704546.172327894368209 ], [ 4118974.889093524310738, 704546.172327894368209 ], [ 4119012.313610873185098, 704546.172327894368209 ], [ 4119049.738128222059458, 704546.172327894368209 ], [ 4119087.162645570933819, 704546.172327894368209 ], [ 4119124.587162919808179, 704546.172327894368209 ], [ 4119162.011680268682539, 704546.172327894368209 ], [ 4119199.4361976175569, 704546.172327894368209 ], [ 4119236.86071496643126, 704546.172327894368209 ], [ 4119274.28523231530562, 704546.172327894368209 ], [ 4119311.709749664179981, 704546.172327894368209 ], [ 4119349.134267013054341, 704546.172327894368209 ], [ 4119386.558784361928701, 704546.172327894368209 ], [ 4119396.313865483272821, 704585.867022894322872 ], [ 4119394.84159140009433, 704625.561717894277535 ], [ 4119394.84159140009433, 704662.986235243151896 ], [ 4119394.84159140009433, 704700.410752592026256 ], [ 4119394.84159140009433, 704737.835269940900616 ], [ 4119394.84159140009433, 704775.259787289774977 ], [ 4119394.84159140009433, 704812.684304638649337 ], [ 4119394.84159140009433, 704850.108821987523697 ], [ 4119394.84159140009433, 704887.533339336398058 ], [ 4119432.266108748968691, 704887.533339336398058 ], [ 4119469.690626097843051, 704887.533339336398058 ], [ 4119507.115143446717411, 704887.533339336398058 ], [ 4119544.539660795591772, 704887.533339336398058 ], [ 4119581.964178144466132, 704887.533339336398058 ], [ 4119619.388695493340492, 704887.533339336398058 ], [ 4119656.813212842214853, 704887.533339336398058 ], [ 4119694.237730191089213, 704887.533339336398058 ], [ 4119731.662247539963573, 704887.533339336398058 ], [ 4119758.125377540010959, 704913.996469336445443 ], [ 4119758.125377540010959, 704951.420986685319804 ], [ 4119758.125377540010959, 704988.845504034194164 ], [ 4119758.125377540010959, 705026.270021383068524 ], [ 4119784.588507540058345, 705052.73315138311591 ], [ 4119822.013024888932705, 705052.73315138311591 ], [ 4119859.437542237807065, 705052.73315138311591 ], [ 4119896.862059586681426, 705052.73315138311591 ], [ 4119934.286576935555786, 705052.73315138311591 ], [ 4119971.711094284430146, 705052.73315138311591 ], [ 4120009.135611633304507, 705052.73315138311591 ], [ 4120046.560128982178867, 705052.73315138311591 ], [ 4120073.023258982226253, 705079.196281383163296 ], [ 4120073.023258982226253, 705116.620798732037656 ], [ 4120073.023258982226253, 705154.045316080912016 ], [ 4120073.023258982226253, 705191.469833429786377 ], [ 4120099.486388982273638, 705217.932963429833762 ], [ 4120136.910906331147999, 705217.932963429833762 ], [ 4120174.335423680022359, 705217.932963429833762 ], [ 4120211.759941028896719, 705217.932963429833762 ], [ 4120238.223071028944105, 705244.396093429881148 ], [ 4120238.223071028944105, 705281.820610778755508 ], [ 4120238.223071028944105, 705319.245128127629869 ], [ 4120238.223071028944105, 705356.669645476504229 ], [ 4120264.686201028991491, 705383.132775476551615 ], [ 4120302.110718377865851, 705383.132775476551615 ], [ 4120339.535235726740211, 705383.132775476551615 ], [ 4120376.959753075614572, 705383.132775476551615 ], [ 4120403.422883075661957, 705409.595905476599 ], [ 4120403.422883075661957, 705447.020422825473361 ], [ 4120403.422883075661957, 705484.444940174347721 ], [ 4120403.422883075661957, 705521.869457523222081 ], [ 4120429.886013075709343, 705548.332587523269467 ], [ 4120467.310530424583703, 705548.332587523269467 ], [ 4120504.735047773458064, 705548.332587523269467 ], [ 4120542.159565122332424, 705548.332587523269467 ], [ 4120568.62269512237981, 705574.795717523316853 ], [ 4120568.62269512237981, 705612.220234872191213 ], [ 4120568.62269512237981, 705649.644752221065573 ], [ 4120568.62269512237981, 705687.069269569939934 ], [ 4120595.085825122427195, 705713.532399569987319 ], [ 4120632.510342471301556, 705713.532399569987319 ], [ 4120669.934859820175916, 705713.532399569987319 ], [ 4120707.359377169050276, 705713.532399569987319 ], [ 4120733.822507169097662, 705739.995529570034705 ], [ 4120733.822507169097662, 705777.420046918909065 ], [ 4120733.822507169097662, 705814.844564267783426 ], [ 4120733.822507169097662, 705852.269081616657786 ], [ 4120760.285637169145048, 705878.732211616705172 ], [ 4120797.710154518019408, 705878.732211616705172 ], [ 4120835.134671866893768, 705878.732211616705172 ], [ 4120872.559189215768129, 705878.732211616705172 ], [ 4120909.983706564642489, 705878.732211616705172 ], [ 4120947.408223913516849, 705878.732211616705172 ], [ 4120984.83274126239121, 705878.732211616705172 ], [ 4121022.25725861126557, 705878.732211616705172 ], [ 4121048.720388611312956, 705905.195341616752557 ], [ 4121048.720388611312956, 705942.619858965626918 ], [ 4121048.720388611312956, 705980.044376314501278 ], [ 4121048.720388611312956, 706017.468893663375638 ], [ 4121075.183518611360341, 706043.932023663423024 ], [ 4121112.608035960234702, 706043.932023663423024 ], [ 4121150.032553309109062, 706043.932023663423024 ], [ 4121187.457070657983422, 706043.932023663423024 ], [ 4121224.881588006857783, 706043.932023663423024 ], [ 4121262.306105355732143, 706043.932023663423024 ], [ 4121299.730622704606503, 706043.932023663423024 ], [ 4121337.155140053480864, 706043.932023663423024 ], [ 4121374.579657402355224, 706043.932023663423024 ], [ 4121401.04278740240261, 706070.39515366347041 ], [ 4121401.04278740240261, 706107.81967101234477 ], [ 4121401.04278740240261, 706145.24418836121913 ], [ 4121401.04278740240261, 706182.668705710093491 ], [ 4121401.04278740240261, 706220.093223058967851 ], [ 4121401.04278740240261, 706257.517740407842211 ], [ 4121401.04278740240261, 706294.942257756716572 ], [ 4121401.04278740240261, 706332.366775105590932 ], [ 4121401.04278740240261, 706369.791292454465292 ], [ 4121438.46730475127697, 706369.791292454465292 ], [ 4121475.89182210015133, 706369.791292454465292 ], [ 4121513.316339449025691, 706369.791292454465292 ], [ 4121550.740856797900051, 706369.791292454465292 ], [ 4121588.165374146774411, 706369.791292454465292 ], [ 4121625.589891495648772, 706369.791292454465292 ], [ 4121663.014408844523132, 706369.791292454465292 ], [ 4121700.438926193397492, 706369.791292454465292 ], [ 4121737.863443542271852, 706369.791292454465292 ], [ 4121775.287960891146213, 706369.791292454465292 ], [ 4121812.712478240020573, 706369.791292454465292 ], [ 4121850.136995588894933, 706369.791292454465292 ], [ 4121876.600125588942319, 706396.254422454512678 ], [ 4121876.600125588942319, 706433.678939803387038 ], [ 4121876.600125588942319, 706471.103457152261399 ], [ 4121876.600125588942319, 706508.527974501135759 ], [ 4121876.600125588942319, 706545.952491850010119 ], [ 4121876.600125588942319, 706583.37700919888448 ], [ 4121876.600125588942319, 706620.80152654775884 ], [ 4121876.600125588942319, 706658.2260438966332 ], [ 4121876.600125588942319, 706695.650561245507561 ], [ 4121914.024642937816679, 706695.650561245507561 ], [ 4121951.44916028669104, 706695.650561245507561 ], [ 4121988.8736776355654, 706695.650561245507561 ], [ 4122026.29819498443976, 706695.650561245507561 ], [ 4122052.761324984487146, 706722.113691245554946 ], [ 4122052.761324984487146, 706759.538208594429307 ], [ 4122052.761324984487146, 706796.962725943303667 ], [ 4122052.761324984487146, 706834.387243292178027 ], [ 4122052.761324984487146, 706871.811760641052388 ], [ 4122090.185842333361506, 706871.811760641052388 ], [ 4122127.610359682235867, 706871.811760641052388 ], [ 4122165.034877031110227, 706871.811760641052388 ], [ 4122202.459394379984587, 706871.811760641052388 ], [ 4122202.459394379984587, 706909.236277989926748 ], [ 4122202.459394379984587, 706946.660795338801108 ], [ 4122202.459394379984587, 706984.085312687675469 ], [ 4122202.459394379984587, 707021.509830036549829 ], [ 4122239.883911728858948, 707021.509830036549829 ], [ 4122277.308429077733308, 707021.509830036549829 ], [ 4122314.732946426607668, 707021.509830036549829 ], [ 4122352.157463775482029, 707021.509830036549829 ], [ 4122378.620593775529414, 707047.972960036597215 ], [ 4122378.620593775529414, 707085.397477385471575 ], [ 4122378.620593775529414, 707122.821994734345935 ], [ 4122378.620593775529414, 707160.246512083220296 ], [ 4122378.620593775529414, 707197.671029432094656 ], [ 4122416.045111124403775, 707197.671029432094656 ], [ 4122453.469628473278135, 707197.671029432094656 ], [ 4122490.894145822152495, 707197.671029432094656 ], [ 4122517.357275822199881, 707224.134159432142042 ], [ 4122517.357275822199881, 707261.558676781016402 ], [ 4122517.357275822199881, 707298.983194129890762 ], [ 4122517.357275822199881, 707336.407711478765123 ], [ 4122543.820405822247267, 707362.870841478812508 ], [ 4122581.244923171121627, 707362.870841478812508 ], [ 4122618.669440519995987, 707362.870841478812508 ], [ 4122656.093957868870348, 707362.870841478812508 ], [ 4122693.518475217744708, 707362.870841478812508 ], [ 4122719.981605217792094, 707389.333971478859894 ], [ 4122719.981605217792094, 707426.758488827734254 ], [ 4122719.981605217792094, 707464.183006176608615 ], [ 4122719.981605217792094, 707501.607523525482975 ], [ 4122746.444735217839479, 707528.070653525530361 ], [ 4122783.86925256671384, 707528.070653525530361 ], [ 4122821.2937699155882, 707528.070653525530361 ], [ 4122858.71828726446256, 707528.070653525530361 ], [ 4122885.181417264509946, 707554.533783525577746 ], [ 4122885.181417264509946, 707591.958300874452107 ], [ 4122885.181417264509946, 707629.382818223326467 ], [ 4122885.181417264509946, 707666.807335572200827 ], [ 4122911.644547264557332, 707693.270465572248213 ], [ 4122949.069064613431692, 707693.270465572248213 ], [ 4122986.493581962306052, 707693.270465572248213 ], [ 4123023.918099311180413, 707693.270465572248213 ], [ 4123023.918099311180413, 707730.694982921122573 ], [ 4123023.918099311180413, 707768.119500269996934 ], [ 4123023.918099311180413, 707805.544017618871294 ], [ 4123023.918099311180413, 707842.968534967745654 ], [ 4123061.342616660054773, 707842.968534967745654 ], [ 4123098.767134008929133, 707842.968534967745654 ], [ 4123136.191651357803494, 707842.968534967745654 ], [ 4123173.616168706677854, 707842.968534967745654 ], [ 4123200.07929870672524, 707869.43166496779304 ], [ 4123200.07929870672524, 707906.8561823166674 ], [ 4123200.07929870672524, 707944.280699665541761 ], [ 4123200.07929870672524, 707981.705217014416121 ], [ 4123200.07929870672524, 708019.129734363290481 ], [ 4123237.5038160555996, 708019.129734363290481 ], [ 4123274.92833340447396, 708019.129734363290481 ], [ 4123312.352850753348321, 708019.129734363290481 ], [ 4123338.815980753395706, 708045.592864363337867 ], [ 4123338.815980753395706, 708083.017381712212227 ], [ 4123338.815980753395706, 708120.441899061086588 ], [ 4123338.815980753395706, 708157.866416409960948 ], [ 4123338.815980753395706, 708195.290933758835308 ], [ 4123376.240498102270067, 708195.290933758835308 ], [ 4123413.665015451144427, 708195.290933758835308 ], [ 4123451.089532800018787, 708195.290933758835308 ], [ 4123488.514050148893148, 708195.290933758835308 ], [ 4123525.938567497767508, 708195.290933758835308 ], [ 4123563.363084846641868, 708195.290933758835308 ], [ 4123600.787602195516229, 708195.290933758835308 ], [ 4123638.212119544390589, 708195.290933758835308 ], [ 4123675.636636893264949, 708195.290933758835308 ], [ 4123702.099766893312335, 708221.754063758882694 ], [ 4123702.099766893312335, 708259.178581107757054 ], [ 4123702.099766893312335, 708296.603098456631415 ], [ 4123702.099766893312335, 708334.027615805505775 ], [ 4123728.562896893359721, 708360.490745805553161 ], [ 4123765.987414242234081, 708360.490745805553161 ], [ 4123803.411931591108441, 708360.490745805553161 ], [ 4123840.836448939982802, 708360.490745805553161 ], [ 4123840.836448939982802, 708397.915263154427521 ], [ 4123840.836448939982802, 708435.339780503301881 ], [ 4123840.836448939982802, 708472.764297852176242 ], [ 4123840.836448939982802, 708510.188815201050602 ], [ 4123878.260966288857162, 708510.188815201050602 ], [ 4123915.685483637731522, 708510.188815201050602 ], [ 4123953.110000986605883, 708510.188815201050602 ], [ 4123990.534518335480243, 708510.188815201050602 ], [ 4124016.997648335527629, 708536.651945201097988 ], [ 4124016.997648335527629, 708574.076462549972348 ], [ 4124016.997648335527629, 708611.500979898846708 ], [ 4124016.997648335527629, 708648.925497247721069 ], [ 4124016.997648335527629, 708686.350014596595429 ], [ 4124054.422165684401989, 708686.350014596595429 ], [ 4124091.846683033276349, 708686.350014596595429 ], [ 4124129.27120038215071, 708686.350014596595429 ], [ 4124166.69571773102507, 708686.350014596595429 ], [ 4124204.12023507989943, 708686.350014596595429 ], [ 4124241.544752428773791, 708686.350014596595429 ], [ 4124278.969269777648151, 708686.350014596595429 ], [ 4124316.393787126522511, 708686.350014596595429 ], [ 4124344.86112692207098, 708726.044709596550092 ], [ 4124343.38885283889249, 708765.739404596504755 ], [ 4124343.38885283889249, 708803.163921945379116 ], [ 4124343.38885283889249, 708840.588439294253476 ], [ 4124343.38885283889249, 708878.012956643127836 ], [ 4124343.38885283889249, 708915.437473992002197 ], [ 4124343.38885283889249, 708952.861991340876557 ], [ 4124343.38885283889249, 708990.286508689750917 ], [ 4124369.851982838939875, 709016.749638689798303 ], [ 4124407.276500187814236, 709016.749638689798303 ], [ 4124444.701017536688596, 709016.749638689798303 ], [ 4124482.125534885562956, 709016.749638689798303 ], [ 4124508.588664885610342, 709043.212768689845689 ], [ 4124508.588664885610342, 709080.637286038720049 ], [ 4124508.588664885610342, 709118.061803387594409 ], [ 4124508.588664885610342, 709155.48632073646877 ], [ 4124535.051794885657728, 709181.949450736516155 ], [ 4124572.476312234532088, 709181.949450736516155 ], [ 4124609.900829583406448, 709181.949450736516155 ], [ 4124647.325346932280809, 709181.949450736516155 ], [ 4124673.788476932328194, 709208.412580736563541 ], [ 4124673.788476932328194, 709245.837098085437901 ], [ 4124673.788476932328194, 709283.261615434312262 ], [ 4124673.788476932328194, 709320.686132783186622 ], [ 4124700.25160693237558, 709347.149262783234008 ], [ 4124737.67612428124994, 709347.149262783234008 ], [ 4124775.100641630124301, 709347.149262783234008 ], [ 4124812.525158978998661, 709347.149262783234008 ], [ 4124849.949676327873021, 709347.149262783234008 ], [ 4124887.374193676747382, 709347.149262783234008 ], [ 4124924.798711025621742, 709347.149262783234008 ], [ 4124962.223228374496102, 709347.149262783234008 ], [ 4124999.647745723370463, 709347.149262783234008 ], [ 4125026.110875723417848, 709373.612392783281393 ], [ 4125026.110875723417848, 709411.036910132155754 ], [ 4125026.110875723417848, 709448.461427481030114 ], [ 4125026.110875723417848, 709485.885944829904474 ], [ 4125026.110875723417848, 709523.310462178778835 ], [ 4125026.110875723417848, 709560.734979527653195 ], [ 4125026.110875723417848, 709598.159496876527555 ], [ 4125026.110875723417848, 709635.584014225401916 ], [ 4125026.110875723417848, 709673.008531574276276 ], [ 4125063.535393072292209, 709673.008531574276276 ], [ 4125100.959910421166569, 709673.008531574276276 ], [ 4125138.384427770040929, 709673.008531574276276 ], [ 4125175.80894511891529, 709673.008531574276276 ], [ 4125213.23346246778965, 709673.008531574276276 ], [ 4125250.65797981666401, 709673.008531574276276 ], [ 4125288.082497165538371, 709673.008531574276276 ], [ 4125325.507014514412731, 709673.008531574276276 ], [ 4125325.507014514412731, 709710.433048923150636 ], [ 4125325.507014514412731, 709747.857566272024997 ], [ 4125325.507014514412731, 709785.282083620899357 ], [ 4125325.507014514412731, 709822.706600969773717 ], [ 4125351.970144514460117, 709849.169730969821103 ], [ 4125389.394661863334477, 709849.169730969821103 ], [ 4125426.819179212208837, 709849.169730969821103 ], [ 4125464.243696561083198, 709849.169730969821103 ], [ 4125490.706826561130583, 709875.632860969868489 ], [ 4125490.706826561130583, 709913.057378318742849 ], [ 4125490.706826561130583, 709950.481895667617209 ], [ 4125490.706826561130583, 709987.90641301649157 ], [ 4125490.706826561130583, 710025.33093036536593 ], [ 4125490.706826561130583, 710062.75544771424029 ], [ 4125490.706826561130583, 710100.179965063114651 ], [ 4125490.706826561130583, 710137.604482411989011 ], [ 4125490.706826561130583, 710175.028999760863371 ], [ 4125528.131343910004944, 710175.028999760863371 ], [ 4125565.555861258879304, 710175.028999760863371 ], [ 4125602.980378607753664, 710175.028999760863371 ], [ 4125640.404895956628025, 710175.028999760863371 ], [ 4125677.829413305502385, 710175.028999760863371 ], [ 4125715.253930654376745, 710175.028999760863371 ], [ 4125752.678448003251106, 710175.028999760863371 ], [ 4125790.102965352125466, 710175.028999760863371 ], [ 4125827.527482700999826, 710175.028999760863371 ], [ 4125827.527482700999826, 710212.453517109737732 ], [ 4125827.527482700999826, 710249.878034458612092 ], [ 4125827.527482700999826, 710287.302551807486452 ], [ 4125827.527482700999826, 710324.727069156360812 ], [ 4125827.527482700999826, 710362.151586505235173 ], [ 4125827.527482700999826, 710399.576103854109533 ], [ 4125827.527482700999826, 710437.000621202983893 ], [ 4125827.527482700999826, 710474.425138551858254 ], [ 4125827.527482700999826, 710511.849655900732614 ], [ 4125864.952000049874187, 710511.849655900732614 ], [ 4125902.376517398748547, 710511.849655900732614 ], [ 4125939.801034747622907, 710511.849655900732614 ], [ 4125977.225552096497267, 710511.849655900732614 ], [ 4126003.688682096544653, 710538.31278590078 ], [ 4126003.688682096544653, 710575.73730324965436 ], [ 4126003.688682096544653, 710613.16182059852872 ], [ 4126003.688682096544653, 710650.586337947403081 ], [ 4126030.151812096592039, 710677.049467947450466 ], [ 4126067.576329445466399, 710677.049467947450466 ], [ 4126105.00084679434076, 710677.049467947450466 ], [ 4126142.42536414321512, 710677.049467947450466 ], [ 4126142.42536414321512, 710714.473985296324827 ], [ 4126142.42536414321512, 710751.898502645199187 ], [ 4126142.42536414321512, 710789.323019994073547 ], [ 4126142.42536414321512, 710826.747537342947908 ], [ 4126179.84988149208948, 710826.747537342947908 ], [ 4126217.27439884096384, 710826.747537342947908 ], [ 4126254.698916189838201, 710826.747537342947908 ], [ 4126292.123433538712561, 710826.747537342947908 ], [ 4126318.586563538759947, 710853.210667342995293 ], [ 4126318.586563538759947, 710890.635184691869654 ], [ 4126318.586563538759947, 710928.059702040744014 ], [ 4126318.586563538759947, 710965.484219389618374 ], [ 4126318.586563538759947, 711002.908736738492735 ], [ 4126356.011080887634307, 711002.908736738492735 ], [ 4126393.435598236508667, 711002.908736738492735 ], [ 4126430.860115585383028, 711002.908736738492735 ], [ 4126468.284632934257388, 711002.908736738492735 ], [ 4126468.284632934257388, 711040.333254087367095 ], [ 4126468.284632934257388, 711077.757771436241455 ], [ 4126468.284632934257388, 711115.182288785115816 ], [ 4126468.284632934257388, 711152.606806133990176 ], [ 4126505.709150283131748, 711152.606806133990176 ], [ 4126543.133667632006109, 711152.606806133990176 ], [ 4126580.558184980880469, 711152.606806133990176 ], [ 4126617.982702329754829, 711152.606806133990176 ], [ 4126655.40721967862919, 711152.606806133990176 ], [ 4126655.40721967862919, 711190.031323482864536 ], [ 4126655.40721967862919, 711227.455840831738897 ], [ 4126655.40721967862919, 711264.880358180613257 ], [ 4126655.40721967862919, 711302.304875529487617 ], [ 4126681.870349678676575, 711328.768005529535003 ], [ 4126719.294867027550936, 711328.768005529535003 ], [ 4126756.719384376425296, 711328.768005529535003 ], [ 4126794.143901725299656, 711328.768005529535003 ], [ 4126820.607031725347042, 711355.231135529582389 ], [ 4126820.607031725347042, 711392.655652878456749 ], [ 4126820.607031725347042, 711430.080170227331109 ], [ 4126820.607031725347042, 711467.50468757620547 ], [ 4126820.607031725347042, 711504.92920492507983 ], [ 4126858.031549074221402, 711504.92920492507983 ], [ 4126895.456066423095763, 711504.92920492507983 ], [ 4126932.880583771970123, 711504.92920492507983 ], [ 4126970.305101120844483, 711504.92920492507983 ], [ 4126970.305101120844483, 711542.35372227395419 ], [ 4126970.305101120844483, 711579.778239622828551 ], [ 4126970.305101120844483, 711617.202756971702911 ], [ 4126970.305101120844483, 711654.627274320577271 ], [ 4127007.729618469718844, 711654.627274320577271 ], [ 4127045.154135818593204, 711654.627274320577271 ], [ 4127082.578653167467564, 711654.627274320577271 ], [ 4127120.003170516341925, 711654.627274320577271 ], [ 4127146.46630051638931, 711681.090404320624657 ], [ 4127146.46630051638931, 711718.514921669499017 ], [ 4127146.46630051638931, 711755.939439018373378 ], [ 4127146.46630051638931, 711793.363956367247738 ], [ 4127146.46630051638931, 711830.788473716122098 ], [ 4127183.890817865263671, 711830.788473716122098 ], [ 4127221.315335214138031, 711830.788473716122098 ], [ 4127258.739852563012391, 711830.788473716122098 ], [ 4127296.164369911886752, 711830.788473716122098 ], [ 4127322.627499911934137, 711857.251603716169484 ], [ 4127322.627499911934137, 711894.676121065043844 ], [ 4127322.627499911934137, 711932.100638413918205 ], [ 4127322.627499911934137, 711969.525155762792565 ], [ 4127349.090629911981523, 711995.988285762839951 ], [ 4127386.515147260855883, 711995.988285762839951 ], [ 4127423.939664609730244, 711995.988285762839951 ], [ 4127461.364181958604604, 711995.988285762839951 ], [ 4127487.82731195865199, 712022.451415762887336 ], [ 4127487.82731195865199, 712059.875933111761697 ], [ 4127487.82731195865199, 712097.300450460636057 ], [ 4127487.82731195865199, 712134.724967809510417 ], [ 4127514.290441958699375, 712161.188097809557803 ], [ 4127551.714959307573736, 712161.188097809557803 ], [ 4127589.139476656448096, 712161.188097809557803 ], [ 4127626.563994005322456, 712161.188097809557803 ], [ 4127626.563994005322456, 712198.612615158432163 ], [ 4127626.563994005322456, 712236.037132507306524 ], [ 4127626.563994005322456, 712273.461649856180884 ], [ 4127626.563994005322456, 712310.886167205055244 ], [ 4127663.988511354196817, 712310.886167205055244 ], [ 4127701.413028703071177, 712310.886167205055244 ], [ 4127738.837546051945537, 712310.886167205055244 ], [ 4127776.262063400819898, 712310.886167205055244 ], [ 4127802.725193400867283, 712337.34929720510263 ], [ 4127802.725193400867283, 712374.77381455397699 ], [ 4127802.725193400867283, 712412.198331902851351 ], [ 4127802.725193400867283, 712449.622849251725711 ], [ 4127802.725193400867283, 712487.047366600600071 ], [ 4127840.149710749741644, 712487.047366600600071 ], [ 4127877.574228098616004, 712487.047366600600071 ], [ 4127914.998745447490364, 712487.047366600600071 ], [ 4127952.423262796364725, 712487.047366600600071 ], [ 4127952.423262796364725, 712524.471883949474432 ], [ 4127952.423262796364725, 712561.896401298348792 ], [ 4127952.423262796364725, 712599.320918647223152 ], [ 4127952.423262796364725, 712636.745435996097513 ], [ 4127989.847780145239085, 712636.745435996097513 ], [ 4128027.272297494113445, 712636.745435996097513 ], [ 4128064.696814842987806, 712636.745435996097513 ], [ 4128102.121332191862166, 712636.745435996097513 ], [ 4128128.584462191909552, 712663.208565996144898 ], [ 4128128.584462191909552, 712700.633083345019259 ], [ 4128128.584462191909552, 712738.057600693893619 ], [ 4128128.584462191909552, 712775.482118042767979 ], [ 4128128.584462191909552, 712812.90663539164234 ], [ 4128166.008979540783912, 712812.90663539164234 ], [ 4128203.433496889658272, 712812.90663539164234 ], [ 4128240.858014238532633, 712812.90663539164234 ], [ 4128278.282531587406993, 712812.90663539164234 ], [ 4128304.745661587454379, 712839.369765391689725 ], [ 4128304.745661587454379, 712876.794282740564086 ], [ 4128304.745661587454379, 712914.218800089438446 ], [ 4128304.745661587454379, 712951.643317438312806 ], [ 4128304.745661587454379, 712989.067834787187167 ], [ 4128342.170178936328739, 712989.067834787187167 ], [ 4128379.594696285203099, 712989.067834787187167 ], [ 4128417.01921363407746, 712989.067834787187167 ], [ 4128454.44373098295182, 712989.067834787187167 ], [ 4128454.44373098295182, 713026.492352136061527 ], [ 4128454.44373098295182, 713063.916869484935887 ], [ 4128454.44373098295182, 713101.341386833810247 ], [ 4128454.44373098295182, 713138.765904182684608 ], [ 4128491.86824833182618, 713138.765904182684608 ], [ 4128529.292765680700541, 713138.765904182684608 ], [ 4128566.717283029574901, 713138.765904182684608 ], [ 4128604.141800378449261, 713138.765904182684608 ], [ 4128604.141800378449261, 713176.190421531558968 ], [ 4128604.141800378449261, 713213.614938880433328 ], [ 4128604.141800378449261, 713251.039456229307689 ], [ 4128604.141800378449261, 713288.463973578182049 ], [ 4128630.604930378496647, 713314.927103578229435 ], [ 4128668.029447727371007, 713314.927103578229435 ], [ 4128705.453965076245368, 713314.927103578229435 ], [ 4128742.878482425119728, 713314.927103578229435 ], [ 4128769.341612425167114, 713341.39023357827682 ], [ 4128769.341612425167114, 713378.814750927151181 ], [ 4128769.341612425167114, 713416.239268276025541 ], [ 4128769.341612425167114, 713453.663785624899901 ], [ 4128795.804742425214499, 713480.126915624947287 ], [ 4128833.22925977408886, 713480.126915624947287 ], [ 4128870.65377712296322, 713480.126915624947287 ], [ 4128908.07829447183758, 713480.126915624947287 ], [ 4128945.502811820711941, 713480.126915624947287 ], [ 4128971.965941820759326, 713506.590045624994673 ], [ 4128971.965941820759326, 713544.014562973869033 ], [ 4128971.965941820759326, 713581.439080322743393 ], [ 4128971.965941820759326, 713618.863597671617754 ], [ 4128998.429071820806712, 713645.326727671665139 ], [ 4129035.853589169681072, 713645.326727671665139 ], [ 4129073.278106518555433, 713645.326727671665139 ], [ 4129110.702623867429793, 713645.326727671665139 ], [ 4129110.702623867429793, 713682.7512450205395 ], [ 4129110.702623867429793, 713720.17576236941386 ], [ 4129110.702623867429793, 713757.60027971828822 ], [ 4129110.702623867429793, 713795.024797067162581 ], [ 4129148.127141216304153, 713795.024797067162581 ], [ 4129185.551658565178514, 713795.024797067162581 ], [ 4129222.976175914052874, 713795.024797067162581 ], [ 4129260.400693262927234, 713795.024797067162581 ], [ 4129286.86382326297462, 713821.487927067209966 ], [ 4129286.86382326297462, 713858.912444416084327 ], [ 4129286.86382326297462, 713896.336961764958687 ], [ 4129286.86382326297462, 713933.761479113833047 ], [ 4129286.86382326297462, 713971.185996462707408 ], [ 4129286.86382326297462, 714008.610513811581768 ], [ 4129286.86382326297462, 714046.035031160456128 ], [ 4129286.86382326297462, 714083.459548509330489 ], [ 4129286.86382326297462, 714120.884065858204849 ], [ 4129313.326953263022006, 714147.347195858252235 ], [ 4129350.751470611896366, 714147.347195858252235 ], [ 4129388.175987960770726, 714147.347195858252235 ], [ 4129425.600505309645087, 714147.347195858252235 ], [ 4129425.600505309645087, 714184.771713207126595 ], [ 4129425.600505309645087, 714222.196230556000955 ], [ 4129425.600505309645087, 714259.620747904875316 ], [ 4129425.600505309645087, 714297.045265253749676 ], [ 4129463.025022658519447, 714297.045265253749676 ], [ 4129500.449540007393807, 714297.045265253749676 ], [ 4129537.874057356268167, 714297.045265253749676 ], [ 4129575.298574705142528, 714297.045265253749676 ], [ 4129612.723092054016888, 714297.045265253749676 ], [ 4129612.723092054016888, 714334.469782602624036 ], [ 4129612.723092054016888, 714371.894299951498397 ], [ 4129612.723092054016888, 714409.318817300372757 ], [ 4129612.723092054016888, 714446.743334649247117 ], [ 4129639.186222054064274, 714473.206464649294503 ], [ 4129676.610739402938634, 714473.206464649294503 ], [ 4129714.035256751812994, 714473.206464649294503 ], [ 4129751.459774100687355, 714473.206464649294503 ], [ 4129777.92290410073474, 714499.669594649341889 ], [ 4129777.92290410073474, 714537.094111998216249 ], [ 4129777.92290410073474, 714574.518629347090609 ], [ 4129777.92290410073474, 714611.94314669596497 ], [ 4129804.386034100782126, 714638.406276696012355 ], [ 4129841.810551449656487, 714638.406276696012355 ], [ 4129879.235068798530847, 714638.406276696012355 ], [ 4129916.659586147405207, 714638.406276696012355 ], [ 4129943.122716147452593, 714664.869406696059741 ], [ 4129943.122716147452593, 714702.293924044934101 ], [ 4129943.122716147452593, 714739.718441393808462 ], [ 4129943.122716147452593, 714777.142958742682822 ], [ 4129969.585846147499979, 714803.606088742730208 ], [ 4130007.010363496374339, 714803.606088742730208 ], [ 4130044.434880845248699, 714803.606088742730208 ], [ 4130081.85939819412306, 714803.606088742730208 ], [ 4130108.322528194170445, 714830.069218742777593 ], [ 4130108.322528194170445, 714867.493736091651954 ], [ 4130108.322528194170445, 714904.918253440526314 ], [ 4130108.322528194170445, 714942.342770789400674 ], [ 4130134.785658194217831, 714968.80590078944806 ], [ 4130172.210175543092191, 714968.80590078944806 ], [ 4130209.634692891966552, 714968.80590078944806 ], [ 4130247.059210240840912, 714968.80590078944806 ], [ 4130247.059210240840912, 715006.23041813832242 ], [ 4130247.059210240840912, 715043.654935487196781 ], [ 4130247.059210240840912, 715081.079452836071141 ], [ 4130247.059210240840912, 715118.503970184945501 ], [ 4130284.483727589715272, 715118.503970184945501 ], [ 4130321.908244938589633, 715118.503970184945501 ], [ 4130359.332762287463993, 715118.503970184945501 ], [ 4130396.757279636338353, 715118.503970184945501 ], [ 4130434.181796985212713, 715118.503970184945501 ], [ 4130434.181796985212713, 715155.928487533819862 ], [ 4130434.181796985212713, 715193.353004882694222 ], [ 4130434.181796985212713, 715230.777522231568582 ], [ 4130434.181796985212713, 715268.202039580442943 ], [ 4130434.181796985212713, 715305.626556929317303 ], [ 4130471.606314334087074, 715305.626556929317303 ], [ 4130509.030831682961434, 715305.626556929317303 ], [ 4130546.455349031835794, 715305.626556929317303 ], [ 4130583.879866380710155, 715305.626556929317303 ], [ 4130610.34299638075754, 715332.089686929364689 ], [ 4130610.34299638075754, 715369.514204278239049 ], [ 4130610.34299638075754, 715406.938721627113409 ], [ 4130610.34299638075754, 715444.36323897598777 ], [ 4130636.806126380804926, 715470.826368976035155 ], [ 4130674.230643729679286, 715470.826368976035155 ], [ 4130711.655161078553647, 715470.826368976035155 ], [ 4130749.079678427428007, 715470.826368976035155 ], [ 4130749.079678427428007, 715508.250886324909516 ], [ 4130749.079678427428007, 715545.675403673783876 ], [ 4130749.079678427428007, 715583.099921022658236 ], [ 4130749.079678427428007, 715620.524438371532597 ], [ 4130786.504195776302367, 715620.524438371532597 ], [ 4130823.928713125176728, 715620.524438371532597 ], [ 4130861.353230474051088, 715620.524438371532597 ], [ 4130898.777747822925448, 715620.524438371532597 ], [ 4130925.240877822972834, 715646.987568371579982 ], [ 4130925.240877822972834, 715684.412085720454343 ], [ 4130925.240877822972834, 715721.836603069328703 ], [ 4130925.240877822972834, 715759.261120418203063 ], [ 4130925.240877822972834, 715796.685637767077424 ], [ 4130962.665395171847194, 715796.685637767077424 ], [ 4131000.089912520721555, 715796.685637767077424 ], [ 4131037.514429869595915, 715796.685637767077424 ], [ 4131074.938947218470275, 715796.685637767077424 ], [ 4131074.938947218470275, 715834.110155115951784 ], [ 4131074.938947218470275, 715871.534672464826144 ], [ 4131074.938947218470275, 715908.959189813700505 ], [ 4131074.938947218470275, 715946.383707162574865 ], [ 4131112.363464567344636, 715946.383707162574865 ], [ 4131149.787981916218996, 715946.383707162574865 ], [ 4131187.212499265093356, 715946.383707162574865 ], [ 4131224.637016613967717, 715946.383707162574865 ], [ 4131251.100146614015102, 715972.846837162622251 ], [ 4131251.100146614015102, 716010.271354511496611 ], [ 4131251.100146614015102, 716047.695871860370971 ], [ 4131251.100146614015102, 716085.120389209245332 ], [ 4131251.100146614015102, 716122.544906558119692 ], [ 4131251.100146614015102, 716159.969423906994052 ], [ 4131251.100146614015102, 716197.393941255868413 ], [ 4131251.100146614015102, 716234.818458604742773 ], [ 4131251.100146614015102, 716272.242975953617133 ], [ 4131277.563276614062488, 716298.706105953664519 ], [ 4131314.987793962936848, 716298.706105953664519 ], [ 4131352.412311311811209, 716298.706105953664519 ], [ 4131389.836828660685569, 716298.706105953664519 ], [ 4131416.299958660732955, 716325.169235953711905 ], [ 4131416.299958660732955, 716362.593753302586265 ], [ 4131416.299958660732955, 716400.018270651460625 ], [ 4131416.299958660732955, 716437.442788000334986 ], [ 4131442.76308866078034, 716463.905918000382371 ], [ 4131480.187606009654701, 716463.905918000382371 ], [ 4131517.612123358529061, 716463.905918000382371 ], [ 4131555.036640707403421, 716463.905918000382371 ], [ 4131581.499770707450807, 716490.369048000429757 ], [ 4131581.499770707450807, 716527.793565349304117 ], [ 4131581.499770707450807, 716565.218082698178478 ], [ 4131581.499770707450807, 716602.642600047052838 ], [ 4131581.499770707450807, 716640.067117395927198 ], [ 4131581.499770707450807, 716677.491634744801559 ], [ 4131581.499770707450807, 716714.916152093675919 ], [ 4131581.499770707450807, 716752.340669442550279 ], [ 4131581.499770707450807, 716789.76518679142464 ], [ 4131618.924288056325167, 716789.76518679142464 ], [ 4131656.348805405199528, 716789.76518679142464 ], [ 4131693.773322754073888, 716789.76518679142464 ], [ 4131731.197840102948248, 716789.76518679142464 ], [ 4131768.622357451822609, 716789.76518679142464 ], [ 4131806.046874800696969, 716789.76518679142464 ], [ 4131843.471392149571329, 716789.76518679142464 ], [ 4131880.89590949844569, 716789.76518679142464 ], [ 4131918.32042684732005, 716789.76518679142464 ], [ 4131918.32042684732005, 716827.189704140299 ], [ 4131918.32042684732005, 716864.61422148917336 ], [ 4131918.32042684732005, 716902.03873883804772 ], [ 4131918.32042684732005, 716939.463256186922081 ], [ 4131955.74494419619441, 716939.463256186922081 ], [ 4131993.169461545068771, 716939.463256186922081 ], [ 4132030.593978893943131, 716939.463256186922081 ], [ 4132068.018496242817491, 716939.463256186922081 ], [ 4132094.481626242864877, 716965.926386186969467 ], [ 4132094.481626242864877, 717003.350903535843827 ], [ 4132094.481626242864877, 717040.775420884718187 ], [ 4132094.481626242864877, 717078.199938233592547 ], [ 4132094.481626242864877, 717115.624455582466908 ], [ 4132094.481626242864877, 717153.048972931341268 ], [ 4132094.481626242864877, 717190.473490280215628 ], [ 4132094.481626242864877, 717227.898007629089989 ], [ 4132094.481626242864877, 717265.322524977964349 ], [ 4132120.944756242912263, 717291.785654978011735 ], [ 4132158.369273591786623, 717291.785654978011735 ], [ 4132195.793790940660983, 717291.785654978011735 ], [ 4132233.218308289535344, 717291.785654978011735 ], [ 4132233.218308289535344, 717329.210172326886095 ], [ 4132233.218308289535344, 717366.634689675760455 ], [ 4132233.218308289535344, 717404.059207024634816 ], [ 4132233.218308289535344, 717441.483724373509176 ], [ 4132270.642825638409704, 717441.483724373509176 ], [ 4132308.067342987284064, 717441.483724373509176 ], [ 4132345.491860336158425, 717441.483724373509176 ], [ 4132382.916377685032785, 717441.483724373509176 ], [ 4132409.379507685080171, 717467.946854373556562 ], [ 4132409.379507685080171, 717505.371371722430922 ], [ 4132409.379507685080171, 717542.795889071305282 ], [ 4132409.379507685080171, 717580.220406420179643 ], [ 4132409.379507685080171, 717617.644923769054003 ], [ 4132446.804025033954531, 717617.644923769054003 ], [ 4132484.228542382828891, 717617.644923769054003 ], [ 4132521.653059731703252, 717617.644923769054003 ], [ 4132548.116189731750637, 717644.108053769101389 ], [ 4132548.116189731750637, 717681.532571117975749 ], [ 4132548.116189731750637, 717718.957088466850109 ], [ 4132548.116189731750637, 717756.38160581572447 ], [ 4132574.579319731798023, 717782.844735815771855 ], [ 4132612.003837080672383, 717782.844735815771855 ], [ 4132649.428354429546744, 717782.844735815771855 ], [ 4132686.852871778421104, 717782.844735815771855 ], [ 4132724.277389127295464, 717782.844735815771855 ], [ 4132750.74051912734285, 717809.307865815819241 ], [ 4132750.74051912734285, 717846.732383164693601 ], [ 4132750.74051912734285, 717884.156900513567962 ], [ 4132750.74051912734285, 717921.581417862442322 ], [ 4132750.74051912734285, 717959.005935211316682 ], [ 4132750.74051912734285, 717996.430452560191043 ], [ 4132750.74051912734285, 718033.854969909065403 ], [ 4132750.74051912734285, 718071.279487257939763 ], [ 4132750.74051912734285, 718108.704004606814124 ], [ 4132788.16503647621721, 718108.704004606814124 ], [ 4132825.589553825091571, 718108.704004606814124 ], [ 4132863.014071173965931, 718108.704004606814124 ], [ 4132900.438588522840291, 718108.704004606814124 ], [ 4132900.438588522840291, 718146.128521955688484 ], [ 4132900.438588522840291, 718183.553039304562844 ], [ 4132900.438588522840291, 718220.977556653437205 ], [ 4132900.438588522840291, 718258.402074002311565 ], [ 4132926.901718522887677, 718284.865204002358951 ], [ 4132964.326235871762037, 718284.865204002358951 ], [ 4133001.750753220636398, 718284.865204002358951 ], [ 4133039.175270569510758, 718284.865204002358951 ], [ 4133065.638400569558144, 718311.328334002406336 ], [ 4133065.638400569558144, 718348.752851351280697 ], [ 4133065.638400569558144, 718386.177368700155057 ], [ 4133065.638400569558144, 718423.601886049029417 ], [ 4133092.101530569605529, 718450.065016049076803 ], [ 4133129.52604791847989, 718450.065016049076803 ], [ 4133166.95056526735425, 718450.065016049076803 ], [ 4133204.37508261622861, 718450.065016049076803 ], [ 4133230.838212616275996, 718476.528146049124189 ], [ 4133230.838212616275996, 718513.952663397998549 ], [ 4133230.838212616275996, 718551.377180746872909 ], [ 4133230.838212616275996, 718588.80169809574727 ], [ 4133257.301342616323382, 718615.264828095794655 ], [ 4133294.725859965197742, 718615.264828095794655 ], [ 4133332.150377314072102, 718615.264828095794655 ], [ 4133368.102620579302311, 718654.959523095749319 ], [ 4133370.37279823096469, 718694.654218095703982 ], [ 4133370.37279823096469, 718732.078735444578342 ], [ 4133370.37279823096469, 718769.503252793452702 ], [ 4133370.37279823096469, 718806.927770142327063 ], [ 4133370.37279823096469, 718844.352287491201423 ], [ 4133370.37279823096469, 718881.776804840075783 ], [ 4133370.37279823096469, 718919.201322188950144 ], [ 4133396.835928231012076, 718945.664452188997529 ], [ 4133434.260445579886436, 718945.664452188997529 ], [ 4133471.684962928760797, 718945.664452188997529 ], [ 4133509.109480277635157, 718945.664452188997529 ], [ 4133546.533997626509517, 718945.664452188997529 ], [ 4133572.997127626556903, 718972.127582189044915 ], [ 4133572.997127626556903, 719009.552099537919275 ], [ 4133572.997127626556903, 719046.976616886793636 ], [ 4133572.997127626556903, 719084.401134235667996 ], [ 4133599.460257626604289, 719110.864264235715382 ], [ 4133636.884774975478649, 719110.864264235715382 ], [ 4133674.309292324353009, 719110.864264235715382 ], [ 4133711.73380967322737, 719110.864264235715382 ], [ 4134612.091502573341131, 720219.331905494560488 ], [ 4135389.029100726824254, 721293.820073154056445 ], [ 4136116.374937296379358, 721971.574148139217868 ], [ 4136347.803158022928983, 722219.532956060604192 ], [ 4137108.210168982390314, 723029.531728603993542 ], [ 4137673.090618421789259, 723761.364127915236168 ], [ 4137673.090618421789259, 723798.788645264110528 ], [ 4137673.090618421789259, 723836.213162612984888 ], [ 4137673.090618421789259, 723873.637679961859249 ], [ 4137673.090618421789259, 723911.062197310733609 ], [ 4137673.090618421789259, 723948.486714659607969 ], [ 4137673.090618421789259, 723985.91123200848233 ], [ 4137673.090618421789259, 724023.33574935735669 ], [ 4137673.090618421789259, 724060.76026670623105 ], [ 4137673.090618421789259, 724098.184784055105411 ], [ 4137673.090618421789259, 724135.609301403979771 ], [ 4137673.090618421789259, 724173.033818752854131 ], [ 4137673.090618421789259, 724210.458336101728491 ], [ 4137673.090618421789259, 724247.882853450602852 ], [ 4137673.090618421789259, 724285.307370799477212 ], [ 4137673.090618421789259, 724322.731888148351572 ], [ 4137673.090618421789259, 724360.156405497225933 ], [ 4137673.090618421789259, 724397.580922846100293 ], [ 4137673.090618421789259, 724435.005440194974653 ], [ 4137673.090618421789259, 724472.429957543849014 ], [ 4137673.090618421789259, 724509.854474892723374 ], [ 4137673.090618421789259, 724547.278992241597734 ], [ 4137673.090618421789259, 724584.703509590472095 ], [ 4137673.090618421789259, 724622.128026939346455 ], [ 4137673.090618421789259, 724659.552544288220815 ], [ 4137673.090618421789259, 724696.977061637095176 ], [ 4137673.090618421789259, 724734.401578985969536 ], [ 4137646.627488421741873, 725397.081503916881047 ], [ 4137673.090618421789259, 725423.544633916928433 ], [ 4137673.090618421789259, 725460.969151265802793 ], [ 4137673.090618421789259, 725498.393668614677154 ], [ 4137673.090618421789259, 725535.818185963551514 ], [ 4137673.090618421789259, 725573.242703312425874 ], [ 4137673.090618421789259, 725610.667220661300234 ], [ 4137673.090618421789259, 725648.091738010174595 ], [ 4137673.090618421789259, 725685.516255359048955 ], [ 4137673.090618421789259, 725722.940772707923315 ], [ 4137673.090618421789259, 725760.365290056797676 ], [ 4137673.090618421789259, 725797.789807405672036 ], [ 4137673.090618421789259, 725835.214324754546396 ], [ 4137673.090618421789259, 725872.638842103420757 ], [ 4137673.090618421789259, 725910.063359452295117 ], [ 4137673.090618421789259, 725947.487876801169477 ], [ 4137673.090618421789259, 725984.912394150043838 ], [ 4137673.090618421789259, 726022.336911498918198 ], [ 4137673.090618421789259, 726059.761428847792558 ], [ 4137673.090618421789259, 726097.185946196666919 ], [ 4137673.090618421789259, 726134.610463545541279 ], [ 4137673.090618421789259, 726172.034980894415639 ], [ 4137673.090618421789259, 726209.45949824329 ], [ 4137673.090618421789259, 726246.88401559216436 ], [ 4137673.090618421789259, 726284.30853294103872 ], [ 4137673.090618421789259, 726321.733050289913081 ], [ 4137673.090618421789259, 726359.157567638787441 ], [ 4137699.553748421836644, 726385.620697638834827 ], [ 4137736.978265770711005, 726385.620697638834827 ], [ 4137774.402783119585365, 726385.620697638834827 ], [ 4137811.827300468459725, 726385.620697638834827 ], [ 4137838.290430468507111, 726412.083827638882212 ], [ 4137838.290430468507111, 726449.508344987756573 ], [ 4137838.290430468507111, 726486.932862336630933 ], [ 4137838.290430468507111, 726524.357379685505293 ], [ 4137838.290430468507111, 726561.781897034379654 ], [ 4137838.290430468507111, 726599.206414383254014 ], [ 4137838.290430468507111, 726636.630931732128374 ], [ 4137838.290430468507111, 726674.055449081002735 ], [ 4137838.290430468507111, 726711.479966429877095 ], [ 4137875.714947817381471, 726711.479966429877095 ], [ 4137913.139465166255832, 726711.479966429877095 ], [ 4137950.563982515130192, 726711.479966429877095 ], [ 4137977.027112515177578, 726737.943096429924481 ], [ 4137977.027112515177578, 726775.367613778798841 ], [ 4137977.027112515177578, 726812.792131127673201 ], [ 4137977.027112515177578, 726850.216648476547562 ], [ 4138003.490242515224963, 726876.679778476594947 ], [ 4138040.914759864099324, 726876.679778476594947 ], [ 4138078.339277212973684, 726876.679778476594947 ], [ 4138115.763794561848044, 726876.679778476594947 ], [ 4138153.188311910722405, 726876.679778476594947 ], [ 4138179.65144191076979, 726903.142908476642333 ], [ 4138325.022761716041714, 727162.2852211141726 ], [ 4138535.737624451052397, 727511.173764330800623 ], [ 4138705.000383041333407, 727835.881913463119417 ], [ 4138912.260903764050454, 728105.320590402698144 ], [ 4138985.076468478888273, 728233.043113640858792 ], [ 4138985.076468478888273, 728270.467630989733152 ], [ 4138985.076468478888273, 728307.892148338607512 ], [ 4138985.076468478888273, 728345.316665687481873 ], [ 4138985.076468478888273, 728382.741183036356233 ], [ 4138985.076468478888273, 728420.165700385230593 ], [ 4138985.076468478888273, 728457.590217734104954 ], [ 4138985.076468478888273, 728495.014735082979314 ], [ 4138985.076468478888273, 728532.439252431853674 ], [ 4138985.076468478888273, 728569.863769780728035 ], [ 4138985.076468478888273, 728607.288287129602395 ], [ 4138985.076468478888273, 728644.712804478476755 ], [ 4138985.076468478888273, 728682.137321827351116 ], [ 4139022.500985827762634, 728682.137321827351116 ], [ 4139059.925503176636994, 728682.137321827351116 ], [ 4139097.350020525511354, 728682.137321827351116 ], [ 4139134.774537874385715, 728682.137321827351116 ], [ 4139161.2376678744331, 728708.600451827398501 ], [ 4139161.2376678744331, 728746.024969176272862 ], [ 4139161.2376678744331, 728783.449486525147222 ], [ 4139161.2376678744331, 728820.874003874021582 ], [ 4139161.2376678744331, 728858.298521222895943 ], [ 4139198.662185223307461, 728858.298521222895943 ], [ 4139236.086702572181821, 728858.298521222895943 ], [ 4139273.511219921056181, 728858.298521222895943 ], [ 4139299.974349921103567, 728884.761651222943328 ], [ 4139299.974349921103567, 728922.186168571817689 ], [ 4139299.974349921103567, 728959.610685920692049 ], [ 4139299.974349921103567, 728997.035203269566409 ], [ 4139299.974349921103567, 729034.45972061844077 ], [ 4139337.398867269977927, 729034.45972061844077 ], [ 4139374.823384618852288, 729034.45972061844077 ], [ 4139412.247901967726648, 729034.45972061844077 ], [ 4139449.672419316601008, 729034.45972061844077 ], [ 4139476.135549316648394, 729060.922850618488155 ], [ 4139476.135549316648394, 729098.347367967362516 ], [ 4139476.135549316648394, 729135.771885316236876 ], [ 4139476.135549316648394, 729173.196402665111236 ], [ 4139476.135549316648394, 729210.620920013985597 ], [ 4139476.135549316648394, 729248.045437362859957 ], [ 4139476.135549316648394, 729285.469954711734317 ], [ 4139476.135549316648394, 729322.894472060608678 ], [ 4139476.135549316648394, 729360.318989409483038 ], [ 4139513.560066665522754, 729360.318989409483038 ], [ 4139550.984584014397115, 729360.318989409483038 ], [ 4139588.409101363271475, 729360.318989409483038 ], [ 4139625.833618712145835, 729360.318989409483038 ], [ 4139652.296748712193221, 729386.782119409530424 ], [ 4139652.296748712193221, 729424.206636758404784 ], [ 4139652.296748712193221, 729461.631154107279144 ], [ 4139652.296748712193221, 729499.055671456153505 ], [ 4139652.296748712193221, 729536.480188805027865 ], [ 4139652.296748712193221, 729573.904706153902225 ], [ 4139652.296748712193221, 729611.329223502776586 ], [ 4139652.296748712193221, 729648.753740851650946 ], [ 4139652.296748712193221, 729686.178258200525306 ], [ 4139689.721266061067581, 729686.178258200525306 ], [ 4139727.145783409941941, 729686.178258200525306 ], [ 4139764.570300758816302, 729686.178258200525306 ], [ 4139801.994818107690662, 729686.178258200525306 ], [ 4139801.994818107690662, 729723.602775549399666 ], [ 4139801.994818107690662, 729761.027292898274027 ], [ 4139801.994818107690662, 729798.451810247148387 ], [ 4139801.994818107690662, 729835.876327596022747 ], [ 4139801.994818107690662, 729873.300844944897108 ], [ 4139801.994818107690662, 729910.725362293771468 ], [ 4139801.994818107690662, 729948.149879642645828 ], [ 4139801.994818107690662, 729985.574396991520189 ], [ 4139801.994818107690662, 730022.998914340394549 ], [ 4139839.419335456565022, 730022.998914340394549 ], [ 4139876.843852805439383, 730022.998914340394549 ], [ 4139914.268370154313743, 730022.998914340394549 ], [ 4139951.692887503188103, 730022.998914340394549 ], [ 4139978.156017503235489, 730049.462044340441935 ], [ 4139978.156017503235489, 730086.886561689316295 ], [ 4139978.156017503235489, 730124.311079038190655 ], [ 4139978.156017503235489, 730161.735596387065016 ], [ 4140004.619147503282875, 730188.198726387112401 ], [ 4140042.043664852157235, 730188.198726387112401 ], [ 4140079.468182201031595, 730188.198726387112401 ], [ 4140116.892699549905956, 730188.198726387112401 ], [ 4140116.892699549905956, 730225.623243735986762 ], [ 4140116.892699549905956, 730263.047761084861122 ], [ 4140116.892699549905956, 730300.472278433735482 ], [ 4140116.892699549905956, 730337.896795782609843 ], [ 4140116.892699549905956, 730375.321313131484203 ], [ 4140116.892699549905956, 730412.745830480358563 ], [ 4140116.892699549905956, 730450.170347829232924 ], [ 4140116.892699549905956, 730487.594865178107284 ], [ 4140116.892699549905956, 730525.019382526981644 ], [ 4140116.892699549905956, 730562.443899875856005 ], [ 4140116.892699549905956, 730599.868417224730365 ], [ 4140116.892699549905956, 730637.292934573604725 ], [ 4140116.892699549905956, 730674.717451922479086 ], [ 4140154.317216898780316, 730674.717451922479086 ], [ 4140191.741734247654676, 730674.717451922479086 ], [ 4140229.166251596529037, 730674.717451922479086 ], [ 4140266.590768945403397, 730674.717451922479086 ], [ 4140293.053898945450783, 730701.180581922526471 ], [ 4140293.053898945450783, 730738.605099271400832 ], [ 4140293.053898945450783, 730776.029616620275192 ], [ 4140293.053898945450783, 730813.454133969149552 ], [ 4140293.053898945450783, 730850.878651318023913 ], [ 4140293.053898945450783, 730888.303168666898273 ], [ 4140293.053898945450783, 730925.727686015772633 ], [ 4140293.053898945450783, 730963.152203364646994 ], [ 4140293.053898945450783, 731000.576720713521354 ], [ 4140330.478416294325143, 731000.576720713521354 ], [ 4140367.902933643199503, 731000.576720713521354 ], [ 4140405.327450992073864, 731000.576720713521354 ], [ 4140442.751968340948224, 731000.576720713521354 ], [ 4140469.21509834099561, 731027.03985071356874 ], [ 4140469.21509834099561, 731064.4643680624431 ], [ 4140469.21509834099561, 731101.88888541131746 ], [ 4140469.21509834099561, 731139.313402760191821 ], [ 4140469.21509834099561, 731176.737920109066181 ], [ 4140469.21509834099561, 731214.162437457940541 ], [ 4140469.21509834099561, 731251.586954806814902 ], [ 4140469.21509834099561, 731289.011472155689262 ], [ 4140469.21509834099561, 731326.435989504563622 ], [ 4140506.63961568986997, 731326.435989504563622 ], [ 4140544.06413303874433, 731326.435989504563622 ], [ 4140581.488650387618691, 731326.435989504563622 ], [ 4140618.913167736493051, 731326.435989504563622 ], [ 4140618.913167736493051, 731363.860506853437982 ], [ 4140618.913167736493051, 731401.285024202312343 ], [ 4140618.913167736493051, 731438.709541551186703 ], [ 4140618.913167736493051, 731476.134058900061063 ], [ 4140618.913167736493051, 731513.558576248935424 ], [ 4140618.913167736493051, 731550.983093597809784 ], [ 4140618.913167736493051, 731588.407610946684144 ], [ 4140618.913167736493051, 731625.832128295558505 ], [ 4140618.913167736493051, 731663.256645644432865 ], [ 4140656.337685085367411, 731663.256645644432865 ], [ 4140693.762202434241772, 731663.256645644432865 ], [ 4140731.186719783116132, 731663.256645644432865 ], [ 4140768.611237131990492, 731663.256645644432865 ], [ 4140795.074367132037878, 731689.719775644480251 ], [ 4140795.074367132037878, 731727.144292993354611 ], [ 4140795.074367132037878, 731764.568810342228971 ], [ 4140795.074367132037878, 731801.993327691103332 ], [ 4140795.074367132037878, 731839.417845039977692 ], [ 4140795.074367132037878, 731876.842362388852052 ], [ 4140795.074367132037878, 731914.266879737726413 ], [ 4140795.074367132037878, 731951.691397086600773 ], [ 4140795.074367132037878, 731989.115914435475133 ], [ 4140832.498884480912238, 731989.115914435475133 ], [ 4140869.923401829786599, 731989.115914435475133 ], [ 4140907.347919178660959, 731989.115914435475133 ], [ 4140944.772436527535319, 731989.115914435475133 ], [ 4140982.19695387640968, 731989.115914435475133 ], [ 4141019.62147122528404, 731989.115914435475133 ], [ 4141057.0459885741584, 731989.115914435475133 ], [ 4141094.470505923032761, 731989.115914435475133 ], [ 4141094.470505923032761, 732026.540431784349494 ], [ 4141094.470505923032761, 732063.964949133223854 ], [ 4141094.470505923032761, 732101.389466482098214 ], [ 4141094.470505923032761, 732138.813983830972575 ], [ 4141094.470505923032761, 732176.238501179846935 ], [ 4141094.470505923032761, 732213.663018528721295 ], [ 4141094.470505923032761, 732251.087535877595656 ], [ 4141094.470505923032761, 732288.512053226470016 ], [ 4141094.470505923032761, 732325.936570575344376 ], [ 4141131.895023271907121, 732325.936570575344376 ], [ 4141169.319540620781481, 732325.936570575344376 ], [ 4141206.744057969655842, 732325.936570575344376 ], [ 4141244.168575318530202, 732325.936570575344376 ], [ 4141281.593092667404562, 732325.936570575344376 ], [ 4141281.593092667404562, 732363.361087924218737 ], [ 4141281.593092667404562, 732400.785605273093097 ], [ 4141281.593092667404562, 732438.210122621967457 ], [ 4141281.593092667404562, 732475.634639970841818 ], [ 4141308.056222667451948, 732502.097769970889203 ], [ 4141345.480740016326308, 732502.097769970889203 ], [ 4141382.905257365200669, 732502.097769970889203 ], [ 4141420.329774714075029, 732502.097769970889203 ], [ 4141446.792904714122415, 732528.560899970936589 ], [ 4141446.792904714122415, 732565.985417319810949 ], [ 4141446.792904714122415, 732603.40993466868531 ], [ 4141446.792904714122415, 732640.83445201755967 ], [ 4141446.792904714122415, 732678.25896936643403 ], [ 4141446.792904714122415, 732715.683486715308391 ], [ 4141446.792904714122415, 732753.108004064182751 ], [ 4141446.792904714122415, 732790.532521413057111 ], [ 4141446.792904714122415, 732827.957038761931472 ], [ 4141484.217422062996775, 732827.957038761931472 ], [ 4141521.641939411871135, 732827.957038761931472 ], [ 4141559.066456760745496, 732827.957038761931472 ], [ 4141596.490974109619856, 732827.957038761931472 ], [ 4141622.954104109667242, 732854.420168761978857 ], [ 4141622.954104109667242, 732891.844686110853218 ], [ 4141622.954104109667242, 732929.269203459727578 ], [ 4141622.954104109667242, 732966.693720808601938 ], [ 4141622.954104109667242, 733004.118238157476299 ], [ 4141660.378621458541602, 733004.118238157476299 ], [ 4141697.803138807415962, 733004.118238157476299 ], [ 4141735.227656156290323, 733004.118238157476299 ], [ 4141761.690786156337708, 733030.581368157523684 ], [ 4141761.690786156337708, 733068.005885506398045 ], [ 4141761.690786156337708, 733105.430402855272405 ], [ 4141761.690786156337708, 733142.854920204146765 ], [ 4141761.690786156337708, 733180.279437553021125 ], [ 4141761.690786156337708, 733217.703954901895486 ], [ 4141761.690786156337708, 733255.128472250769846 ], [ 4141761.690786156337708, 733292.552989599644206 ], [ 4141761.690786156337708, 733329.977506948518567 ], [ 4141799.115303505212069, 733329.977506948518567 ], [ 4141836.539820854086429, 733329.977506948518567 ], [ 4141873.964338202960789, 733329.977506948518567 ], [ 4141911.38885555183515, 733329.977506948518567 ], [ 4141948.81337290070951, 733329.977506948518567 ], [ 4141948.81337290070951, 733367.402024297392927 ], [ 4141948.81337290070951, 733404.826541646267287 ], [ 4141948.81337290070951, 733442.251058995141648 ], [ 4141948.81337290070951, 733479.675576344016008 ], [ 4141986.23789024958387, 733479.675576344016008 ], [ 4142023.66240759845823, 733479.675576344016008 ], [ 4142061.086924947332591, 733479.675576344016008 ], [ 4142098.511442296206951, 733479.675576344016008 ], [ 4142124.974572296254337, 733506.138706344063394 ], [ 4142124.974572296254337, 733543.563223692937754 ], [ 4142124.974572296254337, 733580.987741041812114 ], [ 4142124.974572296254337, 733618.412258390686475 ], [ 4142124.974572296254337, 733655.836775739560835 ], [ 4142162.399089645128697, 733655.836775739560835 ], [ 4142199.823606994003057, 733655.836775739560835 ], [ 4142237.248124342877418, 733655.836775739560835 ], [ 4142263.711254342924803, 733682.299905739608221 ], [ 4142263.711254342924803, 733719.724423088482581 ], [ 4142263.711254342924803, 733757.148940437356941 ], [ 4142263.711254342924803, 733794.573457786231302 ], [ 4142263.711254342924803, 733831.997975135105662 ], [ 4142263.711254342924803, 733869.422492483980022 ], [ 4142263.711254342924803, 733906.847009832854383 ], [ 4142263.711254342924803, 733944.271527181728743 ], [ 4142263.711254342924803, 733981.696044530603103 ], [ 4142301.135771691799164, 733981.696044530603103 ], [ 4142338.560289040673524, 733981.696044530603103 ], [ 4142375.984806389547884, 733981.696044530603103 ], [ 4142413.409323738422245, 733981.696044530603103 ], [ 4142439.87245373846963, 734008.159174530650489 ], [ 4142439.87245373846963, 734045.583691879524849 ], [ 4142439.87245373846963, 734083.00820922839921 ], [ 4142439.87245373846963, 734120.43272657727357 ], [ 4142439.87245373846963, 734157.85724392614793 ], [ 4142439.87245373846963, 734195.281761275022291 ], [ 4142439.87245373846963, 734232.706278623896651 ], [ 4142439.87245373846963, 734270.130795972771011 ], [ 4142439.87245373846963, 734307.555313321645372 ], [ 4142477.296971087343991, 734307.555313321645372 ], [ 4142514.721488436218351, 734307.555313321645372 ], [ 4142552.146005785092711, 734307.555313321645372 ], [ 4142578.609135785140097, 734334.018443321692757 ], [ 4142578.609135785140097, 734371.442960670567118 ], [ 4142578.609135785140097, 734408.867478019441478 ], [ 4142578.609135785140097, 734446.291995368315838 ], [ 4142578.609135785140097, 734483.716512717190199 ], [ 4142616.033653134014457, 734483.716512717190199 ], [ 4142653.458170482888818, 734483.716512717190199 ], [ 4142690.882687831763178, 734483.716512717190199 ], [ 4142728.307205180637538, 734483.716512717190199 ], [ 4142765.731722529511899, 734483.716512717190199 ], [ 4142765.731722529511899, 734521.141030066064559 ], [ 4142765.731722529511899, 734558.565547414938919 ], [ 4142765.731722529511899, 734595.99006476381328 ], [ 4142765.731722529511899, 734633.41458211268764 ], [ 4142765.731722529511899, 734670.839099461562 ], [ 4142765.731722529511899, 734708.263616810436361 ], [ 4142765.731722529511899, 734745.688134159310721 ], [ 4142765.731722529511899, 734783.112651508185081 ], [ 4142765.731722529511899, 734820.537168857059442 ], [ 4142803.156239878386259, 734820.537168857059442 ], [ 4142840.580757227260619, 734820.537168857059442 ], [ 4142878.00527457613498, 734820.537168857059442 ], [ 4142915.42979192500934, 734820.537168857059442 ], [ 4142941.892921925056726, 734847.000298857106827 ], [ 4142941.892921925056726, 734884.424816205981188 ], [ 4142941.892921925056726, 734921.849333554855548 ], [ 4142941.892921925056726, 734959.273850903729908 ], [ 4142941.892921925056726, 734996.698368252604268 ], [ 4142941.892921925056726, 735034.122885601478629 ], [ 4142941.892921925056726, 735071.547402950352989 ], [ 4142941.892921925056726, 735108.971920299227349 ], [ 4142941.892921925056726, 735146.39643764810171 ], [ 4142979.317439273931086, 735146.39643764810171 ], [ 4143016.741956622805446, 735146.39643764810171 ], [ 4143054.166473971679807, 735146.39643764810171 ], [ 4143080.629603971727192, 735172.859567648149095 ], [ 4143080.629603971727192, 735210.284084997023456 ], [ 4143080.629603971727192, 735247.708602345897816 ], [ 4143080.629603971727192, 735285.133119694772176 ], [ 4143080.629603971727192, 735322.557637043646537 ], [ 4143080.629603971727192, 735359.982154392520897 ], [ 4143080.629603971727192, 735397.406671741395257 ], [ 4143080.629603971727192, 735434.831189090269618 ], [ 4143080.629603971727192, 735472.255706439143978 ], [ 4143118.054121320601553, 735472.255706439143978 ], [ 4143155.478638669475913, 735472.255706439143978 ], [ 4143192.903156018350273, 735472.255706439143978 ], [ 4143230.327673367224634, 735472.255706439143978 ], [ 4143256.790803367272019, 735498.718836439191364 ], [ 4143256.790803367272019, 735536.143353788065724 ], [ 4143256.790803367272019, 735573.567871136940084 ], [ 4143256.790803367272019, 735610.992388485814445 ], [ 4143256.790803367272019, 735648.416905834688805 ], [ 4143294.21532071614638, 735648.416905834688805 ], [ 4143331.63983806502074, 735648.416905834688805 ], [ 4143369.0643554138951, 735648.416905834688805 ], [ 4143406.488872762769461, 735648.416905834688805 ], [ 4143406.488872762769461, 735685.841423183563165 ], [ 4143406.488872762769461, 735723.265940532437526 ], [ 4143406.488872762769461, 735760.690457881311886 ], [ 4143406.488872762769461, 735798.114975230186246 ], [ 4143406.488872762769461, 735835.539492579060607 ], [ 4143406.488872762769461, 735872.964009927934967 ], [ 4143406.488872762769461, 735910.388527276809327 ], [ 4143406.488872762769461, 735947.813044625683688 ], [ 4143406.488872762769461, 735985.237561974558048 ], [ 4143406.488872762769461, 736022.662079323432408 ], [ 4143406.488872762769461, 736060.086596672306769 ], [ 4143406.488872762769461, 736097.511114021181129 ], [ 4143406.488872762769461, 736134.935631370055489 ], [ 4143443.913390111643821, 736134.935631370055489 ], [ 4143481.337907460518181, 736134.935631370055489 ], [ 4143518.762424809392542, 736134.935631370055489 ], [ 4143556.186942158266902, 736134.935631370055489 ], [ 4143582.650072158314288, 736161.398761370102875 ], [ 4143582.650072158314288, 736198.823278718977235 ], [ 4143582.650072158314288, 736236.247796067851596 ], [ 4143582.650072158314288, 736273.672313416725956 ], [ 4143582.650072158314288, 736311.096830765600316 ], [ 4143620.074589507188648, 736311.096830765600316 ], [ 4143657.499106856063008, 736311.096830765600316 ], [ 4143694.923624204937369, 736311.096830765600316 ], [ 4143732.348141553811729, 736311.096830765600316 ], [ 4143758.811271553859115, 736337.559960765647702 ], [ 4143758.811271553859115, 736374.984478114522062 ], [ 4143758.811271553859115, 736412.408995463396423 ], [ 4143758.811271553859115, 736449.833512812270783 ], [ 4143758.811271553859115, 736487.258030161145143 ], [ 4143758.811271553859115, 736524.682547510019504 ], [ 4143758.811271553859115, 736562.107064858893864 ], [ 4143758.811271553859115, 736599.531582207768224 ], [ 4143758.811271553859115, 736636.956099556642585 ], [ 4143758.811271553859115, 736674.380616905516945 ], [ 4143758.811271553859115, 736711.805134254391305 ], [ 4143758.811271553859115, 736749.229651603265665 ], [ 4143758.811271553859115, 736786.654168952140026 ], [ 4143796.235788902733475, 736786.654168952140026 ], [ 4143833.660306251607835, 736786.654168952140026 ], [ 4143871.084823600482196, 736786.654168952140026 ], [ 4143908.509340949356556, 736786.654168952140026 ], [ 4143908.509340949356556, 736824.078686301014386 ], [ 4143908.509340949356556, 736861.503203649888746 ], [ 4143908.509340949356556, 736898.927720998763107 ], [ 4143908.509340949356556, 736936.352238347637467 ], [ 4143908.509340949356556, 736973.776755696511827 ], [ 4143945.933858298230916, 736973.776755696511827 ], [ 4143983.358375647105277, 736973.776755696511827 ], [ 4144020.782892995979637, 736973.776755696511827 ], [ 4144058.207410344853997, 736973.776755696511827 ], [ 4144058.207410344853997, 737011.201273045386188 ], [ 4144058.207410344853997, 737048.625790394260548 ], [ 4144058.207410344853997, 737086.050307743134908 ], [ 4144058.207410344853997, 737123.474825092009269 ], [ 4144058.207410344853997, 737160.899342440883629 ], [ 4144058.207410344853997, 737198.323859789757989 ], [ 4144058.207410344853997, 737235.74837713863235 ], [ 4144058.207410344853997, 737273.17289448750671 ], [ 4144058.207410344853997, 737310.59741183638107 ], [ 4144058.207410344853997, 737348.021929185255431 ], [ 4144058.207410344853997, 737385.446446534129791 ], [ 4144058.207410344853997, 737422.870963883004151 ], [ 4144058.207410344853997, 737460.295481231878512 ], [ 4144095.631927693728358, 737460.295481231878512 ], [ 4144133.056445042602718, 737460.295481231878512 ], [ 4144170.480962391477078, 737460.295481231878512 ], [ 4144207.905479740351439, 737460.295481231878512 ], [ 4144245.329997089225799, 737460.295481231878512 ], [ 4144245.329997089225799, 737497.719998580752872 ], [ 4144245.329997089225799, 737535.144515929627232 ], [ 4144245.329997089225799, 737572.569033278501593 ], [ 4144245.329997089225799, 737609.993550627375953 ], [ 4144282.754514438100159, 737609.993550627375953 ], [ 4144320.179031786974519, 737609.993550627375953 ], [ 4144357.60354913584888, 737609.993550627375953 ], [ 4144395.02806648472324, 737609.993550627375953 ], [ 4144421.491196484770626, 737636.456680627423339 ], [ 4144421.491196484770626, 737673.881197976297699 ], [ 4144421.491196484770626, 737711.305715325172059 ], [ 4144421.491196484770626, 737748.73023267404642 ], [ 4144421.491196484770626, 737786.15475002292078 ], [ 4144421.491196484770626, 737823.57926737179514 ], [ 4144421.491196484770626, 737861.003784720669501 ], [ 4144421.491196484770626, 737898.428302069543861 ], [ 4144421.491196484770626, 737935.852819418418221 ], [ 4144421.491196484770626, 737973.277336767292581 ], [ 4144421.491196484770626, 738010.701854116166942 ], [ 4144421.491196484770626, 738048.126371465041302 ], [ 4144421.491196484770626, 738085.550888813915662 ], [ 4144421.491196484770626, 738122.975406162790023 ], [ 4144458.915713833644986, 738122.975406162790023 ], [ 4144496.340231182519346, 738122.975406162790023 ], [ 4144533.764748531393707, 738122.975406162790023 ], [ 4144571.189265880268067, 738122.975406162790023 ], [ 4144571.189265880268067, 738160.399923511664383 ], [ 4144571.189265880268067, 738197.824440860538743 ], [ 4144571.189265880268067, 738235.248958209413104 ], [ 4144571.189265880268067, 738272.673475558287464 ], [ 4144571.189265880268067, 738310.097992907161824 ], [ 4144571.189265880268067, 738347.522510256036185 ], [ 4144571.189265880268067, 738384.947027604910545 ], [ 4144571.189265880268067, 738422.371544953784905 ], [ 4144571.189265880268067, 738459.796062302659266 ], [ 4144571.189265880268067, 738497.220579651533626 ], [ 4144571.189265880268067, 738534.645097000407986 ], [ 4144571.189265880268067, 738572.069614349282347 ], [ 4144571.189265880268067, 738609.494131698156707 ], [ 4144608.613783229142427, 738609.494131698156707 ], [ 4144646.038300578016788, 738609.494131698156707 ], [ 4144683.462817926891148, 738609.494131698156707 ], [ 4144720.887335275765508, 738609.494131698156707 ], [ 4144720.887335275765508, 738646.918649047031067 ], [ 4144720.887335275765508, 738684.343166395905428 ], [ 4144720.887335275765508, 738721.767683744779788 ], [ 4144720.887335275765508, 738759.192201093654148 ], [ 4144720.887335275765508, 738796.616718442528509 ], [ 4144720.887335275765508, 738834.041235791402869 ], [ 4144720.887335275765508, 738871.465753140277229 ], [ 4144720.887335275765508, 738908.89027048915159 ], [ 4144720.887335275765508, 738946.31478783802595 ], [ 4144720.887335275765508, 738983.73930518690031 ], [ 4144720.887335275765508, 739021.163822535774671 ], [ 4144720.887335275765508, 739058.588339884649031 ], [ 4144720.887335275765508, 739096.012857233523391 ], [ 4144720.887335275765508, 739133.437374582397752 ], [ 4144720.887335275765508, 739170.861891931272112 ], [ 4144720.887335275765508, 739208.286409280146472 ], [ 4144720.887335275765508, 739245.710926629020832 ], [ 4144720.887335275765508, 739283.135443977895193 ], [ 4144720.887335275765508, 739320.559961326769553 ], [ 4144720.887335275765508, 739357.984478675643913 ], [ 4144720.887335275765508, 739395.408996024518274 ], [ 4144720.887335275765508, 739432.833513373392634 ], [ 4144720.887335275765508, 739470.258030722266994 ], [ 4144720.887335275765508, 739507.682548071141355 ], [ 4144720.887335275765508, 739545.107065420015715 ], [ 4144720.887335275765508, 739582.531582768890075 ], [ 4144720.887335275765508, 739619.956100117764436 ], [ 4144720.887335275765508, 739657.380617466638796 ], [ 4144720.887335275765508, 739694.805134815513156 ], [ 4144720.887335275765508, 739732.229652164387517 ], [ 4144720.887335275765508, 739769.654169513261877 ], [ 4144720.887335275765508, 739807.078686862136237 ], [ 4144720.887335275765508, 739844.503204211010598 ], [ 4144720.887335275765508, 739881.927721559884958 ], [ 4144720.887335275765508, 739919.352238908759318 ], [ 4144720.887335275765508, 739956.776756257633679 ], [ 4144720.887335275765508, 739994.201273606508039 ], [ 4144720.887335275765508, 740031.625790955382399 ], [ 4144720.887335275765508, 740069.05030830425676 ], [ 4144720.887335275765508, 740106.47482565313112 ], [ 4144720.887335275765508, 740143.89934300200548 ], [ 4144720.887335275765508, 740181.323860350879841 ], [ 4144720.887335275765508, 740218.748377699754201 ], [ 4144720.887335275765508, 740256.172895048628561 ], [ 4144720.887335275765508, 740293.597412397502922 ], [ 4144720.887335275765508, 740331.021929746377282 ], [ 4144720.887335275765508, 740368.446447095251642 ], [ 4144720.887335275765508, 740405.870964444126002 ], [ 4144720.887335275765508, 740443.295481793000363 ], [ 4144720.887335275765508, 740480.719999141874723 ], [ 4144720.887335275765508, 740518.144516490749083 ], [ 4144720.887335275765508, 740555.569033839623444 ], [ 4144720.887335275765508, 740592.993551188497804 ], [ 4144720.887335275765508, 740630.418068537372164 ], [ 4144720.887335275765508, 740667.842585886246525 ], [ 4144720.887335275765508, 740705.267103235120885 ], [ 4144720.887335275765508, 740742.691620583995245 ], [ 4144720.887335275765508, 740780.116137932869606 ], [ 4144720.887335275765508, 740817.540655281743966 ], [ 4144720.887335275765508, 740854.965172630618326 ], [ 4144720.887335275765508, 740892.389689979492687 ], [ 4144720.887335275765508, 740929.814207328367047 ], [ 4144720.887335275765508, 740967.238724677241407 ], [ 4144720.887335275765508, 741004.663242026115768 ], [ 4144720.887335275765508, 741042.087759374990128 ], [ 4144720.887335275765508, 741079.512276723864488 ], [ 4144720.887335275765508, 741116.936794072738849 ], [ 4144720.887335275765508, 741154.361311421613209 ], [ 4144720.887335275765508, 741191.785828770487569 ], [ 4144720.887335275765508, 741229.21034611936193 ], [ 4144720.887335275765508, 741266.63486346823629 ], [ 4144720.887335275765508, 741304.05938081711065 ], [ 4144720.887335275765508, 741341.483898165985011 ], [ 4144720.887335275765508, 741378.908415514859371 ], [ 4144720.887335275765508, 741416.332932863733731 ], [ 4144720.887335275765508, 741453.757450212608092 ], [ 4144720.887335275765508, 741491.181967561482452 ], [ 4144720.887335275765508, 741528.606484910356812 ], [ 4144720.887335275765508, 741566.031002259231173 ], [ 4144720.887335275765508, 741603.455519608105533 ], [ 4144720.887335275765508, 741640.880036956979893 ], [ 4144720.887335275765508, 741678.304554305854253 ], [ 4144720.887335275765508, 741715.729071654728614 ], [ 4144720.887335275765508, 741753.153589003602974 ], [ 4144694.424205275718123, 741779.61671900365036 ], [ 4144656.999687926843762, 741779.61671900365036 ], [ 4144619.575170577969402, 741779.61671900365036 ], [ 4144582.150653229095042, 741779.61671900365036 ], [ 4144544.726135880220681, 741779.61671900365036 ], [ 4144507.301618531346321, 741779.61671900365036 ], [ 4144469.877101182471961, 741779.61671900365036 ], [ 4144432.4525838335976, 741779.61671900365036 ], [ 4144395.02806648472324, 741779.61671900365036 ], [ 4144357.60354913584888, 741779.61671900365036 ], [ 4144320.179031786974519, 741779.61671900365036 ], [ 4144282.754514438100159, 741779.61671900365036 ], [ 4144245.329997089225799, 741779.61671900365036 ], [ 4144207.905479740351439, 741779.61671900365036 ], [ 4144170.480962391477078, 741779.61671900365036 ], [ 4144133.056445042602718, 741779.61671900365036 ], [ 4144095.631927693728358, 741779.61671900365036 ], [ 4144058.207410344853997, 741779.61671900365036 ], [ 4144058.207410344853997, 741817.04123635252472 ], [ 4144058.207410344853997, 741854.46575370139908 ], [ 4144058.207410344853997, 741891.890271050273441 ], [ 4144058.207410344853997, 741929.314788399147801 ], [ 4144031.744280344806612, 741955.777918399195187 ], [ 4143994.319762995932251, 741955.777918399195187 ], [ 4143956.895245647057891, 741955.777918399195187 ], [ 4143919.470728298183531, 741955.777918399195187 ], [ 4143882.04621094930917, 741955.777918399195187 ], [ 4143844.62169360043481, 741955.777918399195187 ], [ 4143807.19717625156045, 741955.777918399195187 ], [ 4143769.772658902686089, 741955.777918399195187 ], [ 4143732.348141553811729, 741955.777918399195187 ], [ 4143694.923624204937369, 741955.777918399195187 ], [ 4143657.499106856063008, 741955.777918399195187 ], [ 4143620.074589507188648, 741955.777918399195187 ], [ 4143582.650072158314288, 741955.777918399195187 ], [ 4143582.650072158314288, 741993.202435748069547 ], [ 4143582.650072158314288, 742030.626953096943907 ], [ 4143582.650072158314288, 742068.051470445818268 ], [ 4143582.650072158314288, 742105.475987794692628 ], [ 4143545.225554809439927, 742105.475987794692628 ], [ 4143507.801037460565567, 742105.475987794692628 ], [ 4143470.376520111691207, 742105.475987794692628 ], [ 4143432.952002762816846, 742105.475987794692628 ], [ 4143406.488872762769461, 742131.939117794740014 ], [ 4143406.488872762769461, 742169.363635143614374 ], [ 4143406.488872762769461, 742206.788152492488734 ], [ 4143406.488872762769461, 742244.212669841363095 ], [ 4143380.025742762722075, 742270.67579984141048 ], [ 4143342.601225413847715, 742270.67579984141048 ], [ 4143305.176708064973354, 742270.67579984141048 ], [ 4143267.752190716098994, 742270.67579984141048 ], [ 4143230.327673367224634, 742270.67579984141048 ], [ 4143192.903156018350273, 742270.67579984141048 ], [ 4143155.478638669475913, 742270.67579984141048 ], [ 4143118.054121320601553, 742270.67579984141048 ], [ 4143080.629603971727192, 742270.67579984141048 ], [ 4143043.205086622852832, 742270.67579984141048 ], [ 4143005.780569273978472, 742270.67579984141048 ], [ 4142968.356051925104111, 742270.67579984141048 ], [ 4142930.931534576229751, 742270.67579984141048 ], [ 4142930.931534576229751, 742308.100317190284841 ], [ 4142930.931534576229751, 742345.524834539159201 ], [ 4142920.045754249207675, 742378.390094831003807 ], [ 4142920.045754249207675, 742415.814612179878168 ], [ 4142893.58262424916029, 742442.277742179925554 ], [ 4142856.158106900285929, 742442.277742179925554 ], [ 4142818.733589551411569, 742442.277742179925554 ], [ 4142781.309072202537209, 742442.277742179925554 ], [ 4142781.309072202537209, 742479.702259528799914 ], [ 4142781.309072202537209, 742517.126776877674274 ], [ 4142781.309072202537209, 742554.551294226548634 ], [ 4142781.309072202537209, 742591.975811575422995 ], [ 4142754.845942202489823, 742618.43894157547038 ], [ 4142717.421424853615463, 742618.43894157547038 ], [ 4142679.996907504741102, 742618.43894157547038 ], [ 4142642.572390155866742, 742618.43894157547038 ], [ 4142605.147872806992382, 742618.43894157547038 ], [ 4142567.723355458118021, 742618.43894157547038 ], [ 4142530.298838109243661, 742618.43894157547038 ], [ 4142492.874320760369301, 742618.43894157547038 ], [ 4142455.449803411494941, 742618.43894157547038 ], [ 4142418.02528606262058, 742618.43894157547038 ], [ 4142380.60076871374622, 742618.43894157547038 ], [ 4142343.17625136487186, 742618.43894157547038 ], [ 4142305.751734015997499, 742618.43894157547038 ], [ 4142268.327216667123139, 742618.43894157547038 ], [ 4142268.327216667123139, 742655.863458924344741 ], [ 4142268.327216667123139, 742693.287976273219101 ], [ 4142268.327216667123139, 742730.712493622093461 ], [ 4142268.327216667123139, 742768.137010970967822 ], [ 4142230.902699318248779, 742768.137010970967822 ], [ 4142193.478181969374418, 742768.137010970967822 ], [ 4142156.053664620500058, 742768.137010970967822 ], [ 4142118.629147271625698, 742768.137010970967822 ], [ 4142118.629147271625698, 742805.561528319842182 ], [ 4142118.629147271625698, 742842.986045668716542 ], [ 4142118.629147271625698, 742880.410563017590903 ], [ 4142118.629147271625698, 742917.835080366465263 ], [ 4142092.166017271578312, 742944.298210366512649 ], [ 4142054.741499922703952, 742944.298210366512649 ], [ 4142017.316982573829591, 742944.298210366512649 ], [ 4141979.892465224955231, 742944.298210366512649 ], [ 4141942.467947876080871, 742944.298210366512649 ], [ 4141905.04343052720651, 742944.298210366512649 ], [ 4141867.61891317833215, 742944.298210366512649 ], [ 4141830.19439582945779, 742944.298210366512649 ], [ 4141792.769878480583429, 742944.298210366512649 ], [ 4141755.345361131709069, 742944.298210366512649 ], [ 4141717.920843782834709, 742944.298210366512649 ], [ 4141680.496326433960348, 742944.298210366512649 ], [ 4141643.071809085085988, 742944.298210366512649 ], [ 4141605.647291736211628, 742944.298210366512649 ], [ 4141605.647291736211628, 742981.722727715387009 ], [ 4141605.647291736211628, 743019.147245064261369 ], [ 4141605.647291736211628, 743056.57176241313573 ], [ 4141605.647291736211628, 743093.99627976201009 ], [ 4141568.222774387337267, 743093.99627976201009 ], [ 4141530.798257038462907, 743093.99627976201009 ], [ 4141493.373739689588547, 743093.99627976201009 ], [ 4141455.949222340714186, 743093.99627976201009 ], [ 4141455.949222340714186, 743131.42079711088445 ], [ 4141455.949222340714186, 743168.845314459758811 ], [ 4141455.949222340714186, 743206.269831808633171 ], [ 4141455.949222340714186, 743243.694349157507531 ], [ 4141429.486092340666801, 743270.157479157554917 ], [ 4141392.06157499179244, 743270.157479157554917 ], [ 4141354.63705764291808, 743270.157479157554917 ], [ 4141317.21254029404372, 743270.157479157554917 ], [ 4141279.788022945169359, 743270.157479157554917 ], [ 4141242.363505596294999, 743270.157479157554917 ], [ 4141204.938988247420639, 743270.157479157554917 ], [ 4141167.514470898546278, 743270.157479157554917 ], [ 4141130.089953549671918, 743270.157479157554917 ], [ 4141092.665436200797558, 743270.157479157554917 ], [ 4141055.240918851923198, 743270.157479157554917 ], [ 4141017.816401503048837, 743270.157479157554917 ], [ 4140980.391884154174477, 743270.157479157554917 ], [ 4140942.967366805300117, 743270.157479157554917 ], [ 4140905.542849456425756, 743270.157479157554917 ], [ 4140868.118332107551396, 743270.157479157554917 ], [ 4140830.693814758677036, 743270.157479157554917 ], [ 4140793.269297409802675, 743270.157479157554917 ], [ 4140755.844780060928315, 743270.157479157554917 ], [ 4140718.420262712053955, 743270.157479157554917 ], [ 4140680.995745363179594, 743270.157479157554917 ], [ 4140643.571228014305234, 743270.157479157554917 ], [ 4140606.146710665430874, 743270.157479157554917 ], [ 4140568.722193316556513, 743270.157479157554917 ], [ 4140531.297675967682153, 743270.157479157554917 ], [ 4140493.873158618807793, 743270.157479157554917 ], [ 4140467.410028618760407, 743296.620609157602303 ], [ 4140467.410028618760407, 743334.045126506476663 ], [ 4140467.410028618760407, 743371.469643855351023 ], [ 4140467.410028618760407, 743408.894161204225384 ], [ 4140440.946898618713021, 743435.357291204272769 ], [ 4140403.522381269838661, 743435.357291204272769 ], [ 4140366.097863920964301, 743435.357291204272769 ], [ 4140328.67334657208994, 743435.357291204272769 ], [ 4140291.24882922321558, 743435.357291204272769 ], [ 4140253.82431187434122, 743435.357291204272769 ], [ 4140216.399794525466859, 743435.357291204272769 ], [ 4140178.975277176592499, 743435.357291204272769 ], [ 4140141.550759827718139, 743435.357291204272769 ], [ 4140104.126242478843778, 743435.357291204272769 ], [ 4140066.701725129969418, 743435.357291204272769 ], [ 4140029.277207781095058, 743435.357291204272769 ], [ 4139991.852690432220697, 743435.357291204272769 ], [ 4139965.389560432173312, 743461.820421204320155 ], [ 4139965.389560432173312, 743499.244938553194515 ], [ 4139965.389560432173312, 743536.669455902068876 ], [ 4139965.389560432173312, 743574.093973250943236 ], [ 4139938.926430432125926, 743600.557103250990622 ], [ 4139901.501913083251566, 743600.557103250990622 ], [ 4139864.077395734377205, 743600.557103250990622 ], [ 4139826.652878385502845, 743600.557103250990622 ], [ 4139789.228361036628485, 743600.557103250990622 ], [ 4139751.803843687754124, 743600.557103250990622 ], [ 4139714.379326338879764, 743600.557103250990622 ], [ 4139676.954808990005404, 743600.557103250990622 ], [ 4139639.530291641131043, 743600.557103250990622 ], [ 4139602.105774292256683, 743600.557103250990622 ], [ 4139564.681256943382323, 743600.557103250990622 ], [ 4139527.256739594507962, 743600.557103250990622 ], [ 4139489.832222245633602, 743600.557103250990622 ], [ 4139452.407704896759242, 743600.557103250990622 ], [ 4139414.983187547884881, 743600.557103250990622 ], [ 4139377.558670199010521, 743600.557103250990622 ], [ 4139340.134152850136161, 743600.557103250990622 ], [ 4139302.709635501261801, 743600.557103250990622 ], [ 4139276.246505501214415, 743574.093973250943236 ], [ 4139276.246505501214415, 743536.669455902068876 ], [ 4139276.246505501214415, 743499.244938553194515 ], [ 4139276.246505501214415, 743461.820421204320155 ], [ 4139276.246505501214415, 743424.395903855445795 ], [ 4139238.821988152340055, 743424.395903855445795 ], [ 4139201.397470803465694, 743424.395903855445795 ], [ 4139163.972953454591334, 743424.395903855445795 ], [ 4139126.548436105716974, 743424.395903855445795 ], [ 4139089.123918756842613, 743424.395903855445795 ], [ 4139051.699401407968253, 743424.395903855445795 ], [ 4139014.274884059093893, 743424.395903855445795 ], [ 4138976.850366710219532, 743424.395903855445795 ], [ 4138976.850366710219532, 743386.971386506571434 ], [ 4138976.850366710219532, 743349.546869157697074 ], [ 4138976.850366710219532, 743312.122351808822714 ], [ 4138976.850366710219532, 743274.697834459948353 ], [ 4138939.425849361345172, 743274.697834459948353 ], [ 4138902.001332012470812, 743274.697834459948353 ], [ 4138864.576814663596451, 743274.697834459948353 ], [ 4138827.152297314722091, 743274.697834459948353 ], [ 4138789.727779965847731, 743274.697834459948353 ], [ 4138752.30326261697337, 743274.697834459948353 ], [ 4138714.87874526809901, 743274.697834459948353 ], [ 4138677.45422791922465, 743274.697834459948353 ], [ 4138640.029710570350289, 743274.697834459948353 ], [ 4138613.566580570302904, 743248.234704459900968 ], [ 4138613.566580570302904, 743210.810187111026607 ], [ 4138613.566580570302904, 743173.385669762152247 ], [ 4138613.566580570302904, 743135.961152413277887 ], [ 4138613.566580570302904, 743098.536635064403526 ], [ 4138576.142063221428543, 743098.536635064403526 ], [ 4138538.717545872554183, 743098.536635064403526 ], [ 4138501.293028523679823, 743098.536635064403526 ], [ 4138463.868511174805462, 743098.536635064403526 ], [ 4138426.443993825931102, 743098.536635064403526 ], [ 4138389.019476477056742, 743098.536635064403526 ], [ 4138351.594959128182381, 743098.536635064403526 ], [ 4138314.170441779308021, 743098.536635064403526 ], [ 4138314.170441779308021, 743061.112117715529166 ], [ 4138314.170441779308021, 743023.687600366654806 ], [ 4138314.170441779308021, 742986.263083017780446 ], [ 4138314.170441779308021, 742948.838565668906085 ], [ 4138276.745924430433661, 742948.838565668906085 ], [ 4138239.3214070815593, 742948.838565668906085 ], [ 4138201.89688973268494, 742948.838565668906085 ], [ 4138164.47237238381058, 742948.838565668906085 ], [ 4138127.047855034936219, 742948.838565668906085 ], [ 4138089.623337686061859, 742948.838565668906085 ], [ 4138052.198820337187499, 742948.838565668906085 ], [ 4138014.774302988313138, 742948.838565668906085 ], [ 4137977.349785639438778, 742948.838565668906085 ], [ 4137950.886655639391392, 742922.3754356688587 ], [ 4137950.886655639391392, 742884.950918319984339 ], [ 4137950.886655639391392, 742847.526400971109979 ], [ 4137950.886655639391392, 742810.101883622235619 ], [ 4137950.886655639391392, 742772.677366273361258 ], [ 4137913.462138290517032, 742772.677366273361258 ], [ 4137876.037620941642672, 742772.677366273361258 ], [ 4137838.613103592768312, 742772.677366273361258 ], [ 4137801.188586243893951, 742772.677366273361258 ], [ 4137763.764068895019591, 742772.677366273361258 ], [ 4137726.339551546145231, 742772.677366273361258 ], [ 4137688.91503419727087, 742772.677366273361258 ], [ 4137651.49051684839651, 742772.677366273361258 ], [ 4137651.49051684839651, 742735.252848924486898 ], [ 4137651.49051684839651, 742697.828331575612538 ], [ 4137651.49051684839651, 742660.403814226738177 ], [ 4137651.49051684839651, 742622.979296877863817 ], [ 4137651.49051684839651, 742585.554779528989457 ], [ 4137651.49051684839651, 742548.130262180115096 ], [ 4137651.49051684839651, 742510.705744831240736 ], [ 4137651.49051684839651, 742473.281227482366376 ], [ 4137651.49051684839651, 742435.856710133492015 ], [ 4137614.06599949952215, 742435.856710133492015 ], [ 4137576.641482150647789, 742435.856710133492015 ], [ 4137539.216964801773429, 742435.856710133492015 ], [ 4137501.792447452899069, 742435.856710133492015 ], [ 4137475.329317452851683, 742409.39358013344463 ], [ 4137475.329317452851683, 742371.969062784570269 ], [ 4137475.329317452851683, 742334.544545435695909 ], [ 4137475.329317452851683, 742297.120028086821549 ], [ 4137448.866187452804297, 742270.656898086774163 ], [ 4137411.441670103929937, 742270.656898086774163 ], [ 4137374.017152755055577, 742270.656898086774163 ], [ 4137336.592635406181216, 742270.656898086774163 ], [ 4137310.129505406133831, 742244.193768086726777 ], [ 4137310.129505406133831, 742206.769250737852417 ], [ 4137310.129505406133831, 742169.344733388978057 ], [ 4137310.129505406133831, 742131.920216040103696 ], [ 4137283.666375406086445, 742105.457086040056311 ], [ 4137246.241858057212085, 742105.457086040056311 ], [ 4137208.817340708337724, 742105.457086040056311 ], [ 4137171.392823359463364, 742105.457086040056311 ], [ 4137144.929693359415978, 742078.993956040008925 ], [ 4137144.929693359415978, 742041.569438691134565 ], [ 4137144.929693359415978, 742004.144921342260204 ], [ 4137144.929693359415978, 741966.720403993385844 ], [ 4137118.466563359368593, 741940.257273993338458 ], [ 4137081.042046010494232, 741940.257273993338458 ], [ 4137043.617528661619872, 741940.257273993338458 ], [ 4137006.193011312745512, 741940.257273993338458 ], [ 4137006.193011312745512, 741977.681791342212819 ], [ 4137006.193011312745512, 742015.106308691087179 ], [ 4137006.193011312745512, 742052.530826039961539 ], [ 4137006.193011312745512, 742089.9553433888359 ], [ 4136979.729881312698126, 742116.418473388883285 ], [ 4136942.305363963823766, 742116.418473388883285 ], [ 4136904.880846614949405, 742116.418473388883285 ], [ 4136867.456329266075045, 742116.418473388883285 ], [ 4136830.031811917200685, 742116.418473388883285 ], [ 4136830.031811917200685, 742078.993956040008925 ], [ 4136830.031811917200685, 742041.569438691134565 ], [ 4136830.031811917200685, 742004.144921342260204 ], [ 4136830.031811917200685, 741966.720403993385844 ], [ 4136830.031811917200685, 741929.295886644511484 ], [ 4136830.031811917200685, 741891.871369295637123 ], [ 4136830.031811917200685, 741854.446851946762763 ], [ 4136830.031811917200685, 741817.022334597888403 ], [ 4136830.031811917200685, 741779.597817249014042 ], [ 4136792.607294568326324, 741779.597817249014042 ], [ 4136755.182777219451964, 741779.597817249014042 ], [ 4136717.758259870577604, 741779.597817249014042 ], [ 4136680.333742521703243, 741779.597817249014042 ], [ 4136653.870612521655858, 741753.134687248966657 ], [ 4136653.870612521655858, 741715.710169900092296 ], [ 4136653.870612521655858, 741678.285652551217936 ], [ 4136653.870612521655858, 741640.861135202343576 ], [ 4136627.407482521608472, 741614.39800520229619 ], [ 4136589.982965172734112, 741614.39800520229619 ], [ 4136552.558447823859751, 741614.39800520229619 ], [ 4136515.133930474985391, 741614.39800520229619 ], [ 4136515.133930474985391, 741576.97348785342183 ], [ 4136515.133930474985391, 741539.548970504547469 ], [ 4136515.133930474985391, 741502.124453155673109 ], [ 4136515.133930474985391, 741464.699935806798749 ], [ 4136477.709413126111031, 741464.699935806798749 ], [ 4136440.28489577723667, 741464.699935806798749 ], [ 4136402.86037842836231, 741464.699935806798749 ], [ 4136365.43586107948795, 741464.699935806798749 ], [ 4136328.011343730613589, 741464.699935806798749 ], [ 4136290.586826381739229, 741464.699935806798749 ], [ 4136253.162309032864869, 741464.699935806798749 ], [ 4136215.737791683990508, 741464.699935806798749 ], [ 4136178.313274335116148, 741464.699935806798749 ], [ 4136140.888756986241788, 741464.699935806798749 ], [ 4136103.464239637367427, 741464.699935806798749 ], [ 4136066.039722288493067, 741464.699935806798749 ], [ 4136028.615204939618707, 741464.699935806798749 ], [ 4136002.152074939571321, 741438.236805806751363 ], [ 4136002.152074939571321, 741400.812288457877003 ], [ 4136002.152074939571321, 741363.387771109002642 ], [ 4136002.152074939571321, 741325.963253760128282 ], [ 4136002.152074939571321, 741288.538736411253922 ], [ 4135964.727557590696961, 741288.538736411253922 ], [ 4135927.3030402418226, 741288.538736411253922 ], [ 4135889.87852289294824, 741288.538736411253922 ], [ 4135852.45400554407388, 741288.538736411253922 ], [ 4135852.45400554407388, 741251.114219062379561 ], [ 4135852.45400554407388, 741213.689701713505201 ], [ 4135852.45400554407388, 741176.265184364630841 ], [ 4135852.45400554407388, 741138.84066701575648 ], [ 4135825.990875544026494, 741112.377537015709095 ], [ 4135788.566358195152134, 741112.377537015709095 ], [ 4135751.141840846277773, 741112.377537015709095 ], [ 4135713.717323497403413, 741112.377537015709095 ], [ 4135676.292806148529053, 741112.377537015709095 ], [ 4135638.868288799654692, 741112.377537015709095 ], [ 4135601.443771450780332, 741112.377537015709095 ], [ 4135564.019254101905972, 741112.377537015709095 ], [ 4135526.594736753031611, 741112.377537015709095 ], [ 4135489.170219404157251, 741112.377537015709095 ], [ 4135451.745702055282891, 741112.377537015709095 ], [ 4135414.32118470640853, 741112.377537015709095 ], [ 4135376.89666735753417, 741112.377537015709095 ], [ 4135350.433537357486784, 741085.914407015661709 ], [ 4135350.433537357486784, 741048.489889666787349 ], [ 4135350.433537357486784, 741011.065372317912988 ], [ 4135350.433537357486784, 740973.640854969038628 ], [ 4135323.970407357439399, 740947.177724968991242 ], [ 4135286.545890008565038, 740947.177724968991242 ], [ 4135249.121372659690678, 740947.177724968991242 ], [ 4135211.696855310816318, 740947.177724968991242 ], [ 4135174.272337961941957, 740947.177724968991242 ], [ 4135136.847820613067597, 740947.177724968991242 ], [ 4135099.423303264193237, 740947.177724968991242 ], [ 4135061.998785915318877, 740947.177724968991242 ], [ 4135024.574268566444516, 740947.177724968991242 ], [ 4135024.574268566444516, 740909.753207620116882 ], [ 4135024.574268566444516, 740872.328690271242522 ], [ 4135024.574268566444516, 740834.904172922368161 ], [ 4135024.574268566444516, 740797.479655573493801 ], [ 4134987.149751217570156, 740797.479655573493801 ], [ 4134949.725233868695796, 740797.479655573493801 ], [ 4134912.300716519821435, 740797.479655573493801 ], [ 4134874.876199170947075, 740797.479655573493801 ], [ 4134837.451681822072715, 740797.479655573493801 ], [ 4134800.027164473198354, 740797.479655573493801 ], [ 4134762.602647124323994, 740797.479655573493801 ], [ 4134725.178129775449634, 740797.479655573493801 ], [ 4134687.753612426575273, 740797.479655573493801 ], [ 4134650.329095077700913, 740797.479655573493801 ], [ 4134612.904577728826553, 740797.479655573493801 ], [ 4134575.480060379952192, 740797.479655573493801 ], [ 4134538.055543031077832, 740797.479655573493801 ], [ 4134511.592413031030446, 740771.016525573446415 ], [ 4134511.592413031030446, 740733.592008224572055 ], [ 4134511.592413031030446, 740696.167490875697695 ], [ 4134511.592413031030446, 740658.742973526823334 ], [ 4134511.592413031030446, 740621.318456177948974 ], [ 4134474.167895682156086, 740621.318456177948974 ], [ 4134436.743378333281726, 740621.318456177948974 ], [ 4134399.318860984407365, 740621.318456177948974 ], [ 4134361.894343635533005, 740621.318456177948974 ], [ 4134361.894343635533005, 740583.893938829074614 ], [ 4134361.894343635533005, 740546.469421480200253 ], [ 4134361.894343635533005, 740509.044904131325893 ], [ 4134361.894343635533005, 740471.620386782451533 ], [ 4134324.469826286658645, 740471.620386782451533 ], [ 4134287.045308937784284, 740471.620386782451533 ], [ 4134249.620791588909924, 740471.620386782451533 ], [ 4134212.196274240035564, 740471.620386782451533 ], [ 4134174.771756891161203, 740471.620386782451533 ], [ 4134137.347239542286843, 740471.620386782451533 ], [ 4134099.922722193412483, 740471.620386782451533 ], [ 4134062.498204844538122, 740471.620386782451533 ], [ 4134025.073687495663762, 740471.620386782451533 ], [ 4133987.649170146789402, 740471.620386782451533 ], [ 4133950.224652797915041, 740471.620386782451533 ], [ 4133912.800135449040681, 740471.620386782451533 ], [ 4133875.375618100166321, 740471.620386782451533 ], [ 4133848.912488100118935, 740445.157256782404147 ], [ 4133848.912488100118935, 740407.732739433529787 ], [ 4133848.912488100118935, 740370.308222084655426 ], [ 4133848.912488100118935, 740332.883704735781066 ], [ 4133848.912488100118935, 740295.459187386906706 ], [ 4133811.487970751244575, 740295.459187386906706 ], [ 4133774.063453402370214, 740295.459187386906706 ], [ 4133736.638936053495854, 740295.459187386906706 ], [ 4133710.175806053448468, 740268.99605738685932 ], [ 4133710.175806053448468, 740231.57154003798496 ], [ 4133710.175806053448468, 740194.147022689110599 ], [ 4133710.175806053448468, 740156.722505340236239 ], [ 4133710.175806053448468, 740119.297987991361879 ], [ 4133710.175806053448468, 740081.873470642487518 ], [ 4133710.175806053448468, 740044.448953293613158 ], [ 4133710.175806053448468, 740007.024435944738798 ], [ 4133710.175806053448468, 739969.599918595864438 ], [ 4133672.751288704574108, 739969.599918595864438 ], [ 4133635.326771355699748, 739969.599918595864438 ], [ 4133597.902254006825387, 739969.599918595864438 ], [ 4133560.477736657951027, 739969.599918595864438 ], [ 4133560.477736657951027, 740007.024435944738798 ], [ 4133560.477736657951027, 740044.448953293613158 ], [ 4133560.477736657951027, 740081.873470642487518 ], [ 4133560.477736657951027, 740119.297987991361879 ], [ 4133560.477736657951027, 740156.722505340236239 ], [ 4133560.477736657951027, 740194.147022689110599 ], [ 4133560.477736657951027, 740231.57154003798496 ], [ 4133560.477736657951027, 740268.99605738685932 ], [ 4133534.014606657903641, 740295.459187386906706 ], [ 4133496.590089309029281, 740295.459187386906706 ], [ 4133459.165571960154921, 740295.459187386906706 ], [ 4133421.74105461128056, 740295.459187386906706 ], [ 4133384.3165372624062, 740295.459187386906706 ], [ 4133357.853407262358814, 740268.99605738685932 ], [ 4133357.853407262358814, 740231.57154003798496 ], [ 4133357.853407262358814, 740194.147022689110599 ], [ 4133357.853407262358814, 740156.722505340236239 ], [ 4133357.853407262358814, 740119.297987991361879 ], [ 4133357.853407262358814, 740081.873470642487518 ], [ 4133357.853407262358814, 740044.448953293613158 ], [ 4133357.853407262358814, 740007.024435944738798 ], [ 4133357.853407262358814, 739969.599918595864438 ], [ 4133320.428889913484454, 739969.599918595864438 ], [ 4133283.004372564610094, 739969.599918595864438 ], [ 4133245.579855215735734, 739969.599918595864438 ], [ 4133208.155337866861373, 739969.599918595864438 ], [ 4133181.692207866813987, 739943.136788595817052 ], [ 4133181.692207866813987, 739905.712271246942692 ], [ 4133181.692207866813987, 739868.287753898068331 ], [ 4133181.692207866813987, 739830.863236549193971 ], [ 4133181.692207866813987, 739793.438719200319611 ], [ 4133144.267690517939627, 739793.438719200319611 ], [ 4133106.843173169065267, 739793.438719200319611 ], [ 4133069.418655820190907, 739793.438719200319611 ], [ 4133031.994138471316546, 739793.438719200319611 ], [ 4132994.569621122442186, 739793.438719200319611 ], [ 4132957.145103773567826, 739793.438719200319611 ], [ 4132919.720586424693465, 739793.438719200319611 ], [ 4132882.296069075819105, 739793.438719200319611 ], [ 4132882.296069075819105, 739756.01420185144525 ], [ 4132882.296069075819105, 739718.58968450257089 ], [ 4132882.296069075819105, 739681.16516715369653 ], [ 4132882.296069075819105, 739643.740649804822169 ], [ 4132844.871551726944745, 739643.740649804822169 ], [ 4132807.447034378070384, 739643.740649804822169 ], [ 4132770.022517029196024, 739643.740649804822169 ], [ 4132732.597999680321664, 739643.740649804822169 ], [ 4132695.173482331447303, 739643.740649804822169 ], [ 4132657.748964982572943, 739643.740649804822169 ], [ 4132620.324447633698583, 739643.740649804822169 ], [ 4132582.899930284824222, 739643.740649804822169 ], [ 4132545.475412935949862, 739643.740649804822169 ], [ 4132508.050895587075502, 739643.740649804822169 ], [ 4132470.626378238201141, 739643.740649804822169 ], [ 4132433.201860889326781, 739643.740649804822169 ], [ 4132395.777343540452421, 739643.740649804822169 ], [ 4132369.314213540405035, 739617.277519804774784 ], [ 4132369.314213540405035, 739579.853002455900423 ], [ 4132369.314213540405035, 739542.428485107026063 ], [ 4132369.314213540405035, 739505.003967758151703 ], [ 4132369.314213540405035, 739467.579450409277342 ], [ 4132331.889696191530675, 739467.579450409277342 ], [ 4132294.465178842656314, 739467.579450409277342 ], [ 4132257.040661493781954, 739467.579450409277342 ], [ 4132219.616144144907594, 739467.579450409277342 ], [ 4132182.191626796033233, 739467.579450409277342 ], [ 4132144.767109447158873, 739467.579450409277342 ], [ 4132107.342592098284513, 739467.579450409277342 ], [ 4132069.918074749410152, 739467.579450409277342 ], [ 4132032.493557400535792, 739467.579450409277342 ], [ 4131995.069040051661432, 739467.579450409277342 ], [ 4131957.644522702787071, 739467.579450409277342 ], [ 4131920.220005353912711, 739467.579450409277342 ], [ 4131893.756875353865325, 739441.116320409229957 ], [ 4131893.756875353865325, 739403.691803060355596 ], [ 4131893.756875353865325, 739366.267285711481236 ], [ 4131893.756875353865325, 739328.842768362606876 ], [ 4131893.756875353865325, 739291.418251013732515 ], [ 4131893.756875353865325, 739253.993733664858155 ], [ 4131893.756875353865325, 739216.569216315983795 ], [ 4131893.756875353865325, 739179.144698967109434 ], [ 4131893.756875353865325, 739141.720181618235074 ], [ 4131856.332358004990965, 739141.720181618235074 ], [ 4131818.907840656116605, 739141.720181618235074 ], [ 4131781.483323307242244, 739141.720181618235074 ], [ 4131744.058805958367884, 739141.720181618235074 ], [ 4131706.634288609493524, 739141.720181618235074 ], [ 4131669.209771260619164, 739141.720181618235074 ], [ 4131631.785253911744803, 739141.720181618235074 ], [ 4131594.360736562870443, 739141.720181618235074 ], [ 4131556.936219213996083, 739141.720181618235074 ], [ 4131519.511701865121722, 739141.720181618235074 ], [ 4131482.087184516247362, 739141.720181618235074 ], [ 4131444.662667167373002, 739141.720181618235074 ], [ 4131407.238149818498641, 739141.720181618235074 ], [ 4131407.238149818498641, 739104.295664269360714 ], [ 4131407.238149818498641, 739066.871146920486353 ], [ 4131407.238149818498641, 739029.446629571611993 ], [ 4131407.238149818498641, 738992.022112222737633 ], [ 4131380.775019818451256, 738965.558982222690247 ], [ 4131343.350502469576895, 738965.558982222690247 ], [ 4131305.925985120702535, 738965.558982222690247 ], [ 4131268.501467771828175, 738965.558982222690247 ], [ 4131242.038337771780789, 738939.095852222642861 ], [ 4131242.038337771780789, 738901.671334873768501 ], [ 4131242.038337771780789, 738864.246817524894141 ], [ 4131242.038337771780789, 738826.82230017601978 ], [ 4131215.575207771733403, 738800.359170175972395 ], [ 4131178.150690422859043, 738800.359170175972395 ], [ 4131140.726173073984683, 738800.359170175972395 ], [ 4131103.301655725110322, 738800.359170175972395 ], [ 4131065.877138376235962, 738800.359170175972395 ], [ 4131028.452621027361602, 738800.359170175972395 ], [ 4130991.028103678487241, 738800.359170175972395 ], [ 4130953.603586329612881, 738800.359170175972395 ], [ 4130916.179068980738521, 738800.359170175972395 ], [ 4130878.75455163186416, 738800.359170175972395 ], [ 4130841.3300342829898, 738800.359170175972395 ], [ 4130803.90551693411544, 738800.359170175972395 ], [ 4130766.480999585241079, 738800.359170175972395 ], [ 4130740.017869585193694, 738773.896040175925009 ], [ 4130740.017869585193694, 738736.471522827050649 ], [ 4130740.017869585193694, 738699.047005478176288 ], [ 4130740.017869585193694, 738661.622488129301928 ], [ 4130740.017869585193694, 738624.197970780427568 ], [ 4130740.017869585193694, 738586.773453431553207 ], [ 4130740.017869585193694, 738549.348936082678847 ], [ 4130740.017869585193694, 738511.924418733804487 ], [ 4130740.017869585193694, 738474.499901384930126 ], [ 4130702.593352236319333, 738474.499901384930126 ], [ 4130665.168834887444973, 738474.499901384930126 ], [ 4130627.744317538570613, 738474.499901384930126 ], [ 4130590.319800189696252, 738474.499901384930126 ], [ 4130552.895282840821892, 738474.499901384930126 ], [ 4130515.470765491947532, 738474.499901384930126 ], [ 4130478.046248143073171, 738474.499901384930126 ], [ 4130440.621730794198811, 738474.499901384930126 ], [ 4130403.197213445324451, 738474.499901384930126 ], [ 4130365.77269609645009, 738474.499901384930126 ], [ 4130328.34817874757573, 738474.499901384930126 ], [ 4130290.92366139870137, 738474.499901384930126 ], [ 4130253.499144049827009, 738474.499901384930126 ], [ 4130227.036014049779624, 738448.036771384882741 ], [ 4130227.036014049779624, 738410.61225403600838 ], [ 4130227.036014049779624, 738373.18773668713402 ], [ 4130227.036014049779624, 738335.76321933825966 ], [ 4130227.036014049779624, 738298.338701989385299 ], [ 4130189.611496700905263, 738298.338701989385299 ], [ 4130152.186979352030903, 738298.338701989385299 ], [ 4130114.762462003156543, 738298.338701989385299 ], [ 4130077.337944654282182, 738298.338701989385299 ], [ 4130077.337944654282182, 738260.914184640510939 ], [ 4130077.337944654282182, 738223.489667291636579 ], [ 4130077.337944654282182, 738186.065149942762218 ], [ 4130077.337944654282182, 738148.640632593887858 ], [ 4130039.913427305407822, 738148.640632593887858 ], [ 4130002.488909956533462, 738148.640632593887858 ], [ 4129965.064392607659101, 738148.640632593887858 ], [ 4129927.639875258784741, 738148.640632593887858 ], [ 4129890.215357909910381, 738148.640632593887858 ], [ 4129852.790840561036021, 738148.640632593887858 ], [ 4129815.36632321216166, 738148.640632593887858 ], [ 4129777.9418058632873, 738148.640632593887858 ], [ 4129740.51728851441294, 738148.640632593887858 ], [ 4129703.092771165538579, 738148.640632593887858 ], [ 4129665.668253816664219, 738148.640632593887858 ], [ 4129628.243736467789859, 738148.640632593887858 ], [ 4129601.780606467742473, 738122.177502593840472 ], [ 4129601.780606467742473, 738084.752985244966112 ], [ 4129601.780606467742473, 738047.328467896091752 ], [ 4129601.780606467742473, 738009.903950547217391 ], [ 4129601.780606467742473, 737972.479433198343031 ], [ 4129564.356089118868113, 737972.479433198343031 ], [ 4129526.931571769993752, 737972.479433198343031 ], [ 4129489.507054421119392, 737972.479433198343031 ], [ 4129452.082537072245032, 737972.479433198343031 ], [ 4129414.658019723370671, 737972.479433198343031 ], [ 4129414.658019723370671, 737935.054915849468671 ], [ 4129414.658019723370671, 737897.63039850059431 ], [ 4129414.658019723370671, 737860.20588115171995 ], [ 4129414.658019723370671, 737822.78136380284559 ], [ 4129377.233502374496311, 737822.78136380284559 ], [ 4129339.808985025621951, 737822.78136380284559 ], [ 4129302.38446767674759, 737822.78136380284559 ], [ 4129264.95995032787323, 737822.78136380284559 ], [ 4129227.53543297899887, 737822.78136380284559 ], [ 4129190.110915630124509, 737822.78136380284559 ], [ 4129152.686398281250149, 737822.78136380284559 ], [ 4129115.261880932375789, 737822.78136380284559 ], [ 4129077.837363583501428, 737822.78136380284559 ], [ 4129040.412846234627068, 737822.78136380284559 ], [ 4129002.988328885752708, 737822.78136380284559 ], [ 4128965.563811536878347, 737822.78136380284559 ], [ 4128939.100681536830962, 737796.318233802798204 ], [ 4128939.100681536830962, 737758.893716453923844 ], [ 4128939.100681536830962, 737721.469199105049483 ], [ 4128939.100681536830962, 737684.044681756175123 ], [ 4128939.100681536830962, 737646.620164407300763 ], [ 4128901.676164187956601, 737646.620164407300763 ], [ 4128864.251646839082241, 737646.620164407300763 ], [ 4128826.827129490207881, 737646.620164407300763 ], [ 4128789.40261214133352, 737646.620164407300763 ], [ 4128751.97809479245916, 737646.620164407300763 ], [ 4128714.5535774435848, 737646.620164407300763 ], [ 4128677.129060094710439, 737646.620164407300763 ], [ 4128639.704542745836079, 737646.620164407300763 ], [ 4128602.280025396961719, 737646.620164407300763 ], [ 4128602.280025396961719, 737609.195647058426403 ], [ 4128602.280025396961719, 737571.771129709552042 ], [ 4128602.280025396961719, 737534.346612360677682 ], [ 4128602.280025396961719, 737496.922095011803322 ], [ 4128575.816895396914333, 737470.458965011755936 ], [ 4128538.392378048039973, 737470.458965011755936 ], [ 4128500.967860699165612, 737470.458965011755936 ], [ 4128463.543343350291252, 737470.458965011755936 ], [ 4128426.118826001416892, 737470.458965011755936 ], [ 4128388.694308652542531, 737470.458965011755936 ], [ 4128351.269791303668171, 737470.458965011755936 ], [ 4128313.845273954793811, 737470.458965011755936 ], [ 4128276.420756605919451, 737470.458965011755936 ], [ 4128276.420756605919451, 737433.034447662881576 ], [ 4128276.420756605919451, 737395.609930314007215 ], [ 4128276.420756605919451, 737358.185412965132855 ], [ 4128276.420756605919451, 737320.760895616258495 ], [ 4128238.99623925704509, 737320.760895616258495 ], [ 4128201.57172190817073, 737320.760895616258495 ], [ 4128164.14720455929637, 737320.760895616258495 ], [ 4128126.722687210422009, 737320.760895616258495 ], [ 4128126.722687210422009, 737283.336378267384134 ], [ 4128126.722687210422009, 737245.911860918509774 ], [ 4128126.722687210422009, 737208.487343569635414 ], [ 4128126.722687210422009, 737171.062826220761053 ], [ 4128100.259557210374624, 737144.599696220713668 ], [ 4128062.835039861500263, 737144.599696220713668 ], [ 4128025.410522512625903, 737144.599696220713668 ], [ 4127987.986005163751543, 737144.599696220713668 ], [ 4127950.561487814877182, 737144.599696220713668 ], [ 4127913.136970466002822, 737144.599696220713668 ], [ 4127875.712453117128462, 737144.599696220713668 ], [ 4127838.287935768254101, 737144.599696220713668 ], [ 4127800.863418419379741, 737144.599696220713668 ], [ 4127763.438901070505381, 737144.599696220713668 ], [ 4127726.01438372163102, 737144.599696220713668 ], [ 4127688.58986637275666, 737144.599696220713668 ], [ 4127651.1653490238823, 737144.599696220713668 ], [ 4127613.740831675007939, 737144.599696220713668 ], [ 4127613.740831675007939, 737107.175178871839307 ], [ 4127613.740831675007939, 737069.750661522964947 ], [ 4127613.740831675007939, 737032.326144174090587 ], [ 4127613.740831675007939, 736994.901626825216226 ], [ 4127576.316314326133579, 736994.901626825216226 ], [ 4127538.891796977259219, 736994.901626825216226 ], [ 4127501.467279628384858, 736994.901626825216226 ], [ 4127464.042762279510498, 736994.901626825216226 ], [ 4127426.618244930636138, 736994.901626825216226 ], [ 4127389.193727581761777, 736994.901626825216226 ], [ 4127351.769210232887417, 736994.901626825216226 ], [ 4127314.344692884013057, 736994.901626825216226 ], [ 4127287.881562883965671, 736968.438496825168841 ], [ 4127287.881562883965671, 736931.01397947629448 ], [ 4127287.881562883965671, 736893.58946212742012 ], [ 4127287.881562883965671, 736856.16494477854576 ], [ 4127287.881562883965671, 736818.740427429671399 ], [ 4127250.457045535091311, 736818.740427429671399 ], [ 4127213.03252818621695, 736818.740427429671399 ], [ 4127175.60801083734259, 736818.740427429671399 ], [ 4127138.18349348846823, 736818.740427429671399 ], [ 4127100.758976139593869, 736818.740427429671399 ], [ 4127063.334458790719509, 736818.740427429671399 ], [ 4127025.909941441845149, 736818.740427429671399 ], [ 4126988.485424092970788, 736818.740427429671399 ], [ 4126962.022294092923403, 736792.277297429624014 ], [ 4126962.022294092923403, 736754.852780080749653 ], [ 4126962.022294092923403, 736717.428262731875293 ], [ 4126962.022294092923403, 736680.003745383000933 ], [ 4126935.559164092876017, 736653.540615382953547 ], [ 4126898.134646744001657, 736653.540615382953547 ], [ 4126860.710129395127296, 736653.540615382953547 ], [ 4126823.285612046252936, 736653.540615382953547 ], [ 4126785.861094697378576, 736653.540615382953547 ], [ 4126748.436577348504215, 736653.540615382953547 ], [ 4126711.012059999629855, 736653.540615382953547 ], [ 4126673.587542650755495, 736653.540615382953547 ], [ 4126636.163025301881135, 736653.540615382953547 ], [ 4126636.163025301881135, 736616.116098034079187 ], [ 4126636.163025301881135, 736578.691580685204826 ], [ 4126636.163025301881135, 736541.267063336330466 ], [ 4126636.163025301881135, 736503.842545987456106 ], [ 4126598.738507953006774, 736503.842545987456106 ], [ 4126561.313990604132414, 736503.842545987456106 ], [ 4126523.889473255258054, 736503.842545987456106 ], [ 4126486.464955906383693, 736503.842545987456106 ], [ 4126449.040438557509333, 736503.842545987456106 ], [ 4126449.040438557509333, 736466.418028638581745 ], [ 4126449.040438557509333, 736428.993511289707385 ], [ 4126449.040438557509333, 736391.568993940833025 ], [ 4126449.040438557509333, 736354.144476591958664 ], [ 4126449.040438557509333, 736316.719959243084304 ], [ 4126411.615921208634973, 736316.719959243084304 ], [ 4126374.191403859760612, 736316.719959243084304 ], [ 4126336.766886510886252, 736316.719959243084304 ], [ 4126299.342369162011892, 736316.719959243084304 ], [ 4126261.917851813137531, 736316.719959243084304 ], [ 4126224.493334464263171, 736316.719959243084304 ], [ 4126187.068817115388811, 736316.719959243084304 ], [ 4126149.64429976651445, 736316.719959243084304 ], [ 4126123.181169766467065, 736290.256829243036918 ], [ 4126123.181169766467065, 736252.832311894162558 ], [ 4126123.181169766467065, 736215.407794545288198 ], [ 4126123.181169766467065, 736177.983277196413837 ], [ 4126096.718039766419679, 736151.520147196366452 ], [ 4126059.293522417545319, 736151.520147196366452 ], [ 4126021.869005068670958, 736151.520147196366452 ], [ 4125984.444487719796598, 736151.520147196366452 ], [ 4125957.981357719749212, 736125.057017196319066 ], [ 4125957.981357719749212, 736087.632499847444706 ], [ 4125957.981357719749212, 736050.207982498570345 ], [ 4125957.981357719749212, 736012.783465149695985 ], [ 4125931.518227719701827, 735986.320335149648599 ], [ 4125894.093710370827466, 735986.320335149648599 ], [ 4125856.669193021953106, 735986.320335149648599 ], [ 4125819.244675673078746, 735986.320335149648599 ], [ 4125781.820158324204385, 735986.320335149648599 ], [ 4125744.395640975330025, 735986.320335149648599 ], [ 4125706.971123626455665, 735986.320335149648599 ], [ 4125669.546606277581304, 735986.320335149648599 ], [ 4125632.122088928706944, 735986.320335149648599 ], [ 4125632.122088928706944, 735948.895817800774239 ], [ 4125632.122088928706944, 735911.471300451899879 ], [ 4125632.122088928706944, 735874.046783103025518 ], [ 4125632.122088928706944, 735836.622265754151158 ], [ 4125594.697571579832584, 735836.622265754151158 ], [ 4125557.273054230958223, 735836.622265754151158 ], [ 4125519.848536882083863, 735836.622265754151158 ], [ 4125482.424019533209503, 735836.622265754151158 ], [ 4125455.960889533162117, 735810.159135754103772 ], [ 4125455.960889533162117, 735772.734618405229412 ], [ 4125455.960889533162117, 735735.310101056355052 ], [ 4125455.960889533162117, 735697.885583707480691 ], [ 4125455.960889533162117, 735660.461066358606331 ], [ 4125418.536372184287757, 735660.461066358606331 ], [ 4125381.111854835413396, 735660.461066358606331 ], [ 4125343.687337486539036, 735660.461066358606331 ], [ 4125306.262820137664676, 735660.461066358606331 ], [ 4125268.838302788790315, 735660.461066358606331 ], [ 4125231.413785439915955, 735660.461066358606331 ], [ 4125193.989268091041595, 735660.461066358606331 ], [ 4125156.564750742167234, 735660.461066358606331 ], [ 4125156.564750742167234, 735623.036549009731971 ], [ 4125156.564750742167234, 735585.61203166085761 ], [ 4125156.564750742167234, 735548.18751431198325 ], [ 4125156.564750742167234, 735510.76299696310889 ], [ 4125119.140233393292874, 735510.76299696310889 ], [ 4125081.715716044418514, 735510.76299696310889 ], [ 4125044.291198695544153, 735510.76299696310889 ], [ 4125006.866681346669793, 735510.76299696310889 ], [ 4124980.403551346622407, 735484.299866963061504 ], [ 4124980.403551346622407, 735446.875349614187144 ], [ 4124980.403551346622407, 735409.450832265312783 ], [ 4124980.403551346622407, 735372.026314916438423 ], [ 4124980.403551346622407, 735334.601797567564063 ], [ 4124942.979033997748047, 735334.601797567564063 ], [ 4124905.554516648873687, 735334.601797567564063 ], [ 4124868.129999299999326, 735334.601797567564063 ], [ 4124830.705481951124966, 735334.601797567564063 ], [ 4124793.280964602250606, 735334.601797567564063 ], [ 4124755.856447253376245, 735334.601797567564063 ], [ 4124718.431929904501885, 735334.601797567564063 ], [ 4124681.007412555627525, 735334.601797567564063 ], [ 4124643.582895206753165, 735334.601797567564063 ], [ 4124606.158377857878804, 735334.601797567564063 ], [ 4124568.733860509004444, 735334.601797567564063 ], [ 4124531.309343160130084, 735334.601797567564063 ], [ 4124493.884825811255723, 735334.601797567564063 ], [ 4124493.884825811255723, 735297.177280218689702 ], [ 4124493.884825811255723, 735259.752762869815342 ], [ 4124493.884825811255723, 735222.328245520940982 ], [ 4124493.884825811255723, 735184.903728172066621 ], [ 4124467.421695811208338, 735158.440598172019236 ], [ 4124429.997178462333977, 735158.440598172019236 ], [ 4124392.572661113459617, 735158.440598172019236 ], [ 4124355.148143764585257, 735158.440598172019236 ], [ 4124317.723626415710896, 735158.440598172019236 ], [ 4124280.299109066836536, 735158.440598172019236 ], [ 4124242.874591717962176, 735158.440598172019236 ], [ 4124205.450074369087815, 735158.440598172019236 ], [ 4124168.025557020213455, 735158.440598172019236 ], [ 4124130.601039671339095, 735158.440598172019236 ], [ 4124093.176522322464734, 735158.440598172019236 ], [ 4124055.752004973590374, 735158.440598172019236 ], [ 4124018.327487624716014, 735158.440598172019236 ], [ 4123991.864357624668628, 735131.97746817197185 ], [ 4123991.864357624668628, 735094.55295082309749 ], [ 4123991.864357624668628, 735057.128433474223129 ], [ 4123991.864357624668628, 735019.703916125348769 ], [ 4123965.401227624621242, 734993.240786125301383 ], [ 4123927.976710275746882, 734993.240786125301383 ], [ 4123890.552192926872522, 734993.240786125301383 ], [ 4123853.127675577998161, 734993.240786125301383 ], [ 4123815.703158229123801, 734993.240786125301383 ], [ 4123778.278640880249441, 734993.240786125301383 ], [ 4123740.85412353137508, 734993.240786125301383 ], [ 4123703.42960618250072, 734993.240786125301383 ], [ 4123666.00508883362636, 734993.240786125301383 ], [ 4123628.580571484751999, 734993.240786125301383 ], [ 4123591.156054135877639, 734993.240786125301383 ], [ 4123553.731536787003279, 734993.240786125301383 ], [ 4123516.307019438128918, 734993.240786125301383 ], [ 4123478.882502089254558, 734993.240786125301383 ], [ 4123441.457984740380198, 734993.240786125301383 ], [ 4123404.033467391505837, 734993.240786125301383 ], [ 4123366.608950042631477, 734993.240786125301383 ], [ 4123329.184432693757117, 734993.240786125301383 ], [ 4123291.759915344882756, 734993.240786125301383 ], [ 4123254.335397996008396, 734993.240786125301383 ], [ 4123216.910880647134036, 734993.240786125301383 ], [ 4123179.486363298259676, 734993.240786125301383 ], [ 4123142.061845949385315, 734993.240786125301383 ], [ 4123104.637328600510955, 734993.240786125301383 ], [ 4123067.212811251636595, 734993.240786125301383 ], [ 4123029.788293902762234, 734993.240786125301383 ], [ 4122992.363776553887874, 734993.240786125301383 ], [ 4122954.939259205013514, 734993.240786125301383 ], [ 4122917.514741856139153, 734993.240786125301383 ], [ 4122880.090224507264793, 734993.240786125301383 ], [ 4122842.665707158390433, 734993.240786125301383 ], [ 4122805.241189809516072, 734993.240786125301383 ], [ 4122767.816672460641712, 734993.240786125301383 ], [ 4122730.392155111767352, 734993.240786125301383 ], [ 4122692.967637762892991, 734993.240786125301383 ], [ 4122655.543120414018631, 734993.240786125301383 ], [ 4122618.118603065144271, 734993.240786125301383 ], [ 4122580.69408571626991, 734993.240786125301383 ], [ 4122543.26956836739555, 734993.240786125301383 ], [ 4122516.806438367348164, 734966.777656125253998 ], [ 4122516.806438367348164, 734929.353138776379637 ], [ 4122516.806438367348164, 734891.928621427505277 ], [ 4122516.806438367348164, 734854.504104078630917 ], [ 4122516.806438367348164, 734817.079586729756556 ], [ 4122516.806438367348164, 734779.655069380882196 ], [ 4122516.806438367348164, 734742.230552032007836 ], [ 4122516.806438367348164, 734704.806034683133475 ], [ 4122516.806438367348164, 734667.381517334259115 ], [ 4122479.381921018473804, 734667.381517334259115 ], [ 4122441.957403669599444, 734667.381517334259115 ], [ 4122404.532886320725083, 734667.381517334259115 ], [ 4122367.108368971850723, 734667.381517334259115 ], [ 4122340.645238971803337, 734640.918387334211729 ], [ 4122340.645238971803337, 734603.493869985337369 ], [ 4122340.645238971803337, 734566.069352636463009 ], [ 4122340.645238971803337, 734528.644835287588648 ], [ 4122314.182108971755952, 734502.181705287541263 ], [ 4122276.757591622881591, 734502.181705287541263 ], [ 4122239.333074274007231, 734502.181705287541263 ], [ 4122201.908556925132871, 734502.181705287541263 ], [ 4122175.445426925085485, 734475.718575287493877 ], [ 4122175.445426925085485, 734438.294057938619517 ], [ 4122175.445426925085485, 734400.869540589745156 ], [ 4122175.445426925085485, 734363.445023240870796 ], [ 4122175.445426925085485, 734326.020505891996436 ], [ 4122175.445426925085485, 734288.595988543122075 ], [ 4122175.445426925085485, 734251.171471194247715 ], [ 4122175.445426925085485, 734213.746953845373355 ], [ 4122175.445426925085485, 734176.322436496498995 ], [ 4122138.020909576211125, 734176.322436496498995 ], [ 4122100.596392227336764, 734176.322436496498995 ], [ 4122063.171874878462404, 734176.322436496498995 ], [ 4122036.708744878415018, 734149.859306496451609 ], [ 4122036.708744878415018, 734112.434789147577249 ], [ 4122036.708744878415018, 734075.010271798702888 ], [ 4122036.708744878415018, 734037.585754449828528 ], [ 4122036.708744878415018, 734000.161237100954168 ], [ 4121999.284227529540658, 734000.161237100954168 ], [ 4121961.859710180666298, 734000.161237100954168 ], [ 4121924.435192831791937, 734000.161237100954168 ], [ 4121887.010675482917577, 734000.161237100954168 ], [ 4121849.586158134043217, 734000.161237100954168 ], [ 4121849.586158134043217, 733962.736719752079807 ], [ 4121849.586158134043217, 733925.312202403205447 ], [ 4121849.586158134043217, 733887.887685054331087 ], [ 4121849.586158134043217, 733850.463167705456726 ], [ 4121812.161640785168856, 733850.463167705456726 ], [ 4121774.737123436294496, 733850.463167705456726 ], [ 4121737.312606087420136, 733850.463167705456726 ], [ 4121699.888088738545775, 733850.463167705456726 ], [ 4121673.42495873849839, 733824.000037705409341 ], [ 4121673.42495873849839, 733786.57552035653498 ], [ 4121673.42495873849839, 733749.15100300766062 ], [ 4121673.42495873849839, 733711.72648565878626 ], [ 4121673.42495873849839, 733674.301968309911899 ], [ 4121673.42495873849839, 733636.877450961037539 ], [ 4121673.42495873849839, 733599.452933612163179 ], [ 4121673.42495873849839, 733562.028416263288818 ], [ 4121673.42495873849839, 733524.603898914414458 ], [ 4121636.000441389624029, 733524.603898914414458 ], [ 4121598.575924040749669, 733524.603898914414458 ], [ 4121561.151406691875309, 733524.603898914414458 ], [ 4121534.688276691827923, 733498.140768914367072 ], [ 4121534.688276691827923, 733460.716251565492712 ], [ 4121534.688276691827923, 733423.291734216618352 ], [ 4121534.688276691827923, 733385.867216867743991 ], [ 4121534.688276691827923, 733348.442699518869631 ], [ 4121534.688276691827923, 733311.018182169995271 ], [ 4121534.688276691827923, 733273.59366482112091 ], [ 4121534.688276691827923, 733236.16914747224655 ], [ 4121534.688276691827923, 733198.74463012337219 ], [ 4121508.225146691780537, 733172.281500123324804 ], [ 4121470.800629342906177, 733172.281500123324804 ], [ 4121433.376111994031817, 733172.281500123324804 ], [ 4121395.951594645157456, 733172.281500123324804 ], [ 4121395.951594645157456, 733209.706017472199164 ], [ 4121395.951594645157456, 733247.130534821073525 ], [ 4121395.951594645157456, 733284.555052169947885 ], [ 4121395.951594645157456, 733321.979569518822245 ], [ 4121369.488464645110071, 733348.442699518869631 ], [ 4121332.06394729623571, 733348.442699518869631 ], [ 4121294.63942994736135, 733348.442699518869631 ], [ 4121257.21491259848699, 733348.442699518869631 ], [ 4121217.520217598415911, 733308.748004518914968 ], [ 4121218.992491681594402, 733269.053309518960305 ], [ 4121218.992491681594402, 733231.628792170085944 ], [ 4121218.992491681594402, 733194.204274821211584 ], [ 4121218.992491681594402, 733156.779757472337224 ], [ 4121218.992491681594402, 733119.355240123462863 ], [ 4121218.992491681594402, 733081.930722774588503 ], [ 4121218.992491681594402, 733044.506205425714143 ], [ 4121218.992491681594402, 733007.081688076839782 ], [ 4121181.567974332720041, 733007.081688076839782 ], [ 4121144.143456983845681, 733007.081688076839782 ], [ 4121106.718939634971321, 733007.081688076839782 ], [ 4121069.29442228609696, 733007.081688076839782 ], [ 4121031.8699049372226, 733007.081688076839782 ], [ 4121031.8699049372226, 732969.657170727965422 ], [ 4121031.8699049372226, 732932.232653379091062 ], [ 4121031.8699049372226, 732894.808136030216701 ], [ 4121031.8699049372226, 732857.383618681342341 ], [ 4120994.44538758834824, 732857.383618681342341 ], [ 4120957.020870239473879, 732857.383618681342341 ], [ 4120919.596352890599519, 732857.383618681342341 ], [ 4120882.171835541725159, 732857.383618681342341 ], [ 4120855.708705541677773, 732830.920488681294955 ], [ 4120855.708705541677773, 732793.495971332420595 ], [ 4120855.708705541677773, 732756.071453983546235 ], [ 4120855.708705541677773, 732718.646936634671874 ], [ 4120855.708705541677773, 732681.222419285797514 ], [ 4120818.284188192803413, 732681.222419285797514 ], [ 4120780.859670843929052, 732681.222419285797514 ], [ 4120743.435153495054692, 732681.222419285797514 ], [ 4120706.010636146180332, 732681.222419285797514 ], [ 4120668.586118797305971, 732681.222419285797514 ], [ 4120631.161601448431611, 732681.222419285797514 ], [ 4120593.737084099557251, 732681.222419285797514 ], [ 4120557.784840834327042, 732641.527724285842851 ], [ 4120555.514663182664663, 732601.833029285888188 ], [ 4120555.514663182664663, 732564.408511937013827 ], [ 4120555.514663182664663, 732526.983994588139467 ], [ 4120518.090145833790302, 732526.983994588139467 ], [ 4120480.665628484915942, 732526.983994588139467 ], [ 4120443.241111136041582, 732526.983994588139467 ], [ 4120405.816593787167221, 732526.983994588139467 ], [ 4120379.353463787119836, 732500.520864588092081 ], [ 4120379.353463787119836, 732463.096347239217721 ], [ 4120379.353463787119836, 732425.671829890343361 ], [ 4120379.353463787119836, 732388.247312541469 ], [ 4120379.353463787119836, 732350.82279519259464 ], [ 4120341.928946438245475, 732350.82279519259464 ], [ 4120304.504429089371115, 732350.82279519259464 ], [ 4120267.079911740496755, 732350.82279519259464 ], [ 4120229.655394391622394, 732350.82279519259464 ], [ 4120192.230877042748034, 732350.82279519259464 ], [ 4120154.806359693873674, 732350.82279519259464 ], [ 4120117.381842344999313, 732350.82279519259464 ], [ 4120079.957324996124953, 732350.82279519259464 ], [ 4120053.494194996077567, 732324.359665192547254 ], [ 4120053.494194996077567, 732286.935147843672894 ], [ 4120053.494194996077567, 732249.510630494798534 ], [ 4120053.494194996077567, 732212.086113145924173 ], [ 4120027.031064996030182, 732185.622983145876788 ], [ 4119989.606547647155821, 732185.622983145876788 ], [ 4119952.182030298281461, 732185.622983145876788 ], [ 4119914.757512949407101, 732185.622983145876788 ], [ 4119888.294382949359715, 732159.159853145829402 ], [ 4119888.294382949359715, 732121.735335796955042 ], [ 4119888.294382949359715, 732084.310818448080681 ], [ 4119888.294382949359715, 732046.886301099206321 ], [ 4119861.831252949312329, 732020.423171099158935 ], [ 4119824.406735600437969, 732020.423171099158935 ], [ 4119786.982218251563609, 732020.423171099158935 ], [ 4119749.557700902689248, 732020.423171099158935 ], [ 4119712.133183553814888, 732020.423171099158935 ], [ 4119674.708666204940528, 732020.423171099158935 ], [ 4119637.284148856066167, 732020.423171099158935 ], [ 4119599.859631507191807, 732020.423171099158935 ], [ 4119562.435114158317447, 732020.423171099158935 ], [ 4119525.010596809443086, 732020.423171099158935 ], [ 4119487.586079460568726, 732020.423171099158935 ], [ 4119450.161562111694366, 732020.423171099158935 ], [ 4119412.737044762820005, 732020.423171099158935 ], [ 4119375.312527413945645, 732020.423171099158935 ], [ 4119337.888010065071285, 732020.423171099158935 ], [ 4119300.463492716196924, 732020.423171099158935 ], [ 4119263.038975367322564, 732020.423171099158935 ], [ 4119225.614458018448204, 732020.423171099158935 ], [ 4119188.189940669573843, 732020.423171099158935 ], [ 4119150.765423320699483, 732020.423171099158935 ], [ 4119113.340905971825123, 732020.423171099158935 ], [ 4119075.916388622950763, 732020.423171099158935 ], [ 4119038.491871274076402, 732020.423171099158935 ], [ 4119001.067353925202042, 732020.423171099158935 ], [ 4118963.642836576327682, 732020.423171099158935 ], [ 4118926.218319227453321, 732020.423171099158935 ], [ 4118888.793801878578961, 732020.423171099158935 ], [ 4118851.369284529704601, 732020.423171099158935 ], [ 4118813.94476718083024, 732020.423171099158935 ], [ 4118776.52024983195588, 732020.423171099158935 ], [ 4118739.09573248308152, 732020.423171099158935 ], [ 4118701.671215134207159, 732020.423171099158935 ], [ 4118664.246697785332799, 732020.423171099158935 ], [ 4118626.822180436458439, 732020.423171099158935 ], [ 4118589.397663087584078, 732020.423171099158935 ], [ 4118562.934533087536693, 731993.96004109911155 ], [ 4118562.934533087536693, 731956.535523750237189 ], [ 4118562.934533087536693, 731919.111006401362829 ], [ 4118562.934533087536693, 731881.686489052488469 ], [ 4118536.471403087489307, 731855.223359052441083 ], [ 4118499.046885738614947, 731855.223359052441083 ], [ 4118461.622368389740586, 731855.223359052441083 ], [ 4118424.197851040866226, 731855.223359052441083 ], [ 4118386.773333691991866, 731855.223359052441083 ], [ 4118349.348816343117505, 731855.223359052441083 ], [ 4118311.924298994243145, 731855.223359052441083 ], [ 4118274.499781645368785, 731855.223359052441083 ], [ 4118237.075264296494424, 731855.223359052441083 ], [ 4118199.650746947620064, 731855.223359052441083 ], [ 4118162.226229598745704, 731855.223359052441083 ], [ 4118124.801712249871343, 731855.223359052441083 ], [ 4118087.377194900996983, 731855.223359052441083 ], [ 4118049.952677552122623, 731855.223359052441083 ], [ 4118012.528160203248262, 731855.223359052441083 ], [ 4117975.103642854373902, 731855.223359052441083 ], [ 4117937.679125505499542, 731855.223359052441083 ], [ 4117911.215995505452156, 731828.760229052393697 ], [ 4117911.215995505452156, 731791.335711703519337 ], [ 4117911.215995505452156, 731753.911194354644977 ], [ 4117911.215995505452156, 731716.486677005770616 ], [ 4117884.75286550540477, 731690.023547005723231 ], [ 4117847.32834815653041, 731690.023547005723231 ], [ 4117809.90383080765605, 731690.023547005723231 ], [ 4117772.479313458781689, 731690.023547005723231 ], [ 4117735.054796109907329, 731690.023547005723231 ], [ 4117697.630278761032969, 731690.023547005723231 ], [ 4117660.205761412158608, 731690.023547005723231 ], [ 4117622.781244063284248, 731690.023547005723231 ], [ 4117585.356726714409888, 731690.023547005723231 ], [ 4117585.356726714409888, 731652.59902965684887 ], [ 4117585.356726714409888, 731615.17451230797451 ], [ 4117585.356726714409888, 731577.74999495910015 ], [ 4117585.356726714409888, 731540.325477610225789 ], [ 4117547.932209365535527, 731540.325477610225789 ], [ 4117510.507692016661167, 731540.325477610225789 ], [ 4117473.083174667786807, 731540.325477610225789 ], [ 4117435.658657318912446, 731540.325477610225789 ], [ 4117398.234139970038086, 731540.325477610225789 ], [ 4117360.809622621163726, 731540.325477610225789 ], [ 4117323.385105272289366, 731540.325477610225789 ], [ 4117285.960587923415005, 731540.325477610225789 ], [ 4117248.536070574540645, 731540.325477610225789 ], [ 4117248.536070574540645, 731502.900960261351429 ], [ 4117248.536070574540645, 731465.476442912477069 ], [ 4117248.536070574540645, 731428.051925563602708 ], [ 4117248.536070574540645, 731390.627408214728348 ], [ 4117248.536070574540645, 731353.202890865853988 ], [ 4117211.111553225666285, 731353.202890865853988 ], [ 4117173.687035876791924, 731353.202890865853988 ], [ 4117136.262518527917564, 731353.202890865853988 ], [ 4117098.838001179043204, 731353.202890865853988 ], [ 4117072.374871178995818, 731326.739760865806602 ], [ 4117072.374871178995818, 731289.315243516932242 ], [ 4117072.374871178995818, 731251.890726168057881 ], [ 4117072.374871178995818, 731214.466208819183521 ], [ 4117045.911741178948432, 731188.003078819136135 ], [ 4117008.487223830074072, 731188.003078819136135 ], [ 4116971.062706481199712, 731188.003078819136135 ], [ 4116933.638189132325351, 731188.003078819136135 ], [ 4116907.175059132277966, 731161.53994881908875 ], [ 4116907.175059132277966, 731124.115431470214389 ], [ 4116907.175059132277966, 731086.690914121340029 ], [ 4116907.175059132277966, 731049.266396772465669 ], [ 4116880.71192913223058, 731022.803266772418283 ], [ 4116843.28741178335622, 731022.803266772418283 ], [ 4116805.862894434481859, 731022.803266772418283 ], [ 4116768.438377085607499, 731022.803266772418283 ], [ 4116768.438377085607499, 730985.378749423543923 ], [ 4116768.438377085607499, 730947.954232074669562 ], [ 4116768.438377085607499, 730910.529714725795202 ], [ 4116768.438377085607499, 730873.105197376920842 ], [ 4116731.013859736733139, 730873.105197376920842 ], [ 4116693.589342387858778, 730873.105197376920842 ], [ 4116656.164825038984418, 730873.105197376920842 ], [ 4116618.740307690110058, 730873.105197376920842 ], [ 4116592.277177690062672, 730846.642067376873456 ], [ 4116592.277177690062672, 730809.217550027999096 ], [ 4116592.277177690062672, 730771.793032679124735 ], [ 4116592.277177690062672, 730734.368515330250375 ], [ 4116592.277177690062672, 730696.943997981376015 ], [ 4116554.852660341188312, 730696.943997981376015 ], [ 4116517.428142992313951, 730696.943997981376015 ], [ 4116480.003625643439591, 730696.943997981376015 ], [ 4116442.579108294565231, 730696.943997981376015 ], [ 4116416.115978294517845, 730670.480867981328629 ], [ 4116416.115978294517845, 730633.056350632454269 ], [ 4116416.115978294517845, 730595.631833283579908 ], [ 4116416.115978294517845, 730558.207315934705548 ], [ 4116389.652848294470459, 730531.744185934658162 ], [ 4116352.228330945596099, 730531.744185934658162 ], [ 4116314.803813596721739, 730531.744185934658162 ], [ 4116277.379296247847378, 730531.744185934658162 ], [ 4116250.916166247799993, 730505.281055934610777 ], [ 4116250.916166247799993, 730467.856538585736416 ], [ 4116250.916166247799993, 730430.432021236862056 ], [ 4116250.916166247799993, 730393.007503887987696 ], [ 4116224.453036247752607, 730366.54437388794031 ], [ 4116187.028518898878247, 730366.54437388794031 ], [ 4116149.604001550003886, 730366.54437388794031 ], [ 4116112.179484201129526, 730366.54437388794031 ], [ 4116074.754966852255166, 730366.54437388794031 ], [ 4116037.330449503380805, 730366.54437388794031 ], [ 4115999.905932154506445, 730366.54437388794031 ], [ 4115962.481414805632085, 730366.54437388794031 ], [ 4115936.018284805584699, 730340.081243887892924 ], [ 4115936.018284805584699, 730302.656726539018564 ], [ 4115936.018284805584699, 730265.232209190144204 ], [ 4115936.018284805584699, 730227.807691841269843 ], [ 4115909.555154805537313, 730201.344561841222458 ], [ 4115872.130637456662953, 730201.344561841222458 ], [ 4115834.706120107788593, 730201.344561841222458 ], [ 4115797.281602758914232, 730201.344561841222458 ], [ 4115759.857085410039872, 730201.344561841222458 ], [ 4115722.432568061165512, 730201.344561841222458 ], [ 4115685.008050712291151, 730201.344561841222458 ], [ 4115647.583533363416791, 730201.344561841222458 ], [ 4115610.159016014542431, 730201.344561841222458 ], [ 4115583.695886014495045, 730174.881431841175072 ], [ 4115583.695886014495045, 730137.456914492300712 ], [ 4115583.695886014495045, 730100.032397143426351 ], [ 4115583.695886014495045, 730062.607879794551991 ], [ 4115557.232756014447659, 730036.144749794504605 ], [ 4115519.808238665573299, 730036.144749794504605 ], [ 4115482.383721316698939, 730036.144749794504605 ], [ 4115444.959203967824578, 730036.144749794504605 ], [ 4115407.534686618950218, 730036.144749794504605 ], [ 4115370.110169270075858, 730036.144749794504605 ], [ 4115332.685651921201497, 730036.144749794504605 ], [ 4115295.261134572327137, 730036.144749794504605 ], [ 4115257.836617223452777, 730036.144749794504605 ], [ 4115220.412099874578416, 730036.144749794504605 ], [ 4115182.987582525704056, 730036.144749794504605 ], [ 4115145.563065176829696, 730036.144749794504605 ], [ 4115119.09993517678231, 730009.68161979445722 ], [ 4115119.09993517678231, 729972.257102445582859 ], [ 4115119.09993517678231, 729934.832585096708499 ], [ 4115119.09993517678231, 729897.408067747834139 ], [ 4115092.636805176734924, 729870.944937747786753 ], [ 4115055.212287827860564, 729870.944937747786753 ], [ 4115017.787770478986204, 729870.944937747786753 ], [ 4114980.363253130111843, 729870.944937747786753 ], [ 4114942.938735781237483, 729870.944937747786753 ], [ 4114905.514218432363123, 729870.944937747786753 ], [ 4114868.089701083488762, 729870.944937747786753 ], [ 4114830.665183734614402, 729870.944937747786753 ], [ 4114793.240666385740042, 729870.944937747786753 ], [ 4114755.816149036865681, 729870.944937747786753 ], [ 4114718.391631687991321, 729870.944937747786753 ], [ 4114680.967114339116961, 729870.944937747786753 ], [ 4114643.5425969902426, 729870.944937747786753 ], [ 4114606.11807964136824, 729870.944937747786753 ], [ 4114568.69356229249388, 729870.944937747786753 ], [ 4114531.269044943619519, 729870.944937747786753 ], [ 4114493.844527594745159, 729870.944937747786753 ], [ 4114467.381397594697773, 729844.481807747739367 ], [ 4114467.381397594697773, 729807.057290398865007 ], [ 4114467.381397594697773, 729769.632773049990647 ], [ 4114467.381397594697773, 729732.208255701116286 ], [ 4114440.918267594650388, 729705.745125701068901 ], [ 4114403.493750245776027, 729705.745125701068901 ], [ 4114366.069232896901667, 729705.745125701068901 ], [ 4114328.644715548027307, 729705.745125701068901 ], [ 4114291.220198199152946, 729705.745125701068901 ], [ 4114253.795680850278586, 729705.745125701068901 ], [ 4114216.371163501404226, 729705.745125701068901 ], [ 4114178.946646152529866, 729705.745125701068901 ], [ 4114141.522128803655505, 729705.745125701068901 ], [ 4114104.097611454781145, 729705.745125701068901 ], [ 4114066.673094105906785, 729705.745125701068901 ], [ 4114029.248576757032424, 729705.745125701068901 ], [ 4113991.824059408158064, 729705.745125701068901 ], [ 4113965.360929408110678, 729679.281995701021515 ], [ 4113965.360929408110678, 729641.857478352147155 ], [ 4113965.360929408110678, 729604.432961003272794 ], [ 4113965.360929408110678, 729567.008443654398434 ], [ 4113938.897799408063293, 729540.545313654351048 ], [ 4113901.473282059188932, 729540.545313654351048 ], [ 4113864.048764710314572, 729540.545313654351048 ], [ 4113826.624247361440212, 729540.545313654351048 ], [ 4113789.199730012565851, 729540.545313654351048 ], [ 4113751.775212663691491, 729540.545313654351048 ], [ 4113714.350695314817131, 729540.545313654351048 ], [ 4113676.92617796594277, 729540.545313654351048 ], [ 4113639.50166061706841, 729540.545313654351048 ], [ 4113602.07714326819405, 729540.545313654351048 ], [ 4113564.652625919319689, 729540.545313654351048 ], [ 4113527.228108570445329, 729540.545313654351048 ], [ 4113489.803591221570969, 729540.545313654351048 ], [ 4113452.379073872696608, 729540.545313654351048 ], [ 4113414.954556523822248, 729540.545313654351048 ], [ 4113377.530039174947888, 729540.545313654351048 ], [ 4113340.105521826073527, 729540.545313654351048 ], [ 4113302.681004477199167, 729540.545313654351048 ], [ 4113265.256487128324807, 729540.545313654351048 ], [ 4113227.831969779450446, 729540.545313654351048 ], [ 4113190.407452430576086, 729540.545313654351048 ], [ 4113152.982935081701726, 729540.545313654351048 ], [ 4113115.558417732827365, 729540.545313654351048 ], [ 4113078.133900383953005, 729540.545313654351048 ], [ 4113040.709383035078645, 729540.545313654351048 ], [ 4113003.284865686204284, 729540.545313654351048 ], [ 4112976.821735686156899, 729514.082183654303662 ], [ 4112976.821735686156899, 729476.657666305429302 ], [ 4112976.821735686156899, 729439.233148956554942 ], [ 4112976.821735686156899, 729401.808631607680582 ], [ 4112950.358605686109513, 729375.345501607633196 ], [ 4112912.934088337235153, 729375.345501607633196 ], [ 4112875.509570988360792, 729375.345501607633196 ], [ 4112838.085053639486432, 729375.345501607633196 ], [ 4112800.660536290612072, 729375.345501607633196 ], [ 4112763.236018941737711, 729375.345501607633196 ], [ 4112725.811501592863351, 729375.345501607633196 ], [ 4112688.386984243988991, 729375.345501607633196 ], [ 4112661.923854243941605, 729348.88237160758581 ], [ 4112661.923854243941605, 729311.45785425871145 ], [ 4112661.923854243941605, 729274.033336909837089 ], [ 4112661.923854243941605, 729236.608819560962729 ], [ 4112635.460724243894219, 729210.145689560915343 ], [ 4112598.036206895019859, 729210.145689560915343 ], [ 4112560.611689546145499, 729210.145689560915343 ], [ 4112523.187172197271138, 729210.145689560915343 ], [ 4112485.762654848396778, 729210.145689560915343 ], [ 4112448.338137499522418, 729210.145689560915343 ], [ 4112410.913620150648057, 729210.145689560915343 ], [ 4112373.489102801773697, 729210.145689560915343 ], [ 4112336.064585452899337, 729210.145689560915343 ], [ 4112298.640068104024976, 729210.145689560915343 ], [ 4112261.215550755150616, 729210.145689560915343 ], [ 4112223.791033406276256, 729210.145689560915343 ], [ 4112186.366516057401896, 729210.145689560915343 ], [ 4112159.90338605735451, 729183.682559560867958 ], [ 4112159.90338605735451, 729146.258042211993597 ], [ 4112159.90338605735451, 729108.833524863119237 ], [ 4112159.90338605735451, 729071.409007514244877 ], [ 4112133.440256057307124, 729044.945877514197491 ], [ 4112096.015738708432764, 729044.945877514197491 ], [ 4112058.591221359558403, 729044.945877514197491 ], [ 4112021.166704010684043, 729044.945877514197491 ], [ 4111994.703574010636657, 729018.482747514150105 ], [ 4111994.703574010636657, 728981.058230165275745 ], [ 4111994.703574010636657, 728943.633712816401385 ], [ 4111994.703574010636657, 728906.209195467527024 ], [ 4111968.240444010589272, 728879.746065467479639 ], [ 4111930.815926661714911, 728879.746065467479639 ], [ 4111893.391409312840551, 728879.746065467479639 ], [ 4111855.966891963966191, 728879.746065467479639 ], [ 4111818.54237461509183, 728879.746065467479639 ], [ 4111781.11785726621747, 728879.746065467479639 ], [ 4111743.69333991734311, 728879.746065467479639 ], [ 4111706.26882256846875, 728879.746065467479639 ], [ 4111668.844305219594389, 728879.746065467479639 ], [ 4111642.381175219547004, 728853.282935467432253 ], [ 4111642.381175219547004, 728815.858418118557893 ], [ 4111642.381175219547004, 728778.433900769683532 ], [ 4111642.381175219547004, 728741.009383420809172 ], [ 4111615.918045219499618, 728714.546253420761786 ], [ 4111578.493527870625257, 728714.546253420761786 ], [ 4111541.069010521750897, 728714.546253420761786 ], [ 4111503.644493172876537, 728714.546253420761786 ], [ 4111503.644493172876537, 728677.121736071887426 ], [ 4111503.644493172876537, 728639.697218723013066 ], [ 4111503.644493172876537, 728602.272701374138705 ], [ 4111503.644493172876537, 728564.848184025264345 ], [ 4111466.219975824002177, 728564.848184025264345 ], [ 4111428.795458475127816, 728564.848184025264345 ], [ 4111391.370941126253456, 728564.848184025264345 ], [ 4111353.946423777379096, 728564.848184025264345 ], [ 4111327.48329377733171, 728538.385054025216959 ], [ 4111327.48329377733171, 728500.960536676342599 ], [ 4111327.48329377733171, 728463.536019327468239 ], [ 4111327.48329377733171, 728426.111501978593878 ], [ 4111327.48329377733171, 728388.686984629719518 ], [ 4111290.05877642845735, 728388.686984629719518 ], [ 4111252.634259079582989, 728388.686984629719518 ], [ 4111215.209741730708629, 728388.686984629719518 ], [ 4111188.746611730661243, 728362.223854629672132 ], [ 4111188.746611730661243, 728324.799337280797772 ], [ 4111188.746611730661243, 728287.374819931923412 ], [ 4111188.746611730661243, 728249.950302583049051 ], [ 4111188.746611730661243, 728212.525785234174691 ], [ 4111188.746611730661243, 728175.101267885300331 ], [ 4111188.746611730661243, 728137.67675053642597 ], [ 4111188.746611730661243, 728100.25223318755161 ], [ 4111188.746611730661243, 728062.82771583867725 ], [ 4111151.322094381786883, 728062.82771583867725 ], [ 4111113.897577032912523, 728062.82771583867725 ], [ 4111076.473059684038162, 728062.82771583867725 ], [ 4111039.048542335163802, 728062.82771583867725 ], [ 4111001.624024986289442, 728062.82771583867725 ], [ 4111001.624024986289442, 728025.40319848980289 ], [ 4111001.624024986289442, 727987.978681140928529 ], [ 4111001.624024986289442, 727950.554163792054169 ], [ 4111001.624024986289442, 727913.129646443179809 ], [ 4111001.624024986289442, 727875.705129094305448 ], [ 4111001.624024986289442, 727838.280611745431088 ], [ 4111001.624024986289442, 727800.856094396556728 ], [ 4111001.624024986289442, 727763.431577047682367 ], [ 4111001.624024986289442, 727726.007059698808007 ], [ 4110964.199507637415081, 727726.007059698808007 ], [ 4110926.774990288540721, 727726.007059698808007 ], [ 4110889.350472939666361, 727726.007059698808007 ], [ 4110851.925955590792, 727726.007059698808007 ], [ 4110825.462825590744615, 727699.543929698760621 ], [ 4110825.462825590744615, 727662.119412349886261 ], [ 4110825.462825590744615, 727624.694895001011901 ], [ 4110825.462825590744615, 727587.27037765213754 ], [ 4110825.462825590744615, 727549.84586030326318 ], [ 4110825.462825590744615, 727512.42134295438882 ], [ 4110825.462825590744615, 727474.996825605514459 ], [ 4110825.462825590744615, 727437.572308256640099 ], [ 4110825.462825590744615, 727400.147790907765739 ], [ 4110788.038308241870254, 727400.147790907765739 ], [ 4110750.613790892995894, 727400.147790907765739 ], [ 4110713.189273544121534, 727400.147790907765739 ], [ 4110686.726143544074148, 727373.684660907718353 ], [ 4110686.726143544074148, 727336.260143558843993 ], [ 4110686.726143544074148, 727298.835626209969632 ], [ 4110686.726143544074148, 727261.411108861095272 ], [ 4110686.726143544074148, 727223.986591512220912 ], [ 4110686.726143544074148, 727186.562074163346551 ], [ 4110686.726143544074148, 727149.137556814472191 ], [ 4110686.726143544074148, 727111.713039465597831 ], [ 4110686.726143544074148, 727074.28852211672347 ], [ 4110686.726143544074148, 727036.86400476784911 ], [ 4110686.726143544074148, 726999.43948741897475 ], [ 4110686.726143544074148, 726962.014970070100389 ], [ 4110686.726143544074148, 726924.590452721226029 ], [ 4110686.726143544074148, 726887.165935372351669 ], [ 4110649.301626195199788, 726887.165935372351669 ], [ 4110611.877108846325427, 726887.165935372351669 ], [ 4110574.452591497451067, 726887.165935372351669 ], [ 4110537.028074148576707, 726887.165935372351669 ], [ 4110510.564944148529321, 726860.702805372304283 ], [ 4110510.564944148529321, 726823.278288023429923 ], [ 4110510.564944148529321, 726785.853770674555562 ], [ 4110510.564944148529321, 726748.429253325681202 ], [ 4110510.564944148529321, 726711.004735976806842 ], [ 4110510.564944148529321, 726673.580218627932481 ], [ 4110510.564944148529321, 726636.155701279058121 ], [ 4110510.564944148529321, 726598.731183930183761 ], [ 4110510.564944148529321, 726561.3066665813094 ], [ 4110473.140426799654961, 726561.3066665813094 ], [ 4110435.7159094507806, 726561.3066665813094 ], [ 4110398.29139210190624, 726561.3066665813094 ], [ 4110360.86687475303188, 726561.3066665813094 ], [ 4110360.86687475303188, 726523.88214923243504 ], [ 4110360.86687475303188, 726486.45763188356068 ], [ 4110360.86687475303188, 726449.03311453468632 ], [ 4110360.86687475303188, 726411.608597185811959 ], [ 4110323.442357404157519, 726411.608597185811959 ], [ 4110286.017840055283159, 726411.608597185811959 ], [ 4110248.593322706408799, 726411.608597185811959 ], [ 4110211.168805357534438, 726411.608597185811959 ], [ 4110184.705675357487053, 726385.145467185764574 ], [ 4110184.705675357487053, 726347.720949836890213 ], [ 4110184.705675357487053, 726310.296432488015853 ], [ 4110184.705675357487053, 726272.871915139141493 ], [ 4110184.705675357487053, 726235.447397790267132 ], [ 4110211.168805357534438, 726208.984267790219747 ], [ 4110248.593322706408799, 726208.984267790219747 ], [ 4110286.017840055283159, 726208.984267790219747 ], [ 4110323.442357404157519, 726208.984267790219747 ], [ 4110360.86687475303188, 726208.984267790219747 ], [ 4110360.86687475303188, 726171.559750441345386 ], [ 4110360.86687475303188, 726134.135233092471026 ], [ 4110360.86687475303188, 726096.710715743596666 ], [ 4110360.86687475303188, 726059.286198394722305 ], [ 4110360.86687475303188, 726021.861681045847945 ], [ 4110360.86687475303188, 725984.437163696973585 ], [ 4110360.86687475303188, 725947.012646348099224 ], [ 4110360.86687475303188, 725909.588128999224864 ], [ 4110387.330004753079265, 725883.124998999177478 ], [ 4110424.754522101953626, 725883.124998999177478 ], [ 4110462.179039450827986, 725883.124998999177478 ], [ 4110499.603556799702346, 725883.124998999177478 ], [ 4110526.066686799749732, 725856.661868999130093 ], [ 4110526.066686799749732, 725819.237351650255732 ], [ 4110526.066686799749732, 725781.812834301381372 ], [ 4110526.066686799749732, 725744.388316952507012 ], [ 4110526.066686799749732, 725706.963799603632651 ], [ 4110526.066686799749732, 725669.539282254758291 ], [ 4110526.066686799749732, 725632.114764905883931 ], [ 4110526.066686799749732, 725594.69024755700957 ], [ 4110526.066686799749732, 725557.26573020813521 ], [ 4110563.491204148624092, 725557.26573020813521 ], [ 4110600.915721497498453, 725557.26573020813521 ], [ 4110638.340238846372813, 725557.26573020813521 ], [ 4110675.764756195247173, 725557.26573020813521 ], [ 4110675.764756195247173, 725519.84121285926085 ], [ 4110675.764756195247173, 725482.416695510386489 ], [ 4110675.764756195247173, 725444.992178161512129 ], [ 4110675.764756195247173, 725407.567660812637769 ], [ 4110702.227886195294559, 725381.104530812590383 ], [ 4110739.652403544168919, 725381.104530812590383 ], [ 4110777.07692089304328, 725381.104530812590383 ], [ 4110814.50143824191764, 725381.104530812590383 ], [ 4110840.964568241965026, 725354.641400812542997 ], [ 4110840.964568241965026, 725317.216883463668637 ], [ 4110840.964568241965026, 725279.792366114794277 ], [ 4110840.964568241965026, 725242.367848765919916 ], [ 4110867.427698242012411, 725215.904718765872531 ], [ 4110904.852215590886772, 725215.904718765872531 ], [ 4110942.276732939761132, 725215.904718765872531 ], [ 4110979.701250288635492, 725215.904718765872531 ], [ 4110979.701250288635492, 725178.48020141699817 ], [ 4110979.701250288635492, 725141.05568406812381 ], [ 4110979.701250288635492, 725103.63116671924945 ], [ 4110979.701250288635492, 725066.206649370375089 ], [ 4110979.701250288635492, 725028.782132021500729 ], [ 4110979.701250288635492, 724991.357614672626369 ], [ 4110979.701250288635492, 724953.933097323752008 ], [ 4110979.701250288635492, 724916.508579974877648 ], [ 4111006.164380288682878, 724890.045449974830262 ], [ 4111043.588897637557238, 724890.045449974830262 ], [ 4111081.013414986431599, 724890.045449974830262 ], [ 4111118.437932335305959, 724890.045449974830262 ], [ 4111155.862449684180319, 724890.045449974830262 ], [ 4111182.325579684227705, 724863.582319974782877 ], [ 4111182.325579684227705, 724826.157802625908516 ], [ 4111182.325579684227705, 724788.733285277034156 ], [ 4111182.325579684227705, 724751.308767928159796 ], [ 4111182.325579684227705, 724713.884250579285435 ], [ 4111182.325579684227705, 724676.459733230411075 ], [ 4111182.325579684227705, 724639.035215881536715 ], [ 4111182.325579684227705, 724601.610698532662354 ], [ 4111182.325579684227705, 724564.186181183787994 ], [ 4111219.750097033102065, 724564.186181183787994 ], [ 4111257.174614381976426, 724564.186181183787994 ], [ 4111294.599131730850786, 724564.186181183787994 ], [ 4111332.023649079725146, 724564.186181183787994 ], [ 4111332.023649079725146, 724526.761663834913634 ], [ 4111332.023649079725146, 724489.337146486039273 ], [ 4111332.023649079725146, 724451.912629137164913 ], [ 4111332.023649079725146, 724414.488111788290553 ], [ 4111358.486779079772532, 724388.024981788243167 ], [ 4111395.911296428646892, 724388.024981788243167 ], [ 4111433.335813777521253, 724388.024981788243167 ], [ 4111470.760331126395613, 724388.024981788243167 ], [ 4111508.184848475269973, 724388.024981788243167 ], [ 4111508.184848475269973, 724350.600464439368807 ], [ 4111508.184848475269973, 724313.175947090494446 ], [ 4111508.184848475269973, 724275.751429741620086 ], [ 4111508.184848475269973, 724238.326912392745726 ], [ 4111545.609365824144334, 724238.326912392745726 ], [ 4111583.033883173018694, 724238.326912392745726 ], [ 4111620.458400521893054, 724238.326912392745726 ], [ 4111657.882917870767415, 724238.326912392745726 ], [ 4111657.882917870767415, 724200.902395043871365 ], [ 4111657.882917870767415, 724163.477877694997005 ], [ 4111657.882917870767415, 724126.053360346122645 ], [ 4111657.882917870767415, 724088.628842997248285 ], [ 4111657.882917870767415, 724051.204325648373924 ], [ 4111657.882917870767415, 724013.779808299499564 ], [ 4111657.882917870767415, 723976.355290950625204 ], [ 4111657.882917870767415, 723938.930773601750843 ], [ 4111657.882917870767415, 723901.506256252876483 ], [ 4111695.307435219641775, 723901.506256252876483 ], [ 4111732.731952568516135, 723901.506256252876483 ], [ 4111770.156469917390496, 723901.506256252876483 ], [ 4111807.580987266264856, 723901.506256252876483 ], [ 4111807.580987266264856, 723864.081738904002123 ], [ 4111807.580987266264856, 723826.657221555127762 ], [ 4111807.580987266264856, 723789.232704206253402 ], [ 4111807.580987266264856, 723751.808186857379042 ], [ 4111807.580987266264856, 723714.383669508504681 ], [ 4111807.580987266264856, 723676.959152159630321 ], [ 4111807.580987266264856, 723639.534634810755961 ], [ 4111807.580987266264856, 723602.1101174618816 ], [ 4111834.044117266312242, 723575.646987461834215 ], [ 4111871.468634615186602, 723575.646987461834215 ], [ 4111908.893151964060962, 723575.646987461834215 ], [ 4111946.317669312935323, 723575.646987461834215 ], [ 4111983.742186661809683, 723575.646987461834215 ], [ 4112010.205316661857069, 723549.183857461786829 ], [ 4112010.205316661857069, 723511.759340112912469 ], [ 4112010.205316661857069, 723474.334822764038108 ], [ 4112010.205316661857069, 723436.910305415163748 ], [ 4112010.205316661857069, 723399.485788066289388 ], [ 4112010.205316661857069, 723362.061270717415027 ], [ 4112010.205316661857069, 723324.636753368540667 ], [ 4112010.205316661857069, 723287.212236019666307 ], [ 4112010.205316661857069, 723249.787718670791946 ], [ 4112036.668446661904454, 723223.324588670744561 ], [ 4112074.092964010778815, 723223.324588670744561 ], [ 4112111.517481359653175, 723223.324588670744561 ], [ 4112148.941998708527535, 723223.324588670744561 ], [ 4112148.941998708527535, 723185.9000713218702 ], [ 4112148.941998708527535, 723148.47555397299584 ], [ 4112148.941998708527535, 723111.05103662412148 ], [ 4112148.941998708527535, 723073.626519275247119 ], [ 4112186.366516057401896, 723073.626519275247119 ], [ 4112223.791033406276256, 723073.626519275247119 ], [ 4112261.215550755150616, 723073.626519275247119 ], [ 4112298.640068104024976, 723073.626519275247119 ], [ 4112325.103198104072362, 723047.163389275199734 ], [ 4112325.103198104072362, 723009.738871926325373 ], [ 4112325.103198104072362, 722972.314354577451013 ], [ 4112325.103198104072362, 722934.889837228576653 ], [ 4112325.103198104072362, 722897.465319879702292 ], [ 4112325.103198104072362, 722860.040802530827932 ], [ 4112325.103198104072362, 722822.616285181953572 ], [ 4112325.103198104072362, 722785.191767833079211 ], [ 4112364.797893104143441, 722749.239524567965418 ], [ 4112404.492588104214519, 722750.711798651260324 ], [ 4112441.91710545308888, 722750.711798651260324 ], [ 4112479.34162280196324, 722750.711798651260324 ], [ 4112479.34162280196324, 722713.287281302385963 ], [ 4112479.34162280196324, 722675.862763953511603 ], [ 4112479.34162280196324, 722638.438246604637243 ], [ 4112479.34162280196324, 722601.013729255762883 ], [ 4112505.804752802010626, 722574.550599255715497 ], [ 4112543.229270150884986, 722574.550599255715497 ], [ 4112580.653787499759346, 722574.550599255715497 ], [ 4112618.078304848633707, 722574.550599255715497 ], [ 4112655.502822197508067, 722574.550599255715497 ], [ 4112655.502822197508067, 722537.126081906841137 ], [ 4112655.502822197508067, 722499.701564557966776 ], [ 4112655.502822197508067, 722462.277047209092416 ], [ 4112655.502822197508067, 722424.852529860218056 ], [ 4112655.502822197508067, 722387.428012511343695 ], [ 4112655.502822197508067, 722350.003495162469335 ], [ 4112655.502822197508067, 722312.578977813594975 ], [ 4112655.502822197508067, 722275.154460464720614 ], [ 4112681.965952197555453, 722248.691330464673229 ], [ 4112719.390469546429813, 722248.691330464673229 ], [ 4112756.814986895304173, 722248.691330464673229 ], [ 4112794.239504244178534, 722248.691330464673229 ], [ 4112820.702634244225919, 722222.228200464625843 ], [ 4112820.702634244225919, 722184.803683115751483 ], [ 4112820.702634244225919, 722147.379165766877122 ], [ 4112820.702634244225919, 722109.954648418002762 ], [ 4112820.702634244225919, 722072.530131069128402 ], [ 4112820.702634244225919, 722035.105613720254041 ], [ 4112820.702634244225919, 721997.681096371379681 ], [ 4112820.702634244225919, 721960.256579022505321 ], [ 4112820.702634244225919, 721922.83206167363096 ], [ 4112820.702634244225919, 721885.4075443247566 ], [ 4112820.702634244225919, 721847.98302697588224 ], [ 4112820.702634244225919, 721810.558509627007879 ], [ 4112820.702634244225919, 721773.133992278133519 ], [ 4112820.702634244225919, 721735.709474929259159 ], [ 4112820.702634244225919, 721698.284957580384798 ], [ 4112820.702634244225919, 721660.860440231510438 ], [ 4112820.702634244225919, 721623.435922882636078 ], [ 4112820.702634244225919, 721586.011405533761717 ], [ 4112858.12715159310028, 721586.011405533761717 ], [ 4112895.55166894197464, 721586.011405533761717 ], [ 4112932.976186290849, 721586.011405533761717 ], [ 4112970.400703639723361, 721586.011405533761717 ], [ 4112970.400703639723361, 721548.586888184887357 ], [ 4112970.400703639723361, 721511.162370836012997 ], [ 4112970.400703639723361, 721473.737853487138636 ], [ 4112970.400703639723361, 721436.313336138264276 ], [ 4112970.400703639723361, 721398.888818789389916 ], [ 4112970.400703639723361, 721361.464301440515555 ], [ 4112970.400703639723361, 721324.039784091641195 ], [ 4112970.400703639723361, 721286.615266742766835 ], [ 4112970.400703639723361, 721249.190749393892474 ], [ 4112970.400703639723361, 721211.766232045018114 ], [ 4112970.400703639723361, 721174.341714696143754 ], [ 4112970.400703639723361, 721136.917197347269394 ], [ 4112970.400703639723361, 721099.492679998395033 ], [ 4112970.400703639723361, 721062.068162649520673 ], [ 4112970.400703639723361, 721024.643645300646313 ], [ 4112970.400703639723361, 720987.219127951771952 ], [ 4112970.400703639723361, 720949.794610602897592 ], [ 4112970.400703639723361, 720912.370093254023232 ], [ 4112970.400703639723361, 720874.945575905148871 ], [ 4112970.400703639723361, 720837.521058556274511 ], [ 4112970.400703639723361, 720800.096541207400151 ], [ 4112970.400703639723361, 720762.67202385852579 ], [ 4112970.400703639723361, 720725.24750650965143 ], [ 4112970.400703639723361, 720687.82298916077707 ], [ 4112970.400703639723361, 720650.398471811902709 ], [ 4112970.400703639723361, 720612.973954463028349 ], [ 4112970.400703639723361, 720575.549437114153989 ], [ 4112970.400703639723361, 720538.124919765279628 ], [ 4112970.400703639723361, 720500.700402416405268 ], [ 4112970.400703639723361, 720463.275885067530908 ], [ 4112970.400703639723361, 720425.851367718656547 ], [ 4112970.400703639723361, 720388.426850369782187 ], [ 4112970.400703639723361, 720351.002333020907827 ], [ 4112970.400703639723361, 720313.577815672033466 ], [ 4112970.400703639723361, 720276.153298323159106 ], [ 4112970.400703639723361, 720238.728780974284746 ], [ 4112970.400703639723361, 720201.304263625410385 ], [ 4112970.400703639723361, 720163.879746276536025 ], [ 4112970.400703639723361, 720126.455228927661665 ], [ 4112970.400703639723361, 720089.030711578787304 ], [ 4112970.400703639723361, 720051.606194229912944 ], [ 4112970.400703639723361, 720014.181676881038584 ], [ 4112970.400703639723361, 719976.757159532164223 ], [ 4112970.400703639723361, 719939.332642183289863 ], [ 4112970.400703639723361, 719901.908124834415503 ], [ 4112970.400703639723361, 719864.483607485541143 ], [ 4112970.400703639723361, 719827.059090136666782 ], [ 4112970.400703639723361, 719789.634572787792422 ], [ 4112970.400703639723361, 719752.210055438918062 ], [ 4112970.400703639723361, 719714.785538090043701 ], [ 4112970.400703639723361, 719677.361020741169341 ], [ 4112970.400703639723361, 719639.936503392294981 ], [ 4112970.400703639723361, 719602.51198604342062 ], [ 4112970.400703639723361, 719565.08746869454626 ], [ 4112970.400703639723361, 719527.6629513456719 ], [ 4112970.400703639723361, 719490.238433996797539 ], [ 4112970.400703639723361, 719452.813916647923179 ], [ 4112970.400703639723361, 719415.389399299048819 ], [ 4112970.400703639723361, 719377.964881950174458 ], [ 4112970.400703639723361, 719340.540364601300098 ], [ 4112970.400703639723361, 719303.115847252425738 ], [ 4112970.400703639723361, 719265.691329903551377 ], [ 4112970.400703639723361, 719228.266812554677017 ], [ 4112970.400703639723361, 719190.842295205802657 ], [ 4112970.400703639723361, 719153.417777856928296 ], [ 4112970.400703639723361, 719115.993260508053936 ], [ 4112970.400703639723361, 719078.568743159179576 ], [ 4112970.400703639723361, 719041.144225810305215 ], [ 4112970.400703639723361, 719003.719708461430855 ], [ 4112970.400703639723361, 718966.295191112556495 ], [ 4112970.400703639723361, 718928.870673763682134 ], [ 4112970.400703639723361, 718891.446156414807774 ], [ 4112970.400703639723361, 718854.021639065933414 ], [ 4112970.400703639723361, 718816.597121717059053 ], [ 4112970.400703639723361, 718779.172604368184693 ], [ 4113007.825220988597721, 718779.172604368184693 ], [ 4113045.249738337472081, 718779.172604368184693 ], [ 4113082.674255686346442, 718779.172604368184693 ], [ 4113120.098773035220802, 718779.172604368184693 ], [ 4113146.561903035268188, 718752.709474368137307 ], [ 4113146.561903035268188, 718715.284957019262947 ], [ 4113146.561903035268188, 718677.860439670388587 ], [ 4113146.561903035268188, 718640.435922321514226 ], [ 4113146.561903035268188, 718603.011404972639866 ], [ 4113146.561903035268188, 718565.586887623765506 ], [ 4113146.561903035268188, 718528.162370274891146 ], [ 4113146.561903035268188, 718490.737852926016785 ], [ 4113146.561903035268188, 718453.313335577142425 ], [ 4113146.561903035268188, 718415.888818228268065 ], [ 4113146.561903035268188, 718378.464300879393704 ], [ 4113146.561903035268188, 718341.039783530519344 ], [ 4113146.561903035268188, 718303.615266181644984 ], [ 4113146.561903035268188, 718266.190748832770623 ], [ 4113146.561903035268188, 718228.766231483896263 ], [ 4113146.561903035268188, 718191.341714135021903 ], [ 4113146.561903035268188, 718153.917196786147542 ], [ 4113146.561903035268188, 718116.492679437273182 ], [ 4113183.986420384142548, 718116.492679437273182 ], [ 4113221.410937733016908, 718116.492679437273182 ], [ 4113258.835455081891268, 718116.492679437273182 ], [ 4113296.259972430765629, 718116.492679437273182 ], [ 4113296.259972430765629, 718079.068162088398822 ], [ 4113296.259972430765629, 718041.643644739524461 ], [ 4113296.259972430765629, 718004.219127390650101 ], [ 4113296.259972430765629, 717966.794610041775741 ], [ 4113296.259972430765629, 717929.37009269290138 ], [ 4113296.259972430765629, 717891.94557534402702 ], [ 4113296.259972430765629, 717854.52105799515266 ], [ 4113296.259972430765629, 717817.096540646278299 ], [ 4113296.259972430765629, 717779.672023297403939 ], [ 4113333.684489779639989, 717779.672023297403939 ], [ 4113371.109007128514349, 717779.672023297403939 ], [ 4113408.53352447738871, 717779.672023297403939 ], [ 4113445.95804182626307, 717779.672023297403939 ], [ 4113483.38255917513743, 717779.672023297403939 ], [ 4113483.38255917513743, 717742.247505948529579 ], [ 4113483.38255917513743, 717704.822988599655218 ], [ 4113483.38255917513743, 717667.398471250780858 ], [ 4113483.38255917513743, 717629.973953901906498 ], [ 4113483.38255917513743, 717592.549436553032137 ], [ 4113483.38255917513743, 717555.124919204157777 ], [ 4113483.38255917513743, 717517.700401855283417 ], [ 4113483.38255917513743, 717480.275884506409056 ], [ 4113509.845689175184816, 717453.812754506361671 ], [ 4113547.270206524059176, 717453.812754506361671 ], [ 4113584.694723872933537, 717453.812754506361671 ], [ 4113622.119241221807897, 717453.812754506361671 ], [ 4113648.582371221855283, 717427.349624506314285 ], [ 4113648.582371221855283, 717389.925107157439925 ], [ 4113648.582371221855283, 717352.500589808565564 ], [ 4113648.582371221855283, 717315.076072459691204 ], [ 4113648.582371221855283, 717277.651555110816844 ], [ 4113648.582371221855283, 717240.227037761942483 ], [ 4113648.582371221855283, 717202.802520413068123 ], [ 4113648.582371221855283, 717165.378003064193763 ], [ 4113648.582371221855283, 717127.953485715319403 ], [ 4113648.582371221855283, 717090.528968366445042 ], [ 4113648.582371221855283, 717053.104451017570682 ], [ 4113648.582371221855283, 717015.679933668696322 ], [ 4113648.582371221855283, 716978.255416319821961 ], [ 4113675.045501221902668, 716951.792286319774576 ], [ 4113712.470018570777029, 716951.792286319774576 ], [ 4113749.894535919651389, 716951.792286319774576 ], [ 4113787.319053268525749, 716951.792286319774576 ], [ 4113787.319053268525749, 716914.367768970900215 ], [ 4113787.319053268525749, 716876.943251622025855 ], [ 4113787.319053268525749, 716839.518734273151495 ], [ 4113787.319053268525749, 716802.094216924277134 ], [ 4113787.319053268525749, 716764.669699575402774 ], [ 4113787.319053268525749, 716727.245182226528414 ], [ 4113787.319053268525749, 716689.820664877654053 ], [ 4113787.319053268525749, 716652.396147528779693 ], [ 4113813.782183268573135, 716625.933017528732307 ], [ 4113851.206700617447495, 716625.933017528732307 ], [ 4113888.631217966321856, 716625.933017528732307 ], [ 4113926.055735315196216, 716625.933017528732307 ], [ 4113963.480252664070576, 716625.933017528732307 ], [ 4113963.480252664070576, 716588.508500179857947 ], [ 4113963.480252664070576, 716551.083982830983587 ], [ 4113963.480252664070576, 716513.659465482109226 ], [ 4113963.480252664070576, 716476.234948133234866 ], [ 4113963.480252664070576, 716438.810430784360506 ], [ 4113963.480252664070576, 716401.385913435486145 ], [ 4113963.480252664070576, 716363.961396086611785 ], [ 4113963.480252664070576, 716326.536878737737425 ], [ 4113963.480252664070576, 716289.112361388863064 ], [ 4113963.480252664070576, 716251.687844039988704 ], [ 4113963.480252664070576, 716214.263326691114344 ], [ 4113963.480252664070576, 716176.838809342239983 ], [ 4113963.480252664070576, 716139.414291993365623 ], [ 4113989.943382664117962, 716112.951161993318237 ], [ 4114027.367900012992322, 716112.951161993318237 ], [ 4114064.792417361866683, 716112.951161993318237 ], [ 4114102.216934710741043, 716112.951161993318237 ], [ 4114102.216934710741043, 716075.526644644443877 ], [ 4114102.216934710741043, 716038.102127295569517 ], [ 4114102.216934710741043, 716000.677609946695156 ], [ 4114102.216934710741043, 715963.253092597820796 ], [ 4114102.216934710741043, 715925.828575248946436 ], [ 4114102.216934710741043, 715888.404057900072075 ], [ 4114102.216934710741043, 715850.979540551197715 ], [ 4114102.216934710741043, 715813.555023202323355 ], [ 4114102.216934710741043, 715776.130505853448994 ], [ 4114102.216934710741043, 715738.705988504574634 ], [ 4114102.216934710741043, 715701.281471155700274 ], [ 4114102.216934710741043, 715663.856953806825913 ], [ 4114128.680064710788429, 715637.393823806778528 ], [ 4114166.104582059662789, 715637.393823806778528 ], [ 4114203.529099408537149, 715637.393823806778528 ], [ 4114240.95361675741151, 715637.393823806778528 ], [ 4114278.37813410628587, 715637.393823806778528 ], [ 4114304.841264106333256, 715610.930693806731142 ], [ 4114304.841264106333256, 715573.506176457856782 ], [ 4114304.841264106333256, 715536.081659108982421 ], [ 4114304.841264106333256, 715498.657141760108061 ], [ 4114304.841264106333256, 715461.232624411233701 ], [ 4114304.841264106333256, 715423.80810706235934 ], [ 4114304.841264106333256, 715386.38358971348498 ], [ 4114304.841264106333256, 715348.95907236461062 ], [ 4114304.841264106333256, 715311.53455501573626 ], [ 4114331.304394106380641, 715285.071425015688874 ], [ 4114368.728911455255002, 715285.071425015688874 ], [ 4114406.153428804129362, 715285.071425015688874 ], [ 4114443.577946153003722, 715285.071425015688874 ], [ 4114470.041076153051108, 715258.608295015641488 ], [ 4114470.041076153051108, 715221.183777666767128 ], [ 4114470.041076153051108, 715183.759260317892767 ], [ 4114470.041076153051108, 715146.334742969018407 ], [ 4114470.041076153051108, 715108.910225620144047 ], [ 4114470.041076153051108, 715071.485708271269687 ], [ 4114470.041076153051108, 715034.061190922395326 ], [ 4114470.041076153051108, 714996.636673573520966 ], [ 4114470.041076153051108, 714959.212156224646606 ], [ 4114470.041076153051108, 714921.787638875772245 ], [ 4114470.041076153051108, 714884.363121526897885 ], [ 4114470.041076153051108, 714846.938604178023525 ], [ 4114470.041076153051108, 714809.514086829149164 ], [ 4114470.041076153051108, 714772.089569480274804 ], [ 4114470.041076153051108, 714734.665052131400444 ], [ 4114470.041076153051108, 714697.240534782526083 ], [ 4114470.041076153051108, 714659.816017433651723 ], [ 4114470.041076153051108, 714622.391500084777363 ], [ 4114470.041076153051108, 714584.966982735903002 ], [ 4114470.041076153051108, 714547.542465387028642 ], [ 4114470.041076153051108, 714510.117948038154282 ], [ 4114470.041076153051108, 714472.693430689279921 ], [ 4114470.041076153051108, 714435.268913340405561 ], [ 4114470.041076153051108, 714397.844395991531201 ], [ 4114470.041076153051108, 714360.41987864265684 ], [ 4114470.041076153051108, 714322.99536129378248 ], [ 4114470.041076153051108, 714285.57084394490812 ], [ 4114470.041076153051108, 714248.146326596033759 ], [ 4114470.041076153051108, 714210.721809247159399 ], [ 4114470.041076153051108, 714173.297291898285039 ], [ 4114470.041076153051108, 714135.872774549410678 ], [ 4114470.041076153051108, 714098.448257200536318 ], [ 4114470.041076153051108, 714061.023739851661958 ], [ 4114470.041076153051108, 714023.599222502787597 ], [ 4114470.041076153051108, 713986.174705153913237 ], [ 4114470.041076153051108, 713948.750187805038877 ], [ 4114470.041076153051108, 713911.325670456164517 ], [ 4114470.041076153051108, 713873.901153107290156 ], [ 4114470.041076153051108, 713836.476635758415796 ], [ 4114470.041076153051108, 713799.052118409541436 ], [ 4114470.041076153051108, 713761.627601060667075 ], [ 4114470.041076153051108, 713724.203083711792715 ], [ 4114470.041076153051108, 713686.778566362918355 ], [ 4114470.041076153051108, 713649.354049014043994 ], [ 4114507.465593501925468, 713649.354049014043994 ], [ 4114544.890110850799829, 713649.354049014043994 ], [ 4114582.314628199674189, 713649.354049014043994 ], [ 4114619.739145548548549, 713649.354049014043994 ], [ 4114619.739145548548549, 713611.929531665169634 ], [ 4114619.739145548548549, 713574.505014316295274 ], [ 4114619.739145548548549, 713537.080496967420913 ], [ 4114619.739145548548549, 713499.655979618546553 ], [ 4114619.739145548548549, 713462.231462269672193 ], [ 4114619.739145548548549, 713424.806944920797832 ], [ 4114619.739145548548549, 713387.382427571923472 ], [ 4114619.739145548548549, 713349.957910223049112 ], [ 4114619.739145548548549, 713312.533392874174751 ], [ 4114619.739145548548549, 713275.108875525300391 ], [ 4114619.739145548548549, 713237.684358176426031 ], [ 4114619.739145548548549, 713200.25984082755167 ], [ 4114619.739145548548549, 713162.83532347867731 ], [ 4114619.739145548548549, 713125.41080612980295 ], [ 4114619.739145548548549, 713087.986288780928589 ], [ 4114619.739145548548549, 713050.561771432054229 ], [ 4114619.739145548548549, 713013.137254083179869 ], [ 4114619.739145548548549, 712975.712736734305508 ], [ 4114619.739145548548549, 712938.288219385431148 ], [ 4114619.739145548548549, 712900.863702036556788 ], [ 4114619.739145548548549, 712863.439184687682427 ], [ 4114593.276015548501164, 712836.976054687635042 ], [ 4114555.851498199626803, 712836.976054687635042 ], [ 4114518.426980850752443, 712836.976054687635042 ], [ 4114481.002463501878083, 712836.976054687635042 ], [ 4114443.577946153003722, 712836.976054687635042 ], [ 4114406.153428804129362, 712836.976054687635042 ], [ 4114368.728911455255002, 712836.976054687635042 ], [ 4114331.304394106380641, 712836.976054687635042 ], [ 4114310.321957780513912, 712797.281359687680379 ], [ 4114311.794231863692403, 712757.586664687725715 ], [ 4114311.794231863692403, 712720.162147338851355 ], [ 4114311.794231863692403, 712682.737629989976995 ], [ 4114311.794231863692403, 712645.313112641102634 ], [ 4114311.794231863692403, 712607.888595292228274 ], [ 4114311.794231863692403, 712570.464077943353914 ], [ 4114311.794231863692403, 712533.039560594479553 ], [ 4114285.331101863645017, 712506.576430594432168 ], [ 4114247.906584514770657, 712506.576430594432168 ], [ 4114210.482067165896297, 712506.576430594432168 ], [ 4114173.057549817021936, 712506.576430594432168 ], [ 4114135.633032468147576, 712506.576430594432168 ], [ 4114098.208515119273216, 712506.576430594432168 ], [ 4114060.783997770398855, 712506.576430594432168 ], [ 4114023.359480421524495, 712506.576430594432168 ], [ 4113985.934963072650135, 712506.576430594432168 ], [ 4113968.694978481624275, 712466.881735594477504 ], [ 4113966.424800829961896, 712427.187040594522841 ], [ 4113966.424800829961896, 712389.762523245648481 ], [ 4113966.424800829961896, 712352.338005896774121 ], [ 4113929.000283481087536, 712352.338005896774121 ], [ 4113891.575766132213175, 712352.338005896774121 ], [ 4113854.151248783338815, 712352.338005896774121 ], [ 4113816.726731434464455, 712352.338005896774121 ], [ 4113806.971650313120335, 712312.643310896819457 ], [ 4113808.443924396298826, 712272.948615896864794 ], [ 4113808.443924396298826, 712235.524098547990434 ], [ 4113808.443924396298826, 712198.099581199116074 ], [ 4113781.98079439625144, 712171.636451199068688 ], [ 4113744.55627704737708, 712171.636451199068688 ], [ 4113707.131759698502719, 712171.636451199068688 ], [ 4113669.707242349628359, 712171.636451199068688 ], [ 4113632.282725000753999, 712171.636451199068688 ], [ 4113594.858207651879638, 712171.636451199068688 ], [ 4113557.433690303005278, 712171.636451199068688 ], [ 4113520.009172954130918, 712171.636451199068688 ], [ 4113491.541833158582449, 712131.941756199114025 ], [ 4113493.014107241760939, 712092.247061199159361 ], [ 4113493.014107241760939, 712054.822543850285001 ], [ 4113493.014107241760939, 712017.398026501410641 ], [ 4113455.589589892886579, 712017.398026501410641 ], [ 4113418.165072544012219, 712017.398026501410641 ], [ 4113380.740555195137858, 712017.398026501410641 ], [ 4113343.316037846263498, 712017.398026501410641 ], [ 4113307.363794581033289, 711977.703331501455978 ], [ 4113305.09361692937091, 711938.008636501501314 ], [ 4113305.09361692937091, 711900.584119152626954 ], [ 4113305.09361692937091, 711863.159601803752594 ], [ 4113278.630486929323524, 711836.696471803705208 ], [ 4113241.205969580449164, 711836.696471803705208 ], [ 4113203.781452231574804, 711836.696471803705208 ], [ 4113166.356934882700443, 711836.696471803705208 ], [ 4113145.374498556833714, 711797.001776803750545 ], [ 4113146.846772640012205, 711757.307081803795882 ], [ 4113146.846772640012205, 711719.882564454921521 ], [ 4113146.846772640012205, 711682.458047106047161 ], [ 4113109.422255291137844, 711682.458047106047161 ], [ 4113071.997737942263484, 711682.458047106047161 ], [ 4113034.573220593389124, 711682.458047106047161 ], [ 4112997.148703244514763, 711682.458047106047161 ], [ 4112970.685573244467378, 711655.994917105999775 ], [ 4112970.685573244467378, 711618.570399757125415 ], [ 4112970.685573244467378, 711581.145882408251055 ], [ 4112970.685573244467378, 711543.721365059376694 ], [ 4112970.685573244467378, 711506.296847710502334 ], [ 4112933.261055895593017, 711506.296847710502334 ], [ 4112895.836538546718657, 711506.296847710502334 ], [ 4112858.412021197844297, 711506.296847710502334 ], [ 4112820.987503848969936, 711506.296847710502334 ], [ 4112820.987503848969936, 711468.872330361627974 ], [ 4112820.987503848969936, 711431.447813012753613 ], [ 4112820.987503848969936, 711394.023295663879253 ], [ 4112820.987503848969936, 711356.598778315004893 ], [ 4112783.562986500095576, 711356.598778315004893 ], [ 4112746.138469151221216, 711356.598778315004893 ], [ 4112708.713951802346855, 711356.598778315004893 ], [ 4112671.289434453472495, 711356.598778315004893 ], [ 4112633.864917104598135, 711356.598778315004893 ], [ 4112596.440399755723774, 711356.598778315004893 ], [ 4112559.015882406849414, 711356.598778315004893 ], [ 4112521.591365057975054, 711356.598778315004893 ], [ 4112485.639121792744845, 711316.904083315050229 ], [ 4112487.111395875923336, 711277.209388315095566 ], [ 4112487.111395875923336, 711239.784870966221206 ], [ 4112487.111395875923336, 711202.360353617346846 ], [ 4112460.64826587587595, 711175.89722361729946 ], [ 4112423.22374852700159, 711175.89722361729946 ], [ 4112385.799231178127229, 711175.89722361729946 ], [ 4112348.374713829252869, 711175.89722361729946 ], [ 4112321.911583829205483, 711149.434093617252074 ], [ 4112321.911583829205483, 711112.009576268377714 ], [ 4112321.911583829205483, 711074.585058919503354 ], [ 4112321.911583829205483, 711037.160541570628993 ], [ 4112295.448453829158098, 711010.697411570581608 ], [ 4112258.023936480283737, 711010.697411570581608 ], [ 4112220.599419131409377, 711010.697411570581608 ], [ 4112183.174901782535017, 711010.697411570581608 ], [ 4112145.750384433660656, 711010.697411570581608 ], [ 4112108.325867084786296, 711010.697411570581608 ], [ 4112070.901349735911936, 711010.697411570581608 ], [ 4112033.476832387037575, 711010.697411570581608 ], [ 4112008.751944326329976, 710971.002716570626944 ], [ 4112010.224218409508467, 710931.308021570672281 ], [ 4112010.224218409508467, 710893.883504221797921 ], [ 4112010.224218409508467, 710856.45898687292356 ], [ 4112010.224218409508467, 710819.0344695240492 ], [ 4112010.224218409508467, 710781.60995217517484 ], [ 4112010.224218409508467, 710744.185434826300479 ], [ 4112010.224218409508467, 710706.760917477426119 ], [ 4111983.761088409461081, 710680.297787477378733 ], [ 4111946.336571060586721, 710680.297787477378733 ], [ 4111908.91205371171236, 710680.297787477378733 ], [ 4111871.487536362838, 710680.297787477378733 ], [ 4111834.06301901396364, 710680.297787477378733 ], [ 4111796.638501665089279, 710680.297787477378733 ], [ 4111759.213984316214919, 710680.297787477378733 ], [ 4111721.789466967340559, 710680.297787477378733 ], [ 4111684.364949618466198, 710680.297787477378733 ], [ 4111657.901819618418813, 710653.834657477331348 ], [ 4111657.901819618418813, 710616.410140128456987 ], [ 4111657.901819618418813, 710578.985622779582627 ], [ 4111657.901819618418813, 710541.561105430708267 ], [ 4111631.438689618371427, 710515.097975430660881 ], [ 4111594.014172269497067, 710515.097975430660881 ], [ 4111556.589654920622706, 710515.097975430660881 ], [ 4111519.165137571748346, 710515.097975430660881 ], [ 4111492.70200757170096, 710488.634845430613495 ], [ 4111492.70200757170096, 710451.210328081739135 ], [ 4111492.70200757170096, 710413.785810732864775 ], [ 4111492.70200757170096, 710376.361293383990414 ], [ 4111466.238877571653575, 710349.898163383943029 ], [ 4111428.814360222779214, 710349.898163383943029 ], [ 4111391.389842873904854, 710349.898163383943029 ], [ 4111353.965325525030494, 710349.898163383943029 ], [ 4111316.540808176156133, 710349.898163383943029 ], [ 4111279.116290827281773, 710349.898163383943029 ], [ 4111241.691773478407413, 710349.898163383943029 ], [ 4111204.267256129533052, 710349.898163383943029 ], [ 4111187.027271538507193, 710310.203468383988366 ], [ 4111188.499545621685684, 710270.508773384033702 ], [ 4111188.499545621685684, 710233.084256035159342 ], [ 4111188.499545621685684, 710195.659738686284982 ], [ 4111151.075028272811323, 710195.659738686284982 ], [ 4111113.650510923936963, 710195.659738686284982 ], [ 4111076.225993575062603, 710195.659738686284982 ], [ 4111038.801476226188242, 710195.659738686284982 ], [ 4111001.376958877313882, 710195.659738686284982 ], [ 4111001.376958877313882, 710158.235221337410621 ], [ 4111001.376958877313882, 710120.810703988536261 ], [ 4111001.376958877313882, 710083.386186639661901 ], [ 4111001.376958877313882, 710045.96166929078754 ], [ 4110974.913828877266496, 710019.498539290740155 ], [ 4110937.489311528392136, 710019.498539290740155 ], [ 4110900.064794179517776, 710019.498539290740155 ], [ 4110862.640276830643415, 710019.498539290740155 ], [ 4110825.215759481769055, 710019.498539290740155 ], [ 4110787.791242132894695, 710019.498539290740155 ], [ 4110750.366724784020334, 710019.498539290740155 ], [ 4110712.942207435145974, 710019.498539290740155 ], [ 4110684.474867639597505, 709979.803844290785491 ], [ 4110685.947141722775996, 709940.109149290830828 ], [ 4110685.947141722775996, 709902.684631941956468 ], [ 4110685.947141722775996, 709865.260114593082108 ], [ 4110648.522624373901635, 709865.260114593082108 ], [ 4110611.098107025027275, 709865.260114593082108 ], [ 4110573.673589676152915, 709865.260114593082108 ], [ 4110536.249072327278554, 709865.260114593082108 ], [ 4110509.785942327231169, 709838.796984593034722 ], [ 4110509.785942327231169, 709801.372467244160362 ], [ 4110509.785942327231169, 709763.947949895286001 ], [ 4110509.785942327231169, 709726.523432546411641 ], [ 4110509.785942327231169, 709689.098915197537281 ], [ 4110472.361424978356808, 709689.098915197537281 ], [ 4110434.936907629482448, 709689.098915197537281 ], [ 4110397.512390280608088, 709689.098915197537281 ], [ 4110360.087872931733727, 709689.098915197537281 ], [ 4110360.087872931733727, 709651.67439784866292 ], [ 4110360.087872931733727, 709614.24988049978856 ], [ 4110360.087872931733727, 709576.8253631509142 ], [ 4110360.087872931733727, 709539.400845802039839 ], [ 4110322.663355582859367, 709539.400845802039839 ], [ 4110285.238838233985007, 709539.400845802039839 ], [ 4110247.814320885110646, 709539.400845802039839 ], [ 4110210.389803536236286, 709539.400845802039839 ], [ 4110172.965286187361926, 709539.400845802039839 ], [ 4110135.540768838487566, 709539.400845802039839 ], [ 4110098.116251489613205, 709539.400845802039839 ], [ 4110060.691734140738845, 709539.400845802039839 ], [ 4110024.739490875508636, 709499.706150802085176 ], [ 4110026.211764958687127, 709460.011455802130513 ], [ 4110026.211764958687127, 709422.586938453256153 ], [ 4110026.211764958687127, 709385.162421104381792 ], [ 4109999.748634958639741, 709358.699291104334407 ], [ 4109962.324117609765381, 709358.699291104334407 ], [ 4109924.89960026089102, 709358.699291104334407 ], [ 4109887.47508291201666, 709358.699291104334407 ], [ 4109866.492646586149931, 709319.004596104379743 ], [ 4109864.222468934487551, 709279.30990110442508 ], [ 4109864.222468934487551, 709241.88538375555072 ], [ 4109864.222468934487551, 709204.460866406676359 ], [ 4109826.797951585613191, 709204.460866406676359 ], [ 4109789.373434236738831, 709204.460866406676359 ], [ 4109751.94891688786447, 709204.460866406676359 ], [ 4109714.52439953899011, 709204.460866406676359 ], [ 4109677.09988219011575, 709204.460866406676359 ], [ 4109639.67536484124139, 709204.460866406676359 ], [ 4109602.250847492367029, 709204.460866406676359 ], [ 4109564.826330143492669, 709204.460866406676359 ], [ 4109527.401812794618309, 709204.460866406676359 ], [ 4109521.389183408115059, 709164.766171406721696 ], [ 4109522.86145749129355, 709125.071476406767033 ], [ 4109522.86145749129355, 709087.646959057892673 ], [ 4109522.86145749129355, 709050.222441709018312 ], [ 4109522.86145749129355, 709012.797924360143952 ], [ 4109522.86145749129355, 708975.373407011269592 ], [ 4109522.86145749129355, 708937.948889662395231 ], [ 4109522.86145749129355, 708900.524372313520871 ], [ 4109522.86145749129355, 708863.099854964646511 ], [ 4109485.436940142419189, 708863.099854964646511 ], [ 4109448.012422793544829, 708863.099854964646511 ], [ 4109410.587905444670469, 708863.099854964646511 ], [ 4109373.163388095796108, 708863.099854964646511 ], [ 4109335.738870746921748, 708863.099854964646511 ], [ 4109298.314353398047388, 708863.099854964646511 ], [ 4109260.889836049173027, 708863.099854964646511 ], [ 4109223.465318700298667, 708863.099854964646511 ], [ 4109197.002188700251281, 708836.636724964599125 ], [ 4109197.002188700251281, 708799.212207615724765 ], [ 4109197.002188700251281, 708761.787690266850404 ], [ 4109197.002188700251281, 708724.363172917976044 ], [ 4109170.539058700203896, 708697.900042917928658 ], [ 4109133.114541351329535, 708697.900042917928658 ], [ 4109095.690024002455175, 708697.900042917928658 ], [ 4109058.265506653580815, 708697.900042917928658 ], [ 4109044.767973797395825, 708658.205347917973995 ], [ 4109046.240247880574316, 708618.510652918019332 ], [ 4109046.240247880574316, 708581.086135569144972 ], [ 4109046.240247880574316, 708543.661618220270611 ], [ 4109008.815730531699955, 708543.661618220270611 ], [ 4108971.391213182825595, 708543.661618220270611 ], [ 4108933.966695833951235, 708543.661618220270611 ], [ 4108896.542178485076874, 708543.661618220270611 ], [ 4108870.079048485029489, 708517.198488220223226 ], [ 4108870.079048485029489, 708479.773970871348865 ], [ 4108870.079048485029489, 708442.349453522474505 ], [ 4108870.079048485029489, 708404.924936173600145 ], [ 4108870.079048485029489, 708367.500418824725784 ], [ 4108832.654531136155128, 708367.500418824725784 ], [ 4108795.230013787280768, 708367.500418824725784 ], [ 4108757.805496438406408, 708367.500418824725784 ], [ 4108720.380979089532048, 708367.500418824725784 ], [ 4108693.917849089484662, 708341.037288824678399 ], [ 4108693.917849089484662, 708303.612771475804038 ], [ 4108693.917849089484662, 708266.188254126929678 ], [ 4108693.917849089484662, 708228.763736778055318 ], [ 4108667.454719089437276, 708202.300606778007932 ], [ 4108630.030201740562916, 708202.300606778007932 ], [ 4108592.605684391688555, 708202.300606778007932 ], [ 4108555.181167042814195, 708202.300606778007932 ], [ 4108528.718037042766809, 708175.837476777960546 ], [ 4108528.718037042766809, 708138.412959429086186 ], [ 4108528.718037042766809, 708100.988442080211826 ], [ 4108528.718037042766809, 708063.563924731337465 ], [ 4108502.254907042719424, 708037.10079473129008 ], [ 4108464.830389693845063, 708037.10079473129008 ], [ 4108427.405872344970703, 708037.10079473129008 ], [ 4108389.981354996096343, 708037.10079473129008 ], [ 4108363.518224996048957, 708010.637664731242694 ], [ 4108363.518224996048957, 707973.213147382368334 ], [ 4108363.518224996048957, 707935.788630033493973 ], [ 4108363.518224996048957, 707898.364112684619613 ], [ 4108337.055094996001571, 707871.900982684572227 ], [ 4108299.630577647127211, 707871.900982684572227 ], [ 4108262.206060298252851, 707871.900982684572227 ], [ 4108224.78154294937849, 707871.900982684572227 ], [ 4108224.78154294937849, 707834.476465335697867 ], [ 4108224.78154294937849, 707797.051947986823507 ], [ 4108224.78154294937849, 707759.627430637949146 ], [ 4108224.78154294937849, 707722.202913289074786 ], [ 4108187.35702560050413, 707722.202913289074786 ], [ 4108149.93250825162977, 707722.202913289074786 ], [ 4108112.507990902755409, 707722.202913289074786 ], [ 4108075.083473553881049, 707722.202913289074786 ], [ 4108037.658956205006689, 707722.202913289074786 ], [ 4108000.234438856132329, 707722.202913289074786 ], [ 4107962.809921507257968, 707722.202913289074786 ], [ 4107925.385404158383608, 707722.202913289074786 ], [ 4107887.960886809509248, 707722.202913289074786 ], [ 4107850.536369460634887, 707722.202913289074786 ], [ 4107813.111852111760527, 707722.202913289074786 ], [ 4107775.687334762886167, 707722.202913289074786 ], [ 4107738.262817414011806, 707722.202913289074786 ], [ 4107721.022832822985947, 707682.508218289120123 ], [ 4107722.495106906164438, 707642.81352328916546 ], [ 4107722.495106906164438, 707605.389005940291099 ], [ 4107722.495106906164438, 707567.964488591416739 ], [ 4107722.495106906164438, 707530.539971242542379 ], [ 4107722.495106906164438, 707493.115453893668018 ], [ 4107722.495106906164438, 707455.690936544793658 ], [ 4107722.495106906164438, 707418.266419195919298 ], [ 4107722.495106906164438, 707380.841901847044937 ], [ 4107685.070589557290077, 707380.841901847044937 ], [ 4107647.646072208415717, 707380.841901847044937 ], [ 4107610.221554859541357, 707380.841901847044937 ], [ 4107572.797037510666996, 707380.841901847044937 ], [ 4107546.333907510619611, 707354.378771846997552 ], [ 4107546.333907510619611, 707316.954254498123191 ], [ 4107546.333907510619611, 707279.529737149248831 ], [ 4107546.333907510619611, 707242.105219800374471 ], [ 4107519.870777510572225, 707215.642089800327085 ], [ 4107482.446260161697865, 707215.642089800327085 ], [ 4107445.021742812823504, 707215.642089800327085 ], [ 4107407.597225463949144, 707215.642089800327085 ], [ 4107381.134095463901758, 707189.178959800279699 ], [ 4107381.134095463901758, 707151.754442451405339 ], [ 4107381.134095463901758, 707114.329925102530979 ], [ 4107381.134095463901758, 707076.905407753656618 ], [ 4107354.670965463854373, 707050.442277753609233 ], [ 4107317.246448114980012, 707050.442277753609233 ], [ 4107279.821930766105652, 707050.442277753609233 ], [ 4107242.397413417231292, 707050.442277753609233 ], [ 4107215.934283417183906, 707023.979147753561847 ], [ 4107215.934283417183906, 706986.554630404687487 ], [ 4107215.934283417183906, 706949.130113055813126 ], [ 4107215.934283417183906, 706911.705595706938766 ], [ 4107189.47115341713652, 706885.24246570689138 ], [ 4107152.04663606826216, 706885.24246570689138 ], [ 4107114.6221187193878, 706885.24246570689138 ], [ 4107077.197601370513439, 706885.24246570689138 ], [ 4107039.773084021639079, 706885.24246570689138 ], [ 4107002.348566672764719, 706885.24246570689138 ], [ 4106964.924049323890358, 706885.24246570689138 ], [ 4106927.499531975015998, 706885.24246570689138 ], [ 4106902.774643914308399, 706845.547770706936717 ], [ 4106900.504466262646019, 706805.853075706982054 ], [ 4106900.504466262646019, 706768.428558358107693 ], [ 4106900.504466262646019, 706731.004041009233333 ], [ 4106900.504466262646019, 706693.579523660358973 ], [ 4106900.504466262646019, 706656.155006311484613 ], [ 4106900.504466262646019, 706618.730488962610252 ], [ 4106900.504466262646019, 706581.305971613735892 ], [ 4106900.504466262646019, 706543.881454264861532 ], [ 4106863.079948913771659, 706543.881454264861532 ], [ 4106825.655431564897299, 706543.881454264861532 ], [ 4106788.230914216022938, 706543.881454264861532 ], [ 4106750.806396867148578, 706543.881454264861532 ], [ 4106724.343266867101192, 706517.418324264814146 ], [ 4106724.343266867101192, 706479.993806915939786 ], [ 4106724.343266867101192, 706442.569289567065425 ], [ 4106724.343266867101192, 706405.144772218191065 ], [ 4106697.880136867053807, 706378.681642218143679 ], [ 4106660.455619518179446, 706378.681642218143679 ], [ 4106623.031102169305086, 706378.681642218143679 ], [ 4106585.606584820430726, 706378.681642218143679 ], [ 4106548.182067471556365, 706378.681642218143679 ], [ 4106510.757550122682005, 706378.681642218143679 ], [ 4106473.333032773807645, 706378.681642218143679 ], [ 4106435.908515424933285, 706378.681642218143679 ], [ 4106398.483998076058924, 706378.681642218143679 ], [ 4106398.483998076058924, 706341.257124869269319 ], [ 4106398.483998076058924, 706303.832607520394959 ], [ 4106398.483998076058924, 706266.408090171520598 ], [ 4106398.483998076058924, 706228.983572822646238 ], [ 4106361.059480727184564, 706228.983572822646238 ], [ 4106323.634963378310204, 706228.983572822646238 ], [ 4106286.210446029435843, 706228.983572822646238 ], [ 4106248.785928680561483, 706228.983572822646238 ], [ 4106222.322798680514097, 706202.520442822598852 ], [ 4106222.322798680514097, 706165.095925473724492 ], [ 4106222.322798680514097, 706127.671408124850132 ], [ 4106222.322798680514097, 706090.246890775975771 ], [ 4106222.322798680514097, 706052.822373427101411 ], [ 4106184.898281331639737, 706052.822373427101411 ], [ 4106147.473763982765377, 706052.822373427101411 ], [ 4106110.049246633891016, 706052.822373427101411 ], [ 4106072.624729285016656, 706052.822373427101411 ], [ 4106072.624729285016656, 706015.397856078227051 ], [ 4106072.624729285016656, 705977.97333872935269 ], [ 4106072.624729285016656, 705940.54882138047833 ], [ 4106072.624729285016656, 705903.12430403160397 ], [ 4106072.624729285016656, 705865.699786682729609 ], [ 4106072.624729285016656, 705828.275269333855249 ], [ 4106072.624729285016656, 705790.850751984980889 ], [ 4106072.624729285016656, 705753.426234636106528 ], [ 4106072.624729285016656, 705716.001717287232168 ], [ 4106072.624729285016656, 705678.577199938357808 ], [ 4106072.624729285016656, 705641.152682589483447 ], [ 4106072.624729285016656, 705603.728165240609087 ], [ 4106072.624729285016656, 705566.303647891734727 ], [ 4106072.624729285016656, 705528.879130542860366 ], [ 4106072.624729285016656, 705491.454613193986006 ], [ 4106072.624729285016656, 705454.030095845111646 ], [ 4106072.624729285016656, 705416.605578496237285 ], [ 4106072.624729285016656, 705379.181061147362925 ], [ 4106072.624729285016656, 705341.756543798488565 ], [ 4106072.624729285016656, 705304.332026449614204 ], [ 4106072.624729285016656, 705266.907509100739844 ], [ 4106072.624729285016656, 705229.482991751865484 ], [ 4106155.768070625606924, 704148.232121685752645 ], [ 4106099.754204024095088, 703097.972122904960997 ], [ 4105945.716070869471878, 701739.635857815155759 ], [ 4105559.642873749602586, 700328.751895793364383 ] ] ] } }
]
}
