{
"type": "FeatureCollection",
"name": "Diguna_Fango",
"crs": { "type": "name", "properties": { "name": "urn:ogc:def:crs:EPSG::3857" } },
"features": [
{ "type": "Feature", "properties": { }, "geometry": { "type": "Polygon", "coordinates": [ ] } },
{ "type": "Feature", "properties": { }, "geometry": { "type": "Polygon", "coordinates": [ [ [ 4234811.269317535683513, 764587.775699420250021 ], [ 4234811.269317535683513, 764625.200216769124381 ], [ 4234811.269317535683513, 764662.624734117998742 ], [ 4234811.269317535683513, 764700.049251466873102 ], [ 4234811.269317535683513, 764737.473768815747462 ], [ 4234811.269317535683513, 764774.898286164621823 ], [ 4234811.269317535683513, 764812.322803513496183 ], [ 4234811.269317535683513, 764849.747320862370543 ], [ 4234811.269317535683513, 764887.171838211244904 ], [ 4234811.269317535683513, 764924.596355560119264 ], [ 4234811.269317535683513, 764962.020872908993624 ], [ 4234811.269317535683513, 764999.445390257867984 ], [ 4234811.269317535683513, 765036.869907606742345 ], [ 4234811.269317535683513, 765074.294424955616705 ], [ 4234811.269317535683513, 765111.718942304491065 ], [ 4234811.269317535683513, 765149.143459653365426 ], [ 4234811.269317535683513, 765186.567977002239786 ], [ 4234811.269317535683513, 765223.992494351114146 ], [ 4234811.269317535683513, 765261.417011699988507 ], [ 4234811.269317535683513, 765298.841529048862867 ], [ 4234711.194707466289401, 766029.136488634976558 ], [ 4234650.017844837158918, 767250.048802448436618 ], [ 4234646.069505490362644, 767328.846176492865197 ], [ 4234646.069505490362644, 767366.270693841739558 ], [ 4234646.069505490362644, 767403.695211190613918 ], [ 4234646.069505490362644, 767441.119728539488278 ], [ 4234646.069505490362644, 767478.544245888362639 ], [ 4234646.069505490362644, 767515.968763237236999 ], [ 4234646.069505490362644, 767553.393280586111359 ], [ 4234608.644988141953945, 767553.393280586111359 ], [ 4234571.220470793545246, 767553.393280586111359 ], [ 4234533.795953445136547, 767553.393280586111359 ], [ 4234507.332823445089161, 767579.856410586158745 ], [ 4234507.332823445089161, 767617.280927935033105 ], [ 4234507.332823445089161, 767654.705445283907466 ], [ 4234507.332823445089161, 767692.129962632781826 ], [ 4234507.332823445089161, 767729.554479981656186 ], [ 4234507.332823445089161, 767766.978997330530547 ], [ 4234507.332823445089161, 767804.403514679404907 ], [ 4234507.332823445089161, 767841.828032028279267 ], [ 4234507.332823445089161, 767879.252549377153628 ], [ 4234507.332823445089161, 767916.677066726027988 ], [ 4234507.332823445089161, 767954.101584074902348 ], [ 4234507.332823445089161, 767991.526101423776709 ], [ 4234507.332823445089161, 768028.950618772651069 ], [ 4234507.332823445089161, 768066.375136121525429 ], [ 4234507.332823445089161, 768103.79965347039979 ], [ 4234507.332823445089161, 768141.22417081927415 ], [ 4234507.332823445089161, 768178.64868816814851 ], [ 4234507.332823445089161, 768216.07320551702287 ], [ 4234469.908306096680462, 768216.07320551702287 ], [ 4234432.483788748271763, 768216.07320551702287 ], [ 4234395.059271399863064, 768216.07320551702287 ], [ 4234357.634754051454365, 768216.07320551702287 ], [ 4234331.17162405140698, 768242.536335517070256 ], [ 4234331.17162405140698, 768279.960852865944616 ], [ 4234331.17162405140698, 768317.385370214818977 ], [ 4234331.17162405140698, 768354.809887563693337 ], [ 4234331.17162405140698, 768392.234404912567697 ], [ 4234357.634754051454365, 768418.697534912615083 ], [ 4234395.059271399863064, 768418.697534912615083 ], [ 4234432.483788748271763, 768418.697534912615083 ], [ 4234469.908306096680462, 768418.697534912615083 ], [ 4234507.332823445089161, 768418.697534912615083 ], [ 4234507.332823445089161, 768456.122052261489443 ], [ 4234507.332823445089161, 768493.546569610363804 ], [ 4234507.332823445089161, 768530.971086959238164 ], [ 4234507.332823445089161, 768568.395604308112524 ], [ 4234507.332823445089161, 768605.820121656986885 ], [ 4234507.332823445089161, 768643.244639005861245 ], [ 4234507.332823445089161, 768680.669156354735605 ], [ 4234507.332823445089161, 768718.093673703609966 ], [ 4234507.332823445089161, 768755.518191052484326 ], [ 4234507.332823445089161, 768792.942708401358686 ], [ 4234507.332823445089161, 768830.367225750233047 ], [ 4234507.332823445089161, 768867.791743099107407 ], [ 4234507.332823445089161, 768905.216260447981767 ], [ 4234507.332823445089161, 768942.640777796856128 ], [ 4234507.332823445089161, 768980.065295145730488 ], [ 4234507.332823445089161, 769017.489812494604848 ], [ 4234507.332823445089161, 769054.914329843479209 ], [ 4234507.332823445089161, 769092.338847192353569 ], [ 4234507.332823445089161, 769129.763364541227929 ], [ 4234507.332823445089161, 769167.18788189010229 ], [ 4234507.332823445089161, 769204.61239923897665 ], [ 4234507.332823445089161, 769242.03691658785101 ], [ 4234507.332823445089161, 769279.461433936725371 ], [ 4234507.332823445089161, 769316.885951285599731 ], [ 4234507.332823445089161, 769354.310468634474091 ], [ 4234480.869693445041776, 769380.773598634521477 ], [ 4234443.445176096633077, 769380.773598634521477 ], [ 4234406.020658748224378, 769380.773598634521477 ], [ 4234368.596141399815679, 769380.773598634521477 ], [ 4234331.17162405140698, 769380.773598634521477 ], [ 4234331.17162405140698, 769418.198115983395837 ], [ 4234331.17162405140698, 769455.622633332270198 ], [ 4234331.17162405140698, 769493.047150681144558 ], [ 4234331.17162405140698, 769530.471668030018918 ], [ 4234331.17162405140698, 769567.896185378893279 ], [ 4234331.17162405140698, 769605.320702727767639 ], [ 4234331.17162405140698, 769642.745220076641999 ], [ 4234331.17162405140698, 769680.16973742551636 ], [ 4234331.17162405140698, 769717.59425477439072 ], [ 4234293.747106702998281, 769717.59425477439072 ], [ 4234256.322589354589581, 769717.59425477439072 ], [ 4234218.898072006180882, 769717.59425477439072 ], [ 4234181.473554657772183, 769717.59425477439072 ], [ 4234155.010424657724798, 769744.057384774438106 ], [ 4234155.010424657724798, 769781.481902123312466 ], [ 4234155.010424657724798, 769818.906419472186826 ], [ 4234155.010424657724798, 769856.330936821061186 ], [ 4234128.547294657677412, 769882.794066821108572 ], [ 4234091.122777309268713, 769882.794066821108572 ], [ 4234053.698259960860014, 769882.794066821108572 ], [ 4234016.273742612451315, 769882.794066821108572 ], [ 4233978.849225264042616, 769882.794066821108572 ], [ 4233941.424707915633917, 769882.794066821108572 ], [ 4233904.000190567225218, 769882.794066821108572 ], [ 4233866.575673218816519, 769882.794066821108572 ], [ 4233840.112543218769133, 769909.257196821155958 ], [ 4233840.112543218769133, 769946.681714170030318 ], [ 4233840.112543218769133, 769984.106231518904679 ], [ 4233840.112543218769133, 770021.530748867779039 ], [ 4233813.649413218721747, 770047.993878867826425 ], [ 4233776.224895870313048, 770047.993878867826425 ], [ 4233738.800378521904349, 770047.993878867826425 ], [ 4233701.37586117349565, 770047.993878867826425 ], [ 4233663.951343825086951, 770047.993878867826425 ], [ 4233663.951343825086951, 770085.418396216700785 ], [ 4233663.951343825086951, 770122.842913565575145 ], [ 4233663.951343825086951, 770160.267430914449506 ], [ 4233663.951343825086951, 770197.691948263323866 ], [ 4233626.526826476678252, 770197.691948263323866 ], [ 4233589.102309128269553, 770197.691948263323866 ], [ 4233551.677791779860854, 770197.691948263323866 ], [ 4233514.253274431452155, 770197.691948263323866 ], [ 4233476.828757083043456, 770197.691948263323866 ], [ 4233439.404239734634757, 770197.691948263323866 ], [ 4233401.979722386226058, 770197.691948263323866 ], [ 4233364.555205037817359, 770197.691948263323866 ], [ 4233338.092075037769973, 770224.155078263371252 ], [ 4233338.092075037769973, 770261.579595612245612 ], [ 4233338.092075037769973, 770299.004112961119972 ], [ 4233338.092075037769973, 770336.428630309994332 ], [ 4233311.628945037722588, 770362.891760310041718 ], [ 4233274.204427689313889, 770362.891760310041718 ], [ 4233236.77991034090519, 770362.891760310041718 ], [ 4233199.35539299249649, 770362.891760310041718 ], [ 4233161.930875644087791, 770362.891760310041718 ], [ 4233124.506358295679092, 770362.891760310041718 ], [ 4233087.081840947270393, 770362.891760310041718 ], [ 4233049.657323598861694, 770362.891760310041718 ], [ 4233023.194193598814309, 770389.354890310089104 ], [ 4233023.194193598814309, 770426.779407658963464 ], [ 4233023.194193598814309, 770464.203925007837825 ], [ 4233023.194193598814309, 770501.628442356712185 ], [ 4232996.731063598766923, 770528.091572356759571 ], [ 4232959.306546250358224, 770528.091572356759571 ], [ 4232921.882028901949525, 770528.091572356759571 ], [ 4232884.457511553540826, 770528.091572356759571 ], [ 4232847.032994205132127, 770528.091572356759571 ], [ 4232809.608476856723428, 770528.091572356759571 ], [ 4232772.183959508314729, 770528.091572356759571 ], [ 4232734.75944215990603, 770528.091572356759571 ], [ 4232708.296312159858644, 770554.554702356806956 ], [ 4232708.296312159858644, 770591.979219705681317 ], [ 4232708.296312159858644, 770629.403737054555677 ], [ 4232708.296312159858644, 770666.828254403430037 ], [ 4232681.833182159811258, 770693.291384403477423 ], [ 4232644.408664811402559, 770693.291384403477423 ], [ 4232606.98414746299386, 770693.291384403477423 ], [ 4232569.559630114585161, 770693.291384403477423 ], [ 4232532.135112766176462, 770693.291384403477423 ], [ 4232505.671982766129076, 770719.754514403524809 ], [ 4232505.671982766129076, 770757.179031752399169 ], [ 4232505.671982766129076, 770794.603549101273529 ], [ 4232505.671982766129076, 770832.02806645014789 ], [ 4232505.671982766129076, 770869.45258379902225 ], [ 4232468.247465417720377, 770869.45258379902225 ], [ 4232430.822948069311678, 770869.45258379902225 ], [ 4232393.398430720902979, 770869.45258379902225 ], [ 4232355.97391337249428, 770869.45258379902225 ], [ 4232355.97391337249428, 770906.87710114789661 ], [ 4232355.97391337249428, 770944.301618496770971 ], [ 4232355.97391337249428, 770981.726135845645331 ], [ 4232355.97391337249428, 771019.150653194519691 ], [ 4232355.97391337249428, 771056.575170543394051 ], [ 4232355.97391337249428, 771093.999687892268412 ], [ 4232355.97391337249428, 771131.424205241142772 ], [ 4232355.97391337249428, 771168.848722590017132 ], [ 4232355.97391337249428, 771206.273239938891493 ], [ 4232318.549396024085581, 771206.273239938891493 ], [ 4232281.124878675676882, 771206.273239938891493 ], [ 4232243.700361327268183, 771206.273239938891493 ], [ 4232206.275843978859484, 771206.273239938891493 ], [ 4232206.275843978859484, 771243.697757287765853 ], [ 4232206.275843978859484, 771281.122274636640213 ], [ 4232206.275843978859484, 771318.546791985514574 ], [ 4232206.275843978859484, 771355.971309334388934 ], [ 4232168.851326630450785, 771355.971309334388934 ], [ 4232131.426809282042086, 771355.971309334388934 ], [ 4232094.002291933633387, 771355.971309334388934 ], [ 4232056.577774585224688, 771355.971309334388934 ], [ 4232030.114644585177302, 771382.43443933443632 ], [ 4232030.114644585177302, 771419.85895668331068 ], [ 4232030.114644585177302, 771457.28347403218504 ], [ 4232030.114644585177302, 771494.707991381059401 ], [ 4232030.114644585177302, 771532.132508729933761 ], [ 4231992.690127236768603, 771532.132508729933761 ], [ 4231955.265609888359904, 771532.132508729933761 ], [ 4231917.841092539951205, 771532.132508729933761 ], [ 4231880.416575191542506, 771532.132508729933761 ], [ 4231853.953445191495121, 771558.595638729981147 ], [ 4231853.953445191495121, 771596.020156078855507 ], [ 4231853.953445191495121, 771633.444673427729867 ], [ 4231853.953445191495121, 771670.869190776604228 ], [ 4231853.953445191495121, 771708.293708125478588 ], [ 4231853.953445191495121, 771745.718225474352948 ], [ 4231853.953445191495121, 771783.142742823227309 ], [ 4231853.953445191495121, 771820.567260172101669 ], [ 4231853.953445191495121, 771857.991777520976029 ], [ 4231853.953445191495121, 771895.41629486985039 ], [ 4231853.953445191495121, 771932.84081221872475 ], [ 4231853.953445191495121, 771970.26532956759911 ], [ 4231853.953445191495121, 772007.689846916473471 ], [ 4231853.953445191495121, 772045.114364265347831 ], [ 4231853.953445191495121, 772082.538881614222191 ], [ 4231853.953445191495121, 772119.963398963096552 ], [ 4231853.953445191495121, 772157.387916311970912 ], [ 4231853.953445191495121, 772194.812433660845272 ], [ 4231880.416575191542506, 772221.275563660892658 ], [ 4231917.841092539951205, 772221.275563660892658 ], [ 4231955.265609888359904, 772221.275563660892658 ], [ 4231992.690127236768603, 772221.275563660892658 ], [ 4232030.114644585177302, 772221.275563660892658 ], [ 4232030.114644585177302, 772258.700081009767018 ], [ 4232030.114644585177302, 772296.124598358641379 ], [ 4232030.114644585177302, 772333.549115707515739 ], [ 4232030.114644585177302, 772370.973633056390099 ], [ 4232030.114644585177302, 772408.39815040526446 ], [ 4232030.114644585177302, 772445.82266775413882 ], [ 4232030.114644585177302, 772483.24718510301318 ], [ 4232030.114644585177302, 772520.671702451887541 ], [ 4232030.114644585177302, 772558.096219800761901 ], [ 4232030.114644585177302, 772595.520737149636261 ], [ 4232030.114644585177302, 772632.945254498510621 ], [ 4232030.114644585177302, 772670.369771847384982 ], [ 4232030.114644585177302, 772707.794289196259342 ], [ 4232030.114644585177302, 772745.218806545133702 ], [ 4232030.114644585177302, 772782.643323894008063 ], [ 4232030.114644585177302, 772820.067841242882423 ], [ 4232030.114644585177302, 772857.492358591756783 ], [ 4232030.114644585177302, 772894.916875940631144 ], [ 4232030.114644585177302, 772932.341393289505504 ], [ 4232030.114644585177302, 772969.765910638379864 ], [ 4232030.114644585177302, 773007.190427987254225 ], [ 4232030.114644585177302, 773044.614945336128585 ], [ 4232030.114644585177302, 773082.039462685002945 ], [ 4232030.114644585177302, 773119.463980033877306 ], [ 4232030.114644585177302, 773156.888497382751666 ], [ 4232030.114644585177302, 773194.313014731626026 ], [ 4232030.114644585177302, 773231.737532080500387 ], [ 4232030.114644585177302, 773269.162049429374747 ], [ 4232030.114644585177302, 773306.586566778249107 ], [ 4232030.114644585177302, 773344.011084127123468 ], [ 4231992.690127236768603, 773344.011084127123468 ], [ 4231955.265609888359904, 773344.011084127123468 ], [ 4231917.841092539951205, 773344.011084127123468 ], [ 4231880.416575191542506, 773344.011084127123468 ], [ 4231853.953445191495121, 773370.474214127170853 ], [ 4231853.953445191495121, 773407.898731476045214 ], [ 4231853.953445191495121, 773445.323248824919574 ], [ 4231853.953445191495121, 773482.747766173793934 ], [ 4231853.953445191495121, 773520.172283522668295 ], [ 4231853.953445191495121, 773557.596800871542655 ], [ 4231853.953445191495121, 773595.021318220417015 ], [ 4231853.953445191495121, 773632.445835569291376 ], [ 4231853.953445191495121, 773669.870352918165736 ], [ 4231853.953445191495121, 773707.294870267040096 ], [ 4231853.953445191495121, 773744.719387615914457 ], [ 4231853.953445191495121, 773782.143904964788817 ], [ 4231853.953445191495121, 773819.568422313663177 ], [ 4231853.953445191495121, 773856.992939662537538 ], [ 4231853.953445191495121, 773894.417457011411898 ], [ 4231853.953445191495121, 773931.841974360286258 ], [ 4231853.953445191495121, 773969.266491709160618 ], [ 4231827.490315191447735, 773995.729621709208004 ], [ 4231790.065797843039036, 773995.729621709208004 ], [ 4231752.641280494630337, 773995.729621709208004 ], [ 4231715.216763146221638, 773995.729621709208004 ], [ 4231688.753633146174252, 774022.19275170925539 ], [ 4231688.753633146174252, 774059.61726905812975 ], [ 4231688.753633146174252, 774097.041786407004111 ], [ 4231688.753633146174252, 774134.466303755878471 ], [ 4231688.753633146174252, 774171.890821104752831 ], [ 4231651.329115797765553, 774171.890821104752831 ], [ 4231613.904598449356854, 774171.890821104752831 ], [ 4231576.480081100948155, 774171.890821104752831 ], [ 4231539.055563752539456, 774171.890821104752831 ], [ 4231501.631046404130757, 774171.890821104752831 ], [ 4231464.206529055722058, 774171.890821104752831 ], [ 4231426.782011707313359, 774171.890821104752831 ], [ 4231389.35749435890466, 774171.890821104752831 ], [ 4231351.932977010495961, 774171.890821104752831 ], [ 4231314.508459662087262, 774171.890821104752831 ], [ 4231277.083942313678563, 774171.890821104752831 ], [ 4231239.659424965269864, 774171.890821104752831 ], [ 4231202.234907616861165, 774171.890821104752831 ], [ 4231164.810390268452466, 774171.890821104752831 ], [ 4231127.385872920043766, 774171.890821104752831 ], [ 4231089.961355571635067, 774171.890821104752831 ], [ 4231052.536838223226368, 774171.890821104752831 ], [ 4231026.073708223178983, 774198.353951104800217 ], [ 4231026.073708223178983, 774235.778468453674577 ], [ 4231026.073708223178983, 774273.202985802548937 ], [ 4231026.073708223178983, 774310.627503151423298 ], [ 4231026.073708223178983, 774348.052020500297658 ], [ 4230988.649190874770284, 774348.052020500297658 ], [ 4230951.224673526361585, 774348.052020500297658 ], [ 4230913.800156177952886, 774348.052020500297658 ], [ 4230876.375638829544187, 774348.052020500297658 ], [ 4230838.951121481135488, 774348.052020500297658 ], [ 4230801.526604132726789, 774348.052020500297658 ], [ 4230764.102086784318089, 774348.052020500297658 ], [ 4230726.67756943590939, 774348.052020500297658 ], [ 4230689.253052087500691, 774348.052020500297658 ], [ 4230651.828534739091992, 774348.052020500297658 ], [ 4230614.404017390683293, 774348.052020500297658 ], [ 4230576.979500042274594, 774348.052020500297658 ], [ 4230550.516370042227209, 774374.515150500345044 ], [ 4230550.516370042227209, 774411.939667849219404 ], [ 4230550.516370042227209, 774449.364185198093764 ], [ 4230550.516370042227209, 774486.788702546968125 ], [ 4230550.516370042227209, 774524.213219895842485 ], [ 4230550.516370042227209, 774561.637737244716845 ], [ 4230550.516370042227209, 774599.062254593591206 ], [ 4230550.516370042227209, 774636.486771942465566 ], [ 4230550.516370042227209, 774673.911289291339926 ], [ 4230550.516370042227209, 774711.335806640214287 ], [ 4230550.516370042227209, 774748.760323989088647 ], [ 4230550.516370042227209, 774786.184841337963007 ], [ 4230550.516370042227209, 774823.609358686837368 ], [ 4230576.979500042274594, 774850.072488686884753 ], [ 4230614.404017390683293, 774850.072488686884753 ], [ 4230651.828534739091992, 774850.072488686884753 ], [ 4230689.253052087500691, 774850.072488686884753 ], [ 4230715.716182087548077, 774876.535618686932139 ], [ 4230715.716182087548077, 774913.960136035806499 ], [ 4230715.716182087548077, 774951.38465338468086 ], [ 4230715.716182087548077, 774988.80917073355522 ], [ 4230715.716182087548077, 775026.23368808242958 ], [ 4230715.716182087548077, 775063.658205431303941 ], [ 4230715.716182087548077, 775101.082722780178301 ], [ 4230715.716182087548077, 775138.507240129052661 ], [ 4230715.716182087548077, 775175.931757477927022 ], [ 4230715.716182087548077, 775213.356274826801382 ], [ 4230715.716182087548077, 775250.780792175675742 ], [ 4230715.716182087548077, 775288.205309524550103 ], [ 4230715.716182087548077, 775325.629826873424463 ], [ 4230715.716182087548077, 775363.054344222298823 ], [ 4230715.716182087548077, 775400.478861571173184 ], [ 4230715.716182087548077, 775437.903378920047544 ], [ 4230715.716182087548077, 775475.327896268921904 ], [ 4230715.716182087548077, 775512.752413617796265 ], [ 4230715.716182087548077, 775550.176930966670625 ], [ 4230715.716182087548077, 775587.601448315544985 ], [ 4230715.716182087548077, 775625.025965664419346 ], [ 4230715.716182087548077, 775662.450483013293706 ], [ 4230715.716182087548077, 775699.875000362168066 ], [ 4230715.716182087548077, 775737.299517711042427 ], [ 4230715.716182087548077, 775774.724035059916787 ], [ 4230715.716182087548077, 775812.148552408791147 ], [ 4230689.253052087500691, 775838.611682408838533 ], [ 4230651.828534739091992, 775838.611682408838533 ], [ 4230614.404017390683293, 775838.611682408838533 ], [ 4230576.979500042274594, 775838.611682408838533 ], [ 4230539.554982693865895, 775838.611682408838533 ], [ 4230539.554982693865895, 775876.036199757712893 ], [ 4230539.554982693865895, 775913.460717106587254 ], [ 4230539.554982693865895, 775950.885234455461614 ], [ 4230539.554982693865895, 775988.309751804335974 ], [ 4230539.554982693865895, 776025.734269153210334 ], [ 4230539.554982693865895, 776063.158786502084695 ], [ 4230539.554982693865895, 776100.583303850959055 ], [ 4230539.554982693865895, 776138.007821199833415 ], [ 4230539.554982693865895, 776175.432338548707776 ], [ 4230539.554982693865895, 776212.856855897582136 ], [ 4230539.554982693865895, 776250.281373246456496 ], [ 4230539.554982693865895, 776287.705890595330857 ], [ 4230539.554982693865895, 776325.130407944205217 ], [ 4230502.130465345457196, 776325.130407944205217 ], [ 4230464.705947997048497, 776325.130407944205217 ], [ 4230427.281430648639798, 776325.130407944205217 ], [ 4230389.856913300231099, 776325.130407944205217 ], [ 4230389.856913300231099, 776362.554925293079577 ], [ 4230389.856913300231099, 776399.979442641953938 ], [ 4230389.856913300231099, 776437.403959990828298 ], [ 4230389.856913300231099, 776474.828477339702658 ], [ 4230389.856913300231099, 776512.252994688577019 ], [ 4230389.856913300231099, 776549.677512037451379 ], [ 4230389.856913300231099, 776587.102029386325739 ], [ 4230389.856913300231099, 776624.5265467352001 ], [ 4230389.856913300231099, 776661.95106408407446 ], [ 4230389.856913300231099, 776699.37558143294882 ], [ 4230389.856913300231099, 776736.800098781823181 ], [ 4230389.856913300231099, 776774.224616130697541 ], [ 4230389.856913300231099, 776811.649133479571901 ], [ 4230352.4323959518224, 776811.649133479571901 ], [ 4230315.007878603413701, 776811.649133479571901 ], [ 4230277.583361255005002, 776811.649133479571901 ], [ 4230240.158843906596303, 776811.649133479571901 ], [ 4230213.695713906548917, 776838.112263479619287 ], [ 4230213.695713906548917, 776875.536780828493647 ], [ 4230213.695713906548917, 776912.961298177368008 ], [ 4230213.695713906548917, 776950.385815526242368 ], [ 4230213.695713906548917, 776987.810332875116728 ], [ 4230213.695713906548917, 777025.234850223991089 ], [ 4230213.695713906548917, 777062.659367572865449 ], [ 4230213.695713906548917, 777100.083884921739809 ], [ 4230213.695713906548917, 777137.50840227061417 ], [ 4230213.695713906548917, 777174.93291961948853 ], [ 4230213.695713906548917, 777212.35743696836289 ], [ 4230213.695713906548917, 777249.781954317237251 ], [ 4230213.695713906548917, 777287.206471666111611 ], [ 4230213.695713906548917, 777324.630989014985971 ], [ 4230176.271196558140218, 777324.630989014985971 ], [ 4230138.846679209731519, 777324.630989014985971 ], [ 4230101.42216186132282, 777324.630989014985971 ], [ 4230063.997644512914121, 777324.630989014985971 ], [ 4230037.534514512866735, 777351.094119015033357 ], [ 4230037.534514512866735, 777388.518636363907717 ], [ 4230037.534514512866735, 777425.943153712782077 ], [ 4230037.534514512866735, 777463.367671061656438 ], [ 4230037.534514512866735, 777500.792188410530798 ], [ 4230037.534514512866735, 777538.216705759405158 ], [ 4230037.534514512866735, 777575.641223108279519 ], [ 4230037.534514512866735, 777613.065740457153879 ], [ 4230037.534514512866735, 777650.490257806028239 ], [ 4230000.109997164458036, 777650.490257806028239 ], [ 4229962.685479816049337, 777650.490257806028239 ], [ 4229925.260962467640638, 777650.490257806028239 ], [ 4229898.797832467593253, 777676.953387806075625 ], [ 4229898.797832467593253, 777714.377905154949985 ], [ 4229898.797832467593253, 777751.802422503824346 ], [ 4229898.797832467593253, 777789.226939852698706 ], [ 4229898.797832467593253, 777826.651457201573066 ], [ 4229936.222349816001952, 777826.651457201573066 ], [ 4229973.646867164410651, 777826.651457201573066 ], [ 4230011.07138451281935, 777826.651457201573066 ], [ 4230037.534514512866735, 777853.114587201620452 ], [ 4230037.534514512866735, 777890.539104550494812 ], [ 4230037.534514512866735, 777927.963621899369173 ], [ 4230037.534514512866735, 777965.388139248243533 ], [ 4230037.534514512866735, 778002.812656597117893 ], [ 4230037.534514512866735, 778040.237173945992254 ], [ 4230037.534514512866735, 778077.661691294866614 ], [ 4230037.534514512866735, 778115.086208643740974 ], [ 4230037.534514512866735, 778152.510725992615335 ], [ 4230063.997644512914121, 778178.97385599266272 ], [ 4230101.42216186132282, 778178.97385599266272 ], [ 4230138.846679209731519, 778178.97385599266272 ], [ 4230176.271196558140218, 778178.97385599266272 ], [ 4230213.695713906548917, 778178.97385599266272 ], [ 4230213.695713906548917, 778216.398373341537081 ], [ 4230213.695713906548917, 778253.822890690411441 ], [ 4230213.695713906548917, 778291.247408039285801 ], [ 4230213.695713906548917, 778328.671925388160162 ], [ 4230251.120231254957616, 778328.671925388160162 ], [ 4230288.544748603366315, 778328.671925388160162 ], [ 4230325.969265951775014, 778328.671925388160162 ], [ 4230363.393783300183713, 778328.671925388160162 ], [ 4230389.856913300231099, 778355.135055388207547 ], [ 4230389.856913300231099, 778392.559572737081908 ], [ 4230389.856913300231099, 778429.984090085956268 ], [ 4230389.856913300231099, 778467.408607434830628 ], [ 4230416.320043300278485, 778493.871737434878014 ], [ 4230453.744560648687184, 778493.871737434878014 ], [ 4230491.169077997095883, 778493.871737434878014 ], [ 4230528.593595345504582, 778493.871737434878014 ], [ 4230555.056725345551968, 778520.3348674349254 ], [ 4230555.056725345551968, 778557.75938478379976 ], [ 4230555.056725345551968, 778595.18390213267412 ], [ 4230555.056725345551968, 778632.608419481548481 ], [ 4230555.056725345551968, 778670.032936830422841 ], [ 4230555.056725345551968, 778707.457454179297201 ], [ 4230555.056725345551968, 778744.881971528171562 ], [ 4230555.056725345551968, 778782.306488877045922 ], [ 4230555.056725345551968, 778819.731006225920282 ], [ 4230592.481242693960667, 778819.731006225920282 ], [ 4230629.905760042369366, 778819.731006225920282 ], [ 4230667.330277390778065, 778819.731006225920282 ], [ 4230704.754794739186764, 778819.731006225920282 ], [ 4230704.754794739186764, 778857.155523574794643 ], [ 4230704.754794739186764, 778894.580040923669003 ], [ 4230704.754794739186764, 778932.004558272543363 ], [ 4230704.754794739186764, 778969.429075621417724 ], [ 4230731.217924739234149, 778995.892205621465109 ], [ 4230768.642442087642848, 778995.892205621465109 ], [ 4230806.066959436051548, 778995.892205621465109 ], [ 4230843.491476784460247, 778995.892205621465109 ], [ 4230880.915994132868946, 778995.892205621465109 ], [ 4230880.915994132868946, 779033.31672297033947 ], [ 4230880.915994132868946, 779070.74124031921383 ], [ 4230880.915994132868946, 779108.16575766808819 ], [ 4230880.915994132868946, 779145.590275016962551 ], [ 4230880.915994132868946, 779183.014792365836911 ], [ 4230880.915994132868946, 779220.439309714711271 ], [ 4230880.915994132868946, 779257.863827063585632 ], [ 4230880.915994132868946, 779295.288344412459992 ], [ 4230880.915994132868946, 779332.712861761334352 ], [ 4230880.915994132868946, 779370.137379110208713 ], [ 4230880.915994132868946, 779407.561896459083073 ], [ 4230880.915994132868946, 779444.986413807957433 ], [ 4230880.915994132868946, 779482.410931156831793 ], [ 4230918.340511481277645, 779482.410931156831793 ], [ 4230955.765028829686344, 779482.410931156831793 ], [ 4230993.189546178095043, 779482.410931156831793 ], [ 4231030.614063526503742, 779482.410931156831793 ], [ 4231030.614063526503742, 779519.835448505706154 ], [ 4231030.614063526503742, 779557.259965854580514 ], [ 4231030.614063526503742, 779594.684483203454874 ], [ 4231030.614063526503742, 779632.109000552329235 ], [ 4231057.077193526551127, 779658.57213055237662 ], [ 4231094.501710874959826, 779658.57213055237662 ], [ 4231131.926228223368526, 779658.57213055237662 ], [ 4231169.350745571777225, 779658.57213055237662 ], [ 4231206.775262920185924, 779658.57213055237662 ], [ 4231206.775262920185924, 779695.996647901250981 ], [ 4231206.775262920185924, 779733.421165250125341 ], [ 4231206.775262920185924, 779770.845682598999701 ], [ 4231206.775262920185924, 779808.270199947874062 ], [ 4231206.775262920185924, 779845.694717296748422 ], [ 4231206.775262920185924, 779883.119234645622782 ], [ 4231206.775262920185924, 779920.543751994497143 ], [ 4231206.775262920185924, 779957.968269343371503 ], [ 4231206.775262920185924, 779995.392786692245863 ], [ 4231206.775262920185924, 780032.817304041120224 ], [ 4231206.775262920185924, 780070.241821389994584 ], [ 4231206.775262920185924, 780107.666338738868944 ], [ 4231206.775262920185924, 780145.090856087743305 ], [ 4231206.775262920185924, 780182.515373436617665 ], [ 4231206.775262920185924, 780219.939890785492025 ], [ 4231206.775262920185924, 780257.364408134366386 ], [ 4231206.775262920185924, 780294.788925483240746 ], [ 4231206.775262920185924, 780332.213442832115106 ], [ 4231206.775262920185924, 780369.637960180989467 ], [ 4231206.775262920185924, 780407.062477529863827 ], [ 4231206.775262920185924, 780444.486994878738187 ], [ 4231206.775262920185924, 780481.911512227612548 ], [ 4231206.775262920185924, 780519.336029576486908 ], [ 4231206.775262920185924, 780556.760546925361268 ], [ 4231206.775262920185924, 780594.185064274235629 ], [ 4231206.775262920185924, 780631.609581623109989 ], [ 4231233.238392920233309, 780658.072711623157375 ], [ 4231270.662910268642008, 780658.072711623157375 ], [ 4231308.087427617050707, 780658.072711623157375 ], [ 4231345.511944965459406, 780658.072711623157375 ], [ 4231382.936462313868105, 780658.072711623157375 ], [ 4231382.936462313868105, 780695.497228972031735 ], [ 4231382.936462313868105, 780732.921746320906095 ], [ 4231382.936462313868105, 780770.346263669780456 ], [ 4231382.936462313868105, 780807.770781018654816 ], [ 4231382.936462313868105, 780845.195298367529176 ], [ 4231382.936462313868105, 780882.619815716403536 ], [ 4231382.936462313868105, 780920.044333065277897 ], [ 4231382.936462313868105, 780957.468850414152257 ], [ 4231382.936462313868105, 780994.893367763026617 ], [ 4231382.936462313868105, 781032.317885111900978 ], [ 4231382.936462313868105, 781069.742402460775338 ], [ 4231382.936462313868105, 781107.166919809649698 ], [ 4231382.936462313868105, 781144.591437158524059 ], [ 4231382.936462313868105, 781182.015954507398419 ], [ 4231382.936462313868105, 781219.440471856272779 ], [ 4231382.936462313868105, 781256.86498920514714 ], [ 4231382.936462313868105, 781294.2895065540215 ], [ 4231382.936462313868105, 781331.71402390289586 ], [ 4231382.936462313868105, 781369.138541251770221 ], [ 4231382.936462313868105, 781406.563058600644581 ], [ 4231382.936462313868105, 781443.987575949518941 ], [ 4231382.936462313868105, 781481.412093298393302 ], [ 4231382.936462313868105, 781518.836610647267662 ], [ 4231382.936462313868105, 781556.261127996142022 ], [ 4231382.936462313868105, 781593.685645345016383 ], [ 4231382.936462313868105, 781631.110162693890743 ], [ 4231382.936462313868105, 781668.534680042765103 ], [ 4231382.936462313868105, 781705.959197391639464 ], [ 4231382.936462313868105, 781743.383714740513824 ], [ 4231382.936462313868105, 781780.808232089388184 ], [ 4231382.936462313868105, 781818.232749438262545 ], [ 4231382.936462313868105, 781855.657266787136905 ], [ 4231382.936462313868105, 781893.081784136011265 ], [ 4231382.936462313868105, 781930.506301484885626 ], [ 4231382.936462313868105, 781967.930818833759986 ], [ 4231382.936462313868105, 782005.355336182634346 ], [ 4231382.936462313868105, 782042.779853531508707 ], [ 4231382.936462313868105, 782080.204370880383067 ], [ 4231382.936462313868105, 782117.628888229257427 ], [ 4231382.936462313868105, 782155.053405578131787 ], [ 4231382.936462313868105, 782192.477922927006148 ], [ 4231382.936462313868105, 782229.902440275880508 ], [ 4231382.936462313868105, 782267.326957624754868 ], [ 4231382.936462313868105, 782304.751474973629229 ], [ 4231382.936462313868105, 782342.175992322503589 ], [ 4231382.936462313868105, 782379.600509671377949 ], [ 4231382.936462313868105, 782417.02502702025231 ], [ 4231382.936462313868105, 782454.44954436912667 ], [ 4231382.936462313868105, 782491.87406171800103 ], [ 4231382.936462313868105, 782529.298579066875391 ], [ 4231382.936462313868105, 782566.723096415749751 ], [ 4231382.936462313868105, 782604.147613764624111 ], [ 4231382.936462313868105, 782641.572131113498472 ], [ 4231420.360979662276804, 782641.572131113498472 ], [ 4231457.785497010685503, 782641.572131113498472 ], [ 4231495.210014359094203, 782641.572131113498472 ], [ 4231532.634531707502902, 782641.572131113498472 ], [ 4231532.634531707502902, 782678.996648462372832 ], [ 4231532.634531707502902, 782716.421165811247192 ], [ 4231532.634531707502902, 782753.845683160121553 ], [ 4231532.634531707502902, 782791.270200508995913 ], [ 4231532.634531707502902, 782828.694717857870273 ], [ 4231532.634531707502902, 782866.119235206744634 ], [ 4231532.634531707502902, 782903.543752555618994 ], [ 4231532.634531707502902, 782940.968269904493354 ], [ 4231532.634531707502902, 782978.392787253367715 ], [ 4231532.634531707502902, 783015.817304602242075 ], [ 4231532.634531707502902, 783053.241821951116435 ], [ 4231532.634531707502902, 783090.666339299990796 ], [ 4231532.634531707502902, 783128.090856648865156 ], [ 4231532.634531707502902, 783165.515373997739516 ], [ 4231532.634531707502902, 783202.939891346613877 ], [ 4231532.634531707502902, 783240.364408695488237 ], [ 4231532.634531707502902, 783277.788926044362597 ], [ 4231532.634531707502902, 783315.213443393236957 ], [ 4231532.634531707502902, 783352.637960742111318 ], [ 4231532.634531707502902, 783390.062478090985678 ], [ 4231532.634531707502902, 783427.486995439860038 ], [ 4231559.097661707550287, 783453.950125439907424 ], [ 4231596.522179055958986, 783453.950125439907424 ], [ 4231633.946696404367685, 783453.950125439907424 ], [ 4231671.371213752776384, 783453.950125439907424 ], [ 4231697.83434375282377, 783480.41325543995481 ], [ 4231697.83434375282377, 783517.83777278882917 ], [ 4231697.83434375282377, 783555.26229013770353 ], [ 4231697.83434375282377, 783592.686807486577891 ], [ 4231697.83434375282377, 783630.111324835452251 ], [ 4231697.83434375282377, 783667.535842184326611 ], [ 4231697.83434375282377, 783704.960359533200972 ], [ 4231697.83434375282377, 783742.384876882075332 ], [ 4231697.83434375282377, 783779.809394230949692 ], [ 4231697.83434375282377, 783817.233911579824053 ], [ 4231697.83434375282377, 783854.658428928698413 ], [ 4231697.83434375282377, 783892.082946277572773 ], [ 4231697.83434375282377, 783929.507463626447134 ], [ 4231724.297473752871156, 783955.970593626494519 ], [ 4231761.721991101279855, 783955.970593626494519 ], [ 4231799.146508449688554, 783955.970593626494519 ], [ 4231836.571025798097253, 783955.970593626494519 ], [ 4231836.571025798097253, 783993.39511097536888 ], [ 4231836.571025798097253, 784030.81962832424324 ], [ 4231836.571025798097253, 784068.2441456731176 ], [ 4231836.571025798097253, 784105.668663021991961 ], [ 4231836.571025798097253, 784143.093180370866321 ], [ 4231836.571025798097253, 784180.517697719740681 ], [ 4231836.571025798097253, 784217.942215068615042 ], [ 4231836.571025798097253, 784255.366732417489402 ], [ 4231863.034155798144639, 784281.829862417536788 ], [ 4231900.458673146553338, 784281.829862417536788 ], [ 4231937.883190494962037, 784281.829862417536788 ], [ 4231975.307707843370736, 784281.829862417536788 ], [ 4232012.732225191779435, 784281.829862417536788 ], [ 4232039.19535519182682, 784308.292992417584173 ], [ 4232039.19535519182682, 784345.717509766458534 ], [ 4232039.19535519182682, 784383.142027115332894 ], [ 4232039.19535519182682, 784420.566544464207254 ], [ 4232039.19535519182682, 784457.991061813081615 ], [ 4232039.19535519182682, 784495.415579161955975 ], [ 4232039.19535519182682, 784532.840096510830335 ], [ 4232039.19535519182682, 784570.264613859704696 ], [ 4232039.19535519182682, 784607.689131208579056 ], [ 4232076.619872540235519, 784607.689131208579056 ], [ 4232114.044389888644218, 784607.689131208579056 ], [ 4232151.468907237052917, 784607.689131208579056 ], [ 4232188.893424585461617, 784607.689131208579056 ], [ 4232188.893424585461617, 784645.113648557453416 ], [ 4232188.893424585461617, 784682.538165906327777 ], [ 4232188.893424585461617, 784719.962683255202137 ], [ 4232188.893424585461617, 784757.387200604076497 ], [ 4232215.356554585509002, 784783.850330604123883 ], [ 4232252.781071933917701, 784783.850330604123883 ], [ 4232290.2055892823264, 784783.850330604123883 ], [ 4232327.630106630735099, 784783.850330604123883 ], [ 4232365.054623979143798, 784783.850330604123883 ], [ 4232365.054623979143798, 784821.274847952998243 ], [ 4232365.054623979143798, 784858.699365301872604 ], [ 4232365.054623979143798, 784896.123882650746964 ], [ 4232365.054623979143798, 784933.548399999621324 ], [ 4232365.054623979143798, 784970.972917348495685 ], [ 4232365.054623979143798, 785008.397434697370045 ], [ 4232365.054623979143798, 785045.821952046244405 ], [ 4232365.054623979143798, 785083.246469395118766 ], [ 4232365.054623979143798, 785120.670986743993126 ], [ 4232365.054623979143798, 785158.095504092867486 ], [ 4232365.054623979143798, 785195.520021441741847 ], [ 4232363.582349895499647, 785235.21471644169651 ], [ 4232392.049689690582454, 785274.909411441651173 ], [ 4232429.474207038991153, 785274.909411441651173 ], [ 4232723.677897579036653, 785586.41121884342283 ], [ 4233017.305097265169024, 785940.249014930916019 ], [ 4233054.729614613577724, 785940.249014930916019 ], [ 4233092.154131961986423, 785940.249014930916019 ], [ 4233129.578649310395122, 785940.249014930916019 ], [ 4233167.003166658803821, 785940.249014930916019 ], [ 4233167.003166658803821, 785977.673532279790379 ], [ 4233167.003166658803821, 786015.098049628664739 ], [ 4233167.003166658803821, 786052.5225669775391 ], [ 4233167.003166658803821, 786089.94708432641346 ], [ 4233193.466296658851206, 786116.410214326460846 ], [ 4233230.890814007259905, 786116.410214326460846 ], [ 4233268.315331355668604, 786116.410214326460846 ], [ 4233305.739848704077303, 786116.410214326460846 ], [ 4233343.164366052486002, 786116.410214326460846 ], [ 4233343.164366052486002, 786153.834731675335206 ], [ 4233343.164366052486002, 786191.259249024209566 ], [ 4233343.164366052486002, 786228.683766373083927 ], [ 4233343.164366052486002, 786266.108283721958287 ], [ 4233343.164366052486002, 786303.532801070832647 ], [ 4233343.164366052486002, 786340.957318419707008 ], [ 4233343.164366052486002, 786378.381835768581368 ], [ 4233343.164366052486002, 786415.806353117455728 ], [ 4233343.164366052486002, 786453.230870466330089 ], [ 4233343.164366052486002, 786490.655387815204449 ], [ 4233343.164366052486002, 786528.079905164078809 ], [ 4233343.164366052486002, 786565.50442251295317 ], [ 4233369.627496052533388, 786591.967552513000555 ], [ 4233407.052013400942087, 786591.967552513000555 ], [ 4233444.476530749350786, 786591.967552513000555 ], [ 4233481.901048097759485, 786591.967552513000555 ], [ 4233519.325565446168184, 786591.967552513000555 ], [ 4233519.325565446168184, 786629.392069861874916 ], [ 4233519.325565446168184, 786666.816587210749276 ], [ 4233519.325565446168184, 786704.241104559623636 ], [ 4233519.325565446168184, 786741.665621908497997 ], [ 4233519.325565446168184, 786779.090139257372357 ], [ 4233556.750082794576883, 786779.090139257372357 ], [ 4233594.174600142985582, 786779.090139257372357 ], [ 4233631.599117491394281, 786779.090139257372357 ], [ 4233669.02363483980298, 786779.090139257372357 ], [ 4233669.02363483980298, 786816.514656606246717 ], [ 4233669.02363483980298, 786853.939173955121078 ], [ 4233669.02363483980298, 786891.363691303995438 ], [ 4233669.02363483980298, 786928.788208652869798 ], [ 4233669.02363483980298, 786966.212726001744159 ], [ 4233669.02363483980298, 787003.637243350618519 ], [ 4233669.02363483980298, 787041.061760699492879 ], [ 4233669.02363483980298, 787078.48627804836724 ], [ 4233669.02363483980298, 787115.9107953972416 ], [ 4233669.02363483980298, 787153.33531274611596 ], [ 4233669.02363483980298, 787190.759830094990321 ], [ 4233669.02363483980298, 787228.184347443864681 ], [ 4233669.02363483980298, 787265.608864792739041 ], [ 4233669.02363483980298, 787303.033382141613401 ], [ 4233669.02363483980298, 787340.457899490487762 ], [ 4233669.02363483980298, 787377.882416839362122 ], [ 4233669.02363483980298, 787415.306934188236482 ], [ 4233669.02363483980298, 787452.731451537110843 ], [ 4233669.02363483980298, 787490.155968885985203 ], [ 4233669.02363483980298, 787527.580486234859563 ], [ 4233669.02363483980298, 787565.005003583733924 ], [ 4233695.486764839850366, 787591.468133583781309 ], [ 4233732.911282188259065, 787591.468133583781309 ], [ 4233770.335799536667764, 787591.468133583781309 ], [ 4233807.760316885076463, 787591.468133583781309 ], [ 4233834.223446885123849, 787617.931263583828695 ], [ 4233834.223446885123849, 787655.355780932703055 ], [ 4233834.223446885123849, 787692.780298281577416 ], [ 4233834.223446885123849, 787730.204815630451776 ], [ 4233834.223446885123849, 787767.629332979326136 ], [ 4233834.223446885123849, 787805.053850328200497 ], [ 4233834.223446885123849, 787842.478367677074857 ], [ 4233834.223446885123849, 787879.902885025949217 ], [ 4233834.223446885123849, 787917.327402374823578 ], [ 4233834.223446885123849, 787954.751919723697938 ], [ 4233834.223446885123849, 787992.176437072572298 ], [ 4233834.223446885123849, 788029.600954421446659 ], [ 4233834.223446885123849, 788067.025471770321019 ], [ 4233834.223446885123849, 788104.449989119195379 ], [ 4233834.223446885123849, 788141.87450646806974 ], [ 4233834.223446885123849, 788179.2990238169441 ], [ 4233834.223446885123849, 788216.72354116581846 ], [ 4233860.686576885171235, 788243.186671165865846 ], [ 4233898.111094233579934, 788243.186671165865846 ], [ 4233935.535611581988633, 788243.186671165865846 ], [ 4233972.960128930397332, 788243.186671165865846 ], [ 4234010.384646278806031, 788243.186671165865846 ], [ 4234047.80916362721473, 788243.186671165865846 ], [ 4234085.233680975623429, 788243.186671165865846 ], [ 4234122.658198324032128, 788243.186671165865846 ], [ 4234160.082715672440827, 788243.186671165865846 ], [ 4234197.507233020849526, 788243.186671165865846 ], [ 4234234.931750369258225, 788243.186671165865846 ], [ 4234272.356267717666924, 788243.186671165865846 ], [ 4234309.780785066075623, 788243.186671165865846 ], [ 4234347.205302414484322, 788243.186671165865846 ], [ 4234384.629819762893021, 788243.186671165865846 ], [ 4234422.05433711130172, 788243.186671165865846 ], [ 4234459.478854459710419, 788243.186671165865846 ], [ 4234496.903371808119118, 788243.186671165865846 ], [ 4234534.327889156527817, 788243.186671165865846 ], [ 4234571.752406504936516, 788243.186671165865846 ], [ 4234609.176923853345215, 788243.186671165865846 ], [ 4234646.601441201753914, 788243.186671165865846 ], [ 4234684.025958550162613, 788243.186671165865846 ], [ 4234721.450475898571312, 788243.186671165865846 ], [ 4234758.874993246980011, 788243.186671165865846 ], [ 4234796.29951059538871, 788243.186671165865846 ], [ 4234822.762640595436096, 788269.649801165913232 ], [ 4234822.762640595436096, 788307.074318514787592 ], [ 4234822.762640595436096, 788344.498835863661952 ], [ 4234822.762640595436096, 788381.923353212536313 ], [ 4234849.225770595483482, 788408.386483212583698 ], [ 4234886.650287943892181, 788408.386483212583698 ], [ 4234924.07480529230088, 788408.386483212583698 ], [ 4234961.499322640709579, 788408.386483212583698 ], [ 4234998.923839989118278, 788408.386483212583698 ], [ 4235036.348357337526977, 788408.386483212583698 ], [ 4235073.772874685935676, 788408.386483212583698 ], [ 4235111.197392034344375, 788408.386483212583698 ], [ 4235148.621909382753074, 788408.386483212583698 ], [ 4235186.046426731161773, 788408.386483212583698 ], [ 4235223.470944079570472, 788408.386483212583698 ], [ 4235260.895461427979171, 788408.386483212583698 ], [ 4235298.31997877638787, 788408.386483212583698 ], [ 4235324.783108776435256, 788434.849613212631084 ], [ 4235324.783108776435256, 788472.274130561505444 ], [ 4235324.783108776435256, 788509.698647910379805 ], [ 4235324.783108776435256, 788547.123165259254165 ], [ 4235351.246238776482642, 788573.586295259301551 ], [ 4235388.670756124891341, 788573.586295259301551 ], [ 4235426.09527347330004, 788573.586295259301551 ], [ 4235463.519790821708739, 788573.586295259301551 ], [ 4235500.944308170117438, 788573.586295259301551 ], [ 4235538.368825518526137, 788573.586295259301551 ], [ 4235575.793342866934836, 788573.586295259301551 ], [ 4235613.217860215343535, 788573.586295259301551 ], [ 4235650.642377563752234, 788573.586295259301551 ], [ 4235688.066894912160933, 788573.586295259301551 ], [ 4235725.491412260569632, 788573.586295259301551 ], [ 4235762.915929608978331, 788573.586295259301551 ], [ 4235800.34044695738703, 788573.586295259301551 ], [ 4235837.764964305795729, 788573.586295259301551 ], [ 4235875.189481654204428, 788573.586295259301551 ], [ 4235912.613999002613127, 788573.586295259301551 ], [ 4235950.038516351021826, 788573.586295259301551 ], [ 4235987.463033699430525, 788573.586295259301551 ], [ 4236024.887551047839224, 788573.586295259301551 ], [ 4236062.312068396247923, 788573.586295259301551 ], [ 4236099.736585744656622, 788573.586295259301551 ], [ 4236137.161103093065321, 788573.586295259301551 ], [ 4236137.161103093065321, 788611.010812608175911 ], [ 4236137.161103093065321, 788648.435329957050271 ], [ 4236137.161103093065321, 788685.859847305924632 ], [ 4236137.161103093065321, 788723.284364654798992 ], [ 4236163.624233093112707, 788749.747494654846378 ], [ 4236201.048750441521406, 788749.747494654846378 ], [ 4236238.473267789930105, 788749.747494654846378 ], [ 4236275.897785138338804, 788749.747494654846378 ], [ 4236313.322302486747503, 788749.747494654846378 ], [ 4236350.746819835156202, 788749.747494654846378 ], [ 4236388.171337183564901, 788749.747494654846378 ], [ 4236425.5958545319736, 788749.747494654846378 ], [ 4236463.020371880382299, 788749.747494654846378 ], [ 4236500.444889228790998, 788749.747494654846378 ], [ 4236537.869406577199697, 788749.747494654846378 ], [ 4236575.293923925608397, 788749.747494654846378 ], [ 4236612.718441274017096, 788749.747494654846378 ], [ 4236650.142958622425795, 788749.747494654846378 ], [ 4236687.567475970834494, 788749.747494654846378 ], [ 4236724.991993319243193, 788749.747494654846378 ], [ 4236762.416510667651892, 788749.747494654846378 ], [ 4236799.841028016060591, 788749.747494654846378 ], [ 4236837.26554536446929, 788749.747494654846378 ], [ 4236874.690062712877989, 788749.747494654846378 ], [ 4236912.114580061286688, 788749.747494654846378 ], [ 4236949.539097409695387, 788749.747494654846378 ], [ 4236986.963614758104086, 788749.747494654846378 ], [ 4237024.388132106512785, 788749.747494654846378 ], [ 4237061.812649454921484, 788749.747494654846378 ], [ 4237099.237166803330183, 788749.747494654846378 ], [ 4237136.661684151738882, 788749.747494654846378 ], [ 4237174.086201500147581, 788749.747494654846378 ], [ 4237211.51071884855628, 788749.747494654846378 ], [ 4237248.935236196964979, 788749.747494654846378 ], [ 4237286.359753545373678, 788749.747494654846378 ], [ 4237312.822883545421064, 788776.210624654893763 ], [ 4237312.822883545421064, 788813.635142003768124 ], [ 4237312.822883545421064, 788851.059659352642484 ], [ 4237312.822883545421064, 788888.484176701516844 ], [ 4237312.822883545421064, 788925.908694050391205 ], [ 4237350.247400893829763, 788925.908694050391205 ], [ 4237387.671918242238462, 788925.908694050391205 ], [ 4237425.096435590647161, 788925.908694050391205 ], [ 4237462.52095293905586, 788925.908694050391205 ], [ 4237499.945470287464559, 788925.908694050391205 ], [ 4237537.369987635873258, 788925.908694050391205 ], [ 4237574.794504984281957, 788925.908694050391205 ], [ 4237612.219022332690656, 788925.908694050391205 ], [ 4237649.643539681099355, 788925.908694050391205 ], [ 4237687.068057029508054, 788925.908694050391205 ], [ 4237724.492574377916753, 788925.908694050391205 ], [ 4237761.917091726325452, 788925.908694050391205 ], [ 4237799.341609074734151, 788925.908694050391205 ], [ 4237836.76612642314285, 788925.908694050391205 ], [ 4237874.190643771551549, 788925.908694050391205 ], [ 4237911.615161119960248, 788925.908694050391205 ], [ 4237949.039678468368948, 788925.908694050391205 ], [ 4237949.039678468368948, 788963.333211399265565 ], [ 4237949.039678468368948, 789000.757728748139925 ], [ 4237949.039678468368948, 789038.182246097014286 ], [ 4237949.039678468368948, 789075.606763445888646 ], [ 4237986.464195816777647, 789075.606763445888646 ], [ 4238023.888713165186346, 789075.606763445888646 ], [ 4238061.313230513595045, 789075.606763445888646 ], [ 4238098.737747862003744, 789075.606763445888646 ], [ 4238136.162265210412443, 789075.606763445888646 ], [ 4238173.586782558821142, 789075.606763445888646 ], [ 4238211.011299907229841, 789075.606763445888646 ], [ 4238248.43581725563854, 789075.606763445888646 ], [ 4238285.860334604047239, 789075.606763445888646 ], [ 4238285.860334604047239, 789113.031280794763006 ], [ 4238285.860334604047239, 789150.455798143637367 ], [ 4238285.860334604047239, 789187.880315492511727 ], [ 4238285.860334604047239, 789225.304832841386087 ], [ 4238312.323464604094625, 789251.767962841433473 ], [ 4238349.747981952503324, 789251.767962841433473 ], [ 4238387.172499300912023, 789251.767962841433473 ], [ 4238424.597016649320722, 789251.767962841433473 ], [ 4238462.021533997729421, 789251.767962841433473 ], [ 4238499.44605134613812, 789251.767962841433473 ], [ 4238536.870568694546819, 789251.767962841433473 ], [ 4238574.295086042955518, 789251.767962841433473 ], [ 4238611.719603391364217, 789251.767962841433473 ], [ 4238649.144120739772916, 789251.767962841433473 ], [ 4238686.568638088181615, 789251.767962841433473 ], [ 4238723.993155436590314, 789251.767962841433473 ], [ 4238761.417672784999013, 789251.767962841433473 ], [ 4238761.417672784999013, 789289.192480190307833 ], [ 4238761.417672784999013, 789326.616997539182194 ], [ 4238761.417672784999013, 789364.041514888056554 ], [ 4238761.417672784999013, 789401.466032236930914 ], [ 4238798.842190133407712, 789401.466032236930914 ], [ 4238836.266707481816411, 789401.466032236930914 ], [ 4238873.69122483022511, 789401.466032236930914 ], [ 4238911.115742178633809, 789401.466032236930914 ], [ 4238948.540259527042508, 789401.466032236930914 ], [ 4238985.964776875451207, 789401.466032236930914 ], [ 4239023.389294223859906, 789401.466032236930914 ], [ 4239060.813811572268605, 789401.466032236930914 ], [ 4239098.238328920677304, 789401.466032236930914 ], [ 4239135.662846269086003, 789401.466032236930914 ], [ 4239173.087363617494702, 789401.466032236930914 ], [ 4239210.511880965903401, 789401.466032236930914 ], [ 4239247.9363983143121, 789401.466032236930914 ], [ 4239247.9363983143121, 789438.890549585805275 ], [ 4239247.9363983143121, 789476.315066934679635 ], [ 4239247.9363983143121, 789513.739584283553995 ], [ 4239247.9363983143121, 789551.164101632428356 ], [ 4239274.399528314359486, 789577.627231632475741 ], [ 4239311.824045662768185, 789577.627231632475741 ], [ 4239349.248563011176884, 789577.627231632475741 ], [ 4239386.673080359585583, 789577.627231632475741 ], [ 4239424.097597707994282, 789577.627231632475741 ], [ 4239461.522115056402981, 789577.627231632475741 ], [ 4239498.94663240481168, 789577.627231632475741 ], [ 4239536.371149753220379, 789577.627231632475741 ], [ 4239573.795667101629078, 789577.627231632475741 ], [ 4239611.220184450037777, 789577.627231632475741 ], [ 4239648.644701798446476, 789577.627231632475741 ], [ 4239686.069219146855175, 789577.627231632475741 ], [ 4239723.493736495263875, 789577.627231632475741 ], [ 4239760.918253843672574, 789577.627231632475741 ], [ 4239798.342771192081273, 789577.627231632475741 ], [ 4239835.767288540489972, 789577.627231632475741 ], [ 4239873.191805888898671, 789577.627231632475741 ], [ 4239910.61632323730737, 789577.627231632475741 ], [ 4239948.040840585716069, 789577.627231632475741 ], [ 4239985.465357934124768, 789577.627231632475741 ], [ 4240022.889875282533467, 789577.627231632475741 ], [ 4240060.314392630942166, 789577.627231632475741 ], [ 4240097.738909979350865, 789577.627231632475741 ], [ 4240135.163427327759564, 789577.627231632475741 ], [ 4240172.587944676168263, 789577.627231632475741 ], [ 4240210.012462024576962, 789577.627231632475741 ], [ 4240247.436979372985661, 789577.627231632475741 ], [ 4240273.900109373033047, 789551.164101632428356 ], [ 4240273.900109373033047, 789513.739584283553995 ], [ 4240273.900109373033047, 789476.315066934679635 ], [ 4240273.900109373033047, 789438.890549585805275 ], [ 4240273.900109373033047, 789401.466032236930914 ], [ 4240311.324626721441746, 789401.466032236930914 ], [ 4240348.749144069850445, 789401.466032236930914 ], [ 4240386.173661418259144, 789401.466032236930914 ], [ 4240423.598178766667843, 789401.466032236930914 ], [ 4240424.643148438073695, 789418.069449815782718 ], [ 4240462.067665786482394, 789418.069449815782718 ], [ 4240499.492183134891093, 789418.069449815782718 ], [ 4240536.916700483299792, 789418.069449815782718 ], [ 4240574.341217831708491, 789418.069449815782718 ], [ 4240600.804347831755877, 789391.606319815735333 ], [ 4240600.804347831755877, 789354.181802466860972 ], [ 4240600.804347831755877, 789316.757285117986612 ], [ 4240600.804347831755877, 789279.332767769112252 ], [ 4240600.804347831755877, 789241.908250420237891 ], [ 4240600.804347831755877, 789204.483733071363531 ], [ 4240600.804347831755877, 789167.059215722489171 ], [ 4240600.804347831755877, 789129.63469837361481 ], [ 4240600.804347831755877, 789092.21018102474045 ], [ 4240600.804347831755877, 789054.78566367586609 ], [ 4240600.804347831755877, 789017.361146326991729 ], [ 4240600.804347831755877, 788979.936628978117369 ], [ 4240600.804347831755877, 788942.512111629243009 ], [ 4240600.804347831755877, 788905.087594280368648 ], [ 4240600.804347831755877, 788867.663076931494288 ], [ 4240600.804347831755877, 788830.238559582619928 ], [ 4240600.804347831755877, 788792.814042233745568 ], [ 4240600.804347831755877, 788755.389524884871207 ], [ 4240600.804347831755877, 788717.965007535996847 ], [ 4240600.804347831755877, 788680.540490187122487 ], [ 4240600.804347831755877, 788643.115972838248126 ], [ 4240600.804347831755877, 788605.691455489373766 ], [ 4240600.804347831755877, 788568.266938140499406 ], [ 4240600.804347831755877, 788530.842420791625045 ], [ 4240600.804347831755877, 788493.417903442750685 ], [ 4240600.804347831755877, 788455.993386093876325 ], [ 4240600.804347831755877, 788418.568868745001964 ], [ 4240600.804347831755877, 788381.144351396127604 ], [ 4240600.804347831755877, 788343.719834047253244 ], [ 4240600.804347831755877, 788306.295316698378883 ], [ 4240600.804347831755877, 788268.870799349504523 ], [ 4240600.804347831755877, 788231.446282000630163 ], [ 4240600.804347831755877, 788194.021764651755802 ], [ 4240600.804347831755877, 788156.597247302881442 ], [ 4240600.804347831755877, 788119.172729954007082 ], [ 4240600.804347831755877, 788081.748212605132721 ], [ 4240600.804347831755877, 788044.323695256258361 ], [ 4240600.804347831755877, 788006.899177907384001 ], [ 4240600.804347831755877, 787969.47466055850964 ], [ 4240600.804347831755877, 787932.05014320963528 ], [ 4240600.804347831755877, 787894.62562586076092 ], [ 4240600.804347831755877, 787857.201108511886559 ], [ 4240600.804347831755877, 787819.776591163012199 ], [ 4240600.804347831755877, 787782.352073814137839 ], [ 4240600.804347831755877, 787744.927556465263478 ], [ 4240600.804347831755877, 787707.503039116389118 ], [ 4240600.804347831755877, 787670.078521767514758 ], [ 4240600.804347831755877, 787632.654004418640397 ], [ 4240600.804347831755877, 787595.229487069766037 ], [ 4240600.804347831755877, 787557.804969720891677 ], [ 4240600.804347831755877, 787520.380452372017317 ], [ 4240600.804347831755877, 787482.955935023142956 ], [ 4240600.804347831755877, 787445.531417674268596 ], [ 4240600.804347831755877, 787408.106900325394236 ], [ 4240600.804347831755877, 787370.682382976519875 ], [ 4240600.804347831755877, 787333.257865627645515 ], [ 4240600.804347831755877, 787295.833348278771155 ], [ 4240600.804347831755877, 787258.408830929896794 ], [ 4240600.804347831755877, 787220.984313581022434 ], [ 4240600.804347831755877, 787183.559796232148074 ], [ 4240600.804347831755877, 787146.135278883273713 ], [ 4240600.804347831755877, 787108.710761534399353 ], [ 4240600.804347831755877, 787071.286244185524993 ], [ 4240600.804347831755877, 787033.861726836650632 ], [ 4240600.804347831755877, 786996.437209487776272 ], [ 4240600.804347831755877, 786959.012692138901912 ], [ 4240600.804347831755877, 786921.588174790027551 ], [ 4240600.804347831755877, 786884.163657441153191 ], [ 4240600.804347831755877, 786846.739140092278831 ], [ 4240600.804347831755877, 786809.31462274340447 ], [ 4240600.804347831755877, 786771.89010539453011 ], [ 4240600.804347831755877, 786734.46558804565575 ], [ 4240600.804347831755877, 786697.041070696781389 ], [ 4240600.804347831755877, 786659.616553347907029 ], [ 4240600.804347831755877, 786622.192035999032669 ], [ 4240600.804347831755877, 786584.767518650158308 ], [ 4240600.804347831755877, 786547.343001301283948 ], [ 4240600.804347831755877, 786509.918483952409588 ], [ 4240600.804347831755877, 786472.493966603535227 ], [ 4240600.804347831755877, 786435.069449254660867 ], [ 4240638.228865180164576, 786435.069449254660867 ], [ 4240675.653382528573275, 786435.069449254660867 ], [ 4240713.077899876981974, 786435.069449254660867 ], [ 4240750.502417225390673, 786435.069449254660867 ], [ 4240776.965547225438058, 786408.606319254613481 ], [ 4240776.965547225438058, 786371.181801905739121 ], [ 4240776.965547225438058, 786333.757284556864761 ], [ 4240776.965547225438058, 786296.3327672079904 ], [ 4240776.965547225438058, 786258.90824985911604 ], [ 4240776.965547225438058, 786221.48373251024168 ], [ 4240776.965547225438058, 786184.05921516136732 ], [ 4240776.965547225438058, 786146.634697812492959 ], [ 4240776.965547225438058, 786109.210180463618599 ], [ 4240814.390064573846757, 786109.210180463618599 ], [ 4240851.814581922255456, 786109.210180463618599 ], [ 4240889.239099270664155, 786109.210180463618599 ], [ 4240915.702229270711541, 786082.747050463571213 ], [ 4240915.702229270711541, 786045.322533114696853 ], [ 4240915.702229270711541, 786007.898015765822493 ], [ 4240915.702229270711541, 785970.473498416948132 ], [ 4240915.702229270711541, 785933.048981068073772 ], [ 4240953.12674661912024, 785933.048981068073772 ], [ 4240990.551263967528939, 785933.048981068073772 ], [ 4241027.975781315937638, 785933.048981068073772 ], [ 4241065.400298664346337, 785933.048981068073772 ], [ 4241091.863428664393723, 785906.585851068026386 ], [ 4241091.863428664393723, 785869.161333719152026 ], [ 4241091.863428664393723, 785831.736816370277666 ], [ 4241091.863428664393723, 785794.312299021403305 ], [ 4241091.863428664393723, 785756.887781672528945 ], [ 4241091.863428664393723, 785719.463264323654585 ], [ 4241091.863428664393723, 785682.038746974780224 ], [ 4241091.863428664393723, 785644.614229625905864 ], [ 4241091.863428664393723, 785607.189712277031504 ], [ 4241129.287946012802422, 785607.189712277031504 ], [ 4241166.712463361211121, 785607.189712277031504 ], [ 4241204.13698070961982, 785607.189712277031504 ], [ 4241241.561498058028519, 785607.189712277031504 ], [ 4241278.986015406437218, 785607.189712277031504 ], [ 4241278.986015406437218, 785569.765194928157143 ], [ 4241278.986015406437218, 785532.340677579282783 ], [ 4241278.986015406437218, 785494.916160230408423 ], [ 4241278.986015406437218, 785457.491642881534062 ], [ 4241278.986015406437218, 785420.067125532659702 ], [ 4241278.986015406437218, 785382.642608183785342 ], [ 4241278.986015406437218, 785345.218090834910981 ], [ 4241278.986015406437218, 785307.793573486036621 ], [ 4241278.986015406437218, 785270.369056137162261 ], [ 4241316.410532754845917, 785270.369056137162261 ], [ 4241353.835050103254616, 785270.369056137162261 ], [ 4241391.259567451663315, 785270.369056137162261 ], [ 4241428.684084800072014, 785270.369056137162261 ], [ 4241466.108602148480713, 785270.369056137162261 ], [ 4241503.533119496889412, 785270.369056137162261 ], [ 4241540.957636845298111, 785270.369056137162261 ], [ 4241578.38215419370681, 785270.369056137162261 ], [ 4242017.93249243684113, 784919.864687325083651 ], [ 4242744.104397173039615, 784411.544354009907693 ], [ 4243527.116734872572124, 783951.430238321772777 ], [ 4243564.541252220980823, 783951.430238321772777 ], [ 4244424.673662419430912, 783363.782034319359809 ], [ 4245044.139526763930917, 782621.530033157556318 ], [ 4245044.139526763930917, 782584.105515808681957 ], [ 4245044.139526763930917, 782546.680998459807597 ], [ 4245044.139526763930917, 782509.256481110933237 ], [ 4245044.139526763930917, 782471.831963762058876 ], [ 4245081.564044112339616, 782471.831963762058876 ], [ 4245118.988561460748315, 782471.831963762058876 ], [ 4245156.413078809157014, 782471.831963762058876 ], [ 4245193.837596157565713, 782471.831963762058876 ], [ 4245220.300726157613099, 782445.368833762011491 ], [ 4245220.300726157613099, 782407.94431641313713 ], [ 4245220.300726157613099, 782370.51979906426277 ], [ 4245220.300726157613099, 782333.09528171538841 ], [ 4245220.300726157613099, 782295.670764366514049 ], [ 4245220.300726157613099, 782258.246247017639689 ], [ 4245220.300726157613099, 782220.821729668765329 ], [ 4245220.300726157613099, 782183.397212319890969 ], [ 4245220.300726157613099, 782145.972694971016608 ], [ 4245257.725243506021798, 782145.972694971016608 ], [ 4245295.149760854430497, 782145.972694971016608 ], [ 4245332.574278202839196, 782145.972694971016608 ], [ 4245359.037408202886581, 782119.509564970969222 ], [ 4245359.037408202886581, 782082.085047622094862 ], [ 4245359.037408202886581, 782044.660530273220502 ], [ 4245359.037408202886581, 782007.236012924346142 ], [ 4245385.500538202933967, 781980.772882924298756 ], [ 4245422.925055551342666, 781980.772882924298756 ], [ 4245460.349572899751365, 781980.772882924298756 ], [ 4245497.774090248160064, 781980.772882924298756 ], [ 4245524.23722024820745, 781954.30975292425137 ], [ 4245524.23722024820745, 781916.88523557537701 ], [ 4245524.23722024820745, 781879.460718226502649 ], [ 4245524.23722024820745, 781842.036200877628289 ], [ 4245524.23722024820745, 781804.611683528753929 ], [ 4245524.23722024820745, 781767.187166179879569 ], [ 4245524.23722024820745, 781729.762648831005208 ], [ 4245524.23722024820745, 781692.338131482130848 ], [ 4245524.23722024820745, 781654.913614133256488 ], [ 4245524.23722024820745, 781617.489096784382127 ], [ 4245524.23722024820745, 781580.064579435507767 ], [ 4245524.23722024820745, 781542.640062086633407 ], [ 4245524.23722024820745, 781505.215544737759046 ], [ 4245524.23722024820745, 781467.791027388884686 ], [ 4245524.23722024820745, 781430.366510040010326 ], [ 4245524.23722024820745, 781392.941992691135965 ], [ 4245524.23722024820745, 781355.517475342261605 ], [ 4245524.23722024820745, 781318.092957993387245 ], [ 4245524.23722024820745, 781280.668440644512884 ], [ 4245524.23722024820745, 781243.243923295638524 ], [ 4245524.23722024820745, 781205.819405946764164 ], [ 4245524.23722024820745, 781168.394888597889803 ], [ 4245524.23722024820745, 781130.970371249015443 ], [ 4245524.23722024820745, 781093.545853900141083 ], [ 4245524.23722024820745, 781056.121336551266722 ], [ 4245524.23722024820745, 781018.696819202392362 ], [ 4245550.700350248254836, 780992.233689202344976 ], [ 4245588.124867596663535, 780992.233689202344976 ], [ 4245625.549384945072234, 780992.233689202344976 ], [ 4245662.973902293480933, 780992.233689202344976 ], [ 4245700.398419641889632, 780992.233689202344976 ], [ 4245737.822936990298331, 780992.233689202344976 ], [ 4245775.24745433870703, 780992.233689202344976 ], [ 4245812.671971687115729, 780992.233689202344976 ], [ 4245850.096489035524428, 780992.233689202344976 ], [ 4245887.521006383933127, 780992.233689202344976 ], [ 4245924.945523732341826, 780992.233689202344976 ], [ 4245962.370041080750525, 780992.233689202344976 ], [ 4245999.794558429159224, 780992.233689202344976 ], [ 4246026.25768842920661, 780965.770559202297591 ], [ 4246026.25768842920661, 780928.34604185342323 ], [ 4246026.25768842920661, 780890.92152450454887 ], [ 4246026.25768842920661, 780853.49700715567451 ], [ 4246026.25768842920661, 780816.072489806800149 ], [ 4246026.25768842920661, 780778.647972457925789 ], [ 4246026.25768842920661, 780741.223455109051429 ], [ 4246026.25768842920661, 780703.798937760177068 ], [ 4246026.25768842920661, 780666.374420411302708 ], [ 4246026.25768842920661, 780628.949903062428348 ], [ 4246026.25768842920661, 780591.525385713553987 ], [ 4246026.25768842920661, 780554.100868364679627 ], [ 4246026.25768842920661, 780516.676351015805267 ], [ 4246026.25768842920661, 780479.251833666930906 ], [ 4246026.25768842920661, 780441.827316318056546 ], [ 4246026.25768842920661, 780404.402798969182186 ], [ 4246026.25768842920661, 780366.978281620307826 ], [ 4246026.25768842920661, 780329.553764271433465 ], [ 4246063.682205777615309, 780329.553764271433465 ], [ 4246101.106723126024008, 780329.553764271433465 ], [ 4246138.531240474432707, 780329.553764271433465 ], [ 4246175.955757822841406, 780329.553764271433465 ], [ 4246202.418887822888792, 780303.090634271386079 ], [ 4246202.418887822888792, 780265.666116922511719 ], [ 4246202.418887822888792, 780228.241599573637359 ], [ 4246202.418887822888792, 780190.817082224762999 ], [ 4246202.418887822888792, 780153.392564875888638 ], [ 4246239.843405171297491, 780153.392564875888638 ], [ 4246277.26792251970619, 780153.392564875888638 ], [ 4246314.692439868114889, 780153.392564875888638 ], [ 4246341.155569868162274, 780126.929434875841253 ], [ 4246341.155569868162274, 780089.504917526966892 ], [ 4246341.155569868162274, 780052.080400178092532 ], [ 4246341.155569868162274, 780014.655882829218172 ], [ 4246341.155569868162274, 779977.231365480343811 ], [ 4246341.155569868162274, 779939.806848131469451 ], [ 4246341.155569868162274, 779902.382330782595091 ], [ 4246341.155569868162274, 779864.95781343372073 ], [ 4246341.155569868162274, 779827.53329608484637 ], [ 4246341.155569868162274, 779790.10877873597201 ], [ 4246341.155569868162274, 779752.684261387097649 ], [ 4246341.155569868162274, 779715.259744038223289 ], [ 4246341.155569868162274, 779677.835226689348929 ], [ 4246367.61869986820966, 779651.372096689301543 ], [ 4246405.043217216618359, 779651.372096689301543 ], [ 4246442.467734565027058, 779651.372096689301543 ], [ 4246479.892251913435757, 779651.372096689301543 ], [ 4246506.355381913483143, 779624.908966689254157 ], [ 4246506.355381913483143, 779587.484449340379797 ], [ 4246506.355381913483143, 779550.059931991505437 ], [ 4246506.355381913483143, 779512.635414642631076 ], [ 4246506.355381913483143, 779475.210897293756716 ], [ 4246506.355381913483143, 779437.786379944882356 ], [ 4246506.355381913483143, 779400.361862596007995 ], [ 4246506.355381913483143, 779362.937345247133635 ], [ 4246506.355381913483143, 779325.512827898259275 ], [ 4246543.779899261891842, 779325.512827898259275 ], [ 4246581.204416610300541, 779325.512827898259275 ], [ 4246618.62893395870924, 779325.512827898259275 ], [ 4246656.053451307117939, 779325.512827898259275 ], [ 4246682.516581307165325, 779299.049697898211889 ], [ 4246682.516581307165325, 779261.625180549337529 ], [ 4246682.516581307165325, 779224.200663200463168 ], [ 4246682.516581307165325, 779186.776145851588808 ], [ 4246682.516581307165325, 779149.351628502714448 ], [ 4246682.516581307165325, 779111.927111153840087 ], [ 4246682.516581307165325, 779074.502593804965727 ], [ 4246682.516581307165325, 779037.078076456091367 ], [ 4246682.516581307165325, 778999.653559107217006 ], [ 4246682.516581307165325, 778962.229041758342646 ], [ 4246682.516581307165325, 778924.804524409468286 ], [ 4246682.516581307165325, 778887.380007060593925 ], [ 4246682.516581307165325, 778849.955489711719565 ], [ 4246708.97971130721271, 778823.492359711672179 ], [ 4246746.404228655621409, 778823.492359711672179 ], [ 4246783.828746004030108, 778823.492359711672179 ], [ 4246821.253263352438807, 778823.492359711672179 ], [ 4246821.253263352438807, 778860.91687706054654 ], [ 4246821.253263352438807, 778898.3413944094209 ], [ 4246821.253263352438807, 778935.76591175829526 ], [ 4246821.253263352438807, 778973.190429107169621 ], [ 4246847.716393352486193, 778999.653559107217006 ], [ 4246885.140910700894892, 778999.653559107217006 ], [ 4246922.565428049303591, 778999.653559107217006 ], [ 4246959.98994539771229, 778999.653559107217006 ], [ 4246997.414462746120989, 778999.653559107217006 ], [ 4247023.877592746168375, 778973.190429107169621 ], [ 4247023.877592746168375, 778935.76591175829526 ], [ 4247023.877592746168375, 778898.3413944094209 ], [ 4247023.877592746168375, 778860.91687706054654 ], [ 4247023.877592746168375, 778823.492359711672179 ], [ 4247023.877592746168375, 778786.067842362797819 ], [ 4247023.877592746168375, 778748.643325013923459 ], [ 4247023.877592746168375, 778711.218807665049098 ], [ 4247023.877592746168375, 778673.794290316174738 ], [ 4247061.302110094577074, 778673.794290316174738 ], [ 4247098.726627442985773, 778673.794290316174738 ], [ 4247136.151144791394472, 778673.794290316174738 ], [ 4247173.575662139803171, 778673.794290316174738 ], [ 4247211.00017948821187, 778673.794290316174738 ], [ 4247248.424696836620569, 778673.794290316174738 ], [ 4247285.849214185029268, 778673.794290316174738 ], [ 4247323.273731533437967, 778673.794290316174738 ], [ 4247349.736861533485353, 778647.331160316127352 ], [ 4247349.736861533485353, 778609.906642967252992 ], [ 4247349.736861533485353, 778572.482125618378632 ], [ 4247349.736861533485353, 778535.057608269504271 ], [ 4247376.199991533532739, 778508.594478269456886 ], [ 4247413.624508881941438, 778508.594478269456886 ], [ 4247451.049026230350137, 778508.594478269456886 ], [ 4247488.473543578758836, 778508.594478269456886 ], [ 4247525.898060927167535, 778508.594478269456886 ], [ 4247563.322578275576234, 778508.594478269456886 ], [ 4247600.747095623984933, 778508.594478269456886 ], [ 4247638.171612972393632, 778508.594478269456886 ], [ 4247664.634742972441018, 778482.1313482694095 ], [ 4247664.634742972441018, 778444.70683092053514 ], [ 4247664.634742972441018, 778407.282313571660779 ], [ 4247664.634742972441018, 778369.857796222786419 ], [ 4247664.634742972441018, 778332.433278873912059 ], [ 4247702.059260320849717, 778332.433278873912059 ], [ 4247739.483777669258416, 778332.433278873912059 ], [ 4247776.908295017667115, 778332.433278873912059 ], [ 4247814.332812366075814, 778332.433278873912059 ], [ 4247851.757329714484513, 778332.433278873912059 ], [ 4247889.181847062893212, 778332.433278873912059 ], [ 4247926.606364411301911, 778332.433278873912059 ], [ 4247964.03088175971061, 778332.433278873912059 ], [ 4247990.494011759757996, 778305.970148873864673 ], [ 4247990.494011759757996, 778268.545631524990313 ], [ 4247990.494011759757996, 778231.121114176115952 ], [ 4247990.494011759757996, 778193.696596827241592 ], [ 4247990.494011759757996, 778156.272079478367232 ], [ 4247990.494011759757996, 778118.847562129492871 ], [ 4247990.494011759757996, 778081.423044780618511 ], [ 4247990.494011759757996, 778043.998527431744151 ], [ 4247990.494011759757996, 778006.57401008286979 ], [ 4247990.494011759757996, 777969.14949273399543 ], [ 4247990.494011759757996, 777931.72497538512107 ], [ 4247990.494011759757996, 777894.30045803624671 ], [ 4247990.494011759757996, 777856.875940687372349 ], [ 4247990.494011759757996, 777819.451423338497989 ], [ 4247990.494011759757996, 777782.026905989623629 ], [ 4247990.494011759757996, 777744.602388640749268 ], [ 4247990.494011759757996, 777707.177871291874908 ], [ 4247990.494011759757996, 777669.753353943000548 ], [ 4247990.494011759757996, 777632.328836594126187 ], [ 4247990.494011759757996, 777594.904319245251827 ], [ 4247990.494011759757996, 777557.479801896377467 ], [ 4247990.494011759757996, 777520.055284547503106 ], [ 4247990.494011759757996, 777482.630767198628746 ], [ 4247990.494011759757996, 777445.206249849754386 ], [ 4247990.494011759757996, 777407.781732500880025 ], [ 4247990.494011759757996, 777370.357215152005665 ], [ 4247990.494011759757996, 777332.932697803131305 ], [ 4247990.494011759757996, 777295.508180454256944 ], [ 4247990.494011759757996, 777258.083663105382584 ], [ 4247990.494011759757996, 777220.659145756508224 ], [ 4247990.494011759757996, 777183.234628407633863 ], [ 4247990.494011759757996, 777145.810111058759503 ], [ 4247990.494011759757996, 777108.385593709885143 ], [ 4247990.494011759757996, 777070.961076361010782 ], [ 4247990.494011759757996, 777033.536559012136422 ], [ 4247990.494011759757996, 776996.112041663262062 ], [ 4247990.494011759757996, 776958.687524314387701 ], [ 4247990.494011759757996, 776921.263006965513341 ], [ 4247990.494011759757996, 776883.838489616638981 ], [ 4247990.494011759757996, 776846.41397226776462 ], [ 4247990.494011759757996, 776808.98945491889026 ], [ 4247990.494011759757996, 776771.5649375700159 ], [ 4247990.494011759757996, 776734.14042022114154 ], [ 4247990.494011759757996, 776696.715902872267179 ], [ 4247990.494011759757996, 776659.291385523392819 ], [ 4247990.494011759757996, 776621.866868174518459 ], [ 4247990.494011759757996, 776584.442350825644098 ], [ 4247990.494011759757996, 776547.017833476769738 ], [ 4247990.494011759757996, 776509.593316127895378 ], [ 4247990.494011759757996, 776472.168798779021017 ], [ 4247990.494011759757996, 776434.744281430146657 ], [ 4247990.494011759757996, 776397.319764081272297 ], [ 4247990.494011759757996, 776359.895246732397936 ], [ 4248027.918529108166695, 776359.895246732397936 ], [ 4248065.343046456575394, 776359.895246732397936 ], [ 4248102.767563804984093, 776359.895246732397936 ], [ 4248140.192081153392792, 776359.895246732397936 ], [ 4248166.655211153440177, 776333.432116732350551 ], [ 4248166.655211153440177, 776296.00759938347619 ], [ 4248166.655211153440177, 776258.58308203460183 ], [ 4248166.655211153440177, 776221.15856468572747 ], [ 4248166.655211153440177, 776183.734047336853109 ], [ 4248166.655211153440177, 776146.309529987978749 ], [ 4248166.655211153440177, 776108.885012639104389 ], [ 4248166.655211153440177, 776071.460495290230028 ], [ 4248166.655211153440177, 776034.035977941355668 ], [ 4248166.655211153440177, 775996.611460592481308 ], [ 4248166.655211153440177, 775959.186943243606947 ], [ 4248166.655211153440177, 775921.762425894732587 ], [ 4248166.655211153440177, 775884.337908545858227 ], [ 4248166.655211153440177, 775846.913391196983866 ], [ 4248166.655211153440177, 775809.488873848109506 ], [ 4248166.655211153440177, 775772.064356499235146 ], [ 4248166.655211153440177, 775734.639839150360785 ], [ 4248166.655211153440177, 775697.215321801486425 ], [ 4248166.655211153440177, 775659.790804452612065 ], [ 4248166.655211153440177, 775622.366287103737704 ], [ 4248166.655211153440177, 775584.941769754863344 ], [ 4248166.655211153440177, 775547.517252405988984 ], [ 4248166.655211153440177, 775510.092735057114623 ], [ 4248166.655211153440177, 775472.668217708240263 ], [ 4248166.655211153440177, 775435.243700359365903 ], [ 4248166.655211153440177, 775397.819183010491543 ], [ 4248166.655211153440177, 775360.394665661617182 ], [ 4248204.079728501848876, 775157.77033626602497 ], [ 4248382.741183030419052, 774877.618785561528057 ], [ 4248471.682675501331687, 773934.838965371251106 ], [ 4248311.587989053688943, 772983.164995933999307 ], [ 4248151.4933026060462, 772538.457533580018207 ], [ 4247829.834555017761886, 771861.753131006727926 ], [ 4247829.834555017761886, 771824.328613657853566 ], [ 4247829.834555017761886, 771786.904096308979206 ], [ 4247829.834555017761886, 771749.479578960104845 ], [ 4247829.834555017761886, 771712.055061611230485 ], [ 4247829.834555017761886, 771674.630544262356125 ], [ 4247829.834555017761886, 771637.206026913481764 ], [ 4247829.834555017761886, 771599.781509564607404 ], [ 4247829.834555017761886, 771562.356992215733044 ], [ 4247803.3714250177145, 771535.893862215685658 ], [ 4247664.634742972441018, 770611.242315842653625 ], [ 4247664.634742972441018, 770573.817798493779264 ], [ 4247664.634742972441018, 770536.393281144904904 ], [ 4247627.210225624032319, 770536.393281144904904 ], [ 4247589.78570827562362, 770536.393281144904904 ], [ 4247552.361190927214921, 770536.393281144904904 ], [ 4247525.898060927167535, 770509.930151144857518 ], [ 4247525.898060927167535, 770472.505633795983158 ], [ 4247525.898060927167535, 770435.081116447108798 ], [ 4247525.898060927167535, 770397.656599098234437 ], [ 4247525.898060927167535, 770360.232081749360077 ], [ 4247525.898060927167535, 770322.807564400485717 ], [ 4247525.898060927167535, 770285.383047051611356 ], [ 4247525.898060927167535, 770247.958529702736996 ], [ 4247525.898060927167535, 770210.534012353862636 ], [ 4247525.898060927167535, 770173.109495004988275 ], [ 4247525.898060927167535, 770135.684977656113915 ], [ 4247525.898060927167535, 770098.260460307239555 ], [ 4247525.898060927167535, 770060.835942958365194 ], [ 4247525.898060927167535, 770023.411425609490834 ], [ 4247525.898060927167535, 769985.986908260616474 ], [ 4247525.898060927167535, 769948.562390911742114 ], [ 4247525.898060927167535, 769911.137873562867753 ], [ 4247525.898060927167535, 769873.713356213993393 ], [ 4247525.898060927167535, 769836.288838865119033 ], [ 4247525.898060927167535, 769798.864321516244672 ], [ 4247525.898060927167535, 769761.439804167370312 ], [ 4247525.898060927167535, 769724.015286818495952 ], [ 4247499.434930927120149, 769697.552156818448566 ], [ 4247462.01041357871145, 769697.552156818448566 ], [ 4247424.585896230302751, 769697.552156818448566 ], [ 4247387.161378881894052, 769697.552156818448566 ], [ 4247349.736861533485353, 769697.552156818448566 ], [ 4247349.736861533485353, 769660.127639469574206 ], [ 4247349.736861533485353, 769622.703122120699845 ], [ 4247349.736861533485353, 769585.278604771825485 ], [ 4247349.736861533485353, 769547.854087422951125 ], [ 4247349.736861533485353, 769510.429570074076764 ], [ 4247349.736861533485353, 769473.005052725202404 ], [ 4247349.736861533485353, 769435.580535376328044 ], [ 4247349.736861533485353, 769398.156018027453683 ], [ 4247349.736861533485353, 769360.731500678579323 ], [ 4247349.736861533485353, 769323.306983329704963 ], [ 4247349.736861533485353, 769285.882465980830602 ], [ 4247349.736861533485353, 769248.457948631956242 ], [ 4247349.736861533485353, 769211.033431283081882 ], [ 4247349.736861533485353, 769173.608913934207521 ], [ 4247349.736861533485353, 769136.184396585333161 ], [ 4247349.736861533485353, 769098.759879236458801 ], [ 4247349.736861533485353, 769061.33536188758444 ], [ 4247349.736861533485353, 769023.91084453871008 ], [ 4247349.736861533485353, 768986.48632718983572 ], [ 4247349.736861533485353, 768949.061809840961359 ], [ 4247349.736861533485353, 768911.637292492086999 ], [ 4247349.736861533485353, 768874.212775143212639 ], [ 4247349.736861533485353, 768836.788257794338278 ], [ 4247349.736861533485353, 768799.363740445463918 ], [ 4247349.736861533485353, 768761.939223096589558 ], [ 4247349.736861533485353, 768724.514705747715198 ], [ 4247349.736861533485353, 768687.090188398840837 ], [ 4247349.736861533485353, 768649.665671049966477 ], [ 4247349.736861533485353, 768612.241153701092117 ], [ 4247349.736861533485353, 768574.816636352217756 ], [ 4247349.736861533485353, 768537.392119003343396 ], [ 4247312.312344185076654, 768537.392119003343396 ], [ 4247274.887826836667955, 768537.392119003343396 ], [ 4247237.463309488259256, 768537.392119003343396 ], [ 4247200.038792139850557, 768537.392119003343396 ], [ 4247162.614274791441858, 768537.392119003343396 ], [ 4247162.614274791441858, 768499.967601654469036 ], [ 4247162.614274791441858, 768462.543084305594675 ], [ 4247162.614274791441858, 768425.118566956720315 ], [ 4247162.614274791441858, 768387.694049607845955 ], [ 4247162.614274791441858, 768350.269532258971594 ], [ 4247162.614274791441858, 768312.845014910097234 ], [ 4247162.614274791441858, 768275.420497561222874 ], [ 4247162.614274791441858, 768237.995980212348513 ], [ 4247162.614274791441858, 768200.571462863474153 ], [ 4247162.614274791441858, 768163.146945514599793 ], [ 4247162.614274791441858, 768125.722428165725432 ], [ 4247162.614274791441858, 768088.297910816851072 ], [ 4247136.151144791394472, 768061.834780816803686 ], [ 4247098.726627442985773, 768061.834780816803686 ], [ 4247061.302110094577074, 768061.834780816803686 ], [ 4247023.877592746168375, 768061.834780816803686 ], [ 4247023.877592746168375, 768024.410263467929326 ], [ 4247023.877592746168375, 767986.985746119054966 ], [ 4247023.877592746168375, 767949.561228770180605 ], [ 4247023.877592746168375, 767912.136711421306245 ], [ 4247023.877592746168375, 767874.712194072431885 ], [ 4247023.877592746168375, 767837.287676723557524 ], [ 4247023.877592746168375, 767799.863159374683164 ], [ 4247023.877592746168375, 767762.438642025808804 ], [ 4247023.877592746168375, 767725.014124676934443 ], [ 4247023.877592746168375, 767687.589607328060083 ], [ 4247023.877592746168375, 767650.165089979185723 ], [ 4247023.877592746168375, 767612.740572630311362 ], [ 4247023.877592746168375, 767575.316055281437002 ], [ 4247023.877592746168375, 767537.891537932562642 ], [ 4247023.877592746168375, 767500.467020583688281 ], [ 4247023.877592746168375, 767463.042503234813921 ], [ 4247023.877592746168375, 767425.617985885939561 ], [ 4246997.414462746120989, 767399.154855885892175 ], [ 4246959.98994539771229, 767399.154855885892175 ], [ 4246922.565428049303591, 767399.154855885892175 ], [ 4246885.140910700894892, 767399.154855885892175 ], [ 4246847.716393352486193, 767399.154855885892175 ], [ 4246847.716393352486193, 767361.730338537017815 ], [ 4246847.716393352486193, 767324.305821188143454 ], [ 4246847.716393352486193, 767286.881303839269094 ], [ 4246847.716393352486193, 767249.456786490394734 ], [ 4246847.716393352486193, 767212.032269141520374 ], [ 4246847.716393352486193, 767174.607751792646013 ], [ 4246847.716393352486193, 767137.183234443771653 ], [ 4246847.716393352486193, 767099.758717094897293 ], [ 4246821.253263352438807, 767073.295587094849907 ], [ 4246783.828746004030108, 767073.295587094849907 ], [ 4246746.404228655621409, 767073.295587094849907 ], [ 4246708.97971130721271, 767073.295587094849907 ], [ 4246682.516581307165325, 767046.832457094802521 ], [ 4246682.516581307165325, 767009.407939745928161 ], [ 4246682.516581307165325, 766971.983422397053801 ], [ 4246682.516581307165325, 766934.55890504817944 ], [ 4246682.516581307165325, 766897.13438769930508 ], [ 4246682.516581307165325, 766859.70987035043072 ], [ 4246682.516581307165325, 766822.285353001556359 ], [ 4246682.516581307165325, 766784.860835652681999 ], [ 4246682.516581307165325, 766747.436318303807639 ], [ 4246682.516581307165325, 766710.011800954933278 ], [ 4246682.516581307165325, 766672.587283606058918 ], [ 4246682.516581307165325, 766635.162766257184558 ], [ 4246682.516581307165325, 766597.738248908310197 ], [ 4246682.516581307165325, 766560.313731559435837 ], [ 4246682.516581307165325, 766522.889214210561477 ], [ 4246682.516581307165325, 766485.464696861687116 ], [ 4246682.516581307165325, 766448.040179512812756 ], [ 4246682.516581307165325, 766410.615662163938396 ], [ 4246645.092063958756626, 766410.615662163938396 ], [ 4246607.667546610347927, 766410.615662163938396 ], [ 4246570.243029261939228, 766410.615662163938396 ], [ 4246532.818511913530529, 766410.615662163938396 ], [ 4246506.355381913483143, 766384.15253216389101 ], [ 4246506.355381913483143, 766346.72801481501665 ], [ 4246506.355381913483143, 766309.303497466142289 ], [ 4246506.355381913483143, 766271.878980117267929 ], [ 4246506.355381913483143, 766234.454462768393569 ], [ 4246506.355381913483143, 766197.029945419519208 ], [ 4246506.355381913483143, 766159.605428070644848 ], [ 4246506.355381913483143, 766122.180910721770488 ], [ 4246506.355381913483143, 766084.756393372896127 ], [ 4246506.355381913483143, 766047.331876024021767 ], [ 4246506.355381913483143, 766009.907358675147407 ], [ 4246506.355381913483143, 765972.482841326273046 ], [ 4246506.355381913483143, 765935.058323977398686 ], [ 4246506.355381913483143, 765897.633806628524326 ], [ 4246468.930864565074444, 765897.633806628524326 ], [ 4246431.506347216665745, 765897.633806628524326 ], [ 4246394.081829868257046, 765897.633806628524326 ], [ 4246356.657312519848347, 765897.633806628524326 ], [ 4246356.657312519848347, 765860.209289279649965 ], [ 4246356.657312519848347, 765822.784771930775605 ], [ 4246356.657312519848347, 765785.360254581901245 ], [ 4246356.657312519848347, 765747.935737233026884 ], [ 4246356.657312519848347, 765710.511219884152524 ], [ 4246356.657312519848347, 765673.086702535278164 ], [ 4246356.657312519848347, 765635.662185186403804 ], [ 4246356.657312519848347, 765598.237667837529443 ], [ 4246330.194182519800961, 765571.774537837482058 ], [ 4246292.769665171392262, 765571.774537837482058 ], [ 4246255.345147822983563, 765571.774537837482058 ], [ 4246217.920630474574864, 765571.774537837482058 ], [ 4246180.496113126166165, 765571.774537837482058 ], [ 4246180.496113126166165, 765534.350020488607697 ], [ 4246180.496113126166165, 765496.925503139733337 ], [ 4246180.496113126166165, 765459.500985790858977 ], [ 4246180.496113126166165, 765422.076468441984616 ], [ 4246154.032983126118779, 765395.613338441937231 ], [ 4246116.60846577771008, 765395.613338441937231 ], [ 4246079.183948429301381, 765395.613338441937231 ], [ 4246041.759431080892682, 765395.613338441937231 ], [ 4246041.759431080892682, 765358.18882109306287 ], [ 4246041.759431080892682, 765320.76430374418851 ], [ 4246041.759431080892682, 765283.33978639531415 ], [ 4246041.759431080892682, 765245.915269046439789 ], [ 4246041.759431080892682, 765208.490751697565429 ], [ 4246041.759431080892682, 765171.066234348691069 ], [ 4246041.759431080892682, 765133.641716999816708 ], [ 4246041.759431080892682, 765096.217199650942348 ], [ 4246041.759431080892682, 765058.792682302067988 ], [ 4246041.759431080892682, 765021.368164953193627 ], [ 4246041.759431080892682, 764983.943647604319267 ], [ 4246041.759431080892682, 764946.519130255444907 ], [ 4246015.296301080845296, 764920.056000255397521 ], [ 4245977.871783732436597, 764920.056000255397521 ], [ 4245940.447266384027898, 764920.056000255397521 ], [ 4245903.022749035619199, 764920.056000255397521 ], [ 4245876.559619035571814, 764893.592870255350135 ], [ 4245876.559619035571814, 764856.168352906475775 ], [ 4245876.559619035571814, 764818.743835557601415 ], [ 4245876.559619035571814, 764781.319318208727054 ], [ 4245850.096489035524428, 764754.856188208679669 ], [ 4245812.671971687115729, 764754.856188208679669 ], [ 4245775.24745433870703, 764754.856188208679669 ], [ 4245737.822936990298331, 764754.856188208679669 ], [ 4245700.398419641889632, 764754.856188208679669 ], [ 4245700.398419641889632, 764717.431670859805308 ], [ 4245700.398419641889632, 764680.007153510930948 ], [ 4245700.398419641889632, 764642.582636162056588 ], [ 4245700.398419641889632, 764605.158118813182227 ], [ 4245673.935289641842246, 764578.694988813134842 ], [ 4245636.510772293433547, 764578.694988813134842 ], [ 4245599.086254945024848, 764578.694988813134842 ], [ 4245561.661737596616149, 764578.694988813134842 ], [ 4245524.23722024820745, 764578.694988813134842 ], [ 4245524.23722024820745, 764541.270471464260481 ], [ 4245524.23722024820745, 764503.845954115386121 ], [ 4245524.23722024820745, 764466.421436766511761 ], [ 4245524.23722024820745, 764428.9969194176374 ], [ 4245524.23722024820745, 764391.57240206876304 ], [ 4245524.23722024820745, 764354.14788471988868 ], [ 4245524.23722024820745, 764316.723367371014319 ], [ 4245524.23722024820745, 764279.298850022139959 ], [ 4245497.774090248160064, 764252.835720022092573 ], [ 4245460.349572899751365, 764252.835720022092573 ], [ 4245422.925055551342666, 764252.835720022092573 ], [ 4245385.500538202933967, 764252.835720022092573 ], [ 4245359.037408202886581, 764226.372590022045188 ], [ 4245359.037408202886581, 764188.948072673170827 ], [ 4245359.037408202886581, 764151.523555324296467 ], [ 4245359.037408202886581, 764114.099037975422107 ], [ 4245359.037408202886581, 764076.674520626547746 ], [ 4245359.037408202886581, 764039.250003277673386 ], [ 4245359.037408202886581, 764001.825485928799026 ], [ 4245359.037408202886581, 763964.400968579924665 ], [ 4245359.037408202886581, 763926.976451231050305 ], [ 4245321.612890854477882, 763926.976451231050305 ], [ 4245284.188373506069183, 763926.976451231050305 ], [ 4245246.763856157660484, 763926.976451231050305 ], [ 4245220.300726157613099, 763900.513321231002919 ], [ 4245220.300726157613099, 763863.088803882128559 ], [ 4245220.300726157613099, 763825.664286533254199 ], [ 4245220.300726157613099, 763788.239769184379838 ], [ 4245193.837596157565713, 763761.776639184332453 ], [ 4245156.413078809157014, 763761.776639184332453 ], [ 4245118.988561460748315, 763761.776639184332453 ], [ 4245081.564044112339616, 763761.776639184332453 ], [ 4245044.139526763930917, 763761.776639184332453 ], [ 4245044.139526763930917, 763724.352121835458092 ], [ 4245044.139526763930917, 763686.927604486583732 ], [ 4245044.139526763930917, 763649.503087137709372 ], [ 4245044.139526763930917, 763612.078569788835011 ], [ 4245017.676396763883531, 763585.615439788787626 ], [ 4244980.251879415474832, 763585.615439788787626 ], [ 4244942.827362067066133, 763585.615439788787626 ], [ 4244905.402844718657434, 763585.615439788787626 ], [ 4244867.978327370248735, 763585.615439788787626 ], [ 4244867.978327370248735, 763548.190922439913265 ], [ 4244867.978327370248735, 763510.766405091038905 ], [ 4244867.978327370248735, 763473.341887742164545 ], [ 4244867.978327370248735, 763435.917370393290184 ], [ 4244867.978327370248735, 763398.492853044415824 ], [ 4244867.978327370248735, 763361.068335695541464 ], [ 4244867.978327370248735, 763323.643818346667103 ], [ 4244867.978327370248735, 763286.219300997792743 ], [ 4244841.515197370201349, 763259.756170997745357 ], [ 4244804.09068002179265, 763259.756170997745357 ], [ 4244766.666162673383951, 763259.756170997745357 ], [ 4244729.241645324975252, 763259.756170997745357 ], [ 4244702.778515324927866, 763233.293040997697972 ], [ 4244702.778515324927866, 763195.868523648823611 ], [ 4244702.778515324927866, 763158.444006299949251 ], [ 4244702.778515324927866, 763121.019488951074891 ], [ 4244702.778515324927866, 763083.59497160220053 ], [ 4244702.778515324927866, 763046.17045425332617 ], [ 4244702.778515324927866, 763008.74593690445181 ], [ 4244702.778515324927866, 762971.32141955557745 ], [ 4244702.778515324927866, 762933.896902206703089 ], [ 4244665.353997976519167, 762933.896902206703089 ], [ 4244627.929480628110468, 762933.896902206703089 ], [ 4244590.504963279701769, 762933.896902206703089 ], [ 4244564.041833279654384, 762907.433772206655703 ], [ 4244564.041833279654384, 762870.009254857781343 ], [ 4244564.041833279654384, 762832.584737508906983 ], [ 4244564.041833279654384, 762795.160220160032623 ], [ 4244537.578703279606998, 762768.697090159985237 ], [ 4244500.154185931198299, 762768.697090159985237 ], [ 4244462.7296685827896, 762768.697090159985237 ], [ 4244425.305151234380901, 762768.697090159985237 ], [ 4244398.842021234333515, 762742.233960159937851 ], [ 4244398.842021234333515, 762704.809442811063491 ], [ 4244398.842021234333515, 762667.38492546218913 ], [ 4244398.842021234333515, 762629.96040811331477 ], [ 4244372.378891234286129, 762603.497278113267384 ], [ 4244334.95437388587743, 762603.497278113267384 ], [ 4244297.529856537468731, 762603.497278113267384 ], [ 4244260.105339189060032, 762603.497278113267384 ], [ 4244222.680821840651333, 762603.497278113267384 ], [ 4244222.680821840651333, 762566.072760764393024 ], [ 4244222.680821840651333, 762528.648243415518664 ], [ 4244222.680821840651333, 762491.223726066644304 ], [ 4244222.680821840651333, 762453.799208717769943 ], [ 4244222.680821840651333, 762416.374691368895583 ], [ 4244222.680821840651333, 762378.950174020021223 ], [ 4244222.680821840651333, 762341.525656671146862 ], [ 4244222.680821840651333, 762304.101139322272502 ], [ 4244222.680821840651333, 762266.676621973398142 ], [ 4244222.680821840651333, 762229.252104624523781 ], [ 4244222.680821840651333, 762191.827587275649421 ], [ 4244222.680821840651333, 762154.403069926775061 ], [ 4244222.680821840651333, 762116.9785525779007 ], [ 4244222.680821840651333, 762079.55403522902634 ], [ 4244222.680821840651333, 762042.12951788015198 ], [ 4244222.680821840651333, 762004.705000531277619 ], [ 4244222.680821840651333, 761967.280483182403259 ], [ 4244196.217691840603948, 761940.817353182355873 ], [ 4244158.793174492195249, 761940.817353182355873 ], [ 4244121.36865714378655, 761940.817353182355873 ], [ 4244083.944139795377851, 761940.817353182355873 ], [ 4244046.519622446969151, 761940.817353182355873 ], [ 4244046.519622446969151, 761903.392835833481513 ], [ 4244046.519622446969151, 761865.968318484607153 ], [ 4244046.519622446969151, 761828.543801135732792 ], [ 4244046.519622446969151, 761791.119283786858432 ], [ 4244046.519622446969151, 761753.694766437984072 ], [ 4244046.519622446969151, 761716.270249089109711 ], [ 4244046.519622446969151, 761678.845731740235351 ], [ 4244046.519622446969151, 761641.421214391360991 ], [ 4244046.519622446969151, 761603.99669704248663 ], [ 4244046.519622446969151, 761566.57217969361227 ], [ 4244046.519622446969151, 761529.14766234473791 ], [ 4244046.519622446969151, 761491.723144995863549 ], [ 4244046.519622446969151, 761454.298627646989189 ], [ 4244020.056492446921766, 761427.835497646941803 ], [ 4243982.631975098513067, 761427.835497646941803 ], [ 4243945.207457750104368, 761427.835497646941803 ], [ 4243907.782940401695669, 761427.835497646941803 ], [ 4243870.35842305328697, 761427.835497646941803 ], [ 4243832.933905704878271, 761427.835497646941803 ], [ 4243795.509388356469572, 761427.835497646941803 ], [ 4243758.084871008060873, 761427.835497646941803 ], [ 4243720.660353659652174, 761427.835497646941803 ], [ 4243683.235836311243474, 761427.835497646941803 ], [ 4243645.811318962834775, 761427.835497646941803 ], [ 4243608.386801614426076, 761427.835497646941803 ], [ 4243570.962284266017377, 761427.835497646941803 ], [ 4243533.537766917608678, 761427.835497646941803 ], [ 4243496.113249569199979, 761427.835497646941803 ], [ 4243458.68873222079128, 761427.835497646941803 ], [ 4243421.264214872382581, 761427.835497646941803 ], [ 4243383.839697523973882, 761427.835497646941803 ], [ 4243346.415180175565183, 761427.835497646941803 ], [ 4243308.990662827156484, 761427.835497646941803 ], [ 4243271.566145478747785, 761427.835497646941803 ], [ 4243234.141628130339086, 761427.835497646941803 ], [ 4243196.717110781930387, 761427.835497646941803 ], [ 4243159.292593433521688, 761427.835497646941803 ], [ 4243121.868076085112989, 761427.835497646941803 ], [ 4243084.44355873670429, 761427.835497646941803 ], [ 4243047.019041388295591, 761427.835497646941803 ], [ 4243009.594524039886892, 761427.835497646941803 ], [ 4242972.170006691478193, 761427.835497646941803 ], [ 4242934.745489343069494, 761427.835497646941803 ], [ 4242897.320971994660795, 761427.835497646941803 ], [ 4242859.896454646252096, 761427.835497646941803 ], [ 4242822.471937297843397, 761427.835497646941803 ], [ 4242785.047419949434698, 761427.835497646941803 ], [ 4242747.622902601025999, 761427.835497646941803 ], [ 4242710.1983852526173, 761427.835497646941803 ], [ 4242672.773867904208601, 761427.835497646941803 ], [ 4242635.349350555799901, 761427.835497646941803 ], [ 4242597.924833207391202, 761427.835497646941803 ], [ 4242560.500315858982503, 761427.835497646941803 ], [ 4242523.075798510573804, 761427.835497646941803 ], [ 4242485.651281162165105, 761427.835497646941803 ], [ 4242448.226763813756406, 761427.835497646941803 ], [ 4242410.802246465347707, 761427.835497646941803 ], [ 4242373.377729116939008, 761427.835497646941803 ], [ 4242335.953211768530309, 761427.835497646941803 ], [ 4242298.52869442012161, 761427.835497646941803 ], [ 4242261.104177071712911, 761427.835497646941803 ], [ 4242223.679659723304212, 761427.835497646941803 ], [ 4242186.255142374895513, 761427.835497646941803 ], [ 4242148.830625026486814, 761427.835497646941803 ], [ 4242111.406107678078115, 761427.835497646941803 ], [ 4242073.981590329669416, 761427.835497646941803 ], [ 4242036.557072981260717, 761427.835497646941803 ], [ 4241999.132555632852018, 761427.835497646941803 ], [ 4241961.708038284443319, 761427.835497646941803 ], [ 4241924.28352093603462, 761427.835497646941803 ], [ 4241886.859003587625921, 761427.835497646941803 ], [ 4241849.434486239217222, 761427.835497646941803 ], [ 4241812.009968890808523, 761427.835497646941803 ], [ 4241774.585451542399824, 761427.835497646941803 ], [ 4241737.160934193991125, 761427.835497646941803 ], [ 4241699.736416845582426, 761427.835497646941803 ], [ 4241662.311899497173727, 761427.835497646941803 ], [ 4241624.887382148765028, 761427.835497646941803 ], [ 4241587.462864800356328, 761427.835497646941803 ], [ 4241560.999734800308943, 761454.298627646989189 ], [ 4241560.999734800308943, 761491.723144995863549 ], [ 4241560.999734800308943, 761529.14766234473791 ], [ 4241560.999734800308943, 761566.57217969361227 ], [ 4241560.999734800308943, 761603.99669704248663 ], [ 4241523.575217451900244, 761603.99669704248663 ], [ 4241486.150700103491545, 761603.99669704248663 ], [ 4241448.726182755082846, 761603.99669704248663 ], [ 4241411.301665406674147, 761603.99669704248663 ], [ 4241373.877148058265448, 761603.99669704248663 ], [ 4241336.452630709856749, 761603.99669704248663 ], [ 4241299.02811336144805, 761603.99669704248663 ], [ 4241261.603596013039351, 761603.99669704248663 ], [ 4241224.179078664630651, 761603.99669704248663 ], [ 4241186.754561316221952, 761603.99669704248663 ], [ 4241149.330043967813253, 761603.99669704248663 ], [ 4241111.905526619404554, 761603.99669704248663 ], [ 4241074.481009270995855, 761603.99669704248663 ], [ 4241074.481009270995855, 761566.57217969361227 ], [ 4241074.481009270995855, 761529.14766234473791 ], [ 4241074.481009270995855, 761491.723144995863549 ], [ 4241074.481009270995855, 761454.298627646989189 ], [ 4241048.01787927094847, 761427.835497646941803 ], [ 4241010.593361922539771, 761427.835497646941803 ], [ 4240973.168844574131072, 761427.835497646941803 ], [ 4240935.744327225722373, 761427.835497646941803 ], [ 4240898.319809877313673, 761427.835497646941803 ], [ 4240860.895292528904974, 761427.835497646941803 ], [ 4240823.470775180496275, 761427.835497646941803 ], [ 4240786.046257832087576, 761427.835497646941803 ], [ 4240748.621740483678877, 761427.835497646941803 ], [ 4240711.197223135270178, 761427.835497646941803 ], [ 4240673.772705786861479, 761427.835497646941803 ], [ 4240636.34818843845278, 761427.835497646941803 ], [ 4240598.923671090044081, 761427.835497646941803 ], [ 4240598.923671090044081, 761390.410980298067443 ], [ 4240598.923671090044081, 761352.986462949193083 ], [ 4240598.923671090044081, 761315.561945600318722 ], [ 4240598.923671090044081, 761278.137428251444362 ], [ 4240561.499153741635382, 761278.137428251444362 ], [ 4240524.074636393226683, 761278.137428251444362 ], [ 4240486.650119044817984, 761278.137428251444362 ], [ 4240449.225601696409285, 761278.137428251444362 ], [ 4240411.801084348000586, 761278.137428251444362 ], [ 4240374.376566999591887, 761278.137428251444362 ], [ 4240336.952049651183188, 761278.137428251444362 ], [ 4240299.527532302774489, 761278.137428251444362 ], [ 4240262.10301495436579, 761278.137428251444362 ], [ 4240262.10301495436579, 761240.712910902570002 ], [ 4240262.10301495436579, 761203.288393553695641 ], [ 4240262.10301495436579, 761165.863876204821281 ], [ 4240262.10301495436579, 761128.439358855946921 ], [ 4240235.639884954318404, 761101.976228855899535 ], [ 4240198.215367605909705, 761101.976228855899535 ], [ 4240160.790850257501006, 761101.976228855899535 ], [ 4240123.366332909092307, 761101.976228855899535 ], [ 4240085.941815560683608, 761101.976228855899535 ], [ 4240048.517298212274909, 761101.976228855899535 ], [ 4240011.09278086386621, 761101.976228855899535 ], [ 4239973.668263515457511, 761101.976228855899535 ], [ 4239936.243746167048812, 761101.976228855899535 ], [ 4239936.243746167048812, 761064.551711507025175 ], [ 4239936.243746167048812, 761027.127194158150814 ], [ 4239933.973568515852094, 760987.432499158196151 ], [ 4239920.476035660132766, 760947.737804158241488 ], [ 4239883.051518311724067, 760947.737804158241488 ], [ 4239845.627000963315368, 760947.737804158241488 ], [ 4239808.202483614906669, 760947.737804158241488 ], [ 4239770.77796626649797, 760947.737804158241488 ], [ 4239733.353448918089271, 760947.737804158241488 ], [ 4239695.928931569680572, 760947.737804158241488 ], [ 4239658.504414221271873, 760947.737804158241488 ], [ 4239621.079896872863173, 760947.737804158241488 ], [ 4239583.655379524454474, 760947.737804158241488 ], [ 4239546.230862176045775, 760947.737804158241488 ], [ 4239508.806344827637076, 760947.737804158241488 ], [ 4239471.381827479228377, 760947.737804158241488 ], [ 4239433.957310130819678, 760947.737804158241488 ], [ 4239396.532792782410979, 760947.737804158241488 ], [ 4239359.10827543400228, 760947.737804158241488 ], [ 4239321.683758085593581, 760947.737804158241488 ], [ 4239284.259240737184882, 760947.737804158241488 ], [ 4239284.259240737184882, 760910.313286809367128 ], [ 4239284.259240737184882, 760872.888769460492767 ], [ 4239284.259240737184882, 760835.464252111618407 ], [ 4239284.259240737184882, 760798.039734762744047 ], [ 4239257.796110737137496, 760771.576604762696661 ], [ 4239220.371593388728797, 760771.576604762696661 ], [ 4239182.947076040320098, 760771.576604762696661 ], [ 4239145.522558691911399, 760771.576604762696661 ], [ 4239108.0980413435027, 760771.576604762696661 ], [ 4239070.673523995094001, 760771.576604762696661 ], [ 4239033.249006646685302, 760771.576604762696661 ], [ 4238995.824489298276603, 760771.576604762696661 ], [ 4238958.399971949867904, 760771.576604762696661 ], [ 4238958.399971949867904, 760734.152087413822301 ], [ 4238958.399971949867904, 760696.72757006494794 ], [ 4238956.129794298671186, 760657.032875064993277 ], [ 4238931.404906238429248, 760617.338180065038614 ], [ 4238893.980388890020549, 760617.338180065038614 ], [ 4238856.55587154161185, 760617.338180065038614 ], [ 4238819.131354193203151, 760617.338180065038614 ], [ 4238781.706836844794452, 760617.338180065038614 ], [ 4238744.282319496385753, 760617.338180065038614 ], [ 4238706.857802147977054, 760617.338180065038614 ], [ 4238669.433284799568355, 760617.338180065038614 ], [ 4238632.008767451159656, 760617.338180065038614 ], [ 4238605.54563745111227, 760643.801310065086 ], [ 4238605.54563745111227, 760681.22582741396036 ], [ 4238605.54563745111227, 760718.65034476283472 ], [ 4238605.54563745111227, 760756.074862111709081 ], [ 4238579.082507451064885, 760782.537992111756466 ], [ 4238541.657990102656186, 760782.537992111756466 ], [ 4238504.233472754247487, 760782.537992111756466 ], [ 4238466.808955405838788, 760782.537992111756466 ], [ 4238429.384438057430089, 760782.537992111756466 ], [ 4238391.959920709021389, 760782.537992111756466 ], [ 4238354.53540336061269, 760782.537992111756466 ], [ 4238317.110886012203991, 760782.537992111756466 ], [ 4238290.647756012156606, 760809.001122111803852 ], [ 4238290.647756012156606, 760846.425639460678212 ], [ 4238290.647756012156606, 760883.850156809552573 ], [ 4238290.647756012156606, 760921.274674158426933 ], [ 4238290.647756012156606, 760958.699191507301293 ], [ 4238290.647756012156606, 760996.123708856175654 ], [ 4238290.647756012156606, 761033.548226205050014 ], [ 4238290.647756012156606, 761070.972743553924374 ], [ 4238264.18462601210922, 761097.43587355397176 ], [ 4238226.760108663700521, 761097.43587355397176 ], [ 4238189.335591315291822, 761097.43587355397176 ], [ 4238151.911073966883123, 761097.43587355397176 ], [ 4238114.486556618474424, 761097.43587355397176 ], [ 4238077.062039270065725, 761097.43587355397176 ], [ 4238039.637521921657026, 761097.43587355397176 ], [ 4238002.213004573248327, 761097.43587355397176 ], [ 4237964.788487224839628, 761097.43587355397176 ], [ 4237938.325357224792242, 761123.899003554019146 ], [ 4237938.325357224792242, 761161.323520902893506 ], [ 4237938.325357224792242, 761198.748038251767866 ], [ 4237938.325357224792242, 761236.172555600642227 ], [ 4237938.325357224792242, 761273.597072949516587 ], [ 4237900.900839876383543, 761273.597072949516587 ], [ 4237863.476322527974844, 761273.597072949516587 ], [ 4237826.051805179566145, 761273.597072949516587 ], [ 4237788.627287831157446, 761273.597072949516587 ], [ 4237751.202770482748747, 761273.597072949516587 ], [ 4237713.778253134340048, 761273.597072949516587 ], [ 4237676.353735785931349, 761273.597072949516587 ], [ 4237638.92921843752265, 761273.597072949516587 ], [ 4237612.466088437475264, 761300.060202949563973 ], [ 4237612.466088437475264, 761337.484720298438333 ], [ 4237612.466088437475264, 761374.909237647312693 ], [ 4237612.466088437475264, 761412.333754996187054 ], [ 4237612.466088437475264, 761449.758272345061414 ], [ 4237575.041571089066565, 761449.758272345061414 ], [ 4237537.617053740657866, 761449.758272345061414 ], [ 4237500.192536392249167, 761449.758272345061414 ], [ 4237462.768019043840468, 761449.758272345061414 ], [ 4237425.343501695431769, 761449.758272345061414 ], [ 4237387.91898434702307, 761449.758272345061414 ], [ 4237348.224289347417653, 761448.285998261766508 ], [ 4237308.529594347812235, 761465.525982852675952 ], [ 4237308.529594347812235, 761502.950500201550312 ], [ 4237308.529594347812235, 761540.375017550424673 ], [ 4237308.529594347812235, 761577.799534899299033 ], [ 4237308.529594347812235, 761615.224052248173393 ], [ 4237271.105076999403536, 761615.224052248173393 ], [ 4237233.680559650994837, 761615.224052248173393 ], [ 4237196.256042302586138, 761615.224052248173393 ], [ 4237158.831524954177439, 761615.224052248173393 ], [ 4237121.40700760576874, 761615.224052248173393 ], [ 4237083.982490257360041, 761615.224052248173393 ], [ 4237046.557972908951342, 761615.224052248173393 ], [ 4237006.863277909345925, 761613.751778164878488 ], [ 4236967.168582909740508, 761634.734214490628801 ], [ 4236967.168582909740508, 761672.158731839503162 ], [ 4236967.168582909740508, 761709.583249188377522 ], [ 4236967.168582909740508, 761747.007766537251882 ], [ 4236967.168582909740508, 761784.432283886126243 ], [ 4236967.168582909740508, 761821.856801235000603 ], [ 4236967.168582909740508, 761859.281318583874963 ], [ 4236967.168582909740508, 761896.705835932749324 ], [ 4236967.168582909740508, 761934.130353281623684 ], [ 4236929.744065561331809, 761934.130353281623684 ], [ 4236892.31954821292311, 761934.130353281623684 ], [ 4236854.89503086451441, 761934.130353281623684 ], [ 4236817.470513516105711, 761934.130353281623684 ], [ 4236780.045996167697012, 761934.130353281623684 ], [ 4236742.621478819288313, 761934.130353281623684 ], [ 4236705.196961470879614, 761934.130353281623684 ], [ 4236667.772444122470915, 761934.130353281623684 ], [ 4236641.30931412242353, 761960.59348328167107 ], [ 4236641.30931412242353, 761998.01800063054543 ], [ 4236641.30931412242353, 762035.44251797941979 ], [ 4236641.30931412242353, 762072.867035328294151 ], [ 4236641.30931412242353, 762110.291552677168511 ], [ 4236603.884796774014831, 762110.291552677168511 ], [ 4236566.460279425606132, 762110.291552677168511 ], [ 4236529.035762077197433, 762110.291552677168511 ], [ 4236491.611244728788733, 762110.291552677168511 ], [ 4236454.186727380380034, 762110.291552677168511 ], [ 4236416.762210031971335, 762110.291552677168511 ], [ 4236379.337692683562636, 762110.291552677168511 ], [ 4236339.642997683957219, 762108.819278593873605 ], [ 4236299.948302684351802, 762137.286618389305659 ], [ 4236299.948302684351802, 762174.711135738180019 ], [ 4236299.948302684351802, 762212.135653087054379 ], [ 4236299.948302684351802, 762249.56017043592874 ], [ 4236273.485172684304416, 762276.023300435976125 ], [ 4236236.060655335895717, 762276.023300435976125 ], [ 4236198.636137987487018, 762276.023300435976125 ], [ 4236161.211620639078319, 762276.023300435976125 ], [ 4236123.78710329066962, 762276.023300435976125 ], [ 4236086.362585942260921, 762276.023300435976125 ], [ 4236048.938068593852222, 762276.023300435976125 ], [ 4236009.243373594246805, 762274.55102635268122 ], [ 4235969.548678594641387, 762306.760817882954143 ], [ 4235969.548678594641387, 762344.185335231828503 ], [ 4235969.548678594641387, 762381.609852580702864 ], [ 4235969.548678594641387, 762419.034369929577224 ], [ 4235969.548678594641387, 762456.458887278451584 ], [ 4235969.548678594641387, 762493.883404627325945 ], [ 4235969.548678594641387, 762531.307921976200305 ], [ 4235969.548678594641387, 762568.732439325074665 ], [ 4235969.548678594641387, 762606.156956673949026 ], [ 4235932.124161246232688, 762606.156956673949026 ], [ 4235894.699643897823989, 762606.156956673949026 ], [ 4235857.27512654941529, 762606.156956673949026 ], [ 4235819.850609201006591, 762606.156956673949026 ], [ 4235782.426091852597892, 762606.156956673949026 ], [ 4235745.001574504189193, 762606.156956673949026 ], [ 4235707.577057155780494, 762606.156956673949026 ], [ 4235670.152539807371795, 762606.156956673949026 ], [ 4235643.689409807324409, 762632.620086673996411 ], [ 4235643.689409807324409, 762670.044604022870772 ], [ 4235643.689409807324409, 762707.469121371745132 ], [ 4235643.689409807324409, 762744.893638720619492 ], [ 4235617.226279807277024, 762771.356768720666878 ], [ 4235579.801762458868325, 762771.356768720666878 ], [ 4235542.377245110459626, 762771.356768720666878 ], [ 4235504.952727762050927, 762771.356768720666878 ], [ 4235478.489597762003541, 762797.819898720714264 ], [ 4235478.489597762003541, 762835.244416069588624 ], [ 4235478.489597762003541, 762872.668933418462984 ], [ 4235478.489597762003541, 762910.093450767337345 ], [ 4235452.026467761956155, 762936.55658076738473 ], [ 4235414.601950413547456, 762936.55658076738473 ], [ 4235377.177433065138757, 762936.55658076738473 ], [ 4235339.752915716730058, 762936.55658076738473 ], [ 4235302.328398368321359, 762936.55658076738473 ], [ 4235264.90388101991266, 762936.55658076738473 ], [ 4235227.479363671503961, 762936.55658076738473 ], [ 4235190.054846323095262, 762936.55658076738473 ], [ 4235163.591716323047876, 762963.019710767432116 ], [ 4235163.591716323047876, 763000.444228116306476 ], [ 4235163.591716323047876, 763037.868745465180837 ], [ 4235163.591716323047876, 763075.293262814055197 ], [ 4235137.128586323000491, 763101.756392814102583 ], [ 4235099.704068974591792, 763101.756392814102583 ], [ 4235062.279551626183093, 763101.756392814102583 ], [ 4235024.855034277774394, 763101.756392814102583 ], [ 4234998.391904277727008, 763128.219522814149968 ], [ 4234998.391904277727008, 763165.644040163024329 ], [ 4234870.203976765275002, 763997.077149574179202 ], [ 4234811.269317535683513, 764587.775699420250021 ] ] ] } }
]
}
