{
"type": "FeatureCollection",
"name": "Esira",
"crs": { "type": "name", "properties": { "name": "urn:ogc:def:crs:EPSG::3857" } },
"features": [
{ "type": "Feature", "properties": { }, "geometry": { "type": "Polygon", "coordinates": [ ] } },
{ "type": "Feature", "properties": { }, "geometry": { "type": "Polygon", "coordinates": [ [ [ 4130059.250573083758354, 773856.19774494250305 ], [ 4130295.918980102054775, 773838.734256881405599 ], [ 4130524.075259901117533, 773791.932968717534095 ], [ 4130752.933983317110687, 773686.457577592693269 ], [ 4130752.933983317110687, 773649.033060243818909 ], [ 4130752.933983317110687, 773611.608542894944549 ], [ 4130752.933983317110687, 773574.184025546070188 ], [ 4130779.397113317158073, 773547.720895546022803 ], [ 4130816.821630666032434, 773547.720895546022803 ], [ 4130854.246148014906794, 773547.720895546022803 ], [ 4130891.670665363781154, 773547.720895546022803 ], [ 4131650.594566431362182, 773401.136606063460931 ], [ 4132253.191130614839494, 772901.422382106538862 ], [ 4132730.012370761018246, 772383.020502428524196 ], [ 4132756.475500761065632, 772356.55737242847681 ], [ 4132932.434507923666388, 772296.089482921292074 ], [ 4133027.220498512964696, 772255.466915525845252 ], [ 4133055.871639552060515, 772206.859303032979369 ], [ 4133055.871639552060515, 772169.434785684105009 ], [ 4133055.871639552060515, 772132.010268335230649 ], [ 4133055.871639552060515, 772094.585750986356288 ], [ 4133055.871639552060515, 772057.161233637481928 ], [ 4133093.296156900934875, 772057.161233637481928 ], [ 4133130.720674249809235, 772057.161233637481928 ], [ 4133168.145191598683596, 772057.161233637481928 ], [ 4133205.569708947557956, 772057.161233637481928 ], [ 4133232.032838947605342, 772030.698103637434542 ], [ 4133232.032838947605342, 771993.273586288560182 ], [ 4133232.032838947605342, 771955.849068939685822 ], [ 4133232.032838947605342, 771918.424551590811461 ], [ 4133232.032838947605342, 771881.000034241937101 ], [ 4133269.457356296479702, 771881.000034241937101 ], [ 4133306.881873645354062, 771881.000034241937101 ], [ 4133344.306390994228423, 771881.000034241937101 ], [ 4133370.769520994275808, 771854.536904241889715 ], [ 4133370.769520994275808, 771817.112386893015355 ], [ 4133370.769520994275808, 771779.687869544140995 ], [ 4133370.769520994275808, 771742.263352195266634 ], [ 4133370.769520994275808, 771704.838834846392274 ], [ 4133408.194038343150169, 771704.838834846392274 ], [ 4133445.618555692024529, 771704.838834846392274 ], [ 4133483.043073040898889, 771704.838834846392274 ], [ 4133520.46759038977325, 771704.838834846392274 ], [ 4133557.89210773864761, 771704.838834846392274 ], [ 4133557.89210773864761, 771667.414317497517914 ], [ 4133557.89210773864761, 771629.989800148643553 ], [ 4133557.89210773864761, 771592.565282799769193 ], [ 4133557.89210773864761, 771555.140765450894833 ], [ 4133595.31662508752197, 771555.140765450894833 ], [ 4133632.741142436396331, 771555.140765450894833 ], [ 4133670.165659785270691, 771555.140765450894833 ], [ 4133707.590177134145051, 771555.140765450894833 ], [ 4133734.053307134192437, 771528.677635450847447 ], [ 4133734.053307134192437, 771491.253118101973087 ], [ 4133734.053307134192437, 771453.828600753098726 ], [ 4133734.053307134192437, 771416.404083404224366 ], [ 4133734.053307134192437, 771378.979566055350006 ], [ 4133771.477824483066797, 771378.979566055350006 ], [ 4133808.902341831941158, 771378.979566055350006 ], [ 4133846.326859180815518, 771378.979566055350006 ], [ 4133872.789989180862904, 771352.51643605530262 ], [ 4133872.789989180862904, 771315.09191870642826 ], [ 4133872.789989180862904, 771277.667401357553899 ], [ 4133872.789989180862904, 771240.242884008679539 ], [ 4133899.253119180910289, 771213.779754008632153 ], [ 4133936.67763652978465, 771213.779754008632153 ], [ 4133974.10215387865901, 771213.779754008632153 ], [ 4134011.52667122753337, 771213.779754008632153 ], [ 4134037.989801227580756, 771187.316624008584768 ], [ 4134037.989801227580756, 771149.892106659710407 ], [ 4134037.989801227580756, 771112.467589310836047 ], [ 4134037.989801227580756, 771075.043071961961687 ], [ 4134064.452931227628142, 771048.579941961914301 ], [ 4134101.877448576502502, 771048.579941961914301 ], [ 4134139.301965925376862, 771048.579941961914301 ], [ 4134176.726483274251223, 771048.579941961914301 ], [ 4134214.151000623125583, 771048.579941961914301 ], [ 4134214.151000623125583, 771011.155424613039941 ], [ 4134214.151000623125583, 770973.73090726416558 ], [ 4134214.151000623125583, 770936.30638991529122 ], [ 4134214.151000623125583, 770898.88187256641686 ], [ 4134251.575517971999943, 770898.88187256641686 ], [ 4134289.000035320874304, 770898.88187256641686 ], [ 4134326.424552669748664, 770898.88187256641686 ], [ 4134363.849070018623024, 770898.88187256641686 ], [ 4134390.31220001867041, 770872.418742566369474 ], [ 4134390.31220001867041, 770834.994225217495114 ], [ 4134390.31220001867041, 770797.569707868620753 ], [ 4134390.31220001867041, 770760.145190519746393 ], [ 4134390.31220001867041, 770722.720673170872033 ], [ 4134427.73671736754477, 770722.720673170872033 ], [ 4134465.161234716419131, 770722.720673170872033 ], [ 4134502.585752065293491, 770722.720673170872033 ], [ 4134540.010269414167851, 770722.720673170872033 ], [ 4134540.010269414167851, 770685.296155821997672 ], [ 4134540.010269414167851, 770647.871638473123312 ], [ 4134540.010269414167851, 770610.447121124248952 ], [ 4134540.010269414167851, 770573.022603775374591 ], [ 4134577.434786763042212, 770573.022603775374591 ], [ 4134614.859304111916572, 770573.022603775374591 ], [ 4134652.283821460790932, 770573.022603775374591 ], [ 4134689.708338809665293, 770573.022603775374591 ], [ 4134716.171468809712678, 770546.559473775327206 ], [ 4134716.171468809712678, 770509.134956426452845 ], [ 4134716.171468809712678, 770471.710439077578485 ], [ 4134716.171468809712678, 770434.285921728704125 ], [ 4134716.171468809712678, 770396.861404379829764 ], [ 4134753.595986158587039, 770396.861404379829764 ], [ 4134791.020503507461399, 770396.861404379829764 ], [ 4134828.445020856335759, 770396.861404379829764 ], [ 4134854.908150856383145, 770370.398274379782379 ], [ 4134854.908150856383145, 770332.973757030908018 ], [ 4134854.908150856383145, 770295.549239682033658 ], [ 4134854.908150856383145, 770258.124722333159298 ], [ 4134881.371280856430531, 770231.661592333111912 ], [ 4134918.795798205304891, 770231.661592333111912 ], [ 4134956.220315554179251, 770231.661592333111912 ], [ 4134993.644832903053612, 770231.661592333111912 ], [ 4135031.069350251927972, 770231.661592333111912 ], [ 4135057.532480251975358, 770205.198462333064526 ], [ 4135057.532480251975358, 770167.773944984190166 ], [ 4135057.532480251975358, 770130.349427635315806 ], [ 4135057.532480251975358, 770092.924910286441445 ], [ 4135057.532480251975358, 770055.500392937567085 ], [ 4135094.956997600849718, 770055.500392937567085 ], [ 4135132.381514949724078, 770055.500392937567085 ], [ 4135169.806032298598439, 770055.500392937567085 ], [ 4135196.269162298645824, 770029.037262937519699 ], [ 4135196.269162298645824, 769991.612745588645339 ], [ 4135196.269162298645824, 769954.188228239770979 ], [ 4135196.269162298645824, 769916.763710890896618 ], [ 4135196.269162298645824, 769879.339193542022258 ], [ 4135196.269162298645824, 769841.914676193147898 ], [ 4135196.269162298645824, 769804.490158844273537 ], [ 4135196.269162298645824, 769767.065641495399177 ], [ 4135196.269162298645824, 769729.641124146524817 ], [ 4135233.693679647520185, 769729.641124146524817 ], [ 4135271.118196996394545, 769729.641124146524817 ], [ 4135308.542714345268905, 769729.641124146524817 ], [ 4135345.967231694143265, 769729.641124146524817 ], [ 4135372.430361694190651, 769703.177994146477431 ], [ 4135372.430361694190651, 769665.753476797603071 ], [ 4135372.430361694190651, 769628.32895944872871 ], [ 4135372.430361694190651, 769590.90444209985435 ], [ 4135372.430361694190651, 769553.47992475097999 ], [ 4135372.430361694190651, 769516.055407402105629 ], [ 4135372.430361694190651, 769478.630890053231269 ], [ 4135372.430361694190651, 769441.206372704356909 ], [ 4135372.430361694190651, 769403.781855355482548 ], [ 4135409.854879043065012, 769403.781855355482548 ], [ 4135447.279396391939372, 769403.781855355482548 ], [ 4135484.703913740813732, 769403.781855355482548 ], [ 4135511.167043740861118, 769377.318725355435163 ], [ 4135511.167043740861118, 769339.894208006560802 ], [ 4135511.167043740861118, 769302.469690657686442 ], [ 4135511.167043740861118, 769265.045173308812082 ], [ 4135511.167043740861118, 769227.620655959937721 ], [ 4135511.167043740861118, 769190.196138611063361 ], [ 4135511.167043740861118, 769152.771621262189001 ], [ 4135511.167043740861118, 769115.347103913314641 ], [ 4135511.167043740861118, 769077.92258656444028 ], [ 4135484.703913740813732, 769051.459456564392895 ], [ 4135447.279396391939372, 769051.459456564392895 ], [ 4135409.854879043065012, 769051.459456564392895 ], [ 4135372.430361694190651, 769051.459456564392895 ], [ 4135372.430361694190651, 769014.034939215518534 ], [ 4135372.430361694190651, 768976.610421866644174 ], [ 4135372.430361694190651, 768939.185904517769814 ], [ 4135372.430361694190651, 768901.761387168895453 ], [ 4135372.430361694190651, 768864.336869820021093 ], [ 4135372.430361694190651, 768826.912352471146733 ], [ 4135372.430361694190651, 768789.487835122272372 ], [ 4135372.430361694190651, 768752.063317773398012 ], [ 4135372.430361694190651, 768714.638800424523652 ], [ 4135372.430361694190651, 768677.214283075649291 ], [ 4135372.430361694190651, 768639.789765726774931 ], [ 4135372.430361694190651, 768602.365248377900571 ], [ 4135372.430361694190651, 768564.94073102902621 ], [ 4135372.430361694190651, 768527.51621368015185 ], [ 4135372.430361694190651, 768490.09169633127749 ], [ 4135372.430361694190651, 768452.667178982403129 ], [ 4135372.430361694190651, 768415.242661633528769 ], [ 4135345.967231694143265, 768388.779531633481383 ], [ 4135308.542714345268905, 768388.779531633481383 ], [ 4135271.118196996394545, 768388.779531633481383 ], [ 4135233.693679647520185, 768388.779531633481383 ], [ 4135196.269162298645824, 768388.779531633481383 ], [ 4135196.269162298645824, 768351.355014284607023 ], [ 4135196.269162298645824, 768313.930496935732663 ], [ 4135196.269162298645824, 768276.505979586858302 ], [ 4135196.269162298645824, 768239.081462237983942 ], [ 4135196.269162298645824, 768201.656944889109582 ], [ 4135196.269162298645824, 768164.232427540235221 ], [ 4135196.269162298645824, 768126.807910191360861 ], [ 4135196.269162298645824, 768089.383392842486501 ], [ 4135196.269162298645824, 768051.95887549361214 ], [ 4135158.844644949771464, 768051.95887549361214 ], [ 4135121.420127600897104, 768051.95887549361214 ], [ 4135083.995610252022743, 768051.95887549361214 ], [ 4135046.571092903148383, 768051.95887549361214 ], [ 4135046.571092903148383, 768014.53435814473778 ], [ 4135046.571092903148383, 767977.10984079586342 ], [ 4135046.571092903148383, 767939.685323446989059 ], [ 4135046.571092903148383, 767902.260806098114699 ], [ 4135020.107962903100997, 767875.797676098067313 ], [ 4134982.683445554226637, 767875.797676098067313 ], [ 4134945.258928205352277, 767875.797676098067313 ], [ 4134907.834410856477916, 767875.797676098067313 ], [ 4134870.409893507603556, 767875.797676098067313 ], [ 4134870.409893507603556, 767838.373158749192953 ], [ 4134870.409893507603556, 767800.948641400318593 ], [ 4134870.409893507603556, 767763.524124051444232 ], [ 4134870.409893507603556, 767726.099606702569872 ], [ 4134870.409893507603556, 767688.675089353695512 ], [ 4134870.409893507603556, 767651.250572004821151 ], [ 4134870.409893507603556, 767613.826054655946791 ], [ 4134870.409893507603556, 767576.401537307072431 ], [ 4134843.94676350755617, 767549.938407307025045 ], [ 4134806.52224615868181, 767549.938407307025045 ], [ 4134769.09772880980745, 767549.938407307025045 ], [ 4134731.673211460933089, 767549.938407307025045 ], [ 4134694.248694112058729, 767549.938407307025045 ], [ 4134694.248694112058729, 767512.513889958150685 ], [ 4134694.248694112058729, 767475.089372609276325 ], [ 4134694.248694112058729, 767437.664855260401964 ], [ 4134694.248694112058729, 767400.240337911527604 ], [ 4134656.824176763184369, 767400.240337911527604 ], [ 4134619.399659414310008, 767400.240337911527604 ], [ 4134581.975142065435648, 767400.240337911527604 ], [ 4134555.512012065388262, 767373.777207911480218 ], [ 4134555.512012065388262, 767336.352690562605858 ], [ 4134555.512012065388262, 767298.928173213731498 ], [ 4134555.512012065388262, 767261.503655864857137 ], [ 4134529.048882065340877, 767235.040525864809752 ], [ 4134491.624364716466516, 767235.040525864809752 ], [ 4134454.199847367592156, 767235.040525864809752 ], [ 4134416.775330018717796, 767235.040525864809752 ], [ 4134390.31220001867041, 767208.577395864762366 ], [ 4134390.31220001867041, 767171.152878515888005 ], [ 4134390.31220001867041, 767133.728361167013645 ], [ 4134390.31220001867041, 767096.303843818139285 ], [ 4134390.31220001867041, 767058.879326469264925 ], [ 4134390.31220001867041, 767021.454809120390564 ], [ 4134390.31220001867041, 766984.030291771516204 ], [ 4134390.31220001867041, 766946.605774422641844 ], [ 4134390.31220001867041, 766909.181257073767483 ], [ 4134363.849070018623024, 766882.718127073720098 ], [ 4134326.424552669748664, 766882.718127073720098 ], [ 4134289.000035320874304, 766882.718127073720098 ], [ 4134251.575517971999943, 766882.718127073720098 ], [ 4134214.151000623125583, 766882.718127073720098 ], [ 4134214.151000623125583, 766845.293609724845737 ], [ 4134214.151000623125583, 766807.869092375971377 ], [ 4134214.151000623125583, 766770.444575027097017 ], [ 4134214.151000623125583, 766733.020057678222656 ], [ 4134176.726483274251223, 766733.020057678222656 ], [ 4134139.301965925376862, 766733.020057678222656 ], [ 4134101.877448576502502, 766733.020057678222656 ], [ 4134064.452931227628142, 766733.020057678222656 ], [ 4134037.989801227580756, 766706.556927678175271 ], [ 4134037.989801227580756, 766669.13241032930091 ], [ 4134037.989801227580756, 766631.70789298042655 ], [ 4134037.989801227580756, 766594.28337563155219 ], [ 4134011.52667122753337, 766567.820245631504804 ], [ 4133974.10215387865901, 766567.820245631504804 ], [ 4133936.67763652978465, 766567.820245631504804 ], [ 4133899.253119180910289, 766567.820245631504804 ], [ 4133861.828601832035929, 766567.820245631504804 ], [ 4133824.404084483161569, 766567.820245631504804 ], [ 4133786.979567134287208, 766567.820245631504804 ], [ 4133749.555049785412848, 766567.820245631504804 ], [ 4133712.130532436538488, 766567.820245631504804 ], [ 4133712.130532436538488, 766530.395728282630444 ], [ 4133712.130532436538488, 766492.971210933756083 ], [ 4133712.130532436538488, 766455.546693584881723 ], [ 4133712.130532436538488, 766418.122176236007363 ], [ 4133712.130532436538488, 766380.697658887133002 ], [ 4133712.130532436538488, 766343.273141538258642 ], [ 4133712.130532436538488, 766305.848624189384282 ], [ 4133712.130532436538488, 766268.424106840509921 ], [ 4133712.130532436538488, 766230.999589491635561 ], [ 4133674.706015087664127, 766230.999589491635561 ], [ 4133637.281497738789767, 766230.999589491635561 ], [ 4133599.856980389915407, 766230.999589491635561 ], [ 4133562.432463041041046, 766230.999589491635561 ], [ 4133562.432463041041046, 766193.575072142761201 ], [ 4133562.432463041041046, 766156.15055479388684 ], [ 4133562.432463041041046, 766118.72603744501248 ], [ 4133562.432463041041046, 766081.30152009613812 ], [ 4133562.432463041041046, 766043.877002747263759 ], [ 4133562.432463041041046, 766006.452485398389399 ], [ 4133562.432463041041046, 765969.027968049515039 ], [ 4133562.432463041041046, 765931.603450700640678 ], [ 4133562.432463041041046, 765894.178933351766318 ], [ 4133525.007945692166686, 765894.178933351766318 ], [ 4133487.583428343292326, 765894.178933351766318 ], [ 4133450.158910994417965, 765894.178933351766318 ], [ 4133412.734393645543605, 765894.178933351766318 ], [ 4133375.309876296669245, 765894.178933351766318 ], [ 4133375.309876296669245, 765856.754416002891958 ], [ 4133375.309876296669245, 765819.329898654017597 ], [ 4133375.309876296669245, 765781.905381305143237 ], [ 4133375.309876296669245, 765744.480863956268877 ], [ 4133337.885358947794884, 765744.480863956268877 ], [ 4133300.460841598920524, 765744.480863956268877 ], [ 4133263.036324250046164, 765744.480863956268877 ], [ 4133225.611806901171803, 765744.480863956268877 ], [ 4133225.611806901171803, 765707.056346607394516 ], [ 4133225.611806901171803, 765669.631829258520156 ], [ 4133225.611806901171803, 765632.207311909645796 ], [ 4133225.611806901171803, 765594.782794560771435 ], [ 4133199.148676901124418, 765568.31966456072405 ], [ 4133161.724159552250057, 765568.31966456072405 ], [ 4133124.299642203375697, 765568.31966456072405 ], [ 4133086.875124854501337, 765568.31966456072405 ], [ 4133049.450607505626976, 765568.31966456072405 ], [ 4133049.450607505626976, 765530.895147211849689 ], [ 4133049.450607505626976, 765493.470629862975329 ], [ 4133049.450607505626976, 765456.046112514100969 ], [ 4133049.450607505626976, 765418.621595165226609 ], [ 4133012.026090156752616, 765418.621595165226609 ], [ 4132974.601572807878256, 765418.621595165226609 ], [ 4132937.177055459003896, 765418.621595165226609 ], [ 4132910.71392545895651, 765392.158465165179223 ], [ 4132910.71392545895651, 765354.733947816304862 ], [ 4132910.71392545895651, 765317.309430467430502 ], [ 4132910.71392545895651, 765279.884913118556142 ], [ 4132884.250795458909124, 765253.421783118508756 ], [ 4132846.826278110034764, 765253.421783118508756 ], [ 4132809.401760761160403, 765253.421783118508756 ], [ 4132771.977243412286043, 765253.421783118508756 ], [ 4132734.552726063411683, 765253.421783118508756 ], [ 4132734.552726063411683, 765215.997265769634396 ], [ 4132734.552726063411683, 765178.572748420760036 ], [ 4132734.552726063411683, 765141.148231071885675 ], [ 4132734.552726063411683, 765103.723713723011315 ], [ 4132734.552726063411683, 765066.299196374136955 ], [ 4132697.128208714537323, 765066.299196374136955 ], [ 4132659.703691365662962, 765066.299196374136955 ], [ 4132622.279174016788602, 765066.299196374136955 ], [ 4132584.854656667914242, 765066.299196374136955 ], [ 4132547.430139319039881, 765066.299196374136955 ], [ 4132547.430139319039881, 765028.874679025262594 ], [ 4132547.430139319039881, 764991.450161676388234 ], [ 4132547.430139319039881, 764954.025644327513874 ], [ 4132547.430139319039881, 764916.601126978639513 ], [ 4132510.005621970165521, 764916.601126978639513 ], [ 4132472.581104621291161, 764916.601126978639513 ], [ 4132435.1565872724168, 764916.601126978639513 ], [ 4132408.693457272369415, 764890.137996978592128 ], [ 4132408.693457272369415, 764852.713479629717767 ], [ 4132408.693457272369415, 764815.288962280843407 ], [ 4132408.693457272369415, 764777.864444931969047 ], [ 4132382.230327272322029, 764751.401314931921661 ], [ 4132344.805809923447669, 764751.401314931921661 ], [ 4132307.381292574573308, 764751.401314931921661 ], [ 4132269.956775225698948, 764751.401314931921661 ], [ 4132243.493645225651562, 764724.938184931874275 ], [ 4132243.493645225651562, 764687.513667582999915 ], [ 4132243.493645225651562, 764650.089150234125555 ], [ 4132243.493645225651562, 764612.664632885251194 ], [ 4132217.030515225604177, 764586.201502885203809 ], [ 4132179.605997876729816, 764586.201502885203809 ], [ 4132142.181480527855456, 764586.201502885203809 ], [ 4132104.756963178981096, 764586.201502885203809 ], [ 4132078.29383317893371, 764559.738372885156423 ], [ 4132078.29383317893371, 764522.313855536282063 ], [ 4132078.29383317893371, 764484.889338187407702 ], [ 4132078.29383317893371, 764447.464820838533342 ], [ 4132051.830703178886324, 764421.001690838485956 ], [ 4132014.406185830011964, 764421.001690838485956 ], [ 4131976.981668481137604, 764421.001690838485956 ], [ 4131939.557151132263243, 764421.001690838485956 ], [ 4131913.094021132215858, 764394.53856083843857 ], [ 4131913.094021132215858, 764357.11404348956421 ], [ 4131913.094021132215858, 764319.68952614068985 ], [ 4131913.094021132215858, 764282.26500879181549 ], [ 4131886.630891132168472, 764255.801878791768104 ], [ 4131849.206373783294111, 764255.801878791768104 ], [ 4131811.781856434419751, 764255.801878791768104 ], [ 4131774.357339085545391, 764255.801878791768104 ], [ 4131747.894209085498005, 764229.338748791720718 ], [ 4131747.894209085498005, 764191.914231442846358 ], [ 4131747.894209085498005, 764154.489714093971997 ], [ 4131747.894209085498005, 764117.065196745097637 ], [ 4131721.431079085450619, 764090.602066745050251 ], [ 4131684.006561736576259, 764090.602066745050251 ], [ 4131646.582044387701899, 764090.602066745050251 ], [ 4131609.157527038827538, 764090.602066745050251 ], [ 4131582.694397038780153, 764064.138936745002866 ], [ 4131582.694397038780153, 764026.714419396128505 ], [ 4131582.694397038780153, 763989.289902047254145 ], [ 4131582.694397038780153, 763951.865384698379785 ], [ 4131556.231267038732767, 763925.402254698332399 ], [ 4131518.806749689858407, 763925.402254698332399 ], [ 4131481.382232340984046, 763925.402254698332399 ], [ 4131443.957714992109686, 763925.402254698332399 ], [ 4131417.4945849920623, 763898.939124698285013 ], [ 4131417.4945849920623, 763861.514607349410653 ], [ 4131417.4945849920623, 763824.090090000536293 ], [ 4131417.4945849920623, 763786.665572651661932 ], [ 4131391.031454992014915, 763760.202442651614547 ], [ 4131353.606937643140554, 763760.202442651614547 ], [ 4131316.182420294266194, 763760.202442651614547 ], [ 4131278.757902945391834, 763760.202442651614547 ], [ 4131252.294772945344448, 763733.739312651567161 ], [ 4131252.294772945344448, 763696.314795302692801 ], [ 4131252.294772945344448, 763658.89027795381844 ], [ 4131252.294772945344448, 763621.46576060494408 ], [ 4131252.294772945344448, 763584.04124325606972 ], [ 4131214.870255596470088, 763584.04124325606972 ], [ 4131177.445738247595727, 763584.04124325606972 ], [ 4131140.021220898721367, 763584.04124325606972 ], [ 4131102.596703549847007, 763584.04124325606972 ], [ 4131065.172186200972646, 763584.04124325606972 ], [ 4131065.172186200972646, 763546.616725907195359 ], [ 4131065.172186200972646, 763509.192208558320999 ], [ 4131065.172186200972646, 763471.767691209446639 ], [ 4131065.172186200972646, 763434.343173860572278 ], [ 4131027.747668852098286, 763434.343173860572278 ], [ 4130990.323151503223926, 763434.343173860572278 ], [ 4130952.898634154349566, 763434.343173860572278 ], [ 4130915.474116805475205, 763434.343173860572278 ], [ 4130915.474116805475205, 763396.918656511697918 ], [ 4130915.474116805475205, 763359.494139162823558 ], [ 4130915.474116805475205, 763322.069621813949198 ], [ 4130915.474116805475205, 763284.645104465074837 ], [ 4130889.010986805427819, 763258.181974465027452 ], [ 4130851.586469456553459, 763258.181974465027452 ], [ 4130814.161952107679099, 763258.181974465027452 ], [ 4130776.737434758804739, 763258.181974465027452 ], [ 4130739.312917409930378, 763258.181974465027452 ], [ 4130701.888400061056018, 763258.181974465027452 ], [ 4130664.463882712181658, 763258.181974465027452 ], [ 4130627.039365363307297, 763258.181974465027452 ], [ 4130589.614848014432937, 763258.181974465027452 ], [ 4130589.614848014432937, 763220.757457116153091 ], [ 4130589.614848014432937, 763183.332939767278731 ], [ 4130589.614848014432937, 763145.908422418404371 ], [ 4130589.614848014432937, 763108.48390506953001 ], [ 4130589.614848014432937, 763071.05938772065565 ], [ 4130589.614848014432937, 763033.63487037178129 ], [ 4130589.614848014432937, 762996.210353022906929 ], [ 4130589.614848014432937, 762958.785835674032569 ], [ 4130563.151718014385551, 762932.322705673985183 ], [ 4130525.727200665511191, 762932.322705673985183 ], [ 4130488.302683316636831, 762932.322705673985183 ], [ 4130450.87816596776247, 762932.322705673985183 ], [ 4130413.45364861888811, 762932.322705673985183 ], [ 4130376.02913127001375, 762932.322705673985183 ], [ 4130338.604613921139389, 762932.322705673985183 ], [ 4130301.180096572265029, 762932.322705673985183 ], [ 4130263.755579223390669, 762932.322705673985183 ], [ 4130226.331061874516308, 762932.322705673985183 ], [ 4130188.906544525641948, 762932.322705673985183 ], [ 4130151.482027176767588, 762932.322705673985183 ], [ 4130114.057509827893227, 762932.322705673985183 ], [ 4130087.594379827845842, 762905.859575673937798 ], [ 4130087.594379827845842, 762868.435058325063437 ], [ 4130087.594379827845842, 762831.010540976189077 ], [ 4130087.594379827845842, 762793.586023627314717 ], [ 4130087.594379827845842, 762756.161506278440356 ], [ 4130087.594379827845842, 762718.736988929565996 ], [ 4130087.594379827845842, 762681.312471580691636 ], [ 4130089.066653911024332, 762641.617776580736972 ], [ 4130071.826669319998473, 762601.923081580782309 ], [ 4130034.402151971124113, 762601.923081580782309 ], [ 4129996.977634622249752, 762601.923081580782309 ], [ 4129959.553117273375392, 762601.923081580782309 ], [ 4129922.128599924501032, 762601.923081580782309 ], [ 4129884.704082575626671, 762601.923081580782309 ], [ 4129847.279565226752311, 762601.923081580782309 ], [ 4129809.855047877877951, 762601.923081580782309 ], [ 4129772.43053052900359, 762601.923081580782309 ], [ 4129735.00601318012923, 762601.923081580782309 ], [ 4129697.58149583125487, 762601.923081580782309 ], [ 4129660.156978482380509, 762601.923081580782309 ], [ 4129633.693848482333124, 762575.459951580734923 ], [ 4129633.693848482333124, 762538.035434231860563 ], [ 4129633.693848482333124, 762500.610916882986203 ], [ 4129633.693848482333124, 762463.186399534111843 ], [ 4129607.230718482285738, 762436.723269534064457 ], [ 4129569.806201133411378, 762436.723269534064457 ], [ 4129532.381683784537017, 762436.723269534064457 ], [ 4129494.957166435662657, 762436.723269534064457 ], [ 4129457.532649086788297, 762436.723269534064457 ], [ 4129431.069519086740911, 762410.260139534017071 ], [ 4129431.069519086740911, 762372.835622185142711 ], [ 4129431.069519086740911, 762335.41110483626835 ], [ 4129431.069519086740911, 762297.98658748739399 ], [ 4129404.606389086693525, 762271.523457487346604 ], [ 4129367.181871737819165, 762271.523457487346604 ], [ 4129329.757354388944805, 762271.523457487346604 ], [ 4129292.332837040070444, 762271.523457487346604 ], [ 4129254.908319691196084, 762271.523457487346604 ], [ 4129217.483802342321724, 762271.523457487346604 ], [ 4129180.059284993447363, 762271.523457487346604 ], [ 4129142.634767644573003, 762271.523457487346604 ], [ 4129116.171637644525617, 762245.060327487299219 ], [ 4129116.171637644525617, 762207.635810138424858 ], [ 4129116.171637644525617, 762170.211292789550498 ], [ 4129116.171637644525617, 762132.786775440676138 ], [ 4129089.708507644478232, 762106.323645440628752 ], [ 4129052.283990295603871, 762106.323645440628752 ], [ 4129014.859472946729511, 762106.323645440628752 ], [ 4128977.434955597855151, 762106.323645440628752 ], [ 4128940.01043824898079, 762106.323645440628752 ], [ 4128902.58592090010643, 762106.323645440628752 ], [ 4128865.16140355123207, 762106.323645440628752 ], [ 4128827.736886202357709, 762106.323645440628752 ], [ 4128790.312368853483349, 762106.323645440628752 ], [ 4128763.849238853435963, 762079.860515440581366 ], [ 4128763.849238853435963, 762042.435998091707006 ], [ 4128763.849238853435963, 762005.011480742832646 ], [ 4128763.849238853435963, 761967.586963393958285 ], [ 4128737.386108853388578, 761941.1238333939109 ], [ 4128699.961591504514217, 761941.1238333939109 ], [ 4128662.537074155639857, 761941.1238333939109 ], [ 4128625.112556806765497, 761941.1238333939109 ], [ 4128587.688039457891136, 761941.1238333939109 ], [ 4128550.263522109016776, 761941.1238333939109 ], [ 4128512.839004760142416, 761941.1238333939109 ], [ 4128475.414487411268055, 761941.1238333939109 ], [ 4128448.95135741122067, 761914.660703393863514 ], [ 4128448.95135741122067, 761877.236186044989154 ], [ 4128448.95135741122067, 761839.811668696114793 ], [ 4128448.95135741122067, 761802.387151347240433 ], [ 4128422.488227411173284, 761775.924021347193047 ], [ 4128385.063710062298924, 761775.924021347193047 ], [ 4128347.639192713424563, 761775.924021347193047 ], [ 4128310.214675364550203, 761775.924021347193047 ], [ 4128272.790158015675843, 761775.924021347193047 ], [ 4128235.365640666801482, 761775.924021347193047 ], [ 4128197.941123317927122, 761775.924021347193047 ], [ 4128160.516605969052762, 761775.924021347193047 ], [ 4128134.053475969005376, 761749.460891347145662 ], [ 4128134.053475969005376, 761712.036373998271301 ], [ 4128134.053475969005376, 761674.611856649396941 ], [ 4128134.053475969005376, 761637.187339300522581 ], [ 4128134.053475969005376, 761599.76282195164822 ], [ 4128096.628958620131016, 761599.76282195164822 ], [ 4128059.204441271256655, 761599.76282195164822 ], [ 4128021.779923922382295, 761599.76282195164822 ], [ 4127984.355406573507935, 761599.76282195164822 ], [ 4127946.930889224633574, 761599.76282195164822 ], [ 4127946.930889224633574, 761562.33830460277386 ], [ 4127946.930889224633574, 761524.9137872538995 ], [ 4127946.930889224633574, 761487.489269905025139 ], [ 4127946.930889224633574, 761450.064752556150779 ], [ 4127909.506371875759214, 761450.064752556150779 ], [ 4127872.081854526884854, 761450.064752556150779 ], [ 4127834.657337178010494, 761450.064752556150779 ], [ 4127797.232819829136133, 761450.064752556150779 ], [ 4127759.808302480261773, 761450.064752556150779 ], [ 4127722.383785131387413, 761450.064752556150779 ], [ 4127684.959267782513052, 761450.064752556150779 ], [ 4127647.534750433638692, 761450.064752556150779 ], [ 4127610.110233084764332, 761450.064752556150779 ], [ 4127572.685715735889971, 761450.064752556150779 ], [ 4127535.261198387015611, 761450.064752556150779 ], [ 4127497.836681038141251, 761450.064752556150779 ], [ 4127471.373551038093865, 761423.601622556103393 ], [ 4127471.373551038093865, 761386.177105207229033 ], [ 4127471.373551038093865, 761348.752587858354673 ], [ 4127471.373551038093865, 761311.328070509480312 ], [ 4127471.373551038093865, 761273.903553160605952 ], [ 4127433.949033689219505, 761273.903553160605952 ], [ 4127396.524516340345144, 761273.903553160605952 ], [ 4127359.099998991470784, 761273.903553160605952 ], [ 4127321.675481642596424, 761273.903553160605952 ], [ 4127284.250964293722063, 761273.903553160605952 ], [ 4127246.826446944847703, 761273.903553160605952 ], [ 4127209.401929595973343, 761273.903553160605952 ], [ 4127171.977412247098982, 761273.903553160605952 ], [ 4127134.552894898224622, 761273.903553160605952 ], [ 4127134.552894898224622, 761236.479035811731592 ], [ 4127134.552894898224622, 761199.054518462857231 ], [ 4127134.552894898224622, 761161.630001113982871 ], [ 4127134.552894898224622, 761124.205483765108511 ], [ 4127134.552894898224622, 761086.780966416234151 ], [ 4127134.552894898224622, 761049.35644906735979 ], [ 4127134.552894898224622, 761011.93193171848543 ], [ 4127134.552894898224622, 760974.50741436961107 ], [ 4127108.089764898177236, 760948.044284369563684 ], [ 4127070.665247549302876, 760948.044284369563684 ], [ 4127033.240730200428516, 760948.044284369563684 ], [ 4126995.816212851554155, 760948.044284369563684 ], [ 4126958.391695502679795, 760948.044284369563684 ], [ 4126920.967178153805435, 760948.044284369563684 ], [ 4126883.542660804931074, 760948.044284369563684 ], [ 4126846.118143456056714, 760948.044284369563684 ], [ 4126819.655013456009328, 760921.581154369516298 ], [ 4126819.655013456009328, 760884.156637020641938 ], [ 4126819.655013456009328, 760846.732119671767578 ], [ 4126819.655013456009328, 760809.307602322893217 ], [ 4126793.191883455961943, 760782.844472322845832 ], [ 4126755.767366107087582, 760782.844472322845832 ], [ 4126718.342848758213222, 760782.844472322845832 ], [ 4126680.918331409338862, 760782.844472322845832 ], [ 4126654.455201409291476, 760756.381342322798446 ], [ 4126654.455201409291476, 760718.956824973924085 ], [ 4126654.455201409291476, 760681.532307625049725 ], [ 4126654.455201409291476, 760644.107790276175365 ], [ 4126627.99207140924409, 760617.644660276127979 ], [ 4126590.56755406036973, 760617.644660276127979 ], [ 4126553.14303671149537, 760617.644660276127979 ], [ 4126515.718519362621009, 760617.644660276127979 ], [ 4126478.294002013746649, 760617.644660276127979 ], [ 4126478.294002013746649, 760580.220142927253619 ], [ 4126478.294002013746649, 760542.795625578379259 ], [ 4126478.294002013746649, 760505.371108229504898 ], [ 4126478.294002013746649, 760467.946590880630538 ], [ 4126451.830872013699263, 760441.483460880583152 ], [ 4126414.406354664824903, 760441.483460880583152 ], [ 4126376.981837315950543, 760441.483460880583152 ], [ 4126339.557319967076182, 760441.483460880583152 ], [ 4126302.132802618201822, 760441.483460880583152 ], [ 4126302.132802618201822, 760404.058943531708792 ], [ 4126302.132802618201822, 760366.634426182834432 ], [ 4126302.132802618201822, 760329.209908833960071 ], [ 4126302.132802618201822, 760291.785391485085711 ], [ 4126264.708285269327462, 760291.785391485085711 ], [ 4126227.283767920453101, 760291.785391485085711 ], [ 4126189.859250571578741, 760291.785391485085711 ], [ 4126152.434733222704381, 760291.785391485085711 ], [ 4126115.01021587383002, 760291.785391485085711 ], [ 4126077.58569852495566, 760291.785391485085711 ], [ 4126040.1611811760813, 760291.785391485085711 ], [ 4126002.736663827206939, 760291.785391485085711 ], [ 4126002.736663827206939, 760254.360874136211351 ], [ 4126002.736663827206939, 760216.93635678733699 ], [ 4126002.736663827206939, 760179.51183943846263 ], [ 4126002.736663827206939, 760142.08732208958827 ], [ 4125976.273533827159554, 760115.624192089540884 ], [ 4125938.849016478285193, 760115.624192089540884 ], [ 4125901.424499129410833, 760115.624192089540884 ], [ 4125863.999981780536473, 760115.624192089540884 ], [ 4125826.575464431662112, 760115.624192089540884 ], [ 4125826.575464431662112, 760078.199674740666524 ], [ 4125826.575464431662112, 760040.775157391792163 ], [ 4125828.047738514840603, 760001.0804623918375 ], [ 4125818.292657393496484, 759961.385767391882837 ], [ 4125780.868140044622123, 759961.385767391882837 ], [ 4125743.443622695747763, 759961.385767391882837 ], [ 4125706.019105346873403, 759961.385767391882837 ], [ 4125668.594587997999042, 759961.385767391882837 ], [ 4125631.170070649124682, 759961.385767391882837 ], [ 4125593.745553300250322, 759961.385767391882837 ], [ 4125556.321035951375961, 759961.385767391882837 ], [ 4125518.896518602501601, 759961.385767391882837 ], [ 4125492.433388602454215, 759934.922637391835451 ], [ 4125492.433388602454215, 759897.498120042961091 ], [ 4125492.433388602454215, 759860.07360269408673 ], [ 4125492.433388602454215, 759822.64908534521237 ], [ 4125465.97025860240683, 759796.185955345164984 ], [ 4125428.545741253532469, 759796.185955345164984 ], [ 4125391.121223904658109, 759796.185955345164984 ], [ 4125353.696706555783749, 759796.185955345164984 ], [ 4125316.272189206909388, 759796.185955345164984 ], [ 4125278.847671858035028, 759796.185955345164984 ], [ 4125241.423154509160668, 759796.185955345164984 ], [ 4125203.998637160286307, 759796.185955345164984 ], [ 4125166.574119811411947, 759796.185955345164984 ], [ 4125166.574119811411947, 759758.761437996290624 ], [ 4125166.574119811411947, 759721.336920647416264 ], [ 4125166.574119811411947, 759683.912403298541903 ], [ 4125166.574119811411947, 759646.487885949667543 ], [ 4125166.574119811411947, 759609.063368600793183 ], [ 4125166.574119811411947, 759571.638851251918823 ], [ 4125166.574119811411947, 759534.214333903044462 ], [ 4125164.303942159749568, 759494.519638903089799 ], [ 4125158.291312773246318, 759454.824943903135136 ], [ 4125120.866795424371958, 759454.824943903135136 ], [ 4125083.442278075497597, 759454.824943903135136 ], [ 4125046.017760726623237, 759454.824943903135136 ], [ 4125008.593243377748877, 759454.824943903135136 ], [ 4124971.168726028874516, 759454.824943903135136 ], [ 4124933.744208680000156, 759454.824943903135136 ], [ 4124896.319691331125796, 759454.824943903135136 ], [ 4124858.895173982251436, 759454.824943903135136 ], [ 4124821.470656633377075, 759454.824943903135136 ], [ 4124821.470656633377075, 759417.400426554260775 ], [ 4124821.470656633377075, 759379.975909205386415 ], [ 4124822.942930716555566, 759340.281214205431752 ], [ 4124798.218042655847967, 759300.586519205477089 ], [ 4124760.793525306973606, 759300.586519205477089 ], [ 4124723.369007958099246, 759300.586519205477089 ], [ 4124685.944490609224886, 759300.586519205477089 ], [ 4124648.519973260350525, 759300.586519205477089 ], [ 4124611.095455911476165, 759300.586519205477089 ], [ 4124573.670938562601805, 759300.586519205477089 ], [ 4124536.246421213727444, 759300.586519205477089 ], [ 4124509.783291213680059, 759274.123389205429703 ], [ 4124509.783291213680059, 759236.698871856555343 ], [ 4124509.783291213680059, 759199.274354507680982 ], [ 4124509.783291213680059, 759161.849837158806622 ], [ 4124509.783291213680059, 759124.425319809932262 ], [ 4124472.358773864805698, 759124.425319809932262 ], [ 4124434.934256515931338, 759124.425319809932262 ], [ 4124397.509739167056978, 759124.425319809932262 ], [ 4124360.085221818182617, 759124.425319809932262 ], [ 4124322.660704469308257, 759124.425319809932262 ], [ 4124285.236187120433897, 759124.425319809932262 ], [ 4124247.811669771559536, 759124.425319809932262 ], [ 4124210.387152422685176, 759124.425319809932262 ], [ 4124183.92402242263779, 759097.962189809884876 ], [ 4124183.92402242263779, 759060.537672461010516 ], [ 4124183.92402242263779, 759023.113155112136155 ], [ 4124183.92402242263779, 758985.688637763261795 ], [ 4124157.460892422590405, 758959.225507763214409 ], [ 4124120.036375073716044, 758959.225507763214409 ], [ 4124082.611857724841684, 758959.225507763214409 ], [ 4124045.187340375967324, 758959.225507763214409 ], [ 4124018.724210375919938, 758932.762377763167024 ], [ 4124018.724210375919938, 758895.337860414292663 ], [ 4124018.724210375919938, 758857.913343065418303 ], [ 4124018.724210375919938, 758820.488825716543943 ], [ 4123992.261080375872552, 758794.025695716496557 ], [ 4123954.836563026998192, 758794.025695716496557 ], [ 4123917.412045678123832, 758794.025695716496557 ], [ 4123879.987528329249471, 758794.025695716496557 ], [ 4123842.563010980375111, 758794.025695716496557 ], [ 4123805.138493631500751, 758794.025695716496557 ], [ 4123767.71397628262639, 758794.025695716496557 ], [ 4123730.28945893375203, 758794.025695716496557 ], [ 4123703.826328933704644, 758767.562565716449171 ], [ 4123703.826328933704644, 758730.138048367574811 ], [ 4123703.826328933704644, 758692.713531018700451 ], [ 4123703.826328933704644, 758655.28901366982609 ], [ 4123677.363198933657259, 758628.825883669778705 ], [ 4123639.938681584782898, 758628.825883669778705 ], [ 4123602.514164235908538, 758628.825883669778705 ], [ 4123565.089646887034178, 758628.825883669778705 ], [ 4123527.665129538159817, 758628.825883669778705 ], [ 4123490.240612189285457, 758628.825883669778705 ], [ 4123452.816094840411097, 758628.825883669778705 ], [ 4123415.391577491536736, 758628.825883669778705 ], [ 4123377.967060142662376, 758628.825883669778705 ], [ 4123340.542542793788016, 758628.825883669778705 ], [ 4123340.542542793788016, 758591.401366320904344 ], [ 4123340.542542793788016, 758553.976848972029984 ], [ 4123340.542542793788016, 758516.552331623155624 ], [ 4123340.542542793788016, 758479.127814274281263 ], [ 4123340.542542793788016, 758441.703296925406903 ], [ 4123340.542542793788016, 758404.278779576532543 ], [ 4123340.542542793788016, 758366.854262227658182 ], [ 4123338.272365142125636, 758327.159567227703519 ], [ 4123321.032380551099777, 758287.464872227748856 ], [ 4123283.607863202225417, 758287.464872227748856 ], [ 4123246.183345853351057, 758287.464872227748856 ], [ 4123208.758828504476696, 758287.464872227748856 ], [ 4123171.334311155602336, 758287.464872227748856 ], [ 4123133.909793806727976, 758287.464872227748856 ], [ 4123096.485276457853615, 758287.464872227748856 ], [ 4123059.060759108979255, 758287.464872227748856 ], [ 4123021.636241760104895, 758287.464872227748856 ], [ 4123021.636241760104895, 758250.040354878874496 ], [ 4123021.636241760104895, 758212.615837530000135 ], [ 4123023.108515843283385, 758172.921142530045472 ], [ 4123009.610982987098396, 758133.226447530090809 ], [ 4122972.186465638224036, 758133.226447530090809 ], [ 4122934.761948289349675, 758133.226447530090809 ], [ 4122897.337430940475315, 758133.226447530090809 ], [ 4122859.912913591600955, 758133.226447530090809 ], [ 4122822.488396242726594, 758133.226447530090809 ], [ 4122785.063878893852234, 758133.226447530090809 ], [ 4122747.639361544977874, 758133.226447530090809 ], [ 4122721.176231544930488, 758106.763317530043423 ], [ 4122721.176231544930488, 758069.338800181169063 ], [ 4122721.176231544930488, 758031.914282832294703 ], [ 4122721.176231544930488, 757994.489765483420342 ], [ 4122694.713101544883102, 757968.026635483372957 ], [ 4122657.288584196008742, 757968.026635483372957 ], [ 4122619.864066847134382, 757968.026635483372957 ], [ 4122582.439549498260021, 757968.026635483372957 ], [ 4122545.015032149385661, 757968.026635483372957 ], [ 4122518.551902149338275, 757941.563505483325571 ], [ 4122518.551902149338275, 757904.13898813445121 ], [ 4122518.551902149338275, 757866.71447078557685 ], [ 4122520.024176232516766, 757827.019775785622187 ], [ 4122506.526643376331776, 757787.325080785667524 ], [ 4122469.102126027457416, 757787.325080785667524 ], [ 4122431.677608678583056, 757787.325080785667524 ], [ 4122394.253091329708695, 757787.325080785667524 ], [ 4122356.828573980834335, 757787.325080785667524 ], [ 4122319.404056631959975, 757787.325080785667524 ], [ 4122281.979539283085614, 757787.325080785667524 ], [ 4122244.555021934211254, 757787.325080785667524 ], [ 4122207.130504585336894, 757787.325080785667524 ], [ 4122207.130504585336894, 757749.900563436793163 ], [ 4122207.130504585336894, 757712.476046087918803 ], [ 4122207.130504585336894, 757675.051528739044443 ], [ 4122207.130504585336894, 757637.627011390170082 ], [ 4122169.705987236462533, 757637.627011390170082 ], [ 4122132.281469887588173, 757637.627011390170082 ], [ 4122094.856952538713813, 757637.627011390170082 ], [ 4122057.432435189839453, 757637.627011390170082 ], [ 4122020.007917840965092, 757637.627011390170082 ], [ 4121982.583400492090732, 757637.627011390170082 ], [ 4121945.158883143216372, 757637.627011390170082 ], [ 4121907.734365794342011, 757637.627011390170082 ], [ 4121881.271235794294626, 757611.163881390122697 ], [ 4121881.271235794294626, 757573.739364041248336 ], [ 4121881.271235794294626, 757536.314846692373976 ], [ 4121881.271235794294626, 757498.890329343499616 ], [ 4121854.80810579424724, 757472.42719934345223 ], [ 4121817.38358844537288, 757472.42719934345223 ], [ 4121779.959071096498519, 757472.42719934345223 ], [ 4121742.534553747624159, 757472.42719934345223 ], [ 4121705.110036398749799, 757472.42719934345223 ], [ 4121667.685519049875438, 757472.42719934345223 ], [ 4121630.261001701001078, 757472.42719934345223 ], [ 4121592.836484352126718, 757472.42719934345223 ], [ 4121555.411967003252357, 757472.42719934345223 ], [ 4121517.987449654377997, 757472.42719934345223 ], [ 4121480.562932305503637, 757472.42719934345223 ], [ 4121443.138414956629276, 757472.42719934345223 ], [ 4121405.713897607754916, 757472.42719934345223 ], [ 4121379.25076760770753, 757445.964069343404844 ], [ 4121379.25076760770753, 757408.539551994530484 ], [ 4121379.25076760770753, 757371.115034645656124 ], [ 4121379.25076760770753, 757333.690517296781763 ], [ 4121352.787637607660145, 757307.227387296734378 ], [ 4121315.363120258785784, 757307.227387296734378 ], [ 4121277.938602909911424, 757307.227387296734378 ], [ 4121240.514085561037064, 757307.227387296734378 ], [ 4121240.514085561037064, 757269.802869947860017 ], [ 4121240.514085561037064, 757232.378352598985657 ], [ 4121240.514085561037064, 757194.953835250111297 ], [ 4121240.514085561037064, 757157.529317901236936 ], [ 4121214.050955560989678, 757131.066187901189551 ], [ 4121176.626438212115318, 757131.066187901189551 ], [ 4121139.201920863240957, 757131.066187901189551 ], [ 4121101.777403514366597, 757131.066187901189551 ], [ 4121064.352886165492237, 757131.066187901189551 ], [ 4121026.928368816617876, 757131.066187901189551 ], [ 4120989.503851467743516, 757131.066187901189551 ], [ 4120952.079334118869156, 757131.066187901189551 ], [ 4120914.654816769994795, 757131.066187901189551 ], [ 4120877.230299421120435, 757131.066187901189551 ], [ 4120877.230299421120435, 757093.64167055231519 ], [ 4120877.230299421120435, 757056.21715320344083 ], [ 4120878.702573504298925, 757016.522458203486167 ], [ 4120868.947492382954806, 756976.827763203531504 ], [ 4120831.522975034080446, 756976.827763203531504 ], [ 4120794.098457685206085, 756976.827763203531504 ], [ 4120756.673940336331725, 756976.827763203531504 ], [ 4120719.249422987457365, 756976.827763203531504 ], [ 4120681.824905638583004, 756976.827763203531504 ], [ 4120644.400388289708644, 756976.827763203531504 ], [ 4120606.975870940834284, 756976.827763203531504 ], [ 4120569.551353591959924, 756976.827763203531504 ], [ 4120532.126836243085563, 756976.827763203531504 ], [ 4120494.702318894211203, 756976.827763203531504 ], [ 4120457.277801545336843, 756976.827763203531504 ], [ 4120419.853284196462482, 756976.827763203531504 ], [ 4120382.428766847588122, 756976.827763203531504 ], [ 4120345.004249498713762, 756976.827763203531504 ], [ 4120307.579732149839401, 756976.827763203531504 ], [ 4120270.155214800965041, 756976.827763203531504 ], [ 4120232.730697452090681, 756976.827763203531504 ], [ 4120232.730697452090681, 756939.403245854657143 ], [ 4120232.730697452090681, 756901.978728505782783 ], [ 4120232.730697452090681, 756864.554211156908423 ], [ 4120232.730697452090681, 756827.129693808034062 ], [ 4120206.267567452043295, 756800.666563807986677 ], [ 4120168.843050103168935, 756800.666563807986677 ], [ 4120131.418532754294574, 756800.666563807986677 ], [ 4120093.994015405420214, 756800.666563807986677 ], [ 4120056.569498056545854, 756800.666563807986677 ], [ 4120056.569498056545854, 756763.242046459112316 ], [ 4120056.569498056545854, 756725.817529110237956 ], [ 4120058.041772139724344, 756686.122834110283293 ], [ 4120025.831980609335005, 756646.42813911032863 ], [ 4119988.407463260460645, 756646.42813911032863 ], [ 4119950.982945911586285, 756646.42813911032863 ], [ 4119913.558428562711924, 756646.42813911032863 ], [ 4119887.095298562664539, 756672.891269110376015 ], [ 4119887.095298562664539, 756710.315786459250376 ], [ 4119887.095298562664539, 756747.740303808124736 ], [ 4119887.095298562664539, 756785.164821156999096 ], [ 4119860.632168562617153, 756811.627951157046482 ], [ 4119823.207651213742793, 756811.627951157046482 ], [ 4119785.783133864868432, 756811.627951157046482 ], [ 4119759.320003864821047, 756785.164821156999096 ], [ 4119759.320003864821047, 756747.740303808124736 ], [ 4119759.320003864821047, 756710.315786459250376 ], [ 4119759.320003864821047, 756672.891269110376015 ], [ 4119732.856873864773661, 756646.42813911032863 ], [ 4119695.432356515899301, 756646.42813911032863 ], [ 4119658.00783916702494, 756646.42813911032863 ], [ 4119620.58332181815058, 756646.42813911032863 ], [ 4119583.15880446927622, 756646.42813911032863 ], [ 4119545.734287120401859, 756646.42813911032863 ], [ 4119508.309769771527499, 756646.42813911032863 ], [ 4119470.885252422653139, 756646.42813911032863 ], [ 4119433.460735073778778, 756646.42813911032863 ], [ 4119406.997605073731393, 756619.965009110281244 ], [ 4119406.997605073731393, 756582.540491761406884 ], [ 4119406.997605073731393, 756545.115974412532523 ], [ 4119406.997605073731393, 756507.691457063658163 ], [ 4119380.534475073684007, 756481.228327063610777 ], [ 4119343.109957724809647, 756481.228327063610777 ], [ 4119305.685440375935286, 756481.228327063610777 ], [ 4119268.260923027060926, 756481.228327063610777 ], [ 4119241.79779302701354, 756454.765197063563392 ], [ 4119241.79779302701354, 756417.340679714689031 ], [ 4119241.79779302701354, 756379.916162365814671 ], [ 4119241.79779302701354, 756342.491645016940311 ], [ 4119215.334663026966155, 756316.028515016892925 ], [ 4119177.910145678091794, 756316.028515016892925 ], [ 4119140.485628329217434, 756316.028515016892925 ], [ 4119103.061110980343074, 756316.028515016892925 ], [ 4119065.636593631468713, 756316.028515016892925 ], [ 4119028.212076282594353, 756316.028515016892925 ], [ 4118990.787558933719993, 756316.028515016892925 ], [ 4118953.363041584845632, 756316.028515016892925 ], [ 4118926.899911584798247, 756289.565385016845539 ], [ 4118926.899911584798247, 756252.140867667971179 ], [ 4118926.899911584798247, 756214.716350319096819 ], [ 4118926.899911584798247, 756177.291832970222458 ], [ 4118900.436781584750861, 756150.828702970175073 ], [ 4118863.012264235876501, 756150.828702970175073 ], [ 4118825.58774688700214, 756150.828702970175073 ], [ 4118788.16322953812778, 756150.828702970175073 ], [ 4118750.73871218925342, 756150.828702970175073 ], [ 4118750.73871218925342, 756113.404185621300712 ], [ 4118750.73871218925342, 756075.979668272426352 ], [ 4118750.73871218925342, 756038.555150923551992 ], [ 4118750.73871218925342, 756001.130633574677631 ], [ 4118724.275582189206034, 755974.667503574630246 ], [ 4118686.851064840331674, 755974.667503574630246 ], [ 4118649.426547491457313, 755974.667503574630246 ], [ 4118612.002030142582953, 755974.667503574630246 ], [ 4118574.577512793708593, 755974.667503574630246 ], [ 4118537.152995444834232, 755974.667503574630246 ], [ 4118499.728478095959872, 755974.667503574630246 ], [ 4118462.303960747085512, 755974.667503574630246 ], [ 4118424.879443398211151, 755974.667503574630246 ], [ 4118424.879443398211151, 755937.242986225755885 ], [ 4118424.879443398211151, 755899.818468876881525 ], [ 4118424.879443398211151, 755862.393951528007165 ], [ 4118424.879443398211151, 755824.969434179132804 ], [ 4118387.454926049336791, 755824.969434179132804 ], [ 4118350.030408700462431, 755824.969434179132804 ], [ 4118312.60589135158807, 755824.969434179132804 ], [ 4118275.18137400271371, 755824.969434179132804 ], [ 4118237.75685665383935, 755824.969434179132804 ], [ 4118200.332339304964989, 755824.969434179132804 ], [ 4118162.907821956090629, 755824.969434179132804 ], [ 4118125.483304607216269, 755824.969434179132804 ], [ 4118099.020174607168883, 755798.506304179085419 ], [ 4118099.020174607168883, 755761.081786830211058 ], [ 4118099.020174607168883, 755723.657269481336698 ], [ 4118099.020174607168883, 755686.232752132462338 ], [ 4118099.020174607168883, 755648.808234783587977 ], [ 4118099.020174607168883, 755611.383717434713617 ], [ 4118099.020174607168883, 755573.959200085839257 ], [ 4118100.492448690347373, 755534.264505085884593 ], [ 4118094.479819303844124, 755494.56981008592993 ], [ 4118057.055301954969764, 755494.56981008592993 ], [ 4118019.630784606095403, 755494.56981008592993 ], [ 4117982.206267257221043, 755494.56981008592993 ], [ 4117944.781749908346683, 755494.56981008592993 ], [ 4117907.357232559472322, 755494.56981008592993 ], [ 4117869.932715210597962, 755494.56981008592993 ], [ 4117832.508197861723602, 755494.56981008592993 ], [ 4117795.083680512849241, 755494.56981008592993 ], [ 4117768.620550512801856, 755468.106680085882545 ], [ 4117768.620550512801856, 755430.682162737008184 ], [ 4117768.620550512801856, 755393.257645388133824 ], [ 4117768.620550512801856, 755355.833128039259464 ], [ 4117742.15742051275447, 755329.369998039212078 ], [ 4117704.73290316388011, 755329.369998039212078 ], [ 4117667.308385815005749, 755329.369998039212078 ], [ 4117629.883868466131389, 755329.369998039212078 ], [ 4117603.420738466084003, 755302.906868039164692 ], [ 4117603.420738466084003, 755265.482350690290332 ], [ 4117603.420738466084003, 755228.057833341415972 ], [ 4117603.420738466084003, 755190.633315992541611 ], [ 4117603.420738466084003, 755153.208798643667251 ], [ 4117565.996221117209643, 755153.208798643667251 ], [ 4117528.571703768335283, 755153.208798643667251 ], [ 4117491.147186419460922, 755153.208798643667251 ], [ 4117453.722669070586562, 755153.208798643667251 ], [ 4117453.722669070586562, 755115.784281294792891 ], [ 4117453.722669070586562, 755078.35976394591853 ], [ 4117453.722669070586562, 755040.93524659704417 ], [ 4117453.722669070586562, 755003.51072924816981 ], [ 4117453.722669070586562, 754966.086211899295449 ], [ 4117453.722669070586562, 754928.661694550421089 ], [ 4117453.722669070586562, 754891.237177201546729 ], [ 4117453.722669070586562, 754853.812659852672368 ], [ 4117427.259539070539176, 754827.349529852624983 ], [ 4117389.835021721664816, 754827.349529852624983 ], [ 4117352.410504372790456, 754827.349529852624983 ], [ 4117314.985987023916095, 754827.349529852624983 ], [ 4117277.561469675041735, 754827.349529852624983 ], [ 4117251.098339674994349, 754800.886399852577597 ], [ 4117251.098339674994349, 754763.461882503703237 ], [ 4117251.098339674994349, 754726.037365154828876 ], [ 4117251.098339674994349, 754688.612847805954516 ], [ 4117224.635209674946964, 754662.14971780590713 ], [ 4117187.210692326072603, 754662.14971780590713 ], [ 4117149.786174977198243, 754662.14971780590713 ], [ 4117112.361657628323883, 754662.14971780590713 ], [ 4117112.361657628323883, 754624.72520045703277 ], [ 4117112.361657628323883, 754587.30068310815841 ], [ 4117112.361657628323883, 754549.876165759284049 ], [ 4117112.361657628323883, 754512.451648410409689 ], [ 4117085.898527628276497, 754485.988518410362303 ], [ 4117048.474010279402137, 754485.988518410362303 ], [ 4117011.049492930527776, 754485.988518410362303 ], [ 4116973.624975581653416, 754485.988518410362303 ], [ 4116936.200458232779056, 754485.988518410362303 ], [ 4116936.200458232779056, 754448.564001061487943 ], [ 4116936.200458232779056, 754411.139483712613583 ], [ 4116936.200458232779056, 754373.714966363739222 ], [ 4116936.200458232779056, 754336.290449014864862 ], [ 4116936.200458232779056, 754298.865931665990502 ], [ 4116936.200458232779056, 754261.441414317116141 ], [ 4116936.200458232779056, 754224.016896968241781 ], [ 4116936.200458232779056, 754186.592379619367421 ], [ 4116909.73732823273167, 754160.129249619320035 ], [ 4116872.31281088385731, 754160.129249619320035 ], [ 4116834.888293534982949, 754160.129249619320035 ], [ 4116797.463776186108589, 754160.129249619320035 ], [ 4116797.463776186108589, 754122.704732270445675 ], [ 4116797.463776186108589, 754085.280214921571314 ], [ 4116797.463776186108589, 754047.855697572696954 ], [ 4116797.463776186108589, 754010.431180223822594 ], [ 4116797.463776186108589, 753973.006662874948233 ], [ 4116797.463776186108589, 753935.582145526073873 ], [ 4116797.463776186108589, 753898.157628177199513 ], [ 4116797.463776186108589, 753860.733110828325152 ], [ 4116771.000646186061203, 753834.269980828277767 ], [ 4116733.576128837186843, 753834.269980828277767 ], [ 4116696.151611488312483, 753834.269980828277767 ], [ 4116658.727094139438123, 753834.269980828277767 ], [ 4116621.302576790563762, 753834.269980828277767 ], [ 4116621.302576790563762, 753796.845463479403406 ], [ 4116621.302576790563762, 753759.420946130529046 ], [ 4116621.302576790563762, 753721.996428781654686 ], [ 4116621.302576790563762, 753684.571911432780325 ], [ 4116621.302576790563762, 753647.147394083905965 ], [ 4116621.302576790563762, 753609.722876735031605 ], [ 4116621.302576790563762, 753572.298359386157244 ], [ 4116621.302576790563762, 753534.873842037282884 ], [ 4116594.839446790516376, 753508.410712037235498 ], [ 4116557.414929441642016, 753508.410712037235498 ], [ 4116519.990412092767656, 753508.410712037235498 ], [ 4116482.565894743893296, 753508.410712037235498 ], [ 4116456.10276474384591, 753481.947582037188113 ], [ 4116456.10276474384591, 753444.523064688313752 ], [ 4116456.10276474384591, 753407.098547339439392 ], [ 4116456.10276474384591, 753369.674029990565032 ], [ 4116456.10276474384591, 753332.249512641690671 ], [ 4116456.10276474384591, 753294.824995292816311 ], [ 4116456.10276474384591, 753257.400477943941951 ], [ 4116456.10276474384591, 753219.97596059506759 ], [ 4116456.10276474384591, 753182.55144324619323 ], [ 4116456.10276474384591, 753145.12692589731887 ], [ 4116456.10276474384591, 753107.70240854844451 ], [ 4116456.10276474384591, 753070.277891199570149 ], [ 4116456.10276474384591, 753032.853373850695789 ], [ 4116429.639634743798524, 753006.390243850648403 ], [ 4116392.215117394924164, 753006.390243850648403 ], [ 4116354.790600046049803, 753006.390243850648403 ], [ 4116317.366082697175443, 753006.390243850648403 ], [ 4116290.902952697128057, 752979.927113850601017 ], [ 4116290.902952697128057, 752942.502596501726657 ], [ 4116290.902952697128057, 752905.078079152852297 ], [ 4116290.902952697128057, 752867.653561803977937 ], [ 4116264.439822697080672, 752841.190431803930551 ], [ 4116227.015305348206311, 752841.190431803930551 ], [ 4116189.590787999331951, 752841.190431803930551 ], [ 4116152.166270650457591, 752841.190431803930551 ], [ 4116114.74175330158323, 752841.190431803930551 ], [ 4116114.74175330158323, 752803.76591445505619 ], [ 4116114.74175330158323, 752766.34139710618183 ], [ 4116114.74175330158323, 752728.91687975730747 ], [ 4116114.74175330158323, 752691.49236240843311 ], [ 4116114.74175330158323, 752654.067845059558749 ], [ 4116114.74175330158323, 752616.643327710684389 ], [ 4116114.74175330158323, 752579.218810361810029 ], [ 4116114.74175330158323, 752541.794293012935668 ], [ 4116088.278623301535845, 752515.331163012888283 ], [ 4116050.854105952661484, 752515.331163012888283 ], [ 4116013.429588603787124, 752515.331163012888283 ], [ 4115976.005071254912764, 752515.331163012888283 ], [ 4115976.005071254912764, 752477.906645664013922 ], [ 4115976.005071254912764, 752440.482128315139562 ], [ 4115976.005071254912764, 752403.057610966265202 ], [ 4115976.005071254912764, 752365.633093617390841 ], [ 4115976.005071254912764, 752328.208576268516481 ], [ 4115976.005071254912764, 752290.784058919642121 ], [ 4115976.005071254912764, 752253.35954157076776 ], [ 4115976.005071254912764, 752215.9350242218934 ], [ 4115976.005071254912764, 752178.51050687301904 ], [ 4115976.005071254912764, 752141.085989524144679 ], [ 4115976.005071254912764, 752103.661472175270319 ], [ 4115976.005071254912764, 752066.236954826395959 ], [ 4115976.005071254912764, 752028.812437477521598 ], [ 4115949.541941254865378, 752002.349307477474213 ], [ 4115912.117423905991018, 752002.349307477474213 ], [ 4115874.692906557116657, 752002.349307477474213 ], [ 4115837.268389208242297, 752002.349307477474213 ], [ 4115799.843871859367937, 752002.349307477474213 ], [ 4115799.843871859367937, 751964.924790128599852 ], [ 4115799.843871859367937, 751927.500272779725492 ], [ 4115799.843871859367937, 751890.075755430851132 ], [ 4115799.843871859367937, 751852.651238081976771 ], [ 4115799.843871859367937, 751815.226720733102411 ], [ 4115799.843871859367937, 751777.802203384228051 ], [ 4115799.843871859367937, 751740.37768603535369 ], [ 4115799.843871859367937, 751702.95316868647933 ], [ 4115799.843871859367937, 751665.52865133760497 ], [ 4115799.843871859367937, 751628.104133988730609 ], [ 4115799.843871859367937, 751590.679616639856249 ], [ 4115799.843871859367937, 751553.255099290981889 ], [ 4115799.843871859367937, 751515.830581942107528 ], [ 4115762.419354510493577, 751515.830581942107528 ], [ 4115724.994837161619216, 751515.830581942107528 ], [ 4115687.570319812744856, 751515.830581942107528 ], [ 4115650.145802463870496, 751515.830581942107528 ], [ 4115612.721285114996135, 751515.830581942107528 ], [ 4115612.721285114996135, 751478.406064593233168 ], [ 4115612.721285114996135, 751440.981547244358808 ], [ 4115612.721285114996135, 751403.557029895484447 ], [ 4115612.721285114996135, 751366.132512546610087 ], [ 4115612.721285114996135, 751328.707995197735727 ], [ 4115612.721285114996135, 751291.283477848861367 ], [ 4115612.721285114996135, 751253.858960499987006 ], [ 4115612.721285114996135, 751216.434443151112646 ], [ 4115586.25815511494875, 751189.97131315106526 ], [ 4115548.833637766074389, 751189.97131315106526 ], [ 4115511.409120417200029, 751189.97131315106526 ], [ 4115473.984603068325669, 751189.97131315106526 ], [ 4115473.984603068325669, 751152.5467958021909 ], [ 4115473.984603068325669, 751115.12227845331654 ], [ 4115473.984603068325669, 751077.697761104442179 ], [ 4115473.984603068325669, 751040.273243755567819 ], [ 4115473.984603068325669, 751002.848726406693459 ], [ 4115473.984603068325669, 750965.424209057819098 ], [ 4115473.984603068325669, 750927.999691708944738 ], [ 4115473.984603068325669, 750890.575174360070378 ], [ 4115447.521473068278283, 750864.112044360022992 ], [ 4115410.096955719403923, 750864.112044360022992 ], [ 4115372.672438370529562, 750864.112044360022992 ], [ 4115335.247921021655202, 750864.112044360022992 ], [ 4115297.823403672780842, 750864.112044360022992 ], [ 4115297.823403672780842, 750826.687527011148632 ], [ 4115297.823403672780842, 750789.263009662274271 ], [ 4115297.823403672780842, 750751.838492313399911 ], [ 4115297.823403672780842, 750714.413974964525551 ], [ 4115297.823403672780842, 750676.98945761565119 ], [ 4115297.823403672780842, 750639.56494026677683 ], [ 4115297.823403672780842, 750602.14042291790247 ], [ 4115297.823403672780842, 750564.715905569028109 ], [ 4115297.823403672780842, 750527.291388220153749 ], [ 4115297.823403672780842, 750489.866870871279389 ], [ 4115297.823403672780842, 750452.442353522405028 ], [ 4115297.823403672780842, 750415.017836173530668 ], [ 4115297.823403672780842, 750377.593318824656308 ], [ 4115271.360273672733456, 750351.130188824608922 ], [ 4115233.935756323859096, 750351.130188824608922 ], [ 4115196.511238974984735, 750351.130188824608922 ], [ 4115159.086721626110375, 750351.130188824608922 ], [ 4115159.086721626110375, 750313.705671475734562 ], [ 4115159.086721626110375, 750276.281154126860201 ], [ 4115159.086721626110375, 750238.856636777985841 ], [ 4115159.086721626110375, 750201.432119429111481 ], [ 4115159.086721626110375, 750164.00760208023712 ], [ 4115159.086721626110375, 750126.58308473136276 ], [ 4115159.086721626110375, 750089.1585673824884 ], [ 4115159.086721626110375, 750051.734050033614039 ], [ 4115159.086721626110375, 750014.309532684739679 ], [ 4115159.086721626110375, 749976.885015335865319 ], [ 4115159.086721626110375, 749939.460497986990958 ], [ 4115159.086721626110375, 749902.035980638116598 ], [ 4115159.086721626110375, 749864.611463289242238 ], [ 4115159.086721626110375, 749827.186945940367877 ], [ 4115159.086721626110375, 749789.762428591493517 ], [ 4115159.086721626110375, 749752.337911242619157 ], [ 4115159.086721626110375, 749714.913393893744797 ], [ 4115159.086721626110375, 749677.488876544870436 ], [ 4115159.086721626110375, 749640.064359195996076 ], [ 4115159.086721626110375, 749602.639841847121716 ], [ 4115159.086721626110375, 749565.215324498247355 ], [ 4115132.623591626062989, 749538.75219449819997 ], [ 4115095.199074277188629, 749538.75219449819997 ], [ 4115057.774556928314269, 749538.75219449819997 ], [ 4115020.350039579439908, 749538.75219449819997 ], [ 4114982.925522230565548, 749538.75219449819997 ], [ 4114982.925522230565548, 749501.327677149325609 ], [ 4114982.925522230565548, 749463.903159800451249 ], [ 4114982.925522230565548, 749426.478642451576889 ], [ 4114982.925522230565548, 749389.054125102702528 ], [ 4114982.925522230565548, 749351.629607753828168 ], [ 4114982.925522230565548, 749314.205090404953808 ], [ 4114982.925522230565548, 749276.780573056079447 ], [ 4114982.925522230565548, 749239.356055707205087 ], [ 4114982.925522230565548, 749201.931538358330727 ], [ 4114982.925522230565548, 749164.507021009456366 ], [ 4114982.925522230565548, 749127.082503660582006 ], [ 4114982.925522230565548, 749089.657986311707646 ], [ 4114982.925522230565548, 749052.233468962833285 ], [ 4114982.925522230565548, 749014.808951613958925 ], [ 4114982.925522230565548, 748977.384434265084565 ], [ 4114982.925522230565548, 748939.959916916210204 ], [ 4114982.925522230565548, 748902.535399567335844 ], [ 4114982.925522230565548, 748865.110882218461484 ], [ 4114982.925522230565548, 748827.686364869587123 ], [ 4114982.925522230565548, 748790.261847520712763 ], [ 4114982.925522230565548, 748752.837330171838403 ], [ 4114982.925522230565548, 748715.412812822964042 ], [ 4114982.925522230565548, 748677.988295474089682 ], [ 4114982.925522230565548, 748640.563778125215322 ], [ 4114982.925522230565548, 748603.139260776340961 ], [ 4114982.925522230565548, 748565.714743427466601 ], [ 4114982.925522230565548, 748528.290226078592241 ], [ 4114982.925522230565548, 748490.86570872971788 ], [ 4114982.925522230565548, 748453.44119138084352 ], [ 4114982.925522230565548, 748416.01667403196916 ], [ 4114982.925522230565548, 748378.5921566830948 ], [ 4114982.925522230565548, 748341.167639334220439 ], [ 4114982.925522230565548, 748303.743121985346079 ], [ 4114982.925522230565548, 748266.318604636471719 ], [ 4114982.925522230565548, 748228.894087287597358 ], [ 4114956.462392230518162, 748202.430957287549973 ], [ 4114919.037874881643802, 748202.430957287549973 ], [ 4114881.613357532769442, 748202.430957287549973 ], [ 4114844.188840183895081, 748202.430957287549973 ], [ 4114806.764322835020721, 748202.430957287549973 ], [ 4114769.339805486146361, 748202.430957287549973 ], [ 4114731.915288137272, 748202.430957287549973 ], [ 4114694.49077078839764, 748202.430957287549973 ], [ 4114657.06625343952328, 748202.430957287549973 ], [ 4114619.641736090648919, 748202.430957287549973 ], [ 4114582.217218741774559, 748202.430957287549973 ], [ 4114544.792701392900199, 748202.430957287549973 ], [ 4114507.368184044025838, 748202.430957287549973 ], [ 4114469.943666695151478, 748202.430957287549973 ], [ 4114432.519149346277118, 748202.430957287549973 ], [ 4114395.094631997402757, 748202.430957287549973 ], [ 4114357.670114648528397, 748202.430957287549973 ], [ 4114320.245597299654037, 748202.430957287549973 ], [ 4114320.245597299654037, 748165.006439938675612 ], [ 4114320.245597299654037, 748127.581922589801252 ], [ 4114320.245597299654037, 748090.157405240926892 ], [ 4114320.245597299654037, 748052.732887892052531 ], [ 4114282.821079950779676, 748052.732887892052531 ], [ 4114245.396562601905316, 748052.732887892052531 ], [ 4114207.972045253030956, 748052.732887892052531 ], [ 4114170.547527904156595, 748052.732887892052531 ], [ 4114144.08439790410921, 748026.269757892005146 ], [ 4114144.08439790410921, 747988.845240543130785 ], [ 4114144.08439790410921, 747951.420723194256425 ], [ 4114144.08439790410921, 747913.996205845382065 ], [ 4114117.621267904061824, 747887.533075845334679 ], [ 4114080.196750555187464, 747887.533075845334679 ], [ 4114042.772233206313103, 747887.533075845334679 ], [ 4114005.347715857438743, 747887.533075845334679 ], [ 4113967.923198508564383, 747887.533075845334679 ], [ 4113930.498681159690022, 747887.533075845334679 ], [ 4113893.074163810815662, 747887.533075845334679 ], [ 4113855.649646461941302, 747887.533075845334679 ], [ 4113829.186516461893916, 747861.069945845287293 ], [ 4113829.186516461893916, 747823.645428496412933 ], [ 4113829.186516461893916, 747786.220911147538573 ], [ 4113829.186516461893916, 747748.796393798664212 ], [ 4113802.72338646184653, 747722.333263798616827 ], [ 4113765.29886911297217, 747722.333263798616827 ], [ 4113727.87435176409781, 747722.333263798616827 ], [ 4113690.449834415223449, 747722.333263798616827 ], [ 4113653.025317066349089, 747722.333263798616827 ], [ 4113615.600799717474729, 747722.333263798616827 ], [ 4113578.176282368600368, 747722.333263798616827 ], [ 4113540.751765019726008, 747722.333263798616827 ], [ 4113514.288635019678622, 747695.870133798569441 ], [ 4113514.288635019678622, 747658.445616449695081 ], [ 4113514.288635019678622, 747621.02109910082072 ], [ 4113514.288635019678622, 747583.59658175194636 ], [ 4113487.825505019631237, 747557.133451751898974 ], [ 4113450.400987670756876, 747557.133451751898974 ], [ 4113412.976470321882516, 747557.133451751898974 ], [ 4113375.551952973008156, 747557.133451751898974 ], [ 4113338.127435624133795, 747557.133451751898974 ], [ 4113311.66430562408641, 747530.670321751851588 ], [ 4113311.66430562408641, 747493.245804402977228 ], [ 4113311.66430562408641, 747455.821287054102868 ], [ 4113311.66430562408641, 747418.396769705228508 ], [ 4113285.201175624039024, 747391.933639705181122 ], [ 4113247.776658275164664, 747391.933639705181122 ], [ 4113210.352140926290303, 747391.933639705181122 ], [ 4113172.927623577415943, 747391.933639705181122 ], [ 4113135.503106228541583, 747391.933639705181122 ], [ 4113098.078588879667222, 747391.933639705181122 ], [ 4113060.654071530792862, 747391.933639705181122 ], [ 4113023.229554181918502, 747391.933639705181122 ], [ 4112996.766424181871116, 747365.470509705133736 ], [ 4112996.766424181871116, 747328.045992356259376 ], [ 4112996.766424181871116, 747290.621475007385015 ], [ 4112996.766424181871116, 747253.196957658510655 ], [ 4112970.30329418182373, 747226.733827658463269 ], [ 4112932.87877683294937, 747226.733827658463269 ], [ 4112895.45425948407501, 747226.733827658463269 ], [ 4112858.029742135200649, 747226.733827658463269 ], [ 4112831.566612135153264, 747200.270697658415884 ], [ 4112831.566612135153264, 747162.846180309541523 ], [ 4112831.566612135153264, 747125.421662960667163 ], [ 4112831.566612135153264, 747087.997145611792803 ], [ 4112831.566612135153264, 747050.572628262918442 ], [ 4112794.142094786278903, 747050.572628262918442 ], [ 4112756.717577437404543, 747050.572628262918442 ], [ 4112719.293060088530183, 747050.572628262918442 ], [ 4112681.868542739655823, 747050.572628262918442 ], [ 4112644.444025390781462, 747050.572628262918442 ], [ 4112607.019508041907102, 747050.572628262918442 ], [ 4112569.594990693032742, 747050.572628262918442 ], [ 4112532.170473344158381, 747050.572628262918442 ], [ 4112494.745955995284021, 747050.572628262918442 ], [ 4112457.321438646409661, 747050.572628262918442 ], [ 4112419.8969212975353, 747050.572628262918442 ], [ 4112382.47240394866094, 747050.572628262918442 ], [ 4112345.04788659978658, 747050.572628262918442 ], [ 4112345.04788659978658, 747013.148110914044082 ], [ 4112345.04788659978658, 746975.723593565169722 ], [ 4112345.04788659978658, 746938.299076216295362 ], [ 4112345.04788659978658, 746900.874558867421001 ], [ 4112345.04788659978658, 746863.450041518546641 ], [ 4112345.04788659978658, 746826.025524169672281 ], [ 4112345.04788659978658, 746788.60100682079792 ], [ 4112345.04788659978658, 746751.17648947192356 ], [ 4112318.584756599739194, 746724.713359471876174 ], [ 4112281.160239250864834, 746724.713359471876174 ], [ 4112243.735721901990473, 746724.713359471876174 ], [ 4112206.311204553116113, 746724.713359471876174 ], [ 4112168.886687204241753, 746724.713359471876174 ], [ 4112168.886687204241753, 746762.137876820750535 ], [ 4112168.886687204241753, 746799.562394169624895 ], [ 4112168.886687204241753, 746836.986911518499255 ], [ 4112168.886687204241753, 746874.411428867373616 ], [ 4112131.462169855367392, 746874.411428867373616 ], [ 4112094.037652506493032, 746874.411428867373616 ], [ 4112056.613135157618672, 746874.411428867373616 ], [ 4112019.188617808744311, 746874.411428867373616 ], [ 4112019.188617808744311, 746836.986911518499255 ], [ 4112019.188617808744311, 746799.562394169624895 ], [ 4112019.188617808744311, 746762.137876820750535 ], [ 4112019.188617808744311, 746724.713359471876174 ], [ 4111981.764100459869951, 746724.713359471876174 ], [ 4111944.339583110995591, 746724.713359471876174 ], [ 4111906.91506576212123, 746724.713359471876174 ], [ 4111869.49054841324687, 746724.713359471876174 ], [ 4111843.027418413199484, 746698.250229471828789 ], [ 4111843.027418413199484, 746660.825712122954428 ], [ 4111843.027418413199484, 746623.401194774080068 ], [ 4111843.027418413199484, 746585.976677425205708 ], [ 4111816.564288413152099, 746559.513547425158322 ], [ 4111779.139771064277738, 746559.513547425158322 ], [ 4111741.715253715403378, 746559.513547425158322 ], [ 4111704.290736366529018, 746559.513547425158322 ], [ 4111677.827606366481632, 746533.050417425110936 ], [ 4111677.827606366481632, 746495.625900076236576 ], [ 4111677.827606366481632, 746458.201382727362216 ], [ 4111677.827606366481632, 746420.776865378487855 ], [ 4111651.364476366434246, 746394.31373537844047 ], [ 4111613.939959017559886, 746394.31373537844047 ], [ 4111576.515441668685526, 746394.31373537844047 ], [ 4111539.090924319811165, 746394.31373537844047 ], [ 4111501.666406970936805, 746394.31373537844047 ], [ 4111464.241889622062445, 746394.31373537844047 ], [ 4111426.817372273188084, 746394.31373537844047 ], [ 4111389.392854924313724, 746394.31373537844047 ], [ 4111351.968337575439364, 746394.31373537844047 ], [ 4111314.543820226565003, 746394.31373537844047 ], [ 4111277.119302877690643, 746394.31373537844047 ], [ 4111239.694785528816283, 746394.31373537844047 ], [ 4111213.231655528768897, 746367.850605378393084 ], [ 4111213.231655528768897, 746330.426088029518723 ], [ 4111213.231655528768897, 746293.001570680644363 ], [ 4111213.231655528768897, 746255.577053331770003 ], [ 4111186.768525528721511, 746229.113923331722617 ], [ 4111149.344008179847151, 746229.113923331722617 ], [ 4111111.919490830972791, 746229.113923331722617 ], [ 4111074.49497348209843, 746229.113923331722617 ], [ 4111037.07045613322407, 746229.113923331722617 ], [ 4110999.64593878434971, 746229.113923331722617 ], [ 4110962.221421435475349, 746229.113923331722617 ], [ 4110924.796904086600989, 746229.113923331722617 ], [ 4110887.372386737726629, 746229.113923331722617 ], [ 4110849.947869388852268, 746229.113923331722617 ], [ 4110812.523352039977908, 746229.113923331722617 ], [ 4110775.098834691103548, 746229.113923331722617 ], [ 4110737.674317342229187, 746229.113923331722617 ], [ 4110711.211187342181802, 746202.650793331675231 ], [ 4110711.211187342181802, 746165.226275982800871 ], [ 4110711.211187342181802, 746127.801758633926511 ], [ 4110711.211187342181802, 746090.37724128505215 ], [ 4110684.748057342134416, 746063.914111285004765 ], [ 4110647.323539993260056, 746063.914111285004765 ], [ 4110609.899022644385695, 746063.914111285004765 ], [ 4110572.474505295511335, 746063.914111285004765 ], [ 4110546.011375295463949, 746037.450981284957379 ], [ 4110546.011375295463949, 746000.026463936083019 ], [ 4110546.011375295463949, 745962.601946587208658 ], [ 4110546.011375295463949, 745925.177429238334298 ], [ 4110519.548245295416564, 745898.714299238286912 ], [ 4110482.123727946542203, 745898.714299238286912 ], [ 4110444.699210597667843, 745898.714299238286912 ], [ 4110407.274693248793483, 745898.714299238286912 ], [ 4110369.850175899919122, 745898.714299238286912 ], [ 4110332.425658551044762, 745898.714299238286912 ], [ 4110295.001141202170402, 745898.714299238286912 ], [ 4110257.576623853296041, 745898.714299238286912 ], [ 4110220.152106504421681, 745898.714299238286912 ], [ 4110193.688976504374295, 745872.251169238239527 ], [ 4110193.688976504374295, 745834.826651889365166 ], [ 4110193.688976504374295, 745797.402134540490806 ], [ 4110193.688976504374295, 745759.977617191616446 ], [ 4110167.22584650432691, 745733.51448719156906 ], [ 4110129.801329155452549, 745733.51448719156906 ], [ 4110092.376811806578189, 745733.51448719156906 ], [ 4110054.952294457703829, 745733.51448719156906 ], [ 4110017.527777108829468, 745733.51448719156906 ], [ 4110017.527777108829468, 745770.93900454044342 ], [ 4110017.527777108829468, 745808.363521889317781 ], [ 4110017.527777108829468, 745845.788039238192141 ], [ 4110017.527777108829468, 745883.212556587066501 ], [ 4109980.103259759955108, 745883.212556587066501 ], [ 4109942.678742411080748, 745883.212556587066501 ], [ 4109905.254225062206388, 745883.212556587066501 ], [ 4109867.829707713332027, 745883.212556587066501 ], [ 4109867.829707713332027, 745845.788039238192141 ], [ 4109867.829707713332027, 745808.363521889317781 ], [ 4109867.829707713332027, 745770.93900454044342 ], [ 4109867.829707713332027, 745733.51448719156906 ], [ 4109830.405190364457667, 745733.51448719156906 ], [ 4109792.980673015583307, 745733.51448719156906 ], [ 4109755.556155666708946, 745733.51448719156906 ], [ 4109729.093025666661561, 745707.051357191521674 ], [ 4109729.093025666661561, 745669.626839842647314 ], [ 4109729.093025666661561, 745632.202322493772954 ], [ 4109729.093025666661561, 745594.777805144898593 ], [ 4109702.629895666614175, 745568.314675144851208 ], [ 4109665.205378317739815, 745568.314675144851208 ], [ 4109627.780860968865454, 745568.314675144851208 ], [ 4109590.356343619991094, 745568.314675144851208 ], [ 4109552.931826271116734, 745568.314675144851208 ], [ 4109515.507308922242373, 745568.314675144851208 ], [ 4109478.082791573368013, 745568.314675144851208 ], [ 4109440.658274224493653, 745568.314675144851208 ], [ 4109403.233756875619292, 745568.314675144851208 ], [ 4109365.809239526744932, 745568.314675144851208 ], [ 4109328.384722177870572, 745568.314675144851208 ], [ 4109290.960204828996211, 745568.314675144851208 ], [ 4109253.535687480121851, 745568.314675144851208 ], [ 4109227.072557480074465, 745541.851545144803822 ], [ 4109227.072557480074465, 745504.427027795929462 ], [ 4109227.072557480074465, 745467.002510447055101 ], [ 4109227.072557480074465, 745429.577993098180741 ], [ 4109200.60942748002708, 745403.114863098133355 ], [ 4109163.184910131152719, 745403.114863098133355 ], [ 4109125.760392782278359, 745403.114863098133355 ], [ 4109088.335875433403999, 745403.114863098133355 ], [ 4109050.911358084529638, 745403.114863098133355 ], [ 4109050.911358084529638, 745365.690345749258995 ], [ 4109050.911358084529638, 745328.265828400384635 ], [ 4109050.911358084529638, 745290.841311051510274 ], [ 4109050.911358084529638, 745253.416793702635914 ], [ 4109024.448228084482253, 745226.953663702588528 ], [ 4108987.023710735607892, 745226.953663702588528 ], [ 4108949.599193386733532, 745226.953663702588528 ], [ 4108912.174676037859172, 745226.953663702588528 ], [ 4108885.711546037811786, 745253.416793702635914 ], [ 4108885.711546037811786, 745290.841311051510274 ], [ 4108885.711546037811786, 745328.265828400384635 ], [ 4108885.711546037811786, 745365.690345749258995 ], [ 4108859.2484160377644, 745392.153475749306381 ], [ 4108821.82389868889004, 745392.153475749306381 ], [ 4108784.39938134001568, 745392.153475749306381 ], [ 4108746.974863991141319, 745392.153475749306381 ], [ 4108709.550346642266959, 745392.153475749306381 ], [ 4108709.550346642266959, 745354.72895840043202 ], [ 4108709.550346642266959, 745317.30444105155766 ], [ 4108709.550346642266959, 745279.8799237026833 ], [ 4108709.550346642266959, 745242.455406353808939 ], [ 4108672.125829293392599, 745242.455406353808939 ], [ 4108634.701311944518238, 745242.455406353808939 ], [ 4108597.276794595643878, 745242.455406353808939 ], [ 4108570.813664595596492, 745215.992276353761554 ], [ 4108570.813664595596492, 745178.567759004887193 ], [ 4108570.813664595596492, 745141.143241656012833 ], [ 4108570.813664595596492, 745103.718724307138473 ], [ 4108544.350534595549107, 745077.255594307091087 ], [ 4108506.926017246674746, 745077.255594307091087 ], [ 4108469.501499897800386, 745077.255594307091087 ], [ 4108432.076982548926026, 745077.255594307091087 ], [ 4108394.652465200051665, 745077.255594307091087 ], [ 4108357.227947851177305, 745077.255594307091087 ], [ 4108319.803430502302945, 745077.255594307091087 ], [ 4108282.378913153428584, 745077.255594307091087 ], [ 4108244.954395804554224, 745077.255594307091087 ], [ 4108244.954395804554224, 745039.831076958216727 ], [ 4108244.954395804554224, 745002.406559609342366 ], [ 4108244.954395804554224, 744964.982042260468006 ], [ 4108244.954395804554224, 744927.557524911593646 ], [ 4108218.491265804506838, 744901.09439491154626 ], [ 4108181.066748455632478, 744901.09439491154626 ], [ 4108143.642231106758118, 744901.09439491154626 ], [ 4108106.217713757883757, 744901.09439491154626 ], [ 4108068.793196409009397, 744901.09439491154626 ], [ 4108042.330066408962011, 744927.557524911593646 ], [ 4108042.330066408962011, 744964.982042260468006 ], [ 4108042.330066408962011, 745002.406559609342366 ], [ 4108042.330066408962011, 745039.831076958216727 ], [ 4108042.330066408962011, 745077.255594307091087 ], [ 4108004.905549060087651, 745077.255594307091087 ], [ 4107967.481031711213291, 745077.255594307091087 ], [ 4107930.05651436233893, 745077.255594307091087 ], [ 4107903.593384362291545, 745050.792464307043701 ], [ 4107903.593384362291545, 745013.367946958169341 ], [ 4107903.593384362291545, 744975.943429609294981 ], [ 4107903.593384362291545, 744938.51891226042062 ], [ 4107877.130254362244159, 744912.055782260373235 ], [ 4107839.705737013369799, 744912.055782260373235 ], [ 4107802.281219664495438, 744912.055782260373235 ], [ 4107764.856702315621078, 744912.055782260373235 ], [ 4107727.432184966746718, 744912.055782260373235 ], [ 4107690.007667617872357, 744912.055782260373235 ], [ 4107652.583150268997997, 744912.055782260373235 ], [ 4107615.158632920123637, 744912.055782260373235 ], [ 4107588.695502920076251, 744885.592652260325849 ], [ 4107588.695502920076251, 744848.168134911451489 ], [ 4107588.695502920076251, 744810.743617562577128 ], [ 4107588.695502920076251, 744773.319100213702768 ], [ 4107562.232372920028865, 744746.855970213655382 ], [ 4107524.807855571154505, 744746.855970213655382 ], [ 4107487.383338222280145, 744746.855970213655382 ], [ 4107449.958820873405784, 744746.855970213655382 ], [ 4107412.534303524531424, 744746.855970213655382 ], [ 4107375.109786175657064, 744746.855970213655382 ], [ 4107337.685268826782703, 744746.855970213655382 ], [ 4107300.260751477908343, 744746.855970213655382 ], [ 4107262.836234129033983, 744746.855970213655382 ], [ 4107225.411716780159622, 744746.855970213655382 ], [ 4107187.987199431285262, 744746.855970213655382 ], [ 4107150.562682082410902, 744746.855970213655382 ], [ 4107113.138164733536541, 744746.855970213655382 ], [ 4107075.713647384662181, 744746.855970213655382 ], [ 4107038.289130035787821, 744746.855970213655382 ], [ 4107000.86461268691346, 744746.855970213655382 ], [ 4106963.4400953380391, 744746.855970213655382 ], [ 4106926.01557798916474, 744746.855970213655382 ], [ 4106888.59106064029038, 744746.855970213655382 ], [ 4106851.166543291416019, 744746.855970213655382 ], [ 4106813.742025942541659, 744746.855970213655382 ], [ 4106776.317508593667299, 744746.855970213655382 ], [ 4106738.892991244792938, 744746.855970213655382 ], [ 4106701.468473895918578, 744746.855970213655382 ], [ 4106664.043956547044218, 744746.855970213655382 ], [ 4106626.619439198169857, 744746.855970213655382 ], [ 4106589.194921849295497, 744746.855970213655382 ], [ 4106551.770404500421137, 744746.855970213655382 ], [ 4106514.345887151546776, 744746.855970213655382 ], [ 4106476.921369802672416, 744746.855970213655382 ], [ 4106439.496852453798056, 744746.855970213655382 ], [ 4106402.072335104923695, 744746.855970213655382 ], [ 4106364.647817756049335, 744746.855970213655382 ], [ 4106327.223300407174975, 744746.855970213655382 ], [ 4106289.798783058300614, 744746.855970213655382 ], [ 4106252.374265709426254, 744746.855970213655382 ], [ 4106214.949748360551894, 744746.855970213655382 ], [ 4106177.525231011677533, 744746.855970213655382 ], [ 4106140.100713662803173, 744746.855970213655382 ], [ 4106102.676196313928813, 744746.855970213655382 ], [ 4106065.251678965054452, 744746.855970213655382 ], [ 4106027.827161616180092, 744746.855970213655382 ], [ 4105990.402644267305732, 744746.855970213655382 ], [ 4105952.978126918431371, 744746.855970213655382 ], [ 4105915.553609569557011, 744746.855970213655382 ], [ 4105915.553609569557011, 744784.280487562529743 ], [ 4105915.553609569557011, 744821.705004911404103 ], [ 4105915.553609569557011, 744859.129522260278463 ], [ 4105915.553609569557011, 744896.554039609152824 ], [ 4105878.129092220682651, 744896.554039609152824 ], [ 4105840.70457487180829, 744896.554039609152824 ], [ 4105803.28005752293393, 744896.554039609152824 ], [ 4105765.85554017405957, 744896.554039609152824 ], [ 4105728.43102282518521, 744896.554039609152824 ], [ 4105691.006505476310849, 744896.554039609152824 ], [ 4105653.581988127436489, 744896.554039609152824 ], [ 4105616.157470778562129, 744896.554039609152824 ], [ 4105578.732953429687768, 744896.554039609152824 ], [ 4105541.308436080813408, 744896.554039609152824 ], [ 4105503.883918731939048, 744896.554039609152824 ], [ 4105466.459401383064687, 744896.554039609152824 ], [ 4105429.034884034190327, 744896.554039609152824 ], [ 4105402.571754034142941, 744923.017169609200209 ], [ 4105402.571754034142941, 744960.44168695807457 ], [ 4105402.571754034142941, 744997.86620430694893 ], [ 4105402.571754034142941, 745035.29072165582329 ], [ 4105402.571754034142941, 745072.715239004697651 ], [ 4105365.147236685268581, 745072.715239004697651 ], [ 4105327.722719336394221, 745072.715239004697651 ], [ 4105290.29820198751986, 745072.715239004697651 ], [ 4105263.835071987472475, 745046.252109004650265 ], [ 4105263.835071987472475, 745008.827591655775905 ], [ 4105263.835071987472475, 744971.403074306901544 ], [ 4105263.835071987472475, 744933.978556958027184 ], [ 4105237.371941987425089, 744907.515426957979798 ], [ 4105199.947424638550729, 744907.515426957979798 ], [ 4105162.522907289676368, 744907.515426957979798 ], [ 4105125.098389940802008, 744907.515426957979798 ], [ 4105087.673872591927648, 744907.515426957979798 ], [ 4105050.249355243053287, 744907.515426957979798 ], [ 4105012.824837894178927, 744907.515426957979798 ], [ 4104975.400320545304567, 744907.515426957979798 ], [ 4104937.975803196430206, 744907.515426957979798 ], [ 4104911.512673196382821, 744933.978556958027184 ], [ 4104911.512673196382821, 744971.403074306901544 ], [ 4104911.512673196382821, 745008.827591655775905 ], [ 4104911.512673196382821, 745046.252109004650265 ], [ 4104885.049543196335435, 745072.715239004697651 ], [ 4104847.625025847461075, 745072.715239004697651 ], [ 4104810.200508498586714, 745072.715239004697651 ], [ 4104772.775991149712354, 745072.715239004697651 ], [ 4104735.351473800837994, 745072.715239004697651 ], [ 4104697.926956451963633, 745072.715239004697651 ], [ 4104660.502439103089273, 745072.715239004697651 ], [ 4104623.077921754214913, 745072.715239004697651 ], [ 4104585.653404405340552, 745072.715239004697651 ], [ 4104548.228887056466192, 745072.715239004697651 ], [ 4104510.804369707591832, 745072.715239004697651 ], [ 4104473.379852358717471, 745072.715239004697651 ], [ 4104435.955335009843111, 745072.715239004697651 ], [ 4104435.955335009843111, 745110.139756353572011 ], [ 4104435.955335009843111, 745147.564273702446371 ], [ 4104435.955335009843111, 745184.988791051320732 ], [ 4104435.955335009843111, 745222.413308400195092 ], [ 4104398.530817660968751, 745222.413308400195092 ], [ 4104361.10630031209439, 745222.413308400195092 ], [ 4104323.68178296322003, 745222.413308400195092 ], [ 4104286.25726561434567, 745222.413308400195092 ], [ 4104259.794135614298284, 745248.876438400242478 ], [ 4104259.794135614298284, 745286.300955749116838 ], [ 4104259.794135614298284, 745323.725473097991198 ], [ 4104259.794135614298284, 745361.149990446865559 ], [ 4104259.794135614298284, 745398.574507795739919 ], [ 4104222.369618265423924, 745398.574507795739919 ], [ 4104184.945100916549563, 745398.574507795739919 ], [ 4104147.520583567675203, 745398.574507795739919 ], [ 4104110.096066218800843, 745398.574507795739919 ], [ 4104110.096066218800843, 745361.149990446865559 ], [ 4104110.096066218800843, 745323.725473097991198 ], [ 4104110.096066218800843, 745286.300955749116838 ], [ 4104110.096066218800843, 745248.876438400242478 ], [ 4104083.632936218753457, 745222.413308400195092 ], [ 4104046.208418869879097, 745222.413308400195092 ], [ 4104008.783901521004736, 745222.413308400195092 ], [ 4103971.359384172130376, 745222.413308400195092 ], [ 4103933.934866823256016, 745222.413308400195092 ], [ 4103896.510349474381655, 745222.413308400195092 ], [ 4103859.085832125507295, 745222.413308400195092 ], [ 4103821.661314776632935, 745222.413308400195092 ], [ 4103784.236797427758574, 745222.413308400195092 ], [ 4103757.773667427711189, 745248.876438400242478 ], [ 4103757.773667427711189, 745286.300955749116838 ], [ 4103757.773667427711189, 745323.725473097991198 ], [ 4103757.773667427711189, 745361.149990446865559 ], [ 4103757.773667427711189, 745398.574507795739919 ], [ 4103720.349150078836828, 745398.574507795739919 ], [ 4103682.924632729962468, 745398.574507795739919 ], [ 4103645.500115381088108, 745398.574507795739919 ], [ 4103619.036985381040722, 745425.037637795787305 ], [ 4103619.036985381040722, 745462.462155144661665 ], [ 4103619.036985381040722, 745499.886672493536025 ], [ 4103619.036985381040722, 745537.311189842410386 ], [ 4103592.573855380993336, 745563.774319842457771 ], [ 4103555.149338032118976, 745563.774319842457771 ], [ 4103517.724820683244616, 745563.774319842457771 ], [ 4103480.300303334370255, 745563.774319842457771 ], [ 4103442.875785985495895, 745563.774319842457771 ], [ 4103405.451268636621535, 745563.774319842457771 ], [ 4103368.026751287747175, 745563.774319842457771 ], [ 4103330.602233938872814, 745563.774319842457771 ], [ 4103293.177716589998454, 745563.774319842457771 ], [ 4103255.753199241124094, 745563.774319842457771 ], [ 4103218.328681892249733, 745563.774319842457771 ], [ 4103180.904164543375373, 745563.774319842457771 ], [ 4103143.479647194501013, 745563.774319842457771 ], [ 4103117.016517194453627, 745590.237449842505157 ], [ 4103117.016517194453627, 745627.661967191379517 ], [ 4103117.016517194453627, 745665.086484540253878 ], [ 4103117.016517194453627, 745702.511001889128238 ], [ 4103090.553387194406241, 745728.974131889175624 ], [ 4103053.128869845531881, 745728.974131889175624 ], [ 4103015.704352496657521, 745728.974131889175624 ], [ 4102978.27983514778316, 745728.974131889175624 ], [ 4102951.816705147735775, 745755.437261889223009 ], [ 4102951.816705147735775, 745792.86177923809737 ], [ 4102951.816705147735775, 745830.28629658697173 ], [ 4102951.816705147735775, 745867.71081393584609 ], [ 4102925.353575147688389, 745894.173943935893476 ], [ 4102887.929057798814029, 745894.173943935893476 ], [ 4102850.504540449939668, 745894.173943935893476 ], [ 4102824.041410449892282, 745867.71081393584609 ], [ 4102824.041410449892282, 745830.28629658697173 ], [ 4102824.041410449892282, 745792.86177923809737 ], [ 4102824.041410449892282, 745755.437261889223009 ], [ 4102797.578280449844897, 745728.974131889175624 ], [ 4102760.153763100970536, 745728.974131889175624 ], [ 4102722.729245752096176, 745728.974131889175624 ], [ 4102685.304728403221816, 745728.974131889175624 ], [ 4102647.880211054347456, 745728.974131889175624 ], [ 4102610.455693705473095, 745728.974131889175624 ], [ 4102610.455693705473095, 745766.398649238049984 ], [ 4102610.455693705473095, 745803.823166586924344 ], [ 4102610.455693705473095, 745841.247683935798705 ], [ 4102610.455693705473095, 745878.672201284673065 ], [ 4102610.455693705473095, 745916.096718633547425 ], [ 4102610.455693705473095, 745953.521235982421786 ], [ 4102610.455693705473095, 745990.945753331296146 ], [ 4102610.455693705473095, 746028.370270680170506 ], [ 4102583.992563705425709, 746054.833400680217892 ], [ 4102546.568046356551349, 746054.833400680217892 ], [ 4102509.143529007676989, 746054.833400680217892 ], [ 4102471.719011658802629, 746054.833400680217892 ], [ 4102434.294494309928268, 746054.833400680217892 ], [ 4102396.869976961053908, 746054.833400680217892 ], [ 4102359.445459612179548, 746054.833400680217892 ], [ 4102322.020942263305187, 746054.833400680217892 ], [ 4102295.557812263257802, 746081.296530680265278 ], [ 4102295.557812263257802, 746118.721048029139638 ], [ 4102295.557812263257802, 746156.145565378013998 ], [ 4102295.557812263257802, 746193.570082726888359 ], [ 4102269.094682263210416, 746220.033212726935744 ], [ 4102231.670164914336056, 746220.033212726935744 ], [ 4102194.245647565461695, 746220.033212726935744 ], [ 4102156.821130216587335, 746220.033212726935744 ], [ 4102130.358000216539949, 746246.49634272698313 ], [ 4102130.358000216539949, 746283.92086007585749 ], [ 4102130.358000216539949, 746321.345377424731851 ], [ 4102130.358000216539949, 746358.769894773606211 ], [ 4102103.894870216492563, 746385.233024773653597 ], [ 4102066.470352867618203, 746385.233024773653597 ], [ 4102029.045835518743843, 746385.233024773653597 ], [ 4101991.621318169869483, 746385.233024773653597 ], [ 4101965.158188169822097, 746411.696154773700982 ], [ 4101965.158188169822097, 746449.120672122575343 ], [ 4101965.158188169822097, 746486.545189471449703 ], [ 4101965.158188169822097, 746523.969706820324063 ], [ 4101965.158188169822097, 746561.394224169198424 ], [ 4101927.733670820947737, 746561.394224169198424 ], [ 4101890.309153472073376, 746561.394224169198424 ], [ 4101852.884636123199016, 746561.394224169198424 ], [ 4101815.460118774324656, 746561.394224169198424 ], [ 4101815.460118774324656, 746523.969706820324063 ], [ 4101815.460118774324656, 746486.545189471449703 ], [ 4101815.460118774324656, 746449.120672122575343 ], [ 4101815.460118774324656, 746411.696154773700982 ], [ 4101788.99698877427727, 746385.233024773653597 ], [ 4101751.57247142540291, 746385.233024773653597 ], [ 4101714.147954076528549, 746385.233024773653597 ], [ 4101676.723436727654189, 746385.233024773653597 ], [ 4101639.298919378779829, 746385.233024773653597 ], [ 4101612.835789378732443, 746411.696154773700982 ], [ 4101612.835789378732443, 746449.120672122575343 ], [ 4101612.835789378732443, 746486.545189471449703 ], [ 4101612.835789378732443, 746523.969706820324063 ], [ 4101612.835789378732443, 746561.394224169198424 ], [ 4101612.835789378732443, 746598.818741518072784 ], [ 4101612.835789378732443, 746636.243258866947144 ], [ 4101612.835789378732443, 746673.667776215821505 ], [ 4101612.835789378732443, 746711.092293564695865 ], [ 4101575.411272029858083, 746711.092293564695865 ], [ 4101537.986754680983722, 746711.092293564695865 ], [ 4101500.562237332109362, 746711.092293564695865 ], [ 4101474.099107332061976, 746737.555423564743251 ], [ 4101474.099107332061976, 746774.979940913617611 ], [ 4101474.099107332061976, 746812.404458262491971 ], [ 4101474.099107332061976, 746849.828975611366332 ], [ 4101474.099107332061976, 746887.253492960240692 ], [ 4101436.674589983187616, 746887.253492960240692 ], [ 4101399.250072634313256, 746887.253492960240692 ], [ 4101361.825555285438895, 746887.253492960240692 ], [ 4101324.401037936564535, 746887.253492960240692 ], [ 4101286.976520587690175, 746887.253492960240692 ], [ 4101249.552003238815814, 746887.253492960240692 ], [ 4101212.127485889941454, 746887.253492960240692 ], [ 4101174.702968541067094, 746887.253492960240692 ], [ 4101137.278451192192733, 746887.253492960240692 ], [ 4101137.278451192192733, 746924.678010309115052 ], [ 4101137.278451192192733, 746962.102527657989413 ], [ 4101137.278451192192733, 746999.527045006863773 ], [ 4101137.278451192192733, 747036.951562355738133 ], [ 4101137.278451192192733, 747074.376079704612494 ], [ 4101137.278451192192733, 747111.800597053486854 ], [ 4101137.278451192192733, 747149.225114402361214 ], [ 4101137.278451192192733, 747186.649631751235574 ], [ 4101137.278451192192733, 747224.074149100109935 ], [ 4101099.853933843318373, 747224.074149100109935 ], [ 4101062.429416494444013, 747224.074149100109935 ], [ 4101025.004899145569652, 747224.074149100109935 ], [ 4100987.580381796695292, 747224.074149100109935 ], [ 4100950.155864447820932, 747224.074149100109935 ], [ 4100912.731347098946571, 747224.074149100109935 ], [ 4100875.306829750072211, 747224.074149100109935 ], [ 4100837.882312401197851, 747224.074149100109935 ], [ 4100811.419182401150465, 747250.53727910015732 ], [ 4100811.419182401150465, 747287.961796449031681 ], [ 4100811.419182401150465, 747325.386313797906041 ], [ 4100811.419182401150465, 747362.810831146780401 ], [ 4100784.956052401103079, 747389.273961146827787 ], [ 4100747.531535052228719, 747389.273961146827787 ], [ 4100710.107017703354359, 747389.273961146827787 ], [ 4100672.682500354479998, 747389.273961146827787 ], [ 4100635.257983005605638, 747389.273961146827787 ], [ 4100597.833465656731278, 747389.273961146827787 ], [ 4100560.408948307856917, 747389.273961146827787 ], [ 4100522.984430958982557, 747389.273961146827787 ], [ 4100485.559913610108197, 747389.273961146827787 ], [ 4100448.135396261233836, 747389.273961146827787 ], [ 4100410.710878912359476, 747389.273961146827787 ], [ 4100373.286361563485116, 747389.273961146827787 ], [ 4100335.861844214610755, 747389.273961146827787 ], [ 4100309.39871421456337, 747415.737091146875173 ], [ 4100309.39871421456337, 747453.161608495749533 ], [ 4100309.39871421456337, 747490.586125844623893 ], [ 4100309.39871421456337, 747528.010643193498254 ], [ 4100309.39871421456337, 747565.435160542372614 ], [ 4100309.39871421456337, 747602.859677891246974 ], [ 4100309.39871421456337, 747640.284195240121335 ], [ 4100309.39871421456337, 747677.708712588995695 ], [ 4100309.39871421456337, 747715.133229937870055 ], [ 4100271.974196865689009, 747715.133229937870055 ], [ 4100234.549679516814649, 747715.133229937870055 ], [ 4100197.125162167940289, 747715.133229937870055 ], [ 4100159.700644819065928, 747715.133229937870055 ], [ 4100122.276127470191568, 747715.133229937870055 ], [ 4100084.851610121317208, 747715.133229937870055 ], [ 4100047.427092772442847, 747715.133229937870055 ], [ 4100010.002575423568487, 747715.133229937870055 ], [ 4099972.578058074694127, 747715.133229937870055 ], [ 4099935.153540725819767, 747715.133229937870055 ], [ 4099897.729023376945406, 747715.133229937870055 ], [ 4099860.304506028071046, 747715.133229937870055 ], [ 4099833.84137602802366, 747741.596359937917441 ], [ 4099833.84137602802366, 747779.020877286791801 ], [ 4099833.84137602802366, 747816.445394635666162 ], [ 4099833.84137602802366, 747853.869911984540522 ], [ 4099807.378246027976274, 747880.333041984587908 ], [ 4099769.953728679101914, 747880.333041984587908 ], [ 4099732.529211330227554, 747880.333041984587908 ], [ 4099695.104693981353194, 747880.333041984587908 ], [ 4099657.680176632478833, 747880.333041984587908 ], [ 4099620.255659283604473, 747880.333041984587908 ], [ 4099582.831141934730113, 747880.333041984587908 ], [ 4099545.406624585855752, 747880.333041984587908 ], [ 4099507.982107236981392, 747880.333041984587908 ], [ 4099470.557589888107032, 747880.333041984587908 ], [ 4099470.557589888107032, 747917.757559333462268 ], [ 4099470.557589888107032, 747955.182076682336628 ], [ 4099470.557589888107032, 747992.606594031210989 ], [ 4099470.557589888107032, 748030.031111380085349 ], [ 4099433.133072539232671, 748030.031111380085349 ], [ 4099395.708555190358311, 748030.031111380085349 ], [ 4099358.284037841483951, 748030.031111380085349 ], [ 4099331.820907841436565, 748056.494241380132735 ], [ 4099331.820907841436565, 748093.918758729007095 ], [ 4099331.820907841436565, 748131.343276077881455 ], [ 4099331.820907841436565, 748168.767793426755816 ], [ 4099305.357777841389179, 748195.230923426803201 ], [ 4099267.933260492514819, 748195.230923426803201 ], [ 4099230.508743143640459, 748195.230923426803201 ], [ 4099193.084225794766098, 748195.230923426803201 ], [ 4099155.659708445891738, 748195.230923426803201 ], [ 4099118.235191097017378, 748195.230923426803201 ], [ 4099080.810673748143017, 748195.230923426803201 ], [ 4099043.386156399268657, 748195.230923426803201 ], [ 4099016.923026399221271, 748221.694053426850587 ], [ 4099016.923026399221271, 748259.118570775724947 ], [ 4099016.923026399221271, 748296.543088124599308 ], [ 4099016.923026399221271, 748333.967605473473668 ], [ 4098990.459896399173886, 748360.430735473521054 ], [ 4098953.035379050299525, 748360.430735473521054 ], [ 4098915.610861701425165, 748360.430735473521054 ], [ 4098878.186344352550805, 748360.430735473521054 ], [ 4098840.761827003676444, 748360.430735473521054 ], [ 4098803.337309654802084, 748360.430735473521054 ], [ 4098765.912792305927724, 748360.430735473521054 ], [ 4098728.488274957053363, 748360.430735473521054 ], [ 4098691.063757608179003, 748360.430735473521054 ], [ 4098664.600627608131617, 748386.893865473568439 ], [ 4098664.600627608131617, 748424.3183828224428 ], [ 4098664.600627608131617, 748461.74290017131716 ], [ 4098664.600627608131617, 748499.16741752019152 ], [ 4098664.600627608131617, 748536.591934869065881 ], [ 4098627.176110259257257, 748536.591934869065881 ], [ 4098589.751592910382897, 748536.591934869065881 ], [ 4098552.327075561508536, 748536.591934869065881 ], [ 4098514.902558212634176, 748536.591934869065881 ], [ 4098477.478040863759816, 748536.591934869065881 ], [ 4098440.053523514885455, 748536.591934869065881 ], [ 4098402.629006166011095, 748536.591934869065881 ], [ 4098365.204488817136735, 748536.591934869065881 ], [ 4098327.779971468262374, 748536.591934869065881 ], [ 4098290.355454119388014, 748536.591934869065881 ], [ 4098252.930936770513654, 748536.591934869065881 ], [ 4098215.506419421639293, 748536.591934869065881 ], [ 4098178.081902072764933, 748536.591934869065881 ], [ 4098140.657384723890573, 748536.591934869065881 ], [ 4098103.232867375016212, 748536.591934869065881 ], [ 4098065.808350026141852, 748536.591934869065881 ], [ 4098028.383832677267492, 748536.591934869065881 ], [ 4098001.920702677220106, 748563.055064869113266 ], [ 4098001.920702677220106, 748600.479582217987627 ], [ 4098001.920702677220106, 748637.904099566861987 ], [ 4098001.920702677220106, 748675.328616915736347 ], [ 4097975.45757267717272, 748701.791746915783733 ], [ 4097938.03305532829836, 748701.791746915783733 ], [ 4097900.608537979424, 748701.791746915783733 ], [ 4097863.184020630549639, 748701.791746915783733 ], [ 4097825.759503281675279, 748701.791746915783733 ], [ 4097788.334985932800919, 748701.791746915783733 ], [ 4097750.910468583926558, 748701.791746915783733 ], [ 4097713.485951235052198, 748701.791746915783733 ], [ 4097687.022821235004812, 748728.254876915831119 ], [ 4097687.022821235004812, 748765.679394264705479 ], [ 4097687.022821235004812, 748803.103911613579839 ], [ 4097687.022821235004812, 748840.5284289624542 ], [ 4097660.559691234957427, 748866.991558962501585 ], [ 4097623.135173886083066, 748866.991558962501585 ], [ 4097585.710656537208706, 748866.991558962501585 ], [ 4097548.286139188334346, 748866.991558962501585 ], [ 4097521.82300918828696, 748893.454688962548971 ], [ 4097521.82300918828696, 748930.879206311423331 ], [ 4097521.82300918828696, 748968.303723660297692 ], [ 4097521.82300918828696, 749005.728241009172052 ], [ 4097521.82300918828696, 749043.152758358046412 ], [ 4097484.3984918394126, 749043.152758358046412 ], [ 4097446.973974490538239, 749043.152758358046412 ], [ 4097409.549457141663879, 749043.152758358046412 ], [ 4097383.086327141616493, 749016.689628357999027 ], [ 4097383.086327141616493, 748979.265111009124666 ], [ 4097383.086327141616493, 748941.840593660250306 ], [ 4097383.086327141616493, 748904.416076311375946 ], [ 4097356.623197141569108, 748877.95294631132856 ], [ 4097319.198679792694747, 748877.95294631132856 ], [ 4097281.774162443820387, 748877.95294631132856 ], [ 4097244.349645094946027, 748877.95294631132856 ], [ 4097206.925127746071666, 748877.95294631132856 ], [ 4097169.500610397197306, 748877.95294631132856 ], [ 4097132.076093048322946, 748877.95294631132856 ], [ 4097094.651575699448586, 748877.95294631132856 ], [ 4097057.227058350574225, 748877.95294631132856 ], [ 4097030.763928350526839, 748904.416076311375946 ], [ 4097030.763928350526839, 748941.840593660250306 ], [ 4097030.763928350526839, 748979.265111009124666 ], [ 4097030.763928350526839, 749016.689628357999027 ], [ 4097004.300798350479454, 749043.152758358046412 ], [ 4096966.876281001605093, 749043.152758358046412 ], [ 4096929.451763652730733, 749043.152758358046412 ], [ 4096892.027246303856373, 749043.152758358046412 ], [ 4096865.564116303808987, 749069.615888358093798 ], [ 4096865.564116303808987, 749107.040405706968158 ], [ 4096865.564116303808987, 749144.464923055842519 ], [ 4096865.564116303808987, 749181.889440404716879 ], [ 4096839.100986303761601, 749208.352570404764265 ], [ 4096801.676468954887241, 749208.352570404764265 ], [ 4096764.251951606012881, 749208.352570404764265 ], [ 4096726.82743425713852, 749208.352570404764265 ], [ 4096689.40291690826416, 749208.352570404764265 ], [ 4096651.9783995593898, 749208.352570404764265 ], [ 4096614.55388221051544, 749208.352570404764265 ], [ 4096577.129364861641079, 749208.352570404764265 ], [ 4096550.666234861593693, 749234.815700404811651 ], [ 4096550.666234861593693, 749272.240217753686011 ], [ 4096550.666234861593693, 749309.664735102560371 ], [ 4096550.666234861593693, 749347.089252451434731 ], [ 4096524.203104861546308, 749373.552382451482117 ], [ 4096486.778587512671947, 749373.552382451482117 ], [ 4096449.354070163797587, 749373.552382451482117 ], [ 4096411.929552814923227, 749373.552382451482117 ], [ 4096374.505035466048867, 749373.552382451482117 ], [ 4096374.505035466048867, 749336.127865102607757 ], [ 4096374.505035466048867, 749298.703347753733397 ], [ 4096374.505035466048867, 749261.278830404859036 ], [ 4096374.505035466048867, 749223.854313055984676 ], [ 4096348.041905466001481, 749197.39118305593729 ], [ 4096310.61738811712712, 749197.39118305593729 ], [ 4096273.19287076825276, 749197.39118305593729 ], [ 4096235.7683534193784, 749197.39118305593729 ], [ 4096209.305223419331014, 749223.854313055984676 ], [ 4096209.305223419331014, 749261.278830404859036 ], [ 4096209.305223419331014, 749298.703347753733397 ], [ 4096209.305223419331014, 749336.127865102607757 ], [ 4096209.305223419331014, 749373.552382451482117 ], [ 4096171.880706070456654, 749373.552382451482117 ], [ 4096134.456188721582294, 749373.552382451482117 ], [ 4096097.031671372707933, 749373.552382451482117 ], [ 4096059.607154023833573, 749373.552382451482117 ], [ 4096022.182636674959213, 749373.552382451482117 ], [ 4095984.758119326084852, 749373.552382451482117 ], [ 4095947.333601977210492, 749373.552382451482117 ], [ 4095909.909084628336132, 749373.552382451482117 ], [ 4095872.484567279461771, 749373.552382451482117 ], [ 4095835.060049930587411, 749373.552382451482117 ], [ 4095797.635532581713051, 749373.552382451482117 ], [ 4095760.21101523283869, 749373.552382451482117 ], [ 4095722.78649788396433, 749373.552382451482117 ], [ 4095685.36198053508997, 749373.552382451482117 ], [ 4095647.937463186215609, 749373.552382451482117 ], [ 4095610.512945837341249, 749373.552382451482117 ], [ 4095573.088428488466889, 749373.552382451482117 ], [ 4095535.663911139592528, 749373.552382451482117 ], [ 4095498.239393790718168, 749373.552382451482117 ], [ 4095460.814876441843808, 749373.552382451482117 ], [ 4095423.390359092969447, 749373.552382451482117 ], [ 4095385.965841744095087, 749373.552382451482117 ], [ 4095348.541324395220727, 749373.552382451482117 ], [ 4095311.116807046346366, 749373.552382451482117 ], [ 4095273.692289697472006, 749373.552382451482117 ], [ 4095247.22915969742462, 749347.089252451434731 ], [ 4095247.22915969742462, 749309.664735102560371 ], [ 4095247.22915969742462, 749272.240217753686011 ], [ 4095247.22915969742462, 749234.815700404811651 ], [ 4095220.766029697377235, 749208.352570404764265 ], [ 4095183.341512348502874, 749208.352570404764265 ], [ 4095145.916994999628514, 749208.352570404764265 ], [ 4095108.492477650754154, 749208.352570404764265 ], [ 4095071.067960301879793, 749208.352570404764265 ], [ 4095033.643442953005433, 749208.352570404764265 ], [ 4094996.218925604131073, 749208.352570404764265 ], [ 4094958.794408255256712, 749208.352570404764265 ], [ 4094921.369890906382352, 749208.352570404764265 ], [ 4094883.945373557507992, 749208.352570404764265 ], [ 4094883.945373557507992, 749245.777087753638625 ], [ 4094883.945373557507992, 749283.201605102512985 ], [ 4094883.945373557507992, 749320.626122451387346 ], [ 4094883.945373557507992, 749358.050639800261706 ], [ 4094846.520856208633631, 749358.050639800261706 ], [ 4094809.096338859759271, 749358.050639800261706 ], [ 4094771.671821510884911, 749358.050639800261706 ], [ 4094734.24730416201055, 749358.050639800261706 ], [ 4094696.82278681313619, 749358.050639800261706 ], [ 4094659.39826946426183, 749358.050639800261706 ], [ 4094621.97375211538747, 749358.050639800261706 ], [ 4094584.549234766513109, 749358.050639800261706 ], [ 4094547.124717417638749, 749358.050639800261706 ], [ 4094509.700200068764389, 749358.050639800261706 ], [ 4094472.275682719890028, 749358.050639800261706 ], [ 4094434.851165371015668, 749358.050639800261706 ], [ 4094397.426648022141308, 749358.050639800261706 ], [ 4094360.002130673266947, 749358.050639800261706 ], [ 4094322.577613324392587, 749358.050639800261706 ], [ 4094285.153095975518227, 749358.050639800261706 ], [ 4094247.728578626643866, 749358.050639800261706 ], [ 4094210.304061277769506, 749358.050639800261706 ], [ 4094172.879543928895146, 749358.050639800261706 ], [ 4094135.455026580020785, 749358.050639800261706 ], [ 4094098.030509231146425, 749358.050639800261706 ], [ 4094060.605991882272065, 749358.050639800261706 ], [ 4094023.181474533397704, 749358.050639800261706 ], [ 4093985.756957184523344, 749358.050639800261706 ], [ 4093948.332439835648984, 749358.050639800261706 ], [ 4093910.907922486774623, 749358.050639800261706 ], [ 4093873.483405137900263, 749358.050639800261706 ], [ 4093836.058887789025903, 749358.050639800261706 ], [ 4093798.634370440151542, 749358.050639800261706 ], [ 4093761.209853091277182, 749358.050639800261706 ], [ 4093761.209853091277182, 749320.626122451387346 ], [ 4093761.209853091277182, 749283.201605102512985 ], [ 4093761.209853091277182, 749245.777087753638625 ], [ 4093761.209853091277182, 749208.352570404764265 ], [ 4093723.785335742402822, 749208.352570404764265 ], [ 4093686.360818393528461, 749208.352570404764265 ], [ 4093648.936301044654101, 749208.352570404764265 ], [ 4093611.511783695779741, 749208.352570404764265 ], [ 4093574.08726634690538, 749208.352570404764265 ], [ 4093536.66274899803102, 749208.352570404764265 ], [ 4093499.23823164915666, 749208.352570404764265 ], [ 4093461.8137143002823, 749208.352570404764265 ], [ 4093424.389196951407939, 749208.352570404764265 ], [ 4093386.964679602533579, 749208.352570404764265 ], [ 4093349.540162253659219, 749208.352570404764265 ], [ 4093312.115644904784858, 749208.352570404764265 ], [ 4093274.691127555910498, 749208.352570404764265 ], [ 4093237.266610207036138, 749208.352570404764265 ], [ 4093199.842092858161777, 749208.352570404764265 ], [ 4093162.417575509287417, 749208.352570404764265 ], [ 4093124.993058160413057, 749208.352570404764265 ], [ 4093087.568540811538696, 749208.352570404764265 ], [ 4093050.144023462664336, 749208.352570404764265 ], [ 4093012.719506113789976, 749208.352570404764265 ], [ 4092975.294988764915615, 749208.352570404764265 ], [ 4092948.83185876486823, 749181.889440404716879 ], [ 4092948.83185876486823, 749144.464923055842519 ], [ 4092948.83185876486823, 749107.040405706968158 ], [ 4092948.83185876486823, 749069.615888358093798 ], [ 4092922.368728764820844, 749043.152758358046412 ], [ 4092884.944211415946484, 749043.152758358046412 ], [ 4092847.519694067072123, 749043.152758358046412 ], [ 4092810.095176718197763, 749043.152758358046412 ], [ 4092772.670659369323403, 749043.152758358046412 ], [ 4092735.246142020449042, 749043.152758358046412 ], [ 4092697.821624671574682, 749043.152758358046412 ], [ 4092660.397107322700322, 749043.152758358046412 ], [ 4092622.972589973825961, 749043.152758358046412 ], [ 4092585.548072624951601, 749043.152758358046412 ], [ 4092548.123555276077241, 749043.152758358046412 ], [ 4092510.69903792720288, 749043.152758358046412 ], [ 4092473.27452057832852, 749043.152758358046412 ], [ 4092435.85000322945416, 749043.152758358046412 ], [ 4092398.425485880579799, 749043.152758358046412 ], [ 4092361.000968531705439, 749043.152758358046412 ], [ 4092323.576451182831079, 749043.152758358046412 ], [ 4092286.151933833956718, 749043.152758358046412 ], [ 4092248.727416485082358, 749043.152758358046412 ], [ 4092211.302899136207998, 749043.152758358046412 ], [ 4092173.878381787333637, 749043.152758358046412 ], [ 4092136.453864438459277, 749043.152758358046412 ], [ 4092136.453864438459277, 749005.728241009172052 ], [ 4092136.453864438459277, 748968.303723660297692 ], [ 4092136.453864438459277, 748930.879206311423331 ], [ 4092136.453864438459277, 748893.454688962548971 ], [ 4092109.990734438411891, 748866.991558962501585 ], [ 4092072.566217089537531, 748866.991558962501585 ], [ 4092035.141699740663171, 748866.991558962501585 ], [ 4091997.71718239178881, 748866.991558962501585 ], [ 4091960.29266504291445, 748866.991558962501585 ], [ 4091922.86814769404009, 748866.991558962501585 ], [ 4091885.44363034516573, 748866.991558962501585 ], [ 4091848.019112996291369, 748866.991558962501585 ], [ 4091810.594595647417009, 748866.991558962501585 ], [ 4091773.170078298542649, 748866.991558962501585 ], [ 4091746.706948298495263, 748893.454688962548971 ], [ 4091746.706948298495263, 748930.879206311423331 ], [ 4091746.706948298495263, 748968.303723660297692 ], [ 4091746.706948298495263, 749005.728241009172052 ], [ 4091746.706948298495263, 749043.152758358046412 ], [ 4091709.282430949620903, 749043.152758358046412 ], [ 4091671.857913600746542, 749043.152758358046412 ], [ 4091634.433396251872182, 749043.152758358046412 ], [ 4091597.008878902997822, 749043.152758358046412 ], [ 4091559.584361554123461, 749043.152758358046412 ], [ 4091522.159844205249101, 749043.152758358046412 ], [ 4091484.735326856374741, 749043.152758358046412 ], [ 4091447.31080950750038, 749043.152758358046412 ], [ 4091409.88629215862602, 749043.152758358046412 ], [ 4091372.46177480975166, 749043.152758358046412 ], [ 4091335.037257460877299, 749043.152758358046412 ], [ 4091297.612740112002939, 749043.152758358046412 ], [ 4091260.188222763128579, 749043.152758358046412 ], [ 4091222.763705414254218, 749043.152758358046412 ], [ 4091185.339188065379858, 749043.152758358046412 ], [ 4091147.914670716505498, 749043.152758358046412 ], [ 4091110.490153367631137, 749043.152758358046412 ], [ 4091073.065636018756777, 749043.152758358046412 ], [ 4091035.641118669882417, 749043.152758358046412 ], [ 4090998.216601321008056, 749043.152758358046412 ], [ 4090971.753471320960671, 749016.689628357999027 ], [ 4090971.753471320960671, 748979.265111009124666 ], [ 4090971.753471320960671, 748941.840593660250306 ], [ 4090971.753471320960671, 748904.416076311375946 ], [ 4090945.290341320913285, 748877.95294631132856 ], [ 4090907.865823972038925, 748877.95294631132856 ], [ 4090870.441306623164564, 748877.95294631132856 ], [ 4090833.016789274290204, 748877.95294631132856 ], [ 4090795.592271925415844, 748877.95294631132856 ], [ 4090758.167754576541483, 748877.95294631132856 ], [ 4090720.743237227667123, 748877.95294631132856 ], [ 4090683.318719878792763, 748877.95294631132856 ], [ 4090645.894202529918402, 748877.95294631132856 ], [ 4090608.469685181044042, 748877.95294631132856 ], [ 4090571.045167832169682, 748877.95294631132856 ], [ 4090533.620650483295321, 748877.95294631132856 ], [ 4090496.196133134420961, 748877.95294631132856 ], [ 4090458.771615785546601, 748877.95294631132856 ], [ 4090421.34709843667224, 748877.95294631132856 ], [ 4090383.92258108779788, 748877.95294631132856 ], [ 4090346.49806373892352, 748877.95294631132856 ], [ 4090309.07354639004916, 748877.95294631132856 ], [ 4090271.649029041174799, 748877.95294631132856 ], [ 4090234.224511692300439, 748877.95294631132856 ], [ 4090196.799994343426079, 748877.95294631132856 ], [ 4090159.375476994551718, 748877.95294631132856 ], [ 4090121.950959645677358, 748877.95294631132856 ], [ 4090084.526442296802998, 748877.95294631132856 ], [ 4090047.101924947928637, 748877.95294631132856 ], [ 4090009.677407599054277, 748877.95294631132856 ], [ 4089983.214277599006891, 748851.489816311281174 ], [ 4089983.214277599006891, 748814.065298962406814 ], [ 4089983.214277599006891, 748776.640781613532454 ], [ 4089983.214277599006891, 748739.216264264658093 ], [ 4089956.751147598959506, 748712.753134264610708 ], [ 4089919.326630250085145, 748712.753134264610708 ], [ 4089881.902112901210785, 748712.753134264610708 ], [ 4089844.477595552336425, 748712.753134264610708 ], [ 4089807.053078203462064, 748712.753134264610708 ], [ 4089769.628560854587704, 748712.753134264610708 ], [ 4089732.204043505713344, 748712.753134264610708 ], [ 4089694.779526156838983, 748712.753134264610708 ], [ 4089657.355008807964623, 748712.753134264610708 ], [ 4089619.930491459090263, 748712.753134264610708 ], [ 4089582.505974110215902, 748712.753134264610708 ], [ 4089545.081456761341542, 748712.753134264610708 ], [ 4089507.656939412467182, 748712.753134264610708 ], [ 4089470.232422063592821, 748712.753134264610708 ], [ 4089470.232422063592821, 748675.328616915736347 ], [ 4089470.232422063592821, 748637.904099566861987 ], [ 4089470.232422063592821, 748600.479582217987627 ], [ 4089470.232422063592821, 748563.055064869113266 ], [ 4089470.232422063592821, 748525.630547520238906 ], [ 4089432.807904714718461, 748525.630547520238906 ], [ 4089395.383387365844101, 748525.630547520238906 ], [ 4089357.95887001696974, 748525.630547520238906 ], [ 4089320.53435266809538, 748525.630547520238906 ], [ 4089283.10983531922102, 748525.630547520238906 ], [ 4089245.685317970346659, 748525.630547520238906 ], [ 4089208.260800621472299, 748525.630547520238906 ], [ 4089170.836283272597939, 748525.630547520238906 ], [ 4089144.373153272550553, 748552.093677520286292 ], [ 4089144.373153272550553, 748589.518194869160652 ], [ 4089144.373153272550553, 748626.942712218035012 ], [ 4089144.373153272550553, 748664.367229566909373 ], [ 4089144.373153272550553, 748701.791746915783733 ], [ 4089106.948635923676193, 748701.791746915783733 ], [ 4089069.524118574801832, 748701.791746915783733 ], [ 4089032.099601225927472, 748701.791746915783733 ], [ 4088994.675083877053112, 748701.791746915783733 ], [ 4088957.250566528178751, 748701.791746915783733 ], [ 4088919.826049179304391, 748701.791746915783733 ], [ 4088882.401531830430031, 748701.791746915783733 ], [ 4088844.97701448155567, 748701.791746915783733 ], [ 4088844.97701448155567, 748664.367229566909373 ], [ 4088844.97701448155567, 748626.942712218035012 ], [ 4088844.97701448155567, 748589.518194869160652 ], [ 4088844.97701448155567, 748552.093677520286292 ], [ 4088818.513884481508285, 748525.630547520238906 ], [ 4088781.089367132633924, 748525.630547520238906 ], [ 4088743.664849783759564, 748525.630547520238906 ], [ 4088706.240332434885204, 748525.630547520238906 ], [ 4088668.815815086010844, 748525.630547520238906 ], [ 4088631.391297737136483, 748525.630547520238906 ], [ 4088593.966780388262123, 748525.630547520238906 ], [ 4088556.542263039387763, 748525.630547520238906 ], [ 4088519.117745690513402, 748525.630547520238906 ], [ 4088481.693228341639042, 748525.630547520238906 ], [ 4088444.268710992764682, 748525.630547520238906 ], [ 4088406.844193643890321, 748525.630547520238906 ], [ 4088369.419676295015961, 748525.630547520238906 ], [ 4088331.995158946141601, 748525.630547520238906 ], [ 4088305.532028946094215, 748552.093677520286292 ], [ 4088305.532028946094215, 748589.518194869160652 ], [ 4088305.532028946094215, 748626.942712218035012 ], [ 4088305.532028946094215, 748664.367229566909373 ], [ 4088305.532028946094215, 748701.791746915783733 ], [ 4088305.532028946094215, 748739.216264264658093 ], [ 4088305.532028946094215, 748776.640781613532454 ], [ 4088305.532028946094215, 748814.065298962406814 ], [ 4088305.532028946094215, 748851.489816311281174 ], [ 4088305.532028946094215, 748888.914333660155535 ], [ 4088305.532028946094215, 748926.338851009029895 ], [ 4088305.532028946094215, 748963.763368357904255 ], [ 4088305.532028946094215, 749001.187885706778616 ], [ 4088305.532028946094215, 749038.612403055652976 ], [ 4088305.532028946094215, 749076.036920404527336 ], [ 4088305.532028946094215, 749113.461437753401697 ], [ 4088305.532028946094215, 749150.885955102276057 ], [ 4088305.532028946094215, 749188.310472451150417 ], [ 4088305.532028946094215, 749225.734989800024778 ], [ 4088305.532028946094215, 749263.159507148899138 ], [ 4088305.532028946094215, 749300.584024497773498 ], [ 4088305.532028946094215, 749338.008541846647859 ], [ 4088305.532028946094215, 749375.433059195522219 ], [ 4088268.107511597219855, 749375.433059195522219 ], [ 4088230.682994248345494, 749375.433059195522219 ], [ 4088193.258476899471134, 749375.433059195522219 ], [ 4088166.795346899423748, 749401.896189195569605 ], [ 4088166.795346899423748, 749439.320706544443965 ], [ 4088166.795346899423748, 749476.745223893318325 ], [ 4088166.795346899423748, 749514.169741242192686 ], [ 4088166.795346899423748, 749551.594258591067046 ], [ 4088166.795346899423748, 749589.018775939941406 ], [ 4088166.795346899423748, 749626.443293288815767 ], [ 4088166.795346899423748, 749663.867810637690127 ], [ 4088166.795346899423748, 749701.292327986564487 ], [ 4088166.795346899423748, 749738.716845335438848 ], [ 4088166.795346899423748, 749776.141362684313208 ], [ 4088166.795346899423748, 749813.565880033187568 ], [ 4088166.795346899423748, 749850.990397382061929 ], [ 4088166.795346899423748, 749888.414914730936289 ], [ 4088166.795346899423748, 749925.839432079810649 ], [ 4088166.795346899423748, 749963.263949428685009 ], [ 4088166.795346899423748, 750000.68846677755937 ], [ 4088166.795346899423748, 750038.11298412643373 ], [ 4088166.795346899423748, 750075.53750147530809 ], [ 4088166.795346899423748, 750112.962018824182451 ], [ 4088166.795346899423748, 750150.386536173056811 ], [ 4088166.795346899423748, 750187.811053521931171 ], [ 4088166.795346899423748, 750225.235570870805532 ], [ 4088166.795346899423748, 750262.660088219679892 ], [ 4088166.795346899423748, 750300.084605568554252 ], [ 4088166.795346899423748, 750337.509122917428613 ], [ 4088166.795346899423748, 750374.933640266302973 ], [ 4088166.795346899423748, 750412.358157615177333 ], [ 4088166.795346899423748, 750449.782674964051694 ], [ 4088166.795346899423748, 750487.207192312926054 ], [ 4088166.795346899423748, 750524.631709661800414 ], [ 4088166.795346899423748, 750562.056227010674775 ], [ 4088166.795346899423748, 750599.480744359549135 ], [ 4088166.795346899423748, 750636.905261708423495 ], [ 4088166.795346899423748, 750674.329779057297856 ], [ 4088166.795346899423748, 750711.754296406172216 ], [ 4088166.795346899423748, 750749.178813755046576 ], [ 4088166.795346899423748, 750786.603331103920937 ], [ 4088166.795346899423748, 750824.027848452795297 ], [ 4088166.795346899423748, 750861.452365801669657 ], [ 4088166.795346899423748, 750898.876883150544018 ], [ 4088166.795346899423748, 750936.301400499418378 ], [ 4088166.795346899423748, 750973.725917848292738 ], [ 4088166.795346899423748, 751011.150435197167099 ], [ 4088166.795346899423748, 751048.574952546041459 ], [ 4088166.795346899423748, 751085.999469894915819 ], [ 4088166.795346899423748, 751123.423987243790179 ], [ 4088166.795346899423748, 751160.84850459266454 ], [ 4088166.795346899423748, 751198.2730219415389 ], [ 4088166.795346899423748, 751235.69753929041326 ], [ 4088166.795346899423748, 751273.122056639287621 ], [ 4088166.795346899423748, 751310.546573988161981 ], [ 4088166.795346899423748, 751347.971091337036341 ], [ 4088166.795346899423748, 751385.395608685910702 ], [ 4088166.795346899423748, 751422.820126034785062 ], [ 4088166.795346899423748, 751460.244643383659422 ], [ 4088166.795346899423748, 751497.669160732533783 ], [ 4088166.795346899423748, 751535.093678081408143 ], [ 4088204.219864248298109, 751535.093678081408143 ], [ 4088241.644381597172469, 751535.093678081408143 ], [ 4088279.068898946046829, 751535.093678081408143 ], [ 4088316.49341629492119, 751535.093678081408143 ], [ 4088316.49341629492119, 751572.518195430282503 ], [ 4088316.49341629492119, 751609.942712779156864 ], [ 4088316.49341629492119, 751647.367230128031224 ], [ 4088316.49341629492119, 751684.791747476905584 ], [ 4088316.49341629492119, 751722.216264825779945 ], [ 4088316.49341629492119, 751759.640782174654305 ], [ 4088316.49341629492119, 751797.065299523528665 ], [ 4088316.49341629492119, 751834.489816872403026 ], [ 4088316.49341629492119, 751871.914334221277386 ], [ 4088316.49341629492119, 751909.338851570151746 ], [ 4088316.49341629492119, 751946.763368919026107 ], [ 4088316.49341629492119, 751984.187886267900467 ], [ 4088316.49341629492119, 752021.612403616774827 ], [ 4088316.49341629492119, 752059.036920965649188 ], [ 4088316.49341629492119, 752096.461438314523548 ], [ 4088316.49341629492119, 752133.885955663397908 ], [ 4088316.49341629492119, 752171.310473012272269 ], [ 4088316.49341629492119, 752208.734990361146629 ], [ 4088316.49341629492119, 752246.159507710020989 ], [ 4088316.49341629492119, 752283.58402505889535 ], [ 4088316.49341629492119, 752321.00854240776971 ], [ 4088316.49341629492119, 752358.43305975664407 ], [ 4088316.49341629492119, 752395.85757710551843 ], [ 4088316.49341629492119, 752433.282094454392791 ], [ 4088316.49341629492119, 752470.706611803267151 ], [ 4088316.49341629492119, 752508.131129152141511 ], [ 4088316.49341629492119, 752545.555646501015872 ], [ 4088316.49341629492119, 752582.980163849890232 ], [ 4088316.49341629492119, 752620.404681198764592 ], [ 4088316.49341629492119, 752657.829198547638953 ], [ 4088316.49341629492119, 752695.253715896513313 ], [ 4088316.49341629492119, 752732.678233245387673 ], [ 4088316.49341629492119, 752770.102750594262034 ], [ 4088316.49341629492119, 752807.527267943136394 ], [ 4088316.49341629492119, 752844.951785292010754 ], [ 4088316.49341629492119, 752882.376302640885115 ], [ 4088316.49341629492119, 752919.800819989759475 ], [ 4088316.49341629492119, 752957.225337338633835 ], [ 4088316.49341629492119, 752994.649854687508196 ], [ 4088316.49341629492119, 753032.074372036382556 ], [ 4088316.49341629492119, 753069.498889385256916 ], [ 4088316.49341629492119, 753106.923406734131277 ], [ 4088316.49341629492119, 753144.347924083005637 ], [ 4088316.49341629492119, 753181.772441431879997 ], [ 4088316.49341629492119, 753219.196958780754358 ], [ 4088316.49341629492119, 753256.621476129628718 ], [ 4088316.49341629492119, 753294.045993478503078 ], [ 4088316.49341629492119, 753331.470510827377439 ], [ 4088316.49341629492119, 753368.895028176251799 ], [ 4088353.91793364379555, 753368.895028176251799 ], [ 4088391.34245099266991, 753368.895028176251799 ], [ 4088428.766968341544271, 753368.895028176251799 ], [ 4088466.191485690418631, 753368.895028176251799 ], [ 4088466.191485690418631, 753406.319545525126159 ], [ 4088466.191485690418631, 753443.74406287400052 ], [ 4088466.191485690418631, 753481.16858022287488 ], [ 4088466.191485690418631, 753518.59309757174924 ], [ 4088466.191485690418631, 753556.0176149206236 ], [ 4088466.191485690418631, 753593.442132269497961 ], [ 4088466.191485690418631, 753630.866649618372321 ], [ 4088466.191485690418631, 753668.291166967246681 ], [ 4088466.191485690418631, 753705.715684316121042 ], [ 4088466.191485690418631, 753743.140201664995402 ], [ 4088466.191485690418631, 753780.564719013869762 ], [ 4088466.191485690418631, 753817.989236362744123 ], [ 4088466.191485690418631, 753855.413753711618483 ], [ 4088466.191485690418631, 753892.838271060492843 ], [ 4088466.191485690418631, 753930.262788409367204 ], [ 4088466.191485690418631, 753967.687305758241564 ], [ 4088466.191485690418631, 754005.111823107115924 ], [ 4088466.191485690418631, 754042.536340455990285 ], [ 4088466.191485690418631, 754079.960857804864645 ], [ 4088466.191485690418631, 754117.385375153739005 ], [ 4088466.191485690418631, 754154.809892502613366 ], [ 4088492.654615690466017, 754181.273022502660751 ], [ 4088530.079133039340377, 754181.273022502660751 ], [ 4088567.503650388214737, 754181.273022502660751 ], [ 4088604.928167737089097, 754181.273022502660751 ], [ 4088642.352685085963458, 754181.273022502660751 ], [ 4088642.352685085963458, 754218.697539851535112 ], [ 4088642.352685085963458, 754256.122057200409472 ], [ 4088642.352685085963458, 754293.546574549283832 ], [ 4088642.352685085963458, 754330.971091898158193 ], [ 4088642.352685085963458, 754368.395609247032553 ], [ 4088642.352685085963458, 754405.820126595906913 ], [ 4088642.352685085963458, 754443.244643944781274 ], [ 4088642.352685085963458, 754480.669161293655634 ], [ 4088642.352685085963458, 754518.093678642529994 ], [ 4088642.352685085963458, 754555.518195991404355 ], [ 4088642.352685085963458, 754592.942713340278715 ], [ 4088642.352685085963458, 754630.367230689153075 ], [ 4088642.352685085963458, 754667.791748038027436 ], [ 4088642.352685085963458, 754705.216265386901796 ], [ 4088642.352685085963458, 754742.640782735776156 ], [ 4088642.352685085963458, 754780.065300084650517 ], [ 4088642.352685085963458, 754817.489817433524877 ], [ 4088642.352685085963458, 754854.914334782399237 ], [ 4088642.352685085963458, 754892.338852131273597 ], [ 4088642.352685085963458, 754929.763369480147958 ], [ 4088642.352685085963458, 754967.187886829022318 ], [ 4088642.352685085963458, 755004.612404177896678 ], [ 4088679.777202434837818, 755004.612404177896678 ], [ 4088717.201719783712178, 755004.612404177896678 ], [ 4088754.626237132586539, 755004.612404177896678 ], [ 4088792.050754481460899, 755004.612404177896678 ], [ 4088818.513884481508285, 755031.075534177944064 ], [ 4088818.513884481508285, 755068.500051526818424 ], [ 4088818.513884481508285, 755105.924568875692785 ], [ 4088818.513884481508285, 755143.349086224567145 ], [ 4088818.513884481508285, 755180.773603573441505 ], [ 4088818.513884481508285, 755218.198120922315866 ], [ 4088818.513884481508285, 755255.622638271190226 ], [ 4088818.513884481508285, 755293.047155620064586 ], [ 4088818.513884481508285, 755330.471672968938947 ], [ 4088818.513884481508285, 755367.896190317813307 ], [ 4088818.513884481508285, 755405.320707666687667 ], [ 4088818.513884481508285, 755442.745225015562028 ], [ 4088818.513884481508285, 755480.169742364436388 ], [ 4088818.513884481508285, 755517.594259713310748 ], [ 4088855.938401830382645, 755517.594259713310748 ], [ 4088893.362919179257005, 755517.594259713310748 ], [ 4088930.787436528131366, 755517.594259713310748 ], [ 4088968.211953877005726, 755517.594259713310748 ], [ 4088968.211953877005726, 755555.018777062185109 ], [ 4088968.211953877005726, 755592.443294411059469 ], [ 4088968.211953877005726, 755629.867811759933829 ], [ 4088968.211953877005726, 755667.29232910880819 ], [ 4088968.211953877005726, 755704.71684645768255 ], [ 4088968.211953877005726, 755742.14136380655691 ], [ 4088968.211953877005726, 755779.565881155431271 ], [ 4088968.211953877005726, 755816.990398504305631 ], [ 4088968.211953877005726, 755854.414915853179991 ], [ 4088968.211953877005726, 755891.839433202054352 ], [ 4088968.211953877005726, 755929.263950550928712 ], [ 4088968.211953877005726, 755966.688467899803072 ], [ 4088968.211953877005726, 756004.112985248677433 ], [ 4088968.211953877005726, 756041.537502597551793 ], [ 4088968.211953877005726, 756078.962019946426153 ], [ 4088968.211953877005726, 756116.386537295300514 ], [ 4088968.211953877005726, 756153.811054644174874 ], [ 4088994.675083877053112, 756180.27418464422226 ], [ 4089032.099601225927472, 756180.27418464422226 ], [ 4089069.524118574801832, 756180.27418464422226 ], [ 4089106.948635923676193, 756180.27418464422226 ], [ 4089144.373153272550553, 756180.27418464422226 ], [ 4089144.373153272550553, 756217.69870199309662 ], [ 4089144.373153272550553, 756255.12321934197098 ], [ 4089144.373153272550553, 756292.54773669084534 ], [ 4089144.373153272550553, 756329.972254039719701 ], [ 4089144.373153272550553, 756367.396771388594061 ], [ 4089144.373153272550553, 756404.821288737468421 ], [ 4089144.373153272550553, 756442.245806086342782 ], [ 4089144.373153272550553, 756479.670323435217142 ], [ 4089170.836283272597939, 756506.133453435264528 ], [ 4089208.260800621472299, 756506.133453435264528 ], [ 4089245.685317970346659, 756506.133453435264528 ], [ 4089283.10983531922102, 756506.133453435264528 ], [ 4089283.10983531922102, 756543.557970784138888 ], [ 4089283.10983531922102, 756580.982488133013248 ], [ 4089283.10983531922102, 756618.407005481887609 ], [ 4089283.10983531922102, 756655.831522830761969 ], [ 4089283.10983531922102, 756693.256040179636329 ], [ 4089283.10983531922102, 756730.68055752851069 ], [ 4089283.10983531922102, 756768.10507487738505 ], [ 4089283.10983531922102, 756805.52959222625941 ], [ 4089309.572965319268405, 756831.992722226306796 ], [ 4089346.997482668142766, 756831.992722226306796 ], [ 4089384.422000017017126, 756831.992722226306796 ], [ 4089421.846517365891486, 756831.992722226306796 ], [ 4089459.271034714765847, 756831.992722226306796 ], [ 4089459.271034714765847, 756869.417239575181156 ], [ 4089459.271034714765847, 756906.841756924055517 ], [ 4089459.271034714765847, 756944.266274272929877 ], [ 4089459.271034714765847, 756981.690791621804237 ], [ 4089459.271034714765847, 757019.115308970678598 ], [ 4089459.271034714765847, 757056.539826319552958 ], [ 4089459.271034714765847, 757093.964343668427318 ], [ 4089459.271034714765847, 757131.388861017301679 ], [ 4089459.271034714765847, 757168.813378366176039 ], [ 4089459.271034714765847, 757206.237895715050399 ], [ 4089459.271034714765847, 757243.66241306392476 ], [ 4089459.271034714765847, 757281.08693041279912 ], [ 4089459.271034714765847, 757318.51144776167348 ], [ 4089496.695552063640207, 757318.51144776167348 ], [ 4089534.120069412514567, 757318.51144776167348 ], [ 4089571.544586761388928, 757318.51144776167348 ], [ 4089608.969104110263288, 757318.51144776167348 ], [ 4089646.393621459137648, 757318.51144776167348 ], [ 4089646.393621459137648, 757355.935965110547841 ], [ 4089646.393621459137648, 757393.360482459422201 ], [ 4089646.393621459137648, 757430.784999808296561 ], [ 4089646.393621459137648, 757468.209517157170922 ], [ 4089672.856751459185034, 757494.672647157218307 ], [ 4089710.281268808059394, 757494.672647157218307 ], [ 4089747.705786156933755, 757494.672647157218307 ], [ 4089785.130303505808115, 757494.672647157218307 ], [ 4089785.130303505808115, 757532.097164506092668 ], [ 4089785.130303505808115, 757569.521681854967028 ], [ 4089785.130303505808115, 757606.946199203841388 ], [ 4089785.130303505808115, 757644.370716552715749 ], [ 4089785.130303505808115, 757681.795233901590109 ], [ 4089785.130303505808115, 757719.219751250464469 ], [ 4089785.130303505808115, 757756.64426859933883 ], [ 4089785.130303505808115, 757794.06878594821319 ], [ 4089811.593433505855501, 757820.531915948260576 ], [ 4089849.017950854729861, 757820.531915948260576 ], [ 4089886.442468203604221, 757820.531915948260576 ], [ 4089923.866985552478582, 757820.531915948260576 ], [ 4089961.291502901352942, 757820.531915948260576 ], [ 4089961.291502901352942, 757857.956433297134936 ], [ 4089961.291502901352942, 757895.380950646009296 ], [ 4089961.291502901352942, 757932.805467994883657 ], [ 4089961.291502901352942, 757970.229985343758017 ], [ 4089961.291502901352942, 758007.654502692632377 ], [ 4089961.291502901352942, 758045.079020041506737 ], [ 4089961.291502901352942, 758082.503537390381098 ], [ 4089961.291502901352942, 758119.928054739255458 ], [ 4089961.291502901352942, 758157.352572088129818 ], [ 4089998.716020250227302, 758157.352572088129818 ], [ 4090036.140537599101663, 758157.352572088129818 ], [ 4090073.565054947976023, 758157.352572088129818 ], [ 4090110.989572296850383, 758157.352572088129818 ], [ 4090110.989572296850383, 758194.777089437004179 ], [ 4090110.989572296850383, 758232.201606785878539 ], [ 4090110.989572296850383, 758269.626124134752899 ], [ 4090110.989572296850383, 758307.05064148362726 ], [ 4090110.989572296850383, 758344.47515883250162 ], [ 4090110.989572296850383, 758381.89967618137598 ], [ 4090110.989572296850383, 758419.324193530250341 ], [ 4090110.989572296850383, 758456.748710879124701 ], [ 4090137.452702296897769, 758483.211840879172087 ], [ 4090174.877219645772129, 758483.211840879172087 ], [ 4090212.30173699464649, 758483.211840879172087 ], [ 4090249.72625434352085, 758483.211840879172087 ], [ 4090276.189384343568236, 758509.674970879219472 ], [ 4090276.189384343568236, 758547.099488228093833 ], [ 4090276.189384343568236, 758584.524005576968193 ], [ 4090276.189384343568236, 758621.948522925842553 ], [ 4090276.189384343568236, 758659.373040274716914 ], [ 4090276.189384343568236, 758696.797557623591274 ], [ 4090276.189384343568236, 758734.222074972465634 ], [ 4090276.189384343568236, 758771.646592321339995 ], [ 4090276.189384343568236, 758809.071109670214355 ], [ 4090313.613901692442596, 758809.071109670214355 ], [ 4090351.038419041316956, 758809.071109670214355 ], [ 4090388.462936390191317, 758809.071109670214355 ], [ 4090425.887453739065677, 758809.071109670214355 ], [ 4090463.311971087940037, 758809.071109670214355 ], [ 4090463.311971087940037, 758846.495627019088715 ], [ 4090463.311971087940037, 758883.920144367963076 ], [ 4090463.311971087940037, 758921.344661716837436 ], [ 4090463.311971087940037, 758958.769179065711796 ], [ 4090463.311971087940037, 758996.193696414586157 ], [ 4090463.311971087940037, 759033.618213763460517 ], [ 4090463.311971087940037, 759071.042731112334877 ], [ 4090463.311971087940037, 759108.467248461209238 ], [ 4090463.311971087940037, 759145.891765810083598 ], [ 4090500.736488436814398, 759145.891765810083598 ], [ 4090538.161005785688758, 759145.891765810083598 ], [ 4090575.585523134563118, 759145.891765810083598 ], [ 4090613.010040483437479, 759145.891765810083598 ], [ 4090613.010040483437479, 759183.316283158957958 ], [ 4090613.010040483437479, 759220.740800507832319 ], [ 4090613.010040483437479, 759258.165317856706679 ], [ 4090613.010040483437479, 759295.589835205581039 ], [ 4090613.010040483437479, 759333.0143525544554 ], [ 4090613.010040483437479, 759370.43886990332976 ], [ 4090613.010040483437479, 759407.86338725220412 ], [ 4090613.010040483437479, 759445.28790460107848 ], [ 4090639.473170483484864, 759471.751034601125866 ], [ 4090676.897687832359225, 759471.751034601125866 ], [ 4090714.322205181233585, 759471.751034601125866 ], [ 4090751.746722530107945, 759471.751034601125866 ], [ 4090778.209852530155331, 759498.214164601173252 ], [ 4090778.209852530155331, 759535.638681950047612 ], [ 4090778.209852530155331, 759573.063199298921973 ], [ 4090778.209852530155331, 759610.487716647796333 ], [ 4090804.672982530202717, 759636.950846647843719 ], [ 4090842.097499879077077, 759636.950846647843719 ], [ 4090879.522017227951437, 759636.950846647843719 ], [ 4090916.946534576825798, 759636.950846647843719 ], [ 4090943.409664576873183, 759663.413976647891104 ], [ 4090943.409664576873183, 759700.838493996765465 ], [ 4090943.409664576873183, 759738.263011345639825 ], [ 4090943.409664576873183, 759775.687528694514185 ], [ 4090943.409664576873183, 759813.112046043388546 ], [ 4090943.409664576873183, 759850.536563392262906 ], [ 4090943.409664576873183, 759887.961080741137266 ], [ 4090943.409664576873183, 759925.385598090011626 ], [ 4090943.409664576873183, 759962.810115438885987 ], [ 4090943.409664576873183, 760000.234632787760347 ], [ 4090943.409664576873183, 760037.659150136634707 ], [ 4090943.409664576873183, 760075.083667485509068 ], [ 4090943.409664576873183, 760112.508184834383428 ], [ 4090943.409664576873183, 760149.932702183257788 ], [ 4090980.834181925747544, 760149.932702183257788 ], [ 4091018.258699274621904, 760149.932702183257788 ], [ 4091055.683216623496264, 760149.932702183257788 ], [ 4091093.107733972370625, 760149.932702183257788 ], [ 4091130.532251321244985, 760149.932702183257788 ], [ 4091130.532251321244985, 760187.357219532132149 ], [ 4091130.532251321244985, 760224.781736881006509 ], [ 4091130.532251321244985, 760262.206254229880869 ], [ 4091130.532251321244985, 760299.63077157875523 ], [ 4091130.532251321244985, 760337.05528892762959 ], [ 4091130.532251321244985, 760374.47980627650395 ], [ 4091130.532251321244985, 760411.904323625378311 ], [ 4091130.532251321244985, 760449.328840974252671 ], [ 4091130.532251321244985, 760486.753358323127031 ], [ 4091130.532251321244985, 760524.177875672001392 ], [ 4091130.532251321244985, 760561.602393020875752 ], [ 4091130.532251321244985, 760599.026910369750112 ], [ 4091130.532251321244985, 760636.451427718624473 ], [ 4091167.956768670119345, 760636.451427718624473 ], [ 4091205.381286018993706, 760636.451427718624473 ], [ 4091242.805803367868066, 760636.451427718624473 ], [ 4091280.230320716742426, 760636.451427718624473 ], [ 4091280.230320716742426, 760673.875945067498833 ], [ 4091280.230320716742426, 760711.300462416373193 ], [ 4091280.230320716742426, 760748.724979765247554 ], [ 4091280.230320716742426, 760786.149497114121914 ], [ 4091280.230320716742426, 760823.574014462996274 ], [ 4091280.230320716742426, 760860.998531811870635 ], [ 4091280.230320716742426, 760898.423049160744995 ], [ 4091280.230320716742426, 760935.847566509619355 ], [ 4091280.230320716742426, 760973.272083858493716 ], [ 4091280.230320716742426, 761010.696601207368076 ], [ 4091280.230320716742426, 761048.121118556242436 ], [ 4091280.230320716742426, 761085.545635905116796 ], [ 4091280.230320716742426, 761122.970153253991157 ], [ 4091280.230320716742426, 761160.394670602865517 ], [ 4091280.230320716742426, 761197.819187951739877 ], [ 4091280.230320716742426, 761235.243705300614238 ], [ 4091280.230320716742426, 761272.668222649488598 ], [ 4091280.230320716742426, 761310.092739998362958 ], [ 4091280.230320716742426, 761347.517257347237319 ], [ 4091280.230320716742426, 761384.941774696111679 ], [ 4091280.230320716742426, 761422.366292044986039 ], [ 4091280.230320716742426, 761459.7908093938604 ], [ 4091280.230320716742426, 761497.21532674273476 ], [ 4091280.230320716742426, 761534.63984409160912 ], [ 4091280.230320716742426, 761572.064361440483481 ], [ 4091280.230320716742426, 761609.488878789357841 ], [ 4091280.230320716742426, 761646.913396138232201 ], [ 4091280.230320716742426, 761684.337913487106562 ], [ 4091280.230320716742426, 761721.762430835980922 ], [ 4091280.230320716742426, 761759.186948184855282 ], [ 4091280.230320716742426, 761796.611465533729643 ], [ 4091280.230320716742426, 761834.035982882604003 ], [ 4091280.230320716742426, 761871.460500231478363 ], [ 4091280.230320716742426, 761908.885017580352724 ], [ 4091280.230320716742426, 761946.309534929227084 ], [ 4091280.230320716742426, 761983.734052278101444 ], [ 4091280.230320716742426, 762021.158569626975805 ], [ 4091280.230320716742426, 762058.583086975850165 ], [ 4091280.230320716742426, 762096.007604324724525 ], [ 4091306.693450716789812, 762122.470734324771911 ], [ 4091344.117968065664172, 762122.470734324771911 ], [ 4091381.542485414538532, 762122.470734324771911 ], [ 4091418.967002763412893, 762122.470734324771911 ], [ 4091445.430132763460279, 762148.933864324819297 ], [ 4091445.430132763460279, 762186.358381673693657 ], [ 4091445.430132763460279, 762223.782899022568017 ], [ 4091445.430132763460279, 762261.207416371442378 ], [ 4091445.430132763460279, 762298.631933720316738 ], [ 4091445.430132763460279, 762336.056451069191098 ], [ 4091445.430132763460279, 762373.480968418065459 ], [ 4091445.430132763460279, 762410.905485766939819 ], [ 4091445.430132763460279, 762448.330003115814179 ], [ 4091445.430132763460279, 762485.75452046468854 ], [ 4091445.430132763460279, 762523.1790378135629 ], [ 4091445.430132763460279, 762560.60355516243726 ], [ 4091445.430132763460279, 762598.02807251131162 ], [ 4091445.430132763460279, 762635.452589860185981 ], [ 4091445.430132763460279, 762672.877107209060341 ], [ 4091445.430132763460279, 762710.301624557934701 ], [ 4091445.430132763460279, 762747.726141906809062 ], [ 4091445.430132763460279, 762785.150659255683422 ], [ 4091482.854650112334639, 762785.150659255683422 ], [ 4091520.279167461208999, 762785.150659255683422 ], [ 4091557.703684810083359, 762785.150659255683422 ], [ 4091595.12820215895772, 762785.150659255683422 ], [ 4091595.12820215895772, 762822.575176604557782 ], [ 4091595.12820215895772, 762859.999693953432143 ], [ 4091595.12820215895772, 762897.424211302306503 ], [ 4091595.12820215895772, 762934.848728651180863 ], [ 4091595.12820215895772, 762972.273246000055224 ], [ 4091595.12820215895772, 763009.697763348929584 ], [ 4091595.12820215895772, 763047.122280697803944 ], [ 4091595.12820215895772, 763084.546798046678305 ], [ 4091621.591332159005105, 763111.00992804672569 ], [ 4091659.015849507879466, 763111.00992804672569 ], [ 4091696.440366856753826, 763111.00992804672569 ], [ 4091733.864884205628186, 763111.00992804672569 ], [ 4091760.328014205675572, 763137.473058046773076 ], [ 4091760.328014205675572, 763174.897575395647436 ], [ 4091760.328014205675572, 763212.322092744521797 ], [ 4091760.328014205675572, 763249.746610093396157 ], [ 4091786.791144205722958, 763276.209740093443543 ], [ 4091824.215661554597318, 763276.209740093443543 ], [ 4091861.640178903471678, 763276.209740093443543 ], [ 4091899.064696252346039, 763276.209740093443543 ], [ 4091936.489213601220399, 763276.209740093443543 ], [ 4091936.489213601220399, 763313.634257442317903 ], [ 4091936.489213601220399, 763351.058774791192263 ], [ 4091936.489213601220399, 763388.483292140066624 ], [ 4091936.489213601220399, 763425.907809488940984 ], [ 4091936.489213601220399, 763463.332326837815344 ], [ 4091936.489213601220399, 763500.756844186689705 ], [ 4091936.489213601220399, 763538.181361535564065 ], [ 4091936.489213601220399, 763575.605878884438425 ], [ 4091962.952343601267785, 763602.069008884485811 ], [ 4092000.376860950142145, 763602.069008884485811 ], [ 4092037.801378299016505, 763602.069008884485811 ], [ 4092075.225895647890866, 763602.069008884485811 ], [ 4092101.689025647938251, 763628.532138884533197 ], [ 4092101.689025647938251, 763665.956656233407557 ], [ 4092101.689025647938251, 763703.381173582281917 ], [ 4092101.689025647938251, 763740.805690931156278 ], [ 4092101.689025647938251, 763778.230208280030638 ], [ 4092139.113542996812612, 763778.230208280030638 ], [ 4092176.538060345686972, 763778.230208280030638 ], [ 4092213.962577694561332, 763778.230208280030638 ], [ 4092251.387095043435693, 763778.230208280030638 ], [ 4092251.387095043435693, 763815.654725628904998 ], [ 4092251.387095043435693, 763853.079242977779359 ], [ 4092251.387095043435693, 763890.503760326653719 ], [ 4092251.387095043435693, 763927.928277675528079 ], [ 4092251.387095043435693, 763965.35279502440244 ], [ 4092251.387095043435693, 764002.7773123732768 ], [ 4092251.387095043435693, 764040.20182972215116 ], [ 4092251.387095043435693, 764077.626347071025521 ], [ 4092277.850225043483078, 764104.089477071072906 ], [ 4092315.274742392357439, 764104.089477071072906 ], [ 4092352.699259741231799, 764104.089477071072906 ], [ 4092390.123777090106159, 764104.089477071072906 ], [ 4092416.586907090153545, 764130.552607071120292 ], [ 4092416.586907090153545, 764167.977124419994652 ], [ 4092416.586907090153545, 764205.401641768869013 ], [ 4092416.586907090153545, 764242.826159117743373 ], [ 4092443.050037090200931, 764269.289289117790759 ], [ 4092480.474554439075291, 764269.289289117790759 ], [ 4092517.899071787949651, 764269.289289117790759 ], [ 4092555.323589136824012, 764269.289289117790759 ], [ 4092581.786719136871397, 764295.752419117838144 ], [ 4092581.786719136871397, 764333.176936466712505 ], [ 4092581.786719136871397, 764370.601453815586865 ], [ 4092581.786719136871397, 764408.025971164461225 ], [ 4092608.249849136918783, 764434.489101164508611 ], [ 4092645.674366485793144, 764434.489101164508611 ], [ 4092683.098883834667504, 764434.489101164508611 ], [ 4092720.523401183541864, 764434.489101164508611 ], [ 4092757.947918532416224, 764434.489101164508611 ], [ 4092757.947918532416224, 764471.913618513382971 ], [ 4092757.947918532416224, 764509.338135862257332 ], [ 4092757.947918532416224, 764546.762653211131692 ], [ 4092757.947918532416224, 764584.187170560006052 ], [ 4092757.947918532416224, 764621.611687908880413 ], [ 4092757.947918532416224, 764659.036205257754773 ], [ 4092757.947918532416224, 764696.460722606629133 ], [ 4092757.947918532416224, 764733.885239955503494 ], [ 4092784.41104853246361, 764760.348369955550879 ], [ 4092821.83556588133797, 764760.348369955550879 ], [ 4092859.260083230212331, 764760.348369955550879 ], [ 4092896.684600579086691, 764760.348369955550879 ], [ 4092923.147730579134077, 764786.811499955598265 ], [ 4092923.147730579134077, 764824.236017304472625 ], [ 4092923.147730579134077, 764861.660534653346986 ], [ 4092923.147730579134077, 764899.085052002221346 ], [ 4092923.147730579134077, 764936.509569351095706 ], [ 4092960.572247928008437, 764936.509569351095706 ], [ 4092997.996765276882797, 764936.509569351095706 ], [ 4093035.421282625757158, 764936.509569351095706 ], [ 4093072.845799974631518, 764936.509569351095706 ], [ 4093072.845799974631518, 764973.934086699970067 ], [ 4093072.845799974631518, 765011.358604048844427 ], [ 4093072.845799974631518, 765048.783121397718787 ], [ 4093072.845799974631518, 765086.207638746593148 ], [ 4093072.845799974631518, 765123.632156095467508 ], [ 4093072.845799974631518, 765161.056673444341868 ], [ 4093072.845799974631518, 765198.481190793216228 ], [ 4093072.845799974631518, 765235.905708142090589 ], [ 4093099.308929974678904, 765262.368838142137975 ], [ 4093136.733447323553264, 765262.368838142137975 ], [ 4093174.157964672427624, 765262.368838142137975 ], [ 4093211.582482021301985, 765262.368838142137975 ], [ 4093238.04561202134937, 765288.83196814218536 ], [ 4093238.04561202134937, 765326.256485491059721 ], [ 4093238.04561202134937, 765363.681002839934081 ], [ 4093238.04561202134937, 765401.105520188808441 ], [ 4093264.508742021396756, 765427.568650188855827 ], [ 4093301.933259370271116, 765427.568650188855827 ], [ 4093339.357776719145477, 765427.568650188855827 ], [ 4093376.782294068019837, 765427.568650188855827 ], [ 4093414.206811416894197, 765427.568650188855827 ], [ 4093414.206811416894197, 765464.993167537730187 ], [ 4093414.206811416894197, 765502.417684886604548 ], [ 4093414.206811416894197, 765539.842202235478908 ], [ 4093414.206811416894197, 765577.266719584353268 ], [ 4093440.669941416941583, 765603.729849584400654 ], [ 4093478.094458765815943, 765603.729849584400654 ], [ 4093515.518976114690304, 765603.729849584400654 ], [ 4093552.943493463564664, 765603.729849584400654 ], [ 4093590.368010812439024, 765603.729849584400654 ], [ 4093590.368010812439024, 765641.154366933275014 ], [ 4093590.368010812439024, 765678.578884282149374 ], [ 4093590.368010812439024, 765716.003401631023735 ], [ 4093590.368010812439024, 765753.427918979898095 ], [ 4093627.792528161313385, 765753.427918979898095 ], [ 4093665.217045510187745, 765753.427918979898095 ], [ 4093702.641562859062105, 765753.427918979898095 ], [ 4093729.104692859109491, 765779.891048979945481 ], [ 4093729.104692859109491, 765817.315566328819841 ], [ 4093729.104692859109491, 765854.740083677694201 ], [ 4093729.104692859109491, 765892.164601026568562 ], [ 4093729.104692859109491, 765929.589118375442922 ], [ 4093729.104692859109491, 765967.013635724317282 ], [ 4093729.104692859109491, 766004.438153073191643 ], [ 4093729.104692859109491, 766041.862670422066003 ], [ 4093729.104692859109491, 766079.287187770940363 ], [ 4093729.104692859109491, 766116.711705119814724 ], [ 4093729.104692859109491, 766154.136222468689084 ], [ 4093729.104692859109491, 766191.560739817563444 ], [ 4093729.104692859109491, 766228.985257166437805 ], [ 4093755.567822859156877, 766255.44838716648519 ], [ 4093792.992340208031237, 766255.44838716648519 ], [ 4093830.416857556905597, 766255.44838716648519 ], [ 4093867.841374905779958, 766255.44838716648519 ], [ 4093894.304504905827343, 766281.911517166532576 ], [ 4093894.304504905827343, 766319.336034515406936 ], [ 4093894.304504905827343, 766356.760551864281297 ], [ 4093894.304504905827343, 766394.185069213155657 ], [ 4093920.767634905874729, 766420.648199213203043 ], [ 4093958.192152254749089, 766420.648199213203043 ], [ 4093995.61666960362345, 766420.648199213203043 ], [ 4094033.04118695249781, 766420.648199213203043 ], [ 4094059.504316952545196, 766447.111329213250428 ], [ 4094059.504316952545196, 766484.535846562124789 ], [ 4094059.504316952545196, 766521.960363910999149 ], [ 4094059.504316952545196, 766559.384881259873509 ], [ 4094059.504316952545196, 766596.80939860874787 ], [ 4094059.504316952545196, 766634.23391595762223 ], [ 4094059.504316952545196, 766671.65843330649659 ], [ 4094059.504316952545196, 766709.082950655370951 ], [ 4094059.504316952545196, 766746.507468004245311 ], [ 4094096.928834301419556, 766746.507468004245311 ], [ 4094134.353351650293916, 766746.507468004245311 ], [ 4094171.777868999168277, 766746.507468004245311 ], [ 4094209.202386348042637, 766746.507468004245311 ], [ 4094235.665516348090023, 766772.970598004292697 ], [ 4094235.665516348090023, 766810.395115353167057 ], [ 4094235.665516348090023, 766847.819632702041417 ], [ 4094235.665516348090023, 766885.244150050915778 ], [ 4094262.128646348137408, 766911.707280050963163 ], [ 4094299.553163697011769, 766911.707280050963163 ], [ 4094336.977681045886129, 766911.707280050963163 ], [ 4094374.402198394760489, 766911.707280050963163 ], [ 4094400.865328394807875, 766938.170410051010549 ], [ 4094400.865328394807875, 766975.594927399884909 ], [ 4094400.865328394807875, 767013.01944474875927 ], [ 4094400.865328394807875, 767050.44396209763363 ], [ 4094427.328458394855261, 767076.907092097681016 ], [ 4094464.752975743729621, 767076.907092097681016 ], [ 4094502.177493092603981, 767076.907092097681016 ], [ 4094539.602010441478342, 767076.907092097681016 ], [ 4094566.065140441525728, 767103.370222097728401 ], [ 4094566.065140441525728, 767140.794739446602762 ], [ 4094566.065140441525728, 767178.219256795477122 ], [ 4094566.065140441525728, 767215.643774144351482 ], [ 4094592.528270441573113, 767242.106904144398868 ], [ 4094629.952787790447474, 767242.106904144398868 ], [ 4094667.377305139321834, 767242.106904144398868 ], [ 4094704.801822488196194, 767242.106904144398868 ], [ 4094704.801822488196194, 767279.531421493273228 ], [ 4094704.801822488196194, 767316.955938842147589 ], [ 4094704.801822488196194, 767354.380456191021949 ], [ 4094704.801822488196194, 767391.804973539896309 ], [ 4094731.26495248824358, 767418.268103539943695 ], [ 4094768.68946983711794, 767418.268103539943695 ], [ 4094806.113987185992301, 767418.268103539943695 ], [ 4094843.538504534866661, 767418.268103539943695 ], [ 4094880.963021883741021, 767418.268103539943695 ], [ 4094880.963021883741021, 767455.692620888818055 ], [ 4094880.963021883741021, 767493.117138237692416 ], [ 4094880.963021883741021, 767530.541655586566776 ], [ 4094880.963021883741021, 767567.966172935441136 ], [ 4094880.963021883741021, 767605.390690284315497 ], [ 4094880.963021883741021, 767642.815207633189857 ], [ 4094880.963021883741021, 767680.239724982064217 ], [ 4094880.963021883741021, 767717.664242330938578 ], [ 4094907.426151883788407, 767744.127372330985963 ], [ 4094944.850669232662767, 767744.127372330985963 ], [ 4094982.275186581537127, 767744.127372330985963 ], [ 4095019.699703930411488, 767744.127372330985963 ], [ 4095057.124221279285848, 767744.127372330985963 ], [ 4095057.124221279285848, 767781.551889679860324 ], [ 4095057.124221279285848, 767818.976407028734684 ], [ 4095057.124221279285848, 767856.400924377609044 ], [ 4095057.124221279285848, 767893.825441726483405 ], [ 4095083.587351279333234, 767920.28857172653079 ], [ 4095121.011868628207594, 767920.28857172653079 ], [ 4095158.436385977081954, 767920.28857172653079 ], [ 4095195.860903325956315, 767920.28857172653079 ], [ 4095233.285420674830675, 767920.28857172653079 ], [ 4095233.285420674830675, 767957.713089075405151 ], [ 4095233.285420674830675, 767995.137606424279511 ], [ 4095233.285420674830675, 768032.562123773153871 ], [ 4095233.285420674830675, 768069.986641122028232 ], [ 4095233.285420674830675, 768107.411158470902592 ], [ 4095233.285420674830675, 768144.835675819776952 ], [ 4095233.285420674830675, 768182.260193168651313 ], [ 4095233.285420674830675, 768219.684710517525673 ], [ 4095233.285420674830675, 768257.109227866400033 ], [ 4095270.709938023705035, 768257.109227866400033 ], [ 4095308.134455372579396, 768257.109227866400033 ], [ 4095345.558972721453756, 768257.109227866400033 ], [ 4095382.983490070328116, 768257.109227866400033 ], [ 4095382.983490070328116, 768294.533745215274394 ], [ 4095382.983490070328116, 768331.958262564148754 ], [ 4095382.983490070328116, 768369.382779913023114 ], [ 4095382.983490070328116, 768406.807297261897475 ], [ 4095420.408007419202477, 768406.807297261897475 ], [ 4095457.832524768076837, 768406.807297261897475 ], [ 4095495.257042116951197, 768406.807297261897475 ], [ 4095532.681559465825558, 768406.807297261897475 ], [ 4095532.681559465825558, 768444.231814610771835 ], [ 4095532.681559465825558, 768481.656331959646195 ], [ 4095532.681559465825558, 768519.080849308520555 ], [ 4095532.681559465825558, 768556.505366657394916 ], [ 4095532.681559465825558, 768593.929884006269276 ], [ 4095532.681559465825558, 768631.354401355143636 ], [ 4095532.681559465825558, 768668.778918704017997 ], [ 4095532.681559465825558, 768706.203436052892357 ], [ 4095559.144689465872943, 768732.666566052939743 ], [ 4095596.569206814747304, 768732.666566052939743 ], [ 4095633.993724163621664, 768732.666566052939743 ], [ 4095671.418241512496024, 768732.666566052939743 ], [ 4095697.88137151254341, 768759.129696052987128 ], [ 4095697.88137151254341, 768796.554213401861489 ], [ 4095697.88137151254341, 768833.978730750735849 ], [ 4095697.88137151254341, 768871.403248099610209 ], [ 4095724.344501512590796, 768897.866378099657595 ], [ 4095761.769018861465156, 768897.866378099657595 ], [ 4095799.193536210339516, 768897.866378099657595 ], [ 4095836.618053559213877, 768897.866378099657595 ], [ 4095874.042570908088237, 768897.866378099657595 ], [ 4095874.042570908088237, 768935.290895448531955 ], [ 4095874.042570908088237, 768972.715412797406316 ], [ 4095874.042570908088237, 769010.139930146280676 ], [ 4095874.042570908088237, 769047.564447495155036 ], [ 4095874.042570908088237, 769084.988964844029397 ], [ 4095874.042570908088237, 769122.413482192903757 ], [ 4095874.042570908088237, 769159.837999541778117 ], [ 4095874.042570908088237, 769197.262516890652478 ], [ 4095900.505700908135623, 769223.725646890699863 ], [ 4095937.930218257009983, 769223.725646890699863 ], [ 4095975.354735605884343, 769223.725646890699863 ], [ 4096012.779252954758704, 769223.725646890699863 ], [ 4096050.203770303633064, 769223.725646890699863 ], [ 4096050.203770303633064, 769261.150164239574224 ], [ 4096050.203770303633064, 769298.574681588448584 ], [ 4096050.203770303633064, 769335.999198937322944 ], [ 4096050.203770303633064, 769373.423716286197305 ], [ 4096050.203770303633064, 769410.848233635071665 ], [ 4096050.203770303633064, 769448.272750983946025 ], [ 4096050.203770303633064, 769485.697268332820386 ], [ 4096050.203770303633064, 769523.121785681694746 ], [ 4096050.203770303633064, 769560.546303030569106 ], [ 4096087.628287652507424, 769560.546303030569106 ], [ 4096125.052805001381785, 769560.546303030569106 ], [ 4096162.477322350256145, 769560.546303030569106 ], [ 4096199.901839699130505, 769560.546303030569106 ], [ 4096199.901839699130505, 769597.970820379443467 ], [ 4096199.901839699130505, 769635.395337728317827 ], [ 4096199.901839699130505, 769672.819855077192187 ], [ 4096199.901839699130505, 769710.244372426066548 ], [ 4096199.901839699130505, 769747.668889774940908 ], [ 4096199.901839699130505, 769785.093407123815268 ], [ 4096199.901839699130505, 769822.517924472689629 ], [ 4096199.901839699130505, 769859.942441821563989 ], [ 4096226.364969699177891, 769886.405571821611375 ], [ 4096263.789487048052251, 769886.405571821611375 ], [ 4096301.214004396926612, 769886.405571821611375 ], [ 4096338.638521745800972, 769886.405571821611375 ], [ 4096365.101651745848358, 769912.86870182165876 ], [ 4096365.101651745848358, 769950.293219170533121 ], [ 4096365.101651745848358, 769987.717736519407481 ], [ 4096365.101651745848358, 770025.142253868281841 ], [ 4096365.101651745848358, 770062.566771217156202 ], [ 4096365.101651745848358, 770099.991288566030562 ], [ 4096365.101651745848358, 770137.415805914904922 ], [ 4096365.101651745848358, 770174.840323263779283 ], [ 4096365.101651745848358, 770212.264840612653643 ], [ 4096365.101651745848358, 770249.689357961528003 ], [ 4096365.101651745848358, 770287.113875310402364 ], [ 4096365.101651745848358, 770324.538392659276724 ], [ 4096365.101651745848358, 770361.962910008151084 ], [ 4096391.564781745895743, 770388.42604000819847 ], [ 4096428.989299094770104, 770388.42604000819847 ], [ 4096466.413816443644464, 770388.42604000819847 ], [ 4096503.838333792518824, 770388.42604000819847 ], [ 4096541.262851141393185, 770388.42604000819847 ], [ 4096541.262851141393185, 770425.85055735707283 ], [ 4096541.262851141393185, 770463.275074705947191 ], [ 4096541.262851141393185, 770500.699592054821551 ], [ 4096541.262851141393185, 770538.124109403695911 ], [ 4096541.262851141393185, 770575.548626752570271 ], [ 4096541.262851141393185, 770612.973144101444632 ], [ 4096541.262851141393185, 770650.397661450318992 ], [ 4096541.262851141393185, 770687.822178799193352 ], [ 4096567.72598114144057, 770714.285308799240738 ], [ 4096605.150498490314931, 770714.285308799240738 ], [ 4096642.575015839189291, 770714.285308799240738 ], [ 4096679.999533188063651, 770714.285308799240738 ], [ 4096706.462663188111037, 770740.748438799288124 ], [ 4096706.462663188111037, 770778.172956148162484 ], [ 4096706.462663188111037, 770815.597473497036844 ], [ 4096706.462663188111037, 770853.021990845911205 ], [ 4096706.462663188111037, 770890.446508194785565 ], [ 4096706.462663188111037, 770927.871025543659925 ], [ 4096706.462663188111037, 770965.295542892534286 ], [ 4096706.462663188111037, 771002.720060241408646 ], [ 4096706.462663188111037, 771040.144577590283006 ], [ 4096706.462663188111037, 771077.569094939157367 ], [ 4096706.462663188111037, 771114.993612288031727 ], [ 4096706.462663188111037, 771152.418129636906087 ], [ 4096706.462663188111037, 771189.842646985780448 ], [ 4096706.462663188111037, 771227.267164334654808 ], [ 4096743.887180536985397, 771227.267164334654808 ], [ 4096781.311697885859758, 771227.267164334654808 ], [ 4096818.736215234734118, 771227.267164334654808 ], [ 4096856.160732583608478, 771227.267164334654808 ], [ 4096856.160732583608478, 771264.691681683529168 ], [ 4096856.160732583608478, 771302.116199032403529 ], [ 4096856.160732583608478, 771339.540716381277889 ], [ 4096856.160732583608478, 771376.965233730152249 ], [ 4096856.160732583608478, 771414.38975107902661 ], [ 4096856.160732583608478, 771451.81426842790097 ], [ 4096856.160732583608478, 771489.23878577677533 ], [ 4096856.160732583608478, 771526.663303125649691 ], [ 4096882.623862583655864, 771553.126433125697076 ], [ 4096920.048379932530224, 771553.126433125697076 ], [ 4096957.472897281404585, 771553.126433125697076 ], [ 4096994.897414630278945, 771553.126433125697076 ], [ 4097032.321931979153305, 771553.126433125697076 ], [ 4097032.321931979153305, 771590.550950474571437 ], [ 4097032.321931979153305, 771627.975467823445797 ], [ 4097032.321931979153305, 771665.399985172320157 ], [ 4097032.321931979153305, 771702.824502521194518 ], [ 4097032.321931979153305, 771740.249019870068878 ], [ 4097032.321931979153305, 771777.673537218943238 ], [ 4097032.321931979153305, 771815.098054567817599 ], [ 4097032.321931979153305, 771852.522571916691959 ], [ 4097032.321931979153305, 771889.947089265566319 ], [ 4097032.321931979153305, 771927.37160661444068 ], [ 4097032.321931979153305, 771964.79612396331504 ], [ 4097032.321931979153305, 772002.2206413121894 ], [ 4097032.321931979153305, 772039.645158661063761 ], [ 4097032.321931979153305, 772077.069676009938121 ], [ 4097032.321931979153305, 772114.494193358812481 ], [ 4097032.321931979153305, 772151.918710707686841 ], [ 4097032.321931979153305, 772189.343228056561202 ], [ 4097032.321931979153305, 772226.767745405435562 ], [ 4097032.321931979153305, 772264.192262754309922 ], [ 4097032.321931979153305, 772301.616780103184283 ], [ 4097032.321931979153305, 772339.041297452058643 ], [ 4097032.321931979153305, 772376.465814800933003 ], [ 4097069.746449328027666, 772376.465814800933003 ], [ 4097107.170966676902026, 772376.465814800933003 ], [ 4097144.595484025776386, 772376.465814800933003 ], [ 4097182.020001374650747, 772376.465814800933003 ], [ 4097182.020001374650747, 772413.890332149807364 ], [ 4097182.020001374650747, 772451.314849498681724 ], [ 4097182.020001374650747, 772488.739366847556084 ], [ 4097182.020001374650747, 772526.163884196430445 ], [ 4097182.020001374650747, 772563.588401545304805 ], [ 4097182.020001374650747, 772601.012918894179165 ], [ 4097182.020001374650747, 772638.437436243053526 ], [ 4097182.020001374650747, 772675.861953591927886 ], [ 4097182.020001374650747, 772713.286470940802246 ], [ 4097182.020001374650747, 772750.710988289676607 ], [ 4097182.020001374650747, 772788.135505638550967 ], [ 4097182.020001374650747, 772825.560022987425327 ], [ 4097182.020001374650747, 772862.984540336299688 ], [ 4097219.444518723525107, 772862.984540336299688 ], [ 4097256.869036072399467, 772862.984540336299688 ], [ 4097294.293553421273828, 772862.984540336299688 ], [ 4097331.718070770148188, 772862.984540336299688 ], [ 4097369.142588119022548, 772862.984540336299688 ], [ 4097369.142588119022548, 772900.409057685174048 ], [ 4097369.142588119022548, 772937.833575034048408 ], [ 4097369.142588119022548, 772975.258092382922769 ], [ 4097369.142588119022548, 773012.682609731797129 ], [ 4097369.142588119022548, 773050.107127080671489 ], [ 4097369.142588119022548, 773087.53164442954585 ], [ 4097369.142588119022548, 773124.95616177842021 ], [ 4097369.142588119022548, 773162.38067912729457 ], [ 4097369.142588119022548, 773199.805196476168931 ], [ 4097369.142588119022548, 773237.229713825043291 ], [ 4097369.142588119022548, 773274.654231173917651 ], [ 4097369.142588119022548, 773312.078748522792011 ], [ 4097369.142588119022548, 773349.503265871666372 ], [ 4097369.142588119022548, 773386.927783220540732 ], [ 4097369.142588119022548, 773424.352300569415092 ], [ 4097369.142588119022548, 773461.776817918289453 ], [ 4097369.142588119022548, 773499.201335267163813 ], [ 4097369.142588119022548, 773536.625852616038173 ], [ 4097369.142588119022548, 773574.050369964912534 ], [ 4097369.142588119022548, 773611.474887313786894 ], [ 4097369.142588119022548, 773648.899404662661254 ], [ 4097369.142588119022548, 773686.323922011535615 ], [ 4097369.142588119022548, 773723.748439360409975 ], [ 4097369.142588119022548, 773761.172956709284335 ], [ 4097369.142588119022548, 773798.597474058158696 ], [ 4097369.142588119022548, 773836.021991407033056 ], [ 4097369.142588119022548, 773873.446508755907416 ], [ 4097369.142588119022548, 773910.871026104781777 ], [ 4097369.142588119022548, 773948.295543453656137 ], [ 4097369.142588119022548, 773985.720060802530497 ], [ 4097369.142588119022548, 774023.144578151404858 ], [ 4097369.142588119022548, 774060.569095500279218 ], [ 4097369.142588119022548, 774097.993612849153578 ], [ 4097369.142588119022548, 774135.418130198027939 ], [ 4097369.142588119022548, 774172.842647546902299 ], [ 4097369.142588119022548, 774210.267164895776659 ], [ 4097369.142588119022548, 774247.69168224465102 ], [ 4097369.142588119022548, 774285.11619959352538 ], [ 4097369.142588119022548, 774322.54071694239974 ], [ 4097369.142588119022548, 774359.965234291274101 ], [ 4097406.567105467896909, 774359.965234291274101 ], [ 4097443.991622816771269, 774359.965234291274101 ], [ 4097481.416140165645629, 774359.965234291274101 ], [ 4097518.840657514519989, 774359.965234291274101 ], [ 4097518.840657514519989, 774397.389751640148461 ], [ 4097518.840657514519989, 774434.814268989022821 ], [ 4097518.840657514519989, 774472.238786337897182 ], [ 4097518.840657514519989, 774509.663303686771542 ], [ 4097518.840657514519989, 774547.087821035645902 ], [ 4097518.840657514519989, 774584.512338384520262 ], [ 4097518.840657514519989, 774621.936855733394623 ], [ 4097518.840657514519989, 774659.361373082268983 ], [ 4097545.303787514567375, 774685.824503082316369 ], [ 4097582.728304863441736, 774685.824503082316369 ], [ 4097620.152822212316096, 774685.824503082316369 ], [ 4097657.577339561190456, 774685.824503082316369 ], [ 4097684.040469561237842, 774712.287633082363755 ], [ 4097684.040469561237842, 774749.712150431238115 ], [ 4097684.040469561237842, 774787.136667780112475 ], [ 4097684.040469561237842, 774824.561185128986835 ], [ 4097710.503599561285228, 774851.024315129034221 ], [ 4097747.928116910159588, 774851.024315129034221 ], [ 4097785.352634259033948, 774851.024315129034221 ], [ 4097822.777151607908309, 774851.024315129034221 ], [ 4097849.240281607955694, 774877.487445129081607 ], [ 4097849.240281607955694, 774914.911962477955967 ], [ 4097849.240281607955694, 774952.336479826830328 ], [ 4097849.240281607955694, 774989.760997175704688 ], [ 4097849.240281607955694, 775027.185514524579048 ], [ 4097886.664798956830055, 775027.185514524579048 ], [ 4097924.089316305704415, 775027.185514524579048 ], [ 4097961.513833654578775, 775027.185514524579048 ], [ 4097998.938351003453135, 775027.185514524579048 ], [ 4097998.938351003453135, 775064.610031873453408 ], [ 4097998.938351003453135, 775102.034549222327769 ], [ 4097998.938351003453135, 775139.459066571202129 ], [ 4097998.938351003453135, 775176.883583920076489 ], [ 4098025.401481003500521, 775203.346713920123875 ], [ 4098062.825998352374882, 775203.346713920123875 ], [ 4098100.250515701249242, 775203.346713920123875 ], [ 4098137.675033050123602, 775203.346713920123875 ], [ 4098175.099550398997962, 775203.346713920123875 ], [ 4098175.099550398997962, 775240.771231268998235 ], [ 4098175.099550398997962, 775278.195748617872596 ], [ 4098175.099550398997962, 775315.620265966746956 ], [ 4098175.099550398997962, 775353.044783315621316 ], [ 4098175.099550398997962, 775390.469300664495677 ], [ 4098175.099550398997962, 775427.893818013370037 ], [ 4098175.099550398997962, 775465.318335362244397 ], [ 4098175.099550398997962, 775502.742852711118758 ], [ 4098201.562680399045348, 775529.205982711166143 ], [ 4098238.987197747919708, 775529.205982711166143 ], [ 4098276.411715096794069, 775529.205982711166143 ], [ 4098313.836232445668429, 775529.205982711166143 ], [ 4098351.260749794542789, 775529.205982711166143 ], [ 4098351.260749794542789, 775566.630500060040504 ], [ 4098351.260749794542789, 775604.055017408914864 ], [ 4098351.260749794542789, 775641.479534757789224 ], [ 4098351.260749794542789, 775678.904052106663585 ], [ 4098388.68526714341715, 775678.904052106663585 ], [ 4098426.10978449229151, 775678.904052106663585 ], [ 4098463.53430184116587, 775678.904052106663585 ], [ 4098489.997431841213256, 775705.36718210671097 ], [ 4098489.997431841213256, 775742.791699455585331 ], [ 4098489.997431841213256, 775780.216216804459691 ], [ 4098489.997431841213256, 775817.640734153334051 ], [ 4098516.460561841260642, 775844.103864153381437 ], [ 4098553.885079190135002, 775844.103864153381437 ], [ 4098591.309596539009362, 775844.103864153381437 ], [ 4098628.734113887883723, 775844.103864153381437 ], [ 4098666.158631236758083, 775844.103864153381437 ], [ 4098666.158631236758083, 775881.528381502255797 ], [ 4098666.158631236758083, 775918.952898851130158 ], [ 4098666.158631236758083, 775956.377416200004518 ], [ 4098666.158631236758083, 775993.801933548878878 ], [ 4098666.158631236758083, 776031.226450897753239 ], [ 4098666.158631236758083, 776068.650968246627599 ], [ 4098666.158631236758083, 776106.075485595501959 ], [ 4098666.158631236758083, 776143.50000294437632 ], [ 4098666.158631236758083, 776180.92452029325068 ], [ 4098703.583148585632443, 776180.92452029325068 ], [ 4098741.007665934506804, 776180.92452029325068 ], [ 4098778.432183283381164, 776180.92452029325068 ], [ 4098815.856700632255524, 776180.92452029325068 ], [ 4098853.281217981129885, 776180.92452029325068 ], [ 4098890.705735330004245, 776180.92452029325068 ], [ 4098928.130252678878605, 776180.92452029325068 ], [ 4098965.554770027752966, 776180.92452029325068 ], [ 4099002.979287376627326, 776180.92452029325068 ], [ 4099002.979287376627326, 776218.34903764212504 ], [ 4099002.979287376627326, 776255.773554990999401 ], [ 4099002.979287376627326, 776293.198072339873761 ], [ 4099002.979287376627326, 776330.622589688748121 ], [ 4099002.979287376627326, 776368.047107037622482 ], [ 4099002.979287376627326, 776405.471624386496842 ], [ 4099002.979287376627326, 776442.896141735371202 ], [ 4099002.979287376627326, 776480.320659084245563 ], [ 4099029.442417376674712, 776506.783789084292948 ], [ 4099066.866934725549072, 776506.783789084292948 ], [ 4099104.291452074423432, 776506.783789084292948 ], [ 4099141.715969423297793, 776506.783789084292948 ], [ 4099168.179099423345178, 776533.246919084340334 ], [ 4099168.179099423345178, 776570.671436433214694 ], [ 4099168.179099423345178, 776608.095953782089055 ], [ 4099168.179099423345178, 776645.520471130963415 ], [ 4099168.179099423345178, 776682.944988479837775 ], [ 4099205.603616772219539, 776682.944988479837775 ], [ 4099243.028134121093899, 776682.944988479837775 ], [ 4099280.452651469968259, 776682.944988479837775 ], [ 4099317.87716881884262, 776682.944988479837775 ], [ 4099317.87716881884262, 776720.369505828712136 ], [ 4099317.87716881884262, 776757.794023177586496 ], [ 4099317.87716881884262, 776795.218540526460856 ], [ 4099317.87716881884262, 776832.643057875335217 ], [ 4099317.87716881884262, 776870.067575224209577 ], [ 4099317.87716881884262, 776907.492092573083937 ], [ 4099317.87716881884262, 776944.916609921958297 ], [ 4099317.87716881884262, 776982.341127270832658 ], [ 4099344.340298818890005, 777008.804257270880044 ], [ 4099381.764816167764366, 777008.804257270880044 ], [ 4099419.189333516638726, 777008.804257270880044 ], [ 4099456.613850865513086, 777008.804257270880044 ], [ 4099494.038368214387447, 777008.804257270880044 ], [ 4099494.038368214387447, 777046.228774619754404 ], [ 4099494.038368214387447, 777083.653291968628764 ], [ 4099494.038368214387447, 777121.077809317503124 ], [ 4099494.038368214387447, 777158.502326666377485 ], [ 4099494.038368214387447, 777195.926844015251845 ], [ 4099494.038368214387447, 777233.351361364126205 ], [ 4099494.038368214387447, 777270.775878713000566 ], [ 4099494.038368214387447, 777308.200396061874926 ], [ 4099520.501498214434832, 777334.663526061922312 ], [ 4099557.926015563309193, 777334.663526061922312 ], [ 4099595.350532912183553, 777334.663526061922312 ], [ 4099632.775050261057913, 777334.663526061922312 ], [ 4099659.238180261105299, 777361.126656061969697 ], [ 4099659.238180261105299, 777398.551173410844058 ], [ 4099659.238180261105299, 777435.975690759718418 ], [ 4099659.238180261105299, 777473.400208108592778 ], [ 4099685.701310261152685, 777499.863338108640164 ], [ 4099723.125827610027045, 777499.863338108640164 ], [ 4099760.550344958901405, 777499.863338108640164 ], [ 4099797.974862307775766, 777499.863338108640164 ], [ 4099824.437992307823151, 777526.32646810868755 ], [ 4099824.437992307823151, 777563.75098545756191 ], [ 4099824.437992307823151, 777601.17550280643627 ], [ 4099824.437992307823151, 777638.600020155310631 ], [ 4099850.901122307870537, 777665.063150155358016 ], [ 4099888.325639656744897, 777665.063150155358016 ], [ 4099925.750157005619258, 777665.063150155358016 ], [ 4099963.174674354493618, 777665.063150155358016 ], [ 4099989.637804354541004, 777691.526280155405402 ], [ 4099989.637804354541004, 777728.950797504279763 ], [ 4099989.637804354541004, 777766.375314853154123 ], [ 4099989.637804354541004, 777803.799832202028483 ], [ 4099989.637804354541004, 777841.224349550902843 ], [ 4099989.637804354541004, 777878.648866899777204 ], [ 4099989.637804354541004, 777916.073384248651564 ], [ 4099989.637804354541004, 777953.497901597525924 ], [ 4099989.637804354541004, 777990.922418946400285 ], [ 4100027.062321703415364, 777990.922418946400285 ], [ 4100064.486839052289724, 777990.922418946400285 ], [ 4100101.911356401164085, 777990.922418946400285 ], [ 4100139.335873750038445, 777990.922418946400285 ], [ 4100176.760391098912805, 777990.922418946400285 ], [ 4100214.184908447787166, 777990.922418946400285 ], [ 4100251.609425796661526, 777990.922418946400285 ], [ 4100289.033943145535886, 777990.922418946400285 ], [ 4100326.458460494410247, 777990.922418946400285 ], [ 4100363.882977843284607, 777990.922418946400285 ], [ 4100401.307495192158967, 777990.922418946400285 ], [ 4100438.732012541033328, 777990.922418946400285 ], [ 4100476.156529889907688, 777990.922418946400285 ], [ 4100513.581047238782048, 777990.922418946400285 ], [ 4100551.005564587656409, 777990.922418946400285 ], [ 4100588.430081936530769, 777990.922418946400285 ], [ 4100625.854599285405129, 777990.922418946400285 ], [ 4100652.317729285452515, 778017.38554894644767 ], [ 4100652.317729285452515, 778054.810066295322031 ], [ 4100652.317729285452515, 778092.234583644196391 ], [ 4100652.317729285452515, 778129.659100993070751 ], [ 4100652.317729285452515, 778167.083618341945112 ], [ 4100689.742246634326875, 778167.083618341945112 ], [ 4100727.166763983201236, 778167.083618341945112 ], [ 4100764.591281332075596, 778167.083618341945112 ], [ 4100802.015798680949956, 778167.083618341945112 ], [ 4100839.440316029824317, 778167.083618341945112 ], [ 4100876.864833378698677, 778167.083618341945112 ], [ 4100914.289350727573037, 778167.083618341945112 ], [ 4100951.713868076447397, 778167.083618341945112 ], [ 4100989.138385425321758, 778167.083618341945112 ], [ 4101026.562902774196118, 778167.083618341945112 ], [ 4101063.987420123070478, 778167.083618341945112 ], [ 4101101.411937471944839, 778167.083618341945112 ], [ 4101138.836454820819199, 778167.083618341945112 ], [ 4101176.260972169693559, 778167.083618341945112 ], [ 4101213.68548951856792, 778167.083618341945112 ], [ 4101251.11000686744228, 778167.083618341945112 ], [ 4101288.53452421631664, 778167.083618341945112 ], [ 4101325.959041565191001, 778167.083618341945112 ], [ 4101363.383558914065361, 778167.083618341945112 ], [ 4101400.808076262939721, 778167.083618341945112 ], [ 4101438.232593611814082, 778167.083618341945112 ], [ 4101475.657110960688442, 778167.083618341945112 ], [ 4101513.081628309562802, 778167.083618341945112 ], [ 4101550.506145658437163, 778167.083618341945112 ], [ 4101587.930663007311523, 778167.083618341945112 ], [ 4101625.355180356185883, 778167.083618341945112 ], [ 4101662.779697705060244, 778167.083618341945112 ], [ 4101700.204215053934604, 778167.083618341945112 ], [ 4101737.628732402808964, 778167.083618341945112 ], [ 4101775.053249751683325, 778167.083618341945112 ], [ 4101812.477767100557685, 778167.083618341945112 ], [ 4101849.902284449432045, 778167.083618341945112 ], [ 4101887.326801798306406, 778167.083618341945112 ], [ 4101924.751319147180766, 778167.083618341945112 ], [ 4101962.175836496055126, 778167.083618341945112 ], [ 4101999.600353844929487, 778167.083618341945112 ], [ 4102037.024871193803847, 778167.083618341945112 ], [ 4102074.449388542678207, 778167.083618341945112 ], [ 4102111.873905891552567, 778167.083618341945112 ], [ 4102149.298423240426928, 778167.083618341945112 ], [ 4102186.722940589301288, 778167.083618341945112 ], [ 4102224.147457938175648, 778167.083618341945112 ], [ 4102261.571975287050009, 778167.083618341945112 ], [ 4102298.996492635924369, 778167.083618341945112 ], [ 4102336.421009984798729, 778167.083618341945112 ], [ 4102373.84552733367309, 778167.083618341945112 ], [ 4102411.27004468254745, 778167.083618341945112 ], [ 4102448.69456203142181, 778167.083618341945112 ], [ 4102486.119079380296171, 778167.083618341945112 ], [ 4102523.543596729170531, 778167.083618341945112 ], [ 4102560.968114078044891, 778167.083618341945112 ], [ 4102598.392631426919252, 778167.083618341945112 ], [ 4102598.392631426919252, 778204.508135690819472 ], [ 4102598.392631426919252, 778241.932653039693832 ], [ 4102598.392631426919252, 778279.357170388568193 ], [ 4102598.392631426919252, 778316.781687737442553 ], [ 4102624.855761426966637, 778343.244817737489939 ], [ 4102662.280278775840998, 778343.244817737489939 ], [ 4102699.704796124715358, 778343.244817737489939 ], [ 4102737.129313473589718, 778343.244817737489939 ], [ 4102774.553830822464079, 778343.244817737489939 ], [ 4102811.978348171338439, 778343.244817737489939 ], [ 4102849.402865520212799, 778343.244817737489939 ], [ 4102886.82738286908716, 778343.244817737489939 ], [ 4102924.25190021796152, 778343.244817737489939 ], [ 4102961.67641756683588, 778343.244817737489939 ], [ 4102999.100934915710241, 778343.244817737489939 ], [ 4103036.525452264584601, 778343.244817737489939 ], [ 4103073.949969613458961, 778343.244817737489939 ], [ 4103111.374486962333322, 778343.244817737489939 ], [ 4103148.799004311207682, 778343.244817737489939 ], [ 4103186.223521660082042, 778343.244817737489939 ], [ 4103223.648039008956403, 778343.244817737489939 ], [ 4103261.072556357830763, 778343.244817737489939 ], [ 4103298.497073706705123, 778343.244817737489939 ], [ 4103335.921591055579484, 778343.244817737489939 ], [ 4103373.346108404453844, 778343.244817737489939 ], [ 4103410.770625753328204, 778343.244817737489939 ], [ 4103448.195143102202564, 778343.244817737489939 ], [ 4103485.619660451076925, 778343.244817737489939 ], [ 4103523.044177799951285, 778343.244817737489939 ], [ 4103560.468695148825645, 778343.244817737489939 ], [ 4103597.893212497700006, 778343.244817737489939 ], [ 4103635.317729846574366, 778343.244817737489939 ], [ 4103672.742247195448726, 778343.244817737489939 ], [ 4103710.166764544323087, 778343.244817737489939 ], [ 4103747.591281893197447, 778343.244817737489939 ], [ 4103785.015799242071807, 778343.244817737489939 ], [ 4103822.440316590946168, 778343.244817737489939 ], [ 4103859.864833939820528, 778343.244817737489939 ], [ 4103897.289351288694888, 778343.244817737489939 ], [ 4103934.713868637569249, 778343.244817737489939 ], [ 4103972.138385986443609, 778343.244817737489939 ], [ 4104009.562903335317969, 778343.244817737489939 ], [ 4104046.98742068419233, 778343.244817737489939 ], [ 4104084.41193803306669, 778343.244817737489939 ], [ 4104121.83645538194105, 778343.244817737489939 ], [ 4104159.260972730815411, 778343.244817737489939 ], [ 4104196.685490079689771, 778343.244817737489939 ], [ 4104234.110007428564131, 778343.244817737489939 ], [ 4104271.534524777438492, 778343.244817737489939 ], [ 4104308.959042126312852, 778343.244817737489939 ], [ 4104346.383559475187212, 778343.244817737489939 ], [ 4104383.808076824061573, 778343.244817737489939 ], [ 4104421.232594172935933, 778343.244817737489939 ], [ 4104458.657111521810293, 778343.244817737489939 ], [ 4104496.081628870684654, 778343.244817737489939 ], [ 4104533.506146219559014, 778343.244817737489939 ], [ 4104570.930663568433374, 778343.244817737489939 ], [ 4104608.355180917307734, 778343.244817737489939 ], [ 4104645.779698266182095, 778343.244817737489939 ], [ 4104683.204215615056455, 778343.244817737489939 ], [ 4104720.628732963930815, 778343.244817737489939 ], [ 4104758.053250312805176, 778343.244817737489939 ], [ 4104795.477767661679536, 778343.244817737489939 ], [ 4104832.902285010553896, 778343.244817737489939 ], [ 4104870.326802359428257, 778343.244817737489939 ], [ 4104907.751319708302617, 778343.244817737489939 ], [ 4104945.175837057176977, 778343.244817737489939 ], [ 4104982.600354406051338, 778343.244817737489939 ], [ 4105020.024871754925698, 778343.244817737489939 ], [ 4105057.449389103800058, 778343.244817737489939 ], [ 4105094.873906452674419, 778343.244817737489939 ], [ 4105132.298423801548779, 778343.244817737489939 ], [ 4105169.722941150423139, 778343.244817737489939 ], [ 4105207.1474584992975, 778343.244817737489939 ], [ 4105244.57197584817186, 778343.244817737489939 ], [ 4105281.99649319704622, 778343.244817737489939 ], [ 4105319.421010545920581, 778343.244817737489939 ], [ 4105356.845527894794941, 778343.244817737489939 ], [ 4105394.270045243669301, 778343.244817737489939 ], [ 4105431.694562592543662, 778343.244817737489939 ], [ 4105469.119079941418022, 778343.244817737489939 ], [ 4105506.543597290292382, 778343.244817737489939 ], [ 4105543.968114639166743, 778343.244817737489939 ], [ 4105581.392631988041103, 778343.244817737489939 ], [ 4105618.817149336915463, 778343.244817737489939 ], [ 4105656.241666685789824, 778343.244817737489939 ], [ 4105693.666184034664184, 778343.244817737489939 ], [ 4105731.090701383538544, 778343.244817737489939 ], [ 4105768.515218732412905, 778343.244817737489939 ], [ 4105805.939736081287265, 778343.244817737489939 ], [ 4105843.364253430161625, 778343.244817737489939 ], [ 4105880.788770779035985, 778343.244817737489939 ], [ 4105918.213288127910346, 778343.244817737489939 ], [ 4105955.637805476784706, 778343.244817737489939 ], [ 4105993.062322825659066, 778343.244817737489939 ], [ 4106030.486840174533427, 778343.244817737489939 ], [ 4106067.911357523407787, 778343.244817737489939 ], [ 4106105.335874872282147, 778343.244817737489939 ], [ 4106142.760392221156508, 778343.244817737489939 ], [ 4106180.184909570030868, 778343.244817737489939 ], [ 4106217.609426918905228, 778343.244817737489939 ], [ 4106255.033944267779589, 778343.244817737489939 ], [ 4106292.458461616653949, 778343.244817737489939 ], [ 4106329.882978965528309, 778343.244817737489939 ], [ 4106367.30749631440267, 778343.244817737489939 ], [ 4106404.73201366327703, 778343.244817737489939 ], [ 4106442.15653101215139, 778343.244817737489939 ], [ 4106479.581048361025751, 778343.244817737489939 ], [ 4106517.005565709900111, 778343.244817737489939 ], [ 4106554.430083058774471, 778343.244817737489939 ], [ 4106591.854600407648832, 778343.244817737489939 ], [ 4106629.279117756523192, 778343.244817737489939 ], [ 4106666.703635105397552, 778343.244817737489939 ], [ 4106704.128152454271913, 778343.244817737489939 ], [ 4106741.552669803146273, 778343.244817737489939 ], [ 4106778.977187152020633, 778343.244817737489939 ], [ 4106816.401704500894994, 778343.244817737489939 ], [ 4106853.826221849769354, 778343.244817737489939 ], [ 4106891.250739198643714, 778343.244817737489939 ], [ 4106928.675256547518075, 778343.244817737489939 ], [ 4106966.099773896392435, 778343.244817737489939 ], [ 4107003.524291245266795, 778343.244817737489939 ], [ 4107040.948808594141155, 778343.244817737489939 ], [ 4107078.373325943015516, 778343.244817737489939 ], [ 4107115.797843291889876, 778343.244817737489939 ], [ 4107153.222360640764236, 778343.244817737489939 ], [ 4107190.646877989638597, 778343.244817737489939 ], [ 4107228.071395338512957, 778343.244817737489939 ], [ 4107265.495912687387317, 778343.244817737489939 ], [ 4107302.920430036261678, 778343.244817737489939 ], [ 4107340.344947385136038, 778343.244817737489939 ], [ 4107377.769464734010398, 778343.244817737489939 ], [ 4107415.193982082884759, 778343.244817737489939 ], [ 4107452.618499431759119, 778343.244817737489939 ], [ 4107490.043016780633479, 778343.244817737489939 ], [ 4107527.46753412950784, 778343.244817737489939 ], [ 4107564.8920514783822, 778343.244817737489939 ], [ 4107602.31656882725656, 778343.244817737489939 ], [ 4107639.741086176130921, 778343.244817737489939 ], [ 4107677.165603525005281, 778343.244817737489939 ], [ 4107714.590120873879641, 778343.244817737489939 ], [ 4107752.014638222754002, 778343.244817737489939 ], [ 4107789.439155571628362, 778343.244817737489939 ], [ 4107826.863672920502722, 778343.244817737489939 ], [ 4107864.288190269377083, 778343.244817737489939 ], [ 4107901.712707618251443, 778343.244817737489939 ], [ 4107939.137224967125803, 778343.244817737489939 ], [ 4107976.561742316000164, 778343.244817737489939 ], [ 4108013.986259664874524, 778343.244817737489939 ], [ 4108051.410777013748884, 778343.244817737489939 ], [ 4108088.835294362623245, 778343.244817737489939 ], [ 4108126.259811711497605, 778343.244817737489939 ], [ 4108163.684329060371965, 778343.244817737489939 ], [ 4108201.108846409246325, 778343.244817737489939 ], [ 4108238.533363758120686, 778343.244817737489939 ], [ 4108275.957881106995046, 778343.244817737489939 ], [ 4108313.382398455869406, 778343.244817737489939 ], [ 4108350.806915804743767, 778343.244817737489939 ], [ 4108388.231433153618127, 778343.244817737489939 ], [ 4108425.655950502492487, 778343.244817737489939 ], [ 4108463.080467851366848, 778343.244817737489939 ], [ 4108500.504985200241208, 778343.244817737489939 ], [ 4108537.929502549115568, 778343.244817737489939 ], [ 4108575.354019897989929, 778343.244817737489939 ], [ 4108612.778537246864289, 778343.244817737489939 ], [ 4108650.203054595738649, 778343.244817737489939 ], [ 4108687.62757194461301, 778343.244817737489939 ], [ 4108714.090701944660395, 778316.781687737442553 ], [ 4108714.090701944660395, 778279.357170388568193 ], [ 4108714.090701944660395, 778241.932653039693832 ], [ 4108714.090701944660395, 778204.508135690819472 ], [ 4108740.553831944707781, 778178.045005690772086 ], [ 4108777.978349293582141, 778178.045005690772086 ], [ 4108815.402866642456502, 778178.045005690772086 ], [ 4108852.827383991330862, 778178.045005690772086 ], [ 4108890.251901340205222, 778178.045005690772086 ], [ 4108927.676418689079583, 778178.045005690772086 ], [ 4108965.100936037953943, 778178.045005690772086 ], [ 4109002.525453386828303, 778178.045005690772086 ], [ 4109039.949970735702664, 778178.045005690772086 ], [ 4109077.374488084577024, 778178.045005690772086 ], [ 4109114.799005433451384, 778178.045005690772086 ], [ 4109152.223522782325745, 778178.045005690772086 ], [ 4109189.648040131200105, 778178.045005690772086 ], [ 4109227.072557480074465, 778178.045005690772086 ], [ 4109264.497074828948826, 778178.045005690772086 ], [ 4109301.921592177823186, 778178.045005690772086 ], [ 4109339.346109526697546, 778178.045005690772086 ], [ 4109376.770626875571907, 778178.045005690772086 ], [ 4109414.195144224446267, 778178.045005690772086 ], [ 4109451.619661573320627, 778178.045005690772086 ], [ 4109489.044178922194988, 778178.045005690772086 ], [ 4109526.468696271069348, 778178.045005690772086 ], [ 4109563.893213619943708, 778178.045005690772086 ], [ 4109601.317730968818069, 778178.045005690772086 ], [ 4109638.742248317692429, 778178.045005690772086 ], [ 4109676.166765666566789, 778178.045005690772086 ], [ 4109713.591283015441149, 778178.045005690772086 ], [ 4109751.01580036431551, 778178.045005690772086 ], [ 4109788.44031771318987, 778178.045005690772086 ], [ 4109825.86483506206423, 778178.045005690772086 ], [ 4109863.289352410938591, 778178.045005690772086 ], [ 4109900.713869759812951, 778178.045005690772086 ], [ 4109938.138387108687311, 778178.045005690772086 ], [ 4109975.562904457561672, 778178.045005690772086 ], [ 4110012.987421806436032, 778178.045005690772086 ], [ 4110050.411939155310392, 778178.045005690772086 ], [ 4110087.836456504184753, 778178.045005690772086 ], [ 4110125.260973853059113, 778178.045005690772086 ], [ 4110162.685491201933473, 778178.045005690772086 ], [ 4110200.110008550807834, 778178.045005690772086 ], [ 4110237.534525899682194, 778178.045005690772086 ], [ 4110274.959043248556554, 778178.045005690772086 ], [ 4110312.383560597430915, 778178.045005690772086 ], [ 4110349.808077946305275, 778178.045005690772086 ], [ 4110387.232595295179635, 778178.045005690772086 ], [ 4110424.657112644053996, 778178.045005690772086 ], [ 4110462.081629992928356, 778178.045005690772086 ], [ 4110499.506147341802716, 778178.045005690772086 ], [ 4110536.930664690677077, 778178.045005690772086 ], [ 4110574.355182039551437, 778178.045005690772086 ], [ 4110611.779699388425797, 778178.045005690772086 ], [ 4110649.204216737300158, 778178.045005690772086 ], [ 4110686.628734086174518, 778178.045005690772086 ], [ 4110724.053251435048878, 778178.045005690772086 ], [ 4110761.477768783923239, 778178.045005690772086 ], [ 4110798.902286132797599, 778178.045005690772086 ], [ 4110836.326803481671959, 778178.045005690772086 ], [ 4110873.751320830546319, 778178.045005690772086 ], [ 4110911.17583817942068, 778178.045005690772086 ], [ 4110948.60035552829504, 778178.045005690772086 ], [ 4110986.0248728771694, 778178.045005690772086 ], [ 4111023.449390226043761, 778178.045005690772086 ], [ 4111060.873907574918121, 778178.045005690772086 ], [ 4111098.298424923792481, 778178.045005690772086 ], [ 4111135.722942272666842, 778178.045005690772086 ], [ 4111173.147459621541202, 778178.045005690772086 ], [ 4111210.571976970415562, 778178.045005690772086 ], [ 4111247.996494319289923, 778178.045005690772086 ], [ 4111285.421011668164283, 778178.045005690772086 ], [ 4111322.845529017038643, 778178.045005690772086 ], [ 4111360.270046365913004, 778178.045005690772086 ], [ 4111397.694563714787364, 778178.045005690772086 ], [ 4111435.119081063661724, 778178.045005690772086 ], [ 4111472.543598412536085, 778178.045005690772086 ], [ 4111509.968115761410445, 778178.045005690772086 ], [ 4111547.392633110284805, 778178.045005690772086 ], [ 4111584.817150459159166, 778178.045005690772086 ], [ 4111622.241667808033526, 778178.045005690772086 ], [ 4111659.666185156907886, 778178.045005690772086 ], [ 4111697.090702505782247, 778178.045005690772086 ], [ 4111734.515219854656607, 778178.045005690772086 ], [ 4111771.939737203530967, 778178.045005690772086 ], [ 4111809.364254552405328, 778178.045005690772086 ], [ 4111846.788771901279688, 778178.045005690772086 ], [ 4111884.213289250154048, 778178.045005690772086 ], [ 4111921.637806599028409, 778178.045005690772086 ], [ 4111959.062323947902769, 778178.045005690772086 ], [ 4111996.486841296777129, 778178.045005690772086 ], [ 4112033.911358645651489, 778178.045005690772086 ], [ 4112071.33587599452585, 778178.045005690772086 ], [ 4112108.76039334340021, 778178.045005690772086 ], [ 4112146.18491069227457, 778178.045005690772086 ], [ 4112172.648040692321956, 778151.581875690724701 ], [ 4112172.648040692321956, 778114.15735834185034 ], [ 4112172.648040692321956, 778076.73284099297598 ], [ 4112172.648040692321956, 778039.30832364410162 ], [ 4112199.111170692369342, 778012.845193644054234 ], [ 4112236.535688041243702, 778012.845193644054234 ], [ 4112273.960205390118062, 778012.845193644054234 ], [ 4112311.384722738992423, 778012.845193644054234 ], [ 4112348.809240087866783, 778012.845193644054234 ], [ 4112386.233757436741143, 778012.845193644054234 ], [ 4112423.658274785615504, 778012.845193644054234 ], [ 4112461.082792134489864, 778012.845193644054234 ], [ 4112498.507309483364224, 778012.845193644054234 ], [ 4112535.931826832238585, 778012.845193644054234 ], [ 4112573.356344181112945, 778012.845193644054234 ], [ 4112610.780861529987305, 778012.845193644054234 ], [ 4112648.205378878861666, 778012.845193644054234 ], [ 4112685.629896227736026, 778012.845193644054234 ], [ 4112723.054413576610386, 778012.845193644054234 ], [ 4112760.478930925484747, 778012.845193644054234 ], [ 4112797.903448274359107, 778012.845193644054234 ], [ 4112835.327965623233467, 778012.845193644054234 ], [ 4112872.752482972107828, 778012.845193644054234 ], [ 4112910.177000320982188, 778012.845193644054234 ], [ 4112947.601517669856548, 778012.845193644054234 ], [ 4112985.026035018730909, 778012.845193644054234 ], [ 4113022.450552367605269, 778012.845193644054234 ], [ 4113059.875069716479629, 778012.845193644054234 ], [ 4113097.29958706535399, 778012.845193644054234 ], [ 4113134.72410441422835, 778012.845193644054234 ], [ 4113172.14862176310271, 778012.845193644054234 ], [ 4113209.573139111977071, 778012.845193644054234 ], [ 4113285.1455063582398, 778012.121861095656641 ], [ 4114084.824101641308516, 778004.467825933359563 ], [ 4115058.990493535064161, 778524.023234943393618 ], [ 4116249.638305849861354, 779476.541484795161523 ], [ 4116795.905772557482123, 780294.639076995663345 ], [ 4116758.481255208607763, 780294.639076995663345 ], [ 4116758.481255208607763, 780332.063594344537705 ], [ 4116758.481255208607763, 780369.488111693412066 ], [ 4116758.481255208607763, 780406.912629042286426 ], [ 4116758.481255208607763, 780444.337146391160786 ], [ 4116784.944385208655149, 780470.800276391208172 ], [ 4116822.368902557529509, 780470.800276391208172 ], [ 4116859.793419906403869, 780470.800276391208172 ], [ 4116897.21793725527823, 780470.800276391208172 ], [ 4116923.681067255325615, 780497.263406391255558 ], [ 4116923.681067255325615, 780534.687923740129918 ], [ 4116923.681067255325615, 780572.112441089004278 ], [ 4116923.681067255325615, 780609.536958437878639 ], [ 4116923.681067255325615, 780646.961475786752999 ], [ 4116961.105584604199976, 780646.961475786752999 ], [ 4116998.530101953074336, 780646.961475786752999 ], [ 4117035.954619301948696, 780646.961475786752999 ], [ 4117073.379136650823057, 780646.961475786752999 ], [ 4117073.379136650823057, 780684.385993135627359 ], [ 4117073.379136650823057, 780721.810510484501719 ], [ 4117073.379136650823057, 780759.23502783337608 ], [ 4117073.379136650823057, 780796.65954518225044 ], [ 4117073.379136650823057, 780834.0840625311248 ], [ 4117073.379136650823057, 780871.508579879999161 ], [ 4117073.379136650823057, 780908.933097228873521 ], [ 4117073.379136650823057, 780946.357614577747881 ], [ 4117099.842266650870442, 780972.820744577795267 ], [ 4117137.266783999744803, 780972.820744577795267 ], [ 4117174.691301348619163, 780972.820744577795267 ], [ 4117212.115818697493523, 780972.820744577795267 ], [ 4117249.540336046367884, 780972.820744577795267 ], [ 4117286.964853395242244, 780972.820744577795267 ], [ 4117324.389370744116604, 780972.820744577795267 ], [ 4117361.813888092990965, 780972.820744577795267 ], [ 4117399.238405441865325, 780972.820744577795267 ], [ 4117425.701535441912711, 780999.283874577842653 ], [ 4117425.701535441912711, 781036.708391926717013 ], [ 4117425.701535441912711, 781074.132909275591373 ], [ 4117425.701535441912711, 781111.557426624465734 ], [ 4117452.164665441960096, 781138.020556624513119 ], [ 4117489.589182790834457, 781138.020556624513119 ], [ 4117527.013700139708817, 781138.020556624513119 ], [ 4117564.438217488583177, 781138.020556624513119 ], [ 4117590.901347488630563, 781164.483686624560505 ], [ 4117590.901347488630563, 781201.908203973434865 ], [ 4117590.901347488630563, 781239.332721322309226 ], [ 4117590.901347488630563, 781276.757238671183586 ], [ 4117617.364477488677949, 781303.220368671230972 ], [ 4117654.788994837552309, 781303.220368671230972 ], [ 4117692.213512186426669, 781303.220368671230972 ], [ 4117729.63802953530103, 781303.220368671230972 ], [ 4117729.63802953530103, 781340.644886020105332 ], [ 4117729.63802953530103, 781378.069403368979692 ], [ 4117729.63802953530103, 781415.493920717854053 ], [ 4117729.63802953530103, 781452.918438066728413 ], [ 4117756.101159535348415, 781479.381568066775799 ], [ 4117793.525676884222776, 781479.381568066775799 ], [ 4117830.950194233097136, 781479.381568066775799 ], [ 4117868.374711581971496, 781479.381568066775799 ], [ 4117905.799228930845857, 781479.381568066775799 ], [ 4117905.799228930845857, 781516.806085415650159 ], [ 4117905.799228930845857, 781554.230602764524519 ], [ 4117905.799228930845857, 781591.65512011339888 ], [ 4117905.799228930845857, 781629.07963746227324 ], [ 4117943.223746279720217, 781629.07963746227324 ], [ 4117980.648263628594577, 781629.07963746227324 ], [ 4118018.072780977468938, 781629.07963746227324 ], [ 4118055.497298326343298, 781629.07963746227324 ], [ 4118081.960428326390684, 781655.542767462320626 ], [ 4118081.960428326390684, 781692.967284811194986 ], [ 4118081.960428326390684, 781730.391802160069346 ], [ 4118081.960428326390684, 781767.816319508943707 ], [ 4118108.423558326438069, 781794.279449508991092 ], [ 4118145.84807567531243, 781794.279449508991092 ], [ 4118183.27259302418679, 781794.279449508991092 ], [ 4118220.69711037306115, 781794.279449508991092 ], [ 4118247.160240373108536, 781820.742579509038478 ], [ 4118247.160240373108536, 781858.167096857912838 ], [ 4118247.160240373108536, 781895.591614206787199 ], [ 4118247.160240373108536, 781933.016131555661559 ], [ 4118247.160240373108536, 781970.440648904535919 ], [ 4118284.584757721982896, 781970.440648904535919 ], [ 4118322.009275070857257, 781970.440648904535919 ], [ 4118359.433792419731617, 781970.440648904535919 ], [ 4118396.858309768605977, 781970.440648904535919 ], [ 4118396.858309768605977, 782007.86516625341028 ], [ 4118396.858309768605977, 782045.28968360228464 ], [ 4118396.858309768605977, 782082.714200951159 ], [ 4118396.858309768605977, 782120.138718300033361 ], [ 4118423.321439768653363, 782146.601848300080746 ], [ 4118460.745957117527723, 782146.601848300080746 ], [ 4118498.170474466402084, 782146.601848300080746 ], [ 4118535.594991815276444, 782146.601848300080746 ], [ 4118573.019509164150804, 782146.601848300080746 ], [ 4118573.019509164150804, 782184.026365648955107 ], [ 4118573.019509164150804, 782221.450882997829467 ], [ 4118573.019509164150804, 782258.875400346703827 ], [ 4118573.019509164150804, 782296.299917695578188 ], [ 4118610.444026513025165, 782296.299917695578188 ], [ 4118647.868543861899525, 782296.299917695578188 ], [ 4118685.293061210773885, 782296.299917695578188 ], [ 4118711.756191210821271, 782322.763047695625573 ], [ 4118711.756191210821271, 782360.187565044499934 ], [ 4118711.756191210821271, 782397.612082393374294 ], [ 4118711.756191210821271, 782435.036599742248654 ], [ 4118738.219321210868657, 782461.49972974229604 ], [ 4118775.643838559743017, 782461.49972974229604 ], [ 4118813.068355908617377, 782461.49972974229604 ], [ 4118850.492873257491738, 782461.49972974229604 ], [ 4118887.917390606366098, 782461.49972974229604 ], [ 4118914.380520606413484, 782487.962859742343426 ], [ 4118914.380520606413484, 782525.387377091217786 ], [ 4118914.380520606413484, 782562.811894440092146 ], [ 4118914.380520606413484, 782600.236411788966507 ], [ 4118940.843650606460869, 782626.699541789013892 ], [ 4118978.26816795533523, 782626.699541789013892 ], [ 4119015.69268530420959, 782626.699541789013892 ], [ 4119053.11720265308395, 782626.699541789013892 ], [ 4119053.11720265308395, 782664.124059137888253 ], [ 4119053.11720265308395, 782701.548576486762613 ], [ 4119053.11720265308395, 782738.973093835636973 ], [ 4119053.11720265308395, 782776.397611184511334 ], [ 4119079.580332653131336, 782802.860741184558719 ], [ 4119117.004850002005696, 782802.860741184558719 ], [ 4119154.429367350880057, 782802.860741184558719 ], [ 4119191.853884699754417, 782802.860741184558719 ], [ 4119229.278402048628777, 782802.860741184558719 ], [ 4119229.278402048628777, 782840.28525853343308 ], [ 4119229.278402048628777, 782877.70977588230744 ], [ 4119229.278402048628777, 782915.1342932311818 ], [ 4119229.278402048628777, 782952.558810580056161 ], [ 4119266.702919397503138, 782952.558810580056161 ], [ 4119304.127436746377498, 782952.558810580056161 ], [ 4119341.551954095251858, 782952.558810580056161 ], [ 4119368.015084095299244, 782979.021940580103546 ], [ 4119368.015084095299244, 783016.446457928977907 ], [ 4119368.015084095299244, 783053.870975277852267 ], [ 4119368.015084095299244, 783091.295492626726627 ], [ 4119394.47821409534663, 783117.758622626774013 ], [ 4119431.90273144422099, 783117.758622626774013 ], [ 4119469.32724879309535, 783117.758622626774013 ], [ 4119506.751766141969711, 783117.758622626774013 ], [ 4119544.176283490844071, 783117.758622626774013 ], [ 4119544.176283490844071, 783155.183139975648373 ], [ 4119544.176283490844071, 783192.607657324522734 ], [ 4119544.176283490844071, 783230.032174673397094 ], [ 4119544.176283490844071, 783267.456692022271454 ], [ 4119544.176283490844071, 783304.881209371145815 ], [ 4119581.600800839718431, 783304.881209371145815 ], [ 4119619.025318188592792, 783304.881209371145815 ], [ 4119656.449835537467152, 783304.881209371145815 ], [ 4119693.874352886341512, 783304.881209371145815 ], [ 4119731.298870235215873, 783304.881209371145815 ], [ 4119731.298870235215873, 783342.305726720020175 ], [ 4119731.298870235215873, 783379.730244068894535 ], [ 4119731.298870235215873, 783417.154761417768896 ], [ 4119731.298870235215873, 783454.579278766643256 ], [ 4119768.723387584090233, 783454.579278766643256 ], [ 4119806.147904932964593, 783454.579278766643256 ], [ 4119843.572422281838953, 783454.579278766643256 ], [ 4119880.996939630713314, 783454.579278766643256 ], [ 4119880.996939630713314, 783492.003796115517616 ], [ 4119880.996939630713314, 783529.428313464391977 ], [ 4119880.996939630713314, 783566.852830813266337 ], [ 4119880.996939630713314, 783604.277348162140697 ], [ 4119880.996939630713314, 783641.701865511015058 ], [ 4119880.996939630713314, 783679.126382859889418 ], [ 4119880.996939630713314, 783716.550900208763778 ], [ 4119880.996939630713314, 783753.975417557638139 ], [ 4119907.4600696307607, 783780.438547557685524 ], [ 4119944.88458697963506, 783780.438547557685524 ], [ 4119982.30910432850942, 783780.438547557685524 ], [ 4120019.73362167738378, 783780.438547557685524 ], [ 4120057.158139026258141, 783780.438547557685524 ], [ 4120094.582656375132501, 783780.438547557685524 ], [ 4120132.007173724006861, 783780.438547557685524 ], [ 4120169.431691072881222, 783780.438547557685524 ], [ 4120195.894821072928607, 783806.90167755773291 ], [ 4120195.894821072928607, 783844.32619490660727 ], [ 4120195.894821072928607, 783881.750712255481631 ], [ 4120195.894821072928607, 783919.175229604355991 ], [ 4120222.357951072975993, 783945.638359604403377 ], [ 4120259.782468421850353, 783945.638359604403377 ], [ 4120297.206985770724714, 783945.638359604403377 ], [ 4120334.631503119599074, 783945.638359604403377 ], [ 4120372.056020468473434, 783945.638359604403377 ], [ 4120398.51915046852082, 783972.101489604450762 ], [ 4120398.51915046852082, 784009.526006953325123 ], [ 4120398.51915046852082, 784046.950524302199483 ], [ 4120398.51915046852082, 784084.375041651073843 ], [ 4120424.982280468568206, 784110.838171651121229 ], [ 4120462.406797817442566, 784110.838171651121229 ], [ 4120499.831315166316926, 784110.838171651121229 ], [ 4120537.255832515191287, 784110.838171651121229 ], [ 4120574.680349864065647, 784110.838171651121229 ], [ 4120612.104867212940007, 784110.838171651121229 ], [ 4120649.529384561814368, 784110.838171651121229 ], [ 4120686.953901910688728, 784110.838171651121229 ], [ 4120724.378419259563088, 784110.838171651121229 ], [ 4120761.802936608437449, 784110.838171651121229 ], [ 4120799.227453957311809, 784110.838171651121229 ], [ 4120838.922148957382888, 784108.567993999575265 ], [ 4120878.616843957453966, 784083.843105938984081 ], [ 4120878.616843957453966, 784046.418588590109721 ], [ 4120878.616843957453966, 784008.994071241235361 ], [ 4120878.616843957453966, 783971.569553892361 ], [ 4120905.079973957501352, 783945.106423892313614 ], [ 4120942.504491306375712, 783945.106423892313614 ], [ 4120979.929008655250072, 783945.106423892313614 ], [ 4121017.353526004124433, 783945.106423892313614 ], [ 4121054.778043352998793, 783945.106423892313614 ], [ 4121092.202560701873153, 783945.106423892313614 ], [ 4121129.627078050747514, 783945.106423892313614 ], [ 4121167.051595399621874, 783945.106423892313614 ], [ 4121206.746290399692953, 783942.83624624076765 ], [ 4121246.440985399764031, 783933.081165119539946 ], [ 4121246.440985399764031, 783895.656647770665586 ], [ 4121246.440985399764031, 783858.232130421791226 ], [ 4121246.440985399764031, 783820.807613072916865 ], [ 4121246.440985399764031, 783783.383095724042505 ], [ 4121283.865502748638391, 783783.383095724042505 ], [ 4121321.290020097512752, 783783.383095724042505 ], [ 4121358.714537446387112, 783783.383095724042505 ], [ 4121385.177667446434498, 783756.919965723995119 ], [ 4121385.177667446434498, 783719.495448375120759 ], [ 4121385.177667446434498, 783682.070931026246399 ], [ 4121385.177667446434498, 783644.646413677372038 ], [ 4121411.640797446481884, 783618.183283677324653 ], [ 4121449.065314795356244, 783618.183283677324653 ], [ 4121486.489832144230604, 783618.183283677324653 ], [ 4121523.914349493104964, 783618.183283677324653 ], [ 4121561.338866841979325, 783618.183283677324653 ], [ 4121598.763384190853685, 783618.183283677324653 ], [ 4121636.187901539728045, 783618.183283677324653 ], [ 4121673.612418888602406, 783618.183283677324653 ], [ 4121700.075548888649791, 783591.720153677277267 ], [ 4121700.075548888649791, 783554.295636328402907 ], [ 4121700.075548888649791, 783516.871118979528546 ], [ 4121700.075548888649791, 783479.446601630654186 ], [ 4121700.075548888649791, 783442.022084281779826 ], [ 4121700.075548888649791, 783404.597566932905465 ], [ 4121700.075548888649791, 783367.173049584031105 ], [ 4121700.075548888649791, 783329.748532235156745 ], [ 4121726.538678888697177, 783303.285402235109359 ], [ 4121763.963196237571537, 783303.285402235109359 ], [ 4121801.387713586445898, 783303.285402235109359 ], [ 4121838.812230935320258, 783303.285402235109359 ], [ 4121876.236748284194618, 783303.285402235109359 ], [ 4121913.661265633068979, 783303.285402235109359 ], [ 4121951.085782981943339, 783303.285402235109359 ], [ 4121988.510300330817699, 783303.285402235109359 ], [ 4122025.93481767969206, 783303.285402235109359 ], [ 4122052.397947679739445, 783276.822272235061973 ], [ 4122052.397947679739445, 783239.397754886187613 ], [ 4122052.397947679739445, 783201.973237537313253 ], [ 4122052.397947679739445, 783164.548720188438892 ], [ 4122052.397947679739445, 783127.124202839564532 ], [ 4122089.822465028613806, 783127.124202839564532 ], [ 4122127.246982377488166, 783127.124202839564532 ], [ 4122164.671499726362526, 783127.124202839564532 ], [ 4122202.096017075236887, 783127.124202839564532 ], [ 4122239.520534424111247, 783127.124202839564532 ], [ 4122276.945051772985607, 783127.124202839564532 ], [ 4122314.369569121859968, 783127.124202839564532 ], [ 4122351.794086470734328, 783127.124202839564532 ], [ 4122378.257216470781714, 783100.661072839517146 ], [ 4122378.257216470781714, 783063.236555490642786 ], [ 4122378.257216470781714, 783025.812038141768426 ], [ 4122378.257216470781714, 782988.387520792894065 ], [ 4122378.257216470781714, 782950.963003444019705 ], [ 4122415.681733819656074, 782950.963003444019705 ], [ 4122453.106251168530434, 782950.963003444019705 ], [ 4122490.530768517404795, 782950.963003444019705 ], [ 4122516.99389851745218, 782924.499873443972319 ], [ 4122516.99389851745218, 782887.075356095097959 ], [ 4122516.99389851745218, 782849.650838746223599 ], [ 4122516.99389851745218, 782812.226321397349238 ], [ 4122543.457028517499566, 782785.763191397301853 ], [ 4122580.881545866373926, 782785.763191397301853 ], [ 4122618.306063215248287, 782785.763191397301853 ], [ 4122655.730580564122647, 782785.763191397301853 ], [ 4122693.155097912997007, 782785.763191397301853 ], [ 4122730.579615261871368, 782785.763191397301853 ], [ 4122768.004132610745728, 782785.763191397301853 ], [ 4122805.428649959620088, 782785.763191397301853 ], [ 4122842.853167308494449, 782785.763191397301853 ], [ 4122869.316297308541834, 782759.300061397254467 ], [ 4122869.316297308541834, 782721.875544048380107 ], [ 4122869.316297308541834, 782684.451026699505746 ], [ 4122869.316297308541834, 782647.026509350631386 ], [ 4122895.77942730858922, 782620.563379350584 ], [ 4122933.20394465746358, 782620.563379350584 ], [ 4122936.851887634489685, 782627.934872300596908 ], [ 4122974.276404983364046, 782627.934872300596908 ], [ 4123011.700922332238406, 782627.934872300596908 ], [ 4123049.125439681112766, 782627.934872300596908 ], [ 4123086.549957029987127, 782627.934872300596908 ], [ 4123123.974474378861487, 782627.934872300596908 ], [ 4123161.398991727735847, 782627.934872300596908 ], [ 4123198.823509076610208, 782627.934872300596908 ], [ 4123198.823509076610208, 782590.510354951722547 ], [ 4123198.823509076610208, 782553.085837602848187 ], [ 4123198.823509076610208, 782515.661320253973827 ], [ 4123198.823509076610208, 782478.236802905099466 ], [ 4123236.248026425484568, 782478.236802905099466 ], [ 4123273.672543774358928, 782478.236802905099466 ], [ 4123311.097061123233289, 782478.236802905099466 ], [ 4123337.560191123280674, 782451.773672905052081 ], [ 4123337.560191123280674, 782414.34915555617772 ], [ 4123337.560191123280674, 782376.92463820730336 ], [ 4123337.560191123280674, 782339.500120858429 ], [ 4123364.02332112332806, 782313.036990858381614 ], [ 4123401.44783847220242, 782313.036990858381614 ], [ 4123438.872355821076781, 782313.036990858381614 ], [ 4123476.296873169951141, 782313.036990858381614 ], [ 4123513.721390518825501, 782313.036990858381614 ], [ 4123551.145907867699862, 782313.036990858381614 ], [ 4123588.570425216574222, 782313.036990858381614 ], [ 4123625.994942565448582, 782313.036990858381614 ], [ 4123663.419459914322942, 782313.036990858381614 ], [ 4123689.882589914370328, 782286.573860858334228 ], [ 4123689.882589914370328, 782249.149343509459868 ], [ 4123689.882589914370328, 782211.724826160585508 ], [ 4123689.882589914370328, 782174.300308811711147 ], [ 4123716.345719914417714, 782147.837178811663762 ], [ 4123753.770237263292074, 782147.837178811663762 ], [ 4123791.194754612166435, 782147.837178811663762 ], [ 4123828.619271961040795, 782147.837178811663762 ], [ 4123866.043789309915155, 782147.837178811663762 ], [ 4123903.468306658789515, 782147.837178811663762 ], [ 4123940.892824007663876, 782147.837178811663762 ], [ 4123978.317341356538236, 782147.837178811663762 ], [ 4124004.780471356585622, 782121.374048811616376 ], [ 4124004.780471356585622, 782083.949531462742016 ], [ 4124004.780471356585622, 782046.525014113867655 ], [ 4124004.780471356585622, 782009.100496764993295 ], [ 4124004.780471356585622, 781971.675979416118935 ], [ 4124042.204988705459982, 781971.675979416118935 ], [ 4124079.629506054334342, 781971.675979416118935 ], [ 4124117.054023403208703, 781971.675979416118935 ], [ 4124154.478540752083063, 781971.675979416118935 ], [ 4124191.903058100957423, 781971.675979416118935 ], [ 4124229.327575449831784, 781971.675979416118935 ], [ 4124266.752092798706144, 781971.675979416118935 ], [ 4124304.176610147580504, 781971.675979416118935 ], [ 4124341.601127496454865, 781971.675979416118935 ], [ 4124368.06425749650225, 781945.212849416071549 ], [ 4124368.06425749650225, 781907.788332067197189 ], [ 4124368.06425749650225, 781870.363814718322828 ], [ 4124368.06425749650225, 781832.939297369448468 ], [ 4124368.06425749650225, 781795.514780020574108 ], [ 4124368.06425749650225, 781758.090262671699747 ], [ 4124368.06425749650225, 781720.665745322825387 ], [ 4124368.06425749650225, 781683.241227973951027 ], [ 4124368.06425749650225, 781645.816710625076666 ], [ 4124405.488774845376611, 781645.816710625076666 ], [ 4124442.913292194250971, 781645.816710625076666 ], [ 4124480.337809543125331, 781645.816710625076666 ], [ 4124506.800939543172717, 781619.353580625029281 ], [ 4124506.800939543172717, 781581.92906327615492 ], [ 4124506.800939543172717, 781544.50454592728056 ], [ 4124506.800939543172717, 781507.0800285784062 ], [ 4124533.264069543220103, 781480.616898578358814 ], [ 4124570.688586892094463, 781480.616898578358814 ], [ 4124608.113104240968823, 781480.616898578358814 ], [ 4124645.537621589843184, 781480.616898578358814 ], [ 4124682.962138938717544, 781480.616898578358814 ], [ 4124720.386656287591904, 781480.616898578358814 ], [ 4124757.811173636466265, 781480.616898578358814 ], [ 4124795.235690985340625, 781480.616898578358814 ], [ 4124821.698820985388011, 781454.153768578311428 ], [ 4124821.698820985388011, 781416.729251229437068 ], [ 4124821.698820985388011, 781379.304733880562708 ], [ 4124821.698820985388011, 781341.880216531688347 ], [ 4124821.698820985388011, 781304.455699182813987 ], [ 4124859.123338334262371, 781304.455699182813987 ], [ 4124896.547855683136731, 781304.455699182813987 ], [ 4124933.972373032011092, 781304.455699182813987 ], [ 4124971.396890380885452, 781304.455699182813987 ], [ 4125008.821407729759812, 781304.455699182813987 ], [ 4125008.821407729759812, 781267.031181833939627 ], [ 4125008.821407729759812, 781229.606664485065266 ], [ 4125008.821407729759812, 781192.182147136190906 ], [ 4125008.821407729759812, 781154.757629787316546 ], [ 4125046.245925078634173, 781154.757629787316546 ], [ 4125083.670442427508533, 781154.757629787316546 ], [ 4125121.094959776382893, 781154.757629787316546 ], [ 4125158.519477125257254, 781154.757629787316546 ], [ 4125184.982607125304639, 781128.29449978726916 ], [ 4125184.982607125304639, 781090.8699824383948 ], [ 4125184.982607125304639, 781053.44546508952044 ], [ 4125184.982607125304639, 781016.020947740646079 ], [ 4125184.982607125304639, 780978.596430391771719 ], [ 4125222.407124474179, 780978.596430391771719 ], [ 4125259.83164182305336, 780978.596430391771719 ], [ 4125297.25615917192772, 780978.596430391771719 ], [ 4125323.719289171975106, 780952.133300391724333 ], [ 4125323.719289171975106, 780914.708783042849973 ], [ 4125323.719289171975106, 780877.284265693975613 ], [ 4125323.719289171975106, 780839.859748345101252 ], [ 4125350.182419172022492, 780813.396618345053867 ], [ 4125387.606936520896852, 780813.396618345053867 ], [ 4125425.031453869771212, 780813.396618345053867 ], [ 4125462.455971218645573, 780813.396618345053867 ], [ 4125488.919101218692958, 780786.933488345006481 ], [ 4125488.919101218692958, 780749.50897099613212 ], [ 4125488.919101218692958, 780712.08445364725776 ], [ 4125488.919101218692958, 780674.6599362983834 ], [ 4125488.919101218692958, 780637.23541894950904 ], [ 4125488.919101218692958, 780599.810901600634679 ], [ 4125488.919101218692958, 780562.386384251760319 ], [ 4125488.919101218692958, 780524.961866902885959 ], [ 4125488.919101218692958, 780487.537349554011598 ], [ 4125488.919101218692958, 780450.112832205137238 ], [ 4125488.919101218692958, 780412.688314856262878 ], [ 4125488.919101218692958, 780375.263797507388517 ], [ 4125488.919101218692958, 780337.839280158514157 ], [ 4125488.919101218692958, 780300.414762809639797 ], [ 4125488.919101218692958, 780262.990245460765436 ], [ 4125488.919101218692958, 780225.565728111891076 ], [ 4125488.919101218692958, 780188.141210763016716 ], [ 4125488.919101218692958, 780150.716693414142355 ], [ 4125488.919101218692958, 780113.292176065267995 ], [ 4125488.919101218692958, 780075.867658716393635 ], [ 4125488.919101218692958, 780038.443141367519274 ], [ 4125488.919101218692958, 780001.018624018644914 ], [ 4125488.919101218692958, 779963.594106669770554 ], [ 4125488.919101218692958, 779926.169589320896193 ], [ 4125488.919101218692958, 779888.745071972021833 ], [ 4125488.919101218692958, 779851.320554623147473 ], [ 4125488.919101218692958, 779813.896037274273112 ], [ 4125488.919101218692958, 779776.471519925398752 ], [ 4125488.919101218692958, 779739.047002576524392 ], [ 4125488.919101218692958, 779701.622485227650031 ], [ 4125488.919101218692958, 779664.197967878775671 ], [ 4125488.919101218692958, 779626.773450529901311 ], [ 4125488.919101218692958, 779589.34893318102695 ], [ 4125488.919101218692958, 779551.92441583215259 ], [ 4125488.919101218692958, 779514.49989848327823 ], [ 4125488.919101218692958, 779477.07538113440387 ], [ 4125488.919101218692958, 779439.650863785529509 ], [ 4125488.919101218692958, 779402.226346436655149 ], [ 4125488.919101218692958, 779364.801829087780789 ], [ 4125488.919101218692958, 779327.377311738906428 ], [ 4125488.919101218692958, 779289.952794390032068 ], [ 4125488.919101218692958, 779252.528277041157708 ], [ 4125488.919101218692958, 779215.103759692283347 ], [ 4125488.919101218692958, 779177.679242343408987 ], [ 4125488.919101218692958, 779140.254724994534627 ], [ 4125488.919101218692958, 779102.830207645660266 ], [ 4125488.919101218692958, 779065.405690296785906 ], [ 4125488.919101218692958, 779027.981172947911546 ], [ 4125488.919101218692958, 778990.556655599037185 ], [ 4125488.919101218692958, 778953.132138250162825 ], [ 4125488.919101218692958, 778915.707620901288465 ], [ 4125488.919101218692958, 778878.283103552414104 ], [ 4125488.919101218692958, 778840.858586203539744 ], [ 4125488.919101218692958, 778803.434068854665384 ], [ 4125488.919101218692958, 778766.009551505791023 ], [ 4125488.919101218692958, 778728.585034156916663 ], [ 4125488.919101218692958, 778691.160516808042303 ], [ 4125488.919101218692958, 778653.735999459167942 ], [ 4125488.919101218692958, 778616.311482110293582 ], [ 4125488.919101218692958, 778578.886964761419222 ], [ 4125488.919101218692958, 778541.462447412544861 ], [ 4125488.919101218692958, 778504.037930063670501 ], [ 4125488.919101218692958, 778466.613412714796141 ], [ 4125488.919101218692958, 778429.18889536592178 ], [ 4125488.919101218692958, 778391.76437801704742 ], [ 4125488.919101218692958, 778354.33986066817306 ], [ 4125488.919101218692958, 778316.915343319298699 ], [ 4125488.919101218692958, 778279.490825970424339 ], [ 4125488.919101218692958, 778242.066308621549979 ], [ 4125488.919101218692958, 778204.641791272675619 ], [ 4125488.919101218692958, 778167.217273923801258 ], [ 4125488.919101218692958, 778129.792756574926898 ], [ 4125488.919101218692958, 778092.368239226052538 ], [ 4125488.919101218692958, 778054.943721877178177 ], [ 4125488.919101218692958, 778017.519204528303817 ], [ 4125488.919101218692958, 777980.094687179429457 ], [ 4125488.919101218692958, 777942.670169830555096 ], [ 4125488.919101218692958, 777905.245652481680736 ], [ 4125488.919101218692958, 777867.821135132806376 ], [ 4125488.919101218692958, 777830.396617783932015 ], [ 4125488.919101218692958, 777792.972100435057655 ], [ 4125488.919101218692958, 777755.547583086183295 ], [ 4125488.919101218692958, 777718.123065737308934 ], [ 4125488.919101218692958, 777680.698548388434574 ], [ 4125488.919101218692958, 777643.274031039560214 ], [ 4125488.919101218692958, 777605.849513690685853 ], [ 4125488.919101218692958, 777568.424996341811493 ], [ 4125488.919101218692958, 777531.000478992937133 ], [ 4125488.919101218692958, 777493.575961644062772 ], [ 4125488.919101218692958, 777456.151444295188412 ], [ 4125488.919101218692958, 777418.726926946314052 ], [ 4125488.919101218692958, 777381.302409597439691 ], [ 4125488.919101218692958, 777343.877892248565331 ], [ 4125462.455971218645573, 777317.414762248517945 ], [ 4125666.580094156321138, 777030.301434039603919 ], [ 4125785.655561451334506, 776667.576901410473511 ], [ 4125823.080078800208867, 776667.576901410473511 ], [ 4125849.543208800256252, 776641.113771410426125 ], [ 4125849.543208800256252, 776603.689254061551765 ], [ 4125849.543208800256252, 776566.264736712677404 ], [ 4125849.543208800256252, 776528.840219363803044 ], [ 4126374.200260533951223, 776076.077451950171962 ], [ 4126937.613413402345031, 775529.317033397615887 ], [ 4127028.09746125433594, 775311.332736300071701 ], [ 4127137.478541313204914, 775218.982112153200433 ], [ 4127849.54329548869282, 774570.484649444464594 ], [ 4128372.387926498427987, 774165.701709307963029 ], [ 4129333.747409322299063, 773828.382592527661473 ], [ 4129583.693234897218645, 773829.734614942455664 ], [ 4129610.15636489726603, 773856.19774494250305 ], [ 4129647.580882246140391, 773856.19774494250305 ], [ 4129685.005399595014751, 773856.19774494250305 ], [ 4129722.429916943889111, 773856.19774494250305 ], [ 4129759.854434292763472, 773856.19774494250305 ], [ 4129797.278951641637832, 773856.19774494250305 ], [ 4129834.703468990512192, 773856.19774494250305 ], [ 4129872.127986339386553, 773856.19774494250305 ], [ 4129909.552503688260913, 773856.19774494250305 ], [ 4129946.977021037135273, 773856.19774494250305 ], [ 4129984.401538386009634, 773856.19774494250305 ], [ 4130021.826055734883994, 773856.19774494250305 ], [ 4130059.250573083758354, 773856.19774494250305 ] ] ] } }
]
}
