{
"type": "FeatureCollection",
"name": "Gelana",
"crs": { "type": "name", "properties": { "name": "urn:ogc:def:crs:EPSG::3857" } },
"features": [
{ "type": "Feature", "properties": { }, "geometry": { "type": "Polygon", "coordinates": [ [ [ 4253593.243765560910106, 662312.17114339210093 ], [ 4253538.456506298854947, 662387.020178089849651 ], [ 4253341.489322478882968, 662656.112002990324982 ], [ 4252805.802798252552748, 663122.677685381495394 ], [ 4252494.759009991772473, 663986.688208328094333 ], [ 4252278.84530306328088, 664524.758022278081626 ], [ 4252252.382173063233495, 664551.221152278129011 ], [ 4252214.957655714824796, 664551.221152278129011 ], [ 4252177.533138366416097, 664551.221152278129011 ], [ 4252140.108621018007398, 664551.221152278129011 ], [ 4252113.645491017960012, 664577.684282278176397 ], [ 4252113.645491017960012, 664615.108799627050757 ], [ 4252113.645491017960012, 664652.533316975925118 ], [ 4252113.645491017960012, 664689.957834324799478 ], [ 4252113.645491017960012, 664727.382351673673838 ], [ 4252113.645491017960012, 664764.806869022548199 ], [ 4252113.645491017960012, 664802.231386371422559 ], [ 4252113.645491017960012, 664839.655903720296919 ], [ 4252113.645491017960012, 664877.08042106917128 ], [ 4252076.220973669551313, 664877.08042106917128 ], [ 4252038.796456321142614, 664877.08042106917128 ], [ 4252001.371938972733915, 664877.08042106917128 ], [ 4251963.947421624325216, 664877.08042106917128 ], [ 4251963.947421624325216, 664914.50493841804564 ], [ 4251963.947421624325216, 664951.92945576692 ], [ 4251963.947421624325216, 664989.353973115794361 ], [ 4251963.947421624325216, 665026.778490464668721 ], [ 4251963.947421624325216, 665064.203007813543081 ], [ 4251963.947421624325216, 665101.627525162417442 ], [ 4251963.947421624325216, 665139.052042511291802 ], [ 4251963.947421624325216, 665176.476559860166162 ], [ 4251963.947421624325216, 665213.901077209040523 ], [ 4251963.947421624325216, 665251.325594557914883 ], [ 4251963.947421624325216, 665288.750111906789243 ], [ 4251963.947421624325216, 665326.174629255663604 ], [ 4251963.947421624325216, 665363.599146604537964 ], [ 4251926.522904275916517, 665363.599146604537964 ], [ 4251889.098386927507818, 665363.599146604537964 ], [ 4251851.673869579099119, 665363.599146604537964 ], [ 4251814.24935223069042, 665363.599146604537964 ], [ 4251776.824834882281721, 665363.599146604537964 ], [ 4251776.824834882281721, 665401.023663953412324 ], [ 4251776.824834882281721, 665438.448181302286685 ], [ 4251776.824834882281721, 665475.872698651161045 ], [ 4251776.824834882281721, 665513.297216000035405 ], [ 4251776.824834882281721, 665550.721733348909765 ], [ 4251776.824834882281721, 665588.146250697784126 ], [ 4251776.824834882281721, 665625.570768046658486 ], [ 4251776.824834882281721, 665662.995285395532846 ], [ 4251776.824834882281721, 665700.419802744407207 ], [ 4251739.400317533873022, 665700.419802744407207 ], [ 4251701.975800185464323, 665700.419802744407207 ], [ 4251664.551282837055624, 665700.419802744407207 ], [ 4251627.126765488646924, 665700.419802744407207 ], [ 4251627.126765488646924, 665737.844320093281567 ], [ 4251627.126765488646924, 665775.268837442155927 ], [ 4251627.126765488646924, 665812.693354791030288 ], [ 4251627.126765488646924, 665850.117872139904648 ], [ 4251627.126765488646924, 665887.542389488779008 ], [ 4251627.126765488646924, 665924.966906837653369 ], [ 4251627.126765488646924, 665962.391424186527729 ], [ 4251627.126765488646924, 665999.815941535402089 ], [ 4251627.126765488646924, 666037.24045888427645 ], [ 4251627.126765488646924, 666074.66497623315081 ], [ 4251627.126765488646924, 666112.08949358202517 ], [ 4251627.126765488646924, 666149.514010930899531 ], [ 4251627.126765488646924, 666186.938528279773891 ], [ 4251627.126765488646924, 666224.363045628648251 ], [ 4251627.126765488646924, 666261.787562977522612 ], [ 4251627.126765488646924, 666299.212080326396972 ], [ 4251627.126765488646924, 666336.636597675271332 ], [ 4251548.783513106405735, 666499.795141369802877 ], [ 4251425.889757254160941, 666745.582653074758127 ], [ 4251290.306109352968633, 666963.772682001348585 ], [ 4251290.306109352968633, 667001.197199350222945 ], [ 4251263.842979352921247, 667027.660329350270331 ], [ 4251226.418462004512548, 667027.660329350270331 ], [ 4251188.993944656103849, 667027.660329350270331 ], [ 4251151.56942730769515, 667027.660329350270331 ], [ 4251114.144909959286451, 667027.660329350270331 ], [ 4251114.144909959286451, 667065.084846699144691 ], [ 4251114.144909959286451, 667102.509364048019052 ], [ 4251114.144909959286451, 667139.933881396893412 ], [ 4251114.144909959286451, 667177.358398745767772 ], [ 4251087.681779959239066, 667203.821528745815158 ], [ 4251050.257262610830367, 667203.821528745815158 ], [ 4251012.832745262421668, 667203.821528745815158 ], [ 4250975.408227914012969, 667203.821528745815158 ], [ 4250948.945097913965583, 667230.284658745862544 ], [ 4250948.945097913965583, 667267.709176094736904 ], [ 4250948.945097913965583, 667305.133693443611264 ], [ 4250948.945097913965583, 667342.558210792485625 ], [ 4250948.945097913965583, 667379.982728141359985 ], [ 4250948.945097913965583, 667417.407245490234345 ], [ 4250948.945097913965583, 667454.831762839108706 ], [ 4250948.945097913965583, 667492.256280187983066 ], [ 4250922.481967913918197, 667518.719410188030452 ], [ 4250885.057450565509498, 667518.719410188030452 ], [ 4250847.632933217100799, 667518.719410188030452 ], [ 4250810.2084158686921, 667518.719410188030452 ], [ 4250810.2084158686921, 667556.143927536904812 ], [ 4250810.2084158686921, 667593.568444885779172 ], [ 4250810.2084158686921, 667630.992962234653533 ], [ 4250810.2084158686921, 667668.417479583527893 ], [ 4250810.2084158686921, 667705.841996932402253 ], [ 4250810.2084158686921, 667743.266514281276613 ], [ 4250810.2084158686921, 667780.691031630150974 ], [ 4250810.2084158686921, 667818.115548979025334 ], [ 4250783.745285868644714, 667844.57867897907272 ], [ 4250746.320768520236015, 667844.57867897907272 ], [ 4250708.896251171827316, 667844.57867897907272 ], [ 4250671.471733823418617, 667844.57867897907272 ], [ 4250634.047216475009918, 667844.57867897907272 ], [ 4250634.047216475009918, 667882.00319632794708 ], [ 4250634.047216475009918, 667919.42771367682144 ], [ 4250634.047216475009918, 667956.852231025695801 ], [ 4250634.047216475009918, 667994.276748374570161 ], [ 4250607.584086474962533, 668020.739878374617547 ], [ 4250570.159569126553833, 668020.739878374617547 ], [ 4250532.735051778145134, 668020.739878374617547 ], [ 4250495.310534429736435, 668020.739878374617547 ], [ 4250468.84740442968905, 668047.203008374664932 ], [ 4250468.84740442968905, 668084.627525723539293 ], [ 4250468.84740442968905, 668122.052043072413653 ], [ 4250468.84740442968905, 668159.476560421288013 ], [ 4250442.384274429641664, 668185.939690421335399 ], [ 4250404.959757081232965, 668185.939690421335399 ], [ 4250367.535239732824266, 668185.939690421335399 ], [ 4250330.110722384415567, 668185.939690421335399 ], [ 4250292.686205036006868, 668185.939690421335399 ], [ 4250292.686205036006868, 668223.364207770209759 ], [ 4250292.686205036006868, 668260.78872511908412 ], [ 4250292.686205036006868, 668298.21324246795848 ], [ 4250292.686205036006868, 668335.63775981683284 ], [ 4250266.223075035959482, 668362.100889816880226 ], [ 4250228.798557687550783, 668362.100889816880226 ], [ 4250191.374040339142084, 668362.100889816880226 ], [ 4250153.949522990733385, 668362.100889816880226 ], [ 4250127.486392990685999, 668388.564019816927612 ], [ 4250127.486392990685999, 668425.988537165801972 ], [ 4250127.486392990685999, 668463.413054514676332 ], [ 4250127.486392990685999, 668500.837571863550693 ], [ 4250101.023262990638614, 668527.300701863598078 ], [ 4250063.598745642229915, 668527.300701863598078 ], [ 4250026.174228293821216, 668527.300701863598078 ], [ 4249988.749710945412517, 668527.300701863598078 ], [ 4249988.749710945412517, 668564.725219212472439 ], [ 4249988.749710945412517, 668602.149736561346799 ], [ 4249988.749710945412517, 668639.574253910221159 ], [ 4249988.749710945412517, 668676.99877125909552 ], [ 4249951.325193597003818, 668676.99877125909552 ], [ 4249913.900676248595119, 668676.99877125909552 ], [ 4249876.476158900186419, 668676.99877125909552 ], [ 4249839.05164155177772, 668676.99877125909552 ], [ 4249812.588511551730335, 668703.461901259142905 ], [ 4249812.588511551730335, 668740.886418608017266 ], [ 4249812.588511551730335, 668778.310935956891626 ], [ 4249812.588511551730335, 668815.735453305765986 ], [ 4249812.588511551730335, 668853.159970654640347 ], [ 4249812.588511551730335, 668890.584488003514707 ], [ 4249812.588511551730335, 668928.009005352389067 ], [ 4249812.588511551730335, 668965.433522701263428 ], [ 4249812.588511551730335, 669002.858040050137788 ], [ 4249775.163994203321636, 669002.858040050137788 ], [ 4249737.739476854912937, 669002.858040050137788 ], [ 4249700.314959506504238, 669002.858040050137788 ], [ 4249662.890442158095539, 669002.858040050137788 ], [ 4249625.46592480968684, 669002.858040050137788 ], [ 4249588.041407461278141, 669002.858040050137788 ], [ 4249550.616890112869442, 669002.858040050137788 ], [ 4249513.192372764460742, 669002.858040050137788 ], [ 4249475.767855416052043, 669002.858040050137788 ], [ 4249475.767855416052043, 669040.282557399012148 ], [ 4249475.767855416052043, 669077.707074747886509 ], [ 4249475.767855416052043, 669115.131592096760869 ], [ 4249475.767855416052043, 669152.556109445635229 ], [ 4249449.304725416004658, 669179.019239445682615 ], [ 4249411.880208067595959, 669179.019239445682615 ], [ 4249374.45569071918726, 669179.019239445682615 ], [ 4249337.031173370778561, 669179.019239445682615 ], [ 4249299.606656022369862, 669179.019239445682615 ], [ 4249262.182138673961163, 669179.019239445682615 ], [ 4249224.757621325552464, 669179.019239445682615 ], [ 4249187.333103977143764, 669179.019239445682615 ], [ 4249149.908586628735065, 669179.019239445682615 ], [ 4249149.908586628735065, 669216.443756794556975 ], [ 4249149.908586628735065, 669253.868274143431336 ], [ 4249149.908586628735065, 669291.292791492305696 ], [ 4249149.908586628735065, 669328.717308841180056 ], [ 4249123.44545662868768, 669355.180438841227442 ], [ 4249086.020939280278981, 669355.180438841227442 ], [ 4249048.596421931870282, 669355.180438841227442 ], [ 4249011.171904583461583, 669355.180438841227442 ], [ 4248973.747387235052884, 669355.180438841227442 ], [ 4248936.322869886644185, 669355.180438841227442 ], [ 4248898.898352538235486, 669355.180438841227442 ], [ 4248861.473835189826787, 669355.180438841227442 ], [ 4248824.049317841418087, 669355.180438841227442 ], [ 4248824.049317841418087, 669392.604956190101802 ], [ 4248824.049317841418087, 669430.029473538976163 ], [ 4248824.049317841418087, 669467.453990887850523 ], [ 4248824.049317841418087, 669504.878508236724883 ], [ 4248786.624800493009388, 669504.878508236724883 ], [ 4248749.200283144600689, 669504.878508236724883 ], [ 4248711.77576579619199, 669504.878508236724883 ], [ 4248674.351248447783291, 669504.878508236724883 ], [ 4248636.926731099374592, 669504.878508236724883 ], [ 4248599.502213750965893, 669504.878508236724883 ], [ 4248562.077696402557194, 669504.878508236724883 ], [ 4248524.653179054148495, 669504.878508236724883 ], [ 4248487.228661705739796, 669504.878508236724883 ], [ 4248449.804144357331097, 669504.878508236724883 ], [ 4248412.379627008922398, 669504.878508236724883 ], [ 4248374.955109660513699, 669504.878508236724883 ], [ 4248337.530592312105, 669504.878508236724883 ], [ 4248300.106074963696301, 669504.878508236724883 ], [ 4248262.681557615287602, 669504.878508236724883 ], [ 4248225.257040266878903, 669504.878508236724883 ], [ 4248187.832522918470204, 669504.878508236724883 ], [ 4248187.832522918470204, 669542.303025585599244 ], [ 4248187.832522918470204, 669579.727542934473604 ], [ 4248187.832522918470204, 669617.152060283347964 ], [ 4248187.832522918470204, 669654.576577632222325 ], [ 4248161.369392918422818, 669681.03970763226971 ], [ 4248123.944875570014119, 669681.03970763226971 ], [ 4248086.52035822160542, 669681.03970763226971 ], [ 4248049.095840873196721, 669681.03970763226971 ], [ 4248011.671323524788022, 669681.03970763226971 ], [ 4247974.246806176379323, 669681.03970763226971 ], [ 4247936.822288827970624, 669681.03970763226971 ], [ 4247899.397771479561925, 669681.03970763226971 ], [ 4247861.973254131153226, 669681.03970763226971 ], [ 4247824.548736782744527, 669681.03970763226971 ], [ 4247824.548736782744527, 669718.464224981144071 ], [ 4247824.548736782744527, 669755.888742330018431 ], [ 4247824.548736782744527, 669793.313259678892791 ], [ 4247824.548736782744527, 669830.737777027767152 ], [ 4247787.124219434335828, 669830.737777027767152 ], [ 4247749.699702085927129, 669830.737777027767152 ], [ 4247712.27518473751843, 669830.737777027767152 ], [ 4247674.850667389109731, 669830.737777027767152 ], [ 4247637.426150040701032, 669830.737777027767152 ], [ 4247600.001632692292333, 669830.737777027767152 ], [ 4247562.577115343883634, 669830.737777027767152 ], [ 4247525.152597995474935, 669830.737777027767152 ], [ 4247487.728080647066236, 669830.737777027767152 ], [ 4247450.303563298657537, 669830.737777027767152 ], [ 4247412.879045950248837, 669830.737777027767152 ], [ 4247375.454528601840138, 669830.737777027767152 ], [ 4247338.030011253431439, 669830.737777027767152 ], [ 4247300.60549390502274, 669830.737777027767152 ], [ 4247263.180976556614041, 669830.737777027767152 ], [ 4247225.756459208205342, 669830.737777027767152 ], [ 4247188.331941859796643, 669830.737777027767152 ], [ 4247161.868811859749258, 669857.200907027814537 ], [ 4247161.868811859749258, 669894.625424376688898 ], [ 4247161.868811859749258, 669932.049941725563258 ], [ 4247161.868811859749258, 669969.474459074437618 ], [ 4247161.868811859749258, 670006.898976423311979 ], [ 4247161.868811859749258, 670044.323493772186339 ], [ 4247161.868811859749258, 670081.748011121060699 ], [ 4247161.868811859749258, 670119.17252846993506 ], [ 4247161.868811859749258, 670156.59704581880942 ], [ 4247161.868811859749258, 670194.02156316768378 ], [ 4247161.868811859749258, 670231.446080516558141 ], [ 4247161.868811859749258, 670268.870597865432501 ], [ 4247161.868811859749258, 670306.295115214306861 ], [ 4247135.405681859701872, 670332.758245214354247 ], [ 4247097.981164511293173, 670332.758245214354247 ], [ 4247060.556647162884474, 670332.758245214354247 ], [ 4247023.132129814475775, 670332.758245214354247 ], [ 4247023.132129814475775, 670370.182762563228607 ], [ 4247023.132129814475775, 670407.607279912102968 ], [ 4247023.132129814475775, 670445.031797260977328 ], [ 4247023.132129814475775, 670482.456314609851688 ], [ 4247023.132129814475775, 670519.880831958726048 ], [ 4247023.132129814475775, 670557.305349307600409 ], [ 4247023.132129814475775, 670594.729866656474769 ], [ 4247023.132129814475775, 670632.154384005349129 ], [ 4247023.132129814475775, 670669.57890135422349 ], [ 4247023.132129814475775, 670707.00341870309785 ], [ 4247023.132129814475775, 670744.42793605197221 ], [ 4247023.132129814475775, 670781.852453400846571 ], [ 4247023.132129814475775, 670819.276970749720931 ], [ 4247023.132129814475775, 670856.701488098595291 ], [ 4247023.132129814475775, 670894.126005447469652 ], [ 4247023.132129814475775, 670931.550522796344012 ], [ 4247023.132129814475775, 670968.975040145218372 ], [ 4247023.132129814475775, 671006.399557494092733 ], [ 4247023.132129814475775, 671043.824074842967093 ], [ 4247023.132129814475775, 671081.248592191841453 ], [ 4247023.132129814475775, 671118.673109540715814 ], [ 4247023.132129814475775, 671156.097626889590174 ], [ 4247023.132129814475775, 671193.522144238464534 ], [ 4247023.132129814475775, 671230.946661587338895 ], [ 4247023.132129814475775, 671268.371178936213255 ], [ 4247023.132129814475775, 671305.795696285087615 ], [ 4247023.132129814475775, 671343.220213633961976 ], [ 4247023.132129814475775, 671380.644730982836336 ], [ 4247023.132129814475775, 671418.069248331710696 ], [ 4247023.132129814475775, 671455.493765680585057 ], [ 4247023.132129814475775, 671492.918283029459417 ], [ 4247023.132129814475775, 671530.342800378333777 ], [ 4247023.132129814475775, 671567.767317727208138 ], [ 4247023.132129814475775, 671605.191835076082498 ], [ 4247023.132129814475775, 671642.616352424956858 ], [ 4246996.668999814428389, 671669.079482425004244 ], [ 4246959.24448246601969, 671669.079482425004244 ], [ 4246921.819965117610991, 671669.079482425004244 ], [ 4246884.395447769202292, 671669.079482425004244 ], [ 4246846.970930420793593, 671669.079482425004244 ], [ 4246846.970930420793593, 671706.503999773878604 ], [ 4246846.970930420793593, 671743.928517122752964 ], [ 4246846.970930420793593, 671781.353034471627325 ], [ 4246846.970930420793593, 671818.777551820501685 ], [ 4246846.970930420793593, 671856.202069169376045 ], [ 4246846.970930420793593, 671893.626586518250406 ], [ 4246846.970930420793593, 671931.051103867124766 ], [ 4246846.970930420793593, 671968.475621215999126 ], [ 4246846.970930420793593, 672005.900138564873487 ], [ 4246846.970930420793593, 672043.324655913747847 ], [ 4246846.970930420793593, 672080.749173262622207 ], [ 4246846.970930420793593, 672118.173690611496568 ], [ 4246846.970930420793593, 672155.598207960370928 ], [ 4246846.970930420793593, 672193.022725309245288 ], [ 4246846.970930420793593, 672230.447242658119649 ], [ 4246846.970930420793593, 672267.871760006994009 ], [ 4246846.970930420793593, 672305.296277355868369 ], [ 4246820.507800420746207, 672331.759407355915755 ], [ 4246783.083283072337508, 672331.759407355915755 ], [ 4246745.658765723928809, 672331.759407355915755 ], [ 4246708.23424837552011, 672331.759407355915755 ], [ 4246708.23424837552011, 672369.183924704790115 ], [ 4246708.23424837552011, 672406.608442053664476 ], [ 4246708.23424837552011, 672444.032959402538836 ], [ 4246708.23424837552011, 672481.457476751413196 ], [ 4246708.23424837552011, 672518.881994100287557 ], [ 4246708.23424837552011, 672556.306511449161917 ], [ 4246708.23424837552011, 672593.731028798036277 ], [ 4246708.23424837552011, 672631.155546146910638 ], [ 4246708.23424837552011, 672668.580063495784998 ], [ 4246708.23424837552011, 672706.004580844659358 ], [ 4246708.23424837552011, 672743.429098193533719 ], [ 4246708.23424837552011, 672780.853615542408079 ], [ 4246708.23424837552011, 672818.278132891282439 ], [ 4246708.23424837552011, 672855.7026502401568 ], [ 4246708.23424837552011, 672893.12716758903116 ], [ 4246708.23424837552011, 672930.55168493790552 ], [ 4246708.23424837552011, 672967.976202286779881 ], [ 4246708.23424837552011, 673005.400719635654241 ], [ 4246708.23424837552011, 673042.825236984528601 ], [ 4246708.23424837552011, 673080.249754333402961 ], [ 4246708.23424837552011, 673117.674271682277322 ], [ 4246708.23424837552011, 673155.098789031151682 ], [ 4246708.23424837552011, 673192.523306380026042 ], [ 4246708.23424837552011, 673229.947823728900403 ], [ 4246708.23424837552011, 673267.372341077774763 ], [ 4246708.23424837552011, 673304.796858426649123 ], [ 4246708.23424837552011, 673342.221375775523484 ], [ 4246708.23424837552011, 673379.645893124397844 ], [ 4246708.23424837552011, 673417.070410473272204 ], [ 4246708.23424837552011, 673454.494927822146565 ], [ 4246708.23424837552011, 673491.919445171020925 ], [ 4246708.23424837552011, 673529.343962519895285 ], [ 4246708.23424837552011, 673566.768479868769646 ], [ 4246708.23424837552011, 673604.192997217644006 ], [ 4246708.23424837552011, 673641.617514566518366 ], [ 4246670.809731027111411, 673641.617514566518366 ], [ 4246633.385213678702712, 673641.617514566518366 ], [ 4246595.960696330294013, 673641.617514566518366 ], [ 4246558.536178981885314, 673641.617514566518366 ], [ 4246521.111661633476615, 673641.617514566518366 ], [ 4246521.111661633476615, 673679.042031915392727 ], [ 4246521.111661633476615, 673716.466549264267087 ], [ 4246521.111661633476615, 673753.891066613141447 ], [ 4246521.111661633476615, 673791.315583962015808 ], [ 4246521.111661633476615, 673828.740101310890168 ], [ 4246521.111661633476615, 673866.164618659764528 ], [ 4246521.111661633476615, 673903.589136008638889 ], [ 4246521.111661633476615, 673941.013653357513249 ], [ 4246494.648531633429229, 673967.476783357560635 ], [ 4246457.22401428502053, 673967.476783357560635 ], [ 4246419.799496936611831, 673967.476783357560635 ], [ 4246382.374979588203132, 673967.476783357560635 ], [ 4246344.950462239794433, 673967.476783357560635 ], [ 4246344.950462239794433, 674004.901300706434995 ], [ 4246344.950462239794433, 674042.325818055309355 ], [ 4246344.950462239794433, 674079.750335404183716 ], [ 4246344.950462239794433, 674117.174852753058076 ], [ 4246344.950462239794433, 674154.599370101932436 ], [ 4246344.950462239794433, 674192.023887450806797 ], [ 4246344.950462239794433, 674229.448404799681157 ], [ 4246344.950462239794433, 674266.872922148555517 ], [ 4246344.950462239794433, 674304.297439497429878 ], [ 4246307.525944891385734, 674304.297439497429878 ], [ 4246270.101427542977035, 674304.297439497429878 ], [ 4246232.676910194568336, 674304.297439497429878 ], [ 4246195.252392846159637, 674304.297439497429878 ], [ 4246195.252392846159637, 674341.721956846304238 ], [ 4246195.252392846159637, 674379.146474195178598 ], [ 4246195.252392846159637, 674416.570991544052958 ], [ 4246195.252392846159637, 674453.995508892927319 ], [ 4246195.252392846159637, 674491.420026241801679 ], [ 4246195.252392846159637, 674528.844543590676039 ], [ 4246195.252392846159637, 674566.2690609395504 ], [ 4246195.252392846159637, 674603.69357828842476 ], [ 4246168.789262846112251, 674630.156708288472146 ], [ 4246131.364745497703552, 674630.156708288472146 ], [ 4246093.940228149294853, 674630.156708288472146 ], [ 4246056.515710800886154, 674630.156708288472146 ], [ 4246030.052580800838768, 674656.619838288519531 ], [ 4246030.052580800838768, 674694.044355637393892 ], [ 4246030.052580800838768, 674731.468872986268252 ], [ 4246030.052580800838768, 674768.893390335142612 ], [ 4246003.589450800791383, 674795.356520335189998 ], [ 4245966.164933452382684, 674795.356520335189998 ], [ 4245928.740416103973985, 674795.356520335189998 ], [ 4245891.315898755565286, 674795.356520335189998 ], [ 4245864.8527687555179, 674821.819650335237384 ], [ 4245864.8527687555179, 674859.244167684111744 ], [ 4245864.8527687555179, 674896.668685032986104 ], [ 4245864.8527687555179, 674934.093202381860465 ], [ 4245864.8527687555179, 674971.517719730734825 ], [ 4245864.8527687555179, 675008.942237079609185 ], [ 4245864.8527687555179, 675046.366754428483546 ], [ 4245864.8527687555179, 675083.791271777357906 ], [ 4245864.8527687555179, 675121.215789126232266 ], [ 4245864.8527687555179, 675158.640306475106627 ], [ 4245864.8527687555179, 675196.064823823980987 ], [ 4245864.8527687555179, 675233.489341172855347 ], [ 4245864.8527687555179, 675270.913858521729708 ], [ 4245838.389638755470514, 675297.376988521777093 ], [ 4245800.965121407061815, 675297.376988521777093 ], [ 4245763.540604058653116, 675297.376988521777093 ], [ 4245726.116086710244417, 675297.376988521777093 ], [ 4245688.691569361835718, 675297.376988521777093 ], [ 4245688.691569361835718, 675334.801505870651454 ], [ 4245688.691569361835718, 675372.226023219525814 ], [ 4245688.691569361835718, 675409.650540568400174 ], [ 4245688.691569361835718, 675447.075057917274535 ], [ 4245662.228439361788332, 675473.53818791732192 ], [ 4245624.803922013379633, 675473.53818791732192 ], [ 4245587.379404664970934, 675473.53818791732192 ], [ 4245549.954887316562235, 675473.53818791732192 ], [ 4245523.49175731651485, 675500.001317917369306 ], [ 4245523.49175731651485, 675537.425835266243666 ], [ 4245523.49175731651485, 675574.850352615118027 ], [ 4245523.49175731651485, 675612.274869963992387 ], [ 4245497.028627316467464, 675638.737999964039773 ], [ 4245459.604109968058765, 675638.737999964039773 ], [ 4245422.179592619650066, 675638.737999964039773 ], [ 4245384.755075271241367, 675638.737999964039773 ], [ 4245384.755075271241367, 675676.162517312914133 ], [ 4245384.755075271241367, 675713.587034661788493 ], [ 4245384.755075271241367, 675751.011552010662854 ], [ 4245384.755075271241367, 675788.436069359537214 ], [ 4245384.755075271241367, 675825.860586708411574 ], [ 4245384.755075271241367, 675863.285104057285935 ], [ 4245384.755075271241367, 675900.709621406160295 ], [ 4245384.755075271241367, 675938.134138755034655 ], [ 4245358.291945271193981, 675964.597268755082041 ], [ 4245320.867427922785282, 675964.597268755082041 ], [ 4245283.442910574376583, 675964.597268755082041 ], [ 4245246.018393225967884, 675964.597268755082041 ], [ 4245208.593875877559185, 675964.597268755082041 ], [ 4245208.593875877559185, 676002.021786103956401 ], [ 4245208.593875877559185, 676039.446303452830762 ], [ 4245208.593875877559185, 676076.870820801705122 ], [ 4245208.593875877559185, 676114.295338150579482 ], [ 4245208.593875877559185, 676151.719855499453843 ], [ 4245208.593875877559185, 676189.144372848328203 ], [ 4245208.593875877559185, 676226.568890197202563 ], [ 4245208.593875877559185, 676263.993407546076924 ], [ 4245208.593875877559185, 676301.417924894951284 ], [ 4245208.593875877559185, 676338.842442243825644 ], [ 4245208.593875877559185, 676376.266959592700005 ], [ 4245208.593875877559185, 676413.691476941574365 ], [ 4245208.593875877559185, 676451.115994290448725 ], [ 4245171.169358529150486, 676451.115994290448725 ], [ 4245133.744841180741787, 676451.115994290448725 ], [ 4245096.320323832333088, 676451.115994290448725 ], [ 4245058.895806483924389, 676451.115994290448725 ], [ 4245058.895806483924389, 676488.540511639323086 ], [ 4245058.895806483924389, 676525.965028988197446 ], [ 4245058.895806483924389, 676563.389546337071806 ], [ 4245058.895806483924389, 676600.814063685946167 ], [ 4245058.895806483924389, 676638.238581034820527 ], [ 4245058.895806483924389, 676675.663098383694887 ], [ 4245058.895806483924389, 676713.087615732569247 ], [ 4245058.895806483924389, 676750.512133081443608 ], [ 4245032.432676483877003, 676776.975263081490993 ], [ 4244995.008159135468304, 676776.975263081490993 ], [ 4244957.583641787059605, 676776.975263081490993 ], [ 4244920.159124438650906, 676776.975263081490993 ], [ 4244882.734607090242207, 676776.975263081490993 ], [ 4244856.271477090194821, 676803.438393081538379 ], [ 4244856.271477090194821, 676840.86291043041274 ], [ 4244856.271477090194821, 676878.2874277792871 ], [ 4244856.271477090194821, 676915.71194512816146 ], [ 4244856.271477090194821, 676953.13646247703582 ], [ 4244856.271477090194821, 676990.560979825910181 ], [ 4244856.271477090194821, 677027.985497174784541 ], [ 4244856.271477090194821, 677065.410014523658901 ], [ 4244856.271477090194821, 677102.834531872533262 ], [ 4244856.271477090194821, 677140.259049221407622 ], [ 4244856.271477090194821, 677177.683566570281982 ], [ 4244856.271477090194821, 677215.108083919156343 ], [ 4244856.271477090194821, 677252.532601268030703 ], [ 4244829.808347090147436, 677278.995731268078089 ], [ 4244792.383829741738737, 677278.995731268078089 ], [ 4244754.959312393330038, 677278.995731268078089 ], [ 4244717.534795044921339, 677278.995731268078089 ], [ 4244717.534795044921339, 677316.420248616952449 ], [ 4244717.534795044921339, 677353.844765965826809 ], [ 4244717.534795044921339, 677391.26928331470117 ], [ 4244717.534795044921339, 677428.69380066357553 ], [ 4244717.534795044921339, 677466.11831801244989 ], [ 4244717.534795044921339, 677503.542835361324251 ], [ 4244717.534795044921339, 677540.967352710198611 ], [ 4244717.534795044921339, 677578.391870059072971 ], [ 4244691.071665044873953, 677604.855000059120357 ], [ 4244653.647147696465254, 677604.855000059120357 ], [ 4244616.222630348056555, 677604.855000059120357 ], [ 4244578.798112999647856, 677604.855000059120357 ], [ 4244541.373595651239157, 677604.855000059120357 ], [ 4244541.373595651239157, 677642.279517407994717 ], [ 4244541.373595651239157, 677679.704034756869078 ], [ 4244541.373595651239157, 677717.128552105743438 ], [ 4244541.373595651239157, 677754.553069454617798 ], [ 4244541.373595651239157, 677791.977586803492159 ], [ 4244541.373595651239157, 677829.402104152366519 ], [ 4244541.373595651239157, 677866.826621501240879 ], [ 4244541.373595651239157, 677904.25113885011524 ], [ 4244541.373595651239157, 677941.6756561989896 ], [ 4244541.373595651239157, 677979.10017354786396 ], [ 4244541.373595651239157, 678016.524690896738321 ], [ 4244541.373595651239157, 678053.949208245612681 ], [ 4244541.373595651239157, 678091.373725594487041 ], [ 4244514.910465651191771, 678117.836855594534427 ], [ 4244477.485948302783072, 678117.836855594534427 ], [ 4244440.061430954374373, 678117.836855594534427 ], [ 4244402.636913605965674, 678117.836855594534427 ], [ 4244402.636913605965674, 678155.261372943408787 ], [ 4244402.636913605965674, 678192.685890292283148 ], [ 4244402.636913605965674, 678230.110407641157508 ], [ 4244402.636913605965674, 678267.534924990031868 ], [ 4244402.636913605965674, 678304.959442338906229 ], [ 4244402.636913605965674, 678342.383959687780589 ], [ 4244402.636913605965674, 678379.808477036654949 ], [ 4244402.636913605965674, 678417.23299438552931 ], [ 4244376.173783605918288, 678443.696124385576695 ], [ 4244338.749266257509589, 678443.696124385576695 ], [ 4244301.32474890910089, 678443.696124385576695 ], [ 4244263.900231560692191, 678443.696124385576695 ], [ 4244226.475714212283492, 678443.696124385576695 ], [ 4244226.475714212283492, 678481.120641734451056 ], [ 4244226.475714212283492, 678518.545159083325416 ], [ 4244226.475714212283492, 678555.969676432199776 ], [ 4244226.475714212283492, 678593.394193781074136 ], [ 4244226.475714212283492, 678630.818711129948497 ], [ 4244226.475714212283492, 678668.243228478822857 ], [ 4244226.475714212283492, 678705.667745827697217 ], [ 4244226.475714212283492, 678743.092263176571578 ], [ 4244200.012584212236106, 678769.555393176618963 ], [ 4244162.588066863827407, 678769.555393176618963 ], [ 4244125.163549515418708, 678769.555393176618963 ], [ 4244087.739032167010009, 678769.555393176618963 ], [ 4244050.31451481860131, 678769.555393176618963 ], [ 4244050.31451481860131, 678806.979910525493324 ], [ 4244050.31451481860131, 678844.404427874367684 ], [ 4244050.31451481860131, 678881.828945223242044 ], [ 4244050.31451481860131, 678919.253462572116405 ], [ 4244050.31451481860131, 678956.677979920990765 ], [ 4244050.31451481860131, 678994.102497269865125 ], [ 4244050.31451481860131, 679031.527014618739486 ], [ 4244050.31451481860131, 679068.951531967613846 ], [ 4244023.851384818553925, 679095.414661967661232 ], [ 4243986.426867470145226, 679095.414661967661232 ], [ 4243949.002350121736526, 679095.414661967661232 ], [ 4243911.577832773327827, 679095.414661967661232 ], [ 4243885.114702773280442, 679121.877791967708617 ], [ 4243885.114702773280442, 679159.302309316582978 ], [ 4243885.114702773280442, 679196.726826665457338 ], [ 4243885.114702773280442, 679234.151344014331698 ], [ 4243858.651572773233056, 679260.614474014379084 ], [ 4243821.227055424824357, 679260.614474014379084 ], [ 4243783.802538076415658, 679260.614474014379084 ], [ 4243746.378020728006959, 679260.614474014379084 ], [ 4243719.914890727959573, 679287.07760401442647 ], [ 4243719.914890727959573, 679324.50212136330083 ], [ 4243719.914890727959573, 679361.92663871217519 ], [ 4243719.914890727959573, 679399.351156061049551 ], [ 4243719.914890727959573, 679436.775673409923911 ], [ 4243719.914890727959573, 679474.200190758798271 ], [ 4243719.914890727959573, 679511.624708107672632 ], [ 4243719.914890727959573, 679549.049225456546992 ], [ 4243719.914890727959573, 679586.473742805421352 ], [ 4243682.490373379550874, 679586.473742805421352 ], [ 4243645.065856031142175, 679586.473742805421352 ], [ 4243607.641338682733476, 679586.473742805421352 ], [ 4243570.216821334324777, 679586.473742805421352 ], [ 4243570.216821334324777, 679623.898260154295713 ], [ 4243570.216821334324777, 679661.322777503170073 ], [ 4243570.216821334324777, 679698.747294852044433 ], [ 4243570.216821334324777, 679736.171812200918794 ], [ 4243570.216821334324777, 679773.596329549793154 ], [ 4243570.216821334324777, 679811.020846898667514 ], [ 4243570.216821334324777, 679848.445364247541875 ], [ 4243570.216821334324777, 679885.869881596416235 ], [ 4243570.216821334324777, 679923.294398945290595 ], [ 4243532.792303985916078, 679923.294398945290595 ], [ 4243495.367786637507379, 679923.294398945290595 ], [ 4243457.94326928909868, 679923.294398945290595 ], [ 4243420.518751940689981, 679923.294398945290595 ], [ 4243383.094234592281282, 679923.294398945290595 ], [ 4243383.094234592281282, 679960.718916294164956 ], [ 4243383.094234592281282, 679998.143433643039316 ], [ 4243383.094234592281282, 680035.567950991913676 ], [ 4243383.094234592281282, 680072.992468340788037 ], [ 4243383.094234592281282, 680110.416985689662397 ], [ 4243383.094234592281282, 680147.841503038536757 ], [ 4243383.094234592281282, 680185.266020387411118 ], [ 4243383.094234592281282, 680222.690537736285478 ], [ 4243356.631104592233896, 680249.153667736332864 ], [ 4243319.206587243825197, 680249.153667736332864 ], [ 4243281.782069895416498, 680249.153667736332864 ], [ 4243244.357552547007799, 680249.153667736332864 ], [ 4243217.894422546960413, 680275.616797736380249 ], [ 4243217.894422546960413, 680313.04131508525461 ], [ 4243217.894422546960413, 680350.46583243412897 ], [ 4243217.894422546960413, 680387.89034978300333 ], [ 4243217.894422546960413, 680425.314867131877691 ], [ 4243217.894422546960413, 680462.739384480752051 ], [ 4243217.894422546960413, 680500.163901829626411 ], [ 4243217.894422546960413, 680537.588419178500772 ], [ 4243217.894422546960413, 680575.012936527375132 ], [ 4243191.431292546913028, 680601.476066527422518 ], [ 4243154.006775198504329, 680601.476066527422518 ], [ 4243116.58225785009563, 680601.476066527422518 ], [ 4243079.157740501686931, 680601.476066527422518 ], [ 4243079.157740501686931, 680638.900583876296878 ], [ 4243079.157740501686931, 680676.325101225171238 ], [ 4243079.157740501686931, 680713.749618574045599 ], [ 4243079.157740501686931, 680751.174135922919959 ], [ 4243079.157740501686931, 680788.598653271794319 ], [ 4243079.157740501686931, 680826.023170620668679 ], [ 4243079.157740501686931, 680863.44768796954304 ], [ 4243079.157740501686931, 680900.8722053184174 ], [ 4243052.694610501639545, 680927.335335318464786 ], [ 4243015.270093153230846, 680927.335335318464786 ], [ 4242977.845575804822147, 680927.335335318464786 ], [ 4242940.421058456413448, 680927.335335318464786 ], [ 4242902.996541108004749, 680927.335335318464786 ], [ 4242902.996541108004749, 680964.759852667339146 ], [ 4242902.996541108004749, 681002.184370016213506 ], [ 4242902.996541108004749, 681039.608887365087867 ], [ 4242902.996541108004749, 681077.033404713962227 ], [ 4242865.57202375959605, 681077.033404713962227 ], [ 4242828.147506411187351, 681077.033404713962227 ], [ 4242790.722989062778652, 681077.033404713962227 ], [ 4242753.298471714369953, 681077.033404713962227 ], [ 4242753.298471714369953, 681114.457922062836587 ], [ 4242753.298471714369953, 681151.882439411710948 ], [ 4242753.298471714369953, 681189.306956760585308 ], [ 4242753.298471714369953, 681226.731474109459668 ], [ 4242753.298471714369953, 681264.155991458334029 ], [ 4242753.298471714369953, 681301.580508807208389 ], [ 4242753.298471714369953, 681339.005026156082749 ], [ 4242753.298471714369953, 681376.42954350495711 ], [ 4242753.298471714369953, 681413.85406085383147 ], [ 4242715.873954365961254, 681413.85406085383147 ], [ 4242678.449437017552555, 681413.85406085383147 ], [ 4242641.024919669143856, 681413.85406085383147 ], [ 4242603.600402320735157, 681413.85406085383147 ], [ 4242566.175884972326458, 681413.85406085383147 ], [ 4242566.175884972326458, 681451.27857820270583 ], [ 4242566.175884972326458, 681488.703095551580191 ], [ 4242566.175884972326458, 681526.127612900454551 ], [ 4242566.175884972326458, 681563.552130249328911 ], [ 4242566.175884972326458, 681600.976647598203272 ], [ 4242566.175884972326458, 681638.401164947077632 ], [ 4242566.175884972326458, 681675.825682295951992 ], [ 4242566.175884972326458, 681713.250199644826353 ], [ 4242539.712754972279072, 681739.713329644873738 ], [ 4242502.288237623870373, 681739.713329644873738 ], [ 4242464.863720275461674, 681739.713329644873738 ], [ 4242427.439202927052975, 681739.713329644873738 ], [ 4242400.976072927005589, 681766.176459644921124 ], [ 4242400.976072927005589, 681803.600976993795484 ], [ 4242400.976072927005589, 681841.025494342669845 ], [ 4242400.976072927005589, 681878.450011691544205 ], [ 4242438.400590275414288, 681878.450011691544205 ], [ 4242475.825107623822987, 681878.450011691544205 ], [ 4242513.249624972231686, 681878.450011691544205 ], [ 4242550.674142320640385, 681878.450011691544205 ], [ 4242577.137272320687771, 681904.913141691591591 ], [ 4242577.137272320687771, 681942.337659040465951 ], [ 4242577.137272320687771, 681979.762176389340311 ], [ 4242577.137272320687771, 682017.186693738214672 ], [ 4242577.137272320687771, 682054.611211087089032 ], [ 4242577.137272320687771, 682092.035728435963392 ], [ 4242577.137272320687771, 682129.460245784837753 ], [ 4242577.137272320687771, 682166.884763133712113 ], [ 4242577.137272320687771, 682204.309280482586473 ], [ 4242577.137272320687771, 682241.733797831460834 ], [ 4242577.137272320687771, 682279.158315180335194 ], [ 4242577.137272320687771, 682316.582832529209554 ], [ 4242577.137272320687771, 682354.007349878083915 ], [ 4242577.137272320687771, 682391.431867226958275 ], [ 4242577.137272320687771, 682428.856384575832635 ], [ 4242577.137272320687771, 682466.280901924706995 ], [ 4242577.137272320687771, 682503.705419273581356 ], [ 4242577.137272320687771, 682541.129936622455716 ], [ 4242577.137272320687771, 682578.554453971330076 ], [ 4242577.137272320687771, 682615.978971320204437 ], [ 4242577.137272320687771, 682653.403488669078797 ], [ 4242577.137272320687771, 682690.828006017953157 ], [ 4242577.137272320687771, 682728.252523366827518 ], [ 4242577.137272320687771, 682765.677040715701878 ], [ 4242577.137272320687771, 682803.101558064576238 ], [ 4242577.137272320687771, 682840.526075413450599 ], [ 4242577.137272320687771, 682877.950592762324959 ], [ 4242614.56178966909647, 682877.950592762324959 ], [ 4242651.986307017505169, 682877.950592762324959 ], [ 4242689.410824365913868, 682877.950592762324959 ], [ 4242726.835341714322567, 682877.950592762324959 ], [ 4242753.298471714369953, 682904.413722762372345 ], [ 4242753.298471714369953, 682941.838240111246705 ], [ 4242753.298471714369953, 682979.262757460121065 ], [ 4242753.298471714369953, 683016.687274808995426 ], [ 4242753.298471714369953, 683054.111792157869786 ], [ 4242753.298471714369953, 683091.536309506744146 ], [ 4242753.298471714369953, 683128.960826855618507 ], [ 4242753.298471714369953, 683166.385344204492867 ], [ 4242753.298471714369953, 683203.809861553367227 ], [ 4242753.298471714369953, 683241.234378902241588 ], [ 4242753.298471714369953, 683278.658896251115948 ], [ 4242753.298471714369953, 683316.083413599990308 ], [ 4242753.298471714369953, 683353.507930948864669 ], [ 4242753.298471714369953, 683390.932448297739029 ], [ 4242753.298471714369953, 683428.356965646613389 ], [ 4242753.298471714369953, 683465.78148299548775 ], [ 4242753.298471714369953, 683503.20600034436211 ], [ 4242753.298471714369953, 683540.63051769323647 ], [ 4242753.298471714369953, 683578.055035042110831 ], [ 4242753.298471714369953, 683615.479552390985191 ], [ 4242753.298471714369953, 683652.904069739859551 ], [ 4242753.298471714369953, 683690.328587088733912 ], [ 4242753.298471714369953, 683727.753104437608272 ], [ 4242753.298471714369953, 683765.177621786482632 ], [ 4242753.298471714369953, 683802.602139135356992 ], [ 4242753.298471714369953, 683840.026656484231353 ], [ 4242753.298471714369953, 683877.451173833105713 ], [ 4242753.298471714369953, 683914.875691181980073 ], [ 4242753.298471714369953, 683952.300208530854434 ], [ 4242753.298471714369953, 683989.724725879728794 ], [ 4242753.298471714369953, 684027.149243228603154 ], [ 4242753.298471714369953, 684064.573760577477515 ], [ 4242753.298471714369953, 684101.998277926351875 ], [ 4242753.298471714369953, 684139.422795275226235 ], [ 4242753.298471714369953, 684176.847312624100596 ], [ 4242753.298471714369953, 684214.271829972974956 ], [ 4242753.298471714369953, 684251.696347321849316 ], [ 4242753.298471714369953, 684289.120864670723677 ], [ 4242753.298471714369953, 684326.545382019598037 ], [ 4242753.298471714369953, 684363.969899368472397 ], [ 4242753.298471714369953, 684401.394416717346758 ], [ 4242753.298471714369953, 684438.818934066221118 ], [ 4242753.298471714369953, 684476.243451415095478 ], [ 4242753.298471714369953, 684513.667968763969839 ], [ 4242753.298471714369953, 684551.092486112844199 ], [ 4242753.298471714369953, 684588.517003461718559 ], [ 4242753.298471714369953, 684625.94152081059292 ], [ 4242753.298471714369953, 684663.36603815946728 ], [ 4242753.298471714369953, 684700.79055550834164 ], [ 4242753.298471714369953, 684738.215072857216001 ], [ 4242753.298471714369953, 684775.639590206090361 ], [ 4242753.298471714369953, 684813.064107554964721 ], [ 4242753.298471714369953, 684850.488624903839082 ], [ 4242753.298471714369953, 684887.913142252713442 ], [ 4242753.298471714369953, 684925.337659601587802 ], [ 4242753.298471714369953, 684962.762176950462162 ], [ 4242753.298471714369953, 685000.186694299336523 ], [ 4242753.298471714369953, 685037.611211648210883 ], [ 4242790.722989062778652, 685037.611211648210883 ], [ 4242828.147506411187351, 685037.611211648210883 ], [ 4242865.57202375959605, 685037.611211648210883 ], [ 4242902.996541108004749, 685037.611211648210883 ], [ 4242902.996541108004749, 685075.035728997085243 ], [ 4242902.996541108004749, 685112.460246345959604 ], [ 4242902.996541108004749, 685149.884763694833964 ], [ 4242902.996541108004749, 685187.309281043708324 ], [ 4242902.996541108004749, 685224.733798392582685 ], [ 4242902.996541108004749, 685262.158315741457045 ], [ 4242902.996541108004749, 685299.582833090331405 ], [ 4242902.996541108004749, 685337.007350439205766 ], [ 4242902.996541108004749, 685374.431867788080126 ], [ 4242902.996541108004749, 685411.856385136954486 ], [ 4242902.996541108004749, 685449.280902485828847 ], [ 4242902.996541108004749, 685486.705419834703207 ], [ 4242902.996541108004749, 685524.129937183577567 ], [ 4242940.421058456413448, 685524.129937183577567 ], [ 4242977.845575804822147, 685524.129937183577567 ], [ 4243015.270093153230846, 685524.129937183577567 ], [ 4243052.694610501639545, 685524.129937183577567 ], [ 4243079.157740501686931, 685550.593067183624953 ], [ 4243079.157740501686931, 685588.017584532499313 ], [ 4243079.157740501686931, 685625.442101881373674 ], [ 4243079.157740501686931, 685662.866619230248034 ], [ 4243079.157740501686931, 685700.291136579122394 ], [ 4243079.157740501686931, 685737.715653927996755 ], [ 4243079.157740501686931, 685775.140171276871115 ], [ 4243079.157740501686931, 685812.564688625745475 ], [ 4243079.157740501686931, 685849.989205974619836 ], [ 4243079.157740501686931, 685887.413723323494196 ], [ 4243079.157740501686931, 685924.838240672368556 ], [ 4243079.157740501686931, 685962.262758021242917 ], [ 4243079.157740501686931, 685999.687275370117277 ], [ 4243079.157740501686931, 686037.111792718991637 ], [ 4243079.157740501686931, 686074.536310067865998 ], [ 4243079.157740501686931, 686111.960827416740358 ], [ 4243079.157740501686931, 686149.385344765614718 ], [ 4243079.157740501686931, 686186.809862114489079 ], [ 4243079.157740501686931, 686224.234379463363439 ], [ 4243079.157740501686931, 686261.658896812237799 ], [ 4243079.157740501686931, 686299.083414161112159 ], [ 4243079.157740501686931, 686336.50793150998652 ], [ 4243105.620870501734316, 686362.971061510033906 ], [ 4243143.045387850143015, 686362.971061510033906 ], [ 4243180.469905198551714, 686362.971061510033906 ], [ 4243217.894422546960413, 686362.971061510033906 ], [ 4243217.894422546960413, 686400.395578858908266 ], [ 4243217.894422546960413, 686437.820096207782626 ], [ 4243217.894422546960413, 686475.244613556656986 ], [ 4243217.894422546960413, 686512.669130905531347 ], [ 4243217.894422546960413, 686550.093648254405707 ], [ 4243217.894422546960413, 686587.518165603280067 ], [ 4243217.894422546960413, 686624.942682952154428 ], [ 4243217.894422546960413, 686662.367200301028788 ], [ 4243217.894422546960413, 686699.791717649903148 ], [ 4243217.894422546960413, 686737.216234998777509 ], [ 4243217.894422546960413, 686774.640752347651869 ], [ 4243217.894422546960413, 686812.065269696526229 ], [ 4243217.894422546960413, 686849.48978704540059 ], [ 4243217.894422546960413, 686886.91430439427495 ], [ 4243217.894422546960413, 686924.33882174314931 ], [ 4243217.894422546960413, 686961.763339092023671 ], [ 4243217.894422546960413, 686999.187856440898031 ], [ 4243244.357552547007799, 687025.650986440945417 ], [ 4243281.782069895416498, 687025.650986440945417 ], [ 4243319.206587243825197, 687025.650986440945417 ], [ 4243356.631104592233896, 687025.650986440945417 ], [ 4243383.094234592281282, 687052.114116440992802 ], [ 4243383.094234592281282, 687089.538633789867163 ], [ 4243383.094234592281282, 687126.963151138741523 ], [ 4243383.094234592281282, 687164.387668487615883 ], [ 4243383.094234592281282, 687201.812185836490244 ], [ 4243383.094234592281282, 687239.236703185364604 ], [ 4243383.094234592281282, 687276.661220534238964 ], [ 4243383.094234592281282, 687314.085737883113325 ], [ 4243383.094234592281282, 687351.510255231987685 ], [ 4243420.518751940689981, 687351.510255231987685 ], [ 4243457.94326928909868, 687351.510255231987685 ], [ 4243495.367786637507379, 687351.510255231987685 ], [ 4243532.792303985916078, 687351.510255231987685 ], [ 4243570.216821334324777, 687351.510255231987685 ], [ 4243570.216821334324777, 687388.934772580862045 ], [ 4243570.216821334324777, 687426.359289929736406 ], [ 4243570.216821334324777, 687463.783807278610766 ], [ 4243570.216821334324777, 687501.208324627485126 ], [ 4243607.641338682733476, 687501.208324627485126 ], [ 4243645.065856031142175, 687501.208324627485126 ], [ 4243682.490373379550874, 687501.208324627485126 ], [ 4243719.914890727959573, 687501.208324627485126 ], [ 4243719.914890727959573, 687538.632841976359487 ], [ 4243719.914890727959573, 687576.057359325233847 ], [ 4243719.914890727959573, 687613.481876674108207 ], [ 4243719.914890727959573, 687650.906394022982568 ], [ 4243719.914890727959573, 687688.330911371856928 ], [ 4243719.914890727959573, 687725.755428720731288 ], [ 4243719.914890727959573, 687763.179946069605649 ], [ 4243719.914890727959573, 687800.604463418480009 ], [ 4243719.914890727959573, 687838.028980767354369 ], [ 4243719.914890727959573, 687875.453498116228729 ], [ 4243719.914890727959573, 687912.87801546510309 ], [ 4243719.914890727959573, 687950.30253281397745 ], [ 4243719.914890727959573, 687987.72705016285181 ], [ 4243746.378020728006959, 688014.190180162899196 ], [ 4243783.802538076415658, 688014.190180162899196 ], [ 4243821.227055424824357, 688014.190180162899196 ], [ 4243858.651572773233056, 688014.190180162899196 ], [ 4243896.076090121641755, 688014.190180162899196 ], [ 4243933.500607470050454, 688014.190180162899196 ], [ 4243970.925124818459153, 688014.190180162899196 ], [ 4244008.349642166867852, 688014.190180162899196 ], [ 4244045.774159515276551, 688014.190180162899196 ], [ 4244045.774159515276551, 688051.614697511773556 ], [ 4244045.774159515276551, 688089.039214860647917 ], [ 4244045.774159515276551, 688126.463732209522277 ], [ 4244045.774159515276551, 688163.888249558396637 ], [ 4244045.774159515276551, 688201.312766907270998 ], [ 4244045.774159515276551, 688238.737284256145358 ], [ 4244045.774159515276551, 688276.161801605019718 ], [ 4244045.774159515276551, 688313.586318953894079 ], [ 4244045.774159515276551, 688351.010836302768439 ], [ 4244083.19867686368525, 688351.010836302768439 ], [ 4244120.623194212093949, 688351.010836302768439 ], [ 4244158.047711560502648, 688351.010836302768439 ], [ 4244195.472228908911347, 688351.010836302768439 ], [ 4244221.935358908958733, 688377.473966302815825 ], [ 4244221.935358908958733, 688414.898483651690185 ], [ 4244221.935358908958733, 688452.323001000564545 ], [ 4244221.935358908958733, 688489.747518349438906 ], [ 4244248.398488909006119, 688516.210648349486291 ], [ 4244285.823006257414818, 688516.210648349486291 ], [ 4244323.247523605823517, 688516.210648349486291 ], [ 4244360.672040954232216, 688516.210648349486291 ], [ 4244387.135170954279602, 688542.673778349533677 ], [ 4244387.135170954279602, 688580.098295698408037 ], [ 4244387.135170954279602, 688617.522813047282398 ], [ 4244387.135170954279602, 688654.947330396156758 ], [ 4244413.598300954326987, 688681.410460396204144 ], [ 4244451.022818302735686, 688681.410460396204144 ], [ 4244488.447335651144385, 688681.410460396204144 ], [ 4244525.871852999553084, 688681.410460396204144 ], [ 4244552.33498299960047, 688707.873590396251529 ], [ 4244552.33498299960047, 688745.29810774512589 ], [ 4244552.33498299960047, 688782.72262509400025 ], [ 4244552.33498299960047, 688820.14714244287461 ], [ 4244552.33498299960047, 688857.571659791748971 ], [ 4244552.33498299960047, 688894.996177140623331 ], [ 4244552.33498299960047, 688932.420694489497691 ], [ 4244552.33498299960047, 688969.845211838372052 ], [ 4244552.33498299960047, 689007.269729187246412 ], [ 4244589.759500348009169, 689007.269729187246412 ], [ 4244627.184017696417868, 689007.269729187246412 ], [ 4244664.608535044826567, 689007.269729187246412 ], [ 4244702.033052393235266, 689007.269729187246412 ], [ 4244702.033052393235266, 689044.694246536120772 ], [ 4244702.033052393235266, 689082.118763884995133 ], [ 4244702.033052393235266, 689119.543281233869493 ], [ 4244702.033052393235266, 689156.967798582743853 ], [ 4244739.457569741643965, 689156.967798582743853 ], [ 4244776.882087090052664, 689156.967798582743853 ], [ 4244814.306604438461363, 689156.967798582743853 ], [ 4244851.731121786870062, 689156.967798582743853 ], [ 4244878.194251786917448, 689183.430928582791239 ], [ 4244878.194251786917448, 689220.855445931665599 ], [ 4244878.194251786917448, 689258.27996328053996 ], [ 4244878.194251786917448, 689295.70448062941432 ], [ 4244878.194251786917448, 689333.12899797828868 ], [ 4244915.618769135326147, 689333.12899797828868 ], [ 4244953.043286483734846, 689333.12899797828868 ], [ 4244990.467803832143545, 689333.12899797828868 ], [ 4245027.892321180552244, 689333.12899797828868 ], [ 4245054.35545118059963, 689359.592127978336066 ], [ 4245054.35545118059963, 689397.016645327210426 ], [ 4245054.35545118059963, 689434.441162676084787 ], [ 4245054.35545118059963, 689471.865680024959147 ], [ 4245080.818581180647016, 689498.328810025006533 ], [ 4245118.243098529055715, 689498.328810025006533 ], [ 4245155.667615877464414, 689498.328810025006533 ], [ 4245193.092133225873113, 689498.328810025006533 ], [ 4245219.555263225920498, 689524.791940025053918 ], [ 4245219.555263225920498, 689562.216457373928279 ], [ 4245219.555263225920498, 689599.640974722802639 ], [ 4245219.555263225920498, 689637.065492071676999 ], [ 4245219.555263225920498, 689674.49000942055136 ], [ 4245256.979780574329197, 689674.49000942055136 ], [ 4245294.404297922737896, 689674.49000942055136 ], [ 4245331.828815271146595, 689674.49000942055136 ], [ 4245369.253332619555295, 689674.49000942055136 ], [ 4245369.253332619555295, 689711.91452676942572 ], [ 4245369.253332619555295, 689749.33904411830008 ], [ 4245369.253332619555295, 689786.763561467174441 ], [ 4245369.253332619555295, 689824.188078816048801 ], [ 4245369.253332619555295, 689861.612596164923161 ], [ 4245369.253332619555295, 689899.037113513797522 ], [ 4245369.253332619555295, 689936.461630862671882 ], [ 4245369.253332619555295, 689973.886148211546242 ], [ 4245369.253332619555295, 690011.310665560420603 ], [ 4245369.253332619555295, 690048.735182909294963 ], [ 4245369.253332619555295, 690086.159700258169323 ], [ 4245369.253332619555295, 690123.584217607043684 ], [ 4245369.253332619555295, 690161.008734955918044 ], [ 4245342.790202619507909, 690187.47186495596543 ], [ 4245305.36568527109921, 690187.47186495596543 ], [ 4245267.941167922690511, 690187.47186495596543 ], [ 4245230.516650574281812, 690187.47186495596543 ], [ 4245193.092133225873113, 690187.47186495596543 ], [ 4245155.667615877464414, 690187.47186495596543 ], [ 4245118.243098529055715, 690187.47186495596543 ], [ 4245080.818581180647016, 690187.47186495596543 ], [ 4245043.394063832238317, 690187.47186495596543 ], [ 4245005.969546483829618, 690187.47186495596543 ], [ 4244968.545029135420918, 690187.47186495596543 ], [ 4244931.120511787012219, 690187.47186495596543 ], [ 4244893.69599443860352, 690187.47186495596543 ], [ 4244856.271477090194821, 690187.47186495596543 ], [ 4244818.846959741786122, 690187.47186495596543 ], [ 4244781.422442393377423, 690187.47186495596543 ], [ 4244743.997925044968724, 690187.47186495596543 ], [ 4244706.573407696560025, 690187.47186495596543 ], [ 4244669.148890348151326, 690187.47186495596543 ], [ 4244631.724372999742627, 690187.47186495596543 ], [ 4244594.299855651333928, 690187.47186495596543 ], [ 4244556.875338302925229, 690187.47186495596543 ], [ 4244519.45082095451653, 690187.47186495596543 ], [ 4244482.026303606107831, 690187.47186495596543 ], [ 4244444.601786257699132, 690187.47186495596543 ], [ 4244407.177268909290433, 690187.47186495596543 ], [ 4244369.752751560881734, 690187.47186495596543 ], [ 4244332.328234212473035, 690187.47186495596543 ], [ 4244294.903716864064336, 690187.47186495596543 ], [ 4244257.479199515655637, 690187.47186495596543 ], [ 4244220.054682167246938, 690187.47186495596543 ], [ 4244182.630164818838239, 690187.47186495596543 ], [ 4244145.20564747042954, 690187.47186495596543 ], [ 4244107.781130122020841, 690187.47186495596543 ], [ 4244070.356612773612142, 690187.47186495596543 ], [ 4244032.932095425203443, 690187.47186495596543 ], [ 4243995.507578076794744, 690187.47186495596543 ], [ 4243958.083060728386045, 690187.47186495596543 ], [ 4243920.658543379977345, 690187.47186495596543 ], [ 4243883.234026031568646, 690187.47186495596543 ], [ 4243845.809508683159947, 690187.47186495596543 ], [ 4243808.384991334751248, 690187.47186495596543 ], [ 4243770.960473986342549, 690187.47186495596543 ], [ 4243733.53595663793385, 690187.47186495596543 ], [ 4243696.111439289525151, 690187.47186495596543 ], [ 4243658.686921941116452, 690187.47186495596543 ], [ 4243621.262404592707753, 690187.47186495596543 ], [ 4243583.837887244299054, 690187.47186495596543 ], [ 4243546.413369895890355, 690187.47186495596543 ], [ 4243508.988852547481656, 690187.47186495596543 ], [ 4243471.564335199072957, 690187.47186495596543 ], [ 4243434.139817850664258, 690187.47186495596543 ], [ 4243396.715300502255559, 690187.47186495596543 ], [ 4243370.252170502208173, 690161.008734955918044 ], [ 4243370.252170502208173, 690123.584217607043684 ], [ 4243370.252170502208173, 690086.159700258169323 ], [ 4243370.252170502208173, 690048.735182909294963 ], [ 4243370.252170502208173, 690011.310665560420603 ], [ 4243332.827653153799474, 690011.310665560420603 ], [ 4243295.403135805390775, 690011.310665560420603 ], [ 4243257.978618456982076, 690011.310665560420603 ], [ 4243220.554101108573377, 690011.310665560420603 ], [ 4243183.129583760164678, 690011.310665560420603 ], [ 4243145.705066411755979, 690011.310665560420603 ], [ 4243108.28054906334728, 690011.310665560420603 ], [ 4243070.856031714938581, 690011.310665560420603 ], [ 4243033.431514366529882, 690011.310665560420603 ], [ 4242996.006997018121183, 690011.310665560420603 ], [ 4242958.582479669712484, 690011.310665560420603 ], [ 4242921.157962321303785, 690011.310665560420603 ], [ 4242894.694832321256399, 689984.847535560373217 ], [ 4242894.694832321256399, 689947.423018211498857 ], [ 4242894.694832321256399, 689909.998500862624496 ], [ 4242894.694832321256399, 689872.573983513750136 ], [ 4242868.231702321209013, 689846.11085351370275 ], [ 4242830.807184972800314, 689846.11085351370275 ], [ 4242793.382667624391615, 689846.11085351370275 ], [ 4242755.958150275982916, 689846.11085351370275 ], [ 4242718.533632927574217, 689846.11085351370275 ], [ 4242681.109115579165518, 689846.11085351370275 ], [ 4242643.684598230756819, 689846.11085351370275 ], [ 4242606.26008088234812, 689846.11085351370275 ], [ 4242568.835563533939421, 689846.11085351370275 ], [ 4242531.411046185530722, 689846.11085351370275 ], [ 4242493.986528837122023, 689846.11085351370275 ], [ 4242456.562011488713324, 689846.11085351370275 ], [ 4242419.137494140304625, 689846.11085351370275 ], [ 4242381.712976791895926, 689846.11085351370275 ], [ 4242344.288459443487227, 689846.11085351370275 ], [ 4242306.863942095078528, 689846.11085351370275 ], [ 4242269.439424746669829, 689846.11085351370275 ], [ 4242232.01490739826113, 689846.11085351370275 ], [ 4242194.590390049852431, 689846.11085351370275 ], [ 4242157.165872701443732, 689846.11085351370275 ], [ 4242119.741355353035033, 689846.11085351370275 ], [ 4242082.316838004626334, 689846.11085351370275 ], [ 4242055.853708004578948, 689819.647723513655365 ], [ 4242055.853708004578948, 689782.223206164781004 ], [ 4242055.853708004578948, 689744.798688815906644 ], [ 4242055.853708004578948, 689707.374171467032284 ], [ 4242029.390578004531562, 689680.911041466984898 ], [ 4241991.966060656122863, 689680.911041466984898 ], [ 4241954.541543307714164, 689680.911041466984898 ], [ 4241917.117025959305465, 689680.911041466984898 ], [ 4241879.692508610896766, 689680.911041466984898 ], [ 4241842.267991262488067, 689680.911041466984898 ], [ 4241804.843473914079368, 689680.911041466984898 ], [ 4241767.418956565670669, 689680.911041466984898 ], [ 4241729.99443921726197, 689680.911041466984898 ], [ 4241692.569921868853271, 689680.911041466984898 ], [ 4241655.145404520444572, 689680.911041466984898 ], [ 4241617.720887172035873, 689680.911041466984898 ], [ 4241580.296369823627174, 689680.911041466984898 ], [ 4241553.833239823579788, 689654.447911466937512 ], [ 4241553.833239823579788, 689617.023394118063152 ], [ 4241553.833239823579788, 689579.598876769188792 ], [ 4241553.833239823579788, 689542.174359420314431 ], [ 4241527.370109823532403, 689515.711229420267045 ], [ 4241489.945592475123703, 689515.711229420267045 ], [ 4241452.521075126715004, 689515.711229420267045 ], [ 4241415.096557778306305, 689515.711229420267045 ], [ 4241377.672040429897606, 689515.711229420267045 ], [ 4241340.247523081488907, 689515.711229420267045 ], [ 4241302.823005733080208, 689515.711229420267045 ], [ 4241265.398488384671509, 689515.711229420267045 ], [ 4241227.97397103626281, 689515.711229420267045 ], [ 4241190.549453687854111, 689515.711229420267045 ], [ 4241153.124936339445412, 689515.711229420267045 ], [ 4241115.700418991036713, 689515.711229420267045 ], [ 4241078.275901642628014, 689515.711229420267045 ], [ 4241040.851384294219315, 689515.711229420267045 ], [ 4241003.426866945810616, 689515.711229420267045 ], [ 4240966.002349597401917, 689515.711229420267045 ], [ 4240928.577832248993218, 689515.711229420267045 ], [ 4240891.153314900584519, 689515.711229420267045 ], [ 4240853.72879755217582, 689515.711229420267045 ], [ 4240816.304280203767121, 689515.711229420267045 ], [ 4240778.879762855358422, 689515.711229420267045 ], [ 4240741.455245506949723, 689515.711229420267045 ], [ 4240704.030728158541024, 689515.711229420267045 ], [ 4240666.606210810132325, 689515.711229420267045 ], [ 4240629.181693461723626, 689515.711229420267045 ], [ 4240591.757176113314927, 689515.711229420267045 ], [ 4240554.332658764906228, 689515.711229420267045 ], [ 4240516.908141416497529, 689515.711229420267045 ], [ 4240479.48362406808883, 689515.711229420267045 ], [ 4240442.05910671968013, 689515.711229420267045 ], [ 4240404.634589371271431, 689515.711229420267045 ], [ 4240367.210072022862732, 689515.711229420267045 ], [ 4240329.785554674454033, 689515.711229420267045 ], [ 4240292.361037326045334, 689515.711229420267045 ], [ 4240254.936519977636635, 689515.711229420267045 ], [ 4240248.923890591599047, 689476.016534420312382 ], [ 4240250.396164675243199, 689436.321839420357719 ], [ 4240250.396164675243199, 689398.897322071483359 ], [ 4240250.396164675243199, 689361.472804722608998 ], [ 4240212.9716473268345, 689361.472804722608998 ], [ 4240175.547129978425801, 689361.472804722608998 ], [ 4240138.122612630017102, 689361.472804722608998 ], [ 4240100.698095281608403, 689361.472804722608998 ], [ 4240063.273577933199704, 689361.472804722608998 ], [ 4240025.849060584791005, 689361.472804722608998 ], [ 4239988.424543236382306, 689361.472804722608998 ], [ 4239951.000025887973607, 689361.472804722608998 ], [ 4239913.575508539564908, 689361.472804722608998 ], [ 4239876.150991191156209, 689361.472804722608998 ], [ 4239838.726473842747509, 689361.472804722608998 ], [ 4239801.30195649433881, 689361.472804722608998 ], [ 4239774.838826494291425, 689335.009674722561613 ], [ 4239774.838826494291425, 689297.585157373687252 ], [ 4239774.838826494291425, 689260.160640024812892 ], [ 4239774.838826494291425, 689222.736122675938532 ], [ 4239774.838826494291425, 689185.311605327064171 ], [ 4239737.414309145882726, 689185.311605327064171 ], [ 4239699.989791797474027, 689185.311605327064171 ], [ 4239662.565274449065328, 689185.311605327064171 ], [ 4239625.140757100656629, 689185.311605327064171 ], [ 4239587.71623975224793, 689185.311605327064171 ], [ 4239550.291722403839231, 689185.311605327064171 ], [ 4239512.867205055430532, 689185.311605327064171 ], [ 4239475.442687707021832, 689185.311605327064171 ], [ 4239438.018170358613133, 689185.311605327064171 ], [ 4239400.593653010204434, 689185.311605327064171 ], [ 4239363.169135661795735, 689185.311605327064171 ], [ 4239325.744618313387036, 689185.311605327064171 ], [ 4239288.320100964978337, 689185.311605327064171 ], [ 4239250.895583616569638, 689185.311605327064171 ], [ 4239213.471066268160939, 689185.311605327064171 ], [ 4239176.04654891975224, 689185.311605327064171 ], [ 4239138.622031571343541, 689185.311605327064171 ], [ 4239101.197514222934842, 689185.311605327064171 ], [ 4239063.772996874526143, 689185.311605327064171 ], [ 4239026.348479526117444, 689185.311605327064171 ], [ 4238988.923962177708745, 689185.311605327064171 ], [ 4238951.499444829300046, 689185.311605327064171 ], [ 4238951.499444829300046, 689147.887087978189811 ], [ 4238951.499444829300046, 689110.462570629315451 ], [ 4238951.499444829300046, 689073.03805328044109 ], [ 4238951.499444829300046, 689035.61353593156673 ], [ 4238914.074927480891347, 689035.61353593156673 ], [ 4238876.650410132482648, 689035.61353593156673 ], [ 4238839.225892784073949, 689035.61353593156673 ], [ 4238801.80137543566525, 689035.61353593156673 ], [ 4238764.376858087256551, 689035.61353593156673 ], [ 4238726.952340738847852, 689035.61353593156673 ], [ 4238689.527823390439153, 689035.61353593156673 ], [ 4238652.103306042030454, 689035.61353593156673 ], [ 4238614.678788693621755, 689035.61353593156673 ], [ 4238614.678788693621755, 689073.03805328044109 ], [ 4238614.678788693621755, 689110.462570629315451 ], [ 4238614.678788693621755, 689147.887087978189811 ], [ 4238614.678788693621755, 689185.311605327064171 ], [ 4238577.254271345213056, 689185.311605327064171 ], [ 4238539.829753996804357, 689185.311605327064171 ], [ 4238502.405236648395658, 689185.311605327064171 ], [ 4238464.980719299986959, 689185.311605327064171 ], [ 4238464.980719299986959, 689222.736122675938532 ], [ 4238464.980719299986959, 689260.160640024812892 ], [ 4238464.980719299986959, 689297.585157373687252 ], [ 4238464.980719299986959, 689335.009674722561613 ], [ 4238464.980719299986959, 689372.434192071435973 ], [ 4238464.980719299986959, 689409.858709420310333 ], [ 4238464.980719299986959, 689447.283226769184694 ], [ 4238464.980719299986959, 689484.707744118059054 ], [ 4238425.286024300381541, 689509.432632178650238 ], [ 4238385.591329300776124, 689511.702809830196202 ], [ 4238348.166811952367425, 689511.702809830196202 ], [ 4238310.742294603958726, 689511.702809830196202 ], [ 4238273.317777255550027, 689511.702809830196202 ], [ 4238235.893259907141328, 689511.702809830196202 ], [ 4238198.468742558732629, 689511.702809830196202 ], [ 4238161.04422521032393, 689511.702809830196202 ], [ 4238134.581095210276544, 689538.165939830243587 ], [ 4238134.581095210276544, 689575.590457179117948 ], [ 4238134.581095210276544, 689613.014974527992308 ], [ 4238134.581095210276544, 689650.439491876866668 ], [ 4238108.117965210229158, 689676.902621876914054 ], [ 4238070.693447861820459, 689676.902621876914054 ], [ 4238033.26893051341176, 689676.902621876914054 ], [ 4237995.844413165003061, 689676.902621876914054 ], [ 4237958.419895816594362, 689676.902621876914054 ], [ 4237920.995378468185663, 689676.902621876914054 ], [ 4237883.570861119776964, 689676.902621876914054 ], [ 4237846.146343771368265, 689676.902621876914054 ], [ 4237808.721826422959566, 689676.902621876914054 ], [ 4237808.721826422959566, 689714.327139225788414 ], [ 4237808.721826422959566, 689751.751656574662775 ], [ 4237808.721826422959566, 689789.176173923537135 ], [ 4237808.721826422959566, 689826.600691272411495 ], [ 4237782.25869642291218, 689853.063821272458881 ], [ 4237744.834179074503481, 689853.063821272458881 ], [ 4237707.409661726094782, 689853.063821272458881 ], [ 4237669.985144377686083, 689853.063821272458881 ], [ 4237632.560627029277384, 689853.063821272458881 ], [ 4237632.560627029277384, 689890.488338621333241 ], [ 4237632.560627029277384, 689927.912855970207602 ], [ 4237632.560627029277384, 689965.337373319081962 ], [ 4237632.560627029277384, 690002.761890667956322 ], [ 4237669.985144377686083, 690002.761890667956322 ], [ 4237707.409661726094782, 690002.761890667956322 ], [ 4237744.834179074503481, 690002.761890667956322 ], [ 4237782.25869642291218, 690002.761890667956322 ], [ 4237808.721826422959566, 690029.225020668003708 ], [ 4237808.721826422959566, 690066.649538016878068 ], [ 4237808.721826422959566, 690104.074055365752429 ], [ 4237808.721826422959566, 690141.498572714626789 ], [ 4237835.184956423006952, 690167.961702714674175 ], [ 4237872.609473771415651, 690167.961702714674175 ], [ 4237910.03399111982435, 690167.961702714674175 ], [ 4237947.458508468233049, 690167.961702714674175 ], [ 4237973.921638468280435, 690194.42483271472156 ], [ 4237973.921638468280435, 690231.849350063595921 ], [ 4237973.921638468280435, 690269.273867412470281 ], [ 4237973.921638468280435, 690306.698384761344641 ], [ 4237973.921638468280435, 690344.122902110219002 ], [ 4237973.921638468280435, 690381.547419459093362 ], [ 4237973.921638468280435, 690418.971936807967722 ], [ 4237973.921638468280435, 690456.396454156842083 ], [ 4237973.921638468280435, 690493.820971505716443 ], [ 4238011.346155816689134, 690493.820971505716443 ], [ 4238048.770673165097833, 690493.820971505716443 ], [ 4238086.195190513506532, 690493.820971505716443 ], [ 4238123.619707861915231, 690493.820971505716443 ], [ 4238150.082837861962616, 690520.284101505763829 ], [ 4238150.082837861962616, 690557.708618854638189 ], [ 4238150.082837861962616, 690595.133136203512549 ], [ 4238150.082837861962616, 690632.55765355238691 ], [ 4238176.545967862010002, 690659.020783552434295 ], [ 4238213.970485210418701, 690659.020783552434295 ], [ 4238251.3950025588274, 690659.020783552434295 ], [ 4238288.819519907236099, 690659.020783552434295 ], [ 4238315.282649907283485, 690685.483913552481681 ], [ 4238315.282649907283485, 690722.908430901356041 ], [ 4238315.282649907283485, 690760.332948250230402 ], [ 4238315.282649907283485, 690797.757465599104762 ], [ 4238341.745779907330871, 690824.220595599152148 ], [ 4238379.17029725573957, 690824.220595599152148 ], [ 4238416.594814604148269, 690824.220595599152148 ], [ 4238454.019331952556968, 690824.220595599152148 ], [ 4238454.019331952556968, 690861.645112948026508 ], [ 4238454.019331952556968, 690899.069630296900868 ], [ 4238454.019331952556968, 690936.494147645775229 ], [ 4238454.019331952556968, 690973.918664994649589 ], [ 4238454.019331952556968, 691011.343182343523949 ], [ 4238454.019331952556968, 691048.76769969239831 ], [ 4238454.019331952556968, 691086.19221704127267 ], [ 4238454.019331952556968, 691123.61673439014703 ], [ 4238454.019331952556968, 691161.041251739021391 ], [ 4238491.443849300965667, 691161.041251739021391 ], [ 4238528.868366649374366, 691161.041251739021391 ], [ 4238566.292883997783065, 691161.041251739021391 ], [ 4238603.717401346191764, 691161.041251739021391 ], [ 4238630.18053134623915, 691187.504381739068776 ], [ 4238630.18053134623915, 691224.928899087943137 ], [ 4238630.18053134623915, 691262.353416436817497 ], [ 4238630.18053134623915, 691299.777933785691857 ], [ 4238656.643661346286535, 691326.241063785739243 ], [ 4238694.068178694695234, 691326.241063785739243 ], [ 4238731.492696043103933, 691326.241063785739243 ], [ 4238768.917213391512632, 691326.241063785739243 ], [ 4238795.380343391560018, 691352.704193785786629 ], [ 4238795.380343391560018, 691390.128711134660989 ], [ 4238795.380343391560018, 691427.553228483535349 ], [ 4238795.380343391560018, 691464.97774583240971 ], [ 4238795.380343391560018, 691502.40226318128407 ], [ 4238795.380343391560018, 691539.82678053015843 ], [ 4238795.380343391560018, 691577.251297879032791 ], [ 4238795.380343391560018, 691614.675815227907151 ], [ 4238795.380343391560018, 691652.100332576781511 ], [ 4238832.804860739968717, 691652.100332576781511 ], [ 4238870.229378088377416, 691652.100332576781511 ], [ 4238907.653895436786115, 691652.100332576781511 ], [ 4238945.078412785194814, 691652.100332576781511 ], [ 4238982.502930133603513, 691652.100332576781511 ], [ 4239019.927447482012212, 691652.100332576781511 ], [ 4239057.351964830420911, 691652.100332576781511 ], [ 4239094.77648217882961, 691652.100332576781511 ], [ 4239121.239612178876996, 691678.563462576828897 ], [ 4239121.239612178876996, 691715.987979925703257 ], [ 4239121.239612178876996, 691753.412497274577618 ], [ 4239121.239612178876996, 691790.837014623451978 ], [ 4239121.239612178876996, 691828.261531972326338 ], [ 4239121.239612178876996, 691865.686049321200699 ], [ 4239121.239612178876996, 691903.110566670075059 ], [ 4239121.239612178876996, 691940.535084018949419 ], [ 4239121.239612178876996, 691977.95960136782378 ], [ 4239158.664129527285695, 691977.95960136782378 ], [ 4239196.088646875694394, 691977.95960136782378 ], [ 4239233.513164224103093, 691977.95960136782378 ], [ 4239270.937681572511792, 691977.95960136782378 ], [ 4239297.400811572559178, 692004.422731367871165 ], [ 4239297.400811572559178, 692041.847248716745526 ], [ 4239297.400811572559178, 692079.271766065619886 ], [ 4239297.400811572559178, 692116.696283414494246 ], [ 4239297.400811572559178, 692154.120800763368607 ], [ 4239334.825328920967877, 692154.120800763368607 ], [ 4239372.249846269376576, 692154.120800763368607 ], [ 4239409.674363617785275, 692154.120800763368607 ], [ 4239436.137493617832661, 692180.583930763415992 ], [ 4239436.137493617832661, 692218.008448112290353 ], [ 4239436.137493617832661, 692255.432965461164713 ], [ 4239436.137493617832661, 692292.857482810039073 ], [ 4239436.137493617832661, 692330.282000158913434 ], [ 4239436.137493617832661, 692367.706517507787794 ], [ 4239436.137493617832661, 692405.131034856662154 ], [ 4239436.137493617832661, 692442.555552205536515 ], [ 4239436.137493617832661, 692479.980069554410875 ], [ 4239473.56201096624136, 692479.980069554410875 ], [ 4239510.986528314650059, 692479.980069554410875 ], [ 4239548.411045663058758, 692479.980069554410875 ], [ 4239585.835563011467457, 692479.980069554410875 ], [ 4239623.260080359876156, 692479.980069554410875 ], [ 4239623.260080359876156, 692517.404586903285235 ], [ 4239623.260080359876156, 692554.829104252159595 ], [ 4239623.260080359876156, 692592.253621601033956 ], [ 4239623.260080359876156, 692629.678138949908316 ], [ 4239660.684597708284855, 692629.678138949908316 ], [ 4239698.109115056693554, 692629.678138949908316 ], [ 4239735.533632405102253, 692629.678138949908316 ], [ 4239772.958149753510952, 692629.678138949908316 ], [ 4239799.421279753558338, 692656.141268949955702 ], [ 4239799.421279753558338, 692693.565786298830062 ], [ 4239799.421279753558338, 692730.990303647704422 ], [ 4239799.421279753558338, 692768.414820996578783 ], [ 4239799.421279753558338, 692805.839338345453143 ], [ 4239836.845797101967037, 692805.839338345453143 ], [ 4239874.270314450375736, 692805.839338345453143 ], [ 4239911.694831798784435, 692805.839338345453143 ], [ 4239938.15796179883182, 692832.302468345500529 ], [ 4239938.15796179883182, 692869.726985694374889 ], [ 4239938.15796179883182, 692907.151503043249249 ], [ 4239938.15796179883182, 692944.57602039212361 ], [ 4239938.15796179883182, 692982.00053774099797 ], [ 4239975.58247914724052, 692982.00053774099797 ], [ 4240013.006996495649219, 692982.00053774099797 ], [ 4240050.431513844057918, 692982.00053774099797 ], [ 4240087.856031192466617, 692982.00053774099797 ], [ 4240114.319161192514002, 693008.463667741045356 ], [ 4240114.319161192514002, 693045.888185089919716 ], [ 4240114.319161192514002, 693083.312702438794076 ], [ 4240114.319161192514002, 693120.737219787668437 ], [ 4240140.782291192561388, 693147.200349787715822 ], [ 4240178.206808540970087, 693147.200349787715822 ], [ 4240215.631325889378786, 693147.200349787715822 ], [ 4240253.055843237787485, 693147.200349787715822 ], [ 4240253.055843237787485, 693184.624867136590183 ], [ 4240253.055843237787485, 693222.049384485464543 ], [ 4240253.055843237787485, 693259.473901834338903 ], [ 4240253.055843237787485, 693296.898419183213264 ], [ 4240290.480360586196184, 693296.898419183213264 ], [ 4240327.904877934604883, 693296.898419183213264 ], [ 4240365.329395283013582, 693296.898419183213264 ], [ 4240402.753912631422281, 693296.898419183213264 ], [ 4240440.17842997983098, 693296.898419183213264 ], [ 4240440.17842997983098, 693334.322936532087624 ], [ 4240440.17842997983098, 693371.747453880961984 ], [ 4240440.17842997983098, 693409.171971229836345 ], [ 4240440.17842997983098, 693446.596488578710705 ], [ 4240466.641559979878366, 693473.059618578758091 ], [ 4240504.066077328287065, 693473.059618578758091 ], [ 4240541.490594676695764, 693473.059618578758091 ], [ 4240578.915112025104463, 693473.059618578758091 ], [ 4240605.378242025151849, 693499.522748578805476 ], [ 4240605.378242025151849, 693536.947265927679837 ], [ 4240605.378242025151849, 693574.371783276554197 ], [ 4240605.378242025151849, 693611.796300625428557 ], [ 4240631.841372025199234, 693638.259430625475943 ], [ 4240669.265889373607934, 693638.259430625475943 ], [ 4240706.690406722016633, 693638.259430625475943 ], [ 4240744.114924070425332, 693638.259430625475943 ], [ 4240770.578054070472717, 693664.722560625523329 ], [ 4240770.578054070472717, 693702.147077974397689 ], [ 4240770.578054070472717, 693739.571595323272049 ], [ 4240770.578054070472717, 693776.99611267214641 ], [ 4240797.041184070520103, 693803.459242672193795 ], [ 4240834.465701418928802, 693803.459242672193795 ], [ 4240871.890218767337501, 693803.459242672193795 ], [ 4240909.3147361157462, 693803.459242672193795 ], [ 4240935.777866115793586, 693829.922372672241181 ], [ 4240935.777866115793586, 693867.346890021115541 ], [ 4240935.777866115793586, 693904.771407369989902 ], [ 4240935.777866115793586, 693942.195924718864262 ], [ 4240962.240996115840971, 693968.659054718911648 ], [ 4240999.665513464249671, 693968.659054718911648 ], [ 4241037.09003081265837, 693968.659054718911648 ], [ 4241074.514548161067069, 693968.659054718911648 ], [ 4241074.514548161067069, 694006.083572067786008 ], [ 4241074.514548161067069, 694043.508089416660368 ], [ 4241074.514548161067069, 694080.932606765534729 ], [ 4241074.514548161067069, 694118.357124114409089 ], [ 4241074.514548161067069, 694155.781641463283449 ], [ 4241074.514548161067069, 694193.20615881215781 ], [ 4241074.514548161067069, 694230.63067616103217 ], [ 4241074.514548161067069, 694268.05519350990653 ], [ 4241074.514548161067069, 694305.479710858780891 ], [ 4241037.09003081265837, 694305.479710858780891 ], [ 4240999.665513464249671, 694305.479710858780891 ], [ 4240962.240996115840971, 694305.479710858780891 ], [ 4240924.816478767432272, 694305.479710858780891 ], [ 4240924.816478767432272, 694342.904228207655251 ], [ 4240924.816478767432272, 694380.328745556529611 ], [ 4240924.816478767432272, 694417.753262905403972 ], [ 4240924.816478767432272, 694455.177780254278332 ], [ 4240924.816478767432272, 694492.602297603152692 ], [ 4240924.816478767432272, 694530.026814952027053 ], [ 4240924.816478767432272, 694567.451332300901413 ], [ 4240924.816478767432272, 694604.875849649775773 ], [ 4240924.816478767432272, 694642.300366998650134 ], [ 4240887.391961419023573, 694642.300366998650134 ], [ 4240849.967444070614874, 694642.300366998650134 ], [ 4240812.542926722206175, 694642.300366998650134 ], [ 4240775.118409373797476, 694642.300366998650134 ], [ 4240775.118409373797476, 694679.724884347524494 ], [ 4240775.118409373797476, 694717.149401696398854 ], [ 4240775.118409373797476, 694754.573919045273215 ], [ 4240775.118409373797476, 694791.998436394147575 ], [ 4240775.118409373797476, 694829.422953743021935 ], [ 4240775.118409373797476, 694866.847471091896296 ], [ 4240775.118409373797476, 694904.271988440770656 ], [ 4240775.118409373797476, 694941.696505789645016 ], [ 4240748.655279373750091, 694968.159635789692402 ], [ 4240711.230762025341392, 694968.159635789692402 ], [ 4240673.806244676932693, 694968.159635789692402 ], [ 4240636.381727328523993, 694968.159635789692402 ], [ 4240598.957209980115294, 694968.159635789692402 ], [ 4240598.957209980115294, 695005.584153138566762 ], [ 4240598.957209980115294, 695043.008670487441123 ], [ 4240598.957209980115294, 695080.433187836315483 ], [ 4240598.957209980115294, 695117.857705185189843 ], [ 4240598.957209980115294, 695155.282222534064204 ], [ 4240598.957209980115294, 695192.706739882938564 ], [ 4240598.957209980115294, 695230.131257231812924 ], [ 4240598.957209980115294, 695267.555774580687284 ], [ 4240598.957209980115294, 695304.980291929561645 ], [ 4240561.532692631706595, 695304.980291929561645 ], [ 4240524.108175283297896, 695304.980291929561645 ], [ 4240486.683657934889197, 695304.980291929561645 ], [ 4240449.259140586480498, 695304.980291929561645 ], [ 4240449.259140586480498, 695342.404809278436005 ], [ 4240449.259140586480498, 695379.829326627310365 ], [ 4240449.259140586480498, 695417.253843976184726 ], [ 4240449.259140586480498, 695454.678361325059086 ], [ 4240422.796010586433113, 695481.141491325106472 ], [ 4240385.371493238024414, 695481.141491325106472 ], [ 4240347.946975889615715, 695481.141491325106472 ], [ 4240310.522458541207016, 695481.141491325106472 ], [ 4240273.097941192798316, 695481.141491325106472 ], [ 4240273.097941192798316, 695518.566008673980832 ], [ 4240273.097941192798316, 695555.990526022855192 ], [ 4240273.097941192798316, 695593.415043371729553 ], [ 4240273.097941192798316, 695630.839560720603913 ], [ 4240235.673423844389617, 695630.839560720603913 ], [ 4240198.248906495980918, 695630.839560720603913 ], [ 4240160.824389147572219, 695630.839560720603913 ], [ 4240123.39987179916352, 695630.839560720603913 ], [ 4240096.936741799116135, 695657.302690720651299 ], [ 4240096.936741799116135, 695694.727208069525659 ], [ 4240096.936741799116135, 695732.151725418400019 ], [ 4240096.936741799116135, 695769.57624276727438 ], [ 4240096.936741799116135, 695807.00076011614874 ], [ 4240096.936741799116135, 695844.4252774650231 ], [ 4240096.936741799116135, 695881.849794813897461 ], [ 4240096.936741799116135, 695919.274312162771821 ], [ 4240096.936741799116135, 695956.698829511646181 ], [ 4240070.473611799068749, 695983.161959511693567 ], [ 4240033.04909445066005, 695983.161959511693567 ], [ 4239995.624577102251351, 695983.161959511693567 ], [ 4239958.200059753842652, 695983.161959511693567 ], [ 4239920.775542405433953, 695983.161959511693567 ], [ 4239883.351025057025254, 695983.161959511693567 ], [ 4239845.926507708616555, 695983.161959511693567 ], [ 4239808.501990360207856, 695983.161959511693567 ], [ 4239782.03886036016047, 696009.625089511740953 ], [ 4239782.03886036016047, 696047.049606860615313 ], [ 4239782.03886036016047, 696084.474124209489673 ], [ 4239782.03886036016047, 696121.898641558364034 ], [ 4239755.575730360113084, 696148.361771558411419 ], [ 4239718.151213011704385, 696148.361771558411419 ], [ 4239680.726695663295686, 696148.361771558411419 ], [ 4239643.302178314886987, 696148.361771558411419 ], [ 4239616.839048314839602, 696174.824901558458805 ], [ 4239616.839048314839602, 696212.249418907333165 ], [ 4239616.839048314839602, 696249.673936256207526 ], [ 4239616.839048314839602, 696287.098453605081886 ], [ 4239590.375918314792216, 696313.561583605129272 ], [ 4239552.951400966383517, 696313.561583605129272 ], [ 4239515.526883617974818, 696313.561583605129272 ], [ 4239478.102366269566119, 696313.561583605129272 ], [ 4239440.67784892115742, 696313.561583605129272 ], [ 4239403.253331572748721, 696313.561583605129272 ], [ 4239365.828814224340022, 696313.561583605129272 ], [ 4239328.404296875931323, 696313.561583605129272 ], [ 4239290.979779527522624, 696313.561583605129272 ], [ 4239290.979779527522624, 696350.986100954003632 ], [ 4239290.979779527522624, 696388.410618302877992 ], [ 4239290.979779527522624, 696425.835135651752353 ], [ 4239290.979779527522624, 696463.259653000626713 ], [ 4239253.555262179113925, 696463.259653000626713 ], [ 4239216.130744830705225, 696463.259653000626713 ], [ 4239178.706227482296526, 696463.259653000626713 ], [ 4239141.281710133887827, 696463.259653000626713 ], [ 4239114.818580133840442, 696489.722783000674099 ], [ 4239114.818580133840442, 696527.147300349548459 ], [ 4239114.818580133840442, 696564.571817698422819 ], [ 4239114.818580133840442, 696601.99633504729718 ], [ 4239088.355450133793056, 696628.459465047344565 ], [ 4239050.930932785384357, 696628.459465047344565 ], [ 4239013.506415436975658, 696628.459465047344565 ], [ 4238976.081898088566959, 696628.459465047344565 ], [ 4238938.65738074015826, 696628.459465047344565 ], [ 4238901.232863391749561, 696628.459465047344565 ], [ 4238863.808346043340862, 696628.459465047344565 ], [ 4238826.383828694932163, 696628.459465047344565 ], [ 4238788.959311346523464, 696628.459465047344565 ], [ 4238788.959311346523464, 696665.883982396218926 ], [ 4238788.959311346523464, 696703.308499745093286 ], [ 4238788.959311346523464, 696740.733017093967646 ], [ 4238788.959311346523464, 696778.157534442842007 ], [ 4238788.959311346523464, 696815.582051791716367 ], [ 4238788.959311346523464, 696853.006569140590727 ], [ 4238788.959311346523464, 696890.431086489465088 ], [ 4238788.959311346523464, 696927.855603838339448 ], [ 4238762.496181346476078, 696954.318733838386834 ], [ 4238725.071663998067379, 696954.318733838386834 ], [ 4238687.64714664965868, 696954.318733838386834 ], [ 4238650.222629301249981, 696954.318733838386834 ], [ 4238612.798111952841282, 696954.318733838386834 ], [ 4238575.373594604432583, 696954.318733838386834 ], [ 4238537.949077256023884, 696954.318733838386834 ], [ 4238500.524559907615185, 696954.318733838386834 ], [ 4238463.100042559206486, 696954.318733838386834 ], [ 4238463.100042559206486, 696991.743251187261194 ], [ 4238463.100042559206486, 697029.167768536135554 ], [ 4238463.100042559206486, 697066.592285885009915 ], [ 4238463.100042559206486, 697104.016803233884275 ], [ 4238436.6369125591591, 697130.479933233931661 ], [ 4238399.212395210750401, 697130.479933233931661 ], [ 4238361.787877862341702, 697130.479933233931661 ], [ 4238324.363360513933003, 697130.479933233931661 ], [ 4238286.938843165524304, 697130.479933233931661 ], [ 4238249.514325817115605, 697130.479933233931661 ], [ 4238212.089808468706906, 697130.479933233931661 ], [ 4238174.665291120298207, 697130.479933233931661 ], [ 4238137.240773771889508, 697130.479933233931661 ], [ 4238099.816256423480809, 697130.479933233931661 ], [ 4238062.39173907507211, 697130.479933233931661 ], [ 4238024.967221726663411, 697130.479933233931661 ], [ 4237987.542704378254712, 697130.479933233931661 ], [ 4237950.118187029846013, 697130.479933233931661 ], [ 4237912.693669681437314, 697130.479933233931661 ], [ 4237875.269152333028615, 697130.479933233931661 ], [ 4237837.844634984619915, 697130.479933233931661 ], [ 4237800.420117636211216, 697130.479933233931661 ], [ 4237800.420117636211216, 697167.904450582806021 ], [ 4237800.420117636211216, 697205.328967931680381 ], [ 4237800.420117636211216, 697242.753485280554742 ], [ 4237800.420117636211216, 697280.178002629429102 ], [ 4237773.956987636163831, 697306.641132629476488 ], [ 4237736.532470287755132, 697306.641132629476488 ], [ 4237699.107952939346433, 697306.641132629476488 ], [ 4237661.683435590937734, 697306.641132629476488 ], [ 4237635.220305590890348, 697333.104262629523873 ], [ 4237635.220305590890348, 697370.528779978398234 ], [ 4237635.220305590890348, 697407.953297327272594 ], [ 4237635.220305590890348, 697445.377814676146954 ], [ 4237608.757175590842962, 697471.84094467619434 ], [ 4237571.332658242434263, 697471.84094467619434 ], [ 4237533.908140894025564, 697471.84094467619434 ], [ 4237496.483623545616865, 697471.84094467619434 ], [ 4237459.059106197208166, 697471.84094467619434 ], [ 4237421.634588848799467, 697471.84094467619434 ], [ 4237384.210071500390768, 697471.84094467619434 ], [ 4237346.785554151982069, 697471.84094467619434 ], [ 4237309.36103680357337, 697471.84094467619434 ], [ 4237271.936519455164671, 697471.84094467619434 ], [ 4237234.512002106755972, 697471.84094467619434 ], [ 4237197.087484758347273, 697471.84094467619434 ], [ 4237159.662967409938574, 697471.84094467619434 ], [ 4237133.199837409891188, 697498.304074676241726 ], [ 4237133.199837409891188, 697535.728592025116086 ], [ 4237133.199837409891188, 697573.153109373990446 ], [ 4237133.199837409891188, 697610.577626722864807 ], [ 4237106.736707409843802, 697637.040756722912192 ], [ 4237069.312190061435103, 697637.040756722912192 ], [ 4237031.887672713026404, 697637.040756722912192 ], [ 4236994.463155364617705, 697637.040756722912192 ], [ 4236957.038638016209006, 697637.040756722912192 ], [ 4236919.614120667800307, 697637.040756722912192 ], [ 4236882.189603319391608, 697637.040756722912192 ], [ 4236844.765085970982909, 697637.040756722912192 ], [ 4236818.301955970935524, 697663.503886722959578 ], [ 4236818.301955970935524, 697700.928404071833938 ], [ 4236818.301955970935524, 697738.352921420708299 ], [ 4236818.301955970935524, 697775.777438769582659 ], [ 4236778.607260971330106, 697781.790068155969493 ], [ 4236738.912565971724689, 697780.317794072674587 ], [ 4236701.48804862331599, 697780.317794072674587 ], [ 4236664.063531274907291, 697780.317794072674587 ], [ 4236626.639013926498592, 697780.317794072674587 ], [ 4236589.214496578089893, 697780.317794072674587 ], [ 4236551.789979229681194, 697780.317794072674587 ], [ 4236514.365461881272495, 697780.317794072674587 ], [ 4236476.940944532863796, 697780.317794072674587 ], [ 4236439.516427184455097, 697780.317794072674587 ], [ 4236420.081871932372451, 697779.025758297881112 ], [ 4236382.657354583963752, 697779.025758297881112 ], [ 4236345.232837235555053, 697779.025758297881112 ], [ 4236318.769707235507667, 697805.488888297928497 ], [ 4236318.769707235507667, 697842.913405646802858 ], [ 4236318.769707235507667, 697880.337922995677218 ], [ 4236318.769707235507667, 697917.762440344551578 ], [ 4236292.306577235460281, 697944.225570344598964 ], [ 4236254.882059887051582, 697944.225570344598964 ], [ 4236217.457542538642883, 697944.225570344598964 ], [ 4236180.033025190234184, 697944.225570344598964 ], [ 4236142.608507841825485, 697944.225570344598964 ], [ 4236105.183990493416786, 697944.225570344598964 ], [ 4236067.759473145008087, 697944.225570344598964 ], [ 4236030.334955796599388, 697944.225570344598964 ], [ 4235992.910438448190689, 697944.225570344598964 ], [ 4235955.48592109978199, 697944.225570344598964 ], [ 4235918.061403751373291, 697944.225570344598964 ], [ 4235880.636886402964592, 697944.225570344598964 ], [ 4235843.212369054555893, 697944.225570344598964 ], [ 4235843.212369054555893, 697981.650087693473324 ], [ 4235843.212369054555893, 698019.074605042347685 ], [ 4235843.212369054555893, 698056.499122391222045 ], [ 4235843.212369054555893, 698093.923639740096405 ], [ 4235816.749239054508507, 698120.386769740143791 ], [ 4235779.324721706099808, 698120.386769740143791 ], [ 4235741.900204357691109, 698120.386769740143791 ], [ 4235704.47568700928241, 698120.386769740143791 ], [ 4235667.051169660873711, 698120.386769740143791 ], [ 4235667.051169660873711, 698157.811287089018151 ], [ 4235667.051169660873711, 698195.235804437892511 ], [ 4235667.051169660873711, 698232.660321786766872 ], [ 4235667.051169660873711, 698270.084839135641232 ], [ 4235640.588039660826325, 698296.547969135688618 ], [ 4235603.163522312417626, 698296.547969135688618 ], [ 4235565.739004964008927, 698296.547969135688618 ], [ 4235528.314487615600228, 698296.547969135688618 ], [ 4235490.889970267191529, 698296.547969135688618 ], [ 4235453.46545291878283, 698296.547969135688618 ], [ 4235416.040935570374131, 698296.547969135688618 ], [ 4235378.616418221965432, 698296.547969135688618 ], [ 4235341.191900873556733, 698296.547969135688618 ], [ 4235341.191900873556733, 698333.972486484562978 ], [ 4235341.191900873556733, 698371.397003833437338 ], [ 4235341.191900873556733, 698408.821521182311699 ], [ 4235301.497205873951316, 698441.031312712584622 ], [ 4235261.802510874345899, 698443.301490364130586 ], [ 4235224.3779935259372, 698443.301490364130586 ], [ 4235186.953476177528501, 698443.301490364130586 ], [ 4235149.528958829119802, 698443.301490364130586 ], [ 4235112.104441480711102, 698443.301490364130586 ], [ 4235074.679924132302403, 698443.301490364130586 ], [ 4235037.255406783893704, 698443.301490364130586 ], [ 4235010.792276783846319, 698416.838360364083201 ], [ 4235010.792276783846319, 698379.41384301520884 ], [ 4235010.792276783846319, 698341.98932566633448 ], [ 4235010.792276783846319, 698304.56480831746012 ], [ 4234984.329146783798933, 698278.101678317412734 ], [ 4234946.904629435390234, 698278.101678317412734 ], [ 4234909.480112086981535, 698278.101678317412734 ], [ 4234872.055594738572836, 698278.101678317412734 ], [ 4234834.631077390164137, 698278.101678317412734 ], [ 4234834.631077390164137, 698315.526195666287094 ], [ 4234834.631077390164137, 698352.950713015161455 ], [ 4234834.631077390164137, 698390.375230364035815 ], [ 4234834.631077390164137, 698427.799747712910175 ], [ 4234808.167947390116751, 698454.262877712957561 ], [ 4234770.743430041708052, 698454.262877712957561 ], [ 4234733.318912693299353, 698454.262877712957561 ], [ 4234695.894395344890654, 698454.262877712957561 ], [ 4234658.469877996481955, 698454.262877712957561 ], [ 4234621.045360648073256, 698454.262877712957561 ], [ 4234583.620843299664557, 698454.262877712957561 ], [ 4234546.196325951255858, 698454.262877712957561 ], [ 4234519.733195951208472, 698480.726007713004947 ], [ 4234519.733195951208472, 698518.150525061879307 ], [ 4234519.733195951208472, 698555.575042410753667 ], [ 4234519.733195951208472, 698592.999559759628028 ], [ 4234493.270065951161087, 698619.462689759675413 ], [ 4234455.845548602752388, 698619.462689759675413 ], [ 4234418.421031254343688, 698619.462689759675413 ], [ 4234380.996513905934989, 698619.462689759675413 ], [ 4234343.57199655752629, 698619.462689759675413 ], [ 4234306.147479209117591, 698619.462689759675413 ], [ 4234268.722961860708892, 698619.462689759675413 ], [ 4234231.298444512300193, 698619.462689759675413 ], [ 4234193.873927163891494, 698619.462689759675413 ], [ 4234167.410797163844109, 698645.925819759722799 ], [ 4234167.410797163844109, 698683.350337108597159 ], [ 4234167.410797163844109, 698720.77485445747152 ], [ 4234167.410797163844109, 698758.19937180634588 ], [ 4234127.716102164238691, 698771.696904662414454 ], [ 4234088.021407164633274, 698773.967082313960418 ], [ 4234050.596889816224575, 698773.967082313960418 ], [ 4234013.172372467815876, 698773.967082313960418 ], [ 4233986.70924246776849, 698747.503952313913032 ], [ 4233986.70924246776849, 698710.079434965038672 ], [ 4233986.70924246776849, 698672.654917616164312 ], [ 4233986.70924246776849, 698635.230400267289951 ], [ 4233960.246112467721105, 698608.767270267242566 ], [ 4233922.821595119312406, 698608.767270267242566 ], [ 4233885.397077770903707, 698608.767270267242566 ], [ 4233847.972560422495008, 698608.767270267242566 ], [ 4233847.972560422495008, 698646.191787616116926 ], [ 4233847.972560422495008, 698683.616304964991286 ], [ 4233847.972560422495008, 698721.040822313865647 ], [ 4233847.972560422495008, 698758.465339662740007 ], [ 4233821.509430422447622, 698784.928469662787393 ], [ 4233784.084913074038923, 698784.928469662787393 ], [ 4233746.660395725630224, 698784.928469662787393 ], [ 4233709.235878377221525, 698784.928469662787393 ], [ 4233671.811361028812826, 698784.928469662787393 ], [ 4233634.386843680404127, 698784.928469662787393 ], [ 4233596.962326331995428, 698784.928469662787393 ], [ 4233559.537808983586729, 698784.928469662787393 ], [ 4233533.074678983539343, 698811.391599662834778 ], [ 4233533.074678983539343, 698848.816117011709139 ], [ 4233533.074678983539343, 698886.240634360583499 ], [ 4233533.074678983539343, 698923.665151709457859 ], [ 4233506.611548983491957, 698950.128281709505245 ], [ 4233469.187031635083258, 698950.128281709505245 ], [ 4233431.762514286674559, 698950.128281709505245 ], [ 4233394.33799693826586, 698950.128281709505245 ], [ 4233356.913479589857161, 698950.128281709505245 ], [ 4233319.488962241448462, 698950.128281709505245 ], [ 4233282.064444893039763, 698950.128281709505245 ], [ 4233244.639927544631064, 698950.128281709505245 ], [ 4233207.215410196222365, 698950.128281709505245 ], [ 4233169.790892847813666, 698950.128281709505245 ], [ 4233132.366375499404967, 698950.128281709505245 ], [ 4233094.941858150996268, 698950.128281709505245 ], [ 4233057.517340802587569, 698950.128281709505245 ], [ 4233031.054210802540183, 698976.591411709552631 ], [ 4233031.054210802540183, 699014.015929058426991 ], [ 4233031.054210802540183, 699051.440446407301351 ], [ 4233031.054210802540183, 699088.864963756175712 ], [ 4233004.591080802492797, 699115.328093756223097 ], [ 4232967.166563454084098, 699115.328093756223097 ], [ 4232929.742046105675399, 699115.328093756223097 ], [ 4232892.3175287572667, 699115.328093756223097 ], [ 4232892.3175287572667, 699152.752611105097458 ], [ 4232892.3175287572667, 699190.177128453971818 ], [ 4232892.3175287572667, 699227.601645802846178 ], [ 4232892.3175287572667, 699265.026163151720539 ], [ 4232865.854398757219315, 699291.489293151767924 ], [ 4232828.429881408810616, 699291.489293151767924 ], [ 4232791.005364060401917, 699291.489293151767924 ], [ 4232753.580846711993217, 699291.489293151767924 ], [ 4232716.156329363584518, 699291.489293151767924 ], [ 4232678.731812015175819, 699291.489293151767924 ], [ 4232641.30729466676712, 699291.489293151767924 ], [ 4232603.882777318358421, 699291.489293151767924 ], [ 4232566.458259969949722, 699291.489293151767924 ], [ 4232529.033742621541023, 699291.489293151767924 ], [ 4232491.609225273132324, 699291.489293151767924 ], [ 4232454.184707924723625, 699291.489293151767924 ], [ 4232416.760190576314926, 699291.489293151767924 ], [ 4232379.335673227906227, 699291.489293151767924 ], [ 4232341.911155879497528, 699291.489293151767924 ], [ 4232304.486638531088829, 699291.489293151767924 ], [ 4232267.06212118268013, 699291.489293151767924 ], [ 4232229.637603834271431, 699291.489293151767924 ], [ 4232192.213086485862732, 699291.489293151767924 ], [ 4232154.788569137454033, 699291.489293151767924 ], [ 4232117.364051789045334, 699291.489293151767924 ], [ 4232079.939534440636635, 699291.489293151767924 ], [ 4232042.515017092227936, 699291.489293151767924 ], [ 4232005.090499743819237, 699291.489293151767924 ], [ 4231967.665982395410538, 699291.489293151767924 ], [ 4231930.241465047001839, 699291.489293151767924 ], [ 4231892.81694769859314, 699291.489293151767924 ], [ 4231855.392430350184441, 699291.489293151767924 ], [ 4231817.967913001775742, 699291.489293151767924 ], [ 4231780.543395653367043, 699291.489293151767924 ], [ 4231743.118878304958344, 699291.489293151767924 ], [ 4231705.694360956549644, 699291.489293151767924 ], [ 4231668.269843608140945, 699291.489293151767924 ], [ 4231630.845326259732246, 699291.489293151767924 ], [ 4231593.420808911323547, 699291.489293151767924 ], [ 4231555.996291562914848, 699291.489293151767924 ], [ 4231518.571774214506149, 699291.489293151767924 ], [ 4231481.14725686609745, 699291.489293151767924 ], [ 4231443.722739517688751, 699291.489293151767924 ], [ 4231406.298222169280052, 699291.489293151767924 ], [ 4231368.873704820871353, 699291.489293151767924 ], [ 4231331.449187472462654, 699291.489293151767924 ], [ 4231294.024670124053955, 699291.489293151767924 ], [ 4231256.600152775645256, 699291.489293151767924 ], [ 4231219.175635427236557, 699291.489293151767924 ], [ 4231181.751118078827858, 699291.489293151767924 ], [ 4231144.326600730419159, 699291.489293151767924 ], [ 4231106.90208338201046, 699291.489293151767924 ], [ 4231069.477566033601761, 699291.489293151767924 ], [ 4231032.053048685193062, 699291.489293151767924 ], [ 4230994.628531336784363, 699291.489293151767924 ], [ 4230957.204013988375664, 699291.489293151767924 ], [ 4230919.779496639966965, 699291.489293151767924 ], [ 4230882.354979291558266, 699291.489293151767924 ], [ 4230844.930461943149567, 699291.489293151767924 ], [ 4230807.505944594740868, 699291.489293151767924 ], [ 4230770.081427246332169, 699291.489293151767924 ], [ 4230732.65690989792347, 699291.489293151767924 ], [ 4230695.232392549514771, 699291.489293151767924 ], [ 4230657.807875201106071, 699291.489293151767924 ], [ 4230620.383357852697372, 699291.489293151767924 ], [ 4230582.958840504288673, 699291.489293151767924 ], [ 4230582.958840504288673, 699328.913810500642285 ], [ 4230582.958840504288673, 699366.338327849516645 ], [ 4230582.958840504288673, 699403.762845198391005 ], [ 4230582.958840504288673, 699441.187362547265366 ], [ 4230545.534323155879974, 699441.187362547265366 ], [ 4230508.109805807471275, 699441.187362547265366 ], [ 4230470.685288459062576, 699441.187362547265366 ], [ 4230433.260771110653877, 699441.187362547265366 ], [ 4230395.836253762245178, 699441.187362547265366 ], [ 4230358.411736413836479, 699441.187362547265366 ], [ 4230320.98721906542778, 699441.187362547265366 ], [ 4230283.562701717019081, 699441.187362547265366 ], [ 4230246.138184368610382, 699441.187362547265366 ], [ 4230208.713667020201683, 699441.187362547265366 ], [ 4230171.289149671792984, 699441.187362547265366 ], [ 4230133.864632323384285, 699441.187362547265366 ], [ 4230096.440114974975586, 699441.187362547265366 ], [ 4230059.015597626566887, 699441.187362547265366 ], [ 4230021.591080278158188, 699441.187362547265366 ], [ 4229984.166562929749489, 699441.187362547265366 ], [ 4229946.74204558134079, 699441.187362547265366 ], [ 4229909.317528232932091, 699441.187362547265366 ], [ 4229871.893010884523392, 699441.187362547265366 ], [ 4229834.468493536114693, 699441.187362547265366 ], [ 4229797.043976187705994, 699441.187362547265366 ], [ 4229759.619458839297295, 699441.187362547265366 ], [ 4229722.194941490888596, 699441.187362547265366 ], [ 4229684.770424142479897, 699441.187362547265366 ], [ 4229647.345906794071198, 699441.187362547265366 ], [ 4229609.921389445662498, 699441.187362547265366 ], [ 4229572.496872097253799, 699441.187362547265366 ], [ 4229572.496872097253799, 699478.611879896139726 ], [ 4229572.496872097253799, 699516.036397245014086 ], [ 4229572.496872097253799, 699553.460914593888447 ], [ 4229572.496872097253799, 699590.885431942762807 ], [ 4229546.033742097206414, 699617.348561942810193 ], [ 4229508.609224748797715, 699617.348561942810193 ], [ 4229471.184707400389016, 699617.348561942810193 ], [ 4229433.760190051980317, 699617.348561942810193 ], [ 4229396.335672703571618, 699617.348561942810193 ], [ 4229358.911155355162919, 699617.348561942810193 ], [ 4229321.48663800675422, 699617.348561942810193 ], [ 4229284.06212065834552, 699617.348561942810193 ], [ 4229246.637603309936821, 699617.348561942810193 ], [ 4229209.213085961528122, 699617.348561942810193 ], [ 4229171.788568613119423, 699617.348561942810193 ], [ 4229134.364051264710724, 699617.348561942810193 ], [ 4229096.939533916302025, 699617.348561942810193 ], [ 4229059.515016567893326, 699617.348561942810193 ], [ 4229022.090499219484627, 699617.348561942810193 ], [ 4228984.665981871075928, 699617.348561942810193 ], [ 4228947.241464522667229, 699617.348561942810193 ], [ 4228909.81694717425853, 699617.348561942810193 ], [ 4228872.392429825849831, 699617.348561942810193 ], [ 4228834.967912477441132, 699617.348561942810193 ], [ 4228797.543395129032433, 699617.348561942810193 ], [ 4228760.118877780623734, 699617.348561942810193 ], [ 4228722.694360432215035, 699617.348561942810193 ], [ 4228685.269843083806336, 699617.348561942810193 ], [ 4228647.845325735397637, 699617.348561942810193 ], [ 4228610.420808386988938, 699617.348561942810193 ], [ 4228572.996291038580239, 699617.348561942810193 ], [ 4228535.57177369017154, 699617.348561942810193 ], [ 4228498.147256341762841, 699617.348561942810193 ], [ 4228460.722738993354142, 699617.348561942810193 ], [ 4228423.298221644945443, 699617.348561942810193 ], [ 4228385.873704296536744, 699617.348561942810193 ], [ 4228348.449186948128045, 699617.348561942810193 ], [ 4228311.024669599719346, 699617.348561942810193 ], [ 4228273.600152251310647, 699617.348561942810193 ], [ 4228236.175634902901947, 699617.348561942810193 ], [ 4228198.751117554493248, 699617.348561942810193 ], [ 4228161.326600206084549, 699617.348561942810193 ], [ 4228123.90208285767585, 699617.348561942810193 ], [ 4228086.477565509267151, 699617.348561942810193 ], [ 4228049.053048160858452, 699617.348561942810193 ], [ 4228011.628530812449753, 699617.348561942810193 ], [ 4227974.204013464041054, 699617.348561942810193 ], [ 4227936.779496115632355, 699617.348561942810193 ], [ 4227899.354978767223656, 699617.348561942810193 ], [ 4227861.930461418814957, 699617.348561942810193 ], [ 4227824.505944070406258, 699617.348561942810193 ], [ 4227787.081426721997559, 699617.348561942810193 ], [ 4227749.65690937358886, 699617.348561942810193 ], [ 4227712.232392025180161, 699617.348561942810193 ], [ 4227674.807874676771462, 699617.348561942810193 ], [ 4227637.383357328362763, 699617.348561942810193 ], [ 4227599.958839979954064, 699617.348561942810193 ], [ 4227562.534322631545365, 699617.348561942810193 ], [ 4227525.109805283136666, 699617.348561942810193 ], [ 4227487.685287934727967, 699617.348561942810193 ], [ 4227450.260770586319268, 699617.348561942810193 ], [ 4227412.836253237910569, 699617.348561942810193 ], [ 4227375.41173588950187, 699617.348561942810193 ], [ 4227337.987218541093171, 699617.348561942810193 ], [ 4227300.562701192684472, 699617.348561942810193 ], [ 4227263.138183844275773, 699617.348561942810193 ], [ 4227225.713666495867074, 699617.348561942810193 ], [ 4227188.289149147458375, 699617.348561942810193 ], [ 4227150.864631799049675, 699617.348561942810193 ], [ 4227113.440114450640976, 699617.348561942810193 ], [ 4227076.015597102232277, 699617.348561942810193 ], [ 4227038.591079753823578, 699617.348561942810193 ], [ 4227001.166562405414879, 699617.348561942810193 ], [ 4226963.74204505700618, 699617.348561942810193 ], [ 4226926.317527708597481, 699617.348561942810193 ], [ 4226888.893010360188782, 699617.348561942810193 ], [ 4226851.468493011780083, 699617.348561942810193 ], [ 4226814.043975663371384, 699617.348561942810193 ], [ 4226776.619458314962685, 699617.348561942810193 ], [ 4226739.194940966553986, 699617.348561942810193 ], [ 4226701.770423618145287, 699617.348561942810193 ], [ 4226664.345906269736588, 699617.348561942810193 ], [ 4226626.921388921327889, 699617.348561942810193 ], [ 4226589.49687157291919, 699617.348561942810193 ], [ 4226552.072354224510491, 699617.348561942810193 ], [ 4226514.647836876101792, 699617.348561942810193 ], [ 4226477.223319527693093, 699617.348561942810193 ], [ 4226439.798802179284394, 699617.348561942810193 ], [ 4226402.374284830875695, 699617.348561942810193 ], [ 4226364.949767482466996, 699617.348561942810193 ], [ 4226327.525250134058297, 699617.348561942810193 ], [ 4226290.100732785649598, 699617.348561942810193 ], [ 4226252.676215437240899, 699617.348561942810193 ], [ 4226215.2516980888322, 699617.348561942810193 ], [ 4226177.827180740423501, 699617.348561942810193 ], [ 4226140.402663392014802, 699617.348561942810193 ], [ 4226102.978146043606102, 699617.348561942810193 ], [ 4226065.553628695197403, 699617.348561942810193 ], [ 4226028.129111346788704, 699617.348561942810193 ], [ 4225990.704593998380005, 699617.348561942810193 ], [ 4225953.280076649971306, 699617.348561942810193 ], [ 4225915.855559301562607, 699617.348561942810193 ], [ 4225878.431041953153908, 699617.348561942810193 ], [ 4225841.006524604745209, 699617.348561942810193 ], [ 4225803.58200725633651, 699617.348561942810193 ], [ 4225766.157489907927811, 699617.348561942810193 ], [ 4225728.732972559519112, 699617.348561942810193 ], [ 4225691.308455211110413, 699617.348561942810193 ], [ 4225653.883937862701714, 699617.348561942810193 ], [ 4225616.459420514293015, 699617.348561942810193 ], [ 4225579.034903165884316, 699617.348561942810193 ], [ 4225541.610385817475617, 699617.348561942810193 ], [ 4225504.185868469066918, 699617.348561942810193 ], [ 4225466.761351120658219, 699617.348561942810193 ], [ 4225429.33683377224952, 699617.348561942810193 ], [ 4225391.912316423840821, 699617.348561942810193 ], [ 4225354.487799075432122, 699617.348561942810193 ], [ 4225317.063281727023423, 699617.348561942810193 ], [ 4225279.638764378614724, 699617.348561942810193 ], [ 4225242.214247030206025, 699617.348561942810193 ], [ 4225204.789729681797326, 699617.348561942810193 ], [ 4225167.365212333388627, 699617.348561942810193 ], [ 4225129.940694984979928, 699617.348561942810193 ], [ 4225092.516177636571229, 699617.348561942810193 ], [ 4225055.091660288162529, 699617.348561942810193 ], [ 4225017.66714293975383, 699617.348561942810193 ], [ 4224980.242625591345131, 699617.348561942810193 ], [ 4224942.818108242936432, 699617.348561942810193 ], [ 4224905.393590894527733, 699617.348561942810193 ], [ 4224867.969073546119034, 699617.348561942810193 ], [ 4224830.544556197710335, 699617.348561942810193 ], [ 4224793.120038849301636, 699617.348561942810193 ], [ 4224755.695521500892937, 699617.348561942810193 ], [ 4224718.271004152484238, 699617.348561942810193 ], [ 4224680.846486804075539, 699617.348561942810193 ], [ 4224643.42196945566684, 699617.348561942810193 ], [ 4224616.958839455619454, 699590.885431942762807 ], [ 4224616.958839455619454, 699553.460914593888447 ], [ 4224616.958839455619454, 699516.036397245014086 ], [ 4224616.958839455619454, 699478.611879896139726 ], [ 4224616.958839455619454, 699441.187362547265366 ], [ 4224616.958839455619454, 699403.762845198391005 ], [ 4224616.958839455619454, 699366.338327849516645 ], [ 4224616.958839455619454, 699328.913810500642285 ], [ 4224616.958839455619454, 699291.489293151767924 ], [ 4224616.958839455619454, 699254.064775802893564 ], [ 4224616.958839455619454, 699216.640258454019204 ], [ 4224616.958839455619454, 699179.215741105144843 ], [ 4224616.958839455619454, 699141.791223756270483 ], [ 4224616.958839455619454, 699104.366706407396123 ], [ 4224616.958839455619454, 699066.942189058521762 ], [ 4224616.958839455619454, 699029.517671709647402 ], [ 4224616.958839455619454, 698992.093154360773042 ], [ 4224616.958839455619454, 698954.668637011898682 ], [ 4224616.958839455619454, 698917.244119663024321 ], [ 4224616.958839455619454, 698879.819602314149961 ], [ 4224616.958839455619454, 698842.395084965275601 ], [ 4224616.958839455619454, 698804.97056761640124 ], [ 4224616.958839455619454, 698767.54605026752688 ], [ 4224616.958839455619454, 698730.12153291865252 ], [ 4224616.958839455619454, 698692.697015569778159 ], [ 4224616.958839455619454, 698655.272498220903799 ], [ 4224616.958839455619454, 698617.847980872029439 ], [ 4224616.958839455619454, 698580.423463523155078 ], [ 4224616.958839455619454, 698542.998946174280718 ], [ 4224616.958839455619454, 698505.574428825406358 ], [ 4224616.958839455619454, 698468.149911476531997 ], [ 4224616.958839455619454, 698430.725394127657637 ], [ 4224616.958839455619454, 698393.300876778783277 ], [ 4224616.958839455619454, 698355.876359429908916 ], [ 4224616.958839455619454, 698318.451842081034556 ], [ 4224616.958839455619454, 698281.027324732160196 ], [ 4224643.42196945566684, 698254.56419473211281 ], [ 4224680.846486804075539, 698254.56419473211281 ], [ 4224718.271004152484238, 698254.56419473211281 ], [ 4224755.695521500892937, 698254.56419473211281 ], [ 4224793.120038849301636, 698254.56419473211281 ], [ 4224793.120038849301636, 698217.13967738323845 ], [ 4224793.120038849301636, 698179.715160034364089 ], [ 4224793.120038849301636, 698142.290642685489729 ], [ 4224793.120038849301636, 698104.866125336615369 ], [ 4224793.120038849301636, 698067.441607987741008 ], [ 4224793.120038849301636, 698030.017090638866648 ], [ 4224793.120038849301636, 697992.592573289992288 ], [ 4224793.120038849301636, 697955.168055941117927 ], [ 4224755.695521500892937, 697955.168055941117927 ], [ 4224718.271004152484238, 697955.168055941117927 ], [ 4224680.846486804075539, 697955.168055941117927 ], [ 4224643.42196945566684, 697955.168055941117927 ], [ 4224616.958839455619454, 697928.704925941070542 ], [ 4224616.958839455619454, 697891.280408592196181 ], [ 4224616.958839455619454, 697853.855891243321821 ], [ 4224616.958839455619454, 697816.431373894447461 ], [ 4224616.958839455619454, 697779.0068565455731 ], [ 4224616.958839455619454, 697741.58233919669874 ], [ 4224616.958839455619454, 697704.15782184782438 ], [ 4224616.958839455619454, 697666.733304498950019 ], [ 4224616.958839455619454, 697629.308787150075659 ], [ 4224643.42196945566684, 697602.845657150028273 ], [ 4224680.846486804075539, 697602.845657150028273 ], [ 4224718.271004152484238, 697602.845657150028273 ], [ 4224755.695521500892937, 697602.845657150028273 ], [ 4224793.120038849301636, 697602.845657150028273 ], [ 4224793.120038849301636, 697565.421139801153913 ], [ 4224793.120038849301636, 697527.996622452279553 ], [ 4224793.120038849301636, 697490.572105103405192 ], [ 4224793.120038849301636, 697453.147587754530832 ], [ 4224819.583168849349022, 697426.684457754483446 ], [ 4224857.007686197757721, 697426.684457754483446 ], [ 4224894.43220354616642, 697426.684457754483446 ], [ 4224931.856720894575119, 697426.684457754483446 ], [ 4224931.856720894575119, 697389.259940405609086 ], [ 4224931.856720894575119, 697351.835423056734726 ], [ 4224931.856720894575119, 697314.410905707860366 ], [ 4224931.856720894575119, 697276.986388358986005 ], [ 4224969.281238242983818, 697276.986388358986005 ], [ 4225006.705755591392517, 697276.986388358986005 ], [ 4225044.130272939801216, 697276.986388358986005 ], [ 4225081.554790288209915, 697276.986388358986005 ], [ 4225118.979307636618614, 697276.986388358986005 ], [ 4225118.979307636618614, 697239.561871010111645 ], [ 4225118.979307636618614, 697202.137353661237285 ], [ 4225118.979307636618614, 697164.712836312362924 ], [ 4225118.979307636618614, 697127.288318963488564 ], [ 4225118.979307636618614, 697089.863801614614204 ], [ 4225118.979307636618614, 697052.439284265739843 ], [ 4225118.979307636618614, 697015.014766916865483 ], [ 4225118.979307636618614, 696977.590249567991123 ], [ 4225081.554790288209915, 696977.590249567991123 ], [ 4225044.130272939801216, 696977.590249567991123 ], [ 4225006.705755591392517, 696977.590249567991123 ], [ 4224969.281238242983818, 696977.590249567991123 ], [ 4224942.818108242936432, 696951.127119567943737 ], [ 4224942.818108242936432, 696913.702602219069377 ], [ 4224942.818108242936432, 696876.278084870195016 ], [ 4224942.818108242936432, 696838.853567521320656 ], [ 4224942.818108242936432, 696801.429050172446296 ], [ 4224942.818108242936432, 696764.004532823571935 ], [ 4224942.818108242936432, 696726.580015474697575 ], [ 4224942.818108242936432, 696689.155498125823215 ], [ 4224942.818108242936432, 696651.730980776948854 ], [ 4224942.818108242936432, 696614.306463428074494 ], [ 4224942.818108242936432, 696576.881946079200134 ], [ 4224942.818108242936432, 696539.457428730325773 ], [ 4224942.818108242936432, 696502.032911381451413 ], [ 4224942.818108242936432, 696464.608394032577053 ], [ 4224942.818108242936432, 696427.183876683702692 ], [ 4224942.818108242936432, 696389.759359334828332 ], [ 4224942.818108242936432, 696352.334841985953972 ], [ 4224942.818108242936432, 696314.910324637079611 ], [ 4224942.818108242936432, 696277.485807288205251 ], [ 4224942.818108242936432, 696240.061289939330891 ], [ 4224942.818108242936432, 696202.63677259045653 ], [ 4224942.818108242936432, 696165.21225524158217 ], [ 4224942.818108242936432, 696127.78773789270781 ], [ 4224905.393590894527733, 696127.78773789270781 ], [ 4224867.969073546119034, 696127.78773789270781 ], [ 4224830.544556197710335, 696127.78773789270781 ], [ 4224793.120038849301636, 696127.78773789270781 ], [ 4224793.120038849301636, 696090.363220543833449 ], [ 4224793.120038849301636, 696052.938703194959089 ], [ 4224793.120038849301636, 696015.514185846084729 ], [ 4224793.120038849301636, 695978.089668497210369 ], [ 4224755.695521500892937, 695978.089668497210369 ], [ 4224718.271004152484238, 695978.089668497210369 ], [ 4224680.846486804075539, 695978.089668497210369 ], [ 4224643.42196945566684, 695978.089668497210369 ], [ 4224605.997452107258141, 695978.089668497210369 ], [ 4224568.572934758849442, 695978.089668497210369 ], [ 4224531.148417410440743, 695978.089668497210369 ], [ 4224493.723900062032044, 695978.089668497210369 ], [ 4224467.260770061984658, 695951.626538497162983 ], [ 4224467.260770061984658, 695914.202021148288622 ], [ 4224467.260770061984658, 695876.777503799414262 ], [ 4224467.260770061984658, 695839.352986450539902 ], [ 4224467.260770061984658, 695801.928469101665542 ], [ 4224429.836252713575959, 695801.928469101665542 ], [ 4224392.41173536516726, 695801.928469101665542 ], [ 4224354.987218016758561, 695801.928469101665542 ], [ 4224317.562700668349862, 695801.928469101665542 ], [ 4224317.562700668349862, 695764.503951752791181 ], [ 4224317.562700668349862, 695727.079434403916821 ], [ 4224317.562700668349862, 695689.654917055042461 ], [ 4224317.562700668349862, 695652.2303997061681 ], [ 4224280.138183319941163, 695652.2303997061681 ], [ 4224242.713665971532464, 695652.2303997061681 ], [ 4224205.289148623123765, 695652.2303997061681 ], [ 4224167.864631274715066, 695652.2303997061681 ], [ 4224130.440113926306367, 695652.2303997061681 ], [ 4224093.015596577897668, 695652.2303997061681 ], [ 4224055.591079229488969, 695652.2303997061681 ], [ 4224018.16656188108027, 695652.2303997061681 ], [ 4223980.742044532671571, 695652.2303997061681 ], [ 4223943.317527184262872, 695652.2303997061681 ], [ 4223905.893009835854173, 695652.2303997061681 ], [ 4223868.468492487445474, 695652.2303997061681 ], [ 4223831.043975139036775, 695652.2303997061681 ], [ 4223804.580845138989389, 695625.767269706120715 ], [ 4223804.580845138989389, 695588.342752357246354 ], [ 4223804.580845138989389, 695550.918235008371994 ], [ 4223804.580845138989389, 695513.493717659497634 ], [ 4223804.580845138989389, 695476.069200310623273 ], [ 4223767.15632779058069, 695476.069200310623273 ], [ 4223729.731810442171991, 695476.069200310623273 ], [ 4223692.307293093763292, 695476.069200310623273 ], [ 4223654.882775745354593, 695476.069200310623273 ], [ 4223617.458258396945894, 695476.069200310623273 ], [ 4223580.033741048537195, 695476.069200310623273 ], [ 4223542.609223700128496, 695476.069200310623273 ], [ 4223505.184706351719797, 695476.069200310623273 ], [ 4223478.721576351672411, 695449.606070310575888 ], [ 4223478.721576351672411, 695412.181552961701527 ], [ 4223478.721576351672411, 695374.757035612827167 ], [ 4223478.721576351672411, 695337.332518263952807 ], [ 4223478.721576351672411, 695299.908000915078446 ], [ 4223441.297059003263712, 695299.908000915078446 ], [ 4223403.872541654855013, 695299.908000915078446 ], [ 4223366.448024306446314, 695299.908000915078446 ], [ 4223329.023506958037615, 695299.908000915078446 ], [ 4223302.560376957990229, 695273.444870915031061 ], [ 4223302.560376957990229, 695236.0203535661567 ], [ 4223302.560376957990229, 695198.59583621728234 ], [ 4223302.560376957990229, 695161.17131886840798 ], [ 4223276.097246957942843, 695134.708188868360594 ], [ 4223238.672729609534144, 695134.708188868360594 ], [ 4223201.248212261125445, 695134.708188868360594 ], [ 4223163.823694912716746, 695134.708188868360594 ], [ 4223137.360564912669361, 695108.245058868313208 ], [ 4223137.360564912669361, 695070.820541519438848 ], [ 4223137.360564912669361, 695033.396024170564488 ], [ 4223137.360564912669361, 694995.971506821690127 ], [ 4223110.897434912621975, 694969.508376821642742 ], [ 4223073.472917564213276, 694969.508376821642742 ], [ 4223036.048400215804577, 694969.508376821642742 ], [ 4222998.623882867395878, 694969.508376821642742 ], [ 4222961.199365518987179, 694969.508376821642742 ], [ 4222923.77484817057848, 694969.508376821642742 ], [ 4222886.350330822169781, 694969.508376821642742 ], [ 4222848.925813473761082, 694969.508376821642742 ], [ 4222811.501296125352383, 694969.508376821642742 ], [ 4222774.076778776943684, 694969.508376821642742 ], [ 4222736.652261428534985, 694969.508376821642742 ], [ 4222699.227744080126286, 694969.508376821642742 ], [ 4222672.7646140800789, 694943.045246821595356 ], [ 4222672.7646140800789, 694905.620729472720996 ], [ 4222672.7646140800789, 694868.196212123846635 ], [ 4222672.7646140800789, 694830.771694774972275 ], [ 4222672.7646140800789, 694793.347177426097915 ], [ 4222672.7646140800789, 694755.922660077223554 ], [ 4222672.7646140800789, 694718.498142728349194 ], [ 4222672.7646140800789, 694681.073625379474834 ], [ 4222672.7646140800789, 694643.649108030600473 ], [ 4222635.340096731670201, 694643.649108030600473 ], [ 4222597.915579383261502, 694643.649108030600473 ], [ 4222560.491062034852803, 694643.649108030600473 ], [ 4222523.066544686444104, 694643.649108030600473 ], [ 4222485.642027338035405, 694643.649108030600473 ], [ 4222448.217509989626706, 694643.649108030600473 ], [ 4222410.792992641218007, 694643.649108030600473 ], [ 4222373.368475292809308, 694643.649108030600473 ], [ 4222335.943957944400609, 694643.649108030600473 ], [ 4222298.51944059599191, 694643.649108030600473 ], [ 4222261.09492324758321, 694643.649108030600473 ], [ 4222223.670405899174511, 694643.649108030600473 ], [ 4222186.245888550765812, 694643.649108030600473 ], [ 4222148.821371202357113, 694643.649108030600473 ], [ 4222111.396853853948414, 694643.649108030600473 ], [ 4222073.972336505539715, 694643.649108030600473 ], [ 4222036.547819157131016, 694643.649108030600473 ], [ 4221999.123301808722317, 694643.649108030600473 ], [ 4221961.698784460313618, 694643.649108030600473 ], [ 4221924.274267111904919, 694643.649108030600473 ], [ 4221886.84974976349622, 694643.649108030600473 ], [ 4221849.425232415087521, 694643.649108030600473 ], [ 4221812.000715066678822, 694643.649108030600473 ], [ 4221774.576197718270123, 694643.649108030600473 ], [ 4221737.151680369861424, 694643.649108030600473 ], [ 4221699.727163021452725, 694643.649108030600473 ], [ 4221662.302645673044026, 694643.649108030600473 ], [ 4221624.878128324635327, 694643.649108030600473 ], [ 4221587.453610976226628, 694643.649108030600473 ], [ 4221550.029093627817929, 694643.649108030600473 ], [ 4221512.60457627940923, 694643.649108030600473 ], [ 4221475.180058931000531, 694643.649108030600473 ], [ 4221437.755541582591832, 694643.649108030600473 ], [ 4221400.331024234183133, 694643.649108030600473 ], [ 4221362.906506885774434, 694643.649108030600473 ], [ 4221325.481989537365735, 694643.649108030600473 ], [ 4221288.057472188957036, 694643.649108030600473 ], [ 4221250.632954840548337, 694643.649108030600473 ], [ 4221213.208437492139637, 694643.649108030600473 ], [ 4221175.783920143730938, 694643.649108030600473 ], [ 4221138.359402795322239, 694643.649108030600473 ], [ 4221100.93488544691354, 694643.649108030600473 ], [ 4221063.510368098504841, 694643.649108030600473 ], [ 4221026.085850750096142, 694643.649108030600473 ], [ 4220988.661333401687443, 694643.649108030600473 ], [ 4220951.236816053278744, 694643.649108030600473 ], [ 4220913.812298704870045, 694643.649108030600473 ], [ 4220876.387781356461346, 694643.649108030600473 ], [ 4220838.963264008052647, 694643.649108030600473 ], [ 4220801.538746659643948, 694643.649108030600473 ], [ 4220764.114229311235249, 694643.649108030600473 ], [ 4220726.68971196282655, 694643.649108030600473 ], [ 4220689.265194614417851, 694643.649108030600473 ], [ 4220651.840677266009152, 694643.649108030600473 ], [ 4220614.416159917600453, 694643.649108030600473 ], [ 4220576.991642569191754, 694643.649108030600473 ], [ 4220539.567125220783055, 694643.649108030600473 ], [ 4220502.142607872374356, 694643.649108030600473 ], [ 4220464.718090523965657, 694643.649108030600473 ], [ 4220427.293573175556958, 694643.649108030600473 ], [ 4220389.869055827148259, 694643.649108030600473 ], [ 4220363.405925827100873, 694617.185978030553088 ], [ 4220363.405925827100873, 694579.761460681678727 ], [ 4220363.405925827100873, 694542.336943332804367 ], [ 4220363.405925827100873, 694504.912425983930007 ], [ 4220336.942795827053487, 694478.449295983882621 ], [ 4220299.518278478644788, 694478.449295983882621 ], [ 4220262.093761130236089, 694478.449295983882621 ], [ 4220224.66924378182739, 694478.449295983882621 ], [ 4220187.244726433418691, 694478.449295983882621 ], [ 4220187.244726433418691, 694441.024778635008261 ], [ 4220187.244726433418691, 694403.6002612861339 ], [ 4220187.244726433418691, 694366.17574393725954 ], [ 4220187.244726433418691, 694328.75122658838518 ], [ 4220187.244726433418691, 694291.326709239510819 ], [ 4220187.244726433418691, 694253.902191890636459 ], [ 4220187.244726433418691, 694216.477674541762099 ], [ 4220187.244726433418691, 694179.053157192887738 ], [ 4220187.244726433418691, 694141.628639844013378 ], [ 4220149.820209085009992, 694141.628639844013378 ], [ 4220112.395691736601293, 694141.628639844013378 ], [ 4220074.971174388192594, 694141.628639844013378 ], [ 4220037.546657039783895, 694141.628639844013378 ], [ 4220037.546657039783895, 694179.053157192887738 ], [ 4220037.546657039783895, 694216.477674541762099 ], [ 4220037.546657039783895, 694253.902191890636459 ], [ 4220037.546657039783895, 694291.326709239510819 ], [ 4220011.083527039736509, 694317.789839239558205 ], [ 4219973.65900969132781, 694317.789839239558205 ], [ 4219936.234492342919111, 694317.789839239558205 ], [ 4219898.809974994510412, 694317.789839239558205 ], [ 4219861.385457646101713, 694317.789839239558205 ], [ 4219823.960940297693014, 694317.789839239558205 ], [ 4219786.536422949284315, 694317.789839239558205 ], [ 4219749.111905600875616, 694317.789839239558205 ], [ 4219711.687388252466917, 694317.789839239558205 ], [ 4219674.262870904058218, 694317.789839239558205 ], [ 4219636.838353555649519, 694317.789839239558205 ], [ 4219599.41383620724082, 694317.789839239558205 ], [ 4219561.989318858832121, 694317.789839239558205 ], [ 4219524.564801510423422, 694317.789839239558205 ], [ 4219524.564801510423422, 694280.365321890683845 ], [ 4219524.564801510423422, 694242.940804541809484 ], [ 4219524.564801510423422, 694205.516287192935124 ], [ 4219524.564801510423422, 694168.091769844060764 ], [ 4219524.564801510423422, 694130.667252495186403 ], [ 4219524.564801510423422, 694093.242735146312043 ], [ 4219524.564801510423422, 694055.818217797437683 ], [ 4219524.564801510423422, 694018.393700448563322 ], [ 4219524.564801510423422, 693980.969183099688962 ], [ 4219524.564801510423422, 693943.544665750814602 ], [ 4219524.564801510423422, 693906.120148401940241 ], [ 4219524.564801510423422, 693868.695631053065881 ], [ 4219524.564801510423422, 693831.271113704191521 ], [ 4219487.140284162014723, 693831.271113704191521 ], [ 4219449.715766813606024, 693831.271113704191521 ], [ 4219412.291249465197325, 693831.271113704191521 ], [ 4219374.866732116788626, 693831.271113704191521 ], [ 4219374.866732116788626, 693868.695631053065881 ], [ 4219374.866732116788626, 693906.120148401940241 ], [ 4219374.866732116788626, 693943.544665750814602 ], [ 4219374.866732116788626, 693980.969183099688962 ], [ 4219374.866732116788626, 694018.393700448563322 ], [ 4219374.866732116788626, 694055.818217797437683 ], [ 4219374.866732116788626, 694093.242735146312043 ], [ 4219374.866732116788626, 694130.667252495186403 ], [ 4219348.40360211674124, 694157.130382495233789 ], [ 4219310.979084768332541, 694157.130382495233789 ], [ 4219273.554567419923842, 694157.130382495233789 ], [ 4219236.130050071515143, 694157.130382495233789 ], [ 4219198.705532723106444, 694157.130382495233789 ], [ 4219161.281015374697745, 694157.130382495233789 ], [ 4219123.856498026289046, 694157.130382495233789 ], [ 4219086.431980677880347, 694157.130382495233789 ], [ 4219049.007463329471648, 694157.130382495233789 ], [ 4219049.007463329471648, 694119.705865146359429 ], [ 4219049.007463329471648, 694082.281347797485068 ], [ 4219049.007463329471648, 694044.856830448610708 ], [ 4219049.007463329471648, 694007.432313099736348 ], [ 4219022.544333329424262, 693980.969183099688962 ], [ 4218985.119815981015563, 693980.969183099688962 ], [ 4218947.695298632606864, 693980.969183099688962 ], [ 4218910.270781284198165, 693980.969183099688962 ], [ 4218883.807651284150779, 693954.506053099641576 ], [ 4218883.807651284150779, 693917.081535750767216 ], [ 4218883.807651284150779, 693879.657018401892856 ], [ 4218883.807651284150779, 693842.232501053018495 ], [ 4218857.344521284103394, 693815.76937105297111 ], [ 4218819.920003935694695, 693815.76937105297111 ], [ 4218782.495486587285995, 693815.76937105297111 ], [ 4218745.070969238877296, 693815.76937105297111 ], [ 4218707.646451890468597, 693815.76937105297111 ], [ 4218707.646451890468597, 693778.344853704096749 ], [ 4218707.646451890468597, 693740.920336355222389 ], [ 4218707.646451890468597, 693703.495819006348029 ], [ 4218707.646451890468597, 693666.071301657473668 ], [ 4218670.221934542059898, 693666.071301657473668 ], [ 4218632.797417193651199, 693666.071301657473668 ], [ 4218595.3728998452425, 693666.071301657473668 ], [ 4218557.948382496833801, 693666.071301657473668 ], [ 4218520.523865148425102, 693666.071301657473668 ], [ 4218483.099347800016403, 693666.071301657473668 ], [ 4218445.674830451607704, 693666.071301657473668 ], [ 4218408.250313103199005, 693666.071301657473668 ], [ 4218370.825795754790306, 693666.071301657473668 ], [ 4218333.401278406381607, 693666.071301657473668 ], [ 4218295.976761057972908, 693666.071301657473668 ], [ 4218258.552243709564209, 693666.071301657473668 ], [ 4218221.12772636115551, 693666.071301657473668 ], [ 4218183.703209012746811, 693666.071301657473668 ], [ 4218146.278691664338112, 693666.071301657473668 ], [ 4218108.854174315929413, 693666.071301657473668 ], [ 4218071.429656967520714, 693666.071301657473668 ], [ 4218034.005139619112015, 693666.071301657473668 ], [ 4217996.580622270703316, 693666.071301657473668 ], [ 4217959.156104922294617, 693666.071301657473668 ], [ 4217921.731587573885918, 693666.071301657473668 ], [ 4217884.307070225477219, 693666.071301657473668 ], [ 4217846.88255287706852, 693666.071301657473668 ], [ 4217809.458035528659821, 693666.071301657473668 ], [ 4217772.033518180251122, 693666.071301657473668 ], [ 4217734.609000831842422, 693666.071301657473668 ], [ 4217708.145870831795037, 693639.608171657426283 ], [ 4217708.145870831795037, 693602.183654308551922 ], [ 4217708.145870831795037, 693564.759136959677562 ], [ 4217708.145870831795037, 693527.334619610803202 ], [ 4217708.145870831795037, 693489.910102261928841 ], [ 4217708.145870831795037, 693452.485584913054481 ], [ 4217708.145870831795037, 693415.061067564180121 ], [ 4217708.145870831795037, 693377.636550215305761 ], [ 4217708.145870831795037, 693340.2120328664314 ], [ 4217681.682740831747651, 693313.748902866384014 ], [ 4217644.258223483338952, 693313.748902866384014 ], [ 4217606.833706134930253, 693313.748902866384014 ], [ 4217569.409188786521554, 693313.748902866384014 ], [ 4217569.409188786521554, 693276.324385517509654 ], [ 4217569.409188786521554, 693238.899868168635294 ], [ 4217569.409188786521554, 693201.475350819760934 ], [ 4217569.409188786521554, 693164.050833470886573 ], [ 4217531.984671438112855, 693164.050833470886573 ], [ 4217494.560154089704156, 693164.050833470886573 ], [ 4217457.135636741295457, 693164.050833470886573 ], [ 4217419.711119392886758, 693164.050833470886573 ], [ 4217393.247989392839372, 693137.587703470839188 ], [ 4217393.247989392839372, 693100.163186121964827 ], [ 4217393.247989392839372, 693062.738668773090467 ], [ 4217393.247989392839372, 693025.314151424216107 ], [ 4217393.247989392839372, 692987.889634075341746 ], [ 4217355.823472044430673, 692987.889634075341746 ], [ 4217318.398954696021974, 692987.889634075341746 ], [ 4217280.974437347613275, 692987.889634075341746 ], [ 4217243.549919999204576, 692987.889634075341746 ], [ 4217206.125402650795877, 692987.889634075341746 ], [ 4217168.700885302387178, 692987.889634075341746 ], [ 4217131.276367953978479, 692987.889634075341746 ], [ 4217093.85185060556978, 692987.889634075341746 ], [ 4217067.388720605522394, 692961.426504075294361 ], [ 4217067.388720605522394, 692924.00198672642 ], [ 4217067.388720605522394, 692886.57746937754564 ], [ 4217067.388720605522394, 692849.15295202867128 ], [ 4217040.925590605475008, 692822.689822028623894 ], [ 4217003.501073257066309, 692822.689822028623894 ], [ 4216966.07655590865761, 692822.689822028623894 ], [ 4216928.652038560248911, 692822.689822028623894 ], [ 4216891.227521211840212, 692822.689822028623894 ], [ 4216853.803003863431513, 692822.689822028623894 ], [ 4216816.378486515022814, 692822.689822028623894 ], [ 4216778.953969166614115, 692822.689822028623894 ], [ 4216741.529451818205416, 692822.689822028623894 ], [ 4216704.104934469796717, 692822.689822028623894 ], [ 4216666.680417121388018, 692822.689822028623894 ], [ 4216629.255899772979319, 692822.689822028623894 ], [ 4216591.83138242457062, 692822.689822028623894 ], [ 4216591.83138242457062, 692785.265304679749534 ], [ 4216591.83138242457062, 692747.840787330875173 ], [ 4216591.83138242457062, 692710.416269982000813 ], [ 4216591.83138242457062, 692672.991752633126453 ], [ 4216591.83138242457062, 692635.567235284252092 ], [ 4216591.83138242457062, 692598.142717935377732 ], [ 4216591.83138242457062, 692560.718200586503372 ], [ 4216591.83138242457062, 692523.293683237629011 ], [ 4216591.83138242457062, 692485.869165888754651 ], [ 4216591.83138242457062, 692448.444648539880291 ], [ 4216591.83138242457062, 692411.02013119100593 ], [ 4216591.83138242457062, 692373.59561384213157 ], [ 4216591.83138242457062, 692336.17109649325721 ], [ 4216554.406865076161921, 692336.17109649325721 ], [ 4216516.982347727753222, 692336.17109649325721 ], [ 4216479.557830379344523, 692336.17109649325721 ], [ 4216442.133313030935824, 692336.17109649325721 ], [ 4216404.708795682527125, 692336.17109649325721 ], [ 4216404.708795682527125, 692298.746579144382849 ], [ 4216404.708795682527125, 692261.322061795508489 ], [ 4216404.708795682527125, 692223.897544446634129 ], [ 4216404.708795682527125, 692186.473027097759768 ], [ 4216404.708795682527125, 692149.048509748885408 ], [ 4216442.133313030935824, 692149.048509748885408 ], [ 4216479.557830379344523, 692149.048509748885408 ], [ 4216516.982347727753222, 692149.048509748885408 ], [ 4216554.406865076161921, 692149.048509748885408 ], [ 4216591.83138242457062, 692149.048509748885408 ], [ 4216591.83138242457062, 692111.623992400011048 ], [ 4216591.83138242457062, 692074.199475051136687 ], [ 4216591.83138242457062, 692036.774957702262327 ], [ 4216591.83138242457062, 691999.350440353387967 ], [ 4216591.83138242457062, 691961.925923004513606 ], [ 4216591.83138242457062, 691924.501405655639246 ], [ 4216591.83138242457062, 691887.076888306764886 ], [ 4216591.83138242457062, 691849.652370957890525 ], [ 4216554.406865076161921, 691849.652370957890525 ], [ 4216516.982347727753222, 691849.652370957890525 ], [ 4216479.557830379344523, 691849.652370957890525 ], [ 4216442.133313030935824, 691849.652370957890525 ], [ 4216404.708795682527125, 691849.652370957890525 ], [ 4216404.708795682527125, 691812.227853609016165 ], [ 4216404.708795682527125, 691774.803336260141805 ], [ 4216404.708795682527125, 691737.378818911267444 ], [ 4216404.708795682527125, 691699.954301562393084 ], [ 4216404.708795682527125, 691662.529784213518724 ], [ 4216404.708795682527125, 691625.105266864644364 ], [ 4216404.708795682527125, 691587.680749515770003 ], [ 4216404.708795682527125, 691550.256232166895643 ], [ 4216404.708795682527125, 691512.831714818021283 ], [ 4216367.284278334118426, 691512.831714818021283 ], [ 4216329.859760985709727, 691512.831714818021283 ], [ 4216292.435243637301028, 691512.831714818021283 ], [ 4216255.010726288892329, 691512.831714818021283 ], [ 4216228.547596288844943, 691486.368584817973897 ], [ 4216228.547596288844943, 691448.944067469099537 ], [ 4216228.547596288844943, 691411.519550120225176 ], [ 4216228.547596288844943, 691374.095032771350816 ], [ 4216228.547596288844943, 691336.670515422476456 ], [ 4216228.547596288844943, 691299.245998073602095 ], [ 4216228.547596288844943, 691261.821480724727735 ], [ 4216228.547596288844943, 691224.396963375853375 ], [ 4216228.547596288844943, 691186.972446026979014 ], [ 4216191.123078940436244, 691186.972446026979014 ], [ 4216153.698561592027545, 691186.972446026979014 ], [ 4216116.274044243618846, 691186.972446026979014 ], [ 4216089.81091424357146, 691160.509316026931629 ], [ 4216089.81091424357146, 691123.084798678057268 ], [ 4216089.81091424357146, 691085.660281329182908 ], [ 4216089.81091424357146, 691048.235763980308548 ], [ 4216089.81091424357146, 691010.811246631434187 ], [ 4216089.81091424357146, 690973.386729282559827 ], [ 4216089.81091424357146, 690935.962211933685467 ], [ 4216089.81091424357146, 690898.537694584811106 ], [ 4216089.81091424357146, 690861.113177235936746 ], [ 4216089.81091424357146, 690823.688659887062386 ], [ 4216127.235431591980159, 690823.688659887062386 ], [ 4216164.659948940388858, 690823.688659887062386 ], [ 4216202.084466288797557, 690823.688659887062386 ], [ 4216239.508983637206256, 690823.688659887062386 ], [ 4216239.508983637206256, 690786.264142538188025 ], [ 4216239.508983637206256, 690748.839625189313665 ], [ 4216239.508983637206256, 690711.415107840439305 ], [ 4216239.508983637206256, 690673.990590491564944 ], [ 4216202.084466288797557, 690673.990590491564944 ], [ 4216164.659948940388858, 690673.990590491564944 ], [ 4216127.235431591980159, 690673.990590491564944 ], [ 4216089.81091424357146, 690673.990590491564944 ], [ 4216052.386396895162761, 690673.990590491564944 ], [ 4216014.961879546754062, 690673.990590491564944 ], [ 4215977.537362198345363, 690673.990590491564944 ], [ 4215940.112844849936664, 690673.990590491564944 ], [ 4215913.649714849889278, 690647.527460491517559 ], [ 4215913.649714849889278, 690610.102943142643198 ], [ 4215913.649714849889278, 690572.678425793768838 ], [ 4215913.649714849889278, 690535.253908444894478 ], [ 4215913.649714849889278, 690497.829391096020117 ], [ 4215913.649714849889278, 690460.404873747145757 ], [ 4215913.649714849889278, 690422.980356398271397 ], [ 4215913.649714849889278, 690385.555839049397036 ], [ 4215913.649714849889278, 690348.131321700522676 ], [ 4215876.225197501480579, 690348.131321700522676 ], [ 4215838.80068015307188, 690348.131321700522676 ], [ 4215801.376162804663181, 690348.131321700522676 ], [ 4215763.951645456254482, 690348.131321700522676 ], [ 4215726.527128107845783, 690348.131321700522676 ], [ 4215689.102610759437084, 690348.131321700522676 ], [ 4215651.678093411028385, 690348.131321700522676 ], [ 4215614.253576062619686, 690348.131321700522676 ], [ 4215587.7904460625723, 690321.66819170047529 ], [ 4215587.7904460625723, 690284.24367435160093 ], [ 4215587.7904460625723, 690246.81915700272657 ], [ 4215587.7904460625723, 690209.394639653852209 ], [ 4215587.7904460625723, 690171.970122304977849 ], [ 4215587.7904460625723, 690134.545604956103489 ], [ 4215587.7904460625723, 690097.121087607229128 ], [ 4215587.7904460625723, 690059.696570258354768 ], [ 4215587.7904460625723, 690022.272052909480408 ], [ 4215587.7904460625723, 689984.847535560606048 ], [ 4215587.7904460625723, 689947.423018211731687 ], [ 4215587.7904460625723, 689909.998500862857327 ], [ 4215587.7904460625723, 689872.573983513982967 ], [ 4215587.7904460625723, 689835.149466165108606 ], [ 4215587.7904460625723, 689797.724948816234246 ], [ 4215587.7904460625723, 689760.300431467359886 ], [ 4215587.7904460625723, 689722.875914118485525 ], [ 4215587.7904460625723, 689685.451396769611165 ], [ 4215587.7904460625723, 689648.026879420736805 ], [ 4215587.7904460625723, 689610.602362071862444 ], [ 4215587.7904460625723, 689573.177844722988084 ], [ 4215587.7904460625723, 689535.753327374113724 ], [ 4215587.7904460625723, 689498.328810025239363 ], [ 4215587.7904460625723, 689460.904292676365003 ], [ 4215587.7904460625723, 689423.479775327490643 ], [ 4215587.7904460625723, 689386.055257978616282 ], [ 4215587.7904460625723, 689348.630740629741922 ], [ 4215587.7904460625723, 689311.206223280867562 ], [ 4215587.7904460625723, 689273.781705931993201 ], [ 4215587.7904460625723, 689236.357188583118841 ], [ 4215587.7904460625723, 689198.932671234244481 ], [ 4215587.7904460625723, 689161.50815388537012 ], [ 4215587.7904460625723, 689124.08363653649576 ], [ 4215587.7904460625723, 689086.6591191876214 ], [ 4215587.7904460625723, 689049.234601838747039 ], [ 4215587.7904460625723, 689011.810084489872679 ], [ 4215625.214963410980999, 689011.810084489872679 ], [ 4215662.639480759389699, 689011.810084489872679 ], [ 4215700.063998107798398, 689011.810084489872679 ], [ 4215737.488515456207097, 689011.810084489872679 ], [ 4215763.951645456254482, 688985.346954489825293 ], [ 4215763.951645456254482, 688947.922437140950933 ], [ 4215763.951645456254482, 688910.497919792076573 ], [ 4215763.951645456254482, 688873.073402443202212 ], [ 4215790.414775456301868, 688846.610272443154827 ], [ 4215827.839292804710567, 688846.610272443154827 ], [ 4215865.263810153119266, 688846.610272443154827 ], [ 4215902.688327501527965, 688846.610272443154827 ], [ 4215929.151457501575351, 688820.147142443107441 ], [ 4215929.151457501575351, 688782.722625094233081 ], [ 4215929.151457501575351, 688745.29810774535872 ], [ 4215929.151457501575351, 688707.87359039648436 ], [ 4215955.614587501622736, 688681.410460396436974 ], [ 4215993.039104850031435, 688681.410460396436974 ], [ 4216030.463622198440135, 688681.410460396436974 ], [ 4216067.888139546848834, 688681.410460396436974 ], [ 4216067.888139546848834, 688643.985943047562614 ], [ 4216067.888139546848834, 688606.561425698688254 ], [ 4216067.888139546848834, 688569.136908349813893 ], [ 4216067.888139546848834, 688531.712391000939533 ], [ 4216094.351269546896219, 688505.249261000892147 ], [ 4216131.775786895304918, 688505.249261000892147 ], [ 4216169.200304243713617, 688505.249261000892147 ], [ 4216206.624821592122316, 688505.249261000892147 ], [ 4216244.049338940531015, 688505.249261000892147 ], [ 4216244.049338940531015, 688467.824743652017787 ], [ 4216244.049338940531015, 688430.400226303143427 ], [ 4216244.049338940531015, 688392.975708954269066 ], [ 4216244.049338940531015, 688355.551191605394706 ], [ 4216244.049338940531015, 688318.126674256520346 ], [ 4216244.049338940531015, 688280.702156907645985 ], [ 4216244.049338940531015, 688243.277639558771625 ], [ 4216244.049338940531015, 688205.853122209897265 ], [ 4216206.624821592122316, 688205.853122209897265 ], [ 4216169.200304243713617, 688205.853122209897265 ], [ 4216131.775786895304918, 688205.853122209897265 ], [ 4216094.351269546896219, 688205.853122209897265 ], [ 4216067.888139546848834, 688179.389992209849879 ], [ 4216067.888139546848834, 688141.965474860975519 ], [ 4216067.888139546848834, 688104.540957512101158 ], [ 4216067.888139546848834, 688067.116440163226798 ], [ 4216067.888139546848834, 688029.691922814352438 ], [ 4216030.463622198440135, 688029.691922814352438 ], [ 4215993.039104850031435, 688029.691922814352438 ], [ 4215955.614587501622736, 688029.691922814352438 ], [ 4215929.151457501575351, 688003.228792814305052 ], [ 4215929.151457501575351, 687965.804275465430692 ], [ 4215929.151457501575351, 687928.379758116556332 ], [ 4215929.151457501575351, 687890.955240767681971 ], [ 4215929.151457501575351, 687853.530723418807611 ], [ 4215929.151457501575351, 687816.106206069933251 ], [ 4215929.151457501575351, 687778.68168872105889 ], [ 4215929.151457501575351, 687741.25717137218453 ], [ 4215929.151457501575351, 687703.83265402331017 ], [ 4215891.726940153166652, 687703.83265402331017 ], [ 4215854.302422804757953, 687703.83265402331017 ], [ 4215816.877905456349254, 687703.83265402331017 ], [ 4215779.453388107940555, 687703.83265402331017 ], [ 4215742.028870759531856, 687703.83265402331017 ], [ 4215704.604353411123157, 687703.83265402331017 ], [ 4215667.179836062714458, 687703.83265402331017 ], [ 4215629.755318714305758, 687703.83265402331017 ], [ 4215592.330801365897059, 687703.83265402331017 ], [ 4215565.867671365849674, 687677.369524023262784 ], [ 4215565.867671365849674, 687639.945006674388424 ], [ 4215565.867671365849674, 687602.520489325514063 ], [ 4215565.867671365849674, 687565.095971976639703 ], [ 4215565.867671365849674, 687527.671454627765343 ], [ 4215565.867671365849674, 687490.246937278890982 ], [ 4215565.867671365849674, 687452.822419930016622 ], [ 4215565.867671365849674, 687415.397902581142262 ], [ 4215565.867671365849674, 687377.973385232267901 ], [ 4215528.443154017440975, 687377.973385232267901 ], [ 4215491.018636669032276, 687377.973385232267901 ], [ 4215453.594119320623577, 687377.973385232267901 ], [ 4215453.594119320623577, 687415.397902581142262 ], [ 4215453.594119320623577, 687452.822419930016622 ], [ 4215453.594119320623577, 687490.246937278890982 ], [ 4215453.594119320623577, 687527.671454627765343 ], [ 4215416.169601972214878, 687527.671454627765343 ], [ 4215378.745084623806179, 687527.671454627765343 ], [ 4215341.32056727539748, 687527.671454627765343 ], [ 4215303.89604992698878, 687527.671454627765343 ], [ 4215266.471532578580081, 687527.671454627765343 ], [ 4215266.471532578580081, 687490.246937278890982 ], [ 4215266.471532578580081, 687452.822419930016622 ], [ 4215266.471532578580081, 687415.397902581142262 ], [ 4215266.471532578580081, 687377.973385232267901 ], [ 4215266.471532578580081, 687340.548867883393541 ], [ 4215266.471532578580081, 687303.124350534519181 ], [ 4215266.471532578580081, 687265.69983318564482 ], [ 4215266.471532578580081, 687228.27531583677046 ], [ 4215266.471532578580081, 687190.8507984878961 ], [ 4215266.471532578580081, 687153.426281139021739 ], [ 4215266.471532578580081, 687116.001763790147379 ], [ 4215266.471532578580081, 687078.577246441273019 ], [ 4215266.471532578580081, 687041.152729092398658 ], [ 4215266.471532578580081, 687003.728211743524298 ], [ 4215266.471532578580081, 686966.303694394649938 ], [ 4215266.471532578580081, 686928.879177045775577 ], [ 4215266.471532578580081, 686891.454659696901217 ], [ 4215266.471532578580081, 686854.030142348026857 ], [ 4215266.471532578580081, 686816.605624999152496 ], [ 4215266.471532578580081, 686779.181107650278136 ], [ 4215266.471532578580081, 686741.756590301403776 ], [ 4215266.471532578580081, 686704.332072952529415 ], [ 4215229.047015230171382, 686704.332072952529415 ], [ 4215191.622497881762683, 686704.332072952529415 ], [ 4215154.197980533353984, 686704.332072952529415 ], [ 4215116.773463184945285, 686704.332072952529415 ], [ 4215079.348945836536586, 686704.332072952529415 ], [ 4215041.924428488127887, 686704.332072952529415 ], [ 4215004.499911139719188, 686704.332072952529415 ], [ 4214967.075393791310489, 686704.332072952529415 ], [ 4214929.65087644290179, 686704.332072952529415 ], [ 4214903.187746442854404, 686677.86894295248203 ], [ 4214903.187746442854404, 686640.444425603607669 ], [ 4214903.187746442854404, 686603.019908254733309 ], [ 4214903.187746442854404, 686565.595390905858949 ], [ 4214903.187746442854404, 686528.170873556984589 ], [ 4214903.187746442854404, 686490.746356208110228 ], [ 4214903.187746442854404, 686453.321838859235868 ], [ 4214903.187746442854404, 686415.897321510361508 ], [ 4214903.187746442854404, 686378.472804161487147 ], [ 4214865.763229094445705, 686378.472804161487147 ], [ 4214828.338711746037006, 686378.472804161487147 ], [ 4214790.914194397628307, 686378.472804161487147 ], [ 4214753.489677049219608, 686378.472804161487147 ], [ 4214716.065159700810909, 686378.472804161487147 ], [ 4214678.64064235240221, 686378.472804161487147 ], [ 4214641.216125003993511, 686378.472804161487147 ], [ 4214603.791607655584812, 686378.472804161487147 ], [ 4214566.367090307176113, 686378.472804161487147 ], [ 4214528.942572958767414, 686378.472804161487147 ], [ 4214491.518055610358715, 686378.472804161487147 ], [ 4214454.093538261950016, 686378.472804161487147 ], [ 4214416.669020913541317, 686378.472804161487147 ], [ 4214379.244503565132618, 686378.472804161487147 ], [ 4214341.819986216723919, 686378.472804161487147 ], [ 4214304.39546886831522, 686378.472804161487147 ], [ 4214266.970951519906521, 686378.472804161487147 ], [ 4214229.546434171497822, 686378.472804161487147 ], [ 4214192.121916823089123, 686378.472804161487147 ], [ 4214154.697399474680424, 686378.472804161487147 ], [ 4214117.272882126271725, 686378.472804161487147 ], [ 4214090.809752126224339, 686352.009674161439762 ], [ 4214090.809752126224339, 686314.585156812565401 ], [ 4214090.809752126224339, 686277.160639463691041 ], [ 4214090.809752126224339, 686239.736122114816681 ], [ 4214090.809752126224339, 686202.31160476594232 ], [ 4214053.38523477781564, 686202.31160476594232 ], [ 4214015.960717429406941, 686202.31160476594232 ], [ 4213978.536200080998242, 686202.31160476594232 ], [ 4213941.111682732589543, 686202.31160476594232 ], [ 4213941.111682732589543, 686164.88708741706796 ], [ 4213941.111682732589543, 686127.4625700681936 ], [ 4213941.111682732589543, 686090.038052719319239 ], [ 4213941.111682732589543, 686052.613535370444879 ], [ 4213941.111682732589543, 686015.189018021570519 ], [ 4213941.111682732589543, 685977.764500672696158 ], [ 4213941.111682732589543, 685940.339983323821798 ], [ 4213941.111682732589543, 685902.915465974947438 ], [ 4213914.648552732542157, 685876.452335974900052 ], [ 4213877.224035384133458, 685876.452335974900052 ], [ 4213839.799518035724759, 685876.452335974900052 ], [ 4213802.37500068731606, 685876.452335974900052 ], [ 4213775.911870687268674, 685849.989205974852666 ], [ 4213775.911870687268674, 685812.564688625978306 ], [ 4213775.911870687268674, 685775.140171277103946 ], [ 4213775.911870687268674, 685737.715653928229585 ], [ 4213775.911870687268674, 685700.291136579355225 ], [ 4213775.911870687268674, 685662.866619230480865 ], [ 4213775.911870687268674, 685625.442101881606504 ], [ 4213775.911870687268674, 685588.017584532732144 ], [ 4213775.911870687268674, 685550.593067183857784 ], [ 4213738.487353338859975, 685550.593067183857784 ], [ 4213701.062835990451276, 685550.593067183857784 ], [ 4213663.638318642042577, 685550.593067183857784 ], [ 4213626.213801293633878, 685550.593067183857784 ], [ 4213588.789283945225179, 685550.593067183857784 ], [ 4213551.36476659681648, 685550.593067183857784 ], [ 4213513.940249248407781, 685550.593067183857784 ], [ 4213476.515731899999082, 685550.593067183857784 ], [ 4213439.091214551590383, 685550.593067183857784 ], [ 4213401.666697203181684, 685550.593067183857784 ], [ 4213364.242179854772985, 685550.593067183857784 ], [ 4213326.817662506364286, 685550.593067183857784 ], [ 4213289.393145157955587, 685550.593067183857784 ], [ 4213251.968627809546888, 685550.593067183857784 ], [ 4213214.544110461138189, 685550.593067183857784 ], [ 4213177.11959311272949, 685550.593067183857784 ], [ 4213139.695075764320791, 685550.593067183857784 ], [ 4213113.231945764273405, 685524.129937183810398 ], [ 4213113.231945764273405, 685486.705419834936038 ], [ 4213113.231945764273405, 685449.280902486061677 ], [ 4213113.231945764273405, 685411.856385137187317 ], [ 4213086.768815764226019, 685385.393255137139931 ], [ 4213049.34429841581732, 685385.393255137139931 ], [ 4213011.919781067408621, 685385.393255137139931 ], [ 4212974.495263718999922, 685385.393255137139931 ], [ 4212937.070746370591223, 685385.393255137139931 ], [ 4212899.646229022182524, 685385.393255137139931 ], [ 4212862.221711673773825, 685385.393255137139931 ], [ 4212824.797194325365126, 685385.393255137139931 ], [ 4212798.33406432531774, 685358.930125137092546 ], [ 4212798.33406432531774, 685321.505607788218185 ], [ 4212798.33406432531774, 685284.081090439343825 ], [ 4212798.33406432531774, 685246.656573090469465 ], [ 4212798.33406432531774, 685209.232055741595104 ], [ 4212798.33406432531774, 685171.807538392720744 ], [ 4212798.33406432531774, 685134.383021043846384 ], [ 4212798.33406432531774, 685096.958503694972023 ], [ 4212798.33406432531774, 685059.533986346097663 ], [ 4212798.33406432531774, 685022.109468997223303 ], [ 4212798.33406432531774, 684984.684951648348942 ], [ 4212798.33406432531774, 684947.260434299474582 ], [ 4212798.33406432531774, 684909.835916950600222 ], [ 4212798.33406432531774, 684872.411399601725861 ], [ 4212798.33406432531774, 684834.986882252851501 ], [ 4212798.33406432531774, 684797.562364903977141 ], [ 4212798.33406432531774, 684760.13784755510278 ], [ 4212798.33406432531774, 684722.71333020622842 ], [ 4212798.33406432531774, 684685.28881285735406 ], [ 4212798.33406432531774, 684647.864295508479699 ], [ 4212798.33406432531774, 684610.439778159605339 ], [ 4212798.33406432531774, 684573.015260810730979 ], [ 4212760.909546976909041, 684573.015260810730979 ], [ 4212723.485029628500342, 684573.015260810730979 ], [ 4212686.060512280091643, 684573.015260810730979 ], [ 4212648.635994931682944, 684573.015260810730979 ], [ 4212611.211477583274245, 684573.015260810730979 ], [ 4212573.786960234865546, 684573.015260810730979 ], [ 4212536.362442886456847, 684573.015260810730979 ], [ 4212498.937925538048148, 684573.015260810730979 ], [ 4212461.513408189639449, 684573.015260810730979 ], [ 4212424.08889084123075, 684573.015260810730979 ], [ 4212386.664373492822051, 684573.015260810730979 ], [ 4212349.239856144413352, 684573.015260810730979 ], [ 4212311.815338796004653, 684573.015260810730979 ], [ 4212285.352208795957267, 684546.552130810683593 ], [ 4212285.352208795957267, 684509.127613461809233 ], [ 4212285.352208795957267, 684471.703096112934873 ], [ 4212285.352208795957267, 684434.278578764060512 ], [ 4212285.352208795957267, 684396.854061415186152 ], [ 4212247.927691447548568, 684396.854061415186152 ], [ 4212210.503174099139869, 684396.854061415186152 ], [ 4212173.07865675073117, 684396.854061415186152 ], [ 4212135.654139402322471, 684396.854061415186152 ], [ 4212098.229622053913772, 684396.854061415186152 ], [ 4212060.805104705505073, 684396.854061415186152 ], [ 4212023.380587357096374, 684396.854061415186152 ], [ 4211985.956070008687675, 684396.854061415186152 ], [ 4211985.956070008687675, 684359.429544066311792 ], [ 4211985.956070008687675, 684322.005026717437431 ], [ 4211985.956070008687675, 684284.580509368563071 ], [ 4211985.956070008687675, 684247.155992019688711 ], [ 4211985.956070008687675, 684209.73147467081435 ], [ 4211985.956070008687675, 684172.30695732193999 ], [ 4211985.956070008687675, 684134.88243997306563 ], [ 4211985.956070008687675, 684097.457922624191269 ], [ 4211985.956070008687675, 684060.033405275316909 ], [ 4211948.531552660278976, 684060.033405275316909 ], [ 4211911.107035311870277, 684060.033405275316909 ], [ 4211873.682517963461578, 684060.033405275316909 ], [ 4211836.258000615052879, 684060.033405275316909 ], [ 4211798.83348326664418, 684060.033405275316909 ], [ 4211798.83348326664418, 684022.608887926442549 ], [ 4211798.83348326664418, 683985.184370577568188 ], [ 4211798.83348326664418, 683947.759853228693828 ], [ 4211798.83348326664418, 683910.335335879819468 ], [ 4211761.408965918235481, 683910.335335879819468 ], [ 4211723.984448569826782, 683910.335335879819468 ], [ 4211686.559931221418083, 683910.335335879819468 ], [ 4211649.135413873009384, 683910.335335879819468 ], [ 4211622.672283872961998, 683883.872205879772082 ], [ 4211622.672283872961998, 683846.447688530897722 ], [ 4211622.672283872961998, 683809.023171182023361 ], [ 4211622.672283872961998, 683771.598653833149001 ], [ 4211622.672283872961998, 683734.174136484274641 ], [ 4211585.247766524553299, 683734.174136484274641 ], [ 4211547.8232491761446, 683734.174136484274641 ], [ 4211510.398731827735901, 683734.174136484274641 ], [ 4211483.935601827688515, 683707.711006484227255 ], [ 4211483.935601827688515, 683670.286489135352895 ], [ 4211483.935601827688515, 683632.861971786478534 ], [ 4211483.935601827688515, 683595.437454437604174 ], [ 4211483.935601827688515, 683558.012937088729814 ], [ 4211483.935601827688515, 683520.588419739855453 ], [ 4211483.935601827688515, 683483.163902390981093 ], [ 4211483.935601827688515, 683445.739385042106733 ], [ 4211483.935601827688515, 683408.314867693232372 ], [ 4211483.935601827688515, 683370.890350344358012 ], [ 4211483.935601827688515, 683333.465832995483652 ], [ 4211483.935601827688515, 683296.041315646609291 ], [ 4211483.935601827688515, 683258.616798297734931 ], [ 4211457.472471827641129, 683232.153668297687545 ], [ 4211420.04795447923243, 683232.153668297687545 ], [ 4211382.623437130823731, 683232.153668297687545 ], [ 4211345.198919782415032, 683232.153668297687545 ], [ 4211318.735789782367647, 683205.69053829764016 ], [ 4211318.735789782367647, 683168.266020948765799 ], [ 4211318.735789782367647, 683130.841503599891439 ], [ 4211318.735789782367647, 683093.416986251017079 ], [ 4211318.735789782367647, 683055.992468902142718 ], [ 4211318.735789782367647, 683018.567951553268358 ], [ 4211318.735789782367647, 682981.143434204393998 ], [ 4211318.735789782367647, 682943.718916855519637 ], [ 4211318.735789782367647, 682906.294399506645277 ], [ 4211318.735789782367647, 682868.869882157770917 ], [ 4211318.735789782367647, 682831.445364808896556 ], [ 4211318.735789782367647, 682794.020847460022196 ], [ 4211318.735789782367647, 682756.596330111147836 ], [ 4211292.272659782320261, 682730.13320011110045 ], [ 4211254.848142433911562, 682730.13320011110045 ], [ 4211217.423625085502863, 682730.13320011110045 ], [ 4211179.999107737094164, 682730.13320011110045 ], [ 4211153.535977737046778, 682703.670070111053064 ], [ 4211153.535977737046778, 682666.245552762178704 ], [ 4211153.535977737046778, 682628.821035413304344 ], [ 4211153.535977737046778, 682591.396518064429983 ], [ 4211127.072847736999393, 682564.933388064382598 ], [ 4211089.648330388590693, 682564.933388064382598 ], [ 4211052.223813040181994, 682564.933388064382598 ], [ 4211014.799295691773295, 682564.933388064382598 ], [ 4210977.374778343364596, 682564.933388064382598 ], [ 4210977.374778343364596, 682527.508870715508237 ], [ 4210977.374778343364596, 682490.084353366633877 ], [ 4210977.374778343364596, 682452.659836017759517 ], [ 4210977.374778343364596, 682415.235318668885157 ], [ 4210977.374778343364596, 682377.810801320010796 ], [ 4210977.374778343364596, 682340.386283971136436 ], [ 4210977.374778343364596, 682302.961766622262076 ], [ 4210977.374778343364596, 682265.537249273387715 ], [ 4210977.374778343364596, 682228.112731924513355 ], [ 4210977.374778343364596, 682190.688214575638995 ], [ 4210977.374778343364596, 682153.263697226764634 ], [ 4210977.374778343364596, 682115.839179877890274 ], [ 4210977.374778343364596, 682078.414662529015914 ], [ 4210977.374778343364596, 682040.990145180141553 ], [ 4210977.374778343364596, 682003.565627831267193 ], [ 4210977.374778343364596, 681966.141110482392833 ], [ 4210977.374778343364596, 681928.716593133518472 ], [ 4210977.374778343364596, 681891.292075784644112 ], [ 4210977.374778343364596, 681853.867558435769752 ], [ 4210977.374778343364596, 681816.443041086895391 ], [ 4210977.374778343364596, 681779.018523738021031 ], [ 4210977.374778343364596, 681741.594006389146671 ], [ 4210977.374778343364596, 681704.16948904027231 ], [ 4210977.374778343364596, 681666.74497169139795 ], [ 4210977.374778343364596, 681629.32045434252359 ], [ 4210977.374778343364596, 681591.895936993649229 ], [ 4210977.374778343364596, 681554.471419644774869 ], [ 4210977.374778343364596, 681517.046902295900509 ], [ 4210977.374778343364596, 681479.622384947026148 ], [ 4210977.374778343364596, 681442.197867598151788 ], [ 4210977.374778343364596, 681404.773350249277428 ], [ 4210977.374778343364596, 681367.348832900403067 ], [ 4210977.374778343364596, 681329.924315551528707 ], [ 4210977.374778343364596, 681292.499798202654347 ], [ 4210977.374778343364596, 681255.075280853779987 ], [ 4210977.374778343364596, 681217.650763504905626 ], [ 4210977.374778343364596, 681180.226246156031266 ], [ 4210977.374778343364596, 681142.801728807156906 ], [ 4210977.374778343364596, 681105.377211458282545 ], [ 4210950.911648343317211, 681078.91408145823516 ], [ 4210913.487130994908512, 681078.91408145823516 ], [ 4210876.062613646499813, 681078.91408145823516 ], [ 4210838.638096298091114, 681078.91408145823516 ], [ 4210801.213578949682415, 681078.91408145823516 ], [ 4210763.789061601273715, 681078.91408145823516 ], [ 4210726.364544252865016, 681078.91408145823516 ], [ 4210688.940026904456317, 681078.91408145823516 ], [ 4210662.476896904408932, 681052.450951458187774 ], [ 4210662.476896904408932, 681015.026434109313414 ], [ 4210662.476896904408932, 680977.601916760439053 ], [ 4210662.476896904408932, 680940.177399411564693 ], [ 4210662.476896904408932, 680902.752882062690333 ], [ 4210662.476896904408932, 680865.328364713815972 ], [ 4210662.476896904408932, 680827.903847364941612 ], [ 4210662.476896904408932, 680790.479330016067252 ], [ 4210662.476896904408932, 680753.054812667192891 ], [ 4210662.476896904408932, 680715.630295318318531 ], [ 4210662.476896904408932, 680678.205777969444171 ], [ 4210662.476896904408932, 680640.78126062056981 ], [ 4210662.476896904408932, 680603.35674327169545 ], [ 4210662.476896904408932, 680565.93222592282109 ], [ 4210662.476896904408932, 680528.507708573946729 ], [ 4210662.476896904408932, 680491.083191225072369 ], [ 4210662.476896904408932, 680453.658673876198009 ], [ 4210662.476896904408932, 680416.234156527323648 ], [ 4210662.476896904408932, 680378.809639178449288 ], [ 4210662.476896904408932, 680341.385121829574928 ], [ 4210662.476896904408932, 680303.960604480700567 ], [ 4210662.476896904408932, 680266.536087131826207 ], [ 4210662.476896904408932, 680229.111569782951847 ], [ 4210662.476896904408932, 680191.687052434077486 ], [ 4210662.476896904408932, 680154.262535085203126 ], [ 4210662.476896904408932, 680116.838017736328766 ], [ 4210662.476896904408932, 680079.413500387454405 ], [ 4210662.476896904408932, 680041.988983038580045 ], [ 4210662.476896904408932, 680004.564465689705685 ], [ 4210662.476896904408932, 679967.139948340831324 ], [ 4210662.476896904408932, 679929.715430991956964 ], [ 4210662.476896904408932, 679892.290913643082604 ], [ 4210662.476896904408932, 679854.866396294208243 ], [ 4210662.476896904408932, 679817.441878945333883 ], [ 4210662.476896904408932, 679780.017361596459523 ], [ 4210636.013766904361546, 679753.554231596412137 ], [ 4210598.589249555952847, 679753.554231596412137 ], [ 4210561.164732207544148, 679753.554231596412137 ], [ 4210523.740214859135449, 679753.554231596412137 ], [ 4210497.277084859088063, 679727.091101596364751 ], [ 4210497.277084859088063, 679689.666584247490391 ], [ 4210497.277084859088063, 679652.242066898616031 ], [ 4210497.277084859088063, 679614.81754954974167 ], [ 4210497.277084859088063, 679577.39303220086731 ], [ 4210497.277084859088063, 679539.96851485199295 ], [ 4210497.277084859088063, 679502.54399750311859 ], [ 4210497.277084859088063, 679465.119480154244229 ], [ 4210497.277084859088063, 679427.694962805369869 ], [ 4210497.277084859088063, 679390.270445456495509 ], [ 4210497.277084859088063, 679352.845928107621148 ], [ 4210497.277084859088063, 679315.421410758746788 ], [ 4210497.277084859088063, 679277.996893409872428 ], [ 4210497.277084859088063, 679240.572376060998067 ], [ 4210497.277084859088063, 679203.147858712123707 ], [ 4210497.277084859088063, 679165.723341363249347 ], [ 4210497.277084859088063, 679128.298824014374986 ], [ 4210497.277084859088063, 679090.874306665500626 ], [ 4210497.277084859088063, 679053.449789316626266 ], [ 4210497.277084859088063, 679016.025271967751905 ], [ 4210497.277084859088063, 678978.600754618877545 ], [ 4210497.277084859088063, 678941.176237270003185 ], [ 4210523.740214859135449, 678914.713107269955799 ], [ 4210561.164732207544148, 678914.713107269955799 ], [ 4210598.589249555952847, 678914.713107269955799 ], [ 4210636.013766904361546, 678914.713107269955799 ], [ 4210662.476896904408932, 678888.249977269908413 ], [ 4210662.476896904408932, 678850.825459921034053 ], [ 4210662.476896904408932, 678813.400942572159693 ], [ 4210662.476896904408932, 678775.976425223285332 ], [ 4210662.476896904408932, 678738.551907874410972 ], [ 4210662.476896904408932, 678701.127390525536612 ], [ 4210662.476896904408932, 678663.702873176662251 ], [ 4210662.476896904408932, 678626.278355827787891 ], [ 4210662.476896904408932, 678588.853838478913531 ], [ 4210662.476896904408932, 678551.42932113003917 ], [ 4210662.476896904408932, 678514.00480378116481 ], [ 4210662.476896904408932, 678476.58028643229045 ], [ 4210662.476896904408932, 678439.155769083416089 ], [ 4210662.476896904408932, 678401.731251734541729 ], [ 4210662.476896904408932, 678364.306734385667369 ], [ 4210662.476896904408932, 678326.882217036793008 ], [ 4210662.476896904408932, 678289.457699687918648 ], [ 4210688.940026904456317, 678262.994569687871262 ], [ 4210726.364544252865016, 678262.994569687871262 ], [ 4210763.789061601273715, 678262.994569687871262 ], [ 4210801.213578949682415, 678262.994569687871262 ], [ 4210801.213578949682415, 678225.570052338996902 ], [ 4210801.213578949682415, 678188.145534990122542 ], [ 4210801.213578949682415, 678150.721017641248181 ], [ 4210801.213578949682415, 678113.296500292373821 ], [ 4210801.213578949682415, 678075.871982943499461 ], [ 4210801.213578949682415, 678038.4474655946251 ], [ 4210801.213578949682415, 678001.02294824575074 ], [ 4210801.213578949682415, 677963.59843089687638 ], [ 4210801.213578949682415, 677926.17391354800202 ], [ 4210838.638096298091114, 677926.17391354800202 ], [ 4210876.062613646499813, 677926.17391354800202 ], [ 4210913.487130994908512, 677926.17391354800202 ], [ 4210950.911648343317211, 677926.17391354800202 ], [ 4210977.374778343364596, 677899.710783547954634 ], [ 4210977.374778343364596, 677862.286266199080274 ], [ 4210977.374778343364596, 677824.861748850205913 ], [ 4210977.374778343364596, 677787.437231501331553 ], [ 4210977.374778343364596, 677750.012714152457193 ], [ 4210977.374778343364596, 677712.588196803582832 ], [ 4210977.374778343364596, 677675.163679454708472 ], [ 4210977.374778343364596, 677637.739162105834112 ], [ 4210977.374778343364596, 677600.314644756959751 ], [ 4210977.374778343364596, 677562.890127408085391 ], [ 4210977.374778343364596, 677525.465610059211031 ], [ 4210977.374778343364596, 677488.04109271033667 ], [ 4210977.374778343364596, 677450.61657536146231 ], [ 4210977.374778343364596, 677413.19205801258795 ], [ 4210977.374778343364596, 677375.767540663713589 ], [ 4210977.374778343364596, 677338.343023314839229 ], [ 4210977.374778343364596, 677300.918505965964869 ], [ 4210977.374778343364596, 677263.493988617090508 ], [ 4210977.374778343364596, 677226.069471268216148 ], [ 4210977.374778343364596, 677188.644953919341788 ], [ 4210977.374778343364596, 677151.220436570467427 ], [ 4210977.374778343364596, 677113.795919221593067 ], [ 4211003.837908343411982, 677087.332789221545681 ], [ 4211041.262425691820681, 677087.332789221545681 ], [ 4211078.68694304022938, 677087.332789221545681 ], [ 4211116.111460388638079, 677087.332789221545681 ], [ 4211153.535977737046778, 677087.332789221545681 ], [ 4211153.535977737046778, 677049.908271872671321 ], [ 4211153.535977737046778, 677012.483754523796961 ], [ 4211153.535977737046778, 676975.0592371749226 ], [ 4211153.535977737046778, 676937.63471982604824 ], [ 4211153.535977737046778, 676900.21020247717388 ], [ 4211153.535977737046778, 676862.785685128299519 ], [ 4211153.535977737046778, 676825.361167779425159 ], [ 4211153.535977737046778, 676787.936650430550799 ], [ 4211153.535977737046778, 676750.512133081676438 ], [ 4211153.535977737046778, 676713.087615732802078 ], [ 4211153.535977737046778, 676675.663098383927718 ], [ 4211153.535977737046778, 676638.238581035053357 ], [ 4211153.535977737046778, 676600.814063686178997 ], [ 4211190.960495085455477, 676600.814063686178997 ], [ 4211228.385012433864176, 676600.814063686178997 ], [ 4211265.809529782272875, 676600.814063686178997 ], [ 4211303.234047130681574, 676600.814063686178997 ], [ 4211303.234047130681574, 676563.389546337304637 ], [ 4211303.234047130681574, 676525.965028988430277 ], [ 4211303.234047130681574, 676488.540511639555916 ], [ 4211303.234047130681574, 676451.115994290681556 ], [ 4211303.234047130681574, 676413.691476941807196 ], [ 4211303.234047130681574, 676376.266959592932835 ], [ 4211303.234047130681574, 676338.842442244058475 ], [ 4211303.234047130681574, 676301.417924895184115 ], [ 4211303.234047130681574, 676263.993407546309754 ], [ 4211303.234047130681574, 676226.568890197435394 ], [ 4211303.234047130681574, 676189.144372848561034 ], [ 4211303.234047130681574, 676151.719855499686673 ], [ 4211303.234047130681574, 676114.295338150812313 ], [ 4211303.234047130681574, 676076.870820801937953 ], [ 4211303.234047130681574, 676039.446303453063592 ], [ 4211303.234047130681574, 676002.021786104189232 ], [ 4211303.234047130681574, 675964.597268755314872 ], [ 4211303.234047130681574, 675927.172751406440511 ], [ 4211303.234047130681574, 675889.748234057566151 ], [ 4211303.234047130681574, 675852.323716708691791 ], [ 4211303.234047130681574, 675814.89919935981743 ], [ 4211303.234047130681574, 675777.47468201094307 ], [ 4211303.234047130681574, 675740.05016466206871 ], [ 4211303.234047130681574, 675702.625647313194349 ], [ 4211303.234047130681574, 675665.201129964319989 ], [ 4211303.234047130681574, 675627.776612615445629 ], [ 4211303.234047130681574, 675590.352095266571268 ], [ 4211303.234047130681574, 675552.927577917696908 ], [ 4211303.234047130681574, 675515.503060568822548 ], [ 4211303.234047130681574, 675478.078543219948187 ], [ 4211329.69717713072896, 675451.615413219900802 ], [ 4211367.121694479137659, 675451.615413219900802 ], [ 4211404.546211827546358, 675451.615413219900802 ], [ 4211441.970729175955057, 675451.615413219900802 ], [ 4211479.395246524363756, 675451.615413219900802 ], [ 4211479.395246524363756, 675414.190895871026441 ], [ 4211479.395246524363756, 675376.766378522152081 ], [ 4211479.395246524363756, 675339.341861173277721 ], [ 4211479.395246524363756, 675301.91734382440336 ], [ 4211479.395246524363756, 675264.492826475529 ], [ 4211479.395246524363756, 675227.06830912665464 ], [ 4211479.395246524363756, 675189.64379177778028 ], [ 4211479.395246524363756, 675152.219274428905919 ], [ 4211479.395246524363756, 675114.794757080031559 ], [ 4211479.395246524363756, 675077.370239731157199 ], [ 4211479.395246524363756, 675039.945722382282838 ], [ 4211479.395246524363756, 675002.521205033408478 ], [ 4211479.395246524363756, 674965.096687684534118 ], [ 4211479.395246524363756, 674927.672170335659757 ], [ 4211479.395246524363756, 674890.247652986785397 ], [ 4211479.395246524363756, 674852.823135637911037 ], [ 4211479.395246524363756, 674815.398618289036676 ], [ 4211479.395246524363756, 674777.974100940162316 ], [ 4211479.395246524363756, 674740.549583591287956 ], [ 4211479.395246524363756, 674703.125066242413595 ], [ 4211479.395246524363756, 674665.700548893539235 ], [ 4211479.395246524363756, 674628.276031544664875 ], [ 4211505.858376524411142, 674601.812901544617489 ], [ 4211543.282893872819841, 674601.812901544617489 ], [ 4211580.70741122122854, 674601.812901544617489 ], [ 4211618.131928569637239, 674601.812901544617489 ], [ 4211644.595058569684625, 674575.349771544570103 ], [ 4211644.595058569684625, 674537.925254195695743 ], [ 4211644.595058569684625, 674500.500736846821383 ], [ 4211644.595058569684625, 674463.076219497947022 ], [ 4211644.595058569684625, 674425.651702149072662 ], [ 4211644.595058569684625, 674388.227184800198302 ], [ 4211644.595058569684625, 674350.802667451323941 ], [ 4211644.595058569684625, 674313.378150102449581 ], [ 4211644.595058569684625, 674275.953632753575221 ], [ 4211644.595058569684625, 674238.52911540470086 ], [ 4211644.595058569684625, 674201.1045980558265 ], [ 4211644.595058569684625, 674163.68008070695214 ], [ 4211644.595058569684625, 674126.255563358077779 ], [ 4211644.595058569684625, 674088.831046009203419 ], [ 4211644.595058569684625, 674051.406528660329059 ], [ 4211644.595058569684625, 674013.982011311454698 ], [ 4211644.595058569684625, 673976.557493962580338 ], [ 4211644.595058569684625, 673939.132976613705978 ], [ 4211644.595058569684625, 673901.708459264831617 ], [ 4211644.595058569684625, 673864.283941915957257 ], [ 4211644.595058569684625, 673826.859424567082897 ], [ 4211644.595058569684625, 673789.434907218208537 ], [ 4211644.595058569684625, 673752.010389869334176 ], [ 4211644.595058569684625, 673714.585872520459816 ], [ 4211644.595058569684625, 673677.161355171585456 ], [ 4211644.595058569684625, 673639.736837822711095 ], [ 4211644.595058569684625, 673602.312320473836735 ], [ 4211644.595058569684625, 673564.887803124962375 ], [ 4211644.595058569684625, 673527.463285776088014 ], [ 4211644.595058569684625, 673490.038768427213654 ], [ 4211607.170541221275926, 673490.038768427213654 ], [ 4211569.746023872867227, 673490.038768427213654 ], [ 4211532.321506524458528, 673490.038768427213654 ], [ 4211494.896989176049829, 673490.038768427213654 ], [ 4211468.433859176002443, 673463.575638427166268 ], [ 4211468.433859176002443, 673426.151121078291908 ], [ 4211468.433859176002443, 673388.726603729417548 ], [ 4211468.433859176002443, 673351.302086380543187 ], [ 4211468.433859176002443, 673313.877569031668827 ], [ 4211468.433859176002443, 673276.453051682794467 ], [ 4211468.433859176002443, 673239.028534333920106 ], [ 4211468.433859176002443, 673201.604016985045746 ], [ 4211468.433859176002443, 673164.179499636171386 ], [ 4211468.433859176002443, 673126.754982287297025 ], [ 4211468.433859176002443, 673089.330464938422665 ], [ 4211468.433859176002443, 673051.905947589548305 ], [ 4211468.433859176002443, 673014.481430240673944 ], [ 4211468.433859176002443, 672977.056912891799584 ], [ 4211468.433859176002443, 672939.632395542925224 ], [ 4211468.433859176002443, 672902.207878194050863 ], [ 4211468.433859176002443, 672864.783360845176503 ], [ 4211468.433859176002443, 672827.358843496302143 ], [ 4211468.433859176002443, 672789.934326147427782 ], [ 4211468.433859176002443, 672752.509808798553422 ], [ 4211468.433859176002443, 672715.085291449679062 ], [ 4211468.433859176002443, 672677.660774100804701 ], [ 4211468.433859176002443, 672640.236256751930341 ], [ 4211431.009341827593744, 672640.236256751930341 ], [ 4211393.584824479185045, 672640.236256751930341 ], [ 4211356.160307130776346, 672640.236256751930341 ], [ 4211318.735789782367647, 672640.236256751930341 ], [ 4211318.735789782367647, 672602.811739403055981 ], [ 4211318.735789782367647, 672565.38722205418162 ], [ 4211318.735789782367647, 672527.96270470530726 ], [ 4211318.735789782367647, 672490.5381873564329 ], [ 4211318.735789782367647, 672453.11367000755854 ], [ 4211318.735789782367647, 672415.689152658684179 ], [ 4211318.735789782367647, 672378.264635309809819 ], [ 4211318.735789782367647, 672340.840117960935459 ], [ 4211318.735789782367647, 672303.415600612061098 ], [ 4211318.735789782367647, 672265.991083263186738 ], [ 4211318.735789782367647, 672228.566565914312378 ], [ 4211318.735789782367647, 672191.142048565438017 ], [ 4211318.735789782367647, 672153.717531216563657 ], [ 4211318.735789782367647, 672116.293013867689297 ], [ 4211318.735789782367647, 672078.868496518814936 ], [ 4211318.735789782367647, 672041.443979169940576 ], [ 4211318.735789782367647, 672004.019461821066216 ], [ 4211318.735789782367647, 671966.594944472191855 ], [ 4211318.735789782367647, 671929.170427123317495 ], [ 4211318.735789782367647, 671891.745909774443135 ], [ 4211318.735789782367647, 671854.321392425568774 ], [ 4211318.735789782367647, 671816.896875076694414 ], [ 4211318.735789782367647, 671779.472357727820054 ], [ 4211318.735789782367647, 671742.047840378945693 ], [ 4211318.735789782367647, 671704.623323030071333 ], [ 4211318.735789782367647, 671667.198805681196973 ], [ 4211318.735789782367647, 671629.774288332322612 ], [ 4211318.735789782367647, 671592.349770983448252 ], [ 4211318.735789782367647, 671554.925253634573892 ], [ 4211318.735789782367647, 671517.500736285699531 ], [ 4211318.735789782367647, 671480.076218936825171 ], [ 4211318.735789782367647, 671442.651701587950811 ], [ 4211318.735789782367647, 671405.22718423907645 ], [ 4211318.735789782367647, 671367.80266689020209 ], [ 4211318.735789782367647, 671330.37814954132773 ], [ 4211318.735789782367647, 671292.953632192453369 ], [ 4211318.735789782367647, 671255.529114843579009 ], [ 4211318.735789782367647, 671218.104597494704649 ], [ 4211318.735789782367647, 671180.680080145830289 ], [ 4211292.272659782320261, 671154.216950145782903 ], [ 4211254.848142433911562, 671154.216950145782903 ], [ 4211217.423625085502863, 671154.216950145782903 ], [ 4211179.999107737094164, 671154.216950145782903 ], [ 4211153.535977737046778, 671127.753820145735517 ], [ 4211153.535977737046778, 671090.329302796861157 ], [ 4211153.535977737046778, 671052.904785447986796 ], [ 4211153.535977737046778, 671015.480268099112436 ], [ 4211153.535977737046778, 670978.055750750238076 ], [ 4211153.535977737046778, 670940.631233401363716 ], [ 4211153.535977737046778, 670903.206716052489355 ], [ 4211153.535977737046778, 670865.782198703614995 ], [ 4211153.535977737046778, 670828.357681354740635 ], [ 4211153.535977737046778, 670790.933164005866274 ], [ 4211153.535977737046778, 670753.508646656991914 ], [ 4211153.535977737046778, 670716.084129308117554 ], [ 4211153.535977737046778, 670678.659611959243193 ], [ 4211116.111460388638079, 670678.659611959243193 ], [ 4211078.68694304022938, 670678.659611959243193 ], [ 4211041.262425691820681, 670678.659611959243193 ], [ 4211003.837908343411982, 670678.659611959243193 ], [ 4210977.374778343364596, 670652.196481959195808 ], [ 4210977.374778343364596, 670614.771964610321447 ], [ 4210977.374778343364596, 670577.347447261447087 ], [ 4210977.374778343364596, 670539.922929912572727 ], [ 4210977.374778343364596, 670502.498412563698366 ], [ 4210977.374778343364596, 670465.073895214824006 ], [ 4210977.374778343364596, 670427.649377865949646 ], [ 4210977.374778343364596, 670390.224860517075285 ], [ 4210977.374778343364596, 670352.800343168200925 ], [ 4210977.374778343364596, 670315.375825819326565 ], [ 4210977.374778343364596, 670277.951308470452204 ], [ 4210977.374778343364596, 670240.526791121577844 ], [ 4210977.374778343364596, 670203.102273772703484 ], [ 4210977.374778343364596, 670165.677756423829123 ], [ 4210977.374778343364596, 670128.253239074954763 ], [ 4210977.374778343364596, 670090.828721726080403 ], [ 4210977.374778343364596, 670053.404204377206042 ], [ 4210977.374778343364596, 670015.979687028331682 ], [ 4210977.374778343364596, 669978.555169679457322 ], [ 4210977.374778343364596, 669941.130652330582961 ], [ 4210977.374778343364596, 669903.706134981708601 ], [ 4210977.374778343364596, 669866.281617632834241 ], [ 4210977.374778343364596, 669828.85710028395988 ], [ 4210977.374778343364596, 669791.43258293508552 ], [ 4210977.374778343364596, 669754.00806558621116 ], [ 4210977.374778343364596, 669716.5835482373368 ], [ 4210977.374778343364596, 669679.159030888462439 ], [ 4211003.837908343411982, 669652.695900888415053 ], [ 4211041.262425691820681, 669652.695900888415053 ], [ 4211078.68694304022938, 669652.695900888415053 ], [ 4211116.111460388638079, 669652.695900888415053 ], [ 4211153.535977737046778, 669652.695900888415053 ], [ 4211153.535977737046778, 669615.271383539540693 ], [ 4211153.535977737046778, 669577.846866190666333 ], [ 4211153.535977737046778, 669540.422348841791973 ], [ 4211153.535977737046778, 669502.997831492917612 ], [ 4211153.535977737046778, 669465.573314144043252 ], [ 4211153.535977737046778, 669428.148796795168892 ], [ 4211153.535977737046778, 669390.724279446294531 ], [ 4211153.535977737046778, 669353.299762097420171 ], [ 4211179.999107737094164, 669326.836632097372785 ], [ 4211217.423625085502863, 669326.836632097372785 ], [ 4211254.848142433911562, 669326.836632097372785 ], [ 4211292.272659782320261, 669326.836632097372785 ], [ 4211318.735789782367647, 669300.3735020973254 ], [ 4211318.735789782367647, 669262.948984748451039 ], [ 4211318.735789782367647, 669225.524467399576679 ], [ 4211318.735789782367647, 669188.099950050702319 ], [ 4211345.198919782415032, 669161.636820050654933 ], [ 4211382.623437130823731, 669161.636820050654933 ], [ 4211420.04795447923243, 669161.636820050654933 ], [ 4211457.472471827641129, 669161.636820050654933 ], [ 4211483.935601827688515, 669135.173690050607547 ], [ 4211483.935601827688515, 669097.749172701733187 ], [ 4211483.935601827688515, 669060.324655352858827 ], [ 4211483.935601827688515, 669022.900138003984466 ], [ 4211483.935601827688515, 668985.475620655110106 ], [ 4211483.935601827688515, 668948.051103306235746 ], [ 4211483.935601827688515, 668910.626585957361385 ], [ 4211483.935601827688515, 668873.202068608487025 ], [ 4211483.935601827688515, 668835.777551259612665 ], [ 4211521.360119176097214, 668835.777551259612665 ], [ 4211558.784636524505913, 668835.777551259612665 ], [ 4211596.209153872914612, 668835.777551259612665 ], [ 4211633.633671221323311, 668835.777551259612665 ], [ 4211633.633671221323311, 668798.353033910738304 ], [ 4211633.633671221323311, 668760.928516561863944 ], [ 4211633.633671221323311, 668723.503999212989584 ], [ 4211633.633671221323311, 668686.079481864115223 ], [ 4211660.096801221370697, 668659.616351864067838 ], [ 4211697.521318569779396, 668659.616351864067838 ], [ 4211734.945835918188095, 668659.616351864067838 ], [ 4211772.370353266596794, 668659.616351864067838 ], [ 4211809.794870615005493, 668659.616351864067838 ], [ 4211847.219387963414192, 668659.616351864067838 ], [ 4211884.643905311822891, 668659.616351864067838 ], [ 4211922.06842266023159, 668659.616351864067838 ], [ 4211959.492940008640289, 668659.616351864067838 ], [ 4211996.917457357048988, 668659.616351864067838 ], [ 4212034.341974705457687, 668659.616351864067838 ], [ 4212071.766492053866386, 668659.616351864067838 ], [ 4212109.191009402275085, 668659.616351864067838 ], [ 4212146.615526750683784, 668659.616351864067838 ], [ 4212146.615526750683784, 668622.191834515193477 ], [ 4212146.615526750683784, 668584.767317166319117 ], [ 4212146.615526750683784, 668547.342799817444757 ], [ 4212146.615526750683784, 668509.918282468570396 ], [ 4212173.07865675073117, 668483.455152468523011 ], [ 4212210.503174099139869, 668483.455152468523011 ], [ 4212247.927691447548568, 668483.455152468523011 ], [ 4212285.352208795957267, 668483.455152468523011 ], [ 4212322.776726144365966, 668483.455152468523011 ], [ 4212360.201243492774665, 668483.455152468523011 ], [ 4212397.625760841183364, 668483.455152468523011 ], [ 4212435.050278189592063, 668483.455152468523011 ], [ 4212472.474795538000762, 668483.455152468523011 ], [ 4212472.474795538000762, 668520.879669817397371 ], [ 4212472.474795538000762, 668558.304187166271731 ], [ 4212472.474795538000762, 668595.728704515146092 ], [ 4212472.474795538000762, 668633.153221864020452 ], [ 4212472.474795538000762, 668670.577739212894812 ], [ 4212509.899312886409461, 668670.577739212894812 ], [ 4212547.323830234818161, 668670.577739212894812 ], [ 4212584.74834758322686, 668670.577739212894812 ], [ 4212622.172864931635559, 668670.577739212894812 ], [ 4212659.597382280044258, 668670.577739212894812 ], [ 4212697.021899628452957, 668670.577739212894812 ], [ 4212734.446416976861656, 668670.577739212894812 ], [ 4212771.870934325270355, 668670.577739212894812 ], [ 4212809.295451673679054, 668670.577739212894812 ], [ 4212809.295451673679054, 668708.002256561769173 ], [ 4212809.295451673679054, 668745.426773910643533 ], [ 4212809.295451673679054, 668782.851291259517893 ], [ 4212809.295451673679054, 668820.275808608392254 ], [ 4212846.719969022087753, 668820.275808608392254 ], [ 4212884.144486370496452, 668820.275808608392254 ], [ 4212921.569003718905151, 668820.275808608392254 ], [ 4212958.99352106731385, 668820.275808608392254 ], [ 4212996.418038415722549, 668820.275808608392254 ], [ 4213033.842555764131248, 668820.275808608392254 ], [ 4213071.267073112539947, 668820.275808608392254 ], [ 4213108.691590460948646, 668820.275808608392254 ], [ 4213135.154720460996032, 668846.738938608439639 ], [ 4213135.154720460996032, 668884.163455957314 ], [ 4213135.154720460996032, 668921.58797330618836 ], [ 4213135.154720460996032, 668959.01249065506272 ], [ 4213135.154720460996032, 668996.437008003937081 ], [ 4213172.579237809404731, 668996.437008003937081 ], [ 4213210.00375515781343, 668996.437008003937081 ], [ 4213247.428272506222129, 668996.437008003937081 ], [ 4213284.852789854630828, 668996.437008003937081 ], [ 4213311.315919854678214, 669022.900138003984466 ], [ 4213311.315919854678214, 669060.324655352858827 ], [ 4213311.315919854678214, 669097.749172701733187 ], [ 4213311.315919854678214, 669135.173690050607547 ], [ 4213337.779049854725599, 669161.636820050654933 ], [ 4213375.203567203134298, 669161.636820050654933 ], [ 4213412.628084551542997, 669161.636820050654933 ], [ 4213450.052601899951696, 669161.636820050654933 ], [ 4213476.515731899999082, 669188.099950050702319 ], [ 4213476.515731899999082, 669225.524467399576679 ], [ 4213476.515731899999082, 669262.948984748451039 ], [ 4213476.515731899999082, 669300.3735020973254 ], [ 4213502.978861900046468, 669326.836632097372785 ], [ 4213540.403379248455167, 669326.836632097372785 ], [ 4213577.827896596863866, 669326.836632097372785 ], [ 4213615.252413945272565, 669326.836632097372785 ], [ 4213641.715543945319951, 669353.299762097420171 ], [ 4213641.715543945319951, 669390.724279446294531 ], [ 4213641.715543945319951, 669428.148796795168892 ], [ 4213641.715543945319951, 669465.573314144043252 ], [ 4213668.178673945367336, 669492.036444144090638 ], [ 4213705.603191293776035, 669492.036444144090638 ], [ 4213743.027708642184734, 669492.036444144090638 ], [ 4213780.452225990593433, 669492.036444144090638 ], [ 4213806.915355990640819, 669518.499574144138023 ], [ 4213806.915355990640819, 669555.924091493012384 ], [ 4213806.915355990640819, 669593.348608841886744 ], [ 4213806.915355990640819, 669630.773126190761104 ], [ 4213833.378485990688205, 669657.23625619080849 ], [ 4213870.803003339096904, 669657.23625619080849 ], [ 4213908.227520687505603, 669657.23625619080849 ], [ 4213945.652038035914302, 669657.23625619080849 ], [ 4213983.076555384323001, 669657.23625619080849 ], [ 4214020.5010727327317, 669657.23625619080849 ], [ 4214057.925590081140399, 669657.23625619080849 ], [ 4214095.350107429549098, 669657.23625619080849 ], [ 4214121.813237429596484, 669683.699386190855876 ], [ 4214121.813237429596484, 669721.123903539730236 ], [ 4214121.813237429596484, 669758.548420888604596 ], [ 4214121.813237429596484, 669795.972938237478957 ], [ 4214148.276367429643869, 669822.436068237526342 ], [ 4214185.700884778052568, 669822.436068237526342 ], [ 4214223.125402126461267, 669822.436068237526342 ], [ 4214260.549919474869967, 669822.436068237526342 ], [ 4214297.974436823278666, 669822.436068237526342 ], [ 4214297.974436823278666, 669859.860585586400703 ], [ 4214297.974436823278666, 669897.285102935275063 ], [ 4214297.974436823278666, 669934.709620284149423 ], [ 4214297.974436823278666, 669972.134137633023784 ], [ 4214335.398954171687365, 669972.134137633023784 ], [ 4214372.823471520096064, 669972.134137633023784 ], [ 4214410.247988868504763, 669972.134137633023784 ], [ 4214447.672506216913462, 669972.134137633023784 ], [ 4214474.135636216960847, 669998.597267633071169 ], [ 4214474.135636216960847, 670036.02178498194553 ], [ 4214474.135636216960847, 670073.44630233081989 ], [ 4214474.135636216960847, 670110.87081967969425 ], [ 4214474.135636216960847, 670148.295337028568611 ], [ 4214511.560153565369546, 670148.295337028568611 ], [ 4214548.984670913778245, 670148.295337028568611 ], [ 4214586.409188262186944, 670148.295337028568611 ], [ 4214612.87231826223433, 670174.758467028615996 ], [ 4214612.87231826223433, 670212.182984377490357 ], [ 4214612.87231826223433, 670249.607501726364717 ], [ 4214612.87231826223433, 670287.032019075239077 ], [ 4214612.87231826223433, 670324.456536424113438 ], [ 4214650.296835610643029, 670324.456536424113438 ], [ 4214687.721352959051728, 670324.456536424113438 ], [ 4214725.145870307460427, 670324.456536424113438 ], [ 4214762.570387655869126, 670324.456536424113438 ], [ 4214799.994905004277825, 670324.456536424113438 ], [ 4214837.419422352686524, 670324.456536424113438 ], [ 4214874.843939701095223, 670324.456536424113438 ], [ 4214912.268457049503922, 670324.456536424113438 ], [ 4214949.692974397912621, 670324.456536424113438 ], [ 4214987.117491746321321, 670324.456536424113438 ], [ 4215024.54200909473002, 670324.456536424113438 ], [ 4215061.966526443138719, 670324.456536424113438 ], [ 4215099.391043791547418, 670324.456536424113438 ], [ 4215136.815561139956117, 670324.456536424113438 ], [ 4215174.240078488364816, 670324.456536424113438 ], [ 4215211.664595836773515, 670324.456536424113438 ], [ 4215249.089113185182214, 670324.456536424113438 ], [ 4215275.552243185229599, 670350.919666424160823 ], [ 4215275.552243185229599, 670388.344183773035184 ], [ 4215275.552243185229599, 670425.768701121909544 ], [ 4215275.552243185229599, 670463.193218470783904 ], [ 4215302.015373185276985, 670489.65634847083129 ], [ 4215339.439890533685684, 670489.65634847083129 ], [ 4215376.864407882094383, 670489.65634847083129 ], [ 4215414.288925230503082, 670489.65634847083129 ], [ 4215451.713442578911781, 670489.65634847083129 ], [ 4215489.13795992732048, 670489.65634847083129 ], [ 4215526.562477275729179, 670489.65634847083129 ], [ 4215563.986994624137878, 670489.65634847083129 ], [ 4215601.411511972546577, 670489.65634847083129 ], [ 4215638.836029320955276, 670489.65634847083129 ], [ 4215676.260546669363976, 670489.65634847083129 ], [ 4215713.685064017772675, 670489.65634847083129 ], [ 4215751.109581366181374, 670489.65634847083129 ], [ 4215788.534098714590073, 670489.65634847083129 ], [ 4215825.958616062998772, 670489.65634847083129 ], [ 4215863.383133411407471, 670489.65634847083129 ], [ 4215900.80765075981617, 670489.65634847083129 ], [ 4215938.232168108224869, 670489.65634847083129 ], [ 4215975.656685456633568, 670489.65634847083129 ], [ 4216013.081202805042267, 670489.65634847083129 ], [ 4216050.505720153450966, 670489.65634847083129 ], [ 4216087.930237501859665, 670489.65634847083129 ], [ 4216125.354754850268364, 670489.65634847083129 ], [ 4216162.779272198677063, 670489.65634847083129 ], [ 4216200.203789547085762, 670489.65634847083129 ], [ 4216237.628306895494461, 670489.65634847083129 ], [ 4216275.05282424390316, 670489.65634847083129 ], [ 4216312.477341592311859, 670489.65634847083129 ], [ 4216349.901858940720558, 670489.65634847083129 ], [ 4216387.326376289129257, 670489.65634847083129 ], [ 4216424.750893637537956, 670489.65634847083129 ], [ 4216462.175410985946655, 670489.65634847083129 ], [ 4216499.599928334355354, 670489.65634847083129 ], [ 4216537.024445682764053, 670489.65634847083129 ], [ 4216574.448963031172752, 670489.65634847083129 ], [ 4216611.873480379581451, 670489.65634847083129 ], [ 4216649.29799772799015, 670489.65634847083129 ], [ 4216686.722515076398849, 670489.65634847083129 ], [ 4216724.147032424807549, 670489.65634847083129 ], [ 4216761.571549773216248, 670489.65634847083129 ], [ 4216798.996067121624947, 670489.65634847083129 ], [ 4216836.420584470033646, 670489.65634847083129 ], [ 4216873.845101818442345, 670489.65634847083129 ], [ 4216911.269619166851044, 670489.65634847083129 ], [ 4216948.694136515259743, 670489.65634847083129 ], [ 4216986.118653863668442, 670489.65634847083129 ], [ 4217023.543171212077141, 670489.65634847083129 ], [ 4217060.96768856048584, 670489.65634847083129 ], [ 4217098.392205908894539, 670489.65634847083129 ], [ 4217135.816723257303238, 670489.65634847083129 ], [ 4217173.241240605711937, 670489.65634847083129 ], [ 4217210.665757954120636, 670489.65634847083129 ], [ 4217210.665757954120636, 670452.23183112195693 ], [ 4217210.665757954120636, 670414.807313773082569 ], [ 4217210.665757954120636, 670377.382796424208209 ], [ 4217210.665757954120636, 670339.958279075333849 ], [ 4217237.128887954168022, 670313.495149075286463 ], [ 4217274.553405302576721, 670313.495149075286463 ], [ 4217311.97792265098542, 670313.495149075286463 ], [ 4217349.402439999394119, 670313.495149075286463 ], [ 4217386.826957347802818, 670313.495149075286463 ], [ 4217413.290087347850204, 670287.032019075239077 ], [ 4217413.290087347850204, 670249.607501726364717 ], [ 4217413.290087347850204, 670212.182984377490357 ], [ 4217413.290087347850204, 670174.758467028615996 ], [ 4217439.753217347897589, 670148.295337028568611 ], [ 4217477.177734696306288, 670148.295337028568611 ], [ 4217514.602252044714987, 670148.295337028568611 ], [ 4217552.026769393123686, 670148.295337028568611 ], [ 4217552.026769393123686, 670110.87081967969425 ], [ 4217552.026769393123686, 670073.44630233081989 ], [ 4217552.026769393123686, 670036.02178498194553 ], [ 4217552.026769393123686, 669998.597267633071169 ], [ 4217578.489899393171072, 669972.134137633023784 ], [ 4217615.914416741579771, 669972.134137633023784 ], [ 4217653.33893408998847, 669972.134137633023784 ], [ 4217690.763451438397169, 669972.134137633023784 ], [ 4217728.187968786805868, 669972.134137633023784 ], [ 4217728.187968786805868, 669934.709620284149423 ], [ 4217728.187968786805868, 669897.285102935275063 ], [ 4217728.187968786805868, 669859.860585586400703 ], [ 4217728.187968786805868, 669822.436068237526342 ], [ 4217765.612486135214567, 669822.436068237526342 ], [ 4217803.037003483623266, 669822.436068237526342 ], [ 4217840.461520832031965, 669822.436068237526342 ], [ 4217877.886038180440664, 669822.436068237526342 ], [ 4217877.886038180440664, 669785.011550888651982 ], [ 4217877.886038180440664, 669747.587033539777622 ], [ 4217877.886038180440664, 669710.162516190903261 ], [ 4217877.886038180440664, 669672.737998842028901 ], [ 4217904.34916818048805, 669646.274868841981515 ], [ 4217941.773685528896749, 669646.274868841981515 ], [ 4217979.198202877305448, 669646.274868841981515 ], [ 4218016.622720225714147, 669646.274868841981515 ], [ 4218054.047237574122846, 669646.274868841981515 ], [ 4218091.471754922531545, 669646.274868841981515 ], [ 4218128.896272270940244, 669646.274868841981515 ], [ 4218166.320789619348943, 669646.274868841981515 ], [ 4218203.745306967757642, 669646.274868841981515 ], [ 4218230.208436967805028, 669619.81173884193413 ], [ 4218230.208436967805028, 669582.387221493059769 ], [ 4218230.208436967805028, 669544.962704144185409 ], [ 4218230.208436967805028, 669507.538186795311049 ], [ 4218256.671566967852414, 669481.075056795263663 ], [ 4218294.096084316261113, 669481.075056795263663 ], [ 4218331.520601664669812, 669481.075056795263663 ], [ 4218368.945119013078511, 669481.075056795263663 ], [ 4218368.945119013078511, 669443.650539446389303 ], [ 4218368.945119013078511, 669406.226022097514942 ], [ 4218368.945119013078511, 669368.801504748640582 ], [ 4218368.945119013078511, 669331.376987399766222 ], [ 4218406.36963636148721, 669331.376987399766222 ], [ 4218443.794153709895909, 669331.376987399766222 ], [ 4218481.218671058304608, 669331.376987399766222 ], [ 4218518.643188406713307, 669331.376987399766222 ], [ 4218545.106318406760693, 669304.913857399718836 ], [ 4218545.106318406760693, 669267.489340050844476 ], [ 4218545.106318406760693, 669230.064822701970115 ], [ 4218545.106318406760693, 669192.640305353095755 ], [ 4218571.569448406808078, 669166.177175353048369 ], [ 4218608.993965755216777, 669166.177175353048369 ], [ 4218646.418483103625476, 669166.177175353048369 ], [ 4218683.843000452034175, 669166.177175353048369 ], [ 4218710.306130452081561, 669139.714045353000984 ], [ 4218710.306130452081561, 669102.289528004126623 ], [ 4218710.306130452081561, 669064.865010655252263 ], [ 4218710.306130452081561, 669027.440493306377903 ], [ 4218736.769260452128947, 669000.977363306330517 ], [ 4218774.193777800537646, 669000.977363306330517 ], [ 4218811.618295148946345, 669000.977363306330517 ], [ 4218849.042812497355044, 669000.977363306330517 ], [ 4218886.467329845763743, 669000.977363306330517 ], [ 4218886.467329845763743, 668963.552845957456157 ], [ 4218886.467329845763743, 668926.128328608581796 ], [ 4218886.467329845763743, 668888.703811259707436 ], [ 4218886.467329845763743, 668851.279293910833076 ], [ 4218912.930459845811129, 668824.81616391078569 ], [ 4218950.354977194219828, 668824.81616391078569 ], [ 4218987.779494542628527, 668824.81616391078569 ], [ 4219025.204011891037226, 668824.81616391078569 ], [ 4219051.667141891084611, 668798.353033910738304 ], [ 4219051.667141891084611, 668760.928516561863944 ], [ 4219051.667141891084611, 668723.503999212989584 ], [ 4219051.667141891084611, 668686.079481864115223 ], [ 4219051.667141891084611, 668648.654964515240863 ], [ 4219051.667141891084611, 668611.230447166366503 ], [ 4219051.667141891084611, 668573.805929817492142 ], [ 4219051.667141891084611, 668536.381412468617782 ], [ 4219051.667141891084611, 668498.956895119743422 ], [ 4219089.09165923949331, 668498.956895119743422 ], [ 4219126.516176587902009, 668498.956895119743422 ], [ 4219163.940693936310709, 668498.956895119743422 ], [ 4219201.365211284719408, 668498.956895119743422 ], [ 4219201.365211284719408, 668461.532377770869061 ], [ 4219201.365211284719408, 668424.107860421994701 ], [ 4219201.365211284719408, 668386.683343073120341 ], [ 4219201.365211284719408, 668349.25882572424598 ], [ 4219227.828341284766793, 668322.795695724198595 ], [ 4219265.252858633175492, 668322.795695724198595 ], [ 4219302.677375981584191, 668322.795695724198595 ], [ 4219340.10189332999289, 668322.795695724198595 ], [ 4219366.565023330040276, 668296.332565724151209 ], [ 4219366.565023330040276, 668258.908048375276849 ], [ 4219366.565023330040276, 668221.483531026402488 ], [ 4219366.565023330040276, 668184.059013677528128 ], [ 4219393.028153330087662, 668157.595883677480742 ], [ 4219430.452670678496361, 668157.595883677480742 ], [ 4219467.87718802690506, 668157.595883677480742 ], [ 4219505.301705375313759, 668157.595883677480742 ], [ 4219505.301705375313759, 668120.171366328606382 ], [ 4219505.301705375313759, 668082.746848979732022 ], [ 4219505.301705375313759, 668045.322331630857661 ], [ 4219505.301705375313759, 668007.897814281983301 ], [ 4219505.301705375313759, 667970.473296933108941 ], [ 4219505.301705375313759, 667933.04877958423458 ], [ 4219505.301705375313759, 667895.62426223536022 ], [ 4219505.301705375313759, 667858.19974488648586 ], [ 4219505.301705375313759, 667820.775227537611499 ], [ 4219505.301705375313759, 667783.350710188737139 ], [ 4219505.301705375313759, 667745.926192839862779 ], [ 4219505.301705375313759, 667708.501675490988418 ], [ 4219505.301705375313759, 667671.077158142114058 ], [ 4219542.726222723722458, 667671.077158142114058 ], [ 4219580.150740072131157, 667671.077158142114058 ], [ 4219617.575257420539856, 667671.077158142114058 ], [ 4219654.999774768948555, 667671.077158142114058 ], [ 4219692.424292117357254, 667671.077158142114058 ], [ 4219729.848809465765953, 667671.077158142114058 ], [ 4219767.273326814174652, 667671.077158142114058 ], [ 4219804.697844162583351, 667671.077158142114058 ], [ 4219842.12236151099205, 667671.077158142114058 ], [ 4219879.546878859400749, 667671.077158142114058 ], [ 4219916.971396207809448, 667671.077158142114058 ], [ 4219954.395913556218147, 667671.077158142114058 ], [ 4219991.820430904626846, 667671.077158142114058 ], [ 4220029.244948253035545, 667671.077158142114058 ], [ 4220066.669465601444244, 667671.077158142114058 ], [ 4220104.093982949852943, 667671.077158142114058 ], [ 4220141.518500298261642, 667671.077158142114058 ], [ 4220178.943017646670341, 667671.077158142114058 ], [ 4220216.367534995079041, 667671.077158142114058 ], [ 4220253.79205234348774, 667671.077158142114058 ], [ 4220291.216569691896439, 667671.077158142114058 ], [ 4220328.641087040305138, 667671.077158142114058 ], [ 4220366.065604388713837, 667671.077158142114058 ], [ 4220403.490121737122536, 667671.077158142114058 ], [ 4220440.914639085531235, 667671.077158142114058 ], [ 4220478.339156433939934, 667671.077158142114058 ], [ 4220515.763673782348633, 667671.077158142114058 ], [ 4220553.188191130757332, 667671.077158142114058 ], [ 4220590.612708479166031, 667671.077158142114058 ], [ 4220628.03722582757473, 667671.077158142114058 ], [ 4220665.461743175983429, 667671.077158142114058 ], [ 4220702.886260524392128, 667671.077158142114058 ], [ 4220740.310777872800827, 667671.077158142114058 ], [ 4220777.735295221209526, 667671.077158142114058 ], [ 4220815.159812569618225, 667671.077158142114058 ], [ 4220852.584329918026924, 667671.077158142114058 ], [ 4220890.008847266435623, 667671.077158142114058 ], [ 4220927.433364614844322, 667671.077158142114058 ], [ 4220964.857881963253021, 667671.077158142114058 ], [ 4221002.28239931166172, 667671.077158142114058 ], [ 4221039.706916660070419, 667671.077158142114058 ], [ 4221077.131434008479118, 667671.077158142114058 ], [ 4221114.555951356887817, 667671.077158142114058 ], [ 4221151.980468705296516, 667671.077158142114058 ], [ 4221189.404986053705215, 667671.077158142114058 ], [ 4221189.404986053705215, 667633.652640793239698 ], [ 4221189.404986053705215, 667596.228123444365337 ], [ 4221189.404986053705215, 667558.803606095490977 ], [ 4221189.404986053705215, 667521.379088746616617 ], [ 4221215.868116053752601, 667494.915958746569231 ], [ 4221253.2926334021613, 667494.915958746569231 ], [ 4221290.717150750569999, 667494.915958746569231 ], [ 4221328.141668098978698, 667494.915958746569231 ], [ 4221365.566185447387397, 667494.915958746569231 ], [ 4221402.990702795796096, 667494.915958746569231 ], [ 4221440.415220144204795, 667494.915958746569231 ], [ 4221477.839737492613494, 667494.915958746569231 ], [ 4221515.264254841022193, 667494.915958746569231 ], [ 4221515.264254841022193, 667457.491441397694871 ], [ 4221515.264254841022193, 667420.066924048820511 ], [ 4221515.264254841022193, 667382.64240669994615 ], [ 4221515.264254841022193, 667345.21788935107179 ], [ 4221552.688772189430892, 667345.21788935107179 ], [ 4221590.113289537839592, 667345.21788935107179 ], [ 4221627.537806886248291, 667345.21788935107179 ], [ 4221664.96232423465699, 667345.21788935107179 ], [ 4221702.386841583065689, 667345.21788935107179 ], [ 4221739.811358931474388, 667345.21788935107179 ], [ 4221777.235876279883087, 667345.21788935107179 ], [ 4221814.660393628291786, 667345.21788935107179 ], [ 4221814.660393628291786, 667307.79337200219743 ], [ 4221814.660393628291786, 667270.368854653323069 ], [ 4221814.660393628291786, 667232.944337304448709 ], [ 4221814.660393628291786, 667195.519819955574349 ], [ 4221841.123523628339171, 667169.056689955526963 ], [ 4221878.54804097674787, 667169.056689955526963 ], [ 4221915.972558325156569, 667169.056689955526963 ], [ 4221953.397075673565269, 667169.056689955526963 ], [ 4221990.821593021973968, 667169.056689955526963 ], [ 4222017.284723022021353, 667142.593559955479577 ], [ 4222017.284723022021353, 667105.169042606605217 ], [ 4222017.284723022021353, 667067.744525257730857 ], [ 4222017.284723022021353, 667030.320007908856496 ], [ 4222043.747853022068739, 667003.856877908809111 ], [ 4222081.172370370477438, 667003.856877908809111 ], [ 4222118.596887718886137, 667003.856877908809111 ], [ 4222156.021405067294836, 667003.856877908809111 ], [ 4222156.021405067294836, 666966.43236055993475 ], [ 4222156.021405067294836, 666929.00784321106039 ], [ 4222156.021405067294836, 666891.58332586218603 ], [ 4222156.021405067294836, 666854.158808513311669 ], [ 4222182.484535067342222, 666827.695678513264284 ], [ 4222219.909052415750921, 666827.695678513264284 ], [ 4222257.33356976415962, 666827.695678513264284 ], [ 4222294.758087112568319, 666827.695678513264284 ], [ 4222332.182604460977018, 666827.695678513264284 ], [ 4222332.182604460977018, 666790.271161164389923 ], [ 4222332.182604460977018, 666752.846643815515563 ], [ 4222332.182604460977018, 666715.422126466641203 ], [ 4222332.182604460977018, 666677.997609117766842 ], [ 4222369.607121809385717, 666677.997609117766842 ], [ 4222407.031639157794416, 666677.997609117766842 ], [ 4222444.456156506203115, 666677.997609117766842 ], [ 4222481.880673854611814, 666677.997609117766842 ], [ 4222519.305191203020513, 666677.997609117766842 ], [ 4222556.729708551429212, 666677.997609117766842 ], [ 4222594.154225899837911, 666677.997609117766842 ], [ 4222631.57874324824661, 666677.997609117766842 ], [ 4222669.003260596655309, 666677.997609117766842 ], [ 4222669.003260596655309, 666640.573091768892482 ], [ 4222669.003260596655309, 666603.148574420018122 ], [ 4222669.003260596655309, 666565.724057071143761 ], [ 4222669.003260596655309, 666528.299539722269401 ], [ 4222695.466390596702695, 666501.836409722222015 ], [ 4222732.890907945111394, 666501.836409722222015 ], [ 4222770.315425293520093, 666501.836409722222015 ], [ 4222807.739942641928792, 666501.836409722222015 ], [ 4222845.164459990337491, 666501.836409722222015 ], [ 4222882.58897733874619, 666501.836409722222015 ], [ 4222920.013494687154889, 666501.836409722222015 ], [ 4222957.438012035563588, 666501.836409722222015 ], [ 4222994.862529383972287, 666501.836409722222015 ], [ 4222994.862529383972287, 666464.411892373347655 ], [ 4222994.862529383972287, 666426.987375024473295 ], [ 4222994.862529383972287, 666389.562857675598934 ], [ 4222994.862529383972287, 666352.138340326724574 ], [ 4223032.287046732380986, 666352.138340326724574 ], [ 4223069.711564080789685, 666352.138340326724574 ], [ 4223107.136081429198384, 666352.138340326724574 ], [ 4223144.560598777607083, 666352.138340326724574 ], [ 4223144.560598777607083, 666314.713822977850214 ], [ 4223144.560598777607083, 666277.289305628975853 ], [ 4223144.560598777607083, 666239.864788280101493 ], [ 4223144.560598777607083, 666202.440270931227133 ], [ 4223144.560598777607083, 666165.015753582352772 ], [ 4223144.560598777607083, 666127.591236233478412 ], [ 4223144.560598777607083, 666090.166718884604052 ], [ 4223144.560598777607083, 666052.742201535729691 ], [ 4223144.560598777607083, 666015.317684186855331 ], [ 4223181.985116126015782, 666015.317684186855331 ], [ 4223219.409633474424481, 666015.317684186855331 ], [ 4223256.83415082283318, 666015.317684186855331 ], [ 4223294.258668171241879, 666015.317684186855331 ], [ 4223294.258668171241879, 665977.893166837980971 ], [ 4223294.258668171241879, 665940.46864948910661 ], [ 4223294.258668171241879, 665903.04413214023225 ], [ 4223294.258668171241879, 665865.61961479135789 ], [ 4223294.258668171241879, 665828.195097442483529 ], [ 4223294.258668171241879, 665790.770580093609169 ], [ 4223294.258668171241879, 665753.346062744734809 ], [ 4223294.258668171241879, 665715.921545395860448 ], [ 4223320.721798171289265, 665689.458415395813063 ], [ 4223358.146315519697964, 665689.458415395813063 ], [ 4223395.570832868106663, 665689.458415395813063 ], [ 4223432.995350216515362, 665689.458415395813063 ], [ 4223470.419867564924061, 665689.458415395813063 ], [ 4223496.882997564971447, 665662.995285395765677 ], [ 4223496.882997564971447, 665625.570768046891317 ], [ 4223496.882997564971447, 665588.146250698016956 ], [ 4223496.882997564971447, 665550.721733349142596 ], [ 4223523.346127565018833, 665524.25860334909521 ], [ 4223560.770644913427532, 665524.25860334909521 ], [ 4223598.195162261836231, 665524.25860334909521 ], [ 4223635.61967961024493, 665524.25860334909521 ], [ 4223635.61967961024493, 665486.83408600022085 ], [ 4223635.61967961024493, 665449.40956865134649 ], [ 4223635.61967961024493, 665411.985051302472129 ], [ 4223635.61967961024493, 665374.560533953597769 ], [ 4223662.082809610292315, 665348.097403953550383 ], [ 4223699.507326958701015, 665348.097403953550383 ], [ 4223736.931844307109714, 665348.097403953550383 ], [ 4223774.356361655518413, 665348.097403953550383 ], [ 4223811.780879003927112, 665348.097403953550383 ], [ 4223811.780879003927112, 665310.672886604676023 ], [ 4223811.780879003927112, 665273.248369255801663 ], [ 4223811.780879003927112, 665235.823851906927302 ], [ 4223811.780879003927112, 665198.399334558052942 ], [ 4223811.780879003927112, 665160.974817209178582 ], [ 4223811.780879003927112, 665123.550299860304222 ], [ 4223811.780879003927112, 665086.125782511429861 ], [ 4223811.780879003927112, 665048.701265162555501 ], [ 4223838.244009003974497, 665022.238135162508115 ], [ 4223875.668526352383196, 665022.238135162508115 ], [ 4223913.093043700791895, 665022.238135162508115 ], [ 4223950.517561049200594, 665022.238135162508115 ], [ 4223950.517561049200594, 664984.813617813633755 ], [ 4223950.517561049200594, 664947.389100464759395 ], [ 4223950.517561049200594, 664909.964583115885034 ], [ 4223950.517561049200594, 664872.540065767010674 ], [ 4223976.98069104924798, 664846.076935766963288 ], [ 4224014.405208397656679, 664846.076935766963288 ], [ 4224051.829725746065378, 664846.076935766963288 ], [ 4224089.254243094474077, 664846.076935766963288 ], [ 4224126.678760442882776, 664846.076935766963288 ], [ 4224164.103277791291475, 664846.076935766963288 ], [ 4224201.527795139700174, 664846.076935766963288 ], [ 4224238.952312488108873, 664846.076935766963288 ], [ 4224276.376829836517572, 664846.076935766963288 ], [ 4224313.801347184926271, 664846.076935766963288 ], [ 4224351.22586453333497, 664846.076935766963288 ], [ 4224388.65038188174367, 664846.076935766963288 ], [ 4224426.074899230152369, 664846.076935766963288 ], [ 4224463.499416578561068, 664846.076935766963288 ], [ 4224500.923933926969767, 664846.076935766963288 ], [ 4224538.348451275378466, 664846.076935766963288 ], [ 4224575.772968623787165, 664846.076935766963288 ], [ 4224613.197485972195864, 664846.076935766963288 ], [ 4224650.622003320604563, 664846.076935766963288 ], [ 4224688.046520669013262, 664846.076935766963288 ], [ 4224725.471038017421961, 664846.076935766963288 ], [ 4224762.89555536583066, 664846.076935766963288 ], [ 4224800.320072714239359, 664846.076935766963288 ], [ 4224837.744590062648058, 664846.076935766963288 ], [ 4224875.169107411056757, 664846.076935766963288 ], [ 4224912.593624759465456, 664846.076935766963288 ], [ 4224950.018142107874155, 664846.076935766963288 ], [ 4224987.442659456282854, 664846.076935766963288 ], [ 4225024.867176804691553, 664846.076935766963288 ], [ 4225062.291694153100252, 664846.076935766963288 ], [ 4225099.716211501508951, 664846.076935766963288 ], [ 4225137.14072884991765, 664846.076935766963288 ], [ 4225174.565246198326349, 664846.076935766963288 ], [ 4225211.989763546735048, 664846.076935766963288 ], [ 4225249.414280895143747, 664846.076935766963288 ], [ 4225286.838798243552446, 664846.076935766963288 ], [ 4225324.263315591961145, 664846.076935766963288 ], [ 4225361.687832940369844, 664846.076935766963288 ], [ 4225399.112350288778543, 664846.076935766963288 ], [ 4225436.536867637187243, 664846.076935766963288 ], [ 4225436.536867637187243, 664808.652418418088928 ], [ 4225436.536867637187243, 664771.227901069214568 ], [ 4225436.536867637187243, 664733.803383720340207 ], [ 4225436.536867637187243, 664696.378866371465847 ], [ 4225473.961384985595942, 664696.378866371465847 ], [ 4225511.385902334004641, 664696.378866371465847 ], [ 4225548.81041968241334, 664696.378866371465847 ], [ 4225586.234937030822039, 664696.378866371465847 ], [ 4225623.659454379230738, 664696.378866371465847 ], [ 4225661.083971727639437, 664696.378866371465847 ], [ 4225698.508489076048136, 664696.378866371465847 ], [ 4225735.933006424456835, 664696.378866371465847 ], [ 4225773.357523772865534, 664696.378866371465847 ], [ 4225810.782041121274233, 664696.378866371465847 ], [ 4225810.782041121274233, 664733.803383720340207 ], [ 4225810.782041121274233, 664771.227901069214568 ], [ 4225810.782041121274233, 664808.652418418088928 ], [ 4225810.782041121274233, 664846.076935766963288 ], [ 4225848.206558469682932, 664846.076935766963288 ], [ 4225885.631075818091631, 664846.076935766963288 ], [ 4225923.05559316650033, 664846.076935766963288 ], [ 4225960.480110514909029, 664846.076935766963288 ], [ 4225997.904627863317728, 664846.076935766963288 ], [ 4226035.329145211726427, 664846.076935766963288 ], [ 4226072.753662560135126, 664846.076935766963288 ], [ 4226110.178179908543825, 664846.076935766963288 ], [ 4226147.602697256952524, 664846.076935766963288 ], [ 4226185.027214605361223, 664846.076935766963288 ], [ 4226222.451731953769922, 664846.076935766963288 ], [ 4226259.876249302178621, 664846.076935766963288 ], [ 4226286.339379302226007, 664872.540065767010674 ], [ 4226286.339379302226007, 664909.964583115885034 ], [ 4226286.339379302226007, 664947.389100464759395 ], [ 4226286.339379302226007, 664984.813617813633755 ], [ 4226286.339379302226007, 665022.238135162508115 ], [ 4226323.763896650634706, 665022.238135162508115 ], [ 4226361.188413999043405, 665022.238135162508115 ], [ 4226398.612931347452104, 665022.238135162508115 ], [ 4226436.037448695860803, 665022.238135162508115 ], [ 4226473.461966044269502, 665022.238135162508115 ], [ 4226510.886483392678201, 665022.238135162508115 ], [ 4226548.3110007410869, 665022.238135162508115 ], [ 4226585.735518089495599, 665022.238135162508115 ], [ 4226623.160035437904298, 665022.238135162508115 ], [ 4226660.584552786312997, 665022.238135162508115 ], [ 4226698.009070134721696, 665022.238135162508115 ], [ 4226735.433587483130395, 665022.238135162508115 ], [ 4226772.858104831539094, 665022.238135162508115 ], [ 4226810.282622179947793, 665022.238135162508115 ], [ 4226847.707139528356493, 665022.238135162508115 ], [ 4226885.131656876765192, 665022.238135162508115 ], [ 4226922.556174225173891, 665022.238135162508115 ], [ 4226959.98069157358259, 665022.238135162508115 ], [ 4226997.405208921991289, 665022.238135162508115 ], [ 4227034.829726270399988, 665022.238135162508115 ], [ 4227072.254243618808687, 665022.238135162508115 ], [ 4227109.678760967217386, 665022.238135162508115 ], [ 4227147.103278315626085, 665022.238135162508115 ], [ 4227184.527795664034784, 665022.238135162508115 ], [ 4227221.952313012443483, 665022.238135162508115 ], [ 4227259.376830360852182, 665022.238135162508115 ], [ 4227296.801347709260881, 665022.238135162508115 ], [ 4227334.22586505766958, 665022.238135162508115 ], [ 4227371.650382406078279, 665022.238135162508115 ], [ 4227409.074899754486978, 665022.238135162508115 ], [ 4227446.499417102895677, 665022.238135162508115 ], [ 4227446.499417102895677, 665059.662652511382475 ], [ 4227446.499417102895677, 665097.087169860256836 ], [ 4227446.499417102895677, 665134.511687209131196 ], [ 4227446.499417102895677, 665171.936204558005556 ], [ 4227483.923934451304376, 665171.936204558005556 ], [ 4227521.348451799713075, 665171.936204558005556 ], [ 4227558.772969148121774, 665171.936204558005556 ], [ 4227596.197486496530473, 665171.936204558005556 ], [ 4227633.622003844939172, 665171.936204558005556 ], [ 4227671.046521193347871, 665171.936204558005556 ], [ 4227708.47103854175657, 665171.936204558005556 ], [ 4227745.895555890165269, 665171.936204558005556 ], [ 4227783.320073238573968, 665171.936204558005556 ], [ 4227820.744590586982667, 665171.936204558005556 ], [ 4227858.169107935391366, 665171.936204558005556 ], [ 4227895.593625283800066, 665171.936204558005556 ], [ 4227933.018142632208765, 665171.936204558005556 ], [ 4227970.442659980617464, 665171.936204558005556 ], [ 4228007.867177329026163, 665171.936204558005556 ], [ 4228045.291694677434862, 665171.936204558005556 ], [ 4228082.716212025843561, 665171.936204558005556 ], [ 4228120.14072937425226, 665171.936204558005556 ], [ 4228157.565246722660959, 665171.936204558005556 ], [ 4228194.989764071069658, 665171.936204558005556 ], [ 4228232.414281419478357, 665171.936204558005556 ], [ 4228269.838798767887056, 665171.936204558005556 ], [ 4228307.263316116295755, 665171.936204558005556 ], [ 4228344.687833464704454, 665171.936204558005556 ], [ 4228382.112350813113153, 665171.936204558005556 ], [ 4228419.536868161521852, 665171.936204558005556 ], [ 4228456.961385509930551, 665171.936204558005556 ], [ 4228494.38590285833925, 665171.936204558005556 ], [ 4228531.810420206747949, 665171.936204558005556 ], [ 4228569.234937555156648, 665171.936204558005556 ], [ 4228606.659454903565347, 665171.936204558005556 ], [ 4228644.083972251974046, 665171.936204558005556 ], [ 4228681.508489600382745, 665171.936204558005556 ], [ 4228718.933006948791444, 665171.936204558005556 ], [ 4228756.357524297200143, 665171.936204558005556 ], [ 4228793.782041645608842, 665171.936204558005556 ], [ 4228831.206558994017541, 665171.936204558005556 ], [ 4228868.63107634242624, 665171.936204558005556 ], [ 4228906.055593690834939, 665171.936204558005556 ], [ 4228943.480111039243639, 665171.936204558005556 ], [ 4228980.904628387652338, 665171.936204558005556 ], [ 4229018.329145736061037, 665171.936204558005556 ], [ 4229055.753663084469736, 665171.936204558005556 ], [ 4229093.178180432878435, 665171.936204558005556 ], [ 4229130.602697781287134, 665171.936204558005556 ], [ 4229168.027215129695833, 665171.936204558005556 ], [ 4229205.451732478104532, 665171.936204558005556 ], [ 4229231.914862478151917, 665145.473074557958171 ], [ 4229231.914862478151917, 665108.04855720908381 ], [ 4229231.914862478151917, 665070.62403986020945 ], [ 4229231.914862478151917, 665033.19952251133509 ], [ 4229258.377992478199303, 665006.736392511287704 ], [ 4229295.802509826608002, 665006.736392511287704 ], [ 4229333.227027175016701, 665006.736392511287704 ], [ 4229370.6515445234254, 665006.736392511287704 ], [ 4229408.076061871834099, 665006.736392511287704 ], [ 4229445.500579220242798, 665006.736392511287704 ], [ 4229482.925096568651497, 665006.736392511287704 ], [ 4229520.349613917060196, 665006.736392511287704 ], [ 4229557.774131265468895, 665006.736392511287704 ], [ 4229595.198648613877594, 665006.736392511287704 ], [ 4229632.623165962286294, 665006.736392511287704 ], [ 4229670.047683310694993, 665006.736392511287704 ], [ 4229707.472200659103692, 665006.736392511287704 ], [ 4229744.896718007512391, 665006.736392511287704 ], [ 4229744.896718007512391, 664969.311875162413344 ], [ 4229744.896718007512391, 664931.887357813538983 ], [ 4229744.896718007512391, 664894.462840464664623 ], [ 4229744.896718007512391, 664857.038323115790263 ], [ 4229782.32123535592109, 664857.038323115790263 ], [ 4229819.745752704329789, 664857.038323115790263 ], [ 4229857.170270052738488, 664857.038323115790263 ], [ 4229894.594787401147187, 664857.038323115790263 ], [ 4229894.594787401147187, 664819.613805766915902 ], [ 4229894.594787401147187, 664782.189288418041542 ], [ 4229894.594787401147187, 664744.764771069167182 ], [ 4229894.594787401147187, 664707.340253720292822 ], [ 4229921.057917401194572, 664680.877123720245436 ], [ 4229958.482434749603271, 664680.877123720245436 ], [ 4229995.906952098011971, 664680.877123720245436 ], [ 4230033.33146944642067, 664680.877123720245436 ], [ 4230070.755986794829369, 664680.877123720245436 ], [ 4230108.180504143238068, 664680.877123720245436 ], [ 4230145.605021491646767, 664680.877123720245436 ], [ 4230183.029538840055466, 664680.877123720245436 ], [ 4230220.454056188464165, 664680.877123720245436 ], [ 4230257.878573536872864, 664680.877123720245436 ], [ 4230295.303090885281563, 664680.877123720245436 ], [ 4230332.727608233690262, 664680.877123720245436 ], [ 4230370.152125582098961, 664680.877123720245436 ], [ 4230396.615255582146347, 664654.41399372019805 ], [ 4230396.615255582146347, 664616.98947637132369 ], [ 4230396.615255582146347, 664579.564959022449329 ], [ 4230396.615255582146347, 664542.140441673574969 ], [ 4230423.078385582193732, 664515.677311673527583 ], [ 4230460.502902930602431, 664515.677311673527583 ], [ 4230497.92742027901113, 664515.677311673527583 ], [ 4230535.351937627419829, 664515.677311673527583 ], [ 4230561.815067627467215, 664489.214181673480198 ], [ 4230561.815067627467215, 664451.789664324605837 ], [ 4230561.815067627467215, 664414.365146975731477 ], [ 4230561.815067627467215, 664376.940629626857117 ], [ 4230588.278197627514601, 664350.477499626809731 ], [ 4230625.7027149759233, 664350.477499626809731 ], [ 4230663.127232324331999, 664350.477499626809731 ], [ 4230700.551749672740698, 664350.477499626809731 ], [ 4230737.976267021149397, 664350.477499626809731 ], [ 4230775.400784369558096, 664350.477499626809731 ], [ 4230812.825301717966795, 664350.477499626809731 ], [ 4230850.249819066375494, 664350.477499626809731 ], [ 4230887.674336414784193, 664350.477499626809731 ], [ 4230925.098853763192892, 664350.477499626809731 ], [ 4230962.523371111601591, 664350.477499626809731 ], [ 4230999.94788846001029, 664350.477499626809731 ], [ 4231037.372405808418989, 664350.477499626809731 ], [ 4231074.796923156827688, 664350.477499626809731 ], [ 4231112.221440505236387, 664350.477499626809731 ], [ 4231149.645957853645086, 664350.477499626809731 ], [ 4231187.070475202053785, 664350.477499626809731 ], [ 4231224.494992550462484, 664350.477499626809731 ], [ 4231224.494992550462484, 664313.052982277935371 ], [ 4231224.494992550462484, 664275.62846492906101 ], [ 4231224.494992550462484, 664238.20394758018665 ], [ 4231224.494992550462484, 664200.77943023131229 ], [ 4231261.919509898871183, 664200.77943023131229 ], [ 4231299.344027247279882, 664200.77943023131229 ], [ 4231336.768544595688581, 664200.77943023131229 ], [ 4231374.193061944097281, 664200.77943023131229 ], [ 4231374.193061944097281, 664163.35491288243793 ], [ 4231374.193061944097281, 664125.930395533563569 ], [ 4231374.193061944097281, 664088.505878184689209 ], [ 4231374.193061944097281, 664051.081360835814849 ], [ 4231400.656191944144666, 664024.618230835767463 ], [ 4231438.080709292553365, 664024.618230835767463 ], [ 4231475.505226640962064, 664024.618230835767463 ], [ 4231512.929743989370763, 664024.618230835767463 ], [ 4231539.392873989418149, 663998.155100835720077 ], [ 4231539.392873989418149, 663960.730583486845717 ], [ 4231539.392873989418149, 663923.306066137971357 ], [ 4231539.392873989418149, 663885.881548789096996 ], [ 4231539.392873989418149, 663848.457031440222636 ], [ 4231539.392873989418149, 663811.032514091348276 ], [ 4231539.392873989418149, 663773.607996742473915 ], [ 4231539.392873989418149, 663736.183479393599555 ], [ 4231539.392873989418149, 663698.758962044725195 ], [ 4231539.392873989418149, 663661.334444695850834 ], [ 4231539.392873989418149, 663623.909927346976474 ], [ 4231539.392873989418149, 663586.485409998102114 ], [ 4231539.392873989418149, 663549.060892649227753 ], [ 4231565.856003989465535, 663522.597762649180368 ], [ 4231603.280521337874234, 663522.597762649180368 ], [ 4231640.705038686282933, 663522.597762649180368 ], [ 4231678.129556034691632, 663522.597762649180368 ], [ 4231678.129556034691632, 663485.173245300306007 ], [ 4231678.129556034691632, 663447.748727951431647 ], [ 4231678.129556034691632, 663410.324210602557287 ], [ 4231678.129556034691632, 663372.899693253682926 ], [ 4231678.129556034691632, 663335.475175904808566 ], [ 4231678.129556034691632, 663298.050658555934206 ], [ 4231678.129556034691632, 663260.626141207059845 ], [ 4231678.129556034691632, 663223.201623858185485 ], [ 4231678.129556034691632, 663185.777106509311125 ], [ 4231678.129556034691632, 663148.352589160436764 ], [ 4231678.129556034691632, 663110.928071811562404 ], [ 4231678.129556034691632, 663073.503554462688044 ], [ 4231678.129556034691632, 663036.079037113813683 ], [ 4231678.129556034691632, 662998.654519764939323 ], [ 4231678.129556034691632, 662961.230002416064963 ], [ 4231678.129556034691632, 662923.805485067190602 ], [ 4231678.129556034691632, 662886.380967718316242 ], [ 4231704.592686034739017, 662859.917837718268856 ], [ 4231742.017203383147717, 662859.917837718268856 ], [ 4231779.441720731556416, 662859.917837718268856 ], [ 4231816.866238079965115, 662859.917837718268856 ], [ 4231854.290755428373814, 662859.917837718268856 ], [ 4231854.290755428373814, 662822.493320369394496 ], [ 4231854.290755428373814, 662785.068803020520136 ], [ 4231854.290755428373814, 662747.644285671645775 ], [ 4231854.290755428373814, 662710.219768322771415 ], [ 4231854.290755428373814, 662672.795250973897055 ], [ 4231854.290755428373814, 662635.370733625022694 ], [ 4231854.290755428373814, 662597.946216276148334 ], [ 4231854.290755428373814, 662560.521698927273974 ], [ 4231854.290755428373814, 662523.097181578399613 ], [ 4231854.290755428373814, 662485.672664229525253 ], [ 4231854.290755428373814, 662448.248146880650893 ], [ 4231854.290755428373814, 662410.823629531776533 ], [ 4231880.753885428421199, 662384.360499531729147 ], [ 4231918.178402776829898, 662384.360499531729147 ], [ 4231955.602920125238597, 662384.360499531729147 ], [ 4231993.027437473647296, 662384.360499531729147 ], [ 4232030.451954822055995, 662384.360499531729147 ], [ 4232030.451954822055995, 662346.935982182854787 ], [ 4232030.451954822055995, 662309.511464833980426 ], [ 4232030.451954822055995, 662272.086947485106066 ], [ 4232030.451954822055995, 662234.662430136231706 ], [ 4232030.451954822055995, 662197.237912787357345 ], [ 4232030.451954822055995, 662159.813395438482985 ], [ 4232030.451954822055995, 662122.388878089608625 ], [ 4232030.451954822055995, 662084.964360740734264 ], [ 4232030.451954822055995, 662047.539843391859904 ], [ 4232030.451954822055995, 662010.115326042985544 ], [ 4232030.451954822055995, 661972.690808694111183 ], [ 4232030.451954822055995, 661935.266291345236823 ], [ 4232030.451954822055995, 661897.841773996362463 ], [ 4232030.451954822055995, 661860.417256647488102 ], [ 4232030.451954822055995, 661822.992739298613742 ], [ 4232030.451954822055995, 661785.568221949739382 ], [ 4232030.451954822055995, 661748.143704600865021 ], [ 4232056.915084822103381, 661721.680574600817636 ], [ 4232094.33960217051208, 661721.680574600817636 ], [ 4232131.764119518920779, 661721.680574600817636 ], [ 4232169.188636867329478, 661721.680574600817636 ], [ 4232206.613154215738177, 661721.680574600817636 ], [ 4232206.613154215738177, 661684.256057251943275 ], [ 4232206.613154215738177, 661646.831539903068915 ], [ 4232206.613154215738177, 661609.407022554194555 ], [ 4232206.613154215738177, 661571.982505205320194 ], [ 4232206.613154215738177, 661534.557987856445834 ], [ 4232206.613154215738177, 661497.133470507571474 ], [ 4232206.613154215738177, 661459.708953158697113 ], [ 4232206.613154215738177, 661422.284435809822753 ], [ 4232206.613154215738177, 661384.859918460948393 ], [ 4232206.613154215738177, 661347.435401112074032 ], [ 4232206.613154215738177, 661310.010883763199672 ], [ 4232206.613154215738177, 661272.586366414325312 ], [ 4232206.613154215738177, 661235.161849065450951 ], [ 4232233.076284215785563, 661208.698719065403566 ], [ 4232270.500801564194262, 661208.698719065403566 ], [ 4232307.925318912602961, 661208.698719065403566 ], [ 4232345.34983626101166, 661208.698719065403566 ], [ 4232345.34983626101166, 661171.274201716529205 ], [ 4232345.34983626101166, 661133.849684367654845 ], [ 4232345.34983626101166, 661096.425167018780485 ], [ 4232345.34983626101166, 661059.000649669906124 ], [ 4232345.34983626101166, 661021.576132321031764 ], [ 4232345.34983626101166, 660984.151614972157404 ], [ 4232345.34983626101166, 660946.727097623283044 ], [ 4232345.34983626101166, 660909.302580274408683 ], [ 4232345.34983626101166, 660871.878062925534323 ], [ 4232345.34983626101166, 660834.453545576659963 ], [ 4232345.34983626101166, 660797.029028227785602 ], [ 4232345.34983626101166, 660759.604510878911242 ], [ 4232345.34983626101166, 660722.179993530036882 ], [ 4232382.774353609420359, 660722.179993530036882 ], [ 4232420.198870957829058, 660722.179993530036882 ], [ 4232457.623388306237757, 660722.179993530036882 ], [ 4232495.047905654646456, 660722.179993530036882 ], [ 4232521.511035654693842, 660695.716863529989496 ], [ 4232521.511035654693842, 660658.292346181115136 ], [ 4232521.511035654693842, 660620.867828832240775 ], [ 4232521.511035654693842, 660583.443311483366415 ], [ 4232521.511035654693842, 660546.018794134492055 ], [ 4232521.511035654693842, 660508.594276785617694 ], [ 4232521.511035654693842, 660471.169759436743334 ], [ 4232521.511035654693842, 660433.745242087868974 ], [ 4232521.511035654693842, 660396.320724738994613 ], [ 4232521.511035654693842, 660358.896207390120253 ], [ 4232521.511035654693842, 660321.471690041245893 ], [ 4232521.511035654693842, 660284.047172692371532 ], [ 4232521.511035654693842, 660246.622655343497172 ], [ 4232521.511035654693842, 660209.198137994622812 ], [ 4232521.511035654693842, 660171.773620645748451 ], [ 4232521.511035654693842, 660134.349103296874091 ], [ 4232521.511035654693842, 660096.924585947999731 ], [ 4232521.511035654693842, 660059.50006859912537 ], [ 4232521.511035654693842, 660022.07555125025101 ], [ 4232521.511035654693842, 659984.65103390137665 ], [ 4232521.511035654693842, 659947.226516552502289 ], [ 4232521.511035654693842, 659909.801999203627929 ], [ 4232521.511035654693842, 659872.377481854753569 ], [ 4232521.511035654693842, 659834.952964505879208 ], [ 4232521.511035654693842, 659797.528447157004848 ], [ 4232521.511035654693842, 659760.103929808130488 ], [ 4232547.974165654741228, 659733.640799808083102 ], [ 4232585.398683003149927, 659733.640799808083102 ], [ 4232622.823200351558626, 659733.640799808083102 ], [ 4232660.247717699967325, 659733.640799808083102 ], [ 4232697.672235048376024, 659733.640799808083102 ], [ 4232697.672235048376024, 659696.216282459208742 ], [ 4232697.672235048376024, 659658.791765110334381 ], [ 4232697.672235048376024, 659621.367247761460021 ], [ 4232697.672235048376024, 659583.942730412585661 ], [ 4232697.672235048376024, 659546.5182130637113 ], [ 4232697.672235048376024, 659509.09369571483694 ], [ 4232697.672235048376024, 659471.66917836596258 ], [ 4232697.672235048376024, 659434.24466101708822 ], [ 4232697.672235048376024, 659396.820143668213859 ], [ 4232697.672235048376024, 659359.395626319339499 ], [ 4232697.672235048376024, 659321.971108970465139 ], [ 4232697.672235048376024, 659284.546591621590778 ], [ 4232697.672235048376024, 659247.122074272716418 ], [ 4232697.672235048376024, 659209.697556923842058 ], [ 4232697.672235048376024, 659172.273039574967697 ], [ 4232697.672235048376024, 659134.848522226093337 ], [ 4232697.672235048376024, 659097.424004877218977 ], [ 4232697.672235048376024, 659059.999487528344616 ], [ 4232697.672235048376024, 659022.574970179470256 ], [ 4232697.672235048376024, 658985.150452830595896 ], [ 4232697.672235048376024, 658947.725935481721535 ], [ 4232697.672235048376024, 658910.301418132847175 ], [ 4232697.672235048376024, 658872.876900783972815 ], [ 4232697.672235048376024, 658835.452383435098454 ], [ 4232697.672235048376024, 658798.027866086224094 ], [ 4232697.672235048376024, 658760.603348737349734 ], [ 4232697.672235048376024, 658723.178831388475373 ], [ 4232697.672235048376024, 658685.754314039601013 ], [ 4232697.672235048376024, 658648.329796690726653 ], [ 4232697.672235048376024, 658610.905279341852292 ], [ 4232697.672235048376024, 658573.480761992977932 ], [ 4232697.672235048376024, 658536.056244644103572 ], [ 4232697.672235048376024, 658498.631727295229211 ], [ 4232697.672235048376024, 658461.207209946354851 ], [ 4232697.672235048376024, 658423.782692597480491 ], [ 4232697.672235048376024, 658386.35817524860613 ], [ 4232697.672235048376024, 658348.93365789973177 ], [ 4232697.672235048376024, 658311.50914055085741 ], [ 4232697.672235048376024, 658274.08462320198305 ], [ 4232697.672235048376024, 658236.660105853108689 ], [ 4232697.672235048376024, 658199.235588504234329 ], [ 4232697.672235048376024, 658161.811071155359969 ], [ 4232697.672235048376024, 658124.386553806485608 ], [ 4232697.672235048376024, 658086.962036457611248 ], [ 4232697.672235048376024, 658049.537519108736888 ], [ 4232697.672235048376024, 658012.113001759862527 ], [ 4232697.672235048376024, 657974.688484410988167 ], [ 4232697.672235048376024, 657937.263967062113807 ], [ 4232697.672235048376024, 657899.839449713239446 ], [ 4232697.672235048376024, 657862.414932364365086 ], [ 4232697.672235048376024, 657824.990415015490726 ], [ 4232697.672235048376024, 657787.565897666616365 ], [ 4232697.672235048376024, 657750.141380317742005 ], [ 4232735.096752396784723, 657750.141380317742005 ], [ 4232772.521269745193422, 657750.141380317742005 ], [ 4232809.945787093602121, 657750.141380317742005 ], [ 4232847.37030444201082, 657750.141380317742005 ], [ 4232847.37030444201082, 657712.716862968867645 ], [ 4232847.37030444201082, 657675.292345619993284 ], [ 4232847.37030444201082, 657637.867828271118924 ], [ 4232847.37030444201082, 657600.443310922244564 ], [ 4232847.37030444201082, 657563.018793573370203 ], [ 4232847.37030444201082, 657525.594276224495843 ], [ 4232847.37030444201082, 657488.169758875621483 ], [ 4232847.37030444201082, 657450.745241526747122 ], [ 4232847.37030444201082, 657413.320724177872762 ], [ 4232847.37030444201082, 657375.896206828998402 ], [ 4232847.37030444201082, 657338.471689480124041 ], [ 4232847.37030444201082, 657301.047172131249681 ], [ 4232847.37030444201082, 657263.622654782375321 ], [ 4232847.37030444201082, 657226.19813743350096 ], [ 4232847.37030444201082, 657188.7736200846266 ], [ 4232847.37030444201082, 657151.34910273575224 ], [ 4232847.37030444201082, 657113.92458538687788 ], [ 4232847.37030444201082, 657076.500068038003519 ], [ 4232847.37030444201082, 657039.075550689129159 ], [ 4232847.37030444201082, 657001.651033340254799 ], [ 4232847.37030444201082, 656964.226515991380438 ], [ 4232847.37030444201082, 656926.801998642506078 ], [ 4232884.794821790419519, 656926.801998642506078 ], [ 4232922.219339138828218, 656926.801998642506078 ], [ 4232959.643856487236917, 656926.801998642506078 ], [ 4232997.068373835645616, 656926.801998642506078 ], [ 4233023.531503835693002, 656900.338868642458692 ], [ 4233023.531503835693002, 656862.914351293584332 ], [ 4233023.531503835693002, 656825.489833944709972 ], [ 4233023.531503835693002, 656788.065316595835611 ], [ 4233023.531503835693002, 656750.640799246961251 ], [ 4233023.531503835693002, 656713.216281898086891 ], [ 4233023.531503835693002, 656675.79176454921253 ], [ 4233023.531503835693002, 656638.36724720033817 ], [ 4233023.531503835693002, 656600.94272985146381 ], [ 4233023.531503835693002, 656563.518212502589449 ], [ 4233023.531503835693002, 656526.093695153715089 ], [ 4233023.531503835693002, 656488.669177804840729 ], [ 4233023.531503835693002, 656451.244660455966368 ], [ 4233023.531503835693002, 656413.820143107092008 ], [ 4233023.531503835693002, 656376.395625758217648 ], [ 4233023.531503835693002, 656338.971108409343287 ], [ 4233023.531503835693002, 656301.546591060468927 ], [ 4233023.531503835693002, 656264.122073711594567 ], [ 4233023.531503835693002, 656226.697556362720206 ], [ 4233023.531503835693002, 656189.273039013845846 ], [ 4233023.531503835693002, 656151.848521664971486 ], [ 4233023.531503835693002, 656114.424004316097125 ], [ 4233049.994633835740387, 656087.96087431604974 ], [ 4233087.419151184149086, 656087.96087431604974 ], [ 4233124.843668532557786, 656087.96087431604974 ], [ 4233162.268185880966485, 656087.96087431604974 ], [ 4233162.268185880966485, 656050.536356967175379 ], [ 4233162.268185880966485, 656013.111839618301019 ], [ 4233162.268185880966485, 655975.687322269426659 ], [ 4233162.268185880966485, 655938.262804920552298 ], [ 4233188.73131588101387, 655911.799674920504913 ], [ 4233226.155833229422569, 655911.799674920504913 ], [ 4233263.580350577831268, 655911.799674920504913 ], [ 4233301.004867926239967, 655911.799674920504913 ], [ 4233338.429385274648666, 655911.799674920504913 ], [ 4233338.429385274648666, 655874.375157571630552 ], [ 4233338.429385274648666, 655836.950640222756192 ], [ 4233338.429385274648666, 655799.526122873881832 ], [ 4233338.429385274648666, 655762.101605525007471 ], [ 4233338.429385274648666, 655724.677088176133111 ], [ 4233338.429385274648666, 655687.252570827258751 ], [ 4233338.429385274648666, 655649.82805347838439 ], [ 4233338.429385274648666, 655612.40353612951003 ], [ 4233364.892515274696052, 655585.940406129462644 ], [ 4233402.317032623104751, 655585.940406129462644 ], [ 4233439.74154997151345, 655585.940406129462644 ], [ 4233477.166067319922149, 655585.940406129462644 ], [ 4233514.590584668330848, 655585.940406129462644 ], [ 4233514.590584668330848, 655548.515888780588284 ], [ 4233514.590584668330848, 655511.091371431713924 ], [ 4233514.590584668330848, 655473.666854082839563 ], [ 4233514.590584668330848, 655436.242336733965203 ], [ 4233514.590584668330848, 655398.817819385090843 ], [ 4233514.590584668330848, 655361.393302036216483 ], [ 4233514.590584668330848, 655323.968784687342122 ], [ 4233514.590584668330848, 655286.544267338467762 ], [ 4233541.053714668378234, 655260.081137338420376 ], [ 4233578.478232016786933, 655260.081137338420376 ], [ 4233615.902749365195632, 655260.081137338420376 ], [ 4233653.327266713604331, 655260.081137338420376 ], [ 4233679.790396713651717, 655233.61800733837299 ], [ 4233679.790396713651717, 655196.19348998949863 ], [ 4233679.790396713651717, 655158.76897264062427 ], [ 4233679.790396713651717, 655121.34445529174991 ], [ 4233706.253526713699102, 655094.881325291702524 ], [ 4233743.678044062107801, 655094.881325291702524 ], [ 4233781.1025614105165, 655094.881325291702524 ], [ 4233818.5270787589252, 655094.881325291702524 ], [ 4233844.990208758972585, 655068.418195291655138 ], [ 4233844.990208758972585, 655030.993677942780778 ], [ 4233844.990208758972585, 654993.569160593906417 ], [ 4233844.990208758972585, 654956.144643245032057 ], [ 4233844.990208758972585, 654918.720125896157697 ], [ 4233844.990208758972585, 654881.295608547283337 ], [ 4233844.990208758972585, 654843.871091198408976 ], [ 4233844.990208758972585, 654806.446573849534616 ], [ 4233844.990208758972585, 654769.022056500660256 ], [ 4233882.414726107381284, 654769.022056500660256 ], [ 4233919.839243455789983, 654769.022056500660256 ], [ 4233957.263760804198682, 654769.022056500660256 ], [ 4233994.688278152607381, 654769.022056500660256 ], [ 4233994.688278152607381, 654731.597539151785895 ], [ 4233994.688278152607381, 654694.173021802911535 ], [ 4233994.688278152607381, 654656.748504454037175 ], [ 4233994.688278152607381, 654619.323987105162814 ], [ 4234021.151408152654767, 654592.860857105115429 ], [ 4234058.575925501063466, 654592.860857105115429 ], [ 4234096.000442849472165, 654592.860857105115429 ], [ 4234133.424960197880864, 654592.860857105115429 ], [ 4234159.88809019792825, 654566.397727105068043 ], [ 4234159.88809019792825, 654528.973209756193683 ], [ 4234159.88809019792825, 654491.548692407319322 ], [ 4234159.88809019792825, 654454.124175058444962 ], [ 4234159.88809019792825, 654416.699657709570602 ], [ 4234159.88809019792825, 654379.275140360696241 ], [ 4234159.88809019792825, 654341.850623011821881 ], [ 4234159.88809019792825, 654304.426105662947521 ], [ 4234186.351220197975636, 654277.962975662900135 ], [ 4234223.775737546384335, 654277.962975662900135 ], [ 4234261.200254894793034, 654277.962975662900135 ], [ 4234298.624772243201733, 654277.962975662900135 ], [ 4234336.049289591610432, 654277.962975662900135 ], [ 4234336.049289591610432, 654240.538458314025775 ], [ 4234336.049289591610432, 654203.113940965151414 ], [ 4234336.049289591610432, 654165.689423616277054 ], [ 4234336.049289591610432, 654128.264906267402694 ], [ 4234336.049289591610432, 654090.840388918528333 ], [ 4234336.049289591610432, 654053.415871569653973 ], [ 4234336.049289591610432, 654015.991354220779613 ], [ 4234336.049289591610432, 653978.566836871905252 ], [ 4234336.049289591610432, 653941.142319523030892 ], [ 4234373.473806940019131, 653941.142319523030892 ], [ 4234410.89832428842783, 653941.142319523030892 ], [ 4234448.322841636836529, 653941.142319523030892 ], [ 4234485.747358985245228, 653941.142319523030892 ], [ 4234485.747358985245228, 653903.717802174156532 ], [ 4234485.747358985245228, 653866.293284825282171 ], [ 4234485.747358985245228, 653828.868767476407811 ], [ 4234485.747358985245228, 653791.444250127533451 ], [ 4234512.210488985292614, 653764.981120127486065 ], [ 4234549.635006333701313, 653764.981120127486065 ], [ 4234587.059523682110012, 653764.981120127486065 ], [ 4234624.484041030518711, 653764.981120127486065 ], [ 4234661.90855837892741, 653764.981120127486065 ], [ 4234661.90855837892741, 653727.556602778611705 ], [ 4234661.90855837892741, 653690.132085429737344 ], [ 4234661.90855837892741, 653652.707568080862984 ], [ 4234661.90855837892741, 653615.283050731988624 ], [ 4234661.90855837892741, 653577.858533383114263 ], [ 4234661.90855837892741, 653540.434016034239903 ], [ 4234661.90855837892741, 653503.009498685365543 ], [ 4234661.90855837892741, 653465.584981336491182 ], [ 4234688.371688378974795, 653439.121851336443797 ], [ 4234725.796205727383494, 653439.121851336443797 ], [ 4234763.220723075792193, 653439.121851336443797 ], [ 4234800.645240424200892, 653439.121851336443797 ], [ 4234800.645240424200892, 653401.697333987569436 ], [ 4234800.645240424200892, 653364.272816638695076 ], [ 4234800.645240424200892, 653326.848299289820716 ], [ 4234800.645240424200892, 653289.423781940946355 ], [ 4234800.645240424200892, 653251.999264592071995 ], [ 4234800.645240424200892, 653214.574747243197635 ], [ 4234800.645240424200892, 653177.150229894323274 ], [ 4234800.645240424200892, 653139.725712545448914 ], [ 4234827.108370424248278, 653113.262582545401528 ], [ 4234864.532887772656977, 653113.262582545401528 ], [ 4234901.957405121065676, 653113.262582545401528 ], [ 4234939.381922469474375, 653113.262582545401528 ], [ 4234976.806439817883074, 653113.262582545401528 ], [ 4235003.26956981793046, 653086.799452545354143 ], [ 4235003.26956981793046, 653049.374935196479782 ], [ 4235003.26956981793046, 653011.950417847605422 ], [ 4235003.26956981793046, 652974.525900498731062 ], [ 4235029.732699817977846, 652948.062770498683676 ], [ 4235067.157217166386545, 652948.062770498683676 ], [ 4235104.581734514795244, 652948.062770498683676 ], [ 4235142.006251863203943, 652948.062770498683676 ], [ 4235168.469381863251328, 652921.59964049863629 ], [ 4235168.469381863251328, 652884.17512314976193 ], [ 4235168.469381863251328, 652846.75060580088757 ], [ 4235168.469381863251328, 652809.326088452013209 ], [ 4235194.932511863298714, 652782.862958451965824 ], [ 4235232.357029211707413, 652782.862958451965824 ], [ 4235269.781546560116112, 652782.862958451965824 ], [ 4235307.206063908524811, 652782.862958451965824 ], [ 4235307.206063908524811, 652745.438441103091463 ], [ 4235307.206063908524811, 652708.013923754217103 ], [ 4235307.206063908524811, 652670.589406405342743 ], [ 4235307.206063908524811, 652633.164889056468382 ], [ 4235307.206063908524811, 652595.740371707594022 ], [ 4235307.206063908524811, 652558.315854358719662 ], [ 4235307.206063908524811, 652520.891337009845302 ], [ 4235307.206063908524811, 652483.466819660970941 ], [ 4235333.669193908572197, 652457.003689660923555 ], [ 4235371.093711256980896, 652457.003689660923555 ], [ 4235408.518228605389595, 652457.003689660923555 ], [ 4235445.942745953798294, 652457.003689660923555 ], [ 4235483.367263302206993, 652457.003689660923555 ], [ 4235483.367263302206993, 652419.579172312049195 ], [ 4235483.367263302206993, 652382.154654963174835 ], [ 4235483.367263302206993, 652344.730137614300475 ], [ 4235483.367263302206993, 652307.305620265426114 ], [ 4235483.367263302206993, 652269.881102916551754 ], [ 4235483.367263302206993, 652232.456585567677394 ], [ 4235483.367263302206993, 652195.032068218803033 ], [ 4235483.367263302206993, 652157.607550869928673 ], [ 4235509.830393302254379, 652131.144420869881287 ], [ 4235547.254910650663078, 652131.144420869881287 ], [ 4235584.679427999071777, 652131.144420869881287 ], [ 4235622.103945347480476, 652131.144420869881287 ], [ 4235622.103945347480476, 652093.719903521006927 ], [ 4235622.103945347480476, 652056.295386172132567 ], [ 4235622.103945347480476, 652018.870868823258206 ], [ 4235622.103945347480476, 651981.446351474383846 ], [ 4235648.567075347527862, 651954.98322147433646 ], [ 4235685.991592695936561, 651954.98322147433646 ], [ 4235723.41611004434526, 651954.98322147433646 ], [ 4235760.840627392753959, 651954.98322147433646 ], [ 4235798.265144741162658, 651954.98322147433646 ], [ 4235824.728274741210043, 651928.520091474289075 ], [ 4235824.728274741210043, 651891.095574125414714 ], [ 4235824.728274741210043, 651853.671056776540354 ], [ 4235824.728274741210043, 651816.246539427665994 ], [ 4235824.728274741210043, 651778.822022078791633 ], [ 4235824.728274741210043, 651741.397504729917273 ], [ 4235824.728274741210043, 651703.972987381042913 ], [ 4235824.728274741210043, 651666.548470032168552 ], [ 4235824.728274741210043, 651629.123952683294192 ], [ 4235824.728274741210043, 651591.699435334419832 ], [ 4235824.728274741210043, 651554.274917985545471 ], [ 4235824.728274741210043, 651516.850400636671111 ], [ 4235824.728274741210043, 651479.425883287796751 ], [ 4235824.728274741210043, 651442.00136593892239 ], [ 4235824.728274741210043, 651404.57684859004803 ], [ 4235824.728274741210043, 651367.15233124117367 ], [ 4235824.728274741210043, 651329.727813892299309 ], [ 4235824.728274741210043, 651292.303296543424949 ], [ 4235824.728274741210043, 651254.878779194550589 ], [ 4235824.728274741210043, 651217.454261845676228 ], [ 4235824.728274741210043, 651180.029744496801868 ], [ 4235824.728274741210043, 651142.605227147927508 ], [ 4235824.728274741210043, 651105.180709799053147 ], [ 4235824.728274741210043, 651067.756192450178787 ], [ 4235824.728274741210043, 651030.331675101304427 ], [ 4235824.728274741210043, 650992.907157752430066 ], [ 4235824.728274741210043, 650955.482640403555706 ], [ 4235824.728274741210043, 650918.058123054681346 ], [ 4235824.728274741210043, 650880.633605705806985 ], [ 4235824.728274741210043, 650843.209088356932625 ], [ 4235824.728274741210043, 650805.784571008058265 ], [ 4235824.728274741210043, 650768.360053659183905 ], [ 4235824.728274741210043, 650730.935536310309544 ], [ 4235824.728274741210043, 650693.511018961435184 ], [ 4235824.728274741210043, 650656.086501612560824 ], [ 4235824.728274741210043, 650618.661984263686463 ], [ 4235824.728274741210043, 650581.237466914812103 ], [ 4235824.728274741210043, 650543.812949565937743 ], [ 4235824.728274741210043, 650506.388432217063382 ], [ 4235824.728274741210043, 650468.963914868189022 ], [ 4235824.728274741210043, 650431.539397519314662 ], [ 4235824.728274741210043, 650394.114880170440301 ], [ 4235824.728274741210043, 650356.690362821565941 ], [ 4235824.728274741210043, 650319.265845472691581 ], [ 4235851.191404741257429, 650292.802715472644195 ], [ 4235888.615922089666128, 650292.802715472644195 ], [ 4235926.040439438074827, 650292.802715472644195 ], [ 4235963.464956786483526, 650292.802715472644195 ], [ 4235989.928086786530912, 650266.339585472596809 ], [ 4235989.928086786530912, 650228.915068123722449 ], [ 4235989.928086786530912, 650191.490550774848089 ], [ 4235989.928086786530912, 650154.066033425973728 ], [ 4235989.928086786530912, 650116.641516077099368 ], [ 4235989.928086786530912, 650079.216998728225008 ], [ 4235989.928086786530912, 650041.792481379350647 ], [ 4235989.928086786530912, 650004.367964030476287 ], [ 4235989.928086786530912, 649966.943446681601927 ], [ 4235989.928086786530912, 649929.518929332727566 ], [ 4235989.928086786530912, 649892.094411983853206 ], [ 4235989.928086786530912, 649854.669894634978846 ], [ 4235989.928086786530912, 649817.245377286104485 ], [ 4235989.928086786530912, 649779.820859937230125 ], [ 4235989.928086786530912, 649742.396342588355765 ], [ 4235989.928086786530912, 649704.971825239481404 ], [ 4235989.928086786530912, 649667.547307890607044 ], [ 4235989.928086786530912, 649630.122790541732684 ], [ 4235989.928086786530912, 649592.698273192858323 ], [ 4235989.928086786530912, 649555.273755843983963 ], [ 4235989.928086786530912, 649517.849238495109603 ], [ 4235989.928086786530912, 649480.424721146235242 ], [ 4235989.928086786530912, 649443.000203797360882 ], [ 4235989.928086786530912, 649405.575686448486522 ], [ 4235989.928086786530912, 649368.151169099612162 ], [ 4235989.928086786530912, 649330.726651750737801 ], [ 4235989.928086786530912, 649293.302134401863441 ], [ 4235989.928086786530912, 649255.877617052989081 ], [ 4235989.928086786530912, 649218.45309970411472 ], [ 4235989.928086786530912, 649181.02858235524036 ], [ 4235989.928086786530912, 649143.604065006366 ], [ 4235989.928086786530912, 649106.179547657491639 ], [ 4235989.928086786530912, 649068.755030308617279 ], [ 4235989.928086786530912, 649031.330512959742919 ], [ 4235989.928086786530912, 648993.905995610868558 ], [ 4235989.928086786530912, 648956.481478261994198 ], [ 4235989.928086786530912, 648919.056960913119838 ], [ 4235989.928086786530912, 648881.632443564245477 ], [ 4235989.928086786530912, 648844.207926215371117 ], [ 4235989.928086786530912, 648806.783408866496757 ], [ 4235989.928086786530912, 648769.358891517622396 ], [ 4235989.928086786530912, 648731.934374168748036 ], [ 4235989.928086786530912, 648694.509856819873676 ], [ 4235989.928086786530912, 648657.085339470999315 ], [ 4235989.928086786530912, 648619.660822122124955 ], [ 4235989.928086786530912, 648582.236304773250595 ], [ 4235989.928086786530912, 648544.811787424376234 ], [ 4235989.928086786530912, 648507.387270075501874 ], [ 4235989.928086786530912, 648469.962752726627514 ], [ 4235989.928086786530912, 648432.538235377753153 ], [ 4235989.928086786530912, 648395.113718028878793 ], [ 4235989.928086786530912, 648357.689200680004433 ], [ 4235989.928086786530912, 648320.264683331130072 ], [ 4235989.928086786530912, 648282.840165982255712 ], [ 4235989.928086786530912, 648245.415648633381352 ], [ 4235989.928086786530912, 648207.991131284506992 ], [ 4235989.928086786530912, 648170.566613935632631 ], [ 4236016.391216786578298, 648144.103483935585245 ], [ 4236053.815734134986997, 648144.103483935585245 ], [ 4236091.240251483395696, 648144.103483935585245 ], [ 4236128.664768831804395, 648144.103483935585245 ], [ 4236128.664768831804395, 648106.678966586710885 ], [ 4236128.664768831804395, 648069.254449237836525 ], [ 4236128.664768831804395, 648031.829931888962165 ], [ 4236128.664768831804395, 647994.405414540087804 ], [ 4236128.664768831804395, 647956.980897191213444 ], [ 4236128.664768831804395, 647919.556379842339084 ], [ 4236128.664768831804395, 647882.131862493464723 ], [ 4236128.664768831804395, 647844.707345144590363 ], [ 4236128.664768831804395, 647807.282827795716003 ], [ 4236128.664768831804395, 647769.858310446841642 ], [ 4236128.664768831804395, 647732.433793097967282 ], [ 4236128.664768831804395, 647695.009275749092922 ], [ 4236128.664768831804395, 647657.584758400218561 ], [ 4236128.664768831804395, 647620.160241051344201 ], [ 4236128.664768831804395, 647582.735723702469841 ], [ 4236128.664768831804395, 647545.31120635359548 ], [ 4236128.664768831804395, 647507.88668900472112 ], [ 4236128.664768831804395, 647470.46217165584676 ], [ 4236128.664768831804395, 647433.037654306972399 ], [ 4236128.664768831804395, 647395.613136958098039 ], [ 4236128.664768831804395, 647358.188619609223679 ], [ 4236155.12789883185178, 647331.725489609176293 ], [ 4236192.552416180260479, 647331.725489609176293 ], [ 4236229.976933528669178, 647331.725489609176293 ], [ 4236267.401450877077878, 647331.725489609176293 ], [ 4236304.825968225486577, 647331.725489609176293 ], [ 4236304.825968225486577, 647294.300972260301933 ], [ 4236304.825968225486577, 647256.876454911427572 ], [ 4236304.825968225486577, 647219.451937562553212 ], [ 4236304.825968225486577, 647182.027420213678852 ], [ 4236304.825968225486577, 647144.602902864804491 ], [ 4236304.825968225486577, 647107.178385515930131 ], [ 4236304.825968225486577, 647069.753868167055771 ], [ 4236304.825968225486577, 647032.32935081818141 ], [ 4236304.825968225486577, 646994.90483346930705 ], [ 4236304.825968225486577, 646957.48031612043269 ], [ 4236304.825968225486577, 646920.055798771558329 ], [ 4236304.825968225486577, 646882.631281422683969 ], [ 4236304.825968225486577, 646845.206764073809609 ], [ 4236304.825968225486577, 646807.782246724935248 ], [ 4236304.825968225486577, 646770.357729376060888 ], [ 4236304.825968225486577, 646732.933212027186528 ], [ 4236304.825968225486577, 646695.508694678312168 ], [ 4236331.289098225533962, 646669.045564678264782 ], [ 4236368.713615573942661, 646669.045564678264782 ], [ 4236406.13813292235136, 646669.045564678264782 ], [ 4236443.562650270760059, 646669.045564678264782 ], [ 4236443.562650270760059, 646631.621047329390422 ], [ 4236443.562650270760059, 646594.196529980516061 ], [ 4236443.562650270760059, 646556.772012631641701 ], [ 4236443.562650270760059, 646519.347495282767341 ], [ 4236443.562650270760059, 646481.92297793389298 ], [ 4236443.562650270760059, 646444.49846058501862 ], [ 4236443.562650270760059, 646407.07394323614426 ], [ 4236443.562650270760059, 646369.649425887269899 ], [ 4236470.025780270807445, 646343.186295887222514 ], [ 4236507.450297619216144, 646343.186295887222514 ], [ 4236544.874814967624843, 646343.186295887222514 ], [ 4236582.299332316033542, 646343.186295887222514 ], [ 4236619.723849664442241, 646343.186295887222514 ], [ 4236646.186979664489627, 646316.723165887175128 ], [ 4236646.186979664489627, 646279.298648538300768 ], [ 4236646.186979664489627, 646241.874131189426407 ], [ 4236646.186979664489627, 646204.449613840552047 ], [ 4236646.186979664489627, 646167.025096491677687 ], [ 4236646.186979664489627, 646129.600579142803326 ], [ 4236646.186979664489627, 646092.176061793928966 ], [ 4236646.186979664489627, 646054.751544445054606 ], [ 4236646.186979664489627, 646017.327027096180245 ], [ 4236672.650109664537013, 645990.86389709613286 ], [ 4236710.074627012945712, 645990.86389709613286 ], [ 4236747.499144361354411, 645990.86389709613286 ], [ 4236784.92366170976311, 645990.86389709613286 ], [ 4236784.92366170976311, 645953.439379747258499 ], [ 4236784.92366170976311, 645916.014862398384139 ], [ 4236784.92366170976311, 645878.590345049509779 ], [ 4236784.92366170976311, 645841.165827700635418 ], [ 4236784.92366170976311, 645803.741310351761058 ], [ 4236784.92366170976311, 645766.316793002886698 ], [ 4236784.92366170976311, 645728.892275654012337 ], [ 4236784.92366170976311, 645691.467758305137977 ], [ 4236811.386791709810495, 645665.004628305090591 ], [ 4236848.811309058219194, 645665.004628305090591 ], [ 4236886.235826406627893, 645665.004628305090591 ], [ 4236923.660343755036592, 645665.004628305090591 ], [ 4236961.084861103445292, 645665.004628305090591 ], [ 4236961.084861103445292, 645627.580110956216231 ], [ 4236961.084861103445292, 645590.155593607341871 ], [ 4236961.084861103445292, 645552.73107625846751 ], [ 4236961.084861103445292, 645515.30655890959315 ], [ 4236961.084861103445292, 645477.88204156071879 ], [ 4236961.084861103445292, 645440.457524211844429 ], [ 4236961.084861103445292, 645403.033006862970069 ], [ 4236961.084861103445292, 645365.608489514095709 ], [ 4236987.547991103492677, 645339.145359514048323 ], [ 4237024.972508451901376, 645339.145359514048323 ], [ 4237062.397025800310075, 645339.145359514048323 ], [ 4237099.821543148718774, 645339.145359514048323 ], [ 4237126.28467314876616, 645312.682229514000937 ], [ 4237126.28467314876616, 645275.257712165126577 ], [ 4237126.28467314876616, 645237.833194816252217 ], [ 4237126.28467314876616, 645200.408677467377856 ], [ 4237152.747803148813546, 645173.945547467330471 ], [ 4237190.172320497222245, 645173.945547467330471 ], [ 4237227.596837845630944, 645173.945547467330471 ], [ 4237265.021355194039643, 645173.945547467330471 ], [ 4237302.445872542448342, 645173.945547467330471 ], [ 4237302.445872542448342, 645136.52103011845611 ], [ 4237302.445872542448342, 645099.09651276958175 ], [ 4237302.445872542448342, 645061.67199542070739 ], [ 4237302.445872542448342, 645024.247478071833029 ], [ 4237328.909002542495728, 644997.784348071785644 ], [ 4237366.333519890904427, 644997.784348071785644 ], [ 4237403.758037239313126, 644997.784348071785644 ], [ 4237441.182554587721825, 644997.784348071785644 ], [ 4237467.64568458776921, 644971.321218071738258 ], [ 4237467.64568458776921, 644933.896700722863898 ], [ 4237467.64568458776921, 644896.472183373989537 ], [ 4237467.64568458776921, 644859.047666025115177 ], [ 4237494.108814587816596, 644832.584536025067791 ], [ 4237531.533331936225295, 644832.584536025067791 ], [ 4237568.957849284633994, 644832.584536025067791 ], [ 4237606.382366633042693, 644832.584536025067791 ], [ 4237606.382366633042693, 644795.160018676193431 ], [ 4237606.382366633042693, 644757.735501327319071 ], [ 4237606.382366633042693, 644720.31098397844471 ], [ 4237606.382366633042693, 644682.88646662957035 ], [ 4237643.806883981451392, 644682.88646662957035 ], [ 4237681.231401329860091, 644682.88646662957035 ], [ 4237718.65591867826879, 644682.88646662957035 ], [ 4237756.080436026677489, 644682.88646662957035 ], [ 4237782.543566026724875, 644656.423336629522964 ], [ 4237782.543566026724875, 644618.998819280648604 ], [ 4237782.543566026724875, 644581.574301931774244 ], [ 4237782.543566026724875, 644544.149784582899883 ], [ 4237809.006696026772261, 644517.686654582852498 ], [ 4237846.43121337518096, 644517.686654582852498 ], [ 4237883.855730723589659, 644517.686654582852498 ], [ 4237921.280248071998358, 644517.686654582852498 ], [ 4237947.743378072045743, 644491.223524582805112 ], [ 4237947.743378072045743, 644453.799007233930752 ], [ 4237947.743378072045743, 644416.374489885056391 ], [ 4237947.743378072045743, 644378.949972536182031 ], [ 4237974.206508072093129, 644352.486842536134645 ], [ 4238011.631025420501828, 644352.486842536134645 ], [ 4238049.055542768910527, 644352.486842536134645 ], [ 4238086.480060117319226, 644352.486842536134645 ], [ 4238123.904577465727925, 644352.486842536134645 ], [ 4238123.904577465727925, 644315.062325187260285 ], [ 4238123.904577465727925, 644277.637807838385925 ], [ 4238123.904577465727925, 644240.213290489511564 ], [ 4238123.904577465727925, 644202.788773140637204 ], [ 4238150.367707465775311, 644176.325643140589818 ], [ 4238187.79222481418401, 644176.325643140589818 ], [ 4238225.216742162592709, 644176.325643140589818 ], [ 4238262.641259511001408, 644176.325643140589818 ], [ 4238289.104389511048794, 644149.862513140542433 ], [ 4238289.104389511048794, 644112.437995791668072 ], [ 4238289.104389511048794, 644075.013478442793712 ], [ 4238289.104389511048794, 644037.588961093919352 ], [ 4238315.567519511096179, 644011.125831093871966 ], [ 4238352.992036859504879, 644011.125831093871966 ], [ 4238390.416554207913578, 644011.125831093871966 ], [ 4238427.841071556322277, 644011.125831093871966 ], [ 4238427.841071556322277, 643973.701313744997606 ], [ 4238427.841071556322277, 643936.276796396123245 ], [ 4238427.841071556322277, 643898.852279047248885 ], [ 4238427.841071556322277, 643861.427761698374525 ], [ 4238427.841071556322277, 643824.003244349500164 ], [ 4238427.841071556322277, 643786.578727000625804 ], [ 4238427.841071556322277, 643749.154209651751444 ], [ 4238427.841071556322277, 643711.729692302877083 ], [ 4238454.304201556369662, 643685.266562302829698 ], [ 4238491.728718904778361, 643685.266562302829698 ], [ 4238529.15323625318706, 643685.266562302829698 ], [ 4238566.577753601595759, 643685.266562302829698 ], [ 4238604.002270950004458, 643685.266562302829698 ], [ 4238630.465400950051844, 643711.729692302877083 ], [ 4238630.465400950051844, 643749.154209651751444 ], [ 4238630.465400950051844, 643786.578727000625804 ], [ 4238630.465400950051844, 643824.003244349500164 ], [ 4238630.465400950051844, 643861.427761698374525 ], [ 4238667.889918298460543, 643861.427761698374525 ], [ 4238705.314435646869242, 643861.427761698374525 ], [ 4238742.738952995277941, 643861.427761698374525 ], [ 4238769.202082995325327, 643834.964631698327139 ], [ 4238769.202082995325327, 643797.540114349452779 ], [ 4238769.202082995325327, 643760.115597000578418 ], [ 4238769.202082995325327, 643722.691079651704058 ], [ 4238795.665212995372713, 643696.227949651656672 ], [ 4238833.089730343781412, 643696.227949651656672 ], [ 4238870.514247692190111, 643696.227949651656672 ], [ 4238907.93876504059881, 643696.227949651656672 ], [ 4238945.363282389007509, 643696.227949651656672 ], [ 4238945.363282389007509, 643658.803432302782312 ], [ 4238945.363282389007509, 643621.378914953907952 ], [ 4238945.363282389007509, 643583.954397605033591 ], [ 4238945.363282389007509, 643546.529880256159231 ], [ 4238971.826412389054894, 643520.066750256111845 ], [ 4239009.250929737463593, 643520.066750256111845 ], [ 4239046.675447085872293, 643520.066750256111845 ], [ 4239084.099964434280992, 643520.066750256111845 ], [ 4239110.563094434328377, 643493.60362025606446 ], [ 4239110.563094434328377, 643456.179102907190099 ], [ 4239110.563094434328377, 643418.754585558315739 ], [ 4239110.563094434328377, 643381.330068209441379 ], [ 4239110.563094434328377, 643343.905550860567018 ], [ 4239110.563094434328377, 643306.481033511692658 ], [ 4239110.563094434328377, 643269.056516162818298 ], [ 4239110.563094434328377, 643231.631998813943937 ], [ 4239110.563094434328377, 643194.207481465069577 ], [ 4239147.987611782737076, 643194.207481465069577 ], [ 4239185.412129131145775, 643194.207481465069577 ], [ 4239222.836646479554474, 643194.207481465069577 ], [ 4239260.261163827963173, 643194.207481465069577 ], [ 4239297.685681176371872, 643194.207481465069577 ], [ 4239335.110198524780571, 643194.207481465069577 ], [ 4239372.53471587318927, 643194.207481465069577 ], [ 4239409.95923322159797, 643194.207481465069577 ], [ 4239447.383750570006669, 643194.207481465069577 ], [ 4239484.808267918415368, 643194.207481465069577 ], [ 4239522.232785266824067, 643194.207481465069577 ], [ 4239559.657302615232766, 643194.207481465069577 ], [ 4239597.081819963641465, 643194.207481465069577 ], [ 4239597.081819963641465, 643156.782964116195217 ], [ 4239597.081819963641465, 643119.358446767320856 ], [ 4239597.081819963641465, 643081.933929418446496 ], [ 4239597.081819963641465, 643044.509412069572136 ], [ 4239623.54494996368885, 643018.04628206952475 ], [ 4239660.969467312097549, 643018.04628206952475 ], [ 4239698.393984660506248, 643018.04628206952475 ], [ 4239735.818502008914948, 643018.04628206952475 ], [ 4239773.243019357323647, 643018.04628206952475 ], [ 4239773.243019357323647, 642980.62176472065039 ], [ 4239773.243019357323647, 642943.197247371776029 ], [ 4239773.243019357323647, 642905.772730022901669 ], [ 4239773.243019357323647, 642868.348212674027309 ], [ 4239810.667536705732346, 642868.348212674027309 ], [ 4239848.092054054141045, 642868.348212674027309 ], [ 4239885.516571402549744, 642868.348212674027309 ], [ 4239922.941088750958443, 642868.348212674027309 ], [ 4239960.365606099367142, 642868.348212674027309 ], [ 4239997.790123447775841, 642868.348212674027309 ], [ 4240035.21464079618454, 642868.348212674027309 ], [ 4240072.639158144593239, 642868.348212674027309 ], [ 4240110.063675493001938, 642868.348212674027309 ], [ 4240147.488192841410637, 642868.348212674027309 ], [ 4240184.912710189819336, 642868.348212674027309 ], [ 4240222.337227538228035, 642868.348212674027309 ], [ 4240248.800357538275421, 642841.885082673979923 ], [ 4240248.800357538275421, 642804.460565325105563 ], [ 4240248.800357538275421, 642767.036047976231202 ], [ 4240248.800357538275421, 642729.611530627356842 ], [ 4240275.263487538322806, 642703.148400627309456 ], [ 4240312.688004886731505, 642703.148400627309456 ], [ 4240350.112522235140204, 642703.148400627309456 ], [ 4240387.537039583548903, 642703.148400627309456 ], [ 4240424.961556931957603, 642703.148400627309456 ], [ 4240424.961556931957603, 642665.723883278435096 ], [ 4240424.961556931957603, 642628.299365929560736 ], [ 4240424.961556931957603, 642590.874848580686375 ], [ 4240424.961556931957603, 642553.450331231812015 ], [ 4240451.424686932004988, 642526.987201231764629 ], [ 4240488.849204280413687, 642526.987201231764629 ], [ 4240526.273721628822386, 642526.987201231764629 ], [ 4240563.698238977231085, 642526.987201231764629 ], [ 4240601.122756325639784, 642526.987201231764629 ], [ 4240638.547273674048483, 642526.987201231764629 ], [ 4240675.971791022457182, 642526.987201231764629 ], [ 4240713.396308370865881, 642526.987201231764629 ], [ 4240750.82082571927458, 642526.987201231764629 ], [ 4240788.24534306768328, 642526.987201231764629 ], [ 4240825.669860416091979, 642526.987201231764629 ], [ 4240863.094377764500678, 642526.987201231764629 ], [ 4240900.518895112909377, 642526.987201231764629 ], [ 4240937.943412461318076, 642526.987201231764629 ], [ 4240975.367929809726775, 642526.987201231764629 ], [ 4241012.792447158135474, 642526.987201231764629 ], [ 4241050.216964506544173, 642526.987201231764629 ], [ 4241087.641481854952872, 642526.987201231764629 ], [ 4241125.065999203361571, 642526.987201231764629 ], [ 4241162.49051655177027, 642526.987201231764629 ], [ 4241199.915033900178969, 642526.987201231764629 ], [ 4241237.339551248587668, 642526.987201231764629 ], [ 4241274.764068596996367, 642526.987201231764629 ], [ 4241312.188585945405066, 642526.987201231764629 ], [ 4241349.613103293813765, 642526.987201231764629 ], [ 4241387.037620642222464, 642526.987201231764629 ], [ 4241424.462137990631163, 642526.987201231764629 ], [ 4241461.886655339039862, 642526.987201231764629 ], [ 4241499.311172687448561, 642526.987201231764629 ], [ 4241536.73569003585726, 642526.987201231764629 ], [ 4241574.160207384265959, 642526.987201231764629 ], [ 4241611.584724732674658, 642526.987201231764629 ], [ 4241649.009242081083357, 642526.987201231764629 ], [ 4241686.433759429492056, 642526.987201231764629 ], [ 4241723.858276777900755, 642526.987201231764629 ], [ 4241761.282794126309454, 642526.987201231764629 ], [ 4241798.707311474718153, 642526.987201231764629 ], [ 4241836.131828823126853, 642526.987201231764629 ], [ 4241873.556346171535552, 642526.987201231764629 ], [ 4241910.980863519944251, 642526.987201231764629 ], [ 4241948.40538086835295, 642526.987201231764629 ], [ 4241985.829898216761649, 642526.987201231764629 ], [ 4242023.254415565170348, 642526.987201231764629 ], [ 4242060.678932913579047, 642526.987201231764629 ], [ 4242098.103450261987746, 642526.987201231764629 ], [ 4242135.527967610396445, 642526.987201231764629 ], [ 4242172.952484958805144, 642526.987201231764629 ], [ 4242210.377002307213843, 642526.987201231764629 ], [ 4242247.801519655622542, 642526.987201231764629 ], [ 4242285.226037004031241, 642526.987201231764629 ], [ 4242322.65055435243994, 642526.987201231764629 ], [ 4242360.075071700848639, 642526.987201231764629 ], [ 4242397.499589049257338, 642526.987201231764629 ], [ 4242434.924106397666037, 642526.987201231764629 ], [ 4242472.348623746074736, 642526.987201231764629 ], [ 4242509.773141094483435, 642526.987201231764629 ], [ 4242547.197658442892134, 642526.987201231764629 ], [ 4242573.66078844293952, 642553.450331231812015 ], [ 4242573.66078844293952, 642590.874848580686375 ], [ 4242573.66078844293952, 642628.299365929560736 ], [ 4242573.66078844293952, 642665.723883278435096 ], [ 4242573.66078844293952, 642703.148400627309456 ], [ 4242611.085305791348219, 642703.148400627309456 ], [ 4242648.509823139756918, 642703.148400627309456 ], [ 4242685.934340488165617, 642703.148400627309456 ], [ 4242723.358857836574316, 642703.148400627309456 ], [ 4242749.821987836621702, 642729.611530627356842 ], [ 4242749.821987836621702, 642767.036047976231202 ], [ 4242749.821987836621702, 642804.460565325105563 ], [ 4242749.821987836621702, 642841.885082673979923 ], [ 4242776.285117836669087, 642868.348212674027309 ], [ 4242813.709635185077786, 642868.348212674027309 ], [ 4242851.134152533486485, 642868.348212674027309 ], [ 4242888.558669881895185, 642868.348212674027309 ], [ 4242915.02179988194257, 642894.811342674074695 ], [ 4242915.02179988194257, 642932.235860022949055 ], [ 4242915.02179988194257, 642969.660377371823415 ], [ 4242915.02179988194257, 643007.084894720697775 ], [ 4242941.484929881989956, 643033.548024720745161 ], [ 4242978.909447230398655, 643033.548024720745161 ], [ 4243016.333964578807354, 643033.548024720745161 ], [ 4243053.758481927216053, 643033.548024720745161 ], [ 4243080.221611927263439, 643060.011154720792547 ], [ 4243080.221611927263439, 643097.435672069666907 ], [ 4243080.221611927263439, 643134.860189418541268 ], [ 4243080.221611927263439, 643172.284706767415628 ], [ 4243106.684741927310824, 643198.747836767463014 ], [ 4243144.109259275719523, 643198.747836767463014 ], [ 4243181.533776624128222, 643198.747836767463014 ], [ 4243218.958293972536922, 643198.747836767463014 ], [ 4243256.382811320945621, 643198.747836767463014 ], [ 4243293.80732866935432, 643198.747836767463014 ], [ 4243331.231846017763019, 643198.747836767463014 ], [ 4243368.656363366171718, 643198.747836767463014 ], [ 4243395.119493366219103, 643225.210966767510399 ], [ 4243395.119493366219103, 643262.63548411638476 ], [ 4243395.119493366219103, 643300.06000146525912 ], [ 4243395.119493366219103, 643337.48451881413348 ], [ 4243421.582623366266489, 643363.947648814180866 ], [ 4243459.007140714675188, 643363.947648814180866 ], [ 4243496.431658063083887, 643363.947648814180866 ], [ 4243533.856175411492586, 643363.947648814180866 ], [ 4243560.319305411539972, 643390.410778814228252 ], [ 4243560.319305411539972, 643427.835296163102612 ], [ 4243560.319305411539972, 643465.259813511976972 ], [ 4243560.319305411539972, 643502.684330860851333 ], [ 4243586.782435411587358, 643529.147460860898718 ], [ 4243624.206952759996057, 643529.147460860898718 ], [ 4243661.631470108404756, 643529.147460860898718 ], [ 4243699.055987456813455, 643529.147460860898718 ], [ 4243699.055987456813455, 643491.722943512024358 ], [ 4243699.055987456813455, 643454.298426163149998 ], [ 4243699.055987456813455, 643416.873908814275637 ], [ 4243699.055987456813455, 643379.449391465401277 ], [ 4243725.51911745686084, 643352.986261465353891 ], [ 4243762.943634805269539, 643352.986261465353891 ], [ 4243800.368152153678238, 643352.986261465353891 ], [ 4243837.792669502086937, 643352.986261465353891 ], [ 4243875.217186850495636, 643352.986261465353891 ], [ 4243901.680316850543022, 643379.449391465401277 ], [ 4243901.680316850543022, 643416.873908814275637 ], [ 4243901.680316850543022, 643454.298426163149998 ], [ 4243901.680316850543022, 643491.722943512024358 ], [ 4243901.680316850543022, 643529.147460860898718 ], [ 4243939.104834198951721, 643529.147460860898718 ], [ 4243976.52935154736042, 643529.147460860898718 ], [ 4244013.953868895769119, 643529.147460860898718 ], [ 4244013.953868895769119, 643491.722943512024358 ], [ 4244013.953868895769119, 643454.298426163149998 ], [ 4244013.953868895769119, 643416.873908814275637 ], [ 4244013.953868895769119, 643379.449391465401277 ], [ 4244040.416998895816505, 643352.986261465353891 ], [ 4244077.841516244225204, 643352.986261465353891 ], [ 4244115.266033592633903, 643352.986261465353891 ], [ 4244152.690550941042602, 643352.986261465353891 ], [ 4244190.115068289451301, 643352.986261465353891 ], [ 4244227.53958563786, 643352.986261465353891 ], [ 4244264.964102986268699, 643352.986261465353891 ], [ 4244302.388620334677398, 643352.986261465353891 ], [ 4244339.813137683086097, 643352.986261465353891 ], [ 4244377.237655031494796, 643352.986261465353891 ], [ 4244377.237655031494796, 643315.561744116479531 ], [ 4244377.237655031494796, 643278.137226767605171 ], [ 4244377.237655031494796, 643240.71270941873081 ], [ 4244377.237655031494796, 643203.28819206985645 ], [ 4244403.700785031542182, 643176.825062069809064 ], [ 4244441.125302379950881, 643176.825062069809064 ], [ 4244478.54981972835958, 643176.825062069809064 ], [ 4244515.974337076768279, 643176.825062069809064 ], [ 4244553.398854425176978, 643176.825062069809064 ], [ 4244590.823371773585677, 643176.825062069809064 ], [ 4244628.247889121994376, 643176.825062069809064 ], [ 4244665.672406470403075, 643176.825062069809064 ], [ 4244692.135536470450461, 643150.361932069761679 ], [ 4244692.135536470450461, 643112.937414720887318 ], [ 4244692.135536470450461, 643075.512897372012958 ], [ 4244692.135536470450461, 643038.088380023138598 ], [ 4244718.598666470497847, 643011.625250023091212 ], [ 4244756.023183818906546, 643011.625250023091212 ], [ 4244793.447701167315245, 643011.625250023091212 ], [ 4244830.872218515723944, 643011.625250023091212 ], [ 4244868.296735864132643, 643011.625250023091212 ], [ 4244905.721253212541342, 643011.625250023091212 ], [ 4244943.145770560950041, 643011.625250023091212 ], [ 4244980.57028790935874, 643011.625250023091212 ], [ 4245017.994805257767439, 643011.625250023091212 ], [ 4245017.994805257767439, 642974.200732674216852 ], [ 4245017.994805257767439, 642936.776215325342491 ], [ 4245017.994805257767439, 642899.351697976468131 ], [ 4245017.994805257767439, 642861.927180627593771 ], [ 4245055.419322606176138, 642861.927180627593771 ], [ 4245092.843839954584837, 642861.927180627593771 ], [ 4245130.268357302993536, 642861.927180627593771 ], [ 4245167.692874651402235, 642861.927180627593771 ], [ 4245194.156004651449621, 642835.464050627546385 ], [ 4245194.156004651449621, 642798.039533278672025 ], [ 4245194.156004651449621, 642760.615015929797664 ], [ 4245194.156004651449621, 642723.190498580923304 ], [ 4245220.619134651497006, 642696.727368580875918 ], [ 4245258.043652, 642696.727368580875918 ], [ 4245295.468169348314404, 642696.727368580875918 ], [ 4245332.892686696723104, 642696.727368580875918 ], [ 4245332.892686696723104, 642659.302851232001558 ], [ 4245332.892686696723104, 642621.878333883127198 ], [ 4245332.892686696723104, 642584.453816534252837 ], [ 4245332.892686696723104, 642547.029299185378477 ], [ 4245359.355816696770489, 642520.566169185331091 ], [ 4245396.780334045179188, 642520.566169185331091 ], [ 4245434.204851393587887, 642520.566169185331091 ], [ 4245471.629368741996586, 642520.566169185331091 ], [ 4245509.053886090405285, 642520.566169185331091 ], [ 4245509.053886090405285, 642483.141651836456731 ], [ 4245509.053886090405285, 642445.717134487582371 ], [ 4245509.053886090405285, 642408.29261713870801 ], [ 4245509.053886090405285, 642370.86809978983365 ], [ 4245509.053886090405285, 642333.44358244095929 ], [ 4245509.053886090405285, 642296.019065092084929 ], [ 4245509.053886090405285, 642258.594547743210569 ], [ 4245509.053886090405285, 642221.170030394336209 ], [ 4245535.517016090452671, 642194.706900394288823 ], [ 4245572.94153343886137, 642194.706900394288823 ], [ 4245610.366050787270069, 642194.706900394288823 ], [ 4245647.790568135678768, 642194.706900394288823 ], [ 4245685.215085484087467, 642194.706900394288823 ], [ 4245722.639602832496166, 642194.706900394288823 ], [ 4245760.064120180904865, 642194.706900394288823 ], [ 4245797.488637529313564, 642194.706900394288823 ], [ 4245834.913154877722263, 642194.706900394288823 ], [ 4245872.337672226130962, 642194.706900394288823 ], [ 4245909.762189574539661, 642194.706900394288823 ], [ 4245947.18670692294836, 642194.706900394288823 ], [ 4245984.611224271357059, 642194.706900394288823 ], [ 4246011.074354271404445, 642168.243770394241437 ], [ 4246011.074354271404445, 642130.819253045367077 ], [ 4246011.074354271404445, 642093.394735696492717 ], [ 4246011.074354271404445, 642055.970218347618356 ], [ 4246037.537484271451831, 642029.507088347570971 ], [ 4246074.96200161986053, 642029.507088347570971 ], [ 4246112.386518968269229, 642029.507088347570971 ], [ 4246149.811036316677928, 642029.507088347570971 ], [ 4246176.274166316725314, 642003.043958347523585 ], [ 4246176.274166316725314, 641965.619440998649225 ], [ 4246176.274166316725314, 641928.194923649774864 ], [ 4246176.274166316725314, 641890.770406300900504 ], [ 4246176.274166316725314, 641853.345888952026144 ], [ 4246176.274166316725314, 641815.921371603151783 ], [ 4246176.274166316725314, 641778.496854254277423 ], [ 4246176.274166316725314, 641741.072336905403063 ], [ 4246176.274166316725314, 641703.647819556528702 ], [ 4246213.698683665134013, 641703.647819556528702 ], [ 4246251.123201013542712, 641703.647819556528702 ], [ 4246288.547718361951411, 641703.647819556528702 ], [ 4246325.97223571036011, 641703.647819556528702 ], [ 4246363.396753058768809, 641703.647819556528702 ], [ 4246400.821270407177508, 641703.647819556528702 ], [ 4246438.245787755586207, 641703.647819556528702 ], [ 4246475.670305103994906, 641703.647819556528702 ], [ 4246513.094822452403605, 641703.647819556528702 ], [ 4246550.519339800812304, 641703.647819556528702 ], [ 4246587.943857149221003, 641703.647819556528702 ], [ 4246625.368374497629702, 641703.647819556528702 ], [ 4246662.792891846038401, 641703.647819556528702 ], [ 4246662.792891846038401, 641666.223302207654342 ], [ 4246662.792891846038401, 641628.798784858779982 ], [ 4246662.792891846038401, 641591.374267509905621 ], [ 4246662.792891846038401, 641553.949750161031261 ], [ 4246689.256021846085787, 641527.486620160983875 ], [ 4246726.680539194494486, 641527.486620160983875 ], [ 4246764.105056542903185, 641527.486620160983875 ], [ 4246801.529573891311884, 641527.486620160983875 ], [ 4246838.954091239720583, 641527.486620160983875 ], [ 4246838.954091239720583, 641490.062102812109515 ], [ 4246838.954091239720583, 641452.637585463235155 ], [ 4246838.954091239720583, 641415.213068114360794 ], [ 4246838.954091239720583, 641377.788550765486434 ], [ 4246876.378608588129282, 641377.788550765486434 ], [ 4246913.803125936537981, 641377.788550765486434 ], [ 4246951.22764328494668, 641377.788550765486434 ], [ 4246988.652160633355379, 641377.788550765486434 ], [ 4247026.076677981764078, 641377.788550765486434 ], [ 4247063.501195330172777, 641377.788550765486434 ], [ 4247100.925712678581476, 641377.788550765486434 ], [ 4247138.350230026990175, 641377.788550765486434 ], [ 4247175.774747375398874, 641377.788550765486434 ], [ 4247213.199264723807573, 641377.788550765486434 ], [ 4247250.623782072216272, 641377.788550765486434 ], [ 4247288.048299420624971, 641377.788550765486434 ], [ 4247325.47281676903367, 641377.788550765486434 ], [ 4247325.47281676903367, 641340.364033416612074 ], [ 4247325.47281676903367, 641302.939516067737713 ], [ 4247325.47281676903367, 641265.514998718863353 ], [ 4247325.47281676903367, 641228.090481369988993 ], [ 4247351.935946769081056, 641201.627351369941607 ], [ 4247389.360464117489755, 641201.627351369941607 ], [ 4247426.784981465898454, 641201.627351369941607 ], [ 4247464.209498814307153, 641201.627351369941607 ], [ 4247501.634016162715852, 641201.627351369941607 ], [ 4247539.058533511124551, 641201.627351369941607 ], [ 4247576.48305085953325, 641201.627351369941607 ], [ 4247613.907568207941949, 641201.627351369941607 ], [ 4247651.332085556350648, 641201.627351369941607 ], [ 4247688.756602904759347, 641201.627351369941607 ], [ 4247726.181120253168046, 641201.627351369941607 ], [ 4247763.605637601576746, 641201.627351369941607 ], [ 4247801.030154949985445, 641201.627351369941607 ], [ 4247838.454672298394144, 641201.627351369941607 ], [ 4247875.879189646802843, 641201.627351369941607 ], [ 4247913.303706995211542, 641201.627351369941607 ], [ 4247950.728224343620241, 641201.627351369941607 ], [ 4247988.15274169202894, 641201.627351369941607 ], [ 4247988.15274169202894, 641239.051868718815967 ], [ 4247988.15274169202894, 641276.476386067690328 ], [ 4247988.15274169202894, 641313.900903416564688 ], [ 4247988.15274169202894, 641351.325420765439048 ], [ 4247988.15274169202894, 641388.749938114313409 ], [ 4247988.15274169202894, 641426.174455463187769 ], [ 4247988.15274169202894, 641463.598972812062129 ], [ 4247988.15274169202894, 641501.02349016093649 ], [ 4247988.15274169202894, 641538.44800750981085 ], [ 4248025.577259040437639, 641538.44800750981085 ], [ 4248063.001776388846338, 641538.44800750981085 ], [ 4248100.426293737255037, 641538.44800750981085 ], [ 4248137.850811085663736, 641538.44800750981085 ], [ 4248164.313941085711122, 641564.911137509858236 ], [ 4248164.313941085711122, 641602.335654858732596 ], [ 4248164.313941085711122, 641639.760172207606956 ], [ 4248164.313941085711122, 641677.184689556481317 ], [ 4248190.777071085758507, 641703.647819556528702 ], [ 4248228.201588434167206, 641703.647819556528702 ], [ 4248265.626105782575905, 641703.647819556528702 ], [ 4248303.050623130984604, 641703.647819556528702 ], [ 4248329.51375313103199, 641730.110949556576088 ], [ 4248329.51375313103199, 641767.535466905450448 ], [ 4248329.51375313103199, 641804.959984254324809 ], [ 4248329.51375313103199, 641842.384501603199169 ], [ 4248329.51375313103199, 641879.809018952073529 ], [ 4248329.51375313103199, 641917.23353630094789 ], [ 4248329.51375313103199, 641954.65805364982225 ], [ 4248329.51375313103199, 641992.08257099869661 ], [ 4248329.51375313103199, 642029.507088347570971 ], [ 4248366.938270479440689, 642029.507088347570971 ], [ 4248404.362787827849388, 642029.507088347570971 ], [ 4248441.787305176258087, 642029.507088347570971 ], [ 4248479.211822524666786, 642029.507088347570971 ], [ 4248505.674952524714172, 642055.970218347618356 ], [ 4248505.674952524714172, 642093.394735696492717 ], [ 4248505.674952524714172, 642130.819253045367077 ], [ 4248505.674952524714172, 642168.243770394241437 ], [ 4248505.674952524714172, 642205.668287743115798 ], [ 4248543.099469873122871, 642205.668287743115798 ], [ 4248580.52398722153157, 642205.668287743115798 ], [ 4248617.948504569940269, 642205.668287743115798 ], [ 4248644.411634569987655, 642232.131417743163183 ], [ 4248644.411634569987655, 642269.555935092037544 ], [ 4248644.411634569987655, 642306.980452440911904 ], [ 4248644.411634569987655, 642344.404969789786264 ], [ 4248644.411634569987655, 642381.829487138660625 ], [ 4248644.411634569987655, 642419.254004487534985 ], [ 4248644.411634569987655, 642456.678521836409345 ], [ 4248644.411634569987655, 642494.103039185283706 ], [ 4248644.411634569987655, 642531.527556534158066 ], [ 4248681.836151918396354, 642531.527556534158066 ], [ 4248719.260669266805053, 642531.527556534158066 ], [ 4248756.685186615213752, 642531.527556534158066 ], [ 4248794.109703963622451, 642531.527556534158066 ], [ 4248820.572833963669837, 642557.990686534205452 ], [ 4248820.572833963669837, 642595.415203883079812 ], [ 4248820.572833963669837, 642632.839721231954172 ], [ 4248820.572833963669837, 642670.264238580828533 ], [ 4248847.035963963717222, 642696.727368580875918 ], [ 4248884.460481312125921, 642696.727368580875918 ], [ 4248921.88499866053462, 642696.727368580875918 ], [ 4248959.309516008943319, 642696.727368580875918 ], [ 4248985.772646008990705, 642723.190498580923304 ], [ 4248985.772646008990705, 642760.615015929797664 ], [ 4248985.772646008990705, 642798.039533278672025 ], [ 4248985.772646008990705, 642835.464050627546385 ], [ 4248985.772646008990705, 642872.888567976420745 ], [ 4248985.772646008990705, 642910.313085325295106 ], [ 4248985.772646008990705, 642947.737602674169466 ], [ 4248985.772646008990705, 642985.162120023043826 ], [ 4248985.772646008990705, 643022.586637371918187 ], [ 4249023.197163357399404, 643022.586637371918187 ], [ 4249060.621680705808103, 643022.586637371918187 ], [ 4249098.046198054216802, 643022.586637371918187 ], [ 4249135.470715402625501, 643022.586637371918187 ], [ 4249161.933845402672887, 643049.049767371965572 ], [ 4249161.933845402672887, 643086.474284720839933 ], [ 4249161.933845402672887, 643123.898802069714293 ], [ 4249161.933845402672887, 643161.323319418588653 ], [ 4249161.933845402672887, 643198.747836767463014 ], [ 4249199.358362751081586, 643198.747836767463014 ], [ 4249236.782880099490285, 643198.747836767463014 ], [ 4249274.207397447898984, 643198.747836767463014 ], [ 4249311.631914796307683, 643198.747836767463014 ], [ 4249311.631914796307683, 643236.172354116337374 ], [ 4249311.631914796307683, 643273.596871465211734 ], [ 4249311.631914796307683, 643311.021388814086094 ], [ 4249311.631914796307683, 643348.445906162960455 ], [ 4249311.631914796307683, 643385.870423511834815 ], [ 4249311.631914796307683, 643423.294940860709175 ], [ 4249311.631914796307683, 643460.719458209583536 ], [ 4249311.631914796307683, 643498.143975558457896 ], [ 4249338.095044796355069, 643524.607105558505282 ], [ 4249375.519562144763768, 643524.607105558505282 ], [ 4249412.944079493172467, 643524.607105558505282 ], [ 4249450.368596841581166, 643524.607105558505282 ], [ 4249476.831726841628551, 643551.070235558552667 ], [ 4249476.831726841628551, 643588.494752907427028 ], [ 4249476.831726841628551, 643625.919270256301388 ], [ 4249476.831726841628551, 643663.343787605175748 ], [ 4249503.294856841675937, 643689.806917605223134 ], [ 4249540.719374190084636, 643689.806917605223134 ], [ 4249578.143891538493335, 643689.806917605223134 ], [ 4249615.568408886902034, 643689.806917605223134 ], [ 4249652.992926235310733, 643689.806917605223134 ], [ 4249690.417443583719432, 643689.806917605223134 ], [ 4249727.841960932128131, 643689.806917605223134 ], [ 4249765.26647828053683, 643689.806917605223134 ], [ 4249802.690995628945529, 643689.806917605223134 ], [ 4249829.154125628992915, 643716.27004760527052 ], [ 4249829.154125628992915, 643753.69456495414488 ], [ 4249829.154125628992915, 643791.11908230301924 ], [ 4249829.154125628992915, 643828.543599651893601 ], [ 4249829.154125628992915, 643865.968117000767961 ], [ 4249829.154125628992915, 643903.392634349642321 ], [ 4249829.154125628992915, 643940.817151698516682 ], [ 4249829.154125628992915, 643978.241669047391042 ], [ 4249829.154125628992915, 644015.666186396265402 ], [ 4249866.578642977401614, 644015.666186396265402 ], [ 4249904.003160325810313, 644015.666186396265402 ], [ 4249941.427677674219012, 644015.666186396265402 ], [ 4249978.852195022627711, 644015.666186396265402 ], [ 4250016.27671237103641, 644015.666186396265402 ], [ 4250053.701229719445109, 644015.666186396265402 ], [ 4250091.125747067853808, 644015.666186396265402 ], [ 4250123.335538597777486, 644055.360881396220066 ], [ 4250125.605716248974204, 644095.055576396174729 ], [ 4250125.605716248974204, 644132.480093745049089 ], [ 4250125.605716248974204, 644169.90461109392345 ], [ 4250125.605716248974204, 644207.32912844279781 ], [ 4250125.605716248974204, 644244.75364579167217 ], [ 4250125.605716248974204, 644282.17816314054653 ], [ 4250125.605716248974204, 644319.602680489420891 ], [ 4250125.605716248974204, 644357.027197838295251 ], [ 4250125.605716248974204, 644394.451715187169611 ], [ 4250125.605716248974204, 644431.876232536043972 ], [ 4250125.605716248974204, 644469.300749884918332 ], [ 4250125.605716248974204, 644506.725267233792692 ], [ 4250163.030233597382903, 644506.725267233792692 ], [ 4250200.454750945791602, 644506.725267233792692 ], [ 4250237.879268294200301, 644506.725267233792692 ], [ 4250275.303785642609, 644506.725267233792692 ], [ 4250301.766915642656386, 644533.188397233840078 ], [ 4250301.766915642656386, 644570.612914582714438 ], [ 4250301.766915642656386, 644608.037431931588799 ], [ 4250301.766915642656386, 644645.461949280463159 ], [ 4250301.766915642656386, 644682.886466629337519 ], [ 4250339.191432991065085, 644682.886466629337519 ], [ 4250376.615950339473784, 644682.886466629337519 ], [ 4250414.040467687882483, 644682.886466629337519 ], [ 4250451.464985036291182, 644682.886466629337519 ], [ 4250477.928115036338568, 644709.349596629384905 ], [ 4250477.928115036338568, 644746.774113978259265 ], [ 4250477.928115036338568, 644784.198631327133626 ], [ 4250477.928115036338568, 644821.623148676007986 ], [ 4250504.391245036385953, 644848.086278676055372 ], [ 4250541.815762384794652, 644848.086278676055372 ], [ 4250579.240279733203351, 644848.086278676055372 ], [ 4250616.664797081612051, 644848.086278676055372 ], [ 4250643.127927081659436, 644874.549408676102757 ], [ 4250643.127927081659436, 644911.973926024977118 ], [ 4250643.127927081659436, 644949.398443373851478 ], [ 4250643.127927081659436, 644986.822960722725838 ], [ 4250669.591057081706822, 645013.286090722773224 ], [ 4250707.015574430115521, 645013.286090722773224 ], [ 4250744.44009177852422, 645013.286090722773224 ], [ 4250781.864609126932919, 645013.286090722773224 ], [ 4250808.327739126980305, 645039.74922072282061 ], [ 4250808.327739126980305, 645077.17373807169497 ], [ 4250808.327739126980305, 645114.59825542056933 ], [ 4250808.327739126980305, 645152.022772769443691 ], [ 4250834.79086912702769, 645178.485902769491076 ], [ 4250872.215386475436389, 645178.485902769491076 ], [ 4250909.639903823845088, 645178.485902769491076 ], [ 4250947.064421172253788, 645178.485902769491076 ], [ 4250947.064421172253788, 645215.910420118365437 ], [ 4250947.064421172253788, 645253.334937467239797 ], [ 4250947.064421172253788, 645290.759454816114157 ], [ 4250947.064421172253788, 645328.183972164988518 ], [ 4250947.064421172253788, 645365.608489513862878 ], [ 4250947.064421172253788, 645403.033006862737238 ], [ 4250947.064421172253788, 645440.457524211611599 ], [ 4250947.064421172253788, 645477.882041560485959 ], [ 4250947.064421172253788, 645515.306558909360319 ], [ 4250984.488938520662487, 645515.306558909360319 ], [ 4251021.913455869071186, 645515.306558909360319 ], [ 4251059.337973217479885, 645515.306558909360319 ], [ 4251096.762490565888584, 645515.306558909360319 ], [ 4251123.225620565935969, 645541.769688909407705 ], [ 4251123.225620565935969, 645579.194206258282065 ], [ 4251123.225620565935969, 645616.618723607156426 ], [ 4251123.225620565935969, 645654.043240956030786 ], [ 4251149.688750565983355, 645680.506370956078172 ], [ 4251187.113267914392054, 645680.506370956078172 ], [ 4251224.537785262800753, 645680.506370956078172 ], [ 4251261.962302611209452, 645680.506370956078172 ], [ 4251288.425432611256838, 645706.969500956125557 ], [ 4251288.425432611256838, 645744.394018304999918 ], [ 4251288.425432611256838, 645781.818535653874278 ], [ 4251288.425432611256838, 645819.243053002748638 ], [ 4251288.425432611256838, 645856.667570351622999 ], [ 4251288.425432611256838, 645894.092087700497359 ], [ 4251288.425432611256838, 645931.516605049371719 ], [ 4251288.425432611256838, 645968.94112239824608 ], [ 4251288.425432611256838, 646006.36563974712044 ], [ 4251288.425432611256838, 646043.7901570959948 ], [ 4251288.425432611256838, 646081.214674444869161 ], [ 4251288.425432611256838, 646118.639191793743521 ], [ 4251288.425432611256838, 646156.063709142617881 ], [ 4251325.849949959665537, 646156.063709142617881 ], [ 4251363.274467308074236, 646156.063709142617881 ], [ 4251400.698984656482935, 646156.063709142617881 ], [ 4251438.123502004891634, 646156.063709142617881 ], [ 4251464.58663200493902, 646182.526839142665267 ], [ 4251464.58663200493902, 646219.951356491539627 ], [ 4251464.58663200493902, 646257.375873840413988 ], [ 4251464.58663200493902, 646294.800391189288348 ], [ 4251464.58663200493902, 646332.224908538162708 ], [ 4251464.58663200493902, 646369.649425887037069 ], [ 4251464.58663200493902, 646407.073943235911429 ], [ 4251464.58663200493902, 646444.498460584785789 ], [ 4251464.58663200493902, 646481.92297793366015 ], [ 4251491.049762004986405, 646508.386107933707535 ], [ 4251528.474279353395104, 646508.386107933707535 ], [ 4251565.898796701803803, 646508.386107933707535 ], [ 4251603.323314050212502, 646508.386107933707535 ], [ 4251629.786444050259888, 646534.849237933754921 ], [ 4251629.786444050259888, 646572.273755282629281 ], [ 4251629.786444050259888, 646609.698272631503642 ], [ 4251629.786444050259888, 646647.122789980378002 ], [ 4251629.786444050259888, 646684.547307329252362 ], [ 4251629.786444050259888, 646721.971824678126723 ], [ 4251629.786444050259888, 646759.396342027001083 ], [ 4251629.786444050259888, 646796.820859375875443 ], [ 4251629.786444050259888, 646834.245376724749804 ], [ 4251629.786444050259888, 646871.669894073624164 ], [ 4251629.786444050259888, 646909.094411422498524 ], [ 4251629.786444050259888, 646946.518928771372885 ], [ 4251629.786444050259888, 646983.943446120247245 ], [ 4251629.786444050259888, 647021.367963469121605 ], [ 4251629.786444050259888, 647058.792480817995965 ], [ 4251629.786444050259888, 647096.216998166870326 ], [ 4251629.786444050259888, 647133.641515515744686 ], [ 4251629.786444050259888, 647171.066032864619046 ], [ 4251629.786444050259888, 647208.490550213493407 ], [ 4251629.786444050259888, 647245.915067562367767 ], [ 4251629.786444050259888, 647283.339584911242127 ], [ 4251629.786444050259888, 647320.764102260116488 ], [ 4251629.786444050259888, 647358.188619608990848 ], [ 4251629.786444050259888, 647395.613136957865208 ], [ 4251629.786444050259888, 647433.037654306739569 ], [ 4251629.786444050259888, 647470.462171655613929 ], [ 4251629.786444050259888, 647507.886689004488289 ], [ 4251629.786444050259888, 647545.31120635336265 ], [ 4251629.786444050259888, 647582.73572370223701 ], [ 4251629.786444050259888, 647620.16024105111137 ], [ 4251629.786444050259888, 647657.584758399985731 ], [ 4251629.786444050259888, 647695.009275748860091 ], [ 4251629.786444050259888, 647732.433793097734451 ], [ 4251629.786444050259888, 647769.858310446608812 ], [ 4251629.786444050259888, 647807.282827795483172 ], [ 4251629.786444050259888, 647844.707345144357532 ], [ 4251629.786444050259888, 647882.131862493231893 ], [ 4251629.786444050259888, 647919.556379842106253 ], [ 4251629.786444050259888, 647956.980897190980613 ], [ 4251629.786444050259888, 647994.405414539854974 ], [ 4251629.786444050259888, 648031.829931888729334 ], [ 4251629.786444050259888, 648069.254449237603694 ], [ 4251629.786444050259888, 648106.678966586478055 ], [ 4251629.786444050259888, 648144.103483935352415 ], [ 4251629.786444050259888, 648181.528001284226775 ], [ 4251629.786444050259888, 648218.952518633101135 ], [ 4251629.786444050259888, 648256.377035981975496 ], [ 4251629.786444050259888, 648293.801553330849856 ], [ 4251629.786444050259888, 648331.226070679724216 ], [ 4251629.786444050259888, 648368.650588028598577 ], [ 4251629.786444050259888, 648406.075105377472937 ], [ 4251629.786444050259888, 648443.499622726347297 ], [ 4251629.786444050259888, 648480.924140075221658 ], [ 4251629.786444050259888, 648518.348657424096018 ], [ 4251629.786444050259888, 648555.773174772970378 ], [ 4251629.786444050259888, 648593.197692121844739 ], [ 4251629.786444050259888, 648630.622209470719099 ], [ 4251629.786444050259888, 648668.046726819593459 ], [ 4251629.786444050259888, 648705.47124416846782 ], [ 4251629.786444050259888, 648742.89576151734218 ], [ 4251629.786444050259888, 648780.32027886621654 ], [ 4251629.786444050259888, 648817.744796215090901 ], [ 4251629.786444050259888, 648855.169313563965261 ], [ 4251629.786444050259888, 648892.593830912839621 ], [ 4251629.786444050259888, 648930.018348261713982 ], [ 4251629.786444050259888, 648967.442865610588342 ], [ 4251629.786444050259888, 649004.867382959462702 ], [ 4251629.786444050259888, 649042.291900308337063 ], [ 4251629.786444050259888, 649079.716417657211423 ], [ 4251629.786444050259888, 649117.140935006085783 ], [ 4251629.786444050259888, 649154.565452354960144 ], [ 4251629.786444050259888, 649191.989969703834504 ], [ 4251629.786444050259888, 649229.414487052708864 ], [ 4251629.786444050259888, 649266.839004401583225 ], [ 4251629.786444050259888, 649304.263521750457585 ], [ 4251603.323314050212502, 649330.726651750504971 ], [ 4251565.898796701803803, 649330.726651750504971 ], [ 4251528.474279353395104, 649330.726651750504971 ], [ 4251491.049762004986405, 649330.726651750504971 ], [ 4251453.625244656577706, 649330.726651750504971 ], [ 4251453.625244656577706, 649368.151169099379331 ], [ 4251453.625244656577706, 649405.575686448253691 ], [ 4251453.625244656577706, 649443.000203797128052 ], [ 4251453.625244656577706, 649480.424721146002412 ], [ 4251453.625244656577706, 649517.849238494876772 ], [ 4251453.625244656577706, 649555.273755843751132 ], [ 4251453.625244656577706, 649592.698273192625493 ], [ 4251453.625244656577706, 649630.122790541499853 ], [ 4251453.625244656577706, 649667.547307890374213 ], [ 4251453.625244656577706, 649704.971825239248574 ], [ 4251453.625244656577706, 649742.396342588122934 ], [ 4251453.625244656577706, 649779.820859936997294 ], [ 4251453.625244656577706, 649817.245377285871655 ], [ 4251453.625244656577706, 649854.669894634746015 ], [ 4251453.625244656577706, 649892.094411983620375 ], [ 4251453.625244656577706, 649929.518929332494736 ], [ 4251453.625244656577706, 649966.943446681369096 ], [ 4251453.625244656577706, 650004.367964030243456 ], [ 4251453.625244656577706, 650041.792481379117817 ], [ 4251453.625244656577706, 650079.216998727992177 ], [ 4251453.625244656577706, 650116.641516076866537 ], [ 4251453.625244656577706, 650154.066033425740898 ], [ 4251416.200727308169007, 650154.066033425740898 ], [ 4251378.776209959760308, 650154.066033425740898 ], [ 4251341.351692611351609, 650154.066033425740898 ], [ 4251303.92717526294291, 650154.066033425740898 ], [ 4251303.92717526294291, 650191.490550774615258 ], [ 4251303.92717526294291, 650228.915068123489618 ], [ 4251303.92717526294291, 650266.339585472363979 ], [ 4251303.92717526294291, 650303.764102821238339 ], [ 4251303.92717526294291, 650341.188620170112699 ], [ 4251303.92717526294291, 650378.61313751898706 ], [ 4251303.92717526294291, 650416.03765486786142 ], [ 4251303.92717526294291, 650453.46217221673578 ], [ 4251303.92717526294291, 650490.886689565610141 ], [ 4251303.92717526294291, 650528.311206914484501 ], [ 4251303.92717526294291, 650565.735724263358861 ], [ 4251303.92717526294291, 650603.160241612233222 ], [ 4251303.92717526294291, 650640.584758961107582 ], [ 4251303.92717526294291, 650678.009276309981942 ], [ 4251303.92717526294291, 650715.433793658856302 ], [ 4251303.92717526294291, 650752.858311007730663 ], [ 4251303.92717526294291, 650790.282828356605023 ], [ 4251303.92717526294291, 650827.707345705479383 ], [ 4251303.92717526294291, 650865.131863054353744 ], [ 4251303.92717526294291, 650902.556380403228104 ], [ 4251303.92717526294291, 650939.980897752102464 ], [ 4251303.92717526294291, 650977.405415100976825 ], [ 4251303.92717526294291, 651014.829932449851185 ], [ 4251303.92717526294291, 651052.254449798725545 ], [ 4251303.92717526294291, 651089.678967147599906 ], [ 4251303.92717526294291, 651127.103484496474266 ], [ 4251303.92717526294291, 651164.528001845348626 ], [ 4251303.92717526294291, 651201.952519194222987 ], [ 4251303.92717526294291, 651239.377036543097347 ], [ 4251303.92717526294291, 651276.801553891971707 ], [ 4251303.92717526294291, 651314.226071240846068 ], [ 4251303.92717526294291, 651351.650588589720428 ], [ 4251303.92717526294291, 651389.075105938594788 ], [ 4251303.92717526294291, 651426.499623287469149 ], [ 4251303.92717526294291, 651463.924140636343509 ], [ 4251303.92717526294291, 651501.348657985217869 ], [ 4251303.92717526294291, 651538.77317533409223 ], [ 4251303.92717526294291, 651576.19769268296659 ], [ 4251303.92717526294291, 651613.62221003184095 ], [ 4251303.92717526294291, 651651.046727380715311 ], [ 4251303.92717526294291, 651688.471244729589671 ], [ 4251303.92717526294291, 651725.895762078464031 ], [ 4251303.92717526294291, 651763.320279427338392 ], [ 4251303.92717526294291, 651800.744796776212752 ], [ 4251303.92717526294291, 651838.169314125087112 ], [ 4251303.92717526294291, 651875.593831473961473 ], [ 4251303.92717526294291, 651913.018348822835833 ], [ 4251303.92717526294291, 651950.442866171710193 ], [ 4251303.92717526294291, 651987.867383520584553 ], [ 4251303.92717526294291, 652025.291900869458914 ], [ 4251303.92717526294291, 652062.716418218333274 ], [ 4251303.92717526294291, 652100.140935567207634 ], [ 4251303.92717526294291, 652137.565452916081995 ], [ 4251303.92717526294291, 652174.989970264956355 ], [ 4251303.92717526294291, 652212.414487613830715 ], [ 4251303.92717526294291, 652249.839004962705076 ], [ 4251303.92717526294291, 652287.263522311579436 ], [ 4251303.92717526294291, 652324.688039660453796 ], [ 4251303.92717526294291, 652362.112557009328157 ], [ 4251303.92717526294291, 652399.537074358202517 ], [ 4251303.92717526294291, 652436.961591707076877 ], [ 4251303.92717526294291, 652474.386109055951238 ], [ 4251303.92717526294291, 652511.810626404825598 ], [ 4251303.92717526294291, 652549.235143753699958 ], [ 4251303.92717526294291, 652586.659661102574319 ], [ 4251303.92717526294291, 652624.084178451448679 ], [ 4251303.92717526294291, 652661.508695800323039 ], [ 4251303.92717526294291, 652698.9332131491974 ], [ 4251303.92717526294291, 652736.35773049807176 ], [ 4251303.92717526294291, 652773.78224784694612 ], [ 4251303.92717526294291, 652811.206765195820481 ], [ 4251303.92717526294291, 652848.631282544694841 ], [ 4251303.92717526294291, 652886.055799893569201 ], [ 4251303.92717526294291, 652923.480317242443562 ], [ 4251303.92717526294291, 652960.904834591317922 ], [ 4251303.92717526294291, 652998.329351940192282 ], [ 4251303.92717526294291, 653035.753869289066643 ], [ 4251303.92717526294291, 653073.178386637941003 ], [ 4251303.92717526294291, 653110.602903986815363 ], [ 4251303.92717526294291, 653148.027421335689723 ], [ 4251303.92717526294291, 653185.451938684564084 ], [ 4251303.92717526294291, 653222.876456033438444 ], [ 4251303.92717526294291, 653260.300973382312804 ], [ 4251303.92717526294291, 653297.725490731187165 ], [ 4251303.92717526294291, 653335.150008080061525 ], [ 4251303.92717526294291, 653372.574525428935885 ], [ 4251303.92717526294291, 653409.999042777810246 ], [ 4251303.92717526294291, 653447.423560126684606 ], [ 4251303.92717526294291, 653484.848077475558966 ], [ 4251303.92717526294291, 653522.272594824433327 ], [ 4251303.92717526294291, 653559.697112173307687 ], [ 4251303.92717526294291, 653597.121629522182047 ], [ 4251303.92717526294291, 653634.546146871056408 ], [ 4251303.92717526294291, 653671.970664219930768 ], [ 4251303.92717526294291, 653709.395181568805128 ], [ 4251303.92717526294291, 653746.819698917679489 ], [ 4251303.92717526294291, 653784.244216266553849 ], [ 4251341.351692611351609, 653784.244216266553849 ], [ 4251378.776209959760308, 653784.244216266553849 ], [ 4251416.200727308169007, 653784.244216266553849 ], [ 4251453.625244656577706, 653784.244216266553849 ], [ 4251453.625244656577706, 653821.668733615428209 ], [ 4251453.625244656577706, 653859.09325096430257 ], [ 4251453.625244656577706, 653896.51776831317693 ], [ 4251453.625244656577706, 653933.94228566205129 ], [ 4251453.625244656577706, 653971.366803010925651 ], [ 4251453.625244656577706, 654008.791320359800011 ], [ 4251453.625244656577706, 654046.215837708674371 ], [ 4251453.625244656577706, 654083.640355057548732 ], [ 4251480.088374656625092, 654110.103485057596117 ], [ 4251517.512892005033791, 654110.103485057596117 ], [ 4251554.93740935344249, 654110.103485057596117 ], [ 4251592.361926701851189, 654110.103485057596117 ], [ 4251618.825056701898575, 654136.566615057643503 ], [ 4251618.825056701898575, 654173.991132406517863 ], [ 4251618.825056701898575, 654211.415649755392224 ], [ 4251618.825056701898575, 654248.840167104266584 ], [ 4251618.825056701898575, 654286.264684453140944 ], [ 4251618.825056701898575, 654323.689201802015305 ], [ 4251618.825056701898575, 654361.113719150889665 ], [ 4251618.825056701898575, 654398.538236499764025 ], [ 4251618.825056701898575, 654435.962753848638386 ], [ 4251784.024868747219443, 654601.162565895356238 ], [ 4251821.449386095628142, 654601.162565895356238 ], [ 4251858.873903444036841, 654601.162565895356238 ], [ 4251896.29842079244554, 654601.162565895356238 ], [ 4251933.722938140854239, 654601.162565895356238 ], [ 4251971.147455489262938, 654601.162565895356238 ], [ 4252008.571972837671638, 654601.162565895356238 ], [ 4252045.996490186080337, 654601.162565895356238 ], [ 4252083.421007534489036, 654601.162565895356238 ], [ 4252120.845524882897735, 654601.162565895356238 ], [ 4252158.270042231306434, 654601.162565895356238 ], [ 4252195.694559579715133, 654601.162565895356238 ], [ 4252233.119076928123832, 654601.162565895356238 ], [ 4252270.543594276532531, 654601.162565895356238 ], [ 4252307.96811162494123, 654601.162565895356238 ], [ 4252345.392628973349929, 654601.162565895356238 ], [ 4252382.817146321758628, 654601.162565895356238 ], [ 4252420.241663670167327, 654601.162565895356238 ], [ 4252457.666181018576026, 654601.162565895356238 ], [ 4252495.090698366984725, 654601.162565895356238 ], [ 4252532.515215715393424, 654601.162565895356238 ], [ 4252569.939733063802123, 654601.162565895356238 ], [ 4252607.364250412210822, 654601.162565895356238 ], [ 4252644.788767760619521, 654601.162565895356238 ], [ 4252682.21328510902822, 654601.162565895356238 ], [ 4252719.637802457436919, 654601.162565895356238 ], [ 4252757.062319805845618, 654601.162565895356238 ], [ 4252794.486837154254317, 654601.162565895356238 ], [ 4252831.911354502663016, 654601.162565895356238 ], [ 4252869.335871851071715, 654601.162565895356238 ], [ 4252906.760389199480414, 654601.162565895356238 ], [ 4252944.184906547889113, 654601.162565895356238 ], [ 4252981.609423896297812, 654601.162565895356238 ], [ 4253019.033941244706511, 654601.162565895356238 ], [ 4253056.458458593115211, 654601.162565895356238 ], [ 4253093.88297594152391, 654601.917858704808168 ], [ 4254076.001137606799603, 654594.7415338489227 ], [ 4254861.916001923382282, 654445.043464453425258 ], [ 4254899.340519271790981, 654445.043464453425258 ], [ 4254936.76503662019968, 654445.043464453425258 ], [ 4254974.189553968608379, 654445.043464453425258 ], [ 4255011.614071317017078, 654445.043464453425258 ], [ 4255049.038588665425777, 654445.043464453425258 ], [ 4255086.463106013834476, 654445.043464453425258 ], [ 4255123.887623362243176, 654445.043464453425258 ], [ 4255161.312140710651875, 654445.043464453425258 ], [ 4255198.736658059060574, 654445.043464453425258 ], [ 4255236.161175407469273, 654445.043464453425258 ], [ 4256000.78741046693176, 654402.272992647718638 ], [ 4256664.78594022616744, 654776.526709420839325 ], [ 4257147.693961868993938, 655512.961442426079884 ], [ 4257352.929871066473424, 656261.468875972437672 ], [ 4257473.656876477412879, 657348.011924668797292 ], [ 4257378.439374873414636, 657606.864342968445271 ], [ 4257378.439374873414636, 657644.288860317319632 ], [ 4257378.439374873414636, 657681.713377666193992 ], [ 4257378.439374873414636, 657719.137895015068352 ], [ 4257378.439374873414636, 657756.562412363942713 ], [ 4257378.439374873414636, 657793.986929712817073 ], [ 4257378.439374873414636, 657831.411447061691433 ], [ 4257378.439374873414636, 657868.835964410565794 ], [ 4257378.439374873414636, 657906.260481759440154 ], [ 4257378.439374873414636, 657943.684999108314514 ], [ 4257378.439374873414636, 657981.109516457188874 ], [ 4257378.439374873414636, 658018.534033806063235 ], [ 4257378.439374873414636, 658055.958551154937595 ], [ 4257378.439374873414636, 658093.383068503811955 ], [ 4257378.439374873414636, 658130.807585852686316 ], [ 4257378.439374873414636, 658168.232103201560676 ], [ 4257378.439374873414636, 658205.656620550435036 ], [ 4257378.439374873414636, 658243.081137899309397 ], [ 4257378.439374873414636, 658280.505655248183757 ], [ 4257378.439374873414636, 658317.930172597058117 ], [ 4257378.439374873414636, 658355.354689945932478 ], [ 4257378.439374873414636, 658392.779207294806838 ], [ 4257351.97624487336725, 658419.242337294854224 ], [ 4257314.551727524958551, 658419.242337294854224 ], [ 4257277.127210176549852, 658419.242337294854224 ], [ 4257239.702692828141153, 658419.242337294854224 ], [ 4257202.278175479732454, 658419.242337294854224 ], [ 4257202.278175479732454, 658456.666854643728584 ], [ 4257202.278175479732454, 658494.091371992602944 ], [ 4257202.278175479732454, 658531.515889341477305 ], [ 4257202.278175479732454, 658568.940406690351665 ], [ 4257202.278175479732454, 658606.364924039226025 ], [ 4257202.278175479732454, 658643.789441388100386 ], [ 4257202.278175479732454, 658681.213958736974746 ], [ 4257202.278175479732454, 658718.638476085849106 ], [ 4257202.278175479732454, 658756.062993434723467 ], [ 4257202.278175479732454, 658793.487510783597827 ], [ 4257202.278175479732454, 658830.912028132472187 ], [ 4257202.278175479732454, 658868.336545481346548 ], [ 4257202.278175479732454, 658905.761062830220908 ], [ 4257202.278175479732454, 658943.185580179095268 ], [ 4257202.278175479732454, 658980.610097527969629 ], [ 4257202.278175479732454, 659018.034614876843989 ], [ 4257202.278175479732454, 659055.459132225718349 ], [ 4257175.815045479685068, 659081.922262225765735 ], [ 4257138.390528131276369, 659081.922262225765735 ], [ 4257100.96601078286767, 659081.922262225765735 ], [ 4257063.541493434458971, 659081.922262225765735 ], [ 4257037.078363434411585, 659108.385392225813121 ], [ 4257037.078363434411585, 659145.809909574687481 ], [ 4257037.078363434411585, 659183.234426923561841 ], [ 4257037.078363434411585, 659220.658944272436202 ], [ 4257037.078363434411585, 659258.083461621310562 ], [ 4257037.078363434411585, 659295.507978970184922 ], [ 4257037.078363434411585, 659332.932496319059283 ], [ 4257037.078363434411585, 659370.357013667933643 ], [ 4257037.078363434411585, 659407.781531016808003 ], [ 4257037.078363434411585, 659445.206048365682364 ], [ 4257037.078363434411585, 659482.630565714556724 ], [ 4257037.078363434411585, 659520.055083063431084 ], [ 4257037.078363434411585, 659557.479600412305444 ], [ 4257010.6152334343642, 659583.94273041235283 ], [ 4256973.190716085955501, 659583.94273041235283 ], [ 4256935.766198737546802, 659583.94273041235283 ], [ 4256898.341681389138103, 659583.94273041235283 ], [ 4256871.878551389090717, 659610.405860412400216 ], [ 4256871.878551389090717, 659647.830377761274576 ], [ 4256871.878551389090717, 659685.254895110148937 ], [ 4256871.878551389090717, 659722.679412459023297 ], [ 4256871.878551389090717, 659760.103929807897657 ], [ 4256871.878551389090717, 659797.528447156772017 ], [ 4256871.878551389090717, 659834.952964505646378 ], [ 4256871.878551389090717, 659872.377481854520738 ], [ 4256871.878551389090717, 659909.801999203395098 ], [ 4256834.454034040682018, 659909.801999203395098 ], [ 4256797.029516692273319, 659909.801999203395098 ], [ 4256759.60499934386462, 659909.801999203395098 ], [ 4256722.180481995455921, 659909.801999203395098 ], [ 4256722.180481995455921, 659947.226516552269459 ], [ 4256722.180481995455921, 659984.651033901143819 ], [ 4256722.180481995455921, 660022.075551250018179 ], [ 4256722.180481995455921, 660059.50006859889254 ], [ 4256722.180481995455921, 660096.9245859477669 ], [ 4256722.180481995455921, 660134.34910329664126 ], [ 4256722.180481995455921, 660171.773620645515621 ], [ 4256722.180481995455921, 660209.198137994389981 ], [ 4256722.180481995455921, 660246.622655343264341 ], [ 4256684.755964647047222, 660246.622655343264341 ], [ 4256647.331447298638523, 660246.622655343264341 ], [ 4256609.906929950229824, 660246.622655343264341 ], [ 4256572.482412601821125, 660246.622655343264341 ], [ 4256572.482412601821125, 660284.047172692138702 ], [ 4256572.482412601821125, 660321.471690041013062 ], [ 4256572.482412601821125, 660358.896207389887422 ], [ 4256572.482412601821125, 660396.320724738761783 ], [ 4256546.019282601773739, 660422.783854738809168 ], [ 4256508.59476525336504, 660422.783854738809168 ], [ 4256471.170247904956341, 660422.783854738809168 ], [ 4256433.745730556547642, 660422.783854738809168 ], [ 4256396.321213208138943, 660422.783854738809168 ], [ 4256369.858083208091557, 660449.246984738856554 ], [ 4256369.858083208091557, 660486.671502087730914 ], [ 4256369.858083208091557, 660524.096019436605275 ], [ 4256369.858083208091557, 660561.520536785479635 ], [ 4256369.858083208091557, 660598.945054134353995 ], [ 4256369.858083208091557, 660636.369571483228356 ], [ 4256369.858083208091557, 660673.794088832102716 ], [ 4256369.858083208091557, 660711.218606180977076 ], [ 4256343.394953208044171, 660737.681736181024462 ], [ 4256305.970435859635472, 660737.681736181024462 ], [ 4256268.545918511226773, 660737.681736181024462 ], [ 4256231.121401162818074, 660737.681736181024462 ], [ 4256193.696883814409375, 660737.681736181024462 ], [ 4256156.272366466000676, 660737.681736181024462 ], [ 4256118.847849117591977, 660737.681736181024462 ], [ 4256081.423331769183278, 660737.681736181024462 ], [ 4256043.998814420774579, 660737.681736181024462 ], [ 4256006.57429707236588, 660737.681736181024462 ], [ 4255969.149779723957181, 660737.681736181024462 ], [ 4255931.725262375548482, 660737.681736181024462 ], [ 4255894.300745027139783, 660737.681736181024462 ], [ 4255856.876227678731084, 660737.681736181024462 ], [ 4255819.451710330322385, 660737.681736181024462 ], [ 4255782.027192981913686, 660737.681736181024462 ], [ 4255744.602675633504987, 660737.681736181024462 ], [ 4255707.178158285096288, 660737.681736181024462 ], [ 4255707.178158285096288, 660775.106253529898822 ], [ 4255707.178158285096288, 660812.530770878773183 ], [ 4255707.178158285096288, 660849.955288227647543 ], [ 4255707.178158285096288, 660887.379805576521903 ], [ 4255680.715028285048902, 660913.842935576569289 ], [ 4255643.290510936640203, 660913.842935576569289 ], [ 4255605.865993588231504, 660913.842935576569289 ], [ 4255568.441476239822805, 660913.842935576569289 ], [ 4255531.016958891414106, 660913.842935576569289 ], [ 4255493.592441543005407, 660913.842935576569289 ], [ 4255456.167924194596708, 660913.842935576569289 ], [ 4255418.743406846188009, 660913.842935576569289 ], [ 4255392.280276846140623, 660940.306065576616675 ], [ 4255392.280276846140623, 660977.730582925491035 ], [ 4255392.280276846140623, 661015.155100274365395 ], [ 4255392.280276846140623, 661052.579617623239756 ], [ 4255365.817146846093237, 661079.042747623287141 ], [ 4255328.392629497684538, 661079.042747623287141 ], [ 4255290.968112149275839, 661079.042747623287141 ], [ 4255253.54359480086714, 661079.042747623287141 ], [ 4255216.119077452458441, 661079.042747623287141 ], [ 4255178.694560104049742, 661079.042747623287141 ], [ 4255141.270042755641043, 661079.042747623287141 ], [ 4255103.845525407232344, 661079.042747623287141 ], [ 4255066.421008058823645, 661079.042747623287141 ], [ 4255028.996490710414946, 661079.042747623287141 ], [ 4254991.571973362006247, 661079.042747623287141 ], [ 4254954.147456013597548, 661079.042747623287141 ], [ 4254916.722938665188849, 661079.042747623287141 ], [ 4254890.259808665141463, 661105.505877623334527 ], [ 4254890.259808665141463, 661142.930394972208887 ], [ 4254890.259808665141463, 661180.354912321083248 ], [ 4254890.259808665141463, 661217.779429669957608 ], [ 4254863.796678665094078, 661244.242559670004994 ], [ 4254184.355172215029597, 661783.134971799911 ], [ 4253593.243765560910106, 662312.17114339210093 ] ] ] } }
]
}
