{
"type": "FeatureCollection",
"name": "Gobu_Seyo",
"crs": { "type": "name", "properties": { "name": "urn:ogc:def:crs:EPSG::3857" } },
"features": [
{ "type": "Feature", "properties": { }, "geometry": { "type": "Polygon", "coordinates": [ [ [ 4115371.105896505061537, 1021423.944507049047388 ], [ 4116269.227460135240108, 1019923.846372969797812 ], [ 4116248.956716896034777, 1018946.430830134195276 ], [ 4116247.371538180392236, 1018869.996616720804013 ], [ 4116247.371538180392236, 1018832.572099371929653 ], [ 4116247.371538180392236, 1018795.147582023055293 ], [ 4116247.371538180392236, 1018757.723064674180932 ], [ 4116247.371538180392236, 1018720.298547325306572 ], [ 4116247.371538180392236, 1018682.874029976432212 ], [ 4116247.371538180392236, 1018645.449512627557851 ], [ 4116247.371538180392236, 1018608.024995278683491 ], [ 4116247.371538180392236, 1018570.600477929809131 ], [ 4116247.371538180392236, 1018533.17596058093477 ], [ 4116247.371538180392236, 1018495.75144323206041 ], [ 4116247.371538180392236, 1018458.32692588318605 ], [ 4116247.371538180392236, 1018420.902408534311689 ], [ 4116247.371538180392236, 1018383.477891185437329 ], [ 4116247.371538180392236, 1018346.053373836562969 ], [ 4116247.371538180392236, 1018308.628856487688608 ], [ 4116209.947020831517875, 1018308.628856487688608 ], [ 4116172.522503482643515, 1018308.628856487688608 ], [ 4116135.097986133769155, 1018308.628856487688608 ], [ 4116108.634856133721769, 1018282.165726487641223 ], [ 4116108.634856133721769, 1018244.741209138766862 ], [ 4116108.634856133721769, 1018207.316691789892502 ], [ 4116108.634856133721769, 1018169.892174441018142 ], [ 4116108.634856133721769, 1018132.467657092143781 ], [ 4116108.634856133721769, 1018095.043139743269421 ], [ 4116108.634856133721769, 1018057.618622394395061 ], [ 4116108.634856133721769, 1018020.194105045520701 ], [ 4116108.634856133721769, 1017982.76958769664634 ], [ 4116108.634856133721769, 1017945.34507034777198 ], [ 4116108.634856133721769, 1017907.92055299889762 ], [ 4116108.634856133721769, 1017870.496035650023259 ], [ 4116108.634856133721769, 1017833.071518301148899 ], [ 4116108.634856133721769, 1017795.647000952274539 ], [ 4116108.634856133721769, 1017758.222483603400178 ], [ 4116108.634856133721769, 1017720.797966254525818 ], [ 4116108.634856133721769, 1017683.373448905651458 ], [ 4116108.634856133721769, 1017645.948931556777097 ], [ 4116108.634856133721769, 1017608.524414207902737 ], [ 4116108.634856133721769, 1017571.099896859028377 ], [ 4116108.634856133721769, 1017533.675379510154016 ], [ 4116108.634856133721769, 1017496.250862161279656 ], [ 4116108.634856133721769, 1017458.826344812405296 ], [ 4116108.634856133721769, 1017421.401827463530935 ], [ 4116108.634856133721769, 1017383.977310114656575 ], [ 4116108.634856133721769, 1017346.552792765782215 ], [ 4116108.634856133721769, 1017309.128275416907854 ], [ 4116108.634856133721769, 1017271.703758068033494 ], [ 4116108.634856133721769, 1017234.279240719159134 ], [ 4116108.634856133721769, 1017196.854723370284773 ], [ 4116108.634856133721769, 1017159.430206021410413 ], [ 4116108.634856133721769, 1017122.005688672536053 ], [ 4116108.634856133721769, 1017084.581171323661692 ], [ 4116108.634856133721769, 1017047.156653974787332 ], [ 4116108.634856133721769, 1017009.732136625912972 ], [ 4116108.634856133721769, 1016972.307619277038611 ], [ 4116108.634856133721769, 1016934.883101928164251 ], [ 4116108.634856133721769, 1016897.458584579289891 ], [ 4116108.634856133721769, 1016860.034067230415531 ], [ 4116108.634856133721769, 1016822.60954988154117 ], [ 4116071.210338784847409, 1016822.60954988154117 ], [ 4116033.785821435973048, 1016822.60954988154117 ], [ 4115996.361304087098688, 1016822.60954988154117 ], [ 4115958.936786738224328, 1016822.60954988154117 ], [ 4115932.473656738176942, 1016796.146419881493784 ], [ 4115932.473656738176942, 1016758.721902532619424 ], [ 4115932.473656738176942, 1016721.297385183745064 ], [ 4115932.473656738176942, 1016683.872867834870704 ], [ 4115932.473656738176942, 1016646.448350485996343 ], [ 4115932.473656738176942, 1016609.023833137121983 ], [ 4115932.473656738176942, 1016571.599315788247623 ], [ 4115932.473656738176942, 1016534.174798439373262 ], [ 4115932.473656738176942, 1016496.750281090498902 ], [ 4115932.473656738176942, 1016459.325763741624542 ], [ 4115932.473656738176942, 1016421.901246392750181 ], [ 4115932.473656738176942, 1016384.476729043875821 ], [ 4115932.473656738176942, 1016347.052211695001461 ], [ 4115932.473656738176942, 1016309.6276943461271 ], [ 4115932.473656738176942, 1016272.20317699725274 ], [ 4115932.473656738176942, 1016234.77865964837838 ], [ 4115932.473656738176942, 1016197.354142299504019 ], [ 4115932.473656738176942, 1016159.929624950629659 ], [ 4115932.473656738176942, 1016122.505107601755299 ], [ 4115932.473656738176942, 1016085.080590252880938 ], [ 4115932.473656738176942, 1016047.656072904006578 ], [ 4115932.473656738176942, 1016010.231555555132218 ], [ 4115932.473656738176942, 1015972.807038206257857 ], [ 4115932.473656738176942, 1015935.382520857383497 ], [ 4115932.473656738176942, 1015897.958003508509137 ], [ 4115932.473656738176942, 1015860.533486159634776 ], [ 4115932.473656738176942, 1015823.108968810760416 ], [ 4115895.049139389302582, 1015823.108968810760416 ], [ 4115857.624622040428221, 1015823.108968810760416 ], [ 4115820.200104691553861, 1015823.108968810760416 ], [ 4115793.736974691506475, 1015796.64583881071303 ], [ 4115793.736974691506475, 1015759.22132146183867 ], [ 4115793.736974691506475, 1015721.79680411296431 ], [ 4115793.736974691506475, 1015684.372286764089949 ], [ 4115793.736974691506475, 1015646.947769415215589 ], [ 4115793.736974691506475, 1015609.523252066341229 ], [ 4115793.736974691506475, 1015572.098734717466868 ], [ 4115793.736974691506475, 1015534.674217368592508 ], [ 4115793.736974691506475, 1015497.249700019718148 ], [ 4115793.736974691506475, 1015459.825182670843787 ], [ 4115793.736974691506475, 1015422.400665321969427 ], [ 4115793.736974691506475, 1015384.976147973095067 ], [ 4115793.736974691506475, 1015347.551630624220707 ], [ 4115793.736974691506475, 1015310.127113275346346 ], [ 4115793.736974691506475, 1015272.702595926471986 ], [ 4115793.736974691506475, 1015235.278078577597626 ], [ 4115793.736974691506475, 1015197.853561228723265 ], [ 4115793.736974691506475, 1015160.429043879848905 ], [ 4115793.736974691506475, 1015123.004526530974545 ], [ 4115793.736974691506475, 1015085.580009182100184 ], [ 4115793.736974691506475, 1015048.155491833225824 ], [ 4115793.736974691506475, 1015010.730974484351464 ], [ 4115793.736974691506475, 1014973.306457135477103 ], [ 4115793.736974691506475, 1014935.881939786602743 ], [ 4115793.736974691506475, 1014898.457422437728383 ], [ 4115793.736974691506475, 1014861.032905088854022 ], [ 4115793.736974691506475, 1014823.608387739979662 ], [ 4115793.736974691506475, 1014786.183870391105302 ], [ 4115793.736974691506475, 1014748.759353042230941 ], [ 4115793.736974691506475, 1014711.334835693356581 ], [ 4115793.736974691506475, 1014673.910318344482221 ], [ 4115793.736974691506475, 1014636.48580099560786 ], [ 4115793.736974691506475, 1014599.0612836467335 ], [ 4115793.736974691506475, 1014561.63676629785914 ], [ 4115793.736974691506475, 1014524.212248948984779 ], [ 4115793.736974691506475, 1014486.787731600110419 ], [ 4115793.736974691506475, 1014449.363214251236059 ], [ 4115793.736974691506475, 1014411.938696902361698 ], [ 4115793.736974691506475, 1014374.514179553487338 ], [ 4115793.736974691506475, 1014337.089662204612978 ], [ 4115793.736974691506475, 1014299.665144855738617 ], [ 4115793.736974691506475, 1014262.240627506864257 ], [ 4115793.736974691506475, 1014224.816110157989897 ], [ 4115793.736974691506475, 1014187.391592809115537 ], [ 4115767.27384469145909, 1014160.928462809068151 ], [ 4115729.849327342584729, 1014160.928462809068151 ], [ 4115692.424809993710369, 1014160.928462809068151 ], [ 4115655.000292644836009, 1014160.928462809068151 ], [ 4115617.575775295961648, 1014160.928462809068151 ], [ 4115591.112645295914263, 1014134.465332809020765 ], [ 4115591.112645295914263, 1014097.040815460146405 ], [ 4115591.112645295914263, 1014059.616298111272044 ], [ 4115591.112645295914263, 1014022.191780762397684 ], [ 4115591.112645295914263, 1013984.767263413523324 ], [ 4115591.112645295914263, 1013947.342746064648964 ], [ 4115591.112645295914263, 1013909.918228715774603 ], [ 4115591.112645295914263, 1013872.493711366900243 ], [ 4115591.112645295914263, 1013835.069194018025883 ], [ 4115591.112645295914263, 1013797.644676669151522 ], [ 4115591.112645295914263, 1013760.220159320277162 ], [ 4115591.112645295914263, 1013722.795641971402802 ], [ 4115591.112645295914263, 1013685.371124622528441 ], [ 4115591.112645295914263, 1013647.946607273654081 ], [ 4115591.112645295914263, 1013610.522089924779721 ], [ 4115591.112645295914263, 1013573.09757257590536 ], [ 4115591.112645295914263, 1013535.673055227031 ], [ 4115591.112645295914263, 1013498.24853787815664 ], [ 4115591.112645295914263, 1013460.824020529282279 ], [ 4115591.112645295914263, 1013423.399503180407919 ], [ 4115591.112645295914263, 1013385.974985831533559 ], [ 4115591.112645295914263, 1013348.550468482659198 ], [ 4115591.112645295914263, 1013311.125951133784838 ], [ 4115591.112645295914263, 1013273.701433784910478 ], [ 4115591.112645295914263, 1013236.276916436036117 ], [ 4115591.112645295914263, 1013198.852399087161757 ], [ 4115591.112645295914263, 1013161.427881738287397 ], [ 4115591.112645295914263, 1013124.003364389413036 ], [ 4115591.112645295914263, 1013086.578847040538676 ], [ 4115591.112645295914263, 1013049.154329691664316 ], [ 4115591.112645295914263, 1013011.729812342789955 ], [ 4115591.112645295914263, 1012974.305294993915595 ], [ 4115591.112645295914263, 1012936.880777645041235 ], [ 4115591.112645295914263, 1012899.456260296166874 ], [ 4115591.112645295914263, 1012862.031742947292514 ], [ 4115591.112645295914263, 1012824.607225598418154 ], [ 4115591.112645295914263, 1012787.182708249543793 ], [ 4115591.112645295914263, 1012749.758190900669433 ], [ 4115591.112645295914263, 1012712.333673551795073 ], [ 4115591.112645295914263, 1012674.909156202920713 ], [ 4115617.575775295961648, 1012648.446026202873327 ], [ 4115655.000292644836009, 1012648.446026202873327 ], [ 4115692.424809993710369, 1012648.446026202873327 ], [ 4115729.849327342584729, 1012648.446026202873327 ], [ 4115767.27384469145909, 1012648.446026202873327 ], [ 4115793.736974691506475, 1012621.982896202825941 ], [ 4115793.736974691506475, 1012584.558378853951581 ], [ 4115793.736974691506475, 1012547.13386150507722 ], [ 4115793.736974691506475, 1012509.70934415620286 ], [ 4115793.736974691506475, 1012472.2848268073285 ], [ 4115793.736974691506475, 1012434.86030945845414 ], [ 4115793.736974691506475, 1012397.435792109579779 ], [ 4115793.736974691506475, 1012360.011274760705419 ], [ 4115793.736974691506475, 1012322.586757411831059 ], [ 4115793.736974691506475, 1012285.162240062956698 ], [ 4115793.736974691506475, 1012247.737722714082338 ], [ 4115793.736974691506475, 1012210.313205365207978 ], [ 4115793.736974691506475, 1012172.888688016333617 ], [ 4115820.200104691553861, 1012146.425558016286232 ], [ 4115857.624622040428221, 1012146.425558016286232 ], [ 4115895.049139389302582, 1012146.425558016286232 ], [ 4115932.473656738176942, 1012146.425558016286232 ], [ 4115932.473656738176942, 1012109.001040667411871 ], [ 4115932.473656738176942, 1012071.576523318537511 ], [ 4115932.473656738176942, 1012034.152005969663151 ], [ 4115932.473656738176942, 1011996.72748862078879 ], [ 4115932.473656738176942, 1011959.30297127191443 ], [ 4115932.473656738176942, 1011921.87845392304007 ], [ 4115932.473656738176942, 1011884.453936574165709 ], [ 4115932.473656738176942, 1011847.029419225291349 ], [ 4115958.936786738224328, 1011820.566289225243963 ], [ 4115996.361304087098688, 1011820.566289225243963 ], [ 4116033.785821435973048, 1011820.566289225243963 ], [ 4116071.210338784847409, 1011820.566289225243963 ], [ 4116108.634856133721769, 1011820.566289225243963 ], [ 4116108.634856133721769, 1011783.141771876369603 ], [ 4116108.634856133721769, 1011745.717254527495243 ], [ 4116108.634856133721769, 1011708.292737178620882 ], [ 4116108.634856133721769, 1011670.868219829746522 ], [ 4116108.634856133721769, 1011633.443702480872162 ], [ 4116108.634856133721769, 1011596.019185131997801 ], [ 4116108.634856133721769, 1011558.594667783123441 ], [ 4116108.634856133721769, 1011521.170150434249081 ], [ 4116108.634856133721769, 1011483.74563308537472 ], [ 4116108.634856133721769, 1011446.32111573650036 ], [ 4116108.634856133721769, 1011408.896598387626 ], [ 4116108.634856133721769, 1011371.472081038751639 ], [ 4116108.634856133721769, 1011334.047563689877279 ], [ 4116146.059373482596129, 1011334.047563689877279 ], [ 4116183.48389083147049, 1011334.047563689877279 ], [ 4116220.90840818034485, 1011334.047563689877279 ], [ 4116258.33292552921921, 1011334.047563689877279 ], [ 4116258.33292552921921, 1011296.623046341002919 ], [ 4116258.33292552921921, 1011259.198528992128558 ], [ 4116258.33292552921921, 1011221.774011643254198 ], [ 4116258.33292552921921, 1011184.349494294379838 ], [ 4116258.33292552921921, 1011146.924976945505477 ], [ 4116258.33292552921921, 1011109.500459596631117 ], [ 4116258.33292552921921, 1011072.075942247756757 ], [ 4116258.33292552921921, 1011034.651424898882397 ], [ 4116284.796055529266596, 1011008.188294898835011 ], [ 4116322.220572878140956, 1011008.188294898835011 ], [ 4116359.645090227015316, 1011008.188294898835011 ], [ 4116397.069607575889677, 1011008.188294898835011 ], [ 4116423.532737575937063, 1010981.725164898787625 ], [ 4116423.532737575937063, 1010944.300647549913265 ], [ 4116423.532737575937063, 1010906.876130201038904 ], [ 4116423.532737575937063, 1010869.451612852164544 ], [ 4116423.532737575937063, 1010832.027095503290184 ], [ 4116423.532737575937063, 1010794.602578154415824 ], [ 4116423.532737575937063, 1010757.178060805541463 ], [ 4116423.532737575937063, 1010719.753543456667103 ], [ 4116423.532737575937063, 1010682.329026107792743 ], [ 4116460.957254924811423, 1010682.329026107792743 ], [ 4116498.381772273685783, 1010682.329026107792743 ], [ 4116535.806289622560143, 1010682.329026107792743 ], [ 4116573.230806971434504, 1010682.329026107792743 ], [ 4116610.655324320308864, 1010682.329026107792743 ], [ 4116610.655324320308864, 1010644.904508758918382 ], [ 4116610.655324320308864, 1010607.479991410044022 ], [ 4116610.655324320308864, 1010570.055474061169662 ], [ 4116610.655324320308864, 1010532.630956712295301 ], [ 4116610.655324320308864, 1010495.206439363420941 ], [ 4116610.655324320308864, 1010457.781922014546581 ], [ 4116610.655324320308864, 1010420.35740466567222 ], [ 4116610.655324320308864, 1010382.93288731679786 ], [ 4116610.655324320308864, 1010345.5083699679235 ], [ 4116610.655324320308864, 1010308.083852619049139 ], [ 4116610.655324320308864, 1010270.659335270174779 ], [ 4116610.655324320308864, 1010233.234817921300419 ], [ 4116610.655324320308864, 1010195.810300572426058 ], [ 4116637.11845432035625, 1010169.347170572378673 ], [ 4116674.54297166923061, 1010169.347170572378673 ], [ 4116711.96748901810497, 1010169.347170572378673 ], [ 4116749.392006366979331, 1010169.347170572378673 ], [ 4116749.392006366979331, 1010131.922653223504312 ], [ 4116749.392006366979331, 1010094.498135874629952 ], [ 4116749.392006366979331, 1010057.073618525755592 ], [ 4116749.392006366979331, 1010019.649101176881231 ], [ 4116786.816523715853691, 1010019.649101176881231 ], [ 4116824.241041064728051, 1010019.649101176881231 ], [ 4116861.665558413602412, 1010019.649101176881231 ], [ 4116899.090075762476772, 1010019.649101176881231 ], [ 4116925.553205762524158, 1009993.185971176833846 ], [ 4116925.553205762524158, 1009955.761453827959485 ], [ 4116925.553205762524158, 1009918.336936479085125 ], [ 4116925.553205762524158, 1009880.912419130210765 ], [ 4116925.553205762524158, 1009843.487901781336404 ], [ 4116925.553205762524158, 1009806.063384432462044 ], [ 4116925.553205762524158, 1009768.638867083587684 ], [ 4116925.553205762524158, 1009731.214349734713323 ], [ 4116925.553205762524158, 1009693.789832385838963 ], [ 4116952.016335762571543, 1009667.326702385791577 ], [ 4116989.440853111445904, 1009667.326702385791577 ], [ 4117026.865370460320264, 1009667.326702385791577 ], [ 4117064.289887809194624, 1009667.326702385791577 ], [ 4117090.75301780924201, 1009640.863572385744192 ], [ 4117090.75301780924201, 1009603.439055036869831 ], [ 4117090.75301780924201, 1009566.014537687995471 ], [ 4117090.75301780924201, 1009528.590020339121111 ], [ 4117090.75301780924201, 1009491.16550299024675 ], [ 4117090.75301780924201, 1009453.74098564137239 ], [ 4117090.75301780924201, 1009416.31646829249803 ], [ 4117090.75301780924201, 1009378.891950943623669 ], [ 4117117.216147809289396, 1009352.428820943576284 ], [ 4117154.640665158163756, 1009352.428820943576284 ], [ 4117192.065182507038116, 1009352.428820943576284 ], [ 4117229.489699855912477, 1009352.428820943576284 ], [ 4117229.489699855912477, 1009315.004303594701923 ], [ 4117229.489699855912477, 1009277.579786245827563 ], [ 4117229.489699855912477, 1009240.155268896953203 ], [ 4117229.489699855912477, 1009202.730751548078842 ], [ 4117255.952829855959862, 1009176.267621548031457 ], [ 4117293.377347204834223, 1009176.267621548031457 ], [ 4117330.801864553708583, 1009176.267621548031457 ], [ 4117368.226381902582943, 1009176.267621548031457 ], [ 4117405.650899251457304, 1009176.267621548031457 ], [ 4117432.114029251504689, 1009149.804491547984071 ], [ 4117432.114029251504689, 1009112.379974199109711 ], [ 4117432.114029251504689, 1009074.95545685023535 ], [ 4117432.114029251504689, 1009037.53093950136099 ], [ 4117432.114029251504689, 1009000.10642215248663 ], [ 4117432.114029251504689, 1008962.681904803612269 ], [ 4117432.114029251504689, 1008925.257387454737909 ], [ 4117432.114029251504689, 1008887.832870105863549 ], [ 4117458.577159251552075, 1008861.369740105816163 ], [ 4117496.001676600426435, 1008861.369740105816163 ], [ 4117533.426193949300796, 1008861.369740105816163 ], [ 4117570.850711298175156, 1008861.369740105816163 ], [ 4117570.850711298175156, 1008823.945222756941803 ], [ 4117570.850711298175156, 1008786.520705408067442 ], [ 4117570.850711298175156, 1008749.096188059193082 ], [ 4117570.850711298175156, 1008711.671670710318722 ], [ 4117570.850711298175156, 1008674.247153361444362 ], [ 4117570.850711298175156, 1008636.822636012570001 ], [ 4117570.850711298175156, 1008599.398118663695641 ], [ 4117570.850711298175156, 1008561.973601314821281 ], [ 4117570.850711298175156, 1008524.54908396594692 ], [ 4117608.275228647049516, 1008524.54908396594692 ], [ 4117645.699745995923877, 1008524.54908396594692 ], [ 4117683.124263344798237, 1008524.54908396594692 ], [ 4117720.548780693672597, 1008524.54908396594692 ], [ 4117747.011910693719983, 1008498.085953965899535 ], [ 4117747.011910693719983, 1008460.661436617025174 ], [ 4117747.011910693719983, 1008423.236919268150814 ], [ 4117747.011910693719983, 1008385.812401919276454 ], [ 4117773.475040693767369, 1008359.349271919229068 ], [ 4117810.899558042641729, 1008359.349271919229068 ], [ 4117848.324075391516089, 1008359.349271919229068 ], [ 4117885.74859274039045, 1008359.349271919229068 ], [ 4117912.211722740437835, 1008332.886141919181682 ], [ 4117912.211722740437835, 1008295.461624570307322 ], [ 4117912.211722740437835, 1008258.037107221432962 ], [ 4117912.211722740437835, 1008220.612589872558601 ], [ 4117912.211722740437835, 1008183.188072523684241 ], [ 4117912.211722740437835, 1008145.763555174809881 ], [ 4117912.211722740437835, 1008108.33903782593552 ], [ 4117912.211722740437835, 1008070.91452047706116 ], [ 4117912.211722740437835, 1008033.4900031281868 ], [ 4117912.211722740437835, 1007996.065485779312439 ], [ 4117912.211722740437835, 1007958.640968430438079 ], [ 4117912.211722740437835, 1007921.216451081563719 ], [ 4117912.211722740437835, 1007883.791933732689358 ], [ 4117938.674852740485221, 1007857.328803732641973 ], [ 4117976.099370089359581, 1007857.328803732641973 ], [ 4118013.523887438233942, 1007857.328803732641973 ], [ 4118050.948404787108302, 1007857.328803732641973 ], [ 4118088.372922135982662, 1007857.328803732641973 ], [ 4118088.372922135982662, 1007819.904286383767612 ], [ 4118088.372922135982662, 1007782.479769034893252 ], [ 4118088.372922135982662, 1007745.055251686018892 ], [ 4118088.372922135982662, 1007707.630734337144531 ], [ 4118114.836052136030048, 1007681.167604337097146 ], [ 4118152.260569484904408, 1007681.167604337097146 ], [ 4118189.685086833778769, 1007681.167604337097146 ], [ 4118227.109604182653129, 1007681.167604337097146 ], [ 4118253.572734182700515, 1007654.70447433704976 ], [ 4118253.572734182700515, 1007617.2799569881754 ], [ 4118253.572734182700515, 1007579.855439639301039 ], [ 4118253.572734182700515, 1007542.430922290426679 ], [ 4118253.572734182700515, 1007505.006404941552319 ], [ 4118253.572734182700515, 1007467.581887592677958 ], [ 4118253.572734182700515, 1007430.157370243803598 ], [ 4118253.572734182700515, 1007392.732852894929238 ], [ 4118280.0358641827479, 1007366.269722894881852 ], [ 4118317.460381531622261, 1007366.269722894881852 ], [ 4118354.884898880496621, 1007366.269722894881852 ], [ 4118392.309416229370981, 1007366.269722894881852 ], [ 4118392.309416229370981, 1007328.845205546007492 ], [ 4118392.309416229370981, 1007291.420688197133131 ], [ 4118392.309416229370981, 1007253.996170848258771 ], [ 4118392.309416229370981, 1007216.571653499384411 ], [ 4118392.309416229370981, 1007179.14713615051005 ], [ 4118392.309416229370981, 1007141.72261880163569 ], [ 4118392.309416229370981, 1007104.29810145276133 ], [ 4118392.309416229370981, 1007066.873584103886969 ], [ 4118432.00411122944206, 1007042.148696043295786 ], [ 4118471.698806229513139, 1007043.620970126590692 ], [ 4118509.123323578387499, 1007043.620970126590692 ], [ 4118546.547840927261859, 1007043.620970126590692 ], [ 4118583.97235827613622, 1007043.620970126590692 ], [ 4118621.39687562501058, 1007043.620970126590692 ], [ 4118658.82139297388494, 1007043.620970126590692 ], [ 4118696.2459103227593, 1007043.620970126590692 ], [ 4118733.670427671633661, 1007043.620970126590692 ], [ 4118771.094945020508021, 1007043.620970126590692 ], [ 4118808.519462369382381, 1007043.620970126590692 ], [ 4118845.943979718256742, 1007043.620970126590692 ], [ 4118883.368497067131102, 1007043.620970126590692 ], [ 4118920.793014416005462, 1007043.620970126590692 ], [ 4118920.793014416005462, 1007081.045487475465052 ], [ 4118920.793014416005462, 1007118.470004824339412 ], [ 4118920.793014416005462, 1007155.894522173213772 ], [ 4118920.793014416005462, 1007193.319039522088133 ], [ 4118958.217531764879823, 1007193.319039522088133 ], [ 4118995.642049113754183, 1007193.319039522088133 ], [ 4119033.066566462628543, 1007193.319039522088133 ], [ 4119070.491083811502904, 1007193.319039522088133 ], [ 4119096.954213811550289, 1007219.782169522135518 ], [ 4119096.954213811550289, 1007257.206686871009879 ], [ 4119096.954213811550289, 1007294.631204219884239 ], [ 4119096.954213811550289, 1007332.055721568758599 ], [ 4119096.954213811550289, 1007369.48023891763296 ], [ 4119134.37873116042465, 1007369.48023891763296 ], [ 4119171.80324850929901, 1007369.48023891763296 ], [ 4119209.22776585817337, 1007369.48023891763296 ], [ 4119235.690895858220756, 1007395.943368917680345 ], [ 4119235.690895858220756, 1007433.367886266554706 ], [ 4119235.690895858220756, 1007470.792403615429066 ], [ 4119235.690895858220756, 1007508.216920964303426 ], [ 4119262.154025858268142, 1007534.680050964350812 ], [ 4119299.578543207142502, 1007534.680050964350812 ], [ 4119337.003060556016862, 1007534.680050964350812 ], [ 4119374.427577904891223, 1007534.680050964350812 ], [ 4119411.852095253765583, 1007534.680050964350812 ], [ 4119449.276612602639943, 1007534.680050964350812 ], [ 4119486.701129951514304, 1007534.680050964350812 ], [ 4119524.125647300388664, 1007534.680050964350812 ], [ 4119561.550164649263024, 1007534.680050964350812 ], [ 4119561.550164649263024, 1007572.104568313225172 ], [ 4119561.550164649263024, 1007609.529085662099533 ], [ 4119561.550164649263024, 1007646.953603010973893 ], [ 4119561.550164649263024, 1007684.378120359848253 ], [ 4119598.974681998137385, 1007684.378120359848253 ], [ 4119636.399199347011745, 1007684.378120359848253 ], [ 4119673.823716695886105, 1007684.378120359848253 ], [ 4119711.248234044760466, 1007684.378120359848253 ], [ 4119748.672751393634826, 1007684.378120359848253 ], [ 4119786.097268742509186, 1007684.378120359848253 ], [ 4119823.521786091383547, 1007684.378120359848253 ], [ 4119860.946303440257907, 1007684.378120359848253 ], [ 4119900.640998440328985, 1007724.072815359802917 ], [ 4119899.168724357150495, 1007763.76751035975758 ], [ 4119899.168724357150495, 1007801.19202770863194 ], [ 4119899.168724357150495, 1007838.616545057506301 ], [ 4119899.168724357150495, 1007876.041062406380661 ], [ 4119899.168724357150495, 1007913.465579755255021 ], [ 4119899.168724357150495, 1007950.890097104129381 ], [ 4119899.168724357150495, 1007988.314614453003742 ], [ 4119899.168724357150495, 1008025.739131801878102 ], [ 4119936.593241706024855, 1008025.739131801878102 ], [ 4119974.017759054899216, 1008025.739131801878102 ], [ 4120011.442276403773576, 1008025.739131801878102 ], [ 4120048.866793752647936, 1008025.739131801878102 ], [ 4120086.291311101522297, 1008025.739131801878102 ], [ 4120123.715828450396657, 1008025.739131801878102 ], [ 4120161.140345799271017, 1008025.739131801878102 ], [ 4120198.564863148145378, 1008025.739131801878102 ], [ 4120225.027993148192763, 1008052.202261801925488 ], [ 4120225.027993148192763, 1008089.626779150799848 ], [ 4120225.027993148192763, 1008127.051296499674208 ], [ 4120225.027993148192763, 1008164.475813848548569 ], [ 4120251.491123148240149, 1008190.938943848595954 ], [ 4120288.915640497114509, 1008190.938943848595954 ], [ 4120326.34015784598887, 1008190.938943848595954 ], [ 4120363.76467519486323, 1008190.938943848595954 ], [ 4120401.18919254373759, 1008190.938943848595954 ], [ 4120401.18919254373759, 1008228.363461197470315 ], [ 4120401.18919254373759, 1008265.787978546344675 ], [ 4120401.18919254373759, 1008303.212495895219035 ], [ 4120401.18919254373759, 1008340.637013244093396 ], [ 4120427.652322543784976, 1008367.100143244140781 ], [ 4120465.076839892659336, 1008367.100143244140781 ], [ 4120502.501357241533697, 1008367.100143244140781 ], [ 4120539.925874590408057, 1008367.100143244140781 ], [ 4120577.350391939282417, 1008367.100143244140781 ], [ 4120614.774909288156778, 1008367.100143244140781 ], [ 4120652.199426637031138, 1008367.100143244140781 ], [ 4120689.623943985905498, 1008367.100143244140781 ], [ 4120727.048461334779859, 1008367.100143244140781 ], [ 4120764.472978683654219, 1008367.100143244140781 ], [ 4120801.897496032528579, 1008367.100143244140781 ], [ 4120839.32201338140294, 1008367.100143244140781 ], [ 4120876.7465307302773, 1008367.100143244140781 ], [ 4120914.17104807915166, 1008367.100143244140781 ], [ 4120951.595565428026021, 1008367.100143244140781 ], [ 4120989.020082776900381, 1008367.100143244140781 ], [ 4121026.444600125774741, 1008367.100143244140781 ], [ 4121052.907730125822127, 1008393.563273244188167 ], [ 4121052.907730125822127, 1008430.987790593062527 ], [ 4121052.907730125822127, 1008468.412307941936888 ], [ 4121052.907730125822127, 1008505.836825290811248 ], [ 4121079.370860125869513, 1008532.299955290858634 ], [ 4121116.795377474743873, 1008532.299955290858634 ], [ 4121154.219894823618233, 1008532.299955290858634 ], [ 4121191.644412172492594, 1008532.299955290858634 ], [ 4121229.068929521366954, 1008532.299955290858634 ], [ 4121266.493446870241314, 1008532.299955290858634 ], [ 4121303.917964219115674, 1008532.299955290858634 ], [ 4121341.342481567990035, 1008532.299955290858634 ], [ 4121378.766998916864395, 1008532.299955290858634 ], [ 4121405.230128916911781, 1008558.76308529090602 ], [ 4121405.230128916911781, 1008596.18760263978038 ], [ 4121405.230128916911781, 1008633.61211998865474 ], [ 4121405.230128916911781, 1008671.0366373375291 ], [ 4121431.693258916959167, 1008697.499767337576486 ], [ 4121469.117776265833527, 1008697.499767337576486 ], [ 4121506.542293614707887, 1008697.499767337576486 ], [ 4121533.005423614755273, 1008671.0366373375291 ], [ 4121533.005423614755273, 1008633.61211998865474 ], [ 4121533.005423614755273, 1008596.18760263978038 ], [ 4121533.005423614755273, 1008558.76308529090602 ], [ 4121559.468553614802659, 1008532.299955290858634 ], [ 4121596.893070963677019, 1008532.299955290858634 ], [ 4121634.317588312551379, 1008532.299955290858634 ], [ 4121671.74210566142574, 1008532.299955290858634 ], [ 4121698.205235661473125, 1008558.76308529090602 ], [ 4121698.205235661473125, 1008596.18760263978038 ], [ 4121698.205235661473125, 1008633.61211998865474 ], [ 4121698.205235661473125, 1008671.0366373375291 ], [ 4121724.668365661520511, 1008697.499767337576486 ], [ 4121762.092883010394871, 1008697.499767337576486 ], [ 4121799.517400359269232, 1008697.499767337576486 ], [ 4121836.941917708143592, 1008697.499767337576486 ], [ 4121874.366435057017952, 1008697.499767337576486 ], [ 4121911.790952405892313, 1008697.499767337576486 ], [ 4121949.215469754766673, 1008697.499767337576486 ], [ 4121986.639987103641033, 1008697.499767337576486 ], [ 4122024.064504452515393, 1008697.499767337576486 ], [ 4122061.489021801389754, 1008697.499767337576486 ], [ 4122098.913539150264114, 1008697.499767337576486 ], [ 4122136.338056499138474, 1008697.499767337576486 ], [ 4122173.762573848012835, 1008697.499767337576486 ], [ 4122211.187091196887195, 1008697.499767337576486 ], [ 4122248.611608545761555, 1008697.499767337576486 ], [ 4122286.036125894635916, 1008697.499767337576486 ], [ 4122323.460643243510276, 1008697.499767337576486 ], [ 4122360.885160592384636, 1008697.499767337576486 ], [ 4122398.309677941258997, 1008697.499767337576486 ], [ 4122435.734195290133357, 1008697.499767337576486 ], [ 4122473.158712639007717, 1008697.499767337576486 ], [ 4122510.583229987882078, 1008697.499767337576486 ], [ 4122510.583229987882078, 1008660.075249988702126 ], [ 4122510.583229987882078, 1008622.650732639827766 ], [ 4122510.583229987882078, 1008585.226215290953405 ], [ 4122510.583229987882078, 1008547.801697942079045 ], [ 4122537.046359987929463, 1008521.338567942031659 ], [ 4122574.470877336803824, 1008521.338567942031659 ], [ 4122611.895394685678184, 1008521.338567942031659 ], [ 4122649.319912034552544, 1008521.338567942031659 ], [ 4122686.744429383426905, 1008521.338567942031659 ], [ 4122724.168946732301265, 1008521.338567942031659 ], [ 4122761.593464081175625, 1008521.338567942031659 ], [ 4122799.017981430049986, 1008521.338567942031659 ], [ 4122836.442498778924346, 1008521.338567942031659 ], [ 4122836.442498778924346, 1008483.914050593157299 ], [ 4122836.442498778924346, 1008446.489533244282939 ], [ 4122836.442498778924346, 1008409.065015895408578 ], [ 4122836.442498778924346, 1008371.640498546534218 ], [ 4122862.905628778971732, 1008345.177368546486832 ], [ 4122900.330146127846092, 1008345.177368546486832 ], [ 4122937.754663476720452, 1008345.177368546486832 ], [ 4122975.179180825594813, 1008345.177368546486832 ], [ 4123012.603698174469173, 1008345.177368546486832 ], [ 4123050.028215523343533, 1008345.177368546486832 ], [ 4123087.452732872217894, 1008345.177368546486832 ], [ 4123124.877250221092254, 1008345.177368546486832 ], [ 4123162.301767569966614, 1008345.177368546486832 ], [ 4123199.726284918840975, 1008345.177368546486832 ], [ 4123237.150802267715335, 1008345.177368546486832 ], [ 4123274.575319616589695, 1008345.177368546486832 ], [ 4123311.999836965464056, 1008345.177368546486832 ], [ 4123311.999836965464056, 1008307.752851197612472 ], [ 4123311.999836965464056, 1008270.328333848738112 ], [ 4123311.999836965464056, 1008232.903816499863751 ], [ 4123311.999836965464056, 1008195.479299150989391 ], [ 4123349.424354314338416, 1008195.479299150989391 ], [ 4123386.848871663212776, 1008195.479299150989391 ], [ 4123424.273389012087137, 1008195.479299150989391 ], [ 4123461.697906360961497, 1008195.479299150989391 ], [ 4123499.122423709835857, 1008195.479299150989391 ], [ 4123536.546941058710217, 1008195.479299150989391 ], [ 4123573.971458407584578, 1008195.479299150989391 ], [ 4123611.395975756458938, 1008195.479299150989391 ], [ 4123648.820493105333298, 1008195.479299150989391 ], [ 4123675.283623105380684, 1008169.016169150942005 ], [ 4123675.283623105380684, 1008131.591651802067645 ], [ 4123675.283623105380684, 1008094.167134453193285 ], [ 4123675.283623105380684, 1008056.742617104318924 ], [ 4123701.74675310542807, 1008030.279487104271539 ], [ 4123739.17127045430243, 1008030.279487104271539 ], [ 4123776.59578780317679, 1008030.279487104271539 ], [ 4123814.020305152051151, 1008030.279487104271539 ], [ 4123851.444822500925511, 1008030.279487104271539 ], [ 4123888.869339849799871, 1008030.279487104271539 ], [ 4123926.293857198674232, 1008030.279487104271539 ], [ 4123963.718374547548592, 1008030.279487104271539 ], [ 4124001.142891896422952, 1008030.279487104271539 ], [ 4124038.567409245297313, 1008030.279487104271539 ], [ 4124075.991926594171673, 1008030.279487104271539 ], [ 4124113.416443943046033, 1008030.279487104271539 ], [ 4124150.840961291920394, 1008030.279487104271539 ], [ 4124177.304091291967779, 1008056.742617104318924 ], [ 4124177.304091291967779, 1008094.167134453193285 ], [ 4124177.304091291967779, 1008131.591651802067645 ], [ 4124177.304091291967779, 1008169.016169150942005 ], [ 4124203.767221292015165, 1008195.479299150989391 ], [ 4124241.191738640889525, 1008195.479299150989391 ], [ 4124278.616255989763886, 1008195.479299150989391 ], [ 4124316.040773338638246, 1008195.479299150989391 ], [ 4124353.465290687512606, 1008195.479299150989391 ], [ 4124353.465290687512606, 1008232.903816499863751 ], [ 4124353.465290687512606, 1008270.328333848738112 ], [ 4124353.465290687512606, 1008307.752851197612472 ], [ 4124353.465290687512606, 1008345.177368546486832 ], [ 4124390.889808036386967, 1008345.177368546486832 ], [ 4124428.314325385261327, 1008345.177368546486832 ], [ 4124465.738842734135687, 1008345.177368546486832 ], [ 4124503.163360083010048, 1008345.177368546486832 ], [ 4124540.587877431884408, 1008345.177368546486832 ], [ 4124578.012394780758768, 1008345.177368546486832 ], [ 4124615.436912129633129, 1008345.177368546486832 ], [ 4124652.861429478507489, 1008345.177368546486832 ], [ 4124679.324559478554875, 1008371.640498546534218 ], [ 4124679.324559478554875, 1008409.065015895408578 ], [ 4124679.324559478554875, 1008446.489533244282939 ], [ 4124679.324559478554875, 1008483.914050593157299 ], [ 4124679.324559478554875, 1008521.338567942031659 ], [ 4124716.749076827429235, 1008521.338567942031659 ], [ 4124754.173594176303595, 1008521.338567942031659 ], [ 4124791.598111525177956, 1008521.338567942031659 ], [ 4124829.022628874052316, 1008521.338567942031659 ], [ 4124829.022628874052316, 1008558.76308529090602 ], [ 4124829.022628874052316, 1008596.18760263978038 ], [ 4124829.022628874052316, 1008633.61211998865474 ], [ 4124829.022628874052316, 1008671.0366373375291 ], [ 4124855.485758874099702, 1008697.499767337576486 ], [ 4124892.910276222974062, 1008697.499767337576486 ], [ 4124930.334793571848422, 1008697.499767337576486 ], [ 4124967.759310920722783, 1008697.499767337576486 ], [ 4125005.183828269597143, 1008697.499767337576486 ], [ 4125042.608345618471503, 1008697.499767337576486 ], [ 4125080.032862967345864, 1008697.499767337576486 ], [ 4125117.457380316220224, 1008697.499767337576486 ], [ 4125154.881897665094584, 1008697.499767337576486 ], [ 4125192.306415013968945, 1008697.499767337576486 ], [ 4125229.730932362843305, 1008697.499767337576486 ], [ 4125267.155449711717665, 1008697.499767337576486 ], [ 4125304.579967060592026, 1008697.499767337576486 ], [ 4125331.043097060639411, 1008723.962897337623872 ], [ 4125331.043097060639411, 1008761.387414686498232 ], [ 4125331.043097060639411, 1008798.811932035372593 ], [ 4125331.043097060639411, 1008836.236449384246953 ], [ 4125357.506227060686797, 1008862.699579384294339 ], [ 4125394.930744409561157, 1008862.699579384294339 ], [ 4125432.355261758435518, 1008862.699579384294339 ], [ 4125469.779779107309878, 1008862.699579384294339 ], [ 4125496.242909107357264, 1008889.162709384341724 ], [ 4125496.242909107357264, 1008926.587226733216085 ], [ 4125496.242909107357264, 1008964.011744082090445 ], [ 4125496.242909107357264, 1009001.436261430964805 ], [ 4125522.706039107404649, 1009027.899391431012191 ], [ 4125560.13055645627901, 1009027.899391431012191 ], [ 4125597.55507380515337, 1009027.899391431012191 ], [ 4125634.97959115402773, 1009027.899391431012191 ], [ 4125634.97959115402773, 1008990.474874082137831 ], [ 4125634.97959115402773, 1008953.05035673326347 ], [ 4125634.97959115402773, 1008915.62583938438911 ], [ 4125634.97959115402773, 1008878.20132203551475 ], [ 4125661.442721154075116, 1008851.738192035467364 ], [ 4125698.867238502949476, 1008851.738192035467364 ], [ 4125736.291755851823837, 1008851.738192035467364 ], [ 4125773.716273200698197, 1008851.738192035467364 ], [ 4125811.140790549572557, 1008851.738192035467364 ], [ 4125828.380775140598416, 1008891.432887035422027 ], [ 4125826.908501057419926, 1008931.12758203537669 ], [ 4125826.908501057419926, 1008968.552099384251051 ], [ 4125826.908501057419926, 1009005.976616733125411 ], [ 4125826.908501057419926, 1009043.401134081999771 ], [ 4125826.908501057419926, 1009080.825651430874132 ], [ 4125826.908501057419926, 1009118.250168779748492 ], [ 4125826.908501057419926, 1009155.674686128622852 ], [ 4125826.908501057419926, 1009193.099203477497213 ], [ 4125864.333018406294286, 1009193.099203477497213 ], [ 4125901.757535755168647, 1009193.099203477497213 ], [ 4125939.182053104043007, 1009193.099203477497213 ], [ 4125976.606570452917367, 1009193.099203477497213 ], [ 4126014.031087801791728, 1009193.099203477497213 ], [ 4126051.455605150666088, 1009193.099203477497213 ], [ 4126088.880122499540448, 1009193.099203477497213 ], [ 4126126.304639848414809, 1009193.099203477497213 ], [ 4126163.729157197289169, 1009193.099203477497213 ], [ 4126201.153674546163529, 1009193.099203477497213 ], [ 4126238.578191895037889, 1009193.099203477497213 ], [ 4126276.00270924391225, 1009193.099203477497213 ], [ 4126304.470049039460719, 1009232.793898477451876 ], [ 4126302.997774956282228, 1009272.488593477406539 ], [ 4126302.997774956282228, 1009309.913110826280899 ], [ 4126302.997774956282228, 1009347.33762817515526 ], [ 4126340.422292305156589, 1009347.33762817515526 ], [ 4126377.846809654030949, 1009347.33762817515526 ], [ 4126415.271327002905309, 1009347.33762817515526 ], [ 4126452.69584435177967, 1009347.33762817515526 ], [ 4126479.158974351827055, 1009373.800758175202645 ], [ 4126479.158974351827055, 1009411.225275524077006 ], [ 4126479.158974351827055, 1009448.649792872951366 ], [ 4126479.158974351827055, 1009486.074310221825726 ], [ 4126479.158974351827055, 1009523.498827570700087 ], [ 4126479.158974351827055, 1009560.923344919574447 ], [ 4126479.158974351827055, 1009598.347862268448807 ], [ 4126479.158974351827055, 1009635.772379617323168 ], [ 4126479.158974351827055, 1009673.196896966197528 ], [ 4126452.69584435177967, 1009699.660026966244914 ], [ 4126415.271327002905309, 1009699.660026966244914 ], [ 4126377.846809654030949, 1009699.660026966244914 ], [ 4126340.422292305156589, 1009699.660026966244914 ], [ 4126302.997774956282228, 1009699.660026966244914 ], [ 4126302.997774956282228, 1009737.084544315119274 ], [ 4126302.997774956282228, 1009774.509061663993634 ], [ 4126302.997774956282228, 1009811.933579012867995 ], [ 4126302.997774956282228, 1009849.358096361742355 ], [ 4126302.997774956282228, 1009886.782613710616715 ], [ 4126302.997774956282228, 1009924.207131059491076 ], [ 4126302.997774956282228, 1009961.631648408365436 ], [ 4126302.997774956282228, 1009999.056165757239796 ], [ 4126302.997774956282228, 1010036.480683106114157 ], [ 4126302.997774956282228, 1010073.905200454988517 ], [ 4126302.997774956282228, 1010111.329717803862877 ], [ 4126302.997774956282228, 1010148.754235152737238 ], [ 4126302.997774956282228, 1010186.178752501611598 ], [ 4126276.534644956234843, 1010212.641882501658984 ], [ 4126239.110127607360482, 1010212.641882501658984 ], [ 4126201.685610258486122, 1010212.641882501658984 ], [ 4126164.261092909611762, 1010212.641882501658984 ], [ 4126164.261092909611762, 1010250.066399850533344 ], [ 4126164.261092909611762, 1010287.490917199407704 ], [ 4126164.261092909611762, 1010324.915434548282064 ], [ 4126164.261092909611762, 1010362.339951897156425 ], [ 4126164.261092909611762, 1010399.764469246030785 ], [ 4126164.261092909611762, 1010437.188986594905145 ], [ 4126164.261092909611762, 1010474.613503943779506 ], [ 4126164.261092909611762, 1010512.038021292653866 ], [ 4126164.261092909611762, 1010549.462538641528226 ], [ 4126164.261092909611762, 1010586.887055990402587 ], [ 4126164.261092909611762, 1010624.311573339276947 ], [ 4126164.261092909611762, 1010661.736090688151307 ], [ 4126137.797962909564376, 1010688.199220688198693 ], [ 4126100.373445560690016, 1010688.199220688198693 ], [ 4126062.948928211815655, 1010688.199220688198693 ], [ 4126025.524410862941295, 1010688.199220688198693 ], [ 4125988.099893514066935, 1010688.199220688198693 ], [ 4125988.099893514066935, 1010725.623738037073053 ], [ 4125988.099893514066935, 1010763.048255385947414 ], [ 4125988.099893514066935, 1010800.472772734821774 ], [ 4125988.099893514066935, 1010837.897290083696134 ], [ 4125988.099893514066935, 1010875.321807432570495 ], [ 4125988.099893514066935, 1010912.746324781444855 ], [ 4125988.099893514066935, 1010950.170842130319215 ], [ 4125988.099893514066935, 1010987.595359479193576 ], [ 4125988.099893514066935, 1011025.019876828067936 ], [ 4125988.099893514066935, 1011062.444394176942296 ], [ 4125988.099893514066935, 1011099.868911525816657 ], [ 4125988.099893514066935, 1011137.293428874691017 ], [ 4125988.099893514066935, 1011174.717946223565377 ], [ 4125961.636763514019549, 1011201.181076223612763 ], [ 4125924.212246165145189, 1011201.181076223612763 ], [ 4125886.787728816270828, 1011201.181076223612763 ], [ 4125849.363211467396468, 1011201.181076223612763 ], [ 4125849.363211467396468, 1011238.605593572487123 ], [ 4125849.363211467396468, 1011276.030110921361484 ], [ 4125849.363211467396468, 1011313.454628270235844 ], [ 4125849.363211467396468, 1011350.879145619110204 ], [ 4125849.363211467396468, 1011388.303662967984565 ], [ 4125849.363211467396468, 1011425.728180316858925 ], [ 4125849.363211467396468, 1011463.152697665733285 ], [ 4125849.363211467396468, 1011500.577215014607646 ], [ 4125849.363211467396468, 1011538.001732363482006 ], [ 4125849.363211467396468, 1011575.426249712356366 ], [ 4125849.363211467396468, 1011612.850767061230727 ], [ 4125849.363211467396468, 1011650.275284410105087 ], [ 4125849.363211467396468, 1011687.699801758979447 ], [ 4125849.363211467396468, 1011725.124319107853808 ], [ 4125849.363211467396468, 1011762.548836456728168 ], [ 4125849.363211467396468, 1011799.973353805602528 ], [ 4125849.363211467396468, 1011837.397871154476888 ], [ 4125849.363211467396468, 1011874.822388503351249 ], [ 4125849.363211467396468, 1011912.246905852225609 ], [ 4125849.363211467396468, 1011949.671423201099969 ], [ 4125849.363211467396468, 1011987.09594054997433 ], [ 4125849.363211467396468, 1012024.52045789884869 ], [ 4125849.363211467396468, 1012061.94497524772305 ], [ 4125849.363211467396468, 1012099.369492596597411 ], [ 4125849.363211467396468, 1012136.794009945471771 ], [ 4125875.826341467443854, 1012163.257139945519157 ], [ 4125913.250858816318214, 1012163.257139945519157 ], [ 4125950.675376165192574, 1012163.257139945519157 ], [ 4125988.099893514066935, 1012163.257139945519157 ], [ 4125988.099893514066935, 1012200.681657294393517 ], [ 4125988.099893514066935, 1012238.106174643267877 ], [ 4125988.099893514066935, 1012275.530691992142238 ], [ 4125988.099893514066935, 1012312.955209341016598 ], [ 4125988.099893514066935, 1012350.379726689890958 ], [ 4125988.099893514066935, 1012387.804244038765319 ], [ 4125988.099893514066935, 1012425.228761387639679 ], [ 4125988.099893514066935, 1012462.653278736514039 ], [ 4125988.099893514066935, 1012500.0777960853884 ], [ 4125988.099893514066935, 1012537.50231343426276 ], [ 4125988.099893514066935, 1012574.92683078313712 ], [ 4125988.099893514066935, 1012612.351348132011481 ], [ 4125988.099893514066935, 1012649.775865480885841 ], [ 4125988.099893514066935, 1012687.200382829760201 ], [ 4125988.099893514066935, 1012724.624900178634562 ], [ 4125988.099893514066935, 1012762.049417527508922 ], [ 4125988.099893514066935, 1012799.473934876383282 ], [ 4126014.56302351411432, 1012825.937064876430668 ], [ 4126051.987540862988681, 1012825.937064876430668 ], [ 4126089.412058211863041, 1012825.937064876430668 ], [ 4126126.836575560737401, 1012825.937064876430668 ], [ 4126153.299705560784787, 1012852.400194876478054 ], [ 4126153.299705560784787, 1012889.824712225352414 ], [ 4126153.299705560784787, 1012927.249229574226774 ], [ 4126153.299705560784787, 1012964.673746923101135 ], [ 4126153.299705560784787, 1013002.098264271975495 ], [ 4126115.875188211910427, 1013002.098264271975495 ], [ 4126078.450670863036066, 1013002.098264271975495 ], [ 4126041.026153514161706, 1013002.098264271975495 ], [ 4126003.601636165287346, 1013002.098264271975495 ], [ 4126003.601636165287346, 1013039.522781620849855 ], [ 4126003.601636165287346, 1013076.947298969724216 ], [ 4126003.601636165287346, 1013114.371816318598576 ], [ 4126003.601636165287346, 1013151.796333667472936 ], [ 4126041.026153514161706, 1013151.796333667472936 ], [ 4126078.450670863036066, 1013151.796333667472936 ], [ 4126115.875188211910427, 1013151.796333667472936 ], [ 4126153.299705560784787, 1013151.796333667472936 ], [ 4126153.299705560784787, 1013189.220851016347297 ], [ 4126153.299705560784787, 1013226.645368365221657 ], [ 4126153.299705560784787, 1013264.069885714096017 ], [ 4126153.299705560784787, 1013301.494403062970378 ], [ 4126153.299705560784787, 1013338.918920411844738 ], [ 4126153.299705560784787, 1013376.343437760719098 ], [ 4126153.299705560784787, 1013413.767955109593458 ], [ 4126153.299705560784787, 1013451.192472458467819 ], [ 4126153.299705560784787, 1013488.616989807342179 ], [ 4126153.299705560784787, 1013526.041507156216539 ], [ 4126153.299705560784787, 1013563.4660245050909 ], [ 4126153.299705560784787, 1013600.89054185396526 ], [ 4126153.299705560784787, 1013638.31505920283962 ], [ 4126153.299705560784787, 1013675.739576551713981 ], [ 4126153.299705560784787, 1013713.164093900588341 ], [ 4126153.299705560784787, 1013750.588611249462701 ], [ 4126153.299705560784787, 1013788.013128598337062 ], [ 4126153.299705560784787, 1013825.437645947211422 ], [ 4126153.299705560784787, 1013862.862163296085782 ], [ 4126153.299705560784787, 1013900.286680644960143 ], [ 4126153.299705560784787, 1013937.711197993834503 ], [ 4126153.299705560784787, 1013975.135715342708863 ], [ 4126190.724222909659147, 1013975.135715342708863 ], [ 4126228.148740258533508, 1013975.135715342708863 ], [ 4126265.573257607407868, 1013975.135715342708863 ], [ 4126302.997774956282228, 1013975.135715342708863 ], [ 4126302.997774956282228, 1014012.560232691583224 ], [ 4126302.997774956282228, 1014049.984750040457584 ], [ 4126302.997774956282228, 1014087.409267389331944 ], [ 4126302.997774956282228, 1014124.833784738206305 ], [ 4126302.997774956282228, 1014162.258302087080665 ], [ 4126302.997774956282228, 1014199.682819435955025 ], [ 4126302.997774956282228, 1014237.107336784829386 ], [ 4126302.997774956282228, 1014274.531854133703746 ], [ 4126302.997774956282228, 1014311.956371482578106 ], [ 4126302.997774956282228, 1014349.380888831452467 ], [ 4126302.997774956282228, 1014386.805406180326827 ], [ 4126302.997774956282228, 1014424.229923529201187 ], [ 4126302.997774956282228, 1014461.654440878075548 ], [ 4126302.997774956282228, 1014499.078958226949908 ], [ 4126302.997774956282228, 1014536.503475575824268 ], [ 4126302.997774956282228, 1014573.927992924698628 ], [ 4126302.997774956282228, 1014611.352510273572989 ], [ 4126302.997774956282228, 1014648.777027622447349 ], [ 4126302.997774956282228, 1014686.201544971321709 ], [ 4126302.997774956282228, 1014723.62606232019607 ], [ 4126302.997774956282228, 1014761.05057966907043 ], [ 4126302.997774956282228, 1014798.47509701794479 ], [ 4126302.997774956282228, 1014835.899614366819151 ], [ 4126302.997774956282228, 1014873.324131715693511 ], [ 4126302.997774956282228, 1014910.748649064567871 ], [ 4126302.997774956282228, 1014948.173166413442232 ], [ 4126302.997774956282228, 1014985.597683762316592 ], [ 4126302.997774956282228, 1015023.022201111190952 ], [ 4126302.997774956282228, 1015060.446718460065313 ], [ 4126302.997774956282228, 1015097.871235808939673 ], [ 4126302.997774956282228, 1015135.295753157814033 ], [ 4126302.997774956282228, 1015172.720270506688394 ], [ 4126302.997774956282228, 1015210.144787855562754 ], [ 4126302.997774956282228, 1015247.569305204437114 ], [ 4126302.997774956282228, 1015284.993822553311475 ], [ 4126302.997774956282228, 1015322.418339902185835 ], [ 4126302.997774956282228, 1015359.842857251060195 ], [ 4126302.997774956282228, 1015397.267374599934556 ], [ 4126302.997774956282228, 1015434.691891948808916 ], [ 4126302.997774956282228, 1015472.116409297683276 ], [ 4126302.997774956282228, 1015509.540926646557637 ], [ 4126302.997774956282228, 1015546.965443995431997 ], [ 4126302.997774956282228, 1015584.389961344306357 ], [ 4126302.997774956282228, 1015621.814478693180718 ], [ 4126302.997774956282228, 1015659.238996042055078 ], [ 4126302.997774956282228, 1015696.663513390929438 ], [ 4126302.997774956282228, 1015734.088030739803798 ], [ 4126302.997774956282228, 1015771.512548088678159 ], [ 4126302.997774956282228, 1015808.937065437552519 ], [ 4126302.997774956282228, 1015846.361582786426879 ], [ 4126302.997774956282228, 1015883.78610013530124 ], [ 4126302.997774956282228, 1015921.2106174841756 ], [ 4126302.997774956282228, 1015958.63513483304996 ], [ 4126302.997774956282228, 1015996.059652181924321 ], [ 4126302.997774956282228, 1016033.484169530798681 ], [ 4126302.997774956282228, 1016070.908686879673041 ], [ 4126302.997774956282228, 1016108.333204228547402 ], [ 4126302.997774956282228, 1016145.757721577421762 ], [ 4126302.997774956282228, 1016183.182238926296122 ], [ 4126302.997774956282228, 1016220.606756275170483 ], [ 4126302.997774956282228, 1016258.031273624044843 ], [ 4126302.997774956282228, 1016295.455790972919203 ], [ 4126302.997774956282228, 1016332.880308321793564 ], [ 4126302.997774956282228, 1016370.304825670667924 ], [ 4126302.997774956282228, 1016407.729343019542284 ], [ 4126302.997774956282228, 1016445.153860368416645 ], [ 4126302.997774956282228, 1016482.578377717291005 ], [ 4126302.997774956282228, 1016520.002895066165365 ], [ 4126302.997774956282228, 1016557.427412415039726 ], [ 4126302.997774956282228, 1016594.851929763914086 ], [ 4126302.997774956282228, 1016632.276447112788446 ], [ 4126302.997774956282228, 1016669.700964461662807 ], [ 4126302.997774956282228, 1016707.125481810537167 ], [ 4126302.997774956282228, 1016744.549999159411527 ], [ 4126302.997774956282228, 1016781.974516508285888 ], [ 4126302.997774956282228, 1016819.399033857160248 ], [ 4126302.997774956282228, 1016856.823551206034608 ], [ 4126302.997774956282228, 1016894.248068554908969 ], [ 4126302.997774956282228, 1016931.672585903783329 ], [ 4126302.997774956282228, 1016969.097103252657689 ], [ 4126302.997774956282228, 1017006.521620601532049 ], [ 4126302.997774956282228, 1017043.94613795040641 ], [ 4126302.997774956282228, 1017081.37065529928077 ], [ 4126302.997774956282228, 1017118.79517264815513 ], [ 4126276.534644956234843, 1017145.258302648202516 ], [ 4126239.110127607360482, 1017145.258302648202516 ], [ 4126201.685610258486122, 1017145.258302648202516 ], [ 4126164.261092909611762, 1017145.258302648202516 ], [ 4126164.261092909611762, 1017182.682819997076876 ], [ 4126164.261092909611762, 1017220.107337345951237 ], [ 4126164.261092909611762, 1017257.531854694825597 ], [ 4126164.261092909611762, 1017294.956372043699957 ], [ 4126164.261092909611762, 1017332.380889392574318 ], [ 4126164.261092909611762, 1017369.805406741448678 ], [ 4126164.261092909611762, 1017407.229924090323038 ], [ 4126164.261092909611762, 1017444.654441439197399 ], [ 4126164.261092909611762, 1017482.078958788071759 ], [ 4126164.261092909611762, 1017519.503476136946119 ], [ 4126164.261092909611762, 1017556.92799348582048 ], [ 4126164.261092909611762, 1017594.35251083469484 ], [ 4126164.261092909611762, 1017631.7770281835692 ], [ 4126164.261092909611762, 1017669.201545532443561 ], [ 4126164.261092909611762, 1017706.626062881317921 ], [ 4126164.261092909611762, 1017744.050580230192281 ], [ 4126164.261092909611762, 1017781.475097579066642 ], [ 4126137.797962909564376, 1017807.938227579114027 ], [ 4126100.373445560690016, 1017807.938227579114027 ], [ 4126062.948928211815655, 1017807.938227579114027 ], [ 4126025.524410862941295, 1017807.938227579114027 ], [ 4125988.099893514066935, 1017807.938227579114027 ], [ 4125988.099893514066935, 1017845.362744927988388 ], [ 4125988.099893514066935, 1017882.787262276862748 ], [ 4125988.099893514066935, 1017920.211779625737108 ], [ 4125988.099893514066935, 1017957.636296974611469 ], [ 4125988.099893514066935, 1017995.060814323485829 ], [ 4125988.099893514066935, 1018032.485331672360189 ], [ 4125988.099893514066935, 1018069.90984902123455 ], [ 4125988.099893514066935, 1018107.33436637010891 ], [ 4125988.099893514066935, 1018144.75888371898327 ], [ 4125988.099893514066935, 1018182.183401067857631 ], [ 4125988.099893514066935, 1018219.607918416731991 ], [ 4125988.099893514066935, 1018257.032435765606351 ], [ 4125988.099893514066935, 1018294.456953114480712 ], [ 4125950.675376165192574, 1018294.456953114480712 ], [ 4125913.250858816318214, 1018294.456953114480712 ], [ 4125875.826341467443854, 1018294.456953114480712 ], [ 4125838.401824118569493, 1018294.456953114480712 ], [ 4125838.401824118569493, 1018331.881470463355072 ], [ 4125838.401824118569493, 1018369.305987812229432 ], [ 4125838.401824118569493, 1018406.730505161103792 ], [ 4125838.401824118569493, 1018444.155022509978153 ], [ 4125838.401824118569493, 1018481.579539858852513 ], [ 4125838.401824118569493, 1018519.004057207726873 ], [ 4125838.401824118569493, 1018556.428574556601234 ], [ 4125838.401824118569493, 1018593.853091905475594 ], [ 4125838.401824118569493, 1018631.277609254349954 ], [ 4125838.401824118569493, 1018668.702126603224315 ], [ 4125838.401824118569493, 1018706.126643952098675 ], [ 4125838.401824118569493, 1018743.551161300973035 ], [ 4125838.401824118569493, 1018780.975678649847396 ], [ 4125838.401824118569493, 1018818.400195998721756 ], [ 4125838.401824118569493, 1018855.824713347596116 ], [ 4125838.401824118569493, 1018893.249230696470477 ], [ 4125838.401824118569493, 1018930.673748045344837 ], [ 4125838.401824118569493, 1018968.098265394219197 ], [ 4125838.401824118569493, 1019005.522782743093558 ], [ 4125838.401824118569493, 1019042.947300091967918 ], [ 4125838.401824118569493, 1019080.371817440842278 ], [ 4125838.401824118569493, 1019117.796334789716639 ], [ 4125838.401824118569493, 1019155.220852138590999 ], [ 4125838.401824118569493, 1019192.645369487465359 ], [ 4125838.401824118569493, 1019230.06988683633972 ], [ 4125838.401824118569493, 1019267.49440418521408 ], [ 4125838.401824118569493, 1019304.91892153408844 ], [ 4125838.401824118569493, 1019342.343438882962801 ], [ 4125838.401824118569493, 1019379.767956231837161 ], [ 4125838.401824118569493, 1019417.192473580711521 ], [ 4125838.401824118569493, 1019454.616990929585882 ], [ 4125982.111723047681153, 1020356.598642109544016 ], [ 4126089.412058211863041, 1021420.733991024666466 ], [ 4126126.836575560737401, 1021420.733991024666466 ], [ 4126153.299705560784787, 1021447.197121024713852 ], [ 4126153.299705560784787, 1021484.621638373588212 ], [ 4126153.299705560784787, 1021522.046155722462572 ], [ 4126153.299705560784787, 1021559.470673071336932 ], [ 4126153.299705560784787, 1021596.895190420211293 ], [ 4126153.299705560784787, 1021634.319707769085653 ], [ 4126153.299705560784787, 1021671.744225117960013 ], [ 4126153.299705560784787, 1021709.168742466834374 ], [ 4126153.299705560784787, 1021746.593259815708734 ], [ 4126190.724222909659147, 1021746.593259815708734 ], [ 4126228.148740258533508, 1021746.593259815708734 ], [ 4126265.573257607407868, 1021746.593259815708734 ], [ 4126302.997774956282228, 1021746.593259815708734 ], [ 4126302.997774956282228, 1021784.017777164583094 ], [ 4126302.997774956282228, 1021821.442294513457455 ], [ 4126302.997774956282228, 1021858.866811862331815 ], [ 4126302.997774956282228, 1021896.291329211206175 ], [ 4126302.997774956282228, 1021933.715846560080536 ], [ 4126302.997774956282228, 1021971.140363908954896 ], [ 4126302.997774956282228, 1022008.564881257829256 ], [ 4126302.997774956282228, 1022045.989398606703617 ], [ 4126302.997774956282228, 1022083.413915955577977 ], [ 4126302.997774956282228, 1022120.838433304452337 ], [ 4126302.997774956282228, 1022158.262950653326698 ], [ 4126302.997774956282228, 1022195.687468002201058 ], [ 4126302.997774956282228, 1022233.111985351075418 ], [ 4126340.422292305156589, 1022233.111985351075418 ], [ 4126377.846809654030949, 1022233.111985351075418 ], [ 4126415.271327002905309, 1022233.111985351075418 ], [ 4126452.69584435177967, 1022233.111985351075418 ], [ 4126479.158974351827055, 1022259.575115351122804 ], [ 4126479.158974351827055, 1022296.999632699997164 ], [ 4126479.158974351827055, 1022334.424150048871525 ], [ 4126479.158974351827055, 1022371.848667397745885 ], [ 4126479.158974351827055, 1022409.273184746620245 ], [ 4126479.158974351827055, 1022446.697702095494606 ], [ 4126479.158974351827055, 1022484.122219444368966 ], [ 4126479.158974351827055, 1022521.546736793243326 ], [ 4126479.158974351827055, 1022558.971254142117687 ], [ 4126505.622104351874441, 1022585.434384142165072 ], [ 4126543.046621700748801, 1022585.434384142165072 ], [ 4126580.471139049623162, 1022585.434384142165072 ], [ 4126617.895656398497522, 1022585.434384142165072 ], [ 4126655.320173747371882, 1022585.434384142165072 ], [ 4126655.320173747371882, 1022622.858901491039433 ], [ 4126655.320173747371882, 1022660.283418839913793 ], [ 4126655.320173747371882, 1022697.707936188788153 ], [ 4126655.320173747371882, 1022735.132453537662514 ], [ 4126655.320173747371882, 1022772.556970886536874 ], [ 4126655.320173747371882, 1022809.981488235411234 ], [ 4126655.320173747371882, 1022847.406005584285595 ], [ 4126655.320173747371882, 1022884.830522933159955 ], [ 4126655.320173747371882, 1022922.255040282034315 ], [ 4126655.320173747371882, 1022959.679557630908675 ], [ 4126655.320173747371882, 1022997.104074979783036 ], [ 4126655.320173747371882, 1023034.528592328657396 ], [ 4126655.320173747371882, 1023071.953109677531756 ], [ 4126692.744691096246243, 1023071.953109677531756 ], [ 4126730.169208445120603, 1023071.953109677531756 ], [ 4126767.593725793994963, 1023071.953109677531756 ], [ 4126805.018243142869323, 1023071.953109677531756 ], [ 4126805.018243142869323, 1023109.377627026406117 ], [ 4126805.018243142869323, 1023146.802144375280477 ], [ 4126805.018243142869323, 1023184.226661724154837 ], [ 4126805.018243142869323, 1023221.651179073029198 ], [ 4126805.018243142869323, 1023259.075696421903558 ], [ 4126805.018243142869323, 1023296.500213770777918 ], [ 4126805.018243142869323, 1023333.924731119652279 ], [ 4126805.018243142869323, 1023371.349248468526639 ], [ 4126805.018243142869323, 1023408.773765817400999 ], [ 4126842.442760491743684, 1023408.773765817400999 ], [ 4126879.867277840618044, 1023408.773765817400999 ], [ 4126917.291795189492404, 1023408.773765817400999 ], [ 4126954.716312538366765, 1023408.773765817400999 ], [ 4126981.17944253841415, 1023435.236895817448385 ], [ 4126981.17944253841415, 1023472.661413166322745 ], [ 4126981.17944253841415, 1023510.085930515197106 ], [ 4126981.17944253841415, 1023547.510447864071466 ], [ 4126981.17944253841415, 1023584.934965212945826 ], [ 4126981.17944253841415, 1023622.359482561820187 ], [ 4126981.17944253841415, 1023659.783999910694547 ], [ 4126981.17944253841415, 1023697.208517259568907 ], [ 4126981.17944253841415, 1023734.633034608443268 ], [ 4126981.17944253841415, 1023772.057551957317628 ], [ 4126981.17944253841415, 1023809.482069306191988 ], [ 4126981.17944253841415, 1023846.906586655066349 ], [ 4126981.17944253841415, 1023884.331104003940709 ], [ 4127007.642572538461536, 1023910.794234003988095 ], [ 4127045.067089887335896, 1023910.794234003988095 ], [ 4127082.491607236210257, 1023910.794234003988095 ], [ 4127119.916124585084617, 1023910.794234003988095 ], [ 4127146.379254585132003, 1023937.25736400403548 ], [ 4127146.379254585132003, 1023974.681881352909841 ], [ 4127146.379254585132003, 1024012.106398701784201 ], [ 4127146.379254585132003, 1024049.530916050658561 ], [ 4127172.842384585179389, 1024075.994046050705947 ], [ 4127210.266901934053749, 1024075.994046050705947 ], [ 4127247.691419282928109, 1024075.994046050705947 ], [ 4127285.115936631802469, 1024075.994046050705947 ], [ 4127311.579066631849855, 1024102.457176050753333 ], [ 4127311.579066631849855, 1024139.881693399627693 ], [ 4127311.579066631849855, 1024177.306210748502053 ], [ 4127311.579066631849855, 1024214.730728097376414 ], [ 4127311.579066631849855, 1024252.155245446250774 ], [ 4127311.579066631849855, 1024289.579762795125134 ], [ 4127311.579066631849855, 1024327.004280143999495 ], [ 4127311.579066631849855, 1024364.428797492873855 ], [ 4127311.579066631849855, 1024401.853314841748215 ], [ 4127311.579066631849855, 1024439.277832190622576 ], [ 4127311.579066631849855, 1024476.702349539496936 ], [ 4127311.579066631849855, 1024514.126866888371296 ], [ 4127311.579066631849855, 1024551.551384237245657 ], [ 4127349.003583980724216, 1024551.551384237245657 ], [ 4127386.428101329598576, 1024551.551384237245657 ], [ 4127423.852618678472936, 1024551.551384237245657 ], [ 4127461.277136027347296, 1024551.551384237245657 ], [ 4127487.740266027394682, 1024578.014514237293042 ], [ 4127487.740266027394682, 1024615.439031586167403 ], [ 4127487.740266027394682, 1024652.863548935041763 ], [ 4127487.740266027394682, 1024690.288066283916123 ], [ 4127487.740266027394682, 1024727.712583632790484 ], [ 4127525.164783376269042, 1024727.712583632790484 ], [ 4127562.589300725143403, 1024727.712583632790484 ], [ 4127600.013818074017763, 1024727.712583632790484 ], [ 4127626.476948074065149, 1024754.175713632837869 ], [ 4127626.476948074065149, 1024791.60023098171223 ], [ 4127626.476948074065149, 1024829.02474833058659 ], [ 4127626.476948074065149, 1024866.44926567946095 ], [ 4127626.476948074065149, 1024903.873783028335311 ], [ 4127626.476948074065149, 1024941.298300377209671 ], [ 4127626.476948074065149, 1024978.722817726084031 ], [ 4127626.476948074065149, 1025016.147335074958391 ], [ 4127626.476948074065149, 1025053.571852423832752 ], [ 4127663.901465422939509, 1025053.571852423832752 ], [ 4127701.325982771813869, 1025053.571852423832752 ], [ 4127738.75050012068823, 1025053.571852423832752 ], [ 4127776.17501746956259, 1025053.571852423832752 ], [ 4127802.638147469609976, 1025080.034982423880138 ], [ 4127802.638147469609976, 1025117.459499772754498 ], [ 4127802.638147469609976, 1025154.884017121628858 ], [ 4127802.638147469609976, 1025192.308534470503218 ], [ 4127802.638147469609976, 1025229.733051819377579 ], [ 4127802.638147469609976, 1025267.157569168251939 ], [ 4127802.638147469609976, 1025304.582086517126299 ], [ 4127802.638147469609976, 1025342.00660386600066 ], [ 4127802.638147469609976, 1025379.43112121487502 ], [ 4127840.062664818484336, 1025379.43112121487502 ], [ 4127877.487182167358696, 1025379.43112121487502 ], [ 4127914.911699516233057, 1025379.43112121487502 ], [ 4127952.336216865107417, 1025379.43112121487502 ], [ 4127952.336216865107417, 1025416.85563856374938 ], [ 4127952.336216865107417, 1025454.280155912623741 ], [ 4127952.336216865107417, 1025491.704673261498101 ], [ 4127952.336216865107417, 1025529.129190610372461 ], [ 4127952.336216865107417, 1025566.553707959246822 ], [ 4127952.336216865107417, 1025603.978225308121182 ], [ 4127952.336216865107417, 1025641.402742656995542 ], [ 4127952.336216865107417, 1025678.827260005869903 ], [ 4127952.336216865107417, 1025716.251777354744263 ], [ 4127952.336216865107417, 1025753.676294703618623 ], [ 4127952.336216865107417, 1025791.100812052492984 ], [ 4127952.336216865107417, 1025828.525329401367344 ], [ 4127952.336216865107417, 1025865.949846750241704 ], [ 4127978.799346865154803, 1025892.41297675028909 ], [ 4128016.223864214029163, 1025892.41297675028909 ], [ 4128053.648381562903523, 1025892.41297675028909 ], [ 4128091.072898911777884, 1025892.41297675028909 ], [ 4128128.497416260652244, 1025892.41297675028909 ], [ 4128128.497416260652244, 1025929.83749409916345 ], [ 4128128.497416260652244, 1025967.262011448037811 ], [ 4128128.497416260652244, 1026004.686528796912171 ], [ 4128128.497416260652244, 1026042.111046145786531 ], [ 4128128.497416260652244, 1026079.535563494660892 ], [ 4128128.497416260652244, 1026116.960080843535252 ], [ 4128128.497416260652244, 1026154.384598192409612 ], [ 4128128.497416260652244, 1026191.809115541283973 ], [ 4128154.96054626069963, 1026218.272245541331358 ], [ 4128192.38506360957399, 1026218.272245541331358 ], [ 4128229.80958095844835, 1026218.272245541331358 ], [ 4128267.234098307322711, 1026218.272245541331358 ], [ 4128293.697228307370096, 1026244.735375541378744 ], [ 4128293.697228307370096, 1026282.159892890253104 ], [ 4128293.697228307370096, 1026319.584410239127465 ], [ 4128293.697228307370096, 1026357.008927588001825 ], [ 4128293.697228307370096, 1026394.433444936876185 ], [ 4128293.697228307370096, 1026431.857962285750546 ], [ 4128293.697228307370096, 1026469.282479634624906 ], [ 4128293.697228307370096, 1026506.706996983499266 ], [ 4128293.697228307370096, 1026544.131514332373627 ], [ 4128331.121745656244457, 1026544.131514332373627 ], [ 4128368.546263005118817, 1026544.131514332373627 ], [ 4128405.970780353993177, 1026544.131514332373627 ], [ 4128443.395297702867538, 1026544.131514332373627 ], [ 4128469.858427702914923, 1026570.594644332421012 ], [ 4128469.858427702914923, 1026608.019161681295373 ], [ 4128469.858427702914923, 1026645.443679030169733 ], [ 4128469.858427702914923, 1026682.868196379044093 ], [ 4128469.858427702914923, 1026720.292713727918454 ], [ 4128469.858427702914923, 1026757.717231076792814 ], [ 4128469.858427702914923, 1026795.141748425667174 ], [ 4128469.858427702914923, 1026832.566265774541534 ], [ 4128469.858427702914923, 1026869.990783123415895 ], [ 4128469.858427702914923, 1026907.415300472290255 ], [ 4128469.858427702914923, 1026944.839817821164615 ], [ 4128469.858427702914923, 1026982.264335170038976 ], [ 4128469.858427702914923, 1027019.688852518913336 ], [ 4128496.321557702962309, 1027046.151982518960722 ], [ 4128533.746075051836669, 1027046.151982518960722 ], [ 4128571.17059240071103, 1027046.151982518960722 ], [ 4128608.59510974958539, 1027046.151982518960722 ], [ 4128646.01962709845975, 1027046.151982518960722 ], [ 4128683.444144447334111, 1027046.151982518960722 ], [ 4128720.868661796208471, 1027046.151982518960722 ], [ 4128758.293179145082831, 1027046.151982518960722 ], [ 4128784.756309145130217, 1027072.615112519008107 ], [ 4128784.756309145130217, 1027110.039629867882468 ], [ 4128784.756309145130217, 1027147.464147216756828 ], [ 4128784.756309145130217, 1027184.888664565631188 ], [ 4128784.756309145130217, 1027222.313181914505549 ], [ 4128784.756309145130217, 1027259.737699263379909 ], [ 4128784.756309145130217, 1027297.162216612254269 ], [ 4128784.756309145130217, 1027334.58673396112863 ], [ 4128784.756309145130217, 1027372.01125131000299 ], [ 4128822.180826494004577, 1027372.01125131000299 ], [ 4128859.605343842878938, 1027372.01125131000299 ], [ 4128897.029861191753298, 1027372.01125131000299 ], [ 4128934.454378540627658, 1027372.01125131000299 ], [ 4128960.917508540675044, 1027398.474381310050376 ], [ 4128960.917508540675044, 1027435.898898658924736 ], [ 4128960.917508540675044, 1027473.323416007799096 ], [ 4128960.917508540675044, 1027510.747933356673457 ], [ 4128960.917508540675044, 1027548.172450705547817 ], [ 4128960.917508540675044, 1027585.596968054422177 ], [ 4128960.917508540675044, 1027623.021485403296538 ], [ 4128960.917508540675044, 1027660.446002752170898 ], [ 4128960.917508540675044, 1027697.870520101045258 ], [ 4128998.342025889549404, 1027697.870520101045258 ], [ 4129035.766543238423765, 1027697.870520101045258 ], [ 4129073.191060587298125, 1027697.870520101045258 ], [ 4129110.615577936172485, 1027697.870520101045258 ], [ 4129110.615577936172485, 1027735.295037449919619 ], [ 4129110.615577936172485, 1027772.719554798793979 ], [ 4129110.615577936172485, 1027810.144072147668339 ], [ 4129110.615577936172485, 1027847.5685894965427 ], [ 4129137.078707936219871, 1027874.031719496590085 ], [ 4129174.503225285094231, 1027874.031719496590085 ], [ 4129211.927742633968592, 1027874.031719496590085 ], [ 4129249.352259982842952, 1027874.031719496590085 ], [ 4129275.815389982890338, 1027900.494849496637471 ], [ 4129275.815389982890338, 1027937.919366845511831 ], [ 4129275.815389982890338, 1027975.343884194386192 ], [ 4129275.815389982890338, 1028012.768401543260552 ], [ 4129302.278519982937723, 1028039.231531543307938 ], [ 4129339.703037331812084, 1028039.231531543307938 ], [ 4129377.127554680686444, 1028039.231531543307938 ], [ 4129414.552072029560804, 1028039.231531543307938 ], [ 4129441.01520202960819, 1028065.694661543355323 ], [ 4129441.01520202960819, 1028103.119178892229684 ], [ 4129441.01520202960819, 1028140.543696241104044 ], [ 4129441.01520202960819, 1028177.968213589978404 ], [ 4129441.01520202960819, 1028215.392730938852765 ], [ 4129441.01520202960819, 1028252.817248287727125 ], [ 4129441.01520202960819, 1028290.241765636601485 ], [ 4129441.01520202960819, 1028327.666282985475846 ], [ 4129441.01520202960819, 1028365.090800334350206 ], [ 4129478.43971937848255, 1028365.090800334350206 ], [ 4129515.864236727356911, 1028365.090800334350206 ], [ 4129553.288754076231271, 1028365.090800334350206 ], [ 4129590.713271425105631, 1028365.090800334350206 ], [ 4129617.176401425153017, 1028391.553930334397592 ], [ 4129617.176401425153017, 1028428.978447683271952 ], [ 4129617.176401425153017, 1028466.402965032146312 ], [ 4129617.176401425153017, 1028503.827482381020673 ], [ 4129617.176401425153017, 1028541.251999729895033 ], [ 4129654.600918774027377, 1028541.251999729895033 ], [ 4129692.025436122901738, 1028541.251999729895033 ], [ 4129729.449953471776098, 1028541.251999729895033 ], [ 4129766.874470820650458, 1028541.251999729895033 ], [ 4129793.337600820697844, 1028567.715129729942419 ], [ 4129793.337600820697844, 1028605.139647078816779 ], [ 4129793.337600820697844, 1028642.564164427691139 ], [ 4129793.337600820697844, 1028679.9886817765655 ], [ 4129793.337600820697844, 1028717.41319912543986 ], [ 4129793.337600820697844, 1028754.83771647431422 ], [ 4129793.337600820697844, 1028792.262233823188581 ], [ 4129793.337600820697844, 1028829.686751172062941 ], [ 4129793.337600820697844, 1028867.111268520937301 ], [ 4129830.762118169572204, 1028867.111268520937301 ], [ 4129868.186635518446565, 1028867.111268520937301 ], [ 4129905.611152867320925, 1028867.111268520937301 ], [ 4129943.035670216195285, 1028867.111268520937301 ], [ 4129980.460187565069646, 1028867.111268520937301 ], [ 4130017.884704913944006, 1028867.111268520937301 ], [ 4130055.309222262818366, 1028867.111268520937301 ], [ 4130092.733739611692727, 1028867.111268520937301 ], [ 4130092.733739611692727, 1028904.535785869811662 ], [ 4130092.733739611692727, 1028941.960303218686022 ], [ 4130092.733739611692727, 1028979.384820567560382 ], [ 4130092.733739611692727, 1029016.809337916434743 ], [ 4130092.733739611692727, 1029054.233855265309103 ], [ 4130092.733739611692727, 1029091.658372614183463 ], [ 4130092.733739611692727, 1029129.082889963057823 ], [ 4130092.733739611692727, 1029166.507407311932184 ], [ 4130092.733739611692727, 1029203.931924660806544 ], [ 4130130.158256960567087, 1029203.931924660806544 ], [ 4130167.582774309441447, 1029203.931924660806544 ], [ 4130205.007291658315808, 1029203.931924660806544 ], [ 4130242.431809007190168, 1029203.931924660806544 ], [ 4130268.894939007237554, 1029230.39505466085393 ], [ 4130268.894939007237554, 1029267.81957200972829 ], [ 4130268.894939007237554, 1029305.24408935860265 ], [ 4130268.894939007237554, 1029342.668606707477011 ], [ 4130268.894939007237554, 1029380.093124056351371 ], [ 4130268.894939007237554, 1029417.517641405225731 ], [ 4130268.894939007237554, 1029454.942158754100092 ], [ 4130268.894939007237554, 1029492.366676102974452 ], [ 4130268.894939007237554, 1029529.791193451848812 ], [ 4130229.200244007166475, 1029539.546274573076516 ], [ 4130189.505549007095397, 1029538.074000489781611 ], [ 4130152.081031658221036, 1029538.074000489781611 ], [ 4130114.656514309346676, 1029538.074000489781611 ], [ 4130077.231996960472316, 1029538.074000489781611 ], [ 4130039.807479611597955, 1029538.074000489781611 ], [ 4130002.382962262723595, 1029538.074000489781611 ], [ 4129964.958444913849235, 1029538.074000489781611 ], [ 4129927.533927564974874, 1029538.074000489781611 ], [ 4129927.533927564974874, 1029575.498517838655971 ], [ 4129927.533927564974874, 1029612.923035187530331 ], [ 4129927.533927564974874, 1029650.347552536404692 ], [ 4129927.533927564974874, 1029687.772069885279052 ], [ 4129927.533927564974874, 1029725.196587234153412 ], [ 4129927.533927564974874, 1029762.621104583027773 ], [ 4129927.533927564974874, 1029800.045621931902133 ], [ 4129927.533927564974874, 1029837.470139280776493 ], [ 4129927.533927564974874, 1029874.894656629650854 ], [ 4129890.109410216100514, 1029874.894656629650854 ], [ 4129852.684892867226154, 1029874.894656629650854 ], [ 4129815.260375518351793, 1029874.894656629650854 ], [ 4129777.835858169477433, 1029874.894656629650854 ], [ 4129777.835858169477433, 1029912.319173978525214 ], [ 4129777.835858169477433, 1029949.743691327399574 ], [ 4129777.835858169477433, 1029987.168208676273935 ], [ 4129777.835858169477433, 1030024.592726025148295 ], [ 4129751.372728169430047, 1030051.055856025195681 ], [ 4129713.948210820555687, 1030051.055856025195681 ], [ 4129676.523693471681327, 1030051.055856025195681 ], [ 4129639.099176122806966, 1030051.055856025195681 ], [ 4129612.636046122759581, 1030077.518986025243066 ], [ 4129612.636046122759581, 1030114.943503374117427 ], [ 4129612.636046122759581, 1030152.368020722991787 ], [ 4129612.636046122759581, 1030189.792538071866147 ], [ 4129586.172916122712195, 1030216.255668071913533 ], [ 4129548.748398773837835, 1030216.255668071913533 ], [ 4129511.323881424963474, 1030216.255668071913533 ], [ 4129473.899364076089114, 1030216.255668071913533 ], [ 4129436.474846727214754, 1030216.255668071913533 ], [ 4129436.474846727214754, 1030253.680185420787893 ], [ 4129436.474846727214754, 1030291.104702769662254 ], [ 4129436.474846727214754, 1030328.529220118536614 ], [ 4129436.474846727214754, 1030365.953737467410974 ], [ 4129399.050329378340393, 1030365.953737467410974 ], [ 4129361.625812029466033, 1030365.953737467410974 ], [ 4129324.201294680591673, 1030365.953737467410974 ], [ 4129286.776777331717312, 1030365.953737467410974 ], [ 4129286.776777331717312, 1030403.378254816285335 ], [ 4129286.776777331717312, 1030440.802772165159695 ], [ 4129286.776777331717312, 1030478.227289514034055 ], [ 4129286.776777331717312, 1030515.651806862908415 ], [ 4129260.313647331669927, 1030542.114936862955801 ], [ 4129222.889129982795566, 1030542.114936862955801 ], [ 4129185.464612633921206, 1030542.114936862955801 ], [ 4129148.040095285046846, 1030542.114936862955801 ], [ 4129110.615577936172485, 1030542.114936862955801 ], [ 4129110.615577936172485, 1030579.539454211830162 ], [ 4129110.615577936172485, 1030616.963971560704522 ], [ 4129110.615577936172485, 1030654.388488909578882 ], [ 4129110.615577936172485, 1030691.813006258453242 ], [ 4129110.615577936172485, 1030729.237523607327603 ], [ 4129110.615577936172485, 1030766.662040956201963 ], [ 4129110.615577936172485, 1030804.086558305076323 ], [ 4129110.615577936172485, 1030841.511075653950684 ], [ 4129084.1524479361251, 1030867.974205653998069 ], [ 4129046.727930587250739, 1030867.974205653998069 ], [ 4129009.303413238376379, 1030867.974205653998069 ], [ 4128971.878895889502019, 1030867.974205653998069 ], [ 4128934.454378540627658, 1030867.974205653998069 ], [ 4128897.029861191753298, 1030867.974205653998069 ], [ 4128859.605343842878938, 1030867.974205653998069 ], [ 4128822.180826494004577, 1030867.974205653998069 ], [ 4128784.756309145130217, 1030867.974205653998069 ], [ 4128784.756309145130217, 1030905.39872300287243 ], [ 4128784.756309145130217, 1030942.82324035174679 ], [ 4128784.756309145130217, 1030980.24775770062115 ], [ 4128784.756309145130217, 1031017.672275049495511 ], [ 4128758.293179145082831, 1031044.135405049542896 ], [ 4128720.868661796208471, 1031044.135405049542896 ], [ 4128683.444144447334111, 1031044.135405049542896 ], [ 4128646.01962709845975, 1031044.135405049542896 ], [ 4128608.59510974958539, 1031044.135405049542896 ], [ 4128608.59510974958539, 1031081.559922398417257 ], [ 4128608.59510974958539, 1031118.984439747291617 ], [ 4128608.59510974958539, 1031156.408957096165977 ], [ 4128608.59510974958539, 1031193.833474445040338 ], [ 4128571.17059240071103, 1031193.833474445040338 ], [ 4128533.746075051836669, 1031193.833474445040338 ], [ 4128496.321557702962309, 1031193.833474445040338 ], [ 4128458.897040354087949, 1031193.833474445040338 ], [ 4128458.897040354087949, 1031231.257991793914698 ], [ 4128458.897040354087949, 1031268.682509142789058 ], [ 4128458.897040354087949, 1031306.107026491663419 ], [ 4128458.897040354087949, 1031343.531543840537779 ], [ 4128432.433910354040563, 1031369.994673840585165 ], [ 4128395.009393005166203, 1031369.994673840585165 ], [ 4128357.584875656291842, 1031369.994673840585165 ], [ 4128320.160358307417482, 1031369.994673840585165 ], [ 4128293.697228307370096, 1031396.45780384063255 ], [ 4128293.697228307370096, 1031433.882321189506911 ], [ 4128293.697228307370096, 1031471.306838538381271 ], [ 4128293.697228307370096, 1031508.731355887255631 ], [ 4128293.697228307370096, 1031546.155873236129992 ], [ 4128293.697228307370096, 1031583.580390585004352 ], [ 4128293.697228307370096, 1031621.004907933878712 ], [ 4128293.697228307370096, 1031658.429425282753073 ], [ 4128293.697228307370096, 1031695.853942631627433 ], [ 4128293.697228307370096, 1031733.278459980501793 ], [ 4128293.697228307370096, 1031770.702977329376154 ], [ 4128293.697228307370096, 1031808.127494678250514 ], [ 4128293.697228307370096, 1031845.552012027124874 ], [ 4128267.234098307322711, 1031872.01514202717226 ], [ 4128229.80958095844835, 1031872.01514202717226 ], [ 4128192.38506360957399, 1031872.01514202717226 ], [ 4128154.96054626069963, 1031872.01514202717226 ], [ 4128117.536028911825269, 1031872.01514202717226 ], [ 4128080.111511562950909, 1031872.01514202717226 ], [ 4128042.686994214076549, 1031872.01514202717226 ], [ 4128005.262476865202188, 1031872.01514202717226 ], [ 4127967.837959516327828, 1031872.01514202717226 ], [ 4127930.413442167453468, 1031872.01514202717226 ], [ 4127892.988924818579108, 1031872.01514202717226 ], [ 4127855.564407469704747, 1031872.01514202717226 ], [ 4127818.139890120830387, 1031872.01514202717226 ], [ 4127780.715372771956027, 1031872.01514202717226 ], [ 4127743.290855423081666, 1031872.01514202717226 ], [ 4127705.866338074207306, 1031872.01514202717226 ], [ 4127668.441820725332946, 1031872.01514202717226 ], [ 4127631.017303376458585, 1031872.01514202717226 ], [ 4127593.592786027584225, 1031872.01514202717226 ], [ 4127556.168268678709865, 1031872.01514202717226 ], [ 4127518.743751329835504, 1031872.01514202717226 ], [ 4127481.319233980961144, 1031872.01514202717226 ], [ 4127443.894716632086784, 1031872.01514202717226 ], [ 4127406.470199283212423, 1031872.01514202717226 ], [ 4127369.045681934338063, 1031872.01514202717226 ], [ 4127331.621164585463703, 1031872.01514202717226 ], [ 4127305.158034585416317, 1031845.552012027124874 ], [ 4127305.158034585416317, 1031808.127494678250514 ], [ 4127305.158034585416317, 1031770.702977329376154 ], [ 4127305.158034585416317, 1031733.278459980501793 ], [ 4127305.158034585416317, 1031695.853942631627433 ], [ 4127267.733517236541957, 1031695.853942631627433 ], [ 4127230.308999887667596, 1031695.853942631627433 ], [ 4127192.884482538793236, 1031695.853942631627433 ], [ 4127155.459965189918876, 1031695.853942631627433 ], [ 4127128.99683518987149, 1031722.317072631674819 ], [ 4127128.99683518987149, 1031759.741589980549179 ], [ 4127128.99683518987149, 1031797.166107329423539 ], [ 4127128.99683518987149, 1031834.5906246782979 ], [ 4127102.533705189824104, 1031861.053754678345285 ], [ 4127065.109187840949744, 1031861.053754678345285 ], [ 4127027.684670492075384, 1031861.053754678345285 ], [ 4126990.260153143201023, 1031861.053754678345285 ], [ 4126963.797023143153638, 1031887.516884678392671 ], [ 4126963.797023143153638, 1031924.941402027267031 ], [ 4126963.797023143153638, 1031962.365919376141392 ], [ 4126963.797023143153638, 1031999.790436725015752 ], [ 4126924.102328143082559, 1032017.030421315925196 ], [ 4126884.407633143011481, 1032019.30059896747116 ], [ 4126846.98311579413712, 1032019.30059896747116 ], [ 4126809.55859844526276, 1032019.30059896747116 ], [ 4126772.1340810963884, 1032019.30059896747116 ], [ 4126734.709563747514039, 1032019.30059896747116 ], [ 4126697.285046398639679, 1032019.30059896747116 ], [ 4126659.860529049765319, 1032019.30059896747116 ], [ 4126659.860529049765319, 1032056.72511631634552 ], [ 4126659.860529049765319, 1032094.149633665219881 ], [ 4126659.860529049765319, 1032131.574151014094241 ], [ 4126659.860529049765319, 1032168.998668362968601 ], [ 4126633.397399049717933, 1032195.461798363015987 ], [ 4126595.972881700843573, 1032195.461798363015987 ], [ 4126558.548364351969212, 1032195.461798363015987 ], [ 4126521.123847003094852, 1032195.461798363015987 ], [ 4126483.699329654220492, 1032195.461798363015987 ], [ 4126446.274812305346131, 1032195.461798363015987 ], [ 4126408.850294956471771, 1032195.461798363015987 ], [ 4126371.425777607597411, 1032195.461798363015987 ], [ 4126334.00126025872305, 1032195.461798363015987 ], [ 4126307.538130258675665, 1032221.924928363063373 ], [ 4126307.538130258675665, 1032259.349445711937733 ], [ 4126307.538130258675665, 1032296.773963060812093 ], [ 4126307.538130258675665, 1032334.198480409686454 ], [ 4126307.538130258675665, 1032371.622997758560814 ], [ 4126307.538130258675665, 1032409.047515107435174 ], [ 4126307.538130258675665, 1032446.472032456309535 ], [ 4126307.538130258675665, 1032483.896549805183895 ], [ 4126307.538130258675665, 1032521.321067154058255 ], [ 4126270.113612909801304, 1032521.321067154058255 ], [ 4126232.689095560926944, 1032521.321067154058255 ], [ 4126195.264578212052584, 1032521.321067154058255 ], [ 4126157.840060863178223, 1032521.321067154058255 ], [ 4126157.840060863178223, 1032558.745584502932616 ], [ 4126157.840060863178223, 1032596.170101851806976 ], [ 4126157.840060863178223, 1032633.594619200681336 ], [ 4126157.840060863178223, 1032671.019136549555697 ], [ 4126157.840060863178223, 1032708.443653898430057 ], [ 4126157.840060863178223, 1032745.868171247304417 ], [ 4126157.840060863178223, 1032783.292688596178778 ], [ 4126157.840060863178223, 1032820.717205945053138 ], [ 4126118.145365863107145, 1032845.442094005644321 ], [ 4126078.450670863036066, 1032843.969819922349416 ], [ 4126041.026153514161706, 1032843.969819922349416 ], [ 4126003.601636165287346, 1032843.969819922349416 ], [ 4125966.177118816412985, 1032843.969819922349416 ], [ 4125928.752601467538625, 1032843.969819922349416 ], [ 4125891.328084118664265, 1032843.969819922349416 ], [ 4125853.903566769789904, 1032843.969819922349416 ], [ 4125827.440436769742519, 1032870.432949922396801 ], [ 4125827.440436769742519, 1032907.857467271271162 ], [ 4125827.440436769742519, 1032945.281984620145522 ], [ 4125827.440436769742519, 1032982.706501969019882 ], [ 4125827.440436769742519, 1033020.131019317894243 ], [ 4125790.015919420868158, 1033020.131019317894243 ], [ 4125752.591402071993798, 1033020.131019317894243 ], [ 4125715.166884723119438, 1033020.131019317894243 ], [ 4125677.742367374245077, 1033020.131019317894243 ], [ 4125640.317850025370717, 1033020.131019317894243 ], [ 4125640.317850025370717, 1033057.555536666768603 ], [ 4125640.317850025370717, 1033094.980054015642963 ], [ 4125640.317850025370717, 1033132.404571364517324 ], [ 4125640.317850025370717, 1033169.829088713391684 ], [ 4125613.854720025323331, 1033196.29221871343907 ], [ 4125576.430202676448971, 1033196.29221871343907 ], [ 4125539.005685327574611, 1033196.29221871343907 ], [ 4125501.58116797870025, 1033196.29221871343907 ], [ 4125464.15665062982589, 1033196.29221871343907 ], [ 4125426.73213328095153, 1033196.29221871343907 ], [ 4125389.307615932077169, 1033196.29221871343907 ], [ 4125351.883098583202809, 1033196.29221871343907 ], [ 4125314.458581234328449, 1033196.29221871343907 ], [ 4125277.034063885454088, 1033196.29221871343907 ], [ 4125239.609546536579728, 1033196.29221871343907 ], [ 4125202.185029187705368, 1033196.29221871343907 ], [ 4125164.760511838831007, 1033196.29221871343907 ], [ 4125127.335994489956647, 1033196.29221871343907 ], [ 4125089.911477141082287, 1033196.29221871343907 ], [ 4125052.486959792207927, 1033196.29221871343907 ], [ 4125015.062442443333566, 1033196.29221871343907 ], [ 4124988.59931244328618, 1033169.829088713391684 ], [ 4124988.59931244328618, 1033132.404571364517324 ], [ 4124988.59931244328618, 1033094.980054015642963 ], [ 4124988.59931244328618, 1033057.555536666768603 ], [ 4124988.59931244328618, 1033020.131019317894243 ], [ 4124951.17479509441182, 1033020.131019317894243 ], [ 4124913.75027774553746, 1033020.131019317894243 ], [ 4124876.3257603966631, 1033020.131019317894243 ], [ 4124838.901243047788739, 1033020.131019317894243 ], [ 4124801.476725698914379, 1033020.131019317894243 ], [ 4124764.052208350040019, 1033020.131019317894243 ], [ 4124726.627691001165658, 1033020.131019317894243 ], [ 4124689.203173652291298, 1033020.131019317894243 ], [ 4124651.778656303416938, 1033020.131019317894243 ], [ 4124651.778656303416938, 1032982.706501969019882 ], [ 4124651.778656303416938, 1032945.281984620145522 ], [ 4124651.778656303416938, 1032907.857467271271162 ], [ 4124651.778656303416938, 1032870.432949922396801 ], [ 4124625.315526303369552, 1032843.969819922349416 ], [ 4124587.891008954495192, 1032843.969819922349416 ], [ 4124550.466491605620831, 1032843.969819922349416 ], [ 4124513.041974256746471, 1032843.969819922349416 ], [ 4124513.041974256746471, 1032881.394337271223776 ], [ 4124513.041974256746471, 1032918.818854620098136 ], [ 4124513.041974256746471, 1032956.243371968972497 ], [ 4124513.041974256746471, 1032993.667889317846857 ], [ 4124486.578844256699085, 1033020.131019317894243 ], [ 4124449.154326907824725, 1033020.131019317894243 ], [ 4124411.729809558950365, 1033020.131019317894243 ], [ 4124374.305292210076004, 1033020.131019317894243 ], [ 4124336.880774861201644, 1033020.131019317894243 ], [ 4124299.456257512327284, 1033020.131019317894243 ], [ 4124262.031740163452923, 1033020.131019317894243 ], [ 4124224.607222814578563, 1033020.131019317894243 ], [ 4124187.182705465704203, 1033020.131019317894243 ], [ 4124149.758188116829842, 1033020.131019317894243 ], [ 4124112.333670767955482, 1033020.131019317894243 ], [ 4124074.909153419081122, 1033020.131019317894243 ], [ 4124037.484636070206761, 1033020.131019317894243 ], [ 4124000.060118721332401, 1033020.131019317894243 ], [ 4124000.060118721332401, 1033057.555536666768603 ], [ 4124000.060118721332401, 1033094.980054015642963 ], [ 4124000.060118721332401, 1033132.404571364517324 ], [ 4124000.060118721332401, 1033169.829088713391684 ], [ 4123973.596988721285015, 1033196.29221871343907 ], [ 4123936.172471372410655, 1033196.29221871343907 ], [ 4123898.747954023536295, 1033196.29221871343907 ], [ 4123861.323436674661934, 1033196.29221871343907 ], [ 4123861.323436674661934, 1033233.71673606231343 ], [ 4123861.323436674661934, 1033271.14125341118779 ], [ 4123861.323436674661934, 1033308.565770760062151 ], [ 4123861.323436674661934, 1033345.990288108936511 ], [ 4123861.323436674661934, 1033383.414805457810871 ], [ 4123861.323436674661934, 1033420.839322806685232 ], [ 4123861.323436674661934, 1033458.263840155559592 ], [ 4123861.323436674661934, 1033495.688357504433952 ], [ 4123834.860306674614549, 1033522.151487504481338 ], [ 4123797.435789325740188, 1033522.151487504481338 ], [ 4123760.011271976865828, 1033522.151487504481338 ], [ 4123722.586754627991468, 1033522.151487504481338 ], [ 4123685.162237279117107, 1033522.151487504481338 ], [ 4123647.737719930242747, 1033522.151487504481338 ], [ 4123610.313202581368387, 1033522.151487504481338 ], [ 4123572.888685232494026, 1033522.151487504481338 ], [ 4123535.464167883619666, 1033522.151487504481338 ], [ 4123509.00103788357228, 1033495.688357504433952 ], [ 4123509.00103788357228, 1033458.263840155559592 ], [ 4123509.00103788357228, 1033420.839322806685232 ], [ 4123509.00103788357228, 1033383.414805457810871 ], [ 4123509.00103788357228, 1033345.990288108936511 ], [ 4123471.57652053469792, 1033345.990288108936511 ], [ 4123434.15200318582356, 1033345.990288108936511 ], [ 4123396.727485836949199, 1033345.990288108936511 ], [ 4123359.302968488074839, 1033345.990288108936511 ], [ 4123359.302968488074839, 1033383.414805457810871 ], [ 4123359.302968488074839, 1033420.839322806685232 ], [ 4123359.302968488074839, 1033458.263840155559592 ], [ 4123359.302968488074839, 1033495.688357504433952 ], [ 4123332.839838488027453, 1033522.151487504481338 ], [ 4123295.415321139153093, 1033522.151487504481338 ], [ 4123257.990803790278733, 1033522.151487504481338 ], [ 4123220.566286441404372, 1033522.151487504481338 ], [ 4123183.141769092530012, 1033522.151487504481338 ], [ 4123145.717251743655652, 1033522.151487504481338 ], [ 4123108.292734394781291, 1033522.151487504481338 ], [ 4123070.868217045906931, 1033522.151487504481338 ], [ 4123033.443699697032571, 1033522.151487504481338 ], [ 4123033.443699697032571, 1033559.576004853355698 ], [ 4123033.443699697032571, 1033597.000522202230059 ], [ 4123033.443699697032571, 1033634.425039551104419 ], [ 4123033.443699697032571, 1033671.849556899978779 ], [ 4122996.019182348158211, 1033671.849556899978779 ], [ 4122958.59466499928385, 1033671.849556899978779 ], [ 4122921.17014765040949, 1033671.849556899978779 ], [ 4122883.74563030153513, 1033671.849556899978779 ], [ 4122846.321112952660769, 1033671.849556899978779 ], [ 4122808.896595603786409, 1033671.849556899978779 ], [ 4122771.472078254912049, 1033671.849556899978779 ], [ 4122734.047560906037688, 1033671.849556899978779 ], [ 4122696.623043557163328, 1033671.849556899978779 ], [ 4122696.623043557163328, 1033634.425039551104419 ], [ 4122696.623043557163328, 1033597.000522202230059 ], [ 4122696.623043557163328, 1033559.576004853355698 ], [ 4122696.623043557163328, 1033522.151487504481338 ], [ 4122659.198526208288968, 1033522.151487504481338 ], [ 4122621.774008859414607, 1033522.151487504481338 ], [ 4122584.349491510540247, 1033522.151487504481338 ], [ 4122546.924974161665887, 1033522.151487504481338 ], [ 4122509.500456812791526, 1033522.151487504481338 ], [ 4122472.075939463917166, 1033522.151487504481338 ], [ 4122434.651422115042806, 1033522.151487504481338 ], [ 4122397.226904766168445, 1033522.151487504481338 ], [ 4122359.802387417294085, 1033522.151487504481338 ], [ 4122322.377870068419725, 1033522.151487504481338 ], [ 4122284.953352719545364, 1033522.151487504481338 ], [ 4122247.528835370671004, 1033522.151487504481338 ], [ 4122210.104318021796644, 1033522.151487504481338 ], [ 4122183.641188021749258, 1033495.688357504433952 ], [ 4122183.641188021749258, 1033458.263840155559592 ], [ 4122183.641188021749258, 1033420.839322806685232 ], [ 4122183.641188021749258, 1033383.414805457810871 ], [ 4122183.641188021749258, 1033345.990288108936511 ], [ 4122146.216670672874898, 1033345.990288108936511 ], [ 4122108.792153324000537, 1033345.990288108936511 ], [ 4122071.367635975126177, 1033345.990288108936511 ], [ 4122033.943118626251817, 1033345.990288108936511 ], [ 4121996.518601277377456, 1033345.990288108936511 ], [ 4121959.094083928503096, 1033345.990288108936511 ], [ 4121921.669566579628736, 1033345.990288108936511 ], [ 4121884.245049230754375, 1033345.990288108936511 ], [ 4121846.820531881880015, 1033345.990288108936511 ], [ 4121846.820531881880015, 1033308.565770760062151 ], [ 4121846.820531881880015, 1033271.14125341118779 ], [ 4121846.820531881880015, 1033233.71673606231343 ], [ 4121846.820531881880015, 1033196.29221871343907 ], [ 4121846.820531881880015, 1033158.867701364564709 ], [ 4121846.820531881880015, 1033121.443184015690349 ], [ 4121846.820531881880015, 1033084.018666666815989 ], [ 4121846.820531881880015, 1033046.594149317941628 ], [ 4121820.357401881832629, 1033020.131019317894243 ], [ 4121782.932884532958269, 1033020.131019317894243 ], [ 4121745.508367184083909, 1033020.131019317894243 ], [ 4121708.083849835209548, 1033020.131019317894243 ], [ 4121708.083849835209548, 1033057.555536666768603 ], [ 4121708.083849835209548, 1033094.980054015642963 ], [ 4121708.083849835209548, 1033132.404571364517324 ], [ 4121708.083849835209548, 1033169.829088713391684 ], [ 4121681.620719835162163, 1033196.29221871343907 ], [ 4121644.196202486287802, 1033196.29221871343907 ], [ 4121606.771685137413442, 1033196.29221871343907 ], [ 4121569.347167788539082, 1033196.29221871343907 ], [ 4121531.922650439664721, 1033196.29221871343907 ], [ 4121494.498133090790361, 1033196.29221871343907 ], [ 4121457.073615741916001, 1033196.29221871343907 ], [ 4121419.649098393041641, 1033196.29221871343907 ], [ 4121382.22458104416728, 1033196.29221871343907 ], [ 4121355.761451044119895, 1033169.829088713391684 ], [ 4121355.761451044119895, 1033132.404571364517324 ], [ 4121355.761451044119895, 1033094.980054015642963 ], [ 4121355.761451044119895, 1033057.555536666768603 ], [ 4121355.761451044119895, 1033020.131019317894243 ], [ 4121318.336933695245534, 1033020.131019317894243 ], [ 4121280.912416346371174, 1033020.131019317894243 ], [ 4121243.487898997496814, 1033020.131019317894243 ], [ 4121243.487898997496814, 1033057.555536666768603 ], [ 4121243.487898997496814, 1033094.980054015642963 ], [ 4121243.487898997496814, 1033132.404571364517324 ], [ 4121243.487898997496814, 1033169.829088713391684 ], [ 4121217.024768997449428, 1033196.29221871343907 ], [ 4121179.600251648575068, 1033196.29221871343907 ], [ 4121142.175734299700707, 1033196.29221871343907 ], [ 4121104.751216950826347, 1033196.29221871343907 ], [ 4121067.326699601951987, 1033196.29221871343907 ], [ 4121040.863569601904601, 1033222.755348713486455 ], [ 4121040.863569601904601, 1033260.179866062360816 ], [ 4121040.863569601904601, 1033297.604383411235176 ], [ 4121040.863569601904601, 1033335.028900760109536 ], [ 4121014.400439601857215, 1033361.492030760156922 ], [ 4120976.975922252982855, 1033361.492030760156922 ], [ 4120939.551404904108495, 1033361.492030760156922 ], [ 4120902.126887555234134, 1033361.492030760156922 ], [ 4120902.126887555234134, 1033398.916548109031282 ], [ 4120902.126887555234134, 1033436.341065457905643 ], [ 4120902.126887555234134, 1033473.765582806780003 ], [ 4120902.126887555234134, 1033511.190100155654363 ], [ 4120864.702370206359774, 1033511.190100155654363 ], [ 4120827.277852857485414, 1033511.190100155654363 ], [ 4120789.853335508611053, 1033511.190100155654363 ], [ 4120752.428818159736693, 1033511.190100155654363 ], [ 4120725.965688159689307, 1033537.653230155701749 ], [ 4120725.965688159689307, 1033575.077747504576109 ], [ 4120725.965688159689307, 1033612.50226485345047 ], [ 4120725.965688159689307, 1033649.92678220232483 ], [ 4120699.502558159641922, 1033676.389912202372216 ], [ 4120662.078040810767561, 1033676.389912202372216 ], [ 4120624.653523461893201, 1033676.389912202372216 ], [ 4120587.229006113018841, 1033676.389912202372216 ], [ 4120560.765876112971455, 1033702.853042202419601 ], [ 4120560.765876112971455, 1033740.277559551293962 ], [ 4120560.765876112971455, 1033777.702076900168322 ], [ 4120560.765876112971455, 1033815.126594249042682 ], [ 4120534.302746112924069, 1033841.589724249090068 ], [ 4120496.878228764049709, 1033841.589724249090068 ], [ 4120459.453711415175349, 1033841.589724249090068 ], [ 4120422.029194066300988, 1033841.589724249090068 ], [ 4120384.604676717426628, 1033841.589724249090068 ], [ 4120347.180159368552268, 1033841.589724249090068 ], [ 4120309.755642019677907, 1033841.589724249090068 ], [ 4120272.331124670803547, 1033841.589724249090068 ], [ 4120234.906607321929187, 1033841.589724249090068 ], [ 4120234.906607321929187, 1033879.014241597964428 ], [ 4120234.906607321929187, 1033916.438758946838789 ], [ 4120234.906607321929187, 1033953.863276295713149 ], [ 4120234.906607321929187, 1033991.287793644587509 ], [ 4120208.443477321881801, 1034017.750923644634895 ], [ 4120171.018959973007441, 1034017.750923644634895 ], [ 4120133.59444262413308, 1034017.750923644634895 ], [ 4120096.16992527525872, 1034017.750923644634895 ], [ 4120058.74540792638436, 1034017.750923644634895 ], [ 4120021.320890577509999, 1034017.750923644634895 ], [ 4119983.896373228635639, 1034017.750923644634895 ], [ 4119946.471855879761279, 1034017.750923644634895 ], [ 4119909.047338530886918, 1034017.750923644634895 ], [ 4119909.047338530886918, 1034055.175440993509255 ], [ 4119909.047338530886918, 1034092.599958342383616 ], [ 4119909.047338530886918, 1034130.024475691257976 ], [ 4119909.047338530886918, 1034167.448993040132336 ], [ 4119871.622821182012558, 1034167.448993040132336 ], [ 4119834.198303833138198, 1034167.448993040132336 ], [ 4119796.773786484263837, 1034167.448993040132336 ], [ 4119759.349269135389477, 1034167.448993040132336 ], [ 4119759.349269135389477, 1034204.873510389006697 ], [ 4119759.349269135389477, 1034242.298027737881057 ], [ 4119759.349269135389477, 1034279.722545086755417 ], [ 4119759.349269135389477, 1034317.147062435629778 ], [ 4119732.886139135342091, 1034343.610192435677163 ], [ 4119695.461621786467731, 1034343.610192435677163 ], [ 4119658.037104437593371, 1034343.610192435677163 ], [ 4119620.61258708871901, 1034343.610192435677163 ], [ 4119583.18806973984465, 1034343.610192435677163 ], [ 4119556.724939739797264, 1034370.073322435724549 ], [ 4119556.724939739797264, 1034407.497839784598909 ], [ 4119556.724939739797264, 1034444.92235713347327 ], [ 4119556.724939739797264, 1034482.34687448234763 ], [ 4119530.261809739749879, 1034508.810004482395016 ], [ 4119492.837292390875518, 1034508.810004482395016 ], [ 4119455.412775042001158, 1034508.810004482395016 ], [ 4119417.988257693126798, 1034508.810004482395016 ], [ 4119417.988257693126798, 1034546.234521831269376 ], [ 4119417.988257693126798, 1034583.659039180143736 ], [ 4119417.988257693126798, 1034621.083556529018097 ], [ 4119417.988257693126798, 1034658.508073877892457 ], [ 4119417.988257693126798, 1034695.932591226766817 ], [ 4119417.988257693126798, 1034733.357108575641178 ], [ 4119417.988257693126798, 1034770.781625924515538 ], [ 4119417.988257693126798, 1034808.206143273389898 ], [ 4119391.525127693079412, 1034834.669273273437284 ], [ 4119354.100610344205052, 1034834.669273273437284 ], [ 4119316.676092995330691, 1034834.669273273437284 ], [ 4119279.251575646456331, 1034834.669273273437284 ], [ 4119241.827058297581971, 1034834.669273273437284 ], [ 4119241.827058297581971, 1034872.093790622311644 ], [ 4119241.827058297581971, 1034909.518307971186005 ], [ 4119241.827058297581971, 1034946.942825320060365 ], [ 4119241.827058297581971, 1034984.367342668934725 ], [ 4119241.827058297581971, 1035021.791860017809086 ], [ 4119241.827058297581971, 1035059.216377366683446 ], [ 4119241.827058297581971, 1035096.640894715557806 ], [ 4119241.827058297581971, 1035134.065412064432167 ], [ 4119241.827058297581971, 1035171.489929413306527 ], [ 4119241.827058297581971, 1035208.914446762180887 ], [ 4119241.827058297581971, 1035246.338964111055247 ], [ 4119241.827058297581971, 1035283.763481459929608 ], [ 4119241.827058297581971, 1035321.187998808803968 ], [ 4119215.363928297534585, 1035347.651128808851354 ], [ 4119177.939410948660225, 1035347.651128808851354 ], [ 4119140.514893599785864, 1035347.651128808851354 ], [ 4119103.090376250911504, 1035347.651128808851354 ], [ 4119103.090376250911504, 1035385.075646157725714 ], [ 4119103.090376250911504, 1035422.500163506600074 ], [ 4119103.090376250911504, 1035459.924680855474435 ], [ 4119103.090376250911504, 1035497.349198204348795 ], [ 4119065.665858902037144, 1035497.349198204348795 ], [ 4119028.241341553162783, 1035497.349198204348795 ], [ 4118990.816824204288423, 1035497.349198204348795 ], [ 4118953.392306855414063, 1035497.349198204348795 ], [ 4118926.929176855366677, 1035523.812328204396181 ], [ 4118926.929176855366677, 1035561.236845553270541 ], [ 4118926.929176855366677, 1035598.661362902144901 ], [ 4118926.929176855366677, 1035636.085880251019262 ], [ 4118926.929176855366677, 1035673.510397599893622 ], [ 4118926.929176855366677, 1035710.934914948767982 ], [ 4118926.929176855366677, 1035748.359432297642343 ], [ 4118926.929176855366677, 1035785.783949646516703 ], [ 4118926.929176855366677, 1035823.208466995391063 ], [ 4118926.929176855366677, 1035860.632984344265424 ], [ 4118926.929176855366677, 1035898.057501693139784 ], [ 4118926.929176855366677, 1035935.482019042014144 ], [ 4118926.929176855366677, 1035972.906536390888505 ], [ 4118964.353694204241037, 1035972.906536390888505 ], [ 4119001.778211553115398, 1035972.906536390888505 ], [ 4119039.202728901989758, 1035972.906536390888505 ], [ 4119076.627246250864118, 1035972.906536390888505 ], [ 4119103.090376250911504, 1035999.36966639093589 ], [ 4119103.090376250911504, 1036036.794183739810251 ], [ 4119103.090376250911504, 1036074.218701088684611 ], [ 4119103.090376250911504, 1036111.643218437558971 ], [ 4119103.090376250911504, 1036149.067735786433332 ], [ 4119103.090376250911504, 1036186.492253135307692 ], [ 4119103.090376250911504, 1036223.916770484182052 ], [ 4119103.090376250911504, 1036261.341287833056413 ], [ 4119103.090376250911504, 1036298.765805181930773 ], [ 4119103.090376250911504, 1036336.190322530805133 ], [ 4119103.090376250911504, 1036373.614839879679494 ], [ 4119103.090376250911504, 1036411.039357228553854 ], [ 4119103.090376250911504, 1036448.463874577428214 ], [ 4119103.090376250911504, 1036485.888391926302575 ], [ 4119065.665858902037144, 1036485.888391926302575 ], [ 4119028.241341553162783, 1036485.888391926302575 ], [ 4118990.816824204288423, 1036485.888391926302575 ], [ 4118953.392306855414063, 1036485.888391926302575 ], [ 4118926.929176855366677, 1036512.35152192634996 ], [ 4118926.929176855366677, 1036549.776039275224321 ], [ 4118926.929176855366677, 1036587.200556624098681 ], [ 4118926.929176855366677, 1036624.625073972973041 ], [ 4118900.466046855319291, 1036651.088203973020427 ], [ 4118863.041529506444931, 1036651.088203973020427 ], [ 4118825.617012157570571, 1036651.088203973020427 ], [ 4118788.19249480869621, 1036651.088203973020427 ], [ 4118750.76797745982185, 1036651.088203973020427 ], [ 4118750.76797745982185, 1036688.512721321894787 ], [ 4118750.76797745982185, 1036725.937238670769148 ], [ 4118750.76797745982185, 1036763.361756019643508 ], [ 4118750.76797745982185, 1036800.786273368517868 ], [ 4118788.19249480869621, 1036800.786273368517868 ], [ 4118825.617012157570571, 1036800.786273368517868 ], [ 4118863.041529506444931, 1036800.786273368517868 ], [ 4118900.466046855319291, 1036800.786273368517868 ], [ 4118926.929176855366677, 1036827.249403368565254 ], [ 4118926.929176855366677, 1036864.673920717439614 ], [ 4118926.929176855366677, 1036902.098438066313975 ], [ 4118926.929176855366677, 1036939.522955415188335 ], [ 4118926.929176855366677, 1036976.947472764062695 ], [ 4118926.929176855366677, 1037014.371990112937056 ], [ 4118926.929176855366677, 1037051.796507461811416 ], [ 4118926.929176855366677, 1037089.221024810685776 ], [ 4118926.929176855366677, 1037126.645542159560136 ], [ 4118964.353694204241037, 1037126.645542159560136 ], [ 4119001.778211553115398, 1037126.645542159560136 ], [ 4119039.202728901989758, 1037126.645542159560136 ], [ 4119076.627246250864118, 1037126.645542159560136 ], [ 4119103.090376250911504, 1037153.108672159607522 ], [ 4119103.090376250911504, 1037190.533189508481883 ], [ 4119103.090376250911504, 1037227.957706857356243 ], [ 4119103.090376250911504, 1037265.382224206230603 ], [ 4119103.090376250911504, 1037302.806741555104963 ], [ 4119140.514893599785864, 1037302.806741555104963 ], [ 4119177.939410948660225, 1037302.806741555104963 ], [ 4119215.363928297534585, 1037302.806741555104963 ], [ 4119241.827058297581971, 1037329.269871555152349 ], [ 4119241.827058297581971, 1037366.694388904026709 ], [ 4119241.827058297581971, 1037404.11890625290107 ], [ 4119241.827058297581971, 1037441.54342360177543 ], [ 4119268.290188297629356, 1037468.006553601822816 ], [ 4119305.714705646503717, 1037468.006553601822816 ], [ 4119343.139222995378077, 1037468.006553601822816 ], [ 4119380.563740344252437, 1037468.006553601822816 ], [ 4119407.026870344299823, 1037494.469683601870202 ], [ 4119407.026870344299823, 1037531.894200950744562 ], [ 4119407.026870344299823, 1037569.318718299618922 ], [ 4119407.026870344299823, 1037606.743235648493282 ], [ 4119407.026870344299823, 1037644.167752997367643 ], [ 4119407.026870344299823, 1037681.592270346242003 ], [ 4119407.026870344299823, 1037719.016787695116363 ], [ 4119407.026870344299823, 1037756.441305043990724 ], [ 4119407.026870344299823, 1037793.865822392865084 ], [ 4119444.451387693174183, 1037793.865822392865084 ], [ 4119481.875905042048544, 1037793.865822392865084 ], [ 4119519.300422390922904, 1037793.865822392865084 ], [ 4119556.724939739797264, 1037793.865822392865084 ], [ 4119556.724939739797264, 1037831.290339741739444 ], [ 4119556.724939739797264, 1037868.714857090613805 ], [ 4119556.724939739797264, 1037906.139374439488165 ], [ 4119556.724939739797264, 1037943.563891788362525 ], [ 4119556.724939739797264, 1037980.988409137236886 ], [ 4119556.724939739797264, 1038018.412926486111246 ], [ 4119556.724939739797264, 1038055.837443834985606 ], [ 4119556.724939739797264, 1038093.261961183859967 ], [ 4119556.724939739797264, 1038130.686478532734327 ], [ 4119556.724939739797264, 1038168.110995881608687 ], [ 4119556.724939739797264, 1038205.535513230483048 ], [ 4119556.724939739797264, 1038242.960030579357408 ], [ 4119556.724939739797264, 1038280.384547928231768 ], [ 4119594.149457088671625, 1038280.384547928231768 ], [ 4119631.573974437545985, 1038280.384547928231768 ], [ 4119668.998491786420345, 1038280.384547928231768 ], [ 4119706.423009135294706, 1038280.384547928231768 ], [ 4119743.847526484169066, 1038280.384547928231768 ], [ 4119743.847526484169066, 1038317.809065277106129 ], [ 4119743.847526484169066, 1038355.233582625980489 ], [ 4119743.847526484169066, 1038392.658099974854849 ], [ 4119743.847526484169066, 1038430.08261732372921 ], [ 4119743.847526484169066, 1038467.50713467260357 ], [ 4119743.847526484169066, 1038504.93165202147793 ], [ 4119743.847526484169066, 1038542.356169370352291 ], [ 4119743.847526484169066, 1038579.780686719226651 ], [ 4119743.847526484169066, 1038617.205204068101011 ], [ 4119743.847526484169066, 1038654.629721416975372 ], [ 4119743.847526484169066, 1038692.054238765849732 ], [ 4119743.847526484169066, 1038729.478756114724092 ], [ 4119743.847526484169066, 1038766.903273463598453 ], [ 4119743.847526484169066, 1038804.327790812472813 ], [ 4119706.423009135294706, 1038804.327790812472813 ], [ 4119668.998491786420345, 1038804.327790812472813 ], [ 4119631.573974437545985, 1038804.327790812472813 ], [ 4119594.149457088671625, 1038804.327790812472813 ], [ 4119556.724939739797264, 1038804.327790812472813 ], [ 4119556.724939739797264, 1038841.752308161347173 ], [ 4119556.724939739797264, 1038879.176825510221533 ], [ 4119556.724939739797264, 1038916.601342859095894 ], [ 4119556.724939739797264, 1038954.025860207970254 ], [ 4119594.149457088671625, 1038954.025860207970254 ], [ 4119631.573974437545985, 1038954.025860207970254 ], [ 4119668.998491786420345, 1038954.025860207970254 ], [ 4119706.423009135294706, 1038954.025860207970254 ], [ 4119743.847526484169066, 1038954.025860207970254 ], [ 4119743.847526484169066, 1038991.450377556844614 ], [ 4119743.847526484169066, 1039028.874894905718975 ], [ 4119743.847526484169066, 1039066.299412254593335 ], [ 4119743.847526484169066, 1039103.723929603467695 ], [ 4119743.847526484169066, 1039141.148446952342056 ], [ 4119743.847526484169066, 1039178.572964301216416 ], [ 4119743.847526484169066, 1039215.997481650090776 ], [ 4119743.847526484169066, 1039253.421998998965137 ], [ 4119743.847526484169066, 1039290.846516347839497 ], [ 4119717.38439648412168, 1039317.309646347886883 ], [ 4119679.95987913524732, 1039317.309646347886883 ], [ 4119642.53536178637296, 1039317.309646347886883 ], [ 4119605.110844437498599, 1039317.309646347886883 ], [ 4119567.686327088624239, 1039317.309646347886883 ], [ 4119567.686327088624239, 1039354.734163696761243 ], [ 4119567.686327088624239, 1039392.158681045635603 ], [ 4119567.686327088624239, 1039429.583198394509964 ], [ 4119567.686327088624239, 1039467.007715743384324 ], [ 4119567.686327088624239, 1039504.432233092258684 ], [ 4119567.686327088624239, 1039541.856750441133045 ], [ 4119567.686327088624239, 1039579.281267790007405 ], [ 4119567.686327088624239, 1039616.705785138881765 ], [ 4119541.223197088576853, 1039643.168915138929151 ], [ 4119503.798679739702493, 1039643.168915138929151 ], [ 4119466.374162390828133, 1039643.168915138929151 ], [ 4119428.949645041953772, 1039643.168915138929151 ], [ 4119402.486515041906387, 1039669.632045138976537 ], [ 4119402.486515041906387, 1039707.056562487850897 ], [ 4119402.486515041906387, 1039744.481079836725257 ], [ 4119402.486515041906387, 1039781.905597185599618 ], [ 4119402.486515041906387, 1039819.330114534473978 ], [ 4119402.486515041906387, 1039856.754631883348338 ], [ 4119402.486515041906387, 1039894.179149232222699 ], [ 4119402.486515041906387, 1039931.603666581097059 ], [ 4119376.023385041859001, 1039958.066796581144445 ], [ 4119338.598867692984641, 1039958.066796581144445 ], [ 4119301.17435034411028, 1039958.066796581144445 ], [ 4119263.74983299523592, 1039958.066796581144445 ], [ 4119236.81147254165262, 1039965.836569658597 ], [ 4119236.81147254165262, 1040003.26108700747136 ], [ 4119236.81147254165262, 1040040.685604356345721 ], [ 4119236.81147254165262, 1040078.110121705220081 ], [ 4119236.81147254165262, 1040115.534639054094441 ], [ 4119236.81147254165262, 1040152.959156402968802 ], [ 4119236.81147254165262, 1040190.383673751843162 ], [ 4119236.81147254165262, 1040227.808191100717522 ], [ 4119236.81147254165262, 1040265.232708449591883 ], [ 4119274.23598989052698, 1040265.232708449591883 ], [ 4119311.66050723940134, 1040265.232708449591883 ], [ 4119349.085024588275701, 1040265.232708449591883 ], [ 4119386.509541937150061, 1040265.232708449591883 ], [ 4119412.972671937197447, 1040291.695838449639268 ], [ 4119412.972671937197447, 1040329.120355798513629 ], [ 4119412.972671937197447, 1040366.544873147387989 ], [ 4119412.972671937197447, 1040403.969390496262349 ], [ 4119412.972671937197447, 1040441.39390784513671 ], [ 4119412.972671937197447, 1040478.81842519401107 ], [ 4119412.972671937197447, 1040516.24294254288543 ], [ 4119412.972671937197447, 1040553.66745989175979 ], [ 4119412.972671937197447, 1040591.091977240634151 ], [ 4119412.972671937197447, 1040628.516494589508511 ], [ 4119412.972671937197447, 1040665.941011938382871 ], [ 4119412.972671937197447, 1040703.365529287257232 ], [ 4119412.972671937197447, 1040740.790046636131592 ], [ 4119412.972671937197447, 1040778.214563985005952 ], [ 4119412.972671937197447, 1040815.639081333880313 ], [ 4119412.972671937197447, 1040853.063598682754673 ], [ 4119412.972671937197447, 1040890.488116031629033 ], [ 4119412.972671937197447, 1040927.912633380503394 ], [ 4119412.972671937197447, 1040965.337150729377754 ], [ 4119412.972671937197447, 1041002.761668078252114 ], [ 4119412.972671937197447, 1041040.186185427126475 ], [ 4119412.972671937197447, 1041077.610702776000835 ], [ 4119412.972671937197447, 1041115.035220124875195 ], [ 4119412.972671937197447, 1041152.459737473749556 ], [ 4119412.972671937197447, 1041189.884254822623916 ], [ 4119412.972671937197447, 1041227.308772171498276 ], [ 4119412.972671937197447, 1041264.733289520372637 ], [ 4119386.509541937150061, 1041291.196419520420022 ], [ 4119349.085024588275701, 1041291.196419520420022 ], [ 4119311.66050723940134, 1041291.196419520420022 ], [ 4119274.23598989052698, 1041291.196419520420022 ], [ 4119236.81147254165262, 1041291.196419520420022 ], [ 4119236.81147254165262, 1041328.620936869294383 ], [ 4119236.81147254165262, 1041366.045454218168743 ], [ 4119236.81147254165262, 1041403.469971567043103 ], [ 4119236.81147254165262, 1041440.894488915917464 ], [ 4119236.81147254165262, 1041478.319006264791824 ], [ 4119236.81147254165262, 1041515.743523613666184 ], [ 4119236.81147254165262, 1041553.168040962540545 ], [ 4119236.81147254165262, 1041590.592558311414905 ], [ 4119236.81147254165262, 1041628.017075660289265 ], [ 4119236.81147254165262, 1041665.441593009163626 ], [ 4119236.81147254165262, 1041702.866110358037986 ], [ 4119236.81147254165262, 1041740.290627706912346 ], [ 4119236.81147254165262, 1041777.715145055786707 ], [ 4119199.38695519277826, 1041777.715145055786707 ], [ 4119161.962437843903899, 1041777.715145055786707 ], [ 4119124.537920495029539, 1041777.715145055786707 ], [ 4119087.113403146155179, 1041777.715145055786707 ], [ 4119087.113403146155179, 1041815.139662404661067 ], [ 4119087.113403146155179, 1041852.564179753535427 ], [ 4119087.113403146155179, 1041889.988697102409787 ], [ 4119087.113403146155179, 1041927.413214451284148 ], [ 4119087.113403146155179, 1041964.837731800158508 ], [ 4119087.113403146155179, 1042002.262249149032868 ], [ 4119087.113403146155179, 1042039.686766497907229 ], [ 4119087.113403146155179, 1042077.111283846781589 ], [ 4119087.113403146155179, 1042114.535801195655949 ], [ 4119049.688885797280818, 1042114.535801195655949 ], [ 4119012.264368448406458, 1042114.535801195655949 ], [ 4118974.839851099532098, 1042114.535801195655949 ], [ 4118937.415333750657737, 1042114.535801195655949 ], [ 4118899.990816401783377, 1042114.535801195655949 ], [ 4118862.566299052909017, 1042114.535801195655949 ], [ 4118825.141781704034656, 1042114.535801195655949 ], [ 4118787.717264355160296, 1042114.535801195655949 ], [ 4118750.292747006285936, 1042114.535801195655949 ], [ 4118750.292747006285936, 1042151.96031854453031 ], [ 4118750.292747006285936, 1042189.38483589340467 ], [ 4118750.292747006285936, 1042226.80935324227903 ], [ 4118750.292747006285936, 1042264.233870591153391 ], [ 4118750.292747006285936, 1042301.658387940027751 ], [ 4118750.292747006285936, 1042339.082905288902111 ], [ 4118750.292747006285936, 1042376.507422637776472 ], [ 4118750.292747006285936, 1042413.931939986650832 ], [ 4118750.292747006285936, 1042451.356457335525192 ], [ 4118750.292747006285936, 1042488.780974684399553 ], [ 4118750.292747006285936, 1042526.205492033273913 ], [ 4118750.292747006285936, 1042563.630009382148273 ], [ 4118750.292747006285936, 1042601.054526731022634 ], [ 4118787.717264355160296, 1042601.054526731022634 ], [ 4118825.141781704034656, 1042601.054526731022634 ], [ 4118862.566299052909017, 1042601.054526731022634 ], [ 4118899.990816401783377, 1042601.054526731022634 ], [ 4118926.453946401830763, 1042627.517656731070019 ], [ 4118926.453946401830763, 1042664.94217407994438 ], [ 4118926.453946401830763, 1042702.36669142881874 ], [ 4118926.453946401830763, 1042739.7912087776931 ], [ 4118926.453946401830763, 1042777.215726126567461 ], [ 4118926.453946401830763, 1042814.640243475441821 ], [ 4118926.453946401830763, 1042852.064760824316181 ], [ 4118926.453946401830763, 1042889.489278173190542 ], [ 4118926.453946401830763, 1042926.913795522064902 ], [ 4118963.878463750705123, 1042926.913795522064902 ], [ 4119001.302981099579483, 1042926.913795522064902 ], [ 4119038.727498448453844, 1042926.913795522064902 ], [ 4119076.152015797328204, 1042926.913795522064902 ], [ 4119102.61514579737559, 1042953.376925522112288 ], [ 4119102.61514579737559, 1042990.801442870986648 ], [ 4119102.61514579737559, 1043028.225960219861008 ], [ 4119102.61514579737559, 1043065.650477568735369 ], [ 4119102.61514579737559, 1043103.074994917609729 ], [ 4119065.190628448501229, 1043103.074994917609729 ], [ 4119027.766111099626869, 1043103.074994917609729 ], [ 4118990.341593750752509, 1043103.074994917609729 ], [ 4118952.917076401878148, 1043103.074994917609729 ], [ 4118926.453946401830763, 1043129.538124917657115 ], [ 4118926.453946401830763, 1043166.962642266531475 ], [ 4118926.453946401830763, 1043204.387159615405835 ], [ 4118926.453946401830763, 1043241.811676964280196 ], [ 4118926.453946401830763, 1043279.236194313154556 ], [ 4118926.453946401830763, 1043316.660711662028916 ], [ 4118926.453946401830763, 1043354.085229010903277 ], [ 4118926.453946401830763, 1043391.509746359777637 ], [ 4118926.453946401830763, 1043428.934263708651997 ], [ 4118926.453946401830763, 1043466.358781057526357 ], [ 4118926.453946401830763, 1043503.783298406400718 ], [ 4118926.453946401830763, 1043541.207815755275078 ], [ 4118926.453946401830763, 1043578.632333104149438 ], [ 4118899.990816401783377, 1043605.095463104196824 ], [ 4118862.566299052909017, 1043605.095463104196824 ], [ 4118825.141781704034656, 1043605.095463104196824 ], [ 4118787.717264355160296, 1043605.095463104196824 ], [ 4118750.292747006285936, 1043605.095463104196824 ], [ 4118750.292747006285936, 1043642.519980453071184 ], [ 4118750.292747006285936, 1043679.944497801945545 ], [ 4118750.292747006285936, 1043717.369015150819905 ], [ 4118750.292747006285936, 1043754.793532499694265 ], [ 4118750.292747006285936, 1043792.218049848568626 ], [ 4118750.292747006285936, 1043829.642567197442986 ], [ 4118750.292747006285936, 1043867.067084546317346 ], [ 4118750.292747006285936, 1043904.491601895191707 ], [ 4118750.292747006285936, 1043941.916119244066067 ], [ 4118750.292747006285936, 1043979.340636592940427 ], [ 4118750.292747006285936, 1044016.765153941814788 ], [ 4118750.292747006285936, 1044054.189671290689148 ], [ 4118750.292747006285936, 1044091.614188639563508 ], [ 4118750.292747006285936, 1044129.038705988437869 ], [ 4118750.292747006285936, 1044166.463223337312229 ], [ 4118750.292747006285936, 1044203.887740686186589 ], [ 4118750.292747006285936, 1044241.31225803506095 ], [ 4118750.292747006285936, 1044278.73677538393531 ], [ 4118750.292747006285936, 1044316.16129273280967 ], [ 4118750.292747006285936, 1044353.585810081684031 ], [ 4118750.292747006285936, 1044391.010327430558391 ], [ 4118750.292747006285936, 1044428.434844779432751 ], [ 4118750.292747006285936, 1044465.859362128307112 ], [ 4118750.292747006285936, 1044503.283879477181472 ], [ 4118750.292747006285936, 1044540.708396826055832 ], [ 4118750.292747006285936, 1044578.132914174930193 ], [ 4118750.292747006285936, 1044615.557431523804553 ], [ 4118750.292747006285936, 1044652.981948872678913 ], [ 4118750.292747006285936, 1044690.406466221553273 ], [ 4118750.292747006285936, 1044727.830983570427634 ], [ 4118787.717264355160296, 1044727.830983570427634 ], [ 4118825.141781704034656, 1044727.830983570427634 ], [ 4118862.566299052909017, 1044727.830983570427634 ], [ 4118899.990816401783377, 1044727.830983570427634 ], [ 4118926.453946401830763, 1044754.29411357047502 ], [ 4118926.453946401830763, 1044791.71863091934938 ], [ 4118926.453946401830763, 1044829.14314826822374 ], [ 4118926.453946401830763, 1044866.5676656170981 ], [ 4118926.453946401830763, 1044903.992182965972461 ], [ 4118963.878463750705123, 1044903.992182965972461 ], [ 4119001.302981099579483, 1044903.992182965972461 ], [ 4119038.727498448453844, 1044903.992182965972461 ], [ 4119076.152015797328204, 1044903.992182965972461 ], [ 4119102.61514579737559, 1044930.455312966019846 ], [ 4119102.61514579737559, 1044967.879830314894207 ], [ 4119102.61514579737559, 1045005.304347663768567 ], [ 4119102.61514579737559, 1045042.728865012642927 ], [ 4119102.61514579737559, 1045080.153382361517288 ], [ 4119102.61514579737559, 1045117.577899710391648 ], [ 4119102.61514579737559, 1045155.002417059266008 ], [ 4119102.61514579737559, 1045192.426934408140369 ], [ 4119102.61514579737559, 1045229.851451757014729 ], [ 4119140.03966314624995, 1045229.851451757014729 ], [ 4119177.46418049512431, 1045229.851451757014729 ], [ 4119214.888697843998671, 1045229.851451757014729 ], [ 4119241.351827844046056, 1045256.314581757062115 ], [ 4119241.351827844046056, 1045293.739099105936475 ], [ 4119241.351827844046056, 1045331.163616454810835 ], [ 4119241.351827844046056, 1045368.588133803685196 ], [ 4119241.351827844046056, 1045406.012651152559556 ], [ 4119241.351827844046056, 1045443.437168501433916 ], [ 4119241.351827844046056, 1045480.861685850308277 ], [ 4119241.351827844046056, 1045518.286203199182637 ], [ 4119241.351827844046056, 1045555.710720548056997 ], [ 4119278.776345192920417, 1045555.710720548056997 ], [ 4119316.200862541794777, 1045555.710720548056997 ], [ 4119353.625379890669137, 1045555.710720548056997 ], [ 4119391.049897239543498, 1045555.710720548056997 ], [ 4119417.513027239590883, 1045582.173850548104383 ], [ 4119417.513027239590883, 1045619.598367896978743 ], [ 4119417.513027239590883, 1045657.022885245853104 ], [ 4119417.513027239590883, 1045694.447402594727464 ], [ 4119417.513027239590883, 1045731.871919943601824 ], [ 4119417.513027239590883, 1045769.296437292476185 ], [ 4119417.513027239590883, 1045806.720954641350545 ], [ 4119417.513027239590883, 1045844.145471990224905 ], [ 4119417.513027239590883, 1045881.569989339099266 ], [ 4119417.513027239590883, 1045918.994506687973626 ], [ 4119380.088509890716523, 1045918.994506687973626 ], [ 4119342.663992541842163, 1045918.994506687973626 ], [ 4119305.239475192967802, 1045918.994506687973626 ], [ 4119267.814957844093442, 1045918.994506687973626 ], [ 4119230.390440495219082, 1045918.994506687973626 ], [ 4119192.965923146344721, 1045918.994506687973626 ], [ 4119155.541405797470361, 1045918.994506687973626 ], [ 4119118.116888448596001, 1045918.994506687973626 ], [ 4119080.69237109972164, 1045918.994506687973626 ], [ 4119043.26785375084728, 1045918.994506687973626 ], [ 4119005.84333640197292, 1045918.994506687973626 ], [ 4118968.418819053098559, 1045918.994506687973626 ], [ 4118930.994301704224199, 1045918.994506687973626 ], [ 4118893.569784355349839, 1045918.994506687973626 ], [ 4118856.145267006475478, 1045918.994506687973626 ], [ 4118818.720749657601118, 1045918.994506687973626 ], [ 4118781.296232308726758, 1045918.994506687973626 ], [ 4118743.871714959852397, 1045918.994506687973626 ], [ 4118706.447197610978037, 1045918.994506687973626 ], [ 4118669.022680262103677, 1045918.994506687973626 ], [ 4118631.598162913229316, 1045918.994506687973626 ], [ 4118594.173645564354956, 1045918.994506687973626 ], [ 4118556.749128215480596, 1045918.994506687973626 ], [ 4118519.324610866606236, 1045918.994506687973626 ], [ 4118481.900093517731875, 1045918.994506687973626 ], [ 4118444.475576168857515, 1045918.994506687973626 ], [ 4118407.051058819983155, 1045918.994506687973626 ], [ 4118369.626541471108794, 1045918.994506687973626 ], [ 4118332.202024122234434, 1045918.994506687973626 ], [ 4118294.777506773360074, 1045918.994506687973626 ], [ 4118257.352989424485713, 1045918.994506687973626 ], [ 4118230.889859424438328, 1045892.53137668792624 ], [ 4118230.889859424438328, 1045855.10685933905188 ], [ 4118230.889859424438328, 1045817.68234199017752 ], [ 4118230.889859424438328, 1045780.257824641303159 ], [ 4118204.426729424390942, 1045753.794694641255774 ], [ 4118167.002212075516582, 1045753.794694641255774 ], [ 4118129.577694726642221, 1045753.794694641255774 ], [ 4118092.153177377767861, 1045753.794694641255774 ], [ 4118054.728660028893501, 1045753.794694641255774 ], [ 4118017.30414268001914, 1045753.794694641255774 ], [ 4117979.87962533114478, 1045753.794694641255774 ], [ 4117942.45510798227042, 1045753.794694641255774 ], [ 4117905.030590633396059, 1045753.794694641255774 ], [ 4117905.030590633396059, 1045716.370177292381413 ], [ 4117905.030590633396059, 1045678.945659943507053 ], [ 4117905.030590633396059, 1045641.521142594632693 ], [ 4117905.030590633396059, 1045604.096625245758332 ], [ 4117867.606073284521699, 1045604.096625245758332 ], [ 4117830.181555935647339, 1045604.096625245758332 ], [ 4117792.757038586772978, 1045604.096625245758332 ], [ 4117755.332521237898618, 1045604.096625245758332 ], [ 4117755.332521237898618, 1045641.521142594632693 ], [ 4117755.332521237898618, 1045678.945659943507053 ], [ 4117755.332521237898618, 1045716.370177292381413 ], [ 4117755.332521237898618, 1045753.794694641255774 ], [ 4117717.908003889024258, 1045753.794694641255774 ], [ 4117680.483486540149897, 1045753.794694641255774 ], [ 4117643.058969191275537, 1045753.794694641255774 ], [ 4117605.634451842401177, 1045753.794694641255774 ], [ 4117605.634451842401177, 1045791.219211990130134 ], [ 4117605.634451842401177, 1045828.643729339004494 ], [ 4117605.634451842401177, 1045866.068246687878855 ], [ 4117605.634451842401177, 1045903.492764036753215 ], [ 4117565.939756842330098, 1045909.505393423140049 ], [ 4117526.24506184225902, 1045911.775571074686013 ], [ 4117488.820544493384659, 1045911.775571074686013 ], [ 4117451.396027144510299, 1045911.775571074686013 ], [ 4117413.971509795635939, 1045911.775571074686013 ], [ 4117376.546992446761578, 1045911.775571074686013 ], [ 4117339.122475097887218, 1045911.775571074686013 ], [ 4117301.697957749012858, 1045911.775571074686013 ], [ 4117264.273440400138497, 1045911.775571074686013 ], [ 4117226.848923051264137, 1045911.775571074686013 ], [ 4117189.424405702389777, 1045911.775571074686013 ], [ 4117151.999888353515416, 1045911.775571074686013 ], [ 4117114.575371004641056, 1045911.775571074686013 ], [ 4117077.150853655766696, 1045911.775571074686013 ], [ 4117039.726336306892335, 1045911.775571074686013 ], [ 4117002.301818958017975, 1045911.775571074686013 ], [ 4116964.877301609143615, 1045911.775571074686013 ], [ 4116927.452784260269254, 1045911.775571074686013 ], [ 4116927.452784260269254, 1045874.351053725811653 ], [ 4116927.452784260269254, 1045836.926536376937293 ], [ 4116927.452784260269254, 1045799.502019028062932 ], [ 4116927.452784260269254, 1045762.077501679188572 ], [ 4116890.028266911394894, 1045762.077501679188572 ], [ 4116852.603749562520534, 1045762.077501679188572 ], [ 4116815.179232213646173, 1045762.077501679188572 ], [ 4116777.754714864771813, 1045762.077501679188572 ], [ 4116751.291584864724427, 1045735.614371679141186 ], [ 4116751.291584864724427, 1045698.189854330266826 ], [ 4116751.291584864724427, 1045660.765336981392466 ], [ 4116751.291584864724427, 1045623.340819632518105 ], [ 4116751.291584864724427, 1045585.916302283643745 ], [ 4116713.867067515850067, 1045585.916302283643745 ], [ 4116676.442550166975707, 1045585.916302283643745 ], [ 4116639.018032818101346, 1045585.916302283643745 ], [ 4116601.593515469226986, 1045585.916302283643745 ], [ 4116564.168998120352626, 1045585.916302283643745 ], [ 4116526.744480771478266, 1045585.916302283643745 ], [ 4116489.319963422603905, 1045585.916302283643745 ], [ 4116451.895446073729545, 1045585.916302283643745 ], [ 4116451.895446073729545, 1045623.340819632518105 ], [ 4116451.895446073729545, 1045660.765336981392466 ], [ 4116451.895446073729545, 1045698.189854330266826 ], [ 4116451.895446073729545, 1045735.614371679141186 ], [ 4116425.432316073682159, 1045762.077501679188572 ], [ 4116388.007798724807799, 1045762.077501679188572 ], [ 4116350.583281375933439, 1045762.077501679188572 ], [ 4116313.158764027059078, 1045762.077501679188572 ], [ 4116275.734246678184718, 1045762.077501679188572 ], [ 4116275.734246678184718, 1045799.502019028062932 ], [ 4116275.734246678184718, 1045836.926536376937293 ], [ 4116275.734246678184718, 1045874.351053725811653 ], [ 4116275.734246678184718, 1045911.775571074686013 ], [ 4116238.309729329310358, 1045911.775571074686013 ], [ 4116200.885211980435997, 1045911.775571074686013 ], [ 4116163.460694631561637, 1045911.775571074686013 ], [ 4116126.036177282687277, 1045911.775571074686013 ], [ 4116088.611659933812916, 1045911.775571074686013 ], [ 4116051.187142584938556, 1045911.775571074686013 ], [ 4116013.762625236064196, 1045911.775571074686013 ], [ 4115976.338107887189835, 1045911.775571074686013 ], [ 4115938.913590538315475, 1045911.775571074686013 ], [ 4115901.489073189441115, 1045911.775571074686013 ], [ 4115864.064555840566754, 1045911.775571074686013 ], [ 4115826.640038491692394, 1045911.775571074686013 ], [ 4115789.215521142818034, 1045911.775571074686013 ], [ 4115751.791003793943673, 1045911.775571074686013 ], [ 4115714.366486445069313, 1045911.775571074686013 ], [ 4115676.941969096194953, 1045911.775571074686013 ], [ 4115639.517451747320592, 1045911.775571074686013 ], [ 4115602.092934398446232, 1045911.775571074686013 ], [ 4115564.668417049571872, 1045911.775571074686013 ], [ 4115527.243899700697511, 1045911.775571074686013 ], [ 4115489.819382351823151, 1045911.775571074686013 ], [ 4115452.394865002948791, 1045911.775571074686013 ], [ 4115414.97034765407443, 1045911.775571074686013 ], [ 4115377.54583030520007, 1045911.775571074686013 ], [ 4115340.12131295632571, 1045911.775571074686013 ], [ 4115302.696795607451349, 1045911.775571074686013 ], [ 4115265.272278258576989, 1045911.775571074686013 ], [ 4115227.847760909702629, 1045911.775571074686013 ], [ 4115190.423243560828269, 1045911.775571074686013 ], [ 4115152.998726211953908, 1045911.775571074686013 ], [ 4115115.574208863079548, 1045911.775571074686013 ], [ 4115078.149691514205188, 1045911.775571074686013 ], [ 4115040.725174165330827, 1045911.775571074686013 ], [ 4115003.300656816456467, 1045911.775571074686013 ], [ 4114965.876139467582107, 1045911.775571074686013 ], [ 4114965.876139467582107, 1045874.351053725811653 ], [ 4114965.876139467582107, 1045836.926536376937293 ], [ 4114965.876139467582107, 1045799.502019028062932 ], [ 4114965.876139467582107, 1045762.077501679188572 ], [ 4114928.451622118707746, 1045762.077501679188572 ], [ 4114891.027104769833386, 1045762.077501679188572 ], [ 4114853.602587420959026, 1045762.077501679188572 ], [ 4114816.178070072084665, 1045762.077501679188572 ], [ 4114778.753552723210305, 1045762.077501679188572 ], [ 4114741.329035374335945, 1045762.077501679188572 ], [ 4114703.904518025461584, 1045762.077501679188572 ], [ 4114666.480000676587224, 1045762.077501679188572 ], [ 4114629.055483327712864, 1045762.077501679188572 ], [ 4114591.630965978838503, 1045762.077501679188572 ], [ 4114554.206448629964143, 1045762.077501679188572 ], [ 4114516.781931281089783, 1045762.077501679188572 ], [ 4114479.357413932215422, 1045762.077501679188572 ], [ 4114441.932896583341062, 1045762.077501679188572 ], [ 4114404.508379234466702, 1045762.077501679188572 ], [ 4114367.083861885592341, 1045762.077501679188572 ], [ 4114329.659344536717981, 1045762.077501679188572 ], [ 4114292.234827187843621, 1045762.077501679188572 ], [ 4114254.81030983896926, 1045762.077501679188572 ], [ 4114217.3857924900949, 1045762.077501679188572 ], [ 4114179.96127514122054, 1045762.077501679188572 ], [ 4114142.536757792346179, 1045762.077501679188572 ], [ 4114105.112240443471819, 1045762.077501679188572 ], [ 4114067.687723094597459, 1045762.077501679188572 ], [ 4114030.263205745723099, 1045762.077501679188572 ], [ 4113992.838688396848738, 1045762.077501679188572 ], [ 4113955.414171047974378, 1045762.077501679188572 ], [ 4113917.989653699100018, 1045762.077501679188572 ], [ 4113880.565136350225657, 1045762.077501679188572 ], [ 4113843.140619001351297, 1045762.077501679188572 ], [ 4113805.716101652476937, 1045762.077501679188572 ], [ 4113768.291584303602576, 1045762.077501679188572 ], [ 4113730.867066954728216, 1045762.077501679188572 ], [ 4113693.442549605853856, 1045762.077501679188572 ], [ 4113656.018032256979495, 1045762.077501679188572 ], [ 4113618.593514908105135, 1045762.077501679188572 ], [ 4113581.168997559230775, 1045762.077501679188572 ], [ 4113543.744480210356414, 1045762.077501679188572 ], [ 4113506.319962861482054, 1045762.077501679188572 ], [ 4113479.856832861434668, 1045735.614371679141186 ], [ 4113479.856832861434668, 1045698.189854330266826 ], [ 4113479.856832861434668, 1045660.765336981392466 ], [ 4113479.856832861434668, 1045623.340819632518105 ], [ 4113479.856832861434668, 1045585.916302283643745 ], [ 4113442.432315512560308, 1045585.916302283643745 ], [ 4113405.007798163685948, 1045585.916302283643745 ], [ 4113367.583280814811587, 1045585.916302283643745 ], [ 4113330.158763465937227, 1045585.916302283643745 ], [ 4113303.695633465889841, 1045559.453172283596359 ], [ 4113303.695633465889841, 1045522.028654934721999 ], [ 4113303.695633465889841, 1045484.604137585847639 ], [ 4113303.695633465889841, 1045447.179620236973278 ], [ 4113303.695633465889841, 1045409.755102888098918 ], [ 4113303.695633465889841, 1045372.330585539224558 ], [ 4113303.695633465889841, 1045334.906068190350197 ], [ 4113303.695633465889841, 1045297.481550841475837 ], [ 4113303.695633465889841, 1045260.057033492601477 ], [ 4113303.695633465889841, 1045222.632516143727116 ], [ 4113303.695633465889841, 1045185.207998794852756 ], [ 4113303.695633465889841, 1045147.783481445978396 ], [ 4113303.695633465889841, 1045110.358964097104035 ], [ 4113277.232503465842456, 1045083.89583409705665 ], [ 4113239.807986116968095, 1045083.89583409705665 ], [ 4113202.383468768093735, 1045083.89583409705665 ], [ 4113164.958951419219375, 1045083.89583409705665 ], [ 4113138.495821419171989, 1045057.432704097009264 ], [ 4113138.495821419171989, 1045020.008186748134904 ], [ 4113138.495821419171989, 1044982.583669399260543 ], [ 4113138.495821419171989, 1044945.159152050386183 ], [ 4113112.032691419124603, 1044918.696022050338797 ], [ 4113074.608174070250243, 1044918.696022050338797 ], [ 4113037.183656721375883, 1044918.696022050338797 ], [ 4112999.759139372501522, 1044918.696022050338797 ], [ 4112973.296009372454137, 1044892.232892050291412 ], [ 4112973.296009372454137, 1044854.808374701417051 ], [ 4112973.296009372454137, 1044817.383857352542691 ], [ 4112973.296009372454137, 1044779.959340003668331 ], [ 4112973.296009372454137, 1044742.53482265479397 ], [ 4112973.296009372454137, 1044705.11030530591961 ], [ 4112973.296009372454137, 1044667.68578795704525 ], [ 4112973.296009372454137, 1044630.261270608170889 ], [ 4112973.296009372454137, 1044592.836753259296529 ], [ 4112999.759139372501522, 1044566.373623259249143 ], [ 4113037.183656721375883, 1044566.373623259249143 ], [ 4113074.608174070250243, 1044566.373623259249143 ], [ 4113112.032691419124603, 1044566.373623259249143 ], [ 4113138.495821419171989, 1044539.910493259201758 ], [ 4113138.495821419171989, 1044502.485975910327397 ], [ 4113138.495821419171989, 1044465.061458561453037 ], [ 4113138.495821419171989, 1044427.636941212578677 ], [ 4113138.495821419171989, 1044390.212423863704316 ], [ 4113138.495821419171989, 1044352.787906514829956 ], [ 4113138.495821419171989, 1044315.363389165955596 ], [ 4113138.495821419171989, 1044277.938871817081235 ], [ 4113138.495821419171989, 1044240.514354468206875 ], [ 4113138.495821419171989, 1044203.089837119332515 ], [ 4113138.495821419171989, 1044165.665319770458154 ], [ 4113138.495821419171989, 1044128.240802421583794 ], [ 4113138.495821419171989, 1044090.816285072709434 ], [ 4113101.071304070297629, 1044090.816285072709434 ], [ 4113063.646786721423268, 1044090.816285072709434 ], [ 4113026.222269372548908, 1044090.816285072709434 ], [ 4112988.797752023674548, 1044090.816285072709434 ], [ 4112988.797752023674548, 1044053.391767723835073 ], [ 4112988.797752023674548, 1044015.967250374960713 ], [ 4112988.797752023674548, 1043978.542733026086353 ], [ 4112988.797752023674548, 1043941.118215677211992 ], [ 4112951.373234674800187, 1043941.118215677211992 ], [ 4112913.948717325925827, 1043941.118215677211992 ], [ 4112876.524199977051467, 1043941.118215677211992 ], [ 4112839.099682628177106, 1043941.118215677211992 ], [ 4112812.636552628129721, 1043914.655085677164607 ], [ 4112812.636552628129721, 1043877.230568328290246 ], [ 4112812.636552628129721, 1043839.806050979415886 ], [ 4112812.636552628129721, 1043802.381533630541526 ], [ 4112812.636552628129721, 1043764.957016281667165 ], [ 4112775.21203527925536, 1043764.957016281667165 ], [ 4112737.787517930381, 1043764.957016281667165 ], [ 4112700.36300058150664, 1043764.957016281667165 ], [ 4112662.938483232632279, 1043764.957016281667165 ], [ 4112662.938483232632279, 1043727.532498932792805 ], [ 4112662.938483232632279, 1043690.107981583918445 ], [ 4112662.938483232632279, 1043652.683464235044084 ], [ 4112662.938483232632279, 1043615.258946886169724 ], [ 4112625.513965883757919, 1043615.258946886169724 ], [ 4112588.089448534883559, 1043615.258946886169724 ], [ 4112550.664931186009198, 1043615.258946886169724 ], [ 4112513.240413837134838, 1043615.258946886169724 ], [ 4112513.240413837134838, 1043652.683464235044084 ], [ 4112513.240413837134838, 1043690.107981583918445 ], [ 4112513.240413837134838, 1043727.532498932792805 ], [ 4112513.240413837134838, 1043764.957016281667165 ], [ 4112475.815896488260478, 1043764.957016281667165 ], [ 4112438.391379139386117, 1043764.957016281667165 ], [ 4112400.966861790511757, 1043764.957016281667165 ], [ 4112363.542344441637397, 1043764.957016281667165 ], [ 4112327.590101176407188, 1043725.262321281712502 ], [ 4112325.319923524744809, 1043685.567626281757839 ], [ 4112325.319923524744809, 1043648.143108932883479 ], [ 4112325.319923524744809, 1043610.718591584009118 ], [ 4112325.319923524744809, 1043573.294074235134758 ], [ 4112325.319923524744809, 1043535.869556886260398 ], [ 4112325.319923524744809, 1043498.445039537386037 ], [ 4112325.319923524744809, 1043461.020522188511677 ], [ 4112298.856793524697423, 1043434.557392188464291 ], [ 4112261.432276175823063, 1043434.557392188464291 ], [ 4112224.007758826948702, 1043434.557392188464291 ], [ 4112186.583241478074342, 1043434.557392188464291 ], [ 4112160.120111478026956, 1043408.094262188416906 ], [ 4112160.120111478026956, 1043370.669744839542545 ], [ 4112160.120111478026956, 1043333.245227490668185 ], [ 4112160.120111478026956, 1043295.820710141793825 ], [ 4112160.120111478026956, 1043258.396192792919464 ], [ 4112160.120111478026956, 1043220.971675444045104 ], [ 4112160.120111478026956, 1043183.547158095170744 ], [ 4112160.120111478026956, 1043146.122640746296383 ], [ 4112160.120111478026956, 1043108.698123397422023 ], [ 4112160.120111478026956, 1043071.273606048547663 ], [ 4112160.120111478026956, 1043033.849088699673302 ], [ 4112160.120111478026956, 1042996.424571350798942 ], [ 4112160.120111478026956, 1042959.000054001924582 ], [ 4112160.120111478026956, 1042921.575536653050222 ], [ 4112160.120111478026956, 1042884.151019304175861 ], [ 4112160.120111478026956, 1042846.726501955301501 ], [ 4112160.120111478026956, 1042809.301984606427141 ], [ 4112160.120111478026956, 1042771.87746725755278 ], [ 4112186.583241478074342, 1042745.414337257505395 ], [ 4112224.007758826948702, 1042745.414337257505395 ], [ 4112261.432276175823063, 1042745.414337257505395 ], [ 4112298.856793524697423, 1042745.414337257505395 ], [ 4112325.319923524744809, 1042718.951207257458009 ], [ 4112325.319923524744809, 1042681.526689908583649 ], [ 4112325.319923524744809, 1042644.102172559709288 ], [ 4112325.319923524744809, 1042606.677655210834928 ], [ 4112325.319923524744809, 1042569.253137861960568 ], [ 4112325.319923524744809, 1042531.828620513086207 ], [ 4112325.319923524744809, 1042494.404103164211847 ], [ 4112325.319923524744809, 1042456.979585815337487 ], [ 4112325.319923524744809, 1042419.555068466463126 ], [ 4112325.319923524744809, 1042382.130551117588766 ], [ 4112325.319923524744809, 1042344.706033768714406 ], [ 4112325.319923524744809, 1042307.281516419840045 ], [ 4112325.319923524744809, 1042269.856999070965685 ], [ 4112325.319923524744809, 1042232.432481722091325 ], [ 4112325.319923524744809, 1042195.007964373216964 ], [ 4112325.319923524744809, 1042157.583447024342604 ], [ 4112325.319923524744809, 1042120.158929675468244 ], [ 4112325.319923524744809, 1042082.734412326593883 ], [ 4112325.319923524744809, 1042045.309894977719523 ], [ 4112325.319923524744809, 1042007.885377628845163 ], [ 4112325.319923524744809, 1041970.460860279970802 ], [ 4112325.319923524744809, 1041933.036342931096442 ], [ 4112325.319923524744809, 1041895.611825582222082 ], [ 4112325.319923524744809, 1041858.187308233347721 ], [ 4112325.319923524744809, 1041820.762790884473361 ], [ 4112325.319923524744809, 1041783.338273535599001 ], [ 4112351.783053524792194, 1041756.875143535551615 ], [ 4112389.207570873666555, 1041756.875143535551615 ], [ 4112426.632088222540915, 1041756.875143535551615 ], [ 4112464.056605571415275, 1041756.875143535551615 ], [ 4112464.056605571415275, 1041719.450626186677255 ], [ 4112464.056605571415275, 1041682.026108837802894 ], [ 4112464.056605571415275, 1041644.601591488928534 ], [ 4112464.056605571415275, 1041607.177074140054174 ], [ 4112464.056605571415275, 1041569.752556791179813 ], [ 4112464.056605571415275, 1041532.328039442305453 ], [ 4112464.056605571415275, 1041494.903522093431093 ], [ 4112464.056605571415275, 1041457.479004744556732 ], [ 4112464.056605571415275, 1041420.054487395682372 ], [ 4112464.056605571415275, 1041382.629970046808012 ], [ 4112464.056605571415275, 1041345.205452697933652 ], [ 4112464.056605571415275, 1041307.780935349059291 ], [ 4112464.056605571415275, 1041270.356418000184931 ], [ 4112464.056605571415275, 1041232.931900651310571 ], [ 4112464.056605571415275, 1041195.50738330243621 ], [ 4112464.056605571415275, 1041158.08286595356185 ], [ 4112464.056605571415275, 1041120.65834860468749 ], [ 4112464.056605571415275, 1041083.233831255813129 ], [ 4112464.056605571415275, 1041045.809313906938769 ], [ 4112464.056605571415275, 1041008.384796558064409 ], [ 4112464.056605571415275, 1040970.960279209190048 ], [ 4112464.056605571415275, 1040933.535761860315688 ], [ 4112464.056605571415275, 1040896.111244511441328 ], [ 4112464.056605571415275, 1040858.686727162566967 ], [ 4112464.056605571415275, 1040821.262209813692607 ], [ 4112464.056605571415275, 1040783.837692464818247 ], [ 4112464.056605571415275, 1040746.413175115943886 ], [ 4112464.056605571415275, 1040708.988657767069526 ], [ 4112464.056605571415275, 1040671.564140418195166 ], [ 4112464.056605571415275, 1040634.139623069320805 ], [ 4112426.632088222540915, 1040634.139623069320805 ], [ 4112389.207570873666555, 1040634.139623069320805 ], [ 4112351.783053524792194, 1040634.139623069320805 ], [ 4112325.319923524744809, 1040607.67649306927342 ], [ 4112325.319923524744809, 1040570.251975720399059 ], [ 4112325.319923524744809, 1040532.827458371524699 ], [ 4112325.319923524744809, 1040495.402941022650339 ], [ 4112325.319923524744809, 1040457.978423673775978 ], [ 4112325.319923524744809, 1040420.553906324901618 ], [ 4112325.319923524744809, 1040383.129388976027258 ], [ 4112325.319923524744809, 1040345.704871627152897 ], [ 4112325.319923524744809, 1040308.280354278278537 ], [ 4112325.319923524744809, 1040270.855836929404177 ], [ 4112325.319923524744809, 1040233.431319580529816 ], [ 4112325.319923524744809, 1040196.006802231655456 ], [ 4112325.319923524744809, 1040158.582284882781096 ], [ 4112325.319923524744809, 1040121.157767533906735 ], [ 4112287.895406175870448, 1040121.157767533906735 ], [ 4112250.470888826996088, 1040121.157767533906735 ], [ 4112213.046371478121728, 1040121.157767533906735 ], [ 4112175.621854129247367, 1040121.157767533906735 ], [ 4112149.158724129199982, 1040094.69463753385935 ], [ 4112149.158724129199982, 1040057.270120184984989 ], [ 4112149.158724129199982, 1040019.845602836110629 ], [ 4112149.158724129199982, 1039982.421085487236269 ], [ 4112149.158724129199982, 1039944.996568138361908 ], [ 4112149.158724129199982, 1039907.572050789487548 ], [ 4112149.158724129199982, 1039870.147533440613188 ], [ 4112149.158724129199982, 1039832.723016091738828 ], [ 4112149.158724129199982, 1039795.298498742864467 ], [ 4112149.158724129199982, 1039757.873981393990107 ], [ 4112149.158724129199982, 1039720.449464045115747 ], [ 4112149.158724129199982, 1039683.024946696241386 ], [ 4112149.158724129199982, 1039645.600429347367026 ], [ 4112111.734206780325621, 1039645.600429347367026 ], [ 4112074.309689431451261, 1039645.600429347367026 ], [ 4112036.885172082576901, 1039645.600429347367026 ], [ 4112010.422042082529515, 1039619.13729934731964 ], [ 4112010.422042082529515, 1039581.71278199844528 ], [ 4112010.422042082529515, 1039544.28826464957092 ], [ 4112010.422042082529515, 1039506.863747300696559 ], [ 4112010.422042082529515, 1039469.439229951822199 ], [ 4112010.422042082529515, 1039432.014712602947839 ], [ 4112010.422042082529515, 1039394.590195254073478 ], [ 4112010.422042082529515, 1039357.165677905199118 ], [ 4112010.422042082529515, 1039319.741160556324758 ], [ 4112010.422042082529515, 1039282.316643207450397 ], [ 4112010.422042082529515, 1039244.892125858576037 ], [ 4112010.422042082529515, 1039207.467608509701677 ], [ 4112010.422042082529515, 1039170.043091160827316 ], [ 4112010.422042082529515, 1039132.618573811952956 ], [ 4111972.997524733655155, 1039132.618573811952956 ], [ 4111935.573007384780794, 1039132.618573811952956 ], [ 4111898.148490035906434, 1039132.618573811952956 ], [ 4111860.723972687032074, 1039132.618573811952956 ], [ 4111823.299455338157713, 1039132.618573811952956 ], [ 4111823.299455338157713, 1039095.194056463078596 ], [ 4111823.299455338157713, 1039057.769539114204235 ], [ 4111823.299455338157713, 1039020.345021765329875 ], [ 4111823.299455338157713, 1038982.920504416455515 ], [ 4111823.299455338157713, 1038945.495987067581154 ], [ 4111823.299455338157713, 1038908.071469718706794 ], [ 4111823.299455338157713, 1038870.646952369832434 ], [ 4111823.299455338157713, 1038833.222435020958073 ], [ 4111796.836325338110328, 1038806.759305020910688 ], [ 4111759.411807989235967, 1038806.759305020910688 ], [ 4111721.987290640361607, 1038806.759305020910688 ], [ 4111684.562773291487247, 1038806.759305020910688 ], [ 4111658.099643291439861, 1038780.296175020863302 ], [ 4111658.099643291439861, 1038742.871657671988942 ], [ 4111658.099643291439861, 1038705.447140323114581 ], [ 4111658.099643291439861, 1038668.022622974240221 ], [ 4111658.099643291439861, 1038630.598105625365861 ], [ 4111658.099643291439861, 1038593.1735882764915 ], [ 4111658.099643291439861, 1038555.74907092761714 ], [ 4111658.099643291439861, 1038518.32455357874278 ], [ 4111658.099643291439861, 1038480.900036229868419 ], [ 4111620.675125942565501, 1038480.900036229868419 ], [ 4111583.25060859369114, 1038480.900036229868419 ], [ 4111545.82609124481678, 1038480.900036229868419 ], [ 4111508.40157389594242, 1038480.900036229868419 ], [ 4111481.938443895895034, 1038454.436906229821034 ], [ 4111481.938443895895034, 1038417.012388880946673 ], [ 4111481.938443895895034, 1038379.587871532072313 ], [ 4111481.938443895895034, 1038342.163354183197953 ], [ 4111481.938443895895034, 1038304.738836834323592 ], [ 4111481.938443895895034, 1038267.314319485449232 ], [ 4111481.938443895895034, 1038229.889802136574872 ], [ 4111481.938443895895034, 1038192.465284787700512 ], [ 4111481.938443895895034, 1038155.040767438826151 ], [ 4111481.938443895895034, 1038117.616250089951791 ], [ 4111481.938443895895034, 1038080.191732741077431 ], [ 4111481.938443895895034, 1038042.76721539220307 ], [ 4111481.938443895895034, 1038005.34269804332871 ], [ 4111455.475313895847648, 1037978.879568043281324 ], [ 4111418.050796546973288, 1037978.879568043281324 ], [ 4111380.626279198098928, 1037978.879568043281324 ], [ 4111343.201761849224567, 1037978.879568043281324 ], [ 4111343.201761849224567, 1037941.455050694406964 ], [ 4111343.201761849224567, 1037904.030533345532604 ], [ 4111343.201761849224567, 1037866.606015996658243 ], [ 4111343.201761849224567, 1037829.181498647783883 ], [ 4111305.777244500350207, 1037829.181498647783883 ], [ 4111268.352727151475847, 1037829.181498647783883 ], [ 4111230.928209802601486, 1037829.181498647783883 ], [ 4111193.503692453727126, 1037829.181498647783883 ], [ 4111167.04056245367974, 1037802.718368647736497 ], [ 4111167.04056245367974, 1037765.293851298862137 ], [ 4111167.04056245367974, 1037727.869333949987777 ], [ 4111167.04056245367974, 1037690.444816601113416 ], [ 4111167.04056245367974, 1037653.020299252239056 ], [ 4111167.04056245367974, 1037615.595781903364696 ], [ 4111167.04056245367974, 1037578.171264554490335 ], [ 4111167.04056245367974, 1037540.746747205615975 ], [ 4111167.04056245367974, 1037503.322229856741615 ], [ 4111167.04056245367974, 1037465.897712507867254 ], [ 4111167.04056245367974, 1037428.473195158992894 ], [ 4111167.04056245367974, 1037391.048677810118534 ], [ 4111167.04056245367974, 1037353.624160461244173 ], [ 4111167.04056245367974, 1037316.199643112369813 ], [ 4111129.61604510480538, 1037316.199643112369813 ], [ 4111092.19152775593102, 1037316.199643112369813 ], [ 4111054.767010407056659, 1037316.199643112369813 ], [ 4111017.342493058182299, 1037316.199643112369813 ], [ 4110990.879363058134913, 1037289.736513112322427 ], [ 4110990.879363058134913, 1037252.311995763448067 ], [ 4110990.879363058134913, 1037214.887478414573707 ], [ 4110990.879363058134913, 1037177.462961065699346 ], [ 4110990.879363058134913, 1037140.038443716824986 ], [ 4110990.879363058134913, 1037102.613926367950626 ], [ 4110990.879363058134913, 1037065.189409019076265 ], [ 4110990.879363058134913, 1037027.764891670201905 ], [ 4110990.879363058134913, 1036990.340374321327545 ], [ 4110953.454845709260553, 1036990.340374321327545 ], [ 4110916.030328360386193, 1036990.340374321327545 ], [ 4110878.605811011511832, 1036990.340374321327545 ], [ 4110841.181293662637472, 1036990.340374321327545 ], [ 4110841.181293662637472, 1036952.915856972453184 ], [ 4110841.181293662637472, 1036915.491339623578824 ], [ 4110841.181293662637472, 1036878.066822274704464 ], [ 4110841.181293662637472, 1036840.642304925830103 ], [ 4110841.181293662637472, 1036803.217787576955743 ], [ 4110841.181293662637472, 1036765.793270228081383 ], [ 4110841.181293662637472, 1036728.368752879207022 ], [ 4110841.181293662637472, 1036690.944235530332662 ], [ 4110841.181293662637472, 1036653.519718181458302 ], [ 4110803.756776313763112, 1036653.519718181458302 ], [ 4110766.332258964888752, 1036653.519718181458302 ], [ 4110728.907741616014391, 1036653.519718181458302 ], [ 4110691.483224267140031, 1036653.519718181458302 ], [ 4110665.020094267092645, 1036627.056588181410916 ], [ 4110665.020094267092645, 1036589.632070832536556 ], [ 4110665.020094267092645, 1036552.207553483662196 ], [ 4110665.020094267092645, 1036514.783036134787835 ], [ 4110665.020094267092645, 1036477.358518785913475 ], [ 4110665.020094267092645, 1036439.934001437039115 ], [ 4110665.020094267092645, 1036402.509484088164754 ], [ 4110665.020094267092645, 1036365.084966739290394 ], [ 4110665.020094267092645, 1036327.660449390416034 ], [ 4110627.595576918218285, 1036327.660449390416034 ], [ 4110590.171059569343925, 1036327.660449390416034 ], [ 4110552.746542220469564, 1036327.660449390416034 ], [ 4110526.283412220422179, 1036301.197319390368648 ], [ 4110526.283412220422179, 1036263.772802041494288 ], [ 4110526.283412220422179, 1036226.348284692619927 ], [ 4110526.283412220422179, 1036188.923767343745567 ], [ 4110526.283412220422179, 1036151.499249994871207 ], [ 4110526.283412220422179, 1036114.074732645996846 ], [ 4110526.283412220422179, 1036076.650215297122486 ], [ 4110526.283412220422179, 1036039.225697948248126 ], [ 4110526.283412220422179, 1036001.801180599373765 ], [ 4110488.858894871547818, 1036001.801180599373765 ], [ 4110451.434377522673458, 1036001.801180599373765 ], [ 4110414.009860173799098, 1036001.801180599373765 ], [ 4110376.585342824924737, 1036001.801180599373765 ], [ 4110350.122212824877352, 1035975.33805059932638 ], [ 4110350.122212824877352, 1035937.913533250452019 ], [ 4110350.122212824877352, 1035900.489015901577659 ], [ 4110350.122212824877352, 1035863.064498552703299 ], [ 4110350.122212824877352, 1035825.639981203828938 ], [ 4110350.122212824877352, 1035788.215463854954578 ], [ 4110350.122212824877352, 1035750.790946506080218 ], [ 4110350.122212824877352, 1035713.366429157205857 ], [ 4110350.122212824877352, 1035675.941911808331497 ], [ 4110312.697695476002991, 1035675.941911808331497 ], [ 4110275.273178127128631, 1035675.941911808331497 ], [ 4110237.848660778254271, 1035675.941911808331497 ], [ 4110200.42414342937991, 1035675.941911808331497 ], [ 4110173.961013429332525, 1035649.478781808284111 ], [ 4110173.961013429332525, 1035612.054264459409751 ], [ 4110173.961013429332525, 1035574.629747110535391 ], [ 4110173.961013429332525, 1035537.20522976166103 ], [ 4110173.961013429332525, 1035499.78071241278667 ], [ 4110173.961013429332525, 1035462.35619506391231 ], [ 4110173.961013429332525, 1035424.931677715037949 ], [ 4110173.961013429332525, 1035387.507160366163589 ], [ 4110173.961013429332525, 1035350.082643017289229 ], [ 4110173.961013429332525, 1035312.658125668414868 ], [ 4110173.961013429332525, 1035275.233608319540508 ], [ 4110173.961013429332525, 1035237.809090970666148 ], [ 4110173.961013429332525, 1035200.384573621791787 ], [ 4110173.961013429332525, 1035162.960056272917427 ], [ 4110136.536496080458164, 1035162.960056272917427 ], [ 4110099.111978731583804, 1035162.960056272917427 ], [ 4110061.687461382709444, 1035162.960056272917427 ], [ 4110024.262944033835083, 1035162.960056272917427 ], [ 4110024.262944033835083, 1035125.535538924043067 ], [ 4110024.262944033835083, 1035088.111021575168706 ], [ 4110024.262944033835083, 1035050.686504226294346 ], [ 4110024.262944033835083, 1035013.261986877419986 ], [ 4110024.262944033835083, 1034975.837469528545626 ], [ 4110024.262944033835083, 1034938.412952179671265 ], [ 4110024.262944033835083, 1034900.988434830796905 ], [ 4110024.262944033835083, 1034863.563917481922545 ], [ 4110024.262944033835083, 1034826.139400133048184 ], [ 4110024.262944033835083, 1034788.714882784173824 ], [ 4110024.262944033835083, 1034751.290365435299464 ], [ 4110024.262944033835083, 1034713.865848086425103 ], [ 4110024.262944033835083, 1034676.441330737550743 ], [ 4110024.262944033835083, 1034639.016813388676383 ], [ 4110024.262944033835083, 1034601.592296039802022 ], [ 4110024.262944033835083, 1034564.167778690927662 ], [ 4110024.262944033835083, 1034526.743261342053302 ], [ 4109997.799814033787698, 1034500.280131342005916 ], [ 4109960.375296684913337, 1034500.280131342005916 ], [ 4109922.950779336038977, 1034500.280131342005916 ], [ 4109885.526261987164617, 1034500.280131342005916 ], [ 4109859.063131987117231, 1034473.81700134195853 ], [ 4109859.063131987117231, 1034436.39248399308417 ], [ 4109859.063131987117231, 1034398.96796664420981 ], [ 4109859.063131987117231, 1034361.543449295335449 ], [ 4109859.063131987117231, 1034324.118931946461089 ], [ 4109859.063131987117231, 1034286.694414597586729 ], [ 4109859.063131987117231, 1034249.269897248712368 ], [ 4109859.063131987117231, 1034211.845379899838008 ], [ 4109859.063131987117231, 1034174.420862550963648 ], [ 4109859.063131987117231, 1034136.996345202089287 ], [ 4109859.063131987117231, 1034099.571827853214927 ], [ 4109859.063131987117231, 1034062.147310504340567 ], [ 4109859.063131987117231, 1034024.722793155466206 ], [ 4109859.063131987117231, 1033987.298275806591846 ], [ 4109859.063131987117231, 1033949.873758457717486 ], [ 4109859.063131987117231, 1033912.449241108843125 ], [ 4109859.063131987117231, 1033875.024723759968765 ], [ 4109859.063131987117231, 1033837.600206411094405 ], [ 4109859.063131987117231, 1033800.175689062220044 ], [ 4109859.063131987117231, 1033762.751171713345684 ], [ 4109859.063131987117231, 1033725.326654364471324 ], [ 4109859.063131987117231, 1033687.902137015596963 ], [ 4109859.063131987117231, 1033650.477619666722603 ], [ 4109859.063131987117231, 1033613.053102317848243 ], [ 4109859.063131987117231, 1033575.628584968973882 ], [ 4109859.063131987117231, 1033538.204067620099522 ], [ 4109832.600001987069845, 1033511.740937620052136 ], [ 4109795.175484638195485, 1033511.740937620052136 ], [ 4109757.750967289321125, 1033511.740937620052136 ], [ 4109720.326449940446764, 1033511.740937620052136 ], [ 4109693.863319940399379, 1033485.277807620004751 ], [ 4109693.863319940399379, 1033447.85329027113039 ], [ 4109693.863319940399379, 1033410.42877292225603 ], [ 4109693.863319940399379, 1033373.00425557338167 ], [ 4109693.863319940399379, 1033335.579738224507309 ], [ 4109693.863319940399379, 1033298.155220875632949 ], [ 4109693.863319940399379, 1033260.730703526758589 ], [ 4109693.863319940399379, 1033223.306186177884229 ], [ 4109693.863319940399379, 1033185.881668829009868 ], [ 4109693.863319940399379, 1033148.457151480135508 ], [ 4109693.863319940399379, 1033111.032634131261148 ], [ 4109693.863319940399379, 1033073.608116782386787 ], [ 4109693.863319940399379, 1033036.183599433512427 ], [ 4109693.863319940399379, 1032998.759082084638067 ], [ 4109693.863319940399379, 1032961.334564735763706 ], [ 4109693.863319940399379, 1032923.910047386889346 ], [ 4109693.863319940399379, 1032886.485530038014986 ], [ 4109693.863319940399379, 1032849.061012689140625 ], [ 4109693.863319940399379, 1032811.636495340266265 ], [ 4109693.863319940399379, 1032774.211977991391905 ], [ 4109693.863319940399379, 1032736.787460642517544 ], [ 4109693.863319940399379, 1032699.362943293643184 ], [ 4109693.863319940399379, 1032661.938425944768824 ], [ 4109693.863319940399379, 1032624.513908595894463 ], [ 4109693.863319940399379, 1032587.089391247020103 ], [ 4109693.863319940399379, 1032549.664873898145743 ], [ 4109693.863319940399379, 1032512.240356549271382 ], [ 4109693.863319940399379, 1032474.815839200397022 ], [ 4109693.863319940399379, 1032437.391321851522662 ], [ 4109693.863319940399379, 1032399.966804502648301 ], [ 4109693.863319940399379, 1032362.542287153773941 ], [ 4109656.438802591525018, 1032362.542287153773941 ], [ 4109619.014285242650658, 1032362.542287153773941 ], [ 4109581.589767893776298, 1032362.542287153773941 ], [ 4109544.165250544901937, 1032362.542287153773941 ], [ 4109517.702120544854552, 1032336.079157153726555 ], [ 4109517.702120544854552, 1032298.654639804852195 ], [ 4109517.702120544854552, 1032261.230122455977835 ], [ 4109517.702120544854552, 1032223.805605107103474 ], [ 4109517.702120544854552, 1032186.381087758229114 ], [ 4109517.702120544854552, 1032148.956570409354754 ], [ 4109517.702120544854552, 1032111.532053060480393 ], [ 4109517.702120544854552, 1032074.107535711606033 ], [ 4109517.702120544854552, 1032036.683018362731673 ], [ 4109517.702120544854552, 1031999.258501013857313 ], [ 4109517.702120544854552, 1031961.833983664982952 ], [ 4109517.702120544854552, 1031924.409466316108592 ], [ 4109517.702120544854552, 1031886.984948967234232 ], [ 4109517.702120544854552, 1031849.560431618359871 ], [ 4109517.702120544854552, 1031812.135914269485511 ], [ 4109517.702120544854552, 1031774.711396920611151 ], [ 4109517.702120544854552, 1031737.28687957173679 ], [ 4109517.702120544854552, 1031699.86236222286243 ], [ 4109480.277603195980191, 1031699.86236222286243 ], [ 4109442.853085847105831, 1031699.86236222286243 ], [ 4109405.428568498231471, 1031699.86236222286243 ], [ 4109368.00405114935711, 1031699.86236222286243 ], [ 4109341.540921149309725, 1031673.399232222815044 ], [ 4109341.540921149309725, 1031635.974714873940684 ], [ 4109341.540921149309725, 1031598.550197525066324 ], [ 4109341.540921149309725, 1031561.125680176191963 ], [ 4109341.540921149309725, 1031523.701162827317603 ], [ 4109341.540921149309725, 1031486.276645478443243 ], [ 4109341.540921149309725, 1031448.852128129568882 ], [ 4109341.540921149309725, 1031411.427610780694522 ], [ 4109341.540921149309725, 1031374.003093431820162 ], [ 4109341.540921149309725, 1031336.578576082945801 ], [ 4109341.540921149309725, 1031299.154058734071441 ], [ 4109341.540921149309725, 1031261.729541385197081 ], [ 4109341.540921149309725, 1031224.30502403632272 ], [ 4109341.540921149309725, 1031186.88050668744836 ], [ 4109341.540921149309725, 1031149.455989338574 ], [ 4109341.540921149309725, 1031112.031471989699639 ], [ 4109341.540921149309725, 1031074.606954640825279 ], [ 4109341.540921149309725, 1031037.182437291950919 ], [ 4109368.00405114935711, 1031010.719307291903533 ], [ 4109405.428568498231471, 1031010.719307291903533 ], [ 4109442.853085847105831, 1031010.719307291903533 ], [ 4109480.277603195980191, 1031010.719307291903533 ], [ 4109517.702120544854552, 1031010.719307291903533 ], [ 4109517.702120544854552, 1030973.294789943029173 ], [ 4109517.702120544854552, 1030935.870272594154812 ], [ 4109517.702120544854552, 1030898.445755245280452 ], [ 4109517.702120544854552, 1030861.021237896406092 ], [ 4109517.702120544854552, 1030823.596720547531731 ], [ 4109517.702120544854552, 1030786.172203198657371 ], [ 4109517.702120544854552, 1030748.747685849783011 ], [ 4109517.702120544854552, 1030711.32316850090865 ], [ 4109517.702120544854552, 1030673.89865115203429 ], [ 4109517.702120544854552, 1030636.47413380315993 ], [ 4109517.702120544854552, 1030599.049616454285569 ], [ 4109517.702120544854552, 1030561.625099105411209 ], [ 4109517.702120544854552, 1030524.200581756536849 ], [ 4109517.702120544854552, 1030486.776064407662489 ], [ 4109517.702120544854552, 1030449.351547058788128 ], [ 4109517.702120544854552, 1030411.927029709913768 ], [ 4109517.702120544854552, 1030374.502512361039408 ], [ 4109517.702120544854552, 1030337.077995012165047 ], [ 4109517.702120544854552, 1030299.653477663290687 ], [ 4109517.702120544854552, 1030262.228960314416327 ], [ 4109517.702120544854552, 1030224.804442965541966 ], [ 4109517.702120544854552, 1030187.379925616667606 ], [ 4109517.702120544854552, 1030149.955408267793246 ], [ 4109517.702120544854552, 1030112.530890918918885 ], [ 4109517.702120544854552, 1030075.106373570044525 ], [ 4109517.702120544854552, 1030037.681856221170165 ], [ 4109517.702120544854552, 1030000.257338872295804 ], [ 4109517.702120544854552, 1029962.832821523421444 ], [ 4109517.702120544854552, 1029925.408304174547084 ], [ 4109517.702120544854552, 1029887.983786825672723 ], [ 4109544.165250544901937, 1029861.520656825625338 ], [ 4109581.589767893776298, 1029861.520656825625338 ], [ 4109619.014285242650658, 1029861.520656825625338 ], [ 4109656.438802591525018, 1029861.520656825625338 ], [ 4109693.863319940399379, 1029861.520656825625338 ], [ 4109693.863319940399379, 1029824.096139476750977 ], [ 4109693.863319940399379, 1029786.671622127876617 ], [ 4109693.863319940399379, 1029749.247104779002257 ], [ 4109693.863319940399379, 1029711.822587430127896 ], [ 4109693.863319940399379, 1029674.398070081253536 ], [ 4109693.863319940399379, 1029636.973552732379176 ], [ 4109693.863319940399379, 1029599.549035383504815 ], [ 4109693.863319940399379, 1029562.124518034630455 ], [ 4109693.863319940399379, 1029524.700000685756095 ], [ 4109693.863319940399379, 1029487.275483336881734 ], [ 4109693.863319940399379, 1029449.850965988007374 ], [ 4109693.863319940399379, 1029412.426448639133014 ], [ 4109693.863319940399379, 1029375.001931290258653 ], [ 4109693.863319940399379, 1029337.577413941384293 ], [ 4109693.863319940399379, 1029300.152896592509933 ], [ 4109693.863319940399379, 1029262.728379243635572 ], [ 4109693.863319940399379, 1029225.303861894761212 ], [ 4109693.863319940399379, 1029187.879344545886852 ], [ 4109693.863319940399379, 1029150.454827197012492 ], [ 4109693.863319940399379, 1029113.030309848138131 ], [ 4109693.863319940399379, 1029075.605792499263771 ], [ 4109693.863319940399379, 1029038.181275150389411 ], [ 4109693.863319940399379, 1029000.75675780151505 ], [ 4109693.863319940399379, 1028963.33224045264069 ], [ 4109693.863319940399379, 1028925.90772310376633 ], [ 4109693.863319940399379, 1028888.483205754891969 ], [ 4109693.863319940399379, 1028851.058688406017609 ], [ 4109693.863319940399379, 1028813.634171057143249 ], [ 4109693.863319940399379, 1028776.209653708268888 ], [ 4109693.863319940399379, 1028738.785136359394528 ], [ 4109693.863319940399379, 1028701.360619010520168 ], [ 4109693.863319940399379, 1028663.936101661645807 ], [ 4109693.863319940399379, 1028626.511584312771447 ], [ 4109693.863319940399379, 1028589.087066963897087 ], [ 4109693.863319940399379, 1028551.662549615022726 ], [ 4109720.326449940446764, 1028525.199419614975341 ], [ 4109757.750967289321125, 1028525.199419614975341 ], [ 4109795.175484638195485, 1028525.199419614975341 ], [ 4109832.600001987069845, 1028525.199419614975341 ], [ 4109859.063131987117231, 1028498.736289614927955 ], [ 4109859.063131987117231, 1028461.311772266053595 ], [ 4109859.063131987117231, 1028423.887254917179234 ], [ 4109859.063131987117231, 1028386.462737568304874 ], [ 4109859.063131987117231, 1028349.038220219430514 ], [ 4109859.063131987117231, 1028311.613702870556153 ], [ 4109859.063131987117231, 1028274.189185521681793 ], [ 4109859.063131987117231, 1028236.764668172807433 ], [ 4109885.526261987164617, 1028210.301538172760047 ], [ 4109922.950779336038977, 1028210.301538172760047 ], [ 4109960.375296684913337, 1028210.301538172760047 ], [ 4109997.799814033787698, 1028210.301538172760047 ], [ 4110024.262944033835083, 1028183.838408172712661 ], [ 4110024.262944033835083, 1028146.413890823838301 ], [ 4110024.262944033835083, 1028108.989373474963941 ], [ 4110024.262944033835083, 1028071.56485612608958 ], [ 4110024.262944033835083, 1028034.14033877721522 ], [ 4110024.262944033835083, 1027996.71582142834086 ], [ 4110024.262944033835083, 1027959.291304079466499 ], [ 4110024.262944033835083, 1027921.866786730592139 ], [ 4110024.262944033835083, 1027884.442269381717779 ], [ 4110050.726074033882469, 1027857.979139381670393 ], [ 4110088.150591382756829, 1027857.979139381670393 ], [ 4110125.57510873163119, 1027857.979139381670393 ], [ 4110162.99962608050555, 1027857.979139381670393 ], [ 4110162.99962608050555, 1027820.554622032796033 ], [ 4110162.99962608050555, 1027783.130104683921672 ], [ 4110162.99962608050555, 1027745.705587335047312 ], [ 4110162.99962608050555, 1027708.281069986172952 ], [ 4110162.99962608050555, 1027670.856552637298591 ], [ 4110162.99962608050555, 1027633.432035288424231 ], [ 4110162.99962608050555, 1027596.007517939549871 ], [ 4110162.99962608050555, 1027558.58300059067551 ], [ 4110189.462756080552936, 1027532.119870590628125 ], [ 4110226.887273429427296, 1027532.119870590628125 ], [ 4110264.311790778301656, 1027532.119870590628125 ], [ 4110301.736308127176017, 1027532.119870590628125 ], [ 4110339.160825476050377, 1027532.119870590628125 ], [ 4110365.623955476097763, 1027505.656740590580739 ], [ 4110365.623955476097763, 1027468.232223241706379 ], [ 4110365.623955476097763, 1027430.807705892832018 ], [ 4110365.623955476097763, 1027393.383188543957658 ], [ 4110365.623955476097763, 1027355.958671195083298 ], [ 4110365.623955476097763, 1027318.534153846208937 ], [ 4110365.623955476097763, 1027281.109636497334577 ], [ 4110365.623955476097763, 1027243.685119148460217 ], [ 4110392.087085476145148, 1027217.221989148412831 ], [ 4110429.511602825019509, 1027217.221989148412831 ], [ 4110466.936120173893869, 1027217.221989148412831 ], [ 4110504.360637522768229, 1027217.221989148412831 ], [ 4110504.360637522768229, 1027179.797471799538471 ], [ 4110504.360637522768229, 1027142.37295445066411 ], [ 4110504.360637522768229, 1027104.94843710178975 ], [ 4110504.360637522768229, 1027067.52391975291539 ], [ 4110504.360637522768229, 1027030.09940240404103 ], [ 4110504.360637522768229, 1026992.674885055166669 ], [ 4110504.360637522768229, 1026955.250367706292309 ], [ 4110504.360637522768229, 1026917.825850357417949 ], [ 4110504.360637522768229, 1026880.401333008543588 ], [ 4110504.360637522768229, 1026842.976815659669228 ], [ 4110504.360637522768229, 1026805.552298310794868 ], [ 4110504.360637522768229, 1026768.127780961920507 ], [ 4110504.360637522768229, 1026730.703263613046147 ], [ 4110530.823767522815615, 1026704.240133612998761 ], [ 4110568.248284871689975, 1026704.240133612998761 ], [ 4110605.672802220564336, 1026704.240133612998761 ], [ 4110643.097319569438696, 1026704.240133612998761 ], [ 4110680.521836918313056, 1026704.240133612998761 ], [ 4110680.521836918313056, 1026666.815616264124401 ], [ 4110680.521836918313056, 1026629.391098915250041 ], [ 4110680.521836918313056, 1026591.96658156637568 ], [ 4110680.521836918313056, 1026554.54206421750132 ], [ 4110680.521836918313056, 1026517.11754686862696 ], [ 4110680.521836918313056, 1026479.693029519752599 ], [ 4110680.521836918313056, 1026442.268512170878239 ], [ 4110680.521836918313056, 1026404.843994822003879 ], [ 4110706.984966918360442, 1026378.380864821956493 ], [ 4110744.409484267234802, 1026378.380864821956493 ], [ 4110781.834001616109163, 1026378.380864821956493 ], [ 4110819.258518964983523, 1026378.380864821956493 ], [ 4110845.721648965030909, 1026351.917734821909107 ], [ 4110845.721648965030909, 1026314.493217473034747 ], [ 4110845.721648965030909, 1026277.068700124160387 ], [ 4110845.721648965030909, 1026239.644182775286026 ], [ 4110845.721648965030909, 1026202.219665426411666 ], [ 4110845.721648965030909, 1026164.795148077537306 ], [ 4110845.721648965030909, 1026127.370630728662945 ], [ 4110845.721648965030909, 1026089.946113379788585 ], [ 4110845.721648965030909, 1026052.521596030914225 ], [ 4110883.146166313905269, 1026052.521596030914225 ], [ 4110920.570683662779629, 1026052.521596030914225 ], [ 4110957.99520101165399, 1026052.521596030914225 ], [ 4110995.41971836052835, 1026052.521596030914225 ], [ 4110995.41971836052835, 1026015.097078682039864 ], [ 4110995.41971836052835, 1025977.672561333165504 ], [ 4110995.41971836052835, 1025940.248043984291144 ], [ 4110995.41971836052835, 1025902.823526635416783 ], [ 4110995.41971836052835, 1025865.399009286542423 ], [ 4110995.41971836052835, 1025827.974491937668063 ], [ 4110995.41971836052835, 1025790.549974588793702 ], [ 4110995.41971836052835, 1025753.125457239919342 ], [ 4111021.882848360575736, 1025726.662327239871956 ], [ 4111059.307365709450096, 1025726.662327239871956 ], [ 4111096.731883058324456, 1025726.662327239871956 ], [ 4111134.156400407198817, 1025726.662327239871956 ], [ 4111171.580917756073177, 1025726.662327239871956 ], [ 4111171.580917756073177, 1025689.237809890997596 ], [ 4111171.580917756073177, 1025651.813292542123236 ], [ 4111171.580917756073177, 1025614.388775193248875 ], [ 4111171.580917756073177, 1025576.964257844374515 ], [ 4111198.044047756120563, 1025550.501127844327129 ], [ 4111235.468565104994923, 1025550.501127844327129 ], [ 4111272.893082453869283, 1025550.501127844327129 ], [ 4111310.317599802743644, 1025550.501127844327129 ], [ 4111347.742117151618004, 1025550.501127844327129 ], [ 4111347.742117151618004, 1025513.076610495452769 ], [ 4111347.742117151618004, 1025475.652093146578409 ], [ 4111347.742117151618004, 1025438.227575797704048 ], [ 4111347.742117151618004, 1025400.803058448829688 ], [ 4111385.166634500492364, 1025400.803058448829688 ], [ 4111422.591151849366724, 1025400.803058448829688 ], [ 4111460.015669198241085, 1025400.803058448829688 ], [ 4111497.440186547115445, 1025400.803058448829688 ], [ 4111497.440186547115445, 1025363.378541099955328 ], [ 4111497.440186547115445, 1025325.954023751080967 ], [ 4111497.440186547115445, 1025288.529506402206607 ], [ 4111497.440186547115445, 1025251.104989053332247 ], [ 4111523.903316547162831, 1025224.641859053284861 ], [ 4111561.327833896037191, 1025224.641859053284861 ], [ 4111598.752351244911551, 1025224.641859053284861 ], [ 4111636.176868593785912, 1025224.641859053284861 ], [ 4111662.639998593833297, 1025198.178729053237475 ], [ 4111662.639998593833297, 1025160.754211704363115 ], [ 4111662.639998593833297, 1025123.329694355488755 ], [ 4111662.639998593833297, 1025085.905177006614394 ], [ 4111689.103128593880683, 1025059.442047006567009 ], [ 4111726.527645942755044, 1025059.442047006567009 ], [ 4111763.952163291629404, 1025059.442047006567009 ], [ 4111801.376680640503764, 1025059.442047006567009 ], [ 4111801.376680640503764, 1025022.017529657692648 ], [ 4111801.376680640503764, 1024984.593012308818288 ], [ 4111801.376680640503764, 1024947.168494959943928 ], [ 4111801.376680640503764, 1024909.743977611069568 ], [ 4111827.83981064055115, 1024883.280847611022182 ], [ 4111865.26432798942551, 1024883.280847611022182 ], [ 4111902.68884533829987, 1024883.280847611022182 ], [ 4111940.113362687174231, 1024883.280847611022182 ], [ 4111977.537880036048591, 1024883.280847611022182 ], [ 4112004.001010036095977, 1024856.817717610974796 ], [ 4112004.001010036095977, 1024819.393200262100436 ], [ 4112004.001010036095977, 1024781.968682913226075 ], [ 4112004.001010036095977, 1024744.544165564351715 ], [ 4112030.464140036143363, 1024718.081035564304329 ], [ 4112067.888657385017723, 1024718.081035564304329 ], [ 4112105.313174733892083, 1024718.081035564304329 ], [ 4112142.737692082766443, 1024718.081035564304329 ], [ 4112169.200822082813829, 1024691.617905564256944 ], [ 4112169.200822082813829, 1024654.193388215382583 ], [ 4112169.200822082813829, 1024616.768870866508223 ], [ 4112169.200822082813829, 1024579.344353517633863 ], [ 4112195.663952082861215, 1024552.881223517586477 ], [ 4112233.088469431735575, 1024552.881223517586477 ], [ 4112270.512986780609936, 1024552.881223517586477 ], [ 4112307.937504129484296, 1024552.881223517586477 ], [ 4112307.937504129484296, 1024515.456706168712117 ], [ 4112307.937504129484296, 1024478.032188819837756 ], [ 4112307.937504129484296, 1024440.607671470963396 ], [ 4112307.937504129484296, 1024403.183154122089036 ], [ 4112345.362021478358656, 1024403.183154122089036 ], [ 4112382.786538827233016, 1024403.183154122089036 ], [ 4112420.211056176107377, 1024403.183154122089036 ], [ 4112457.635573524981737, 1024403.183154122089036 ], [ 4112484.098703525029123, 1024376.72002412204165 ], [ 4112484.098703525029123, 1024339.29550677316729 ], [ 4112484.098703525029123, 1024301.870989424292929 ], [ 4112484.098703525029123, 1024264.446472075418569 ], [ 4112510.561833525076509, 1024237.983342075371183 ], [ 4112547.986350873950869, 1024237.983342075371183 ], [ 4112585.410868222825229, 1024237.983342075371183 ], [ 4112622.835385571699589, 1024237.983342075371183 ], [ 4112660.25990292057395, 1024237.983342075371183 ], [ 4112660.25990292057395, 1024200.558824726496823 ], [ 4112660.25990292057395, 1024163.134307377622463 ], [ 4112660.25990292057395, 1024125.709790028748102 ], [ 4112660.25990292057395, 1024088.285272679873742 ], [ 4112686.723032920621336, 1024061.822142679826356 ], [ 4112724.147550269495696, 1024061.822142679826356 ], [ 4112761.572067618370056, 1024061.822142679826356 ], [ 4112798.996584967244416, 1024061.822142679826356 ], [ 4112825.459714967291802, 1024035.359012679778971 ], [ 4112825.459714967291802, 1023997.93449533090461 ], [ 4112825.459714967291802, 1023960.50997798203025 ], [ 4112825.459714967291802, 1023923.08546063315589 ], [ 4112851.922844967339188, 1023896.622330633108504 ], [ 4112889.347362316213548, 1023896.622330633108504 ], [ 4112926.771879665087909, 1023896.622330633108504 ], [ 4112964.196397013962269, 1023896.622330633108504 ], [ 4112964.196397013962269, 1023859.197813284234144 ], [ 4112964.196397013962269, 1023821.773295935359783 ], [ 4112964.196397013962269, 1023784.348778586485423 ], [ 4112964.196397013962269, 1023746.924261237611063 ], [ 4113001.620914362836629, 1023746.924261237611063 ], [ 4113039.045431711710989, 1023746.924261237611063 ], [ 4113076.46994906058535, 1023746.924261237611063 ], [ 4113113.89446640945971, 1023746.924261237611063 ], [ 4113140.357596409507096, 1023720.461131237563677 ], [ 4113140.357596409507096, 1023683.036613888689317 ], [ 4113140.357596409507096, 1023645.612096539814956 ], [ 4113140.357596409507096, 1023608.187579190940596 ], [ 4113166.820726409554482, 1023581.72444919089321 ], [ 4113204.245243758428842, 1023581.72444919089321 ], [ 4113241.669761107303202, 1023581.72444919089321 ], [ 4113279.094278456177562, 1023581.72444919089321 ], [ 4113305.557408456224948, 1023555.261319190845825 ], [ 4113305.557408456224948, 1023517.836801841971464 ], [ 4113305.557408456224948, 1023480.412284493097104 ], [ 4113305.557408456224948, 1023442.987767144222744 ], [ 4113305.557408456224948, 1023405.563249795348383 ], [ 4113305.557408456224948, 1023368.138732446474023 ], [ 4113305.557408456224948, 1023330.714215097599663 ], [ 4113305.557408456224948, 1023293.289697748725303 ], [ 4113305.557408456224948, 1023255.865180399850942 ], [ 4113332.020538456272334, 1023229.402050399803557 ], [ 4113369.445055805146694, 1023229.402050399803557 ], [ 4113406.869573154021055, 1023229.402050399803557 ], [ 4113444.294090502895415, 1023229.402050399803557 ], [ 4113481.718607851769775, 1023229.402050399803557 ], [ 4113519.143125200644135, 1023229.402050399803557 ], [ 4113556.567642549518496, 1023229.402050399803557 ], [ 4113593.992159898392856, 1023229.402050399803557 ], [ 4113631.416677247267216, 1023229.402050399803557 ], [ 4113631.416677247267216, 1023191.977533050929196 ], [ 4113631.416677247267216, 1023154.553015702054836 ], [ 4113631.416677247267216, 1023117.128498353180476 ], [ 4113631.416677247267216, 1023079.703981004306115 ], [ 4113668.841194596141577, 1023079.703981004306115 ], [ 4113706.265711945015937, 1023079.703981004306115 ], [ 4113743.690229293890297, 1023079.703981004306115 ], [ 4113781.114746642764658, 1023079.703981004306115 ], [ 4113807.577876642812043, 1023053.24085100425873 ], [ 4113807.577876642812043, 1023015.816333655384369 ], [ 4113807.577876642812043, 1022978.391816306510009 ], [ 4113807.577876642812043, 1022940.967298957635649 ], [ 4113834.041006642859429, 1022914.504168957588263 ], [ 4113871.465523991733789, 1022914.504168957588263 ], [ 4113908.89004134060815, 1022914.504168957588263 ], [ 4113946.31455868948251, 1022914.504168957588263 ], [ 4113983.73907603835687, 1022914.504168957588263 ], [ 4114021.163593387231231, 1022914.504168957588263 ], [ 4114058.588110736105591, 1022914.504168957588263 ], [ 4114096.012628084979951, 1022914.504168957588263 ], [ 4114122.475758085027337, 1022888.041038957540877 ], [ 4114122.475758085027337, 1022850.616521608666517 ], [ 4114122.475758085027337, 1022813.192004259792157 ], [ 4114122.475758085027337, 1022775.767486910917796 ], [ 4114148.938888085074723, 1022749.304356910870411 ], [ 4114186.363405433949083, 1022749.304356910870411 ], [ 4115131.057049760594964, 1021779.896419993950985 ], [ 4115160.382505629677325, 1021749.803775840089656 ], [ 4115269.793731807265431, 1021637.530223793466575 ], [ 4115269.793731807265431, 1021600.105706444592215 ], [ 4115269.793731807265431, 1021562.681189095717855 ], [ 4115269.793731807265431, 1021525.256671746843494 ], [ 4115269.793731807265431, 1021487.832154397969134 ], [ 4115269.793731807265431, 1021450.407637049094774 ], [ 4115296.256861807312816, 1021423.944507049047388 ], [ 4115333.681379156187177, 1021423.944507049047388 ], [ 4115371.105896505061537, 1021423.944507049047388 ] ] ] } }
]
}
