{
"type": "FeatureCollection",
"name": "Ibantu",
"crs": { "type": "name", "properties": { "name": "urn:ogc:def:crs:EPSG::3857" } },
"features": [
{ "type": "Feature", "properties": { }, "geometry": { "type": "Polygon", "coordinates": [ [ [ 4072884.493940495420247, 1136226.547167261363938 ], [ 4072884.493940495420247, 1136263.971684610238299 ], [ 4072884.493940495420247, 1136301.396201959112659 ], [ 4072884.493940495420247, 1136338.820719307987019 ], [ 4072884.493940495420247, 1136376.24523665686138 ], [ 4072884.493940495420247, 1136413.66975400573574 ], [ 4072884.493940495420247, 1136451.0942713546101 ], [ 4072884.493940495420247, 1136488.518788703484461 ], [ 4072884.493940495420247, 1136525.943306052358821 ], [ 4072884.493940495420247, 1136563.367823401233181 ], [ 4072884.493940495420247, 1136600.792340750107542 ], [ 4072884.493940495420247, 1136638.216858098981902 ], [ 4072884.493940495420247, 1136675.641375447856262 ], [ 4072884.493940495420247, 1136713.065892796730623 ], [ 4072884.493940495420247, 1136750.490410145604983 ], [ 4072884.493940495420247, 1136787.914927494479343 ], [ 4072884.493940495420247, 1136825.339444843353704 ], [ 4072884.493940495420247, 1136862.763962192228064 ], [ 4072858.030810495372862, 1136889.22709219227545 ], [ 4072820.606293146498501, 1136889.22709219227545 ], [ 4072783.181775797624141, 1136889.22709219227545 ], [ 4072745.757258448749781, 1136889.22709219227545 ], [ 4072719.294128448702395, 1136915.690222192322835 ], [ 4072719.294128448702395, 1136953.114739541197196 ], [ 4072719.294128448702395, 1136990.539256890071556 ], [ 4072719.294128448702395, 1137027.963774238945916 ], [ 4072719.294128448702395, 1137065.388291587820277 ], [ 4072719.294128448702395, 1137102.812808936694637 ], [ 4072719.294128448702395, 1137140.237326285568997 ], [ 4072719.294128448702395, 1137177.661843634443358 ], [ 4072692.830998448655009, 1137204.124973634490743 ], [ 4072655.406481099780649, 1137204.124973634490743 ], [ 4072617.981963750906289, 1137204.124973634490743 ], [ 4072580.557446402031928, 1137204.124973634490743 ], [ 4072543.132929053157568, 1137204.124973634490743 ], [ 4072543.132929053157568, 1137241.549490983365104 ], [ 4072543.132929053157568, 1137278.974008332239464 ], [ 4072543.132929053157568, 1137316.398525681113824 ], [ 4072543.132929053157568, 1137353.823043029988185 ], [ 4072543.132929053157568, 1137391.247560378862545 ], [ 4072543.132929053157568, 1137428.672077727736905 ], [ 4072543.132929053157568, 1137466.096595076611266 ], [ 4072543.132929053157568, 1137503.521112425485626 ], [ 4072543.132929053157568, 1137540.945629774359986 ], [ 4072505.708411704283208, 1137540.945629774359986 ], [ 4072468.283894355408847, 1137540.945629774359986 ], [ 4072430.859377006534487, 1137540.945629774359986 ], [ 4072393.434859657660127, 1137540.945629774359986 ], [ 4072393.434859657660127, 1137578.370147123234347 ], [ 4072393.434859657660127, 1137615.794664472108707 ], [ 4072393.434859657660127, 1137653.219181820983067 ], [ 4072393.434859657660127, 1137690.643699169857427 ], [ 4072393.434859657660127, 1137728.068216518731788 ], [ 4072393.434859657660127, 1137765.492733867606148 ], [ 4072393.434859657660127, 1137802.917251216480508 ], [ 4072393.434859657660127, 1137840.341768565354869 ], [ 4072393.434859657660127, 1137877.766285914229229 ], [ 4072393.434859657660127, 1137915.190803263103589 ], [ 4072393.434859657660127, 1137952.61532061197795 ], [ 4072393.434859657660127, 1137990.03983796085231 ], [ 4072393.434859657660127, 1138027.46435530972667 ], [ 4072356.010342308785766, 1138027.46435530972667 ], [ 4072318.585824959911406, 1138027.46435530972667 ], [ 4072281.161307611037046, 1138027.46435530972667 ], [ 4072243.736790262162685, 1138027.46435530972667 ], [ 4072217.2736602621153, 1138053.927485309774056 ], [ 4072217.2736602621153, 1138091.352002658648416 ], [ 4072217.2736602621153, 1138128.776520007522777 ], [ 4072217.2736602621153, 1138166.201037356397137 ], [ 4072217.2736602621153, 1138203.625554705271497 ], [ 4072217.2736602621153, 1138241.050072054145858 ], [ 4072217.2736602621153, 1138278.474589403020218 ], [ 4072217.2736602621153, 1138315.899106751894578 ], [ 4072217.2736602621153, 1138353.323624100768939 ], [ 4072217.2736602621153, 1138390.748141449643299 ], [ 4072217.2736602621153, 1138428.172658798517659 ], [ 4072217.2736602621153, 1138465.59717614739202 ], [ 4072217.2736602621153, 1138503.02169349626638 ], [ 4072190.810530262067914, 1138529.484823496313766 ], [ 4072153.386012913193554, 1138529.484823496313766 ], [ 4072115.961495564319193, 1138529.484823496313766 ], [ 4072078.536978215444833, 1138529.484823496313766 ], [ 4072052.073848215397447, 1138555.947953496361151 ], [ 4072052.073848215397447, 1138593.372470845235512 ], [ 4072052.073848215397447, 1138630.796988194109872 ], [ 4072052.073848215397447, 1138668.221505542984232 ], [ 4072052.073848215397447, 1138705.646022891858593 ], [ 4072052.073848215397447, 1138743.070540240732953 ], [ 4072052.073848215397447, 1138780.495057589607313 ], [ 4072052.073848215397447, 1138817.919574938481674 ], [ 4072052.073848215397447, 1138855.344092287356034 ], [ 4072052.073848215397447, 1138892.768609636230394 ], [ 4072052.073848215397447, 1138930.193126985104755 ], [ 4072052.073848215397447, 1138967.617644333979115 ], [ 4072052.073848215397447, 1139005.042161682853475 ], [ 4072052.073848215397447, 1139042.466679031727836 ], [ 4072052.073848215397447, 1139079.891196380602196 ], [ 4072052.073848215397447, 1139117.315713729476556 ], [ 4072052.073848215397447, 1139154.740231078350917 ], [ 4072052.073848215397447, 1139192.164748427225277 ], [ 4072052.073848215397447, 1139229.589265776099637 ], [ 4072052.073848215397447, 1139267.013783124973997 ], [ 4072052.073848215397447, 1139304.438300473848358 ], [ 4072052.073848215397447, 1139341.862817822722718 ], [ 4072025.610718215350062, 1139368.325947822770104 ], [ 4071988.186200866475701, 1139368.325947822770104 ], [ 4071950.761683517601341, 1139368.325947822770104 ], [ 4071913.337166168726981, 1139368.325947822770104 ], [ 4071913.337166168726981, 1139405.750465171644464 ], [ 4071913.337166168726981, 1139443.174982520518824 ], [ 4071913.337166168726981, 1139480.599499869393185 ], [ 4071913.337166168726981, 1139518.024017218267545 ], [ 4071913.337166168726981, 1139555.448534567141905 ], [ 4071913.337166168726981, 1139592.873051916016266 ], [ 4071913.337166168726981, 1139630.297569264890626 ], [ 4071913.337166168726981, 1139667.722086613764986 ], [ 4071913.337166168726981, 1139705.146603962639347 ], [ 4071913.337166168726981, 1139742.571121311513707 ], [ 4071913.337166168726981, 1139779.995638660388067 ], [ 4071913.337166168726981, 1139817.420156009262428 ], [ 4071913.337166168726981, 1139854.844673358136788 ], [ 4071875.91264881985262, 1139854.844673358136788 ], [ 4071838.48813147097826, 1139854.844673358136788 ], [ 4071801.0636141221039, 1139854.844673358136788 ], [ 4071763.639096773229539, 1139854.844673358136788 ], [ 4071726.214579424355179, 1139854.844673358136788 ], [ 4071726.214579424355179, 1139892.269190707011148 ], [ 4071726.214579424355179, 1139929.693708055885509 ], [ 4071726.214579424355179, 1139967.118225404759869 ], [ 4071726.214579424355179, 1140004.542742753634229 ], [ 4071726.214579424355179, 1140041.96726010250859 ], [ 4071726.214579424355179, 1140079.39177745138295 ], [ 4071726.214579424355179, 1140116.81629480025731 ], [ 4071726.214579424355179, 1140154.240812149131671 ], [ 4071726.214579424355179, 1140191.665329498006031 ], [ 4071726.214579424355179, 1140229.089846846880391 ], [ 4071726.214579424355179, 1140266.514364195754752 ], [ 4071726.214579424355179, 1140303.938881544629112 ], [ 4071726.214579424355179, 1140341.363398893503472 ], [ 4071726.214579424355179, 1140378.787916242377833 ], [ 4071726.214579424355179, 1140416.212433591252193 ], [ 4071726.214579424355179, 1140453.636950940126553 ], [ 4071726.214579424355179, 1140491.061468289000914 ], [ 4071726.214579424355179, 1140528.485985637875274 ], [ 4071726.214579424355179, 1140565.910502986749634 ], [ 4071726.214579424355179, 1140603.335020335623994 ], [ 4071726.214579424355179, 1140640.759537684498355 ], [ 4071726.214579424355179, 1140678.184055033372715 ], [ 4071688.790062075480819, 1140678.184055033372715 ], [ 4071651.365544726606458, 1140678.184055033372715 ], [ 4071613.941027377732098, 1140678.184055033372715 ], [ 4071576.516510028857738, 1140678.184055033372715 ], [ 4071550.053380028810352, 1140704.647185033420101 ], [ 4071550.053380028810352, 1140742.071702382294461 ], [ 4071550.053380028810352, 1140779.496219731168821 ], [ 4071550.053380028810352, 1140816.920737080043182 ], [ 4071550.053380028810352, 1140854.345254428917542 ], [ 4071550.053380028810352, 1140891.769771777791902 ], [ 4071550.053380028810352, 1140929.194289126666263 ], [ 4071550.053380028810352, 1140966.618806475540623 ], [ 4071550.053380028810352, 1141004.043323824414983 ], [ 4071550.053380028810352, 1141041.467841173289344 ], [ 4071550.053380028810352, 1141078.892358522163704 ], [ 4071550.053380028810352, 1141116.316875871038064 ], [ 4071550.053380028810352, 1141153.741393219912425 ], [ 4071523.590250028762966, 1141180.20452321995981 ], [ 4071486.165732679888606, 1141180.20452321995981 ], [ 4071448.741215331014246, 1141180.20452321995981 ], [ 4071411.316697982139885, 1141180.20452321995981 ], [ 4071411.316697982139885, 1141217.629040568834171 ], [ 4071411.316697982139885, 1141255.053557917708531 ], [ 4071411.316697982139885, 1141292.478075266582891 ], [ 4071411.316697982139885, 1141329.902592615457252 ], [ 4071411.316697982139885, 1141367.327109964331612 ], [ 4071411.316697982139885, 1141404.751627313205972 ], [ 4071411.316697982139885, 1141442.176144662080333 ], [ 4071411.316697982139885, 1141479.600662010954693 ], [ 4071384.8535679820925, 1141506.063792011002079 ], [ 4071347.429050633218139, 1141506.063792011002079 ], [ 4071310.004533284343779, 1141506.063792011002079 ], [ 4071272.580015935469419, 1141506.063792011002079 ], [ 4071235.155498586595058, 1141506.063792011002079 ], [ 4071235.155498586595058, 1141543.488309359876439 ], [ 4071235.155498586595058, 1141580.912826708750799 ], [ 4071235.155498586595058, 1141618.33734405762516 ], [ 4071235.155498586595058, 1141655.76186140649952 ], [ 4071235.155498586595058, 1141693.18637875537388 ], [ 4071235.155498586595058, 1141730.610896104248241 ], [ 4071235.155498586595058, 1141768.035413453122601 ], [ 4071235.155498586595058, 1141805.459930801996961 ], [ 4071235.155498586595058, 1141842.884448150871322 ], [ 4071235.155498586595058, 1141880.308965499745682 ], [ 4071235.155498586595058, 1141917.733482848620042 ], [ 4071235.155498586595058, 1141955.158000197494403 ], [ 4071235.155498586595058, 1141992.582517546368763 ], [ 4071272.580015935469419, 1141992.582517546368763 ], [ 4071310.004533284343779, 1141992.582517546368763 ], [ 4071347.429050633218139, 1141992.582517546368763 ], [ 4071384.8535679820925, 1141992.582517546368763 ], [ 4071411.316697982139885, 1142019.045647546416149 ], [ 4071411.316697982139885, 1142056.470164895290509 ], [ 4071411.316697982139885, 1142093.894682244164869 ], [ 4071411.316697982139885, 1142131.31919959303923 ], [ 4071411.316697982139885, 1142168.74371694191359 ], [ 4071411.316697982139885, 1142206.16823429078795 ], [ 4071411.316697982139885, 1142243.59275163966231 ], [ 4071411.316697982139885, 1142281.017268988536671 ], [ 4071411.316697982139885, 1142318.441786337411031 ], [ 4071411.316697982139885, 1142355.866303686285391 ], [ 4071411.316697982139885, 1142393.290821035159752 ], [ 4071411.316697982139885, 1142430.715338384034112 ], [ 4071411.316697982139885, 1142468.139855732908472 ], [ 4071411.316697982139885, 1142505.564373081782833 ], [ 4071411.316697982139885, 1142542.988890430657193 ], [ 4071411.316697982139885, 1142580.413407779531553 ], [ 4071411.316697982139885, 1142617.837925128405914 ], [ 4071411.316697982139885, 1142655.262442477280274 ], [ 4071448.741215331014246, 1142655.262442477280274 ], [ 4071486.165732679888606, 1142655.262442477280274 ], [ 4071523.590250028762966, 1142655.262442477280274 ], [ 4071550.053380028810352, 1142681.72557247732766 ], [ 4071550.053380028810352, 1142719.15008982620202 ], [ 4071550.053380028810352, 1142756.57460717507638 ], [ 4071550.053380028810352, 1142793.999124523950741 ], [ 4071550.053380028810352, 1142831.423641872825101 ], [ 4071550.053380028810352, 1142868.848159221699461 ], [ 4071550.053380028810352, 1142906.272676570573822 ], [ 4071550.053380028810352, 1142943.697193919448182 ], [ 4071550.053380028810352, 1142981.121711268322542 ], [ 4071550.053380028810352, 1143018.546228617196903 ], [ 4071550.053380028810352, 1143055.970745966071263 ], [ 4071550.053380028810352, 1143093.395263314945623 ], [ 4071550.053380028810352, 1143130.819780663819984 ], [ 4071587.477897377684712, 1143130.819780663819984 ], [ 4071624.902414726559073, 1143130.819780663819984 ], [ 4071662.326932075433433, 1143130.819780663819984 ], [ 4071699.751449424307793, 1143130.819780663819984 ], [ 4071726.214579424355179, 1143157.282910663867369 ], [ 4071726.214579424355179, 1143194.70742801274173 ], [ 4071726.214579424355179, 1143232.13194536161609 ], [ 4071726.214579424355179, 1143269.55646271049045 ], [ 4071726.214579424355179, 1143306.980980059364811 ], [ 4071726.214579424355179, 1143344.405497408239171 ], [ 4071726.214579424355179, 1143381.830014757113531 ], [ 4071726.214579424355179, 1143419.254532105987892 ], [ 4071726.214579424355179, 1143456.679049454862252 ], [ 4071726.214579424355179, 1143494.103566803736612 ], [ 4071726.214579424355179, 1143531.528084152610973 ], [ 4071726.214579424355179, 1143568.952601501485333 ], [ 4071726.214579424355179, 1143606.377118850359693 ], [ 4071726.214579424355179, 1143643.801636199234053 ], [ 4071726.214579424355179, 1143681.226153548108414 ], [ 4071726.214579424355179, 1143718.650670896982774 ], [ 4071726.214579424355179, 1143756.075188245857134 ], [ 4071726.214579424355179, 1143793.499705594731495 ], [ 4071726.214579424355179, 1143830.924222943605855 ], [ 4071726.214579424355179, 1143868.348740292480215 ], [ 4071726.214579424355179, 1143905.773257641354576 ], [ 4071726.214579424355179, 1143943.197774990228936 ], [ 4071726.214579424355179, 1143980.622292339103296 ], [ 4071726.214579424355179, 1144018.046809687977657 ], [ 4071726.214579424355179, 1144055.471327036852017 ], [ 4071726.214579424355179, 1144092.895844385726377 ], [ 4071726.214579424355179, 1144130.320361734600738 ], [ 4071726.214579424355179, 1144167.744879083475098 ], [ 4071726.214579424355179, 1144205.169396432349458 ], [ 4071726.214579424355179, 1144242.593913781223819 ], [ 4071726.214579424355179, 1144280.018431130098179 ], [ 4071752.677709424402565, 1144306.481561130145565 ], [ 4071790.102226773276925, 1144306.481561130145565 ], [ 4071827.526744122151285, 1144306.481561130145565 ], [ 4071864.951261471025646, 1144306.481561130145565 ], [ 4071902.375778819900006, 1144306.481561130145565 ], [ 4071902.375778819900006, 1144343.906078479019925 ], [ 4071902.375778819900006, 1144381.330595827894285 ], [ 4071902.375778819900006, 1144418.755113176768646 ], [ 4071902.375778819900006, 1144456.179630525643006 ], [ 4071902.375778819900006, 1144493.604147874517366 ], [ 4071902.375778819900006, 1144531.028665223391727 ], [ 4071902.375778819900006, 1144568.453182572266087 ], [ 4071902.375778819900006, 1144605.877699921140447 ], [ 4071902.375778819900006, 1144643.302217270014808 ], [ 4071902.375778819900006, 1144680.726734618889168 ], [ 4071902.375778819900006, 1144718.151251967763528 ], [ 4071902.375778819900006, 1144755.575769316637889 ], [ 4071902.375778819900006, 1144793.000286665512249 ], [ 4071902.375778819900006, 1144830.424804014386609 ], [ 4071902.375778819900006, 1144867.84932136326097 ], [ 4071902.375778819900006, 1144905.27383871213533 ], [ 4071902.375778819900006, 1144942.69835606100969 ], [ 4071902.375778819900006, 1144980.12287340988405 ], [ 4071902.375778819900006, 1145017.547390758758411 ], [ 4071902.375778819900006, 1145054.971908107632771 ], [ 4071902.375778819900006, 1145092.396425456507131 ], [ 4071902.375778819900006, 1145129.820942805381492 ], [ 4071939.800296168774366, 1145129.820942805381492 ], [ 4071977.224813517648727, 1145129.820942805381492 ], [ 4072014.649330866523087, 1145129.820942805381492 ], [ 4072052.073848215397447, 1145129.820942805381492 ], [ 4072052.073848215397447, 1145167.245460154255852 ], [ 4072052.073848215397447, 1145204.669977503130212 ], [ 4072052.073848215397447, 1145242.094494852004573 ], [ 4072052.073848215397447, 1145279.519012200878933 ], [ 4072052.073848215397447, 1145316.943529549753293 ], [ 4072052.073848215397447, 1145354.368046898627654 ], [ 4072052.073848215397447, 1145391.792564247502014 ], [ 4072052.073848215397447, 1145429.217081596376374 ], [ 4072052.073848215397447, 1145466.641598945250735 ], [ 4072052.073848215397447, 1145504.066116294125095 ], [ 4072052.073848215397447, 1145541.490633642999455 ], [ 4072052.073848215397447, 1145578.915150991873816 ], [ 4072052.073848215397447, 1145616.339668340748176 ], [ 4072052.073848215397447, 1145653.764185689622536 ], [ 4072052.073848215397447, 1145691.188703038496897 ], [ 4072052.073848215397447, 1145728.613220387371257 ], [ 4072052.073848215397447, 1145766.037737736245617 ], [ 4072052.073848215397447, 1145803.462255085119978 ], [ 4072052.073848215397447, 1145840.886772433994338 ], [ 4072052.073848215397447, 1145878.311289782868698 ], [ 4072052.073848215397447, 1145915.735807131743059 ], [ 4072052.073848215397447, 1145953.160324480617419 ], [ 4072052.073848215397447, 1145990.584841829491779 ], [ 4072052.073848215397447, 1146028.00935917836614 ], [ 4072052.073848215397447, 1146065.4338765272405 ], [ 4072052.073848215397447, 1146102.85839387611486 ], [ 4072052.073848215397447, 1146140.28291122498922 ], [ 4072052.073848215397447, 1146177.707428573863581 ], [ 4072052.073848215397447, 1146215.131945922737941 ], [ 4072052.073848215397447, 1146252.556463271612301 ], [ 4072052.073848215397447, 1146289.980980620486662 ], [ 4072052.073848215397447, 1146327.405497969361022 ], [ 4072052.073848215397447, 1146364.830015318235382 ], [ 4072052.073848215397447, 1146402.254532667109743 ], [ 4072052.073848215397447, 1146439.679050015984103 ], [ 4072052.073848215397447, 1146477.103567364858463 ], [ 4072052.073848215397447, 1146514.528084713732824 ], [ 4072052.073848215397447, 1146551.952602062607184 ], [ 4072052.073848215397447, 1146589.377119411481544 ], [ 4072052.073848215397447, 1146626.801636760355905 ], [ 4072089.498365564271808, 1146626.801636760355905 ], [ 4072126.922882913146168, 1146626.801636760355905 ], [ 4072164.347400262020528, 1146626.801636760355905 ], [ 4072201.771917610894889, 1146626.801636760355905 ], [ 4072228.235047610942274, 1146653.26476676040329 ], [ 4072228.235047610942274, 1146690.689284109277651 ], [ 4072228.235047610942274, 1146728.113801458152011 ], [ 4072228.235047610942274, 1146765.538318807026371 ], [ 4072228.235047610942274, 1146802.962836155900732 ], [ 4072228.235047610942274, 1146840.387353504775092 ], [ 4072228.235047610942274, 1146877.811870853649452 ], [ 4072228.235047610942274, 1146915.236388202523813 ], [ 4072228.235047610942274, 1146952.660905551398173 ], [ 4072228.235047610942274, 1146990.085422900272533 ], [ 4072228.235047610942274, 1147027.509940249146894 ], [ 4072228.235047610942274, 1147064.934457598021254 ], [ 4072228.235047610942274, 1147102.358974946895614 ], [ 4072228.235047610942274, 1147139.783492295769975 ], [ 4072228.235047610942274, 1147177.208009644644335 ], [ 4072228.235047610942274, 1147214.632526993518695 ], [ 4072228.235047610942274, 1147252.057044342393056 ], [ 4072228.235047610942274, 1147289.481561691267416 ], [ 4072228.235047610942274, 1147326.906079040141776 ], [ 4072228.235047610942274, 1147364.330596389016137 ], [ 4072211.441269186325371, 1147361.2915394611191 ], [ 4072211.441269186325371, 1147398.716056809993461 ], [ 4072211.441269186325371, 1147436.140574158867821 ], [ 4072211.441269186325371, 1147473.565091507742181 ], [ 4072211.441269186325371, 1147510.989608856616542 ], [ 4072211.441269186325371, 1147548.414126205490902 ], [ 4072211.441269186325371, 1147585.838643554365262 ], [ 4072237.904399186372757, 1147612.301773554412648 ], [ 4072275.328916535247117, 1147612.301773554412648 ], [ 4072312.753433884121478, 1147612.301773554412648 ], [ 4072350.177951232995838, 1147612.301773554412648 ], [ 4072376.641081233043224, 1147638.764903554460034 ], [ 4072376.641081233043224, 1147676.189420903334394 ], [ 4072376.641081233043224, 1147713.613938252208754 ], [ 4072376.641081233043224, 1147751.038455601083115 ], [ 4072376.641081233043224, 1147788.462972949957475 ], [ 4072376.641081233043224, 1147825.887490298831835 ], [ 4072376.641081233043224, 1147863.312007647706196 ], [ 4072376.641081233043224, 1147900.736524996580556 ], [ 4072376.641081233043224, 1147938.161042345454916 ], [ 4072376.641081233043224, 1147975.585559694329277 ], [ 4072376.641081233043224, 1148013.010077043203637 ], [ 4072376.641081233043224, 1148050.434594392077997 ], [ 4072376.641081233043224, 1148087.859111740952358 ], [ 4072376.641081233043224, 1148125.283629089826718 ], [ 4072376.641081233043224, 1148162.708146438701078 ], [ 4072376.641081233043224, 1148200.132663787575439 ], [ 4072376.641081233043224, 1148237.557181136449799 ], [ 4072376.641081233043224, 1148274.981698485324159 ], [ 4072376.641081233043224, 1148312.40621583419852 ], [ 4072376.641081233043224, 1148349.83073318307288 ], [ 4072376.641081233043224, 1148387.25525053194724 ], [ 4072376.641081233043224, 1148424.679767880821601 ], [ 4072350.177951232995838, 1148451.142897880868986 ], [ 4072312.753433884121478, 1148451.142897880868986 ], [ 4072275.328916535247117, 1148451.142897880868986 ], [ 4072237.904399186372757, 1148451.142897880868986 ], [ 4072211.441269186325371, 1148477.606027880916372 ], [ 4072211.441269186325371, 1148515.030545229790732 ], [ 4072211.441269186325371, 1148552.455062578665093 ], [ 4072211.441269186325371, 1148589.879579927539453 ], [ 4072211.441269186325371, 1148627.304097276413813 ], [ 4072211.441269186325371, 1148664.728614625288174 ], [ 4072211.441269186325371, 1148702.153131974162534 ], [ 4072211.441269186325371, 1148739.577649323036894 ], [ 4072211.441269186325371, 1148777.002166671911255 ], [ 4072211.441269186325371, 1148814.426684020785615 ], [ 4072211.441269186325371, 1148851.851201369659975 ], [ 4072211.441269186325371, 1148889.275718718534335 ], [ 4072211.441269186325371, 1148926.700236067408696 ], [ 4072184.978139186277986, 1148953.163366067456082 ], [ 4072147.553621837403625, 1148953.163366067456082 ], [ 4072110.129104488529265, 1148953.163366067456082 ], [ 4072072.704587139654905, 1148953.163366067456082 ], [ 4072072.704587139654905, 1148990.587883416330442 ], [ 4072072.704587139654905, 1149028.012400765204802 ], [ 4072072.704587139654905, 1149065.436918114079162 ], [ 4072072.704587139654905, 1149102.861435462953523 ], [ 4072072.704587139654905, 1149140.285952811827883 ], [ 4072072.704587139654905, 1149177.710470160702243 ], [ 4072072.704587139654905, 1149215.134987509576604 ], [ 4072072.704587139654905, 1149252.559504858450964 ], [ 4072072.704587139654905, 1149289.984022207325324 ], [ 4072072.704587139654905, 1149327.408539556199685 ], [ 4072072.704587139654905, 1149364.833056905074045 ], [ 4072072.704587139654905, 1149402.257574253948405 ], [ 4072072.704587139654905, 1149439.682091602822766 ], [ 4072072.704587139654905, 1149477.106608951697126 ], [ 4072072.704587139654905, 1149514.531126300571486 ], [ 4072072.704587139654905, 1149551.955643649445847 ], [ 4072072.704587139654905, 1149589.380160998320207 ], [ 4072046.241457139607519, 1149615.843290998367593 ], [ 4072008.816939790733159, 1149615.843290998367593 ], [ 4071971.392422441858798, 1149615.843290998367593 ], [ 4071933.967905092984438, 1149615.843290998367593 ], [ 4071896.543387744110078, 1149615.843290998367593 ], [ 4071859.118870395235717, 1149615.843290998367593 ], [ 4071821.694353046361357, 1149615.843290998367593 ], [ 4071784.269835697486997, 1149615.843290998367593 ], [ 4071746.845318348612636, 1149615.843290998367593 ], [ 4071709.420800999738276, 1149615.843290998367593 ], [ 4071682.95767099969089, 1149589.380160998320207 ], [ 4071682.95767099969089, 1149551.955643649445847 ], [ 4071682.95767099969089, 1149514.531126300571486 ], [ 4071682.95767099969089, 1149477.106608951697126 ], [ 4071682.95767099969089, 1149439.682091602822766 ], [ 4071645.53315365081653, 1149439.682091602822766 ], [ 4071608.10863630194217, 1149439.682091602822766 ], [ 4071570.684118953067809, 1149439.682091602822766 ], [ 4071533.259601604193449, 1149439.682091602822766 ], [ 4071495.835084255319089, 1149439.682091602822766 ], [ 4071458.410566906444728, 1149439.682091602822766 ], [ 4071420.986049557570368, 1149439.682091602822766 ], [ 4071383.561532208696008, 1149439.682091602822766 ], [ 4071383.561532208696008, 1149402.257574253948405 ], [ 4071383.561532208696008, 1149364.833056905074045 ], [ 4071383.561532208696008, 1149327.408539556199685 ], [ 4071383.561532208696008, 1149289.984022207325324 ], [ 4071346.137014859821647, 1149289.984022207325324 ], [ 4071308.712497510947287, 1149289.984022207325324 ], [ 4071271.287980162072927, 1149289.984022207325324 ], [ 4071233.863462813198566, 1149289.984022207325324 ], [ 4071207.400332813151181, 1149263.520892207277939 ], [ 4071207.400332813151181, 1149226.096374858403578 ], [ 4071207.400332813151181, 1149188.671857509529218 ], [ 4071207.400332813151181, 1149151.247340160654858 ], [ 4071207.400332813151181, 1149113.822822811780497 ], [ 4071169.97581546427682, 1149113.822822811780497 ], [ 4071132.55129811540246, 1149113.822822811780497 ], [ 4071095.1267807665281, 1149113.822822811780497 ], [ 4071057.702263417653739, 1149113.822822811780497 ], [ 4071020.277746068779379, 1149113.822822811780497 ], [ 4070982.853228719905019, 1149113.822822811780497 ], [ 4070945.428711371030658, 1149113.822822811780497 ], [ 4070908.004194022156298, 1149113.822822811780497 ], [ 4070881.541064022108912, 1149087.359692811733112 ], [ 4070881.541064022108912, 1149049.935175462858751 ], [ 4070881.541064022108912, 1149012.510658113984391 ], [ 4070881.541064022108912, 1148975.086140765110031 ], [ 4070855.077934022061527, 1148948.623010765062645 ], [ 4070817.653416673187166, 1148948.623010765062645 ], [ 4070780.228899324312806, 1148948.623010765062645 ], [ 4070742.804381975438446, 1148948.623010765062645 ], [ 4070716.34125197539106, 1148922.159880765015259 ], [ 4070716.34125197539106, 1148884.735363416140899 ], [ 4070716.34125197539106, 1148847.310846067266539 ], [ 4070716.34125197539106, 1148809.886328718392178 ], [ 4070689.878121975343674, 1148783.423198718344793 ], [ 4070652.453604626469314, 1148783.423198718344793 ], [ 4070615.029087277594954, 1148783.423198718344793 ], [ 4070577.604569928720593, 1148783.423198718344793 ], [ 4070551.141439928673208, 1148756.960068718297407 ], [ 4070551.141439928673208, 1148719.535551369423047 ], [ 4070551.141439928673208, 1148682.111034020548686 ], [ 4070551.141439928673208, 1148644.686516671674326 ], [ 4070551.141439928673208, 1148607.261999322799966 ], [ 4070551.141439928673208, 1148569.837481973925605 ], [ 4070551.141439928673208, 1148532.412964625051245 ], [ 4070551.141439928673208, 1148494.988447276176885 ], [ 4070551.141439928673208, 1148457.563929927302524 ], [ 4070513.716922579798847, 1148457.563929927302524 ], [ 4070476.292405230924487, 1148457.563929927302524 ], [ 4070438.867887882050127, 1148457.563929927302524 ], [ 4070401.443370533175766, 1148457.563929927302524 ], [ 4070401.443370533175766, 1148420.139412578428164 ], [ 4070401.443370533175766, 1148382.714895229553804 ], [ 4070401.443370533175766, 1148345.290377880679443 ], [ 4070401.443370533175766, 1148307.865860531805083 ], [ 4070374.980240533128381, 1148281.402730531757697 ], [ 4070337.55572318425402, 1148281.402730531757697 ], [ 4070300.13120583537966, 1148281.402730531757697 ], [ 4070262.7066884865053, 1148281.402730531757697 ], [ 4070225.282171137630939, 1148281.402730531757697 ], [ 4070225.282171137630939, 1148243.978213182883337 ], [ 4070225.282171137630939, 1148206.553695834008977 ], [ 4070225.282171137630939, 1148169.129178485134616 ], [ 4070225.282171137630939, 1148131.704661136260256 ], [ 4070187.857653788756579, 1148131.704661136260256 ], [ 4070150.433136439882219, 1148131.704661136260256 ], [ 4070113.008619091007859, 1148131.704661136260256 ], [ 4070075.584101742133498, 1148131.704661136260256 ], [ 4070049.120971742086112, 1148105.24153113621287 ], [ 4070049.120971742086112, 1148067.81701378733851 ], [ 4070049.120971742086112, 1148030.39249643846415 ], [ 4070049.120971742086112, 1147992.96797908958979 ], [ 4070049.120971742086112, 1147955.543461740715429 ], [ 4070011.696454393211752, 1147955.543461740715429 ], [ 4069974.271937044337392, 1147955.543461740715429 ], [ 4069936.847419695463032, 1147955.543461740715429 ], [ 4069899.422902346588671, 1147955.543461740715429 ], [ 4069899.422902346588671, 1147918.118944391841069 ], [ 4069899.422902346588671, 1147880.694427042966709 ], [ 4069899.422902346588671, 1147843.269909694092348 ], [ 4069899.422902346588671, 1147805.845392345217988 ], [ 4069899.422902346588671, 1147768.420874996343628 ], [ 4069899.422902346588671, 1147730.996357647469267 ], [ 4069899.422902346588671, 1147693.571840298594907 ], [ 4069899.422902346588671, 1147656.147322949720547 ], [ 4069872.959772346541286, 1147629.684192949673161 ], [ 4069835.535254997666925, 1147629.684192949673161 ], [ 4069798.110737648792565, 1147629.684192949673161 ], [ 4069760.686220299918205, 1147629.684192949673161 ], [ 4069734.223090299870819, 1147603.221062949625775 ], [ 4069734.223090299870819, 1147565.796545600751415 ], [ 4069734.223090299870819, 1147528.372028251877055 ], [ 4069734.223090299870819, 1147490.947510903002694 ], [ 4069707.759960299823433, 1147464.484380902955309 ], [ 4069670.335442950949073, 1147464.484380902955309 ], [ 4069632.910925602074713, 1147464.484380902955309 ], [ 4069595.486408253200352, 1147464.484380902955309 ], [ 4069558.061890904325992, 1147464.484380902955309 ], [ 4069520.637373555451632, 1147464.484380902955309 ], [ 4069483.212856206577271, 1147464.484380902955309 ], [ 4069445.788338857702911, 1147464.484380902955309 ], [ 4069408.363821508828551, 1147464.484380902955309 ], [ 4069370.93930415995419, 1147464.484380902955309 ], [ 4069333.51478681107983, 1147464.484380902955309 ], [ 4069296.09026946220547, 1147464.484380902955309 ], [ 4069258.665752113331109, 1147464.484380902955309 ], [ 4069232.202622113283724, 1147438.021250902907923 ], [ 4069232.202622113283724, 1147400.596733554033563 ], [ 4069232.202622113283724, 1147363.172216205159202 ], [ 4069232.202622113283724, 1147325.747698856284842 ], [ 4069205.739492113236338, 1147299.284568856237456 ], [ 4069168.314974764361978, 1147299.284568856237456 ], [ 4069130.890457415487617, 1147299.284568856237456 ], [ 4069093.465940066613257, 1147299.284568856237456 ], [ 4069056.041422717738897, 1147299.284568856237456 ], [ 4069018.616905368864536, 1147299.284568856237456 ], [ 4068981.192388019990176, 1147299.284568856237456 ], [ 4068943.767870671115816, 1147299.284568856237456 ], [ 4068906.343353322241455, 1147299.284568856237456 ], [ 4068868.918835973367095, 1147299.284568856237456 ], [ 4068831.494318624492735, 1147299.284568856237456 ], [ 4068794.069801275618374, 1147299.284568856237456 ], [ 4068756.645283926744014, 1147299.284568856237456 ], [ 4068719.220766577869654, 1147299.284568856237456 ], [ 4068681.796249228995293, 1147299.284568856237456 ], [ 4068644.371731880120933, 1147299.284568856237456 ], [ 4068606.947214531246573, 1147299.284568856237456 ], [ 4068569.522697182372212, 1147299.284568856237456 ], [ 4068532.098179833497852, 1147299.284568856237456 ], [ 4068494.673662484623492, 1147299.284568856237456 ], [ 4068457.249145135749131, 1147299.284568856237456 ], [ 4068419.824627786874771, 1147299.284568856237456 ], [ 4068419.824627786874771, 1147261.860051507363096 ], [ 4068419.824627786874771, 1147224.435534158488736 ], [ 4068419.824627786874771, 1147187.011016809614375 ], [ 4068419.824627786874771, 1147149.586499460740015 ], [ 4068382.400110438000411, 1147149.586499460740015 ], [ 4068344.97559308912605, 1147149.586499460740015 ], [ 4068307.55107574025169, 1147149.586499460740015 ], [ 4068270.12655839137733, 1147149.586499460740015 ], [ 4068232.70204104250297, 1147149.586499460740015 ], [ 4068195.277523693628609, 1147149.586499460740015 ], [ 4068157.853006344754249, 1147149.586499460740015 ], [ 4068120.428488995879889, 1147149.586499460740015 ], [ 4068083.003971647005528, 1147149.586499460740015 ], [ 4068045.579454298131168, 1147149.586499460740015 ], [ 4068008.154936949256808, 1147149.586499460740015 ], [ 4067970.730419600382447, 1147149.586499460740015 ], [ 4067933.305902251508087, 1147149.586499460740015 ], [ 4067906.842772251460701, 1147123.123369460692629 ], [ 4067906.842772251460701, 1147085.698852111818269 ], [ 4067906.842772251460701, 1147048.274334762943909 ], [ 4067906.842772251460701, 1147010.849817414069548 ], [ 4067906.842772251460701, 1146973.425300065195188 ], [ 4067869.418254902586341, 1146973.425300065195188 ], [ 4067831.993737553711981, 1146973.425300065195188 ], [ 4067794.56922020483762, 1146973.425300065195188 ], [ 4067757.14470285596326, 1146973.425300065195188 ], [ 4067719.7201855070889, 1146973.425300065195188 ], [ 4067682.295668158214539, 1146973.425300065195188 ], [ 4067644.871150809340179, 1146973.425300065195188 ], [ 4067607.446633460465819, 1146973.425300065195188 ], [ 4067570.022116111591458, 1146973.425300065195188 ], [ 4067532.597598762717098, 1146973.425300065195188 ], [ 4067495.173081413842738, 1146973.425300065195188 ], [ 4067457.748564064968377, 1146973.425300065195188 ], [ 4067420.324046716094017, 1146973.425300065195188 ], [ 4067382.899529367219657, 1146973.425300065195188 ], [ 4067345.475012018345296, 1146973.425300065195188 ], [ 4067308.050494669470936, 1146973.425300065195188 ], [ 4067270.625977320596576, 1146973.425300065195188 ], [ 4067233.201459971722215, 1146973.425300065195188 ], [ 4067195.776942622847855, 1146973.425300065195188 ], [ 4067158.352425273973495, 1146973.425300065195188 ], [ 4067120.927907925099134, 1146973.425300065195188 ], [ 4067094.464777925051749, 1146946.962170065147802 ], [ 4067094.464777925051749, 1146909.537652716273442 ], [ 4067094.464777925051749, 1146872.113135367399082 ], [ 4067094.464777925051749, 1146834.688618018524721 ], [ 4067094.464777925051749, 1146797.264100669650361 ], [ 4067057.040260576177388, 1146797.264100669650361 ], [ 4067019.615743227303028, 1146797.264100669650361 ], [ 4066982.191225878428668, 1146797.264100669650361 ], [ 4066944.766708529554307, 1146797.264100669650361 ], [ 4066907.342191180679947, 1146797.264100669650361 ], [ 4066869.917673831805587, 1146797.264100669650361 ], [ 4066832.493156482931226, 1146797.264100669650361 ], [ 4066795.068639134056866, 1146797.264100669650361 ], [ 4066768.60550913400948, 1146770.800970669602975 ], [ 4066768.60550913400948, 1146733.376453320728615 ], [ 4066768.60550913400948, 1146695.951935971854255 ], [ 4066768.60550913400948, 1146658.527418622979894 ], [ 4066742.142379133962095, 1146632.064288622932509 ], [ 4066704.717861785087734, 1146632.064288622932509 ], [ 4066667.293344436213374, 1146632.064288622932509 ], [ 4066629.868827087339014, 1146632.064288622932509 ], [ 4066592.444309738464653, 1146632.064288622932509 ], [ 4066555.019792389590293, 1146632.064288622932509 ], [ 4066517.595275040715933, 1146632.064288622932509 ], [ 4066480.170757691841573, 1146632.064288622932509 ], [ 4066442.746240342967212, 1146632.064288622932509 ], [ 4066442.746240342967212, 1146669.488805971806869 ], [ 4066442.746240342967212, 1146706.913323320681229 ], [ 4066442.746240342967212, 1146744.33784066955559 ], [ 4066442.746240342967212, 1146781.76235801842995 ], [ 4066416.283110342919827, 1146808.225488018477336 ], [ 4066378.858592994045466, 1146808.225488018477336 ], [ 4066341.434075645171106, 1146808.225488018477336 ], [ 4066304.009558296296746, 1146808.225488018477336 ], [ 4066266.585040947422385, 1146808.225488018477336 ], [ 4066229.160523598548025, 1146808.225488018477336 ], [ 4066191.736006249673665, 1146808.225488018477336 ], [ 4066154.311488900799304, 1146808.225488018477336 ], [ 4066127.848358900751919, 1146834.688618018524721 ], [ 4066127.848358900751919, 1146872.113135367399082 ], [ 4066127.848358900751919, 1146909.537652716273442 ], [ 4066127.848358900751919, 1146946.962170065147802 ], [ 4066101.385228900704533, 1146973.425300065195188 ], [ 4066063.960711551830173, 1146973.425300065195188 ], [ 4066026.536194202955812, 1146973.425300065195188 ], [ 4065989.111676854081452, 1146973.425300065195188 ], [ 4065951.687159505207092, 1146973.425300065195188 ], [ 4065914.262642156332731, 1146973.425300065195188 ], [ 4065876.838124807458371, 1146973.425300065195188 ], [ 4065839.413607458584011, 1146973.425300065195188 ], [ 4065801.98909010970965, 1146973.425300065195188 ], [ 4065764.56457276083529, 1146973.425300065195188 ], [ 4065727.14005541196093, 1146973.425300065195188 ], [ 4065689.715538063086569, 1146973.425300065195188 ], [ 4065652.291020714212209, 1146973.425300065195188 ], [ 4065614.866503365337849, 1146973.425300065195188 ], [ 4065577.441986016463488, 1146973.425300065195188 ], [ 4065540.017468667589128, 1146973.425300065195188 ], [ 4065502.592951318714768, 1146973.425300065195188 ], [ 4065465.168433969840407, 1146973.425300065195188 ], [ 4065427.743916620966047, 1146973.425300065195188 ], [ 4065390.319399272091687, 1146973.425300065195188 ], [ 4065352.894881923217326, 1146973.425300065195188 ], [ 4065315.470364574342966, 1146973.425300065195188 ], [ 4065315.470364574342966, 1147010.849817414069548 ], [ 4065315.470364574342966, 1147048.274334762943909 ], [ 4065315.470364574342966, 1147085.698852111818269 ], [ 4065315.470364574342966, 1147123.123369460692629 ], [ 4065289.00723457429558, 1147149.586499460740015 ], [ 4065251.58271722542122, 1147149.586499460740015 ], [ 4065214.15819987654686, 1147149.586499460740015 ], [ 4065176.733682527672499, 1147149.586499460740015 ], [ 4065139.309165178798139, 1147149.586499460740015 ], [ 4065101.884647829923779, 1147149.586499460740015 ], [ 4065064.460130481049418, 1147149.586499460740015 ], [ 4065027.035613132175058, 1147149.586499460740015 ], [ 4064989.611095783300698, 1147149.586499460740015 ], [ 4064989.611095783300698, 1147187.011016809614375 ], [ 4064989.611095783300698, 1147224.435534158488736 ], [ 4064989.611095783300698, 1147261.860051507363096 ], [ 4064989.611095783300698, 1147299.284568856237456 ], [ 4064952.186578434426337, 1147299.284568856237456 ], [ 4064914.762061085551977, 1147299.284568856237456 ], [ 4064877.337543736677617, 1147299.284568856237456 ], [ 4064839.913026387803257, 1147299.284568856237456 ], [ 4064802.488509038928896, 1147299.284568856237456 ], [ 4064765.063991690054536, 1147299.284568856237456 ], [ 4064727.639474341180176, 1147299.284568856237456 ], [ 4064690.214956992305815, 1147299.284568856237456 ], [ 4064652.790439643431455, 1147299.284568856237456 ], [ 4064615.365922294557095, 1147299.284568856237456 ], [ 4064577.941404945682734, 1147299.284568856237456 ], [ 4064540.516887596808374, 1147299.284568856237456 ], [ 4064503.092370247934014, 1147299.284568856237456 ], [ 4064465.667852899059653, 1147299.284568856237456 ], [ 4064428.243335550185293, 1147299.284568856237456 ], [ 4064390.818818201310933, 1147299.284568856237456 ], [ 4064353.394300852436572, 1147299.284568856237456 ], [ 4064315.969783503562212, 1147299.284568856237456 ], [ 4064278.545266154687852, 1147299.284568856237456 ], [ 4064241.120748805813491, 1147299.284568856237456 ], [ 4064203.696231456939131, 1147299.284568856237456 ], [ 4064166.271714108064771, 1147299.284568856237456 ], [ 4064128.84719675919041, 1147299.284568856237456 ], [ 4064091.42267941031605, 1147299.284568856237456 ], [ 4064053.99816206144169, 1147299.284568856237456 ], [ 4064016.573644712567329, 1147299.284568856237456 ], [ 4063990.110514712519944, 1147325.747698856284842 ], [ 4063990.110514712519944, 1147363.172216205159202 ], [ 4063990.110514712519944, 1147400.596733554033563 ], [ 4063990.110514712519944, 1147438.021250902907923 ], [ 4063963.647384712472558, 1147464.484380902955309 ], [ 4063926.222867363598198, 1147464.484380902955309 ], [ 4063888.798350014723837, 1147464.484380902955309 ], [ 4063851.373832665849477, 1147464.484380902955309 ], [ 4063813.949315316975117, 1147464.484380902955309 ], [ 4063776.524797968100756, 1147464.484380902955309 ], [ 4063739.100280619226396, 1147464.484380902955309 ], [ 4063701.675763270352036, 1147464.484380902955309 ], [ 4063664.251245921477675, 1147464.484380902955309 ], [ 4063664.251245921477675, 1147501.908898251829669 ], [ 4063664.251245921477675, 1147539.333415600704029 ], [ 4063664.251245921477675, 1147576.75793294957839 ], [ 4063664.251245921477675, 1147614.18245029845275 ], [ 4063637.78811592143029, 1147640.645580298500136 ], [ 4063600.363598572555929, 1147640.645580298500136 ], [ 4063562.939081223681569, 1147640.645580298500136 ], [ 4063525.514563874807209, 1147640.645580298500136 ], [ 4063488.090046525932848, 1147640.645580298500136 ], [ 4063450.665529177058488, 1147640.645580298500136 ], [ 4063413.241011828184128, 1147640.645580298500136 ], [ 4063375.816494479309767, 1147640.645580298500136 ], [ 4063338.391977130435407, 1147640.645580298500136 ], [ 4063300.967459781561047, 1147640.645580298500136 ], [ 4063263.542942432686687, 1147640.645580298500136 ], [ 4063226.118425083812326, 1147640.645580298500136 ], [ 4063188.693907734937966, 1147640.645580298500136 ], [ 4063151.269390386063606, 1147640.645580298500136 ], [ 4063113.844873037189245, 1147640.645580298500136 ], [ 4063076.420355688314885, 1147640.645580298500136 ], [ 4063038.995838339440525, 1147640.645580298500136 ], [ 4063001.571320990566164, 1147640.645580298500136 ], [ 4062964.146803641691804, 1147640.645580298500136 ], [ 4062926.722286292817444, 1147640.645580298500136 ], [ 4062889.297768943943083, 1147640.645580298500136 ], [ 4062851.873251595068723, 1147640.645580298500136 ], [ 4062851.873251595068723, 1147678.070097647374496 ], [ 4062851.873251595068723, 1147715.494614996248856 ], [ 4062851.873251595068723, 1147752.919132345123217 ], [ 4062851.873251595068723, 1147790.343649693997577 ], [ 4062814.448734246194363, 1147790.343649693997577 ], [ 4062777.024216897320002, 1147790.343649693997577 ], [ 4062739.599699548445642, 1147790.343649693997577 ], [ 4062702.175182199571282, 1147790.343649693997577 ], [ 4062664.750664850696921, 1147790.343649693997577 ], [ 4062627.326147501822561, 1147790.343649693997577 ], [ 4062589.901630152948201, 1147790.343649693997577 ], [ 4062552.47711280407384, 1147790.343649693997577 ], [ 4062515.05259545519948, 1147790.343649693997577 ], [ 4062515.05259545519948, 1147827.768167042871937 ], [ 4062515.05259545519948, 1147865.192684391746297 ], [ 4062515.05259545519948, 1147902.617201740620658 ], [ 4062515.05259545519948, 1147940.041719089495018 ], [ 4062488.589465455152094, 1147966.504849089542404 ], [ 4062451.164948106277734, 1147966.504849089542404 ], [ 4062413.740430757403374, 1147966.504849089542404 ], [ 4062376.315913408529013, 1147966.504849089542404 ], [ 4062338.891396059654653, 1147966.504849089542404 ], [ 4062301.466878710780293, 1147966.504849089542404 ], [ 4062264.042361361905932, 1147966.504849089542404 ], [ 4062226.617844013031572, 1147966.504849089542404 ], [ 4062189.193326664157212, 1147966.504849089542404 ], [ 4062151.768809315282851, 1147966.504849089542404 ], [ 4062114.344291966408491, 1147966.504849089542404 ], [ 4062076.919774617534131, 1147966.504849089542404 ], [ 4062039.49525726865977, 1147966.504849089542404 ], [ 4062002.07073991978541, 1147966.504849089542404 ], [ 4061964.64622257091105, 1147966.504849089542404 ], [ 4061927.22170522203669, 1147966.504849089542404 ], [ 4061889.797187873162329, 1147966.504849089542404 ], [ 4061852.372670524287969, 1147966.504849089542404 ], [ 4061814.948153175413609, 1147966.504849089542404 ], [ 4061777.523635826539248, 1147966.504849089542404 ], [ 4061740.099118477664888, 1147966.504849089542404 ], [ 4061702.674601128790528, 1147966.504849089542404 ], [ 4061676.211471128743142, 1147940.041719089495018 ], [ 4061676.211471128743142, 1147902.617201740620658 ], [ 4061676.211471128743142, 1147865.192684391746297 ], [ 4061676.211471128743142, 1147827.768167042871937 ], [ 4061676.211471128743142, 1147790.343649693997577 ], [ 4061676.211471128743142, 1147752.919132345123217 ], [ 4061676.211471128743142, 1147715.494614996248856 ], [ 4061676.211471128743142, 1147678.070097647374496 ], [ 4061676.211471128743142, 1147640.645580298500136 ], [ 4061638.786953779868782, 1147640.645580298500136 ], [ 4061601.362436430994421, 1147640.645580298500136 ], [ 4061563.937919082120061, 1147640.645580298500136 ], [ 4061526.513401733245701, 1147640.645580298500136 ], [ 4061500.050271733198315, 1147614.18245029845275 ], [ 4061500.050271733198315, 1147576.75793294957839 ], [ 4061500.050271733198315, 1147539.333415600704029 ], [ 4061500.050271733198315, 1147501.908898251829669 ], [ 4061500.050271733198315, 1147464.484380902955309 ], [ 4061462.625754384323955, 1147464.484380902955309 ], [ 4061425.201237035449594, 1147464.484380902955309 ], [ 4061387.776719686575234, 1147464.484380902955309 ], [ 4061350.352202337700874, 1147464.484380902955309 ], [ 4061312.927684988826513, 1147464.484380902955309 ], [ 4061275.503167639952153, 1147464.484380902955309 ], [ 4061238.078650291077793, 1147464.484380902955309 ], [ 4061200.654132942203432, 1147464.484380902955309 ], [ 4061200.654132942203432, 1147427.059863554080948 ], [ 4061200.654132942203432, 1147389.635346205206588 ], [ 4061200.654132942203432, 1147352.210828856332228 ], [ 4061200.654132942203432, 1147314.786311507457867 ], [ 4061163.229615593329072, 1147314.786311507457867 ], [ 4061125.805098244454712, 1147314.786311507457867 ], [ 4061088.380580895580351, 1147314.786311507457867 ], [ 4061050.956063546705991, 1147314.786311507457867 ], [ 4061013.531546197831631, 1147314.786311507457867 ], [ 4061013.531546197831631, 1147277.361794158583507 ], [ 4061013.531546197831631, 1147239.937276809709147 ], [ 4061013.531546197831631, 1147202.512759460834786 ], [ 4061013.531546197831631, 1147165.088242111960426 ], [ 4061013.531546197831631, 1147127.663724763086066 ], [ 4060976.10702884895727, 1147127.663724763086066 ], [ 4060938.68251150008291, 1147127.663724763086066 ], [ 4060901.25799415120855, 1147127.663724763086066 ], [ 4060863.833476802334189, 1147127.663724763086066 ], [ 4060837.370346802286804, 1147101.20059476303868 ], [ 4060837.370346802286804, 1147063.77607741416432 ], [ 4060837.370346802286804, 1147026.351560065289959 ], [ 4060837.370346802286804, 1146988.927042716415599 ], [ 4060810.907216802239418, 1146962.463912716368213 ], [ 4060773.482699453365058, 1146962.463912716368213 ], [ 4060736.058182104490697, 1146962.463912716368213 ], [ 4060698.633664755616337, 1146962.463912716368213 ], [ 4060698.633664755616337, 1146925.039395367493853 ], [ 4060698.633664755616337, 1146887.614878018619493 ], [ 4060698.633664755616337, 1146850.190360669745132 ], [ 4060698.633664755616337, 1146812.765843320870772 ], [ 4060661.209147406741977, 1146812.765843320870772 ], [ 4060623.784630057867616, 1146812.765843320870772 ], [ 4060586.360112708993256, 1146812.765843320870772 ], [ 4060548.935595360118896, 1146812.765843320870772 ], [ 4060522.47246536007151, 1146786.302713320823386 ], [ 4060522.47246536007151, 1146748.878195971949026 ], [ 4060522.47246536007151, 1146711.453678623074666 ], [ 4060522.47246536007151, 1146674.029161274200305 ], [ 4060522.47246536007151, 1146636.604643925325945 ], [ 4060485.04794801119715, 1146636.604643925325945 ], [ 4060447.623430662322789, 1146636.604643925325945 ], [ 4060410.198913313448429, 1146636.604643925325945 ], [ 4060372.774395964574069, 1146636.604643925325945 ], [ 4060372.774395964574069, 1146599.180126576451585 ], [ 4060372.774395964574069, 1146561.755609227577224 ], [ 4060372.774395964574069, 1146524.331091878702864 ], [ 4060372.774395964574069, 1146486.906574529828504 ], [ 4060335.349878615699708, 1146486.906574529828504 ], [ 4060297.925361266825348, 1146486.906574529828504 ], [ 4060260.500843917950988, 1146486.906574529828504 ], [ 4060223.076326569076627, 1146486.906574529828504 ], [ 4060185.651809220202267, 1146486.906574529828504 ], [ 4060185.651809220202267, 1146449.482057180954143 ], [ 4060185.651809220202267, 1146412.057539832079783 ], [ 4060185.651809220202267, 1146374.633022483205423 ], [ 4060185.651809220202267, 1146337.208505134331062 ], [ 4060185.651809220202267, 1146299.783987785456702 ], [ 4060148.227291871327907, 1146299.783987785456702 ], [ 4060110.802774522453547, 1146299.783987785456702 ], [ 4060073.378257173579186, 1146299.783987785456702 ], [ 4060035.953739824704826, 1146299.783987785456702 ], [ 4060035.953739824704826, 1146262.359470436582342 ], [ 4060035.953739824704826, 1146224.934953087707981 ], [ 4060035.953739824704826, 1146187.510435738833621 ], [ 4060035.953739824704826, 1146150.085918389959261 ], [ 4059998.529222475830466, 1146150.085918389959261 ], [ 4059961.104705126956105, 1146150.085918389959261 ], [ 4059923.680187778081745, 1146150.085918389959261 ], [ 4059886.255670429207385, 1146150.085918389959261 ], [ 4059859.792540429159999, 1146123.622788389911875 ], [ 4059859.792540429159999, 1146086.198271041037515 ], [ 4059859.792540429159999, 1146048.773753692163154 ], [ 4059859.792540429159999, 1146011.349236343288794 ], [ 4059859.792540429159999, 1145973.924718994414434 ], [ 4059822.368023080285639, 1145973.924718994414434 ], [ 4059784.943505731411278, 1145973.924718994414434 ], [ 4059747.518988382536918, 1145973.924718994414434 ], [ 4059710.094471033662558, 1145973.924718994414434 ], [ 4059710.094471033662558, 1145936.500201645540074 ], [ 4059710.094471033662558, 1145899.075684296665713 ], [ 4059710.094471033662558, 1145861.651166947791353 ], [ 4059710.094471033662558, 1145824.226649598916993 ], [ 4059672.669953684788197, 1145824.226649598916993 ], [ 4059635.245436335913837, 1145824.226649598916993 ], [ 4059597.820918987039477, 1145824.226649598916993 ], [ 4059560.396401638165116, 1145824.226649598916993 ], [ 4059533.933271638117731, 1145797.763519598869607 ], [ 4059533.933271638117731, 1145760.339002249995247 ], [ 4059533.933271638117731, 1145722.914484901120886 ], [ 4059533.933271638117731, 1145685.489967552246526 ], [ 4059533.933271638117731, 1145648.065450203372166 ], [ 4059496.50875428924337, 1145648.065450203372166 ], [ 4059459.08423694036901, 1145648.065450203372166 ], [ 4059421.65971959149465, 1145648.065450203372166 ], [ 4059384.235202242620289, 1145648.065450203372166 ], [ 4059357.772072242572904, 1145621.60232020332478 ], [ 4059357.772072242572904, 1145584.17780285445042 ], [ 4059357.772072242572904, 1145546.753285505576059 ], [ 4059357.772072242572904, 1145509.328768156701699 ], [ 4059357.772072242572904, 1145471.904250807827339 ], [ 4059320.347554893698543, 1145471.904250807827339 ], [ 4059282.923037544824183, 1145471.904250807827339 ], [ 4059245.498520195949823, 1145471.904250807827339 ], [ 4059208.074002847075462, 1145471.904250807827339 ], [ 4059208.074002847075462, 1145434.479733458952978 ], [ 4059208.074002847075462, 1145397.055216110078618 ], [ 4059208.074002847075462, 1145359.630698761204258 ], [ 4059208.074002847075462, 1145322.206181412329897 ], [ 4059170.649485498201102, 1145322.206181412329897 ], [ 4059133.224968149326742, 1145322.206181412329897 ], [ 4059095.800450800452381, 1145322.206181412329897 ], [ 4059058.375933451578021, 1145322.206181412329897 ], [ 4059058.375933451578021, 1145284.781664063455537 ], [ 4059058.375933451578021, 1145247.357146714581177 ], [ 4059058.375933451578021, 1145209.932629365706816 ], [ 4059058.375933451578021, 1145172.508112016832456 ], [ 4059031.912803451530635, 1145146.04498201678507 ], [ 4058994.488286102656275, 1145146.04498201678507 ], [ 4058957.063768753781915, 1145146.04498201678507 ], [ 4058919.639251404907554, 1145146.04498201678507 ], [ 4058893.176121404860169, 1145119.581852016737685 ], [ 4058893.176121404860169, 1145082.157334667863324 ], [ 4058893.176121404860169, 1145044.732817318988964 ], [ 4058893.176121404860169, 1145007.308299970114604 ], [ 4058866.712991404812783, 1144980.845169970067218 ], [ 4058829.288474055938423, 1144980.845169970067218 ], [ 4058791.863956707064062, 1144980.845169970067218 ], [ 4058754.439439358189702, 1144980.845169970067218 ], [ 4058717.014922009315342, 1144980.845169970067218 ], [ 4058690.551792009267956, 1144954.382039970019832 ], [ 4058690.551792009267956, 1144916.957522621145472 ], [ 4058690.551792009267956, 1144879.533005272271112 ], [ 4058690.551792009267956, 1144842.108487923396751 ], [ 4058690.551792009267956, 1144804.683970574522391 ], [ 4058690.551792009267956, 1144767.259453225648031 ], [ 4058690.551792009267956, 1144729.83493587677367 ], [ 4058690.551792009267956, 1144692.41041852789931 ], [ 4058690.551792009267956, 1144654.98590117902495 ], [ 4058653.127274660393596, 1144654.98590117902495 ], [ 4058615.702757311519235, 1144654.98590117902495 ], [ 4058578.278239962644875, 1144654.98590117902495 ], [ 4058540.853722613770515, 1144654.98590117902495 ], [ 4058503.429205264896154, 1144654.98590117902495 ], [ 4058466.004687916021794, 1144654.98590117902495 ], [ 4058428.580170567147434, 1144654.98590117902495 ], [ 4058391.155653218273073, 1144654.98590117902495 ], [ 4058391.155653218273073, 1144617.561383830150589 ], [ 4058391.155653218273073, 1144580.136866481276229 ], [ 4058391.155653218273073, 1144542.712349132401869 ], [ 4058391.155653218273073, 1144505.287831783527508 ], [ 4058391.155653218273073, 1144467.863314434653148 ], [ 4058391.155653218273073, 1144430.438797085778788 ], [ 4058391.155653218273073, 1144393.014279736904427 ], [ 4058391.155653218273073, 1144355.589762388030067 ], [ 4058391.155653218273073, 1144318.165245039155707 ], [ 4058353.731135869398713, 1144318.165245039155707 ], [ 4058316.306618520524353, 1144318.165245039155707 ], [ 4058278.882101171649992, 1144318.165245039155707 ], [ 4058241.457583822775632, 1144318.165245039155707 ], [ 4058214.994453822728246, 1144291.702115039108321 ], [ 4058214.994453822728246, 1144254.277597690233961 ], [ 4058214.994453822728246, 1144216.8530803413596 ], [ 4058214.994453822728246, 1144179.42856299248524 ], [ 4058214.994453822728246, 1144142.00404564361088 ], [ 4058214.994453822728246, 1144104.579528294736519 ], [ 4058214.994453822728246, 1144067.155010945862159 ], [ 4058214.994453822728246, 1144029.730493596987799 ], [ 4058214.994453822728246, 1143992.305976248113438 ], [ 4058214.994453822728246, 1143954.881458899239078 ], [ 4058214.994453822728246, 1143917.456941550364718 ], [ 4058214.994453822728246, 1143880.032424201490358 ], [ 4058214.994453822728246, 1143842.607906852615997 ], [ 4058188.531323822680861, 1143816.144776852568612 ], [ 4058151.1068064738065, 1143816.144776852568612 ], [ 4058113.68228912493214, 1143816.144776852568612 ], [ 4058076.25777177605778, 1143816.144776852568612 ], [ 4058076.25777177605778, 1143778.720259503694251 ], [ 4058076.25777177605778, 1143741.295742154819891 ], [ 4058076.25777177605778, 1143703.871224805945531 ], [ 4058076.25777177605778, 1143666.44670745707117 ], [ 4058076.25777177605778, 1143629.02219010819681 ], [ 4058076.25777177605778, 1143591.59767275932245 ], [ 4058076.25777177605778, 1143554.173155410448089 ], [ 4058076.25777177605778, 1143516.748638061573729 ], [ 4058049.794641776010394, 1143490.285508061526343 ], [ 4058012.370124427136034, 1143490.285508061526343 ], [ 4057974.945607078261673, 1143490.285508061526343 ], [ 4057937.521089729387313, 1143490.285508061526343 ], [ 4057900.096572380512953, 1143490.285508061526343 ], [ 4057862.672055031638592, 1143490.285508061526343 ], [ 4057825.247537682764232, 1143490.285508061526343 ], [ 4057787.823020333889872, 1143490.285508061526343 ], [ 4057750.398502985015512, 1143490.285508061526343 ], [ 4057723.935372984968126, 1143463.822378061478958 ], [ 4057723.935372984968126, 1143426.397860712604597 ], [ 4057723.935372984968126, 1143388.973343363730237 ], [ 4057723.935372984968126, 1143351.548826014855877 ], [ 4057723.935372984968126, 1143314.124308665981516 ], [ 4057723.935372984968126, 1143276.699791317107156 ], [ 4057723.935372984968126, 1143239.275273968232796 ], [ 4057723.935372984968126, 1143201.850756619358435 ], [ 4057723.935372984968126, 1143164.426239270484075 ], [ 4057686.510855636093765, 1143164.426239270484075 ], [ 4057649.086338287219405, 1143164.426239270484075 ], [ 4057611.661820938345045, 1143164.426239270484075 ], [ 4057574.237303589470685, 1143164.426239270484075 ], [ 4057574.237303589470685, 1143127.001721921609715 ], [ 4057574.237303589470685, 1143089.577204572735354 ], [ 4057574.237303589470685, 1143052.152687223860994 ], [ 4057574.237303589470685, 1143014.728169874986634 ], [ 4057536.812786240596324, 1143014.728169874986634 ], [ 4057499.388268891721964, 1143014.728169874986634 ], [ 4057461.963751542847604, 1143014.728169874986634 ], [ 4057424.539234193973243, 1143014.728169874986634 ], [ 4057398.076104193925858, 1142988.265039874939248 ], [ 4057398.076104193925858, 1142950.840522526064888 ], [ 4057398.076104193925858, 1142913.416005177190527 ], [ 4057398.076104193925858, 1142875.991487828316167 ], [ 4057398.076104193925858, 1142838.566970479441807 ], [ 4057398.076104193925858, 1142801.142453130567446 ], [ 4057398.076104193925858, 1142763.717935781693086 ], [ 4057398.076104193925858, 1142726.293418432818726 ], [ 4057398.076104193925858, 1142688.868901083944365 ], [ 4057371.612974193878472, 1142662.40577108389698 ], [ 4057334.188456845004112, 1142662.40577108389698 ], [ 4057296.763939496129751, 1142662.40577108389698 ], [ 4057259.339422147255391, 1142662.40577108389698 ], [ 4057221.914904798381031, 1142662.40577108389698 ], [ 4057221.914904798381031, 1142624.981253735022619 ], [ 4057221.914904798381031, 1142587.556736386148259 ], [ 4057221.914904798381031, 1142550.132219037273899 ], [ 4057221.914904798381031, 1142512.707701688399538 ], [ 4057221.914904798381031, 1142475.283184339525178 ], [ 4057221.914904798381031, 1142437.858666990650818 ], [ 4057221.914904798381031, 1142400.434149641776457 ], [ 4057221.914904798381031, 1142363.009632292902097 ], [ 4057195.451774798333645, 1142336.546502292854711 ], [ 4057158.027257449459285, 1142336.546502292854711 ], [ 4057120.602740100584924, 1142336.546502292854711 ], [ 4057083.178222751710564, 1142336.546502292854711 ], [ 4057056.715092751663178, 1142310.083372292807326 ], [ 4057056.715092751663178, 1142272.658854943932965 ], [ 4057056.715092751663178, 1142235.234337595058605 ], [ 4057056.715092751663178, 1142197.809820246184245 ], [ 4057056.715092751663178, 1142160.385302897309884 ], [ 4057056.715092751663178, 1142122.960785548435524 ], [ 4057056.715092751663178, 1142085.536268199561164 ], [ 4057056.715092751663178, 1142048.111750850686803 ], [ 4057056.715092751663178, 1142010.687233501812443 ], [ 4057019.290575402788818, 1142010.687233501812443 ], [ 4056981.866058053914458, 1142010.687233501812443 ], [ 4056944.441540705040097, 1142010.687233501812443 ], [ 4056907.017023356165737, 1142010.687233501812443 ], [ 4056907.017023356165737, 1141973.262716152938083 ], [ 4056907.017023356165737, 1141935.838198804063722 ], [ 4056907.017023356165737, 1141898.413681455189362 ], [ 4056907.017023356165737, 1141860.989164106315002 ], [ 4056880.553893356118351, 1141834.526034106267616 ], [ 4056843.129376007243991, 1141834.526034106267616 ], [ 4056805.704858658369631, 1141834.526034106267616 ], [ 4056768.28034130949527, 1141834.526034106267616 ], [ 4056741.817211309447885, 1141808.06290410622023 ], [ 4056741.817211309447885, 1141770.63838675734587 ], [ 4056741.817211309447885, 1141733.21386940847151 ], [ 4056741.817211309447885, 1141695.789352059597149 ], [ 4056715.354081309400499, 1141669.326222059549764 ], [ 4056677.929563960526139, 1141669.326222059549764 ], [ 4056640.505046611651778, 1141669.326222059549764 ], [ 4056603.080529262777418, 1141669.326222059549764 ], [ 4056576.617399262730032, 1141642.863092059502378 ], [ 4056576.617399262730032, 1141605.438574710628018 ], [ 4056576.617399262730032, 1141568.014057361753657 ], [ 4056576.617399262730032, 1141530.589540012879297 ], [ 4056550.154269262682647, 1141504.126410012831911 ], [ 4056512.729751913808286, 1141504.126410012831911 ], [ 4056475.305234564933926, 1141504.126410012831911 ], [ 4056437.880717216059566, 1141504.126410012831911 ], [ 4056411.41758721601218, 1141477.663280012784526 ], [ 4056411.41758721601218, 1141440.238762663910165 ], [ 4056411.41758721601218, 1141402.814245315035805 ], [ 4056411.41758721601218, 1141365.389727966161445 ], [ 4056384.954457215964794, 1141338.926597966114059 ], [ 4056347.529939867090434, 1141338.926597966114059 ], [ 4056310.105422518216074, 1141338.926597966114059 ], [ 4056272.680905169341713, 1141338.926597966114059 ], [ 4056246.217775169294327, 1141312.463467966066673 ], [ 4056246.217775169294327, 1141275.038950617192313 ], [ 4056246.217775169294327, 1141237.614433268317953 ], [ 4056246.217775169294327, 1141200.189915919443592 ], [ 4056219.754645169246942, 1141173.726785919396207 ], [ 4056182.330127820372581, 1141173.726785919396207 ], [ 4056144.905610471498221, 1141173.726785919396207 ], [ 4056107.481093122623861, 1141173.726785919396207 ], [ 4056081.017963122576475, 1141147.263655919348821 ], [ 4056081.017963122576475, 1141109.839138570474461 ], [ 4056081.017963122576475, 1141072.4146212216001 ], [ 4056081.017963122576475, 1141034.99010387272574 ], [ 4056054.554833122529089, 1141008.526973872678354 ], [ 4056017.130315773654729, 1141008.526973872678354 ], [ 4055979.705798424780369, 1141008.526973872678354 ], [ 4055942.281281075906008, 1141008.526973872678354 ], [ 4055915.818151075858623, 1140982.063843872630969 ], [ 4055915.818151075858623, 1140944.639326523756608 ], [ 4055915.818151075858623, 1140907.214809174882248 ], [ 4055915.818151075858623, 1140869.790291826007888 ], [ 4055889.355021075811237, 1140843.327161825960502 ], [ 4055851.930503726936877, 1140843.327161825960502 ], [ 4055814.505986378062516, 1140843.327161825960502 ], [ 4055777.081469029188156, 1140843.327161825960502 ], [ 4055739.656951680313796, 1140843.327161825960502 ], [ 4055702.232434331439435, 1140843.327161825960502 ], [ 4055664.807916982565075, 1140843.327161825960502 ], [ 4055627.383399633690715, 1140843.327161825960502 ], [ 4055589.958882284816355, 1140843.327161825960502 ], [ 4055589.958882284816355, 1140805.902644477086142 ], [ 4055589.958882284816355, 1140768.478127128211781 ], [ 4055589.958882284816355, 1140731.053609779337421 ], [ 4055589.958882284816355, 1140693.629092430463061 ], [ 4055552.534364935941994, 1140693.629092430463061 ], [ 4055515.109847587067634, 1140693.629092430463061 ], [ 4055477.685330238193274, 1140693.629092430463061 ], [ 4055440.260812889318913, 1140693.629092430463061 ], [ 4055413.797682889271528, 1140667.165962430415675 ], [ 4055413.797682889271528, 1140629.741445081541315 ], [ 4055413.797682889271528, 1140592.316927732666954 ], [ 4055413.797682889271528, 1140554.892410383792594 ], [ 4055413.797682889271528, 1140517.467893034918234 ], [ 4055413.797682889271528, 1140480.043375686043873 ], [ 4055413.797682889271528, 1140442.618858337169513 ], [ 4055413.797682889271528, 1140405.194340988295153 ], [ 4055413.797682889271528, 1140367.769823639420792 ], [ 4055376.373165540397167, 1140367.769823639420792 ], [ 4055338.948648191522807, 1140367.769823639420792 ], [ 4055301.524130842648447, 1140367.769823639420792 ], [ 4055264.099613493774086, 1140367.769823639420792 ], [ 4055226.675096144899726, 1140367.769823639420792 ], [ 4055189.250578796025366, 1140367.769823639420792 ], [ 4055151.826061447151005, 1140367.769823639420792 ], [ 4055114.401544098276645, 1140367.769823639420792 ], [ 4055114.401544098276645, 1140330.345306290546432 ], [ 4055114.401544098276645, 1140292.920788941672072 ], [ 4055114.401544098276645, 1140255.496271592797711 ], [ 4055114.401544098276645, 1140218.071754243923351 ], [ 4055114.401544098276645, 1140180.647236895048991 ], [ 4055114.401544098276645, 1140143.222719546174631 ], [ 4055114.401544098276645, 1140105.79820219730027 ], [ 4055114.401544098276645, 1140068.37368484842591 ], [ 4055114.401544098276645, 1140030.94916749955155 ], [ 4055076.977026749402285, 1140030.94916749955155 ], [ 4055039.552509400527924, 1140030.94916749955155 ], [ 4055002.127992051653564, 1140030.94916749955155 ], [ 4054964.703474702779204, 1140030.94916749955155 ], [ 4054927.278957353904843, 1140030.94916749955155 ], [ 4054927.278957353904843, 1139993.524650150677189 ], [ 4054927.278957353904843, 1139956.100132801802829 ], [ 4054927.278957353904843, 1139918.675615452928469 ], [ 4054927.278957353904843, 1139881.251098104054108 ], [ 4054900.815827353857458, 1139854.787968104006723 ], [ 4054863.391310004983097, 1139854.787968104006723 ], [ 4054825.966792656108737, 1139854.787968104006723 ], [ 4054788.542275307234377, 1139854.787968104006723 ], [ 4054762.079145307186991, 1139828.324838103959337 ], [ 4054762.079145307186991, 1139790.900320755084977 ], [ 4054762.079145307186991, 1139753.475803406210616 ], [ 4054762.079145307186991, 1139716.051286057336256 ], [ 4054735.616015307139605, 1139689.58815605728887 ], [ 4054698.191497958265245, 1139689.58815605728887 ], [ 4054660.766980609390885, 1139689.58815605728887 ], [ 4054623.342463260516524, 1139689.58815605728887 ], [ 4054585.917945911642164, 1139689.58815605728887 ], [ 4054548.493428562767804, 1139689.58815605728887 ], [ 4054511.068911213893443, 1139689.58815605728887 ], [ 4054473.644393865019083, 1139689.58815605728887 ], [ 4054447.181263864971697, 1139663.125026057241485 ], [ 4054447.181263864971697, 1139625.700508708367124 ], [ 4054447.181263864971697, 1139588.275991359492764 ], [ 4054447.181263864971697, 1139550.851474010618404 ], [ 4054420.718133864924312, 1139524.388344010571018 ], [ 4054383.293616516049951, 1139524.388344010571018 ], [ 4054345.869099167175591, 1139524.388344010571018 ], [ 4054308.444581818301231, 1139524.388344010571018 ], [ 4054281.981451818253845, 1139497.925214010523632 ], [ 4054281.981451818253845, 1139460.500696661649272 ], [ 4054281.981451818253845, 1139423.076179312774912 ], [ 4054281.981451818253845, 1139385.651661963900551 ], [ 4054281.981451818253845, 1139348.227144615026191 ], [ 4054281.981451818253845, 1139310.802627266151831 ], [ 4054281.981451818253845, 1139273.37810991727747 ], [ 4054281.981451818253845, 1139235.95359256840311 ], [ 4054281.981451818253845, 1139198.52907521952875 ], [ 4054244.556934469379485, 1139198.52907521952875 ], [ 4054207.132417120505124, 1139198.52907521952875 ], [ 4054169.707899771630764, 1139198.52907521952875 ], [ 4054132.283382422756404, 1139198.52907521952875 ], [ 4054094.858865073882043, 1139198.52907521952875 ], [ 4054057.434347725007683, 1139198.52907521952875 ], [ 4054020.009830376133323, 1139198.52907521952875 ], [ 4053982.585313027258962, 1139198.52907521952875 ], [ 4053945.160795678384602, 1139198.52907521952875 ], [ 4053945.160795678384602, 1139161.104557870654389 ], [ 4053945.160795678384602, 1139123.680040521780029 ], [ 4053945.160795678384602, 1139086.255523172905669 ], [ 4053945.160795678384602, 1139048.831005824031308 ], [ 4053918.697665678337216, 1139022.367875823983923 ], [ 4053881.273148329462856, 1139022.367875823983923 ], [ 4053843.848630980588496, 1139022.367875823983923 ], [ 4053806.424113631714135, 1139022.367875823983923 ], [ 4053779.96098363166675, 1138995.904745823936537 ], [ 4053779.96098363166675, 1138958.480228475062177 ], [ 4053779.96098363166675, 1138921.055711126187816 ], [ 4053779.96098363166675, 1138883.631193777313456 ], [ 4053753.497853631619364, 1138857.16806377726607 ], [ 4053716.073336282745004, 1138857.16806377726607 ], [ 4053678.648818933870643, 1138857.16806377726607 ], [ 4053641.224301584996283, 1138857.16806377726607 ], [ 4053614.761171584948897, 1138830.704933777218685 ], [ 4053614.761171584948897, 1138793.280416428344324 ], [ 4053614.761171584948897, 1138755.855899079469964 ], [ 4053614.761171584948897, 1138718.431381730595604 ], [ 4053588.298041584901512, 1138691.968251730548218 ], [ 4053550.873524236027151, 1138691.968251730548218 ], [ 4053513.449006887152791, 1138691.968251730548218 ], [ 4053476.024489538278431, 1138691.968251730548218 ], [ 4053438.59997218940407, 1138691.968251730548218 ], [ 4053401.17545484052971, 1138691.968251730548218 ], [ 4053363.75093749165535, 1138691.968251730548218 ], [ 4053326.326420142780989, 1138691.968251730548218 ], [ 4053288.901902793906629, 1138691.968251730548218 ], [ 4053288.901902793906629, 1138654.543734381673858 ], [ 4053288.901902793906629, 1138617.119217032799497 ], [ 4053288.901902793906629, 1138579.694699683925137 ], [ 4053288.901902793906629, 1138542.270182335050777 ], [ 4053251.477385445032269, 1138542.270182335050777 ], [ 4053214.052868096157908, 1138542.270182335050777 ], [ 4053176.628350747283548, 1138542.270182335050777 ], [ 4053139.203833398409188, 1138542.270182335050777 ], [ 4053112.740703398361802, 1138515.807052335003391 ], [ 4053112.740703398361802, 1138478.382534986129031 ], [ 4053112.740703398361802, 1138440.95801763725467 ], [ 4053112.740703398361802, 1138403.53350028838031 ], [ 4053112.740703398361802, 1138366.10898293950595 ], [ 4053075.316186049487442, 1138366.10898293950595 ], [ 4053037.891668700613081, 1138366.10898293950595 ], [ 4053000.467151351738721, 1138366.10898293950595 ], [ 4052963.042634002864361, 1138366.10898293950595 ], [ 4052925.61811665399, 1138366.10898293950595 ], [ 4052888.19359930511564, 1138366.10898293950595 ], [ 4052850.76908195624128, 1138366.10898293950595 ], [ 4052813.34456460736692, 1138366.10898293950595 ], [ 4052786.881434607319534, 1138339.645852939458564 ], [ 4052786.881434607319534, 1138302.221335590584204 ], [ 4052786.881434607319534, 1138264.796818241709843 ], [ 4052786.881434607319534, 1138227.372300892835483 ], [ 4052760.418304607272148, 1138200.909170892788097 ], [ 4052722.993787258397788, 1138200.909170892788097 ], [ 4052685.569269909523427, 1138200.909170892788097 ], [ 4052648.144752560649067, 1138200.909170892788097 ], [ 4052610.720235211774707, 1138200.909170892788097 ], [ 4052573.295717862900347, 1138200.909170892788097 ], [ 4052535.871200514025986, 1138200.909170892788097 ], [ 4052498.446683165151626, 1138200.909170892788097 ], [ 4052461.022165816277266, 1138200.909170892788097 ], [ 4052461.022165816277266, 1138163.484653543913737 ], [ 4052461.022165816277266, 1138126.060136195039377 ], [ 4052461.022165816277266, 1138088.635618846165016 ], [ 4052461.022165816277266, 1138051.211101497290656 ], [ 4052423.597648467402905, 1138051.211101497290656 ], [ 4052386.173131118528545, 1138051.211101497290656 ], [ 4052348.748613769654185, 1138051.211101497290656 ], [ 4052311.324096420779824, 1138051.211101497290656 ], [ 4052273.899579071905464, 1138051.211101497290656 ], [ 4052236.475061723031104, 1138051.211101497290656 ], [ 4052199.050544374156743, 1138051.211101497290656 ], [ 4052161.626027025282383, 1138051.211101497290656 ], [ 4052135.162897025234997, 1138024.74797149724327 ], [ 4052135.162897025234997, 1137987.32345414836891 ], [ 4052135.162897025234997, 1137949.89893679949455 ], [ 4052135.162897025234997, 1137912.474419450620189 ], [ 4052135.162897025234997, 1137875.049902101745829 ], [ 4052135.162897025234997, 1137837.625384752871469 ], [ 4052135.162897025234997, 1137800.200867403997108 ], [ 4052135.162897025234997, 1137762.776350055122748 ], [ 4052135.162897025234997, 1137725.351832706248388 ], [ 4052108.699767025187612, 1137698.888702706201002 ], [ 4052071.275249676313251, 1137698.888702706201002 ], [ 4052033.850732327438891, 1137698.888702706201002 ], [ 4051996.426214978564531, 1137698.888702706201002 ], [ 4051959.00169762969017, 1137698.888702706201002 ], [ 4051921.57718028081581, 1137698.888702706201002 ], [ 4051884.15266293194145, 1137698.888702706201002 ], [ 4051846.728145583067089, 1137698.888702706201002 ], [ 4051809.303628234192729, 1137698.888702706201002 ], [ 4051782.840498234145343, 1137672.425572706153616 ], [ 4051782.840498234145343, 1137635.001055357279256 ], [ 4051782.840498234145343, 1137597.576538008404896 ], [ 4051782.840498234145343, 1137560.152020659530535 ], [ 4051756.377368234097958, 1137533.68889065948315 ], [ 4051718.952850885223597, 1137533.68889065948315 ], [ 4051681.528333536349237, 1137533.68889065948315 ], [ 4051644.103816187474877, 1137533.68889065948315 ], [ 4051644.103816187474877, 1137496.264373310608789 ], [ 4051644.103816187474877, 1137458.839855961734429 ], [ 4051644.103816187474877, 1137421.415338612860069 ], [ 4051644.103816187474877, 1137383.990821263985708 ], [ 4051606.679298838600516, 1137383.990821263985708 ], [ 4051569.254781489726156, 1137383.990821263985708 ], [ 4051531.830264140851796, 1137383.990821263985708 ], [ 4051494.405746791977435, 1137383.990821263985708 ], [ 4051456.981229443103075, 1137383.990821263985708 ], [ 4051419.556712094228715, 1137383.990821263985708 ], [ 4051382.132194745354354, 1137383.990821263985708 ], [ 4051344.707677396479994, 1137383.990821263985708 ], [ 4051318.244547396432608, 1137357.527691263938323 ], [ 4051318.244547396432608, 1137320.103173915063962 ], [ 4051318.244547396432608, 1137282.678656566189602 ], [ 4051318.244547396432608, 1137245.254139217315242 ], [ 4051318.244547396432608, 1137207.829621868440881 ], [ 4051280.820030047558248, 1137207.829621868440881 ], [ 4051243.395512698683888, 1137207.829621868440881 ], [ 4051205.970995349809527, 1137207.829621868440881 ], [ 4051168.546478000935167, 1137207.829621868440881 ], [ 4051131.121960652060807, 1137207.829621868440881 ], [ 4051093.697443303186446, 1137207.829621868440881 ], [ 4051056.272925954312086, 1137207.829621868440881 ], [ 4051018.848408605437726, 1137207.829621868440881 ], [ 4050981.423891256563365, 1137207.829621868440881 ], [ 4050981.423891256563365, 1137170.405104519566521 ], [ 4050981.423891256563365, 1137132.980587170692161 ], [ 4050981.423891256563365, 1137095.5560698218178 ], [ 4050981.423891256563365, 1137058.13155247294344 ], [ 4050943.999373907689005, 1137058.13155247294344 ], [ 4050906.574856558814645, 1137058.13155247294344 ], [ 4050869.150339209940284, 1137058.13155247294344 ], [ 4050831.725821861065924, 1137058.13155247294344 ], [ 4050794.301304512191564, 1137058.13155247294344 ], [ 4050756.876787163317204, 1137058.13155247294344 ], [ 4050719.452269814442843, 1137058.13155247294344 ], [ 4050682.027752465568483, 1137058.13155247294344 ], [ 4050655.564622465521097, 1137031.668422472896054 ], [ 4050655.564622465521097, 1136994.243905124021694 ], [ 4050655.564622465521097, 1136956.819387775147334 ], [ 4050655.564622465521097, 1136919.394870426272973 ], [ 4050655.564622465521097, 1136881.970353077398613 ], [ 4050655.564622465521097, 1136844.545835728524253 ], [ 4050655.564622465521097, 1136807.121318379649892 ], [ 4050655.564622465521097, 1136769.696801030775532 ], [ 4050655.564622465521097, 1136732.272283681901172 ], [ 4050629.101492465473711, 1136705.809153681853786 ], [ 4050591.676975116599351, 1136705.809153681853786 ], [ 4050554.252457767724991, 1136705.809153681853786 ], [ 4050516.827940418850631, 1136705.809153681853786 ], [ 4050479.40342306997627, 1136705.809153681853786 ], [ 4050441.97890572110191, 1136705.809153681853786 ], [ 4050404.55438837222755, 1136705.809153681853786 ], [ 4050367.129871023353189, 1136705.809153681853786 ], [ 4050340.666741023305804, 1136679.3460236818064 ], [ 4050340.666741023305804, 1136641.92150633293204 ], [ 4050340.666741023305804, 1136604.49698898405768 ], [ 4050340.666741023305804, 1136567.072471635183319 ], [ 4050314.203611023258418, 1136540.609341635135934 ], [ 4050276.779093674384058, 1136540.609341635135934 ], [ 4050239.354576325509697, 1136540.609341635135934 ], [ 4050201.930058976635337, 1136540.609341635135934 ], [ 4050164.505541627760977, 1136540.609341635135934 ], [ 4050127.081024278886616, 1136540.609341635135934 ], [ 4050089.656506930012256, 1136540.609341635135934 ], [ 4050052.231989581137896, 1136540.609341635135934 ], [ 4050014.807472232263535, 1136540.609341635135934 ], [ 4049988.34434223221615, 1136514.146211635088548 ], [ 4049988.34434223221615, 1136476.721694286214188 ], [ 4049988.34434223221615, 1136439.297176937339827 ], [ 4049988.34434223221615, 1136401.872659588465467 ], [ 4049961.881212232168764, 1136375.409529588418081 ], [ 4049924.456694883294404, 1136375.409529588418081 ], [ 4049887.032177534420043, 1136375.409529588418081 ], [ 4049849.607660185545683, 1136375.409529588418081 ], [ 4049823.144530185498297, 1136348.946399588370696 ], [ 4049823.144530185498297, 1136311.521882239496335 ], [ 4049823.144530185498297, 1136274.097364890621975 ], [ 4049823.144530185498297, 1136236.672847541747615 ], [ 4049796.681400185450912, 1136210.209717541700229 ], [ 4049759.256882836576551, 1136210.209717541700229 ], [ 4049721.832365487702191, 1136210.209717541700229 ], [ 4049684.407848138827831, 1136210.209717541700229 ], [ 4049646.98333078995347, 1136210.209717541700229 ], [ 4049609.55881344107911, 1136210.209717541700229 ], [ 4049572.13429609220475, 1136210.209717541700229 ], [ 4049534.709778743330389, 1136210.209717541700229 ], [ 4049497.285261394456029, 1136210.209717541700229 ], [ 4049497.285261394456029, 1136172.785200192825869 ], [ 4049497.285261394456029, 1136135.360682843951508 ], [ 4049497.285261394456029, 1136097.936165495077148 ], [ 4049497.285261394456029, 1136060.511648146202788 ], [ 4049459.860744045581669, 1136060.511648146202788 ], [ 4049422.436226696707308, 1136060.511648146202788 ], [ 4049385.011709347832948, 1136060.511648146202788 ], [ 4049347.587191998958588, 1136060.511648146202788 ], [ 4049310.162674650084227, 1136060.511648146202788 ], [ 4049272.738157301209867, 1136060.511648146202788 ], [ 4049235.313639952335507, 1136060.511648146202788 ], [ 4049197.889122603461146, 1136060.511648146202788 ], [ 4049171.425992603413761, 1136034.048518146155402 ], [ 4049171.425992603413761, 1135996.624000797281042 ], [ 4049171.425992603413761, 1135959.199483448406681 ], [ 4049171.425992603413761, 1135921.774966099532321 ], [ 4049171.425992603413761, 1135884.350448750657961 ], [ 4049134.0014752545394, 1135884.350448750657961 ], [ 4049096.57695790566504, 1135884.350448750657961 ], [ 4049059.15244055679068, 1135884.350448750657961 ], [ 4049021.727923207916319, 1135884.350448750657961 ], [ 4048984.303405859041959, 1135884.350448750657961 ], [ 4048946.878888510167599, 1135884.350448750657961 ], [ 4048909.454371161293238, 1135884.350448750657961 ], [ 4048872.029853812418878, 1135884.350448750657961 ], [ 4048845.566723812371492, 1135857.887318750610575 ], [ 4048845.566723812371492, 1135820.462801401736215 ], [ 4048845.566723812371492, 1135783.038284052861854 ], [ 4048845.566723812371492, 1135745.613766703987494 ], [ 4048819.103593812324107, 1135719.150636703940108 ], [ 4048781.679076463449746, 1135719.150636703940108 ], [ 4048744.254559114575386, 1135719.150636703940108 ], [ 4048706.830041765701026, 1135719.150636703940108 ], [ 4048669.405524416826665, 1135719.150636703940108 ], [ 4048631.981007067952305, 1135719.150636703940108 ], [ 4048594.556489719077945, 1135719.150636703940108 ], [ 4048557.131972370203584, 1135719.150636703940108 ], [ 4048519.707455021329224, 1135719.150636703940108 ], [ 4048482.282937672454864, 1135719.150636703940108 ], [ 4048444.858420323580503, 1135719.150636703940108 ], [ 4048407.433902974706143, 1135719.150636703940108 ], [ 4048370.009385625831783, 1135719.150636703940108 ], [ 4048343.546255625784397, 1135692.687506703892723 ], [ 4048343.546255625784397, 1135655.262989355018362 ], [ 4048343.546255625784397, 1135617.838472006144002 ], [ 4048343.546255625784397, 1135580.413954657269642 ], [ 4048317.083125625737011, 1135553.950824657222256 ], [ 4048279.658608276862651, 1135553.950824657222256 ], [ 4048242.234090927988291, 1135553.950824657222256 ], [ 4048204.80957357911393, 1135553.950824657222256 ], [ 4048167.38505623023957, 1135553.950824657222256 ], [ 4048129.96053888136521, 1135553.950824657222256 ], [ 4048092.536021532490849, 1135553.950824657222256 ], [ 4048055.111504183616489, 1135553.950824657222256 ], [ 4048017.686986834742129, 1135553.950824657222256 ], [ 4047980.262469485867769, 1135553.950824657222256 ], [ 4047942.837952136993408, 1135553.950824657222256 ], [ 4047905.413434788119048, 1135553.950824657222256 ], [ 4047867.988917439244688, 1135553.950824657222256 ], [ 4047841.525787439197302, 1135527.48769465717487 ], [ 4047841.525787439197302, 1135490.06317730830051 ], [ 4047841.525787439197302, 1135452.63865995942615 ], [ 4047841.525787439197302, 1135415.214142610551789 ], [ 4047815.062657439149916, 1135388.751012610504404 ], [ 4047777.638140090275556, 1135388.751012610504404 ], [ 4047740.213622741401196, 1135388.751012610504404 ], [ 4047702.789105392526835, 1135388.751012610504404 ], [ 4047702.789105392526835, 1135351.326495261630043 ], [ 4047702.789105392526835, 1135313.901977912755683 ], [ 4047702.789105392526835, 1135276.477460563881323 ], [ 4047702.789105392526835, 1135239.052943215006962 ], [ 4047665.364588043652475, 1135239.052943215006962 ], [ 4047627.940070694778115, 1135239.052943215006962 ], [ 4047590.515553345903754, 1135239.052943215006962 ], [ 4047553.091035997029394, 1135239.052943215006962 ], [ 4047515.666518648155034, 1135239.052943215006962 ], [ 4047478.242001299280673, 1135239.052943215006962 ], [ 4047440.817483950406313, 1135239.052943215006962 ], [ 4047403.392966601531953, 1135239.052943215006962 ], [ 4047376.929836601484567, 1135212.589813214959577 ], [ 4047376.929836601484567, 1135175.165295866085216 ], [ 4047376.929836601484567, 1135137.740778517210856 ], [ 4047376.929836601484567, 1135100.316261168336496 ], [ 4047376.929836601484567, 1135062.891743819462135 ], [ 4047339.505319252610207, 1135062.891743819462135 ], [ 4047302.080801903735846, 1135062.891743819462135 ], [ 4047264.656284554861486, 1135062.891743819462135 ], [ 4047227.231767205987126, 1135062.891743819462135 ], [ 4047189.807249857112765, 1135062.891743819462135 ], [ 4047152.382732508238405, 1135062.891743819462135 ], [ 4047114.958215159364045, 1135062.891743819462135 ], [ 4047077.533697810489684, 1135062.891743819462135 ], [ 4047040.109180461615324, 1135062.891743819462135 ], [ 4047002.684663112740964, 1135062.891743819462135 ], [ 4046965.260145763866603, 1135062.891743819462135 ], [ 4046927.835628414992243, 1135062.891743819462135 ], [ 4046890.411111066117883, 1135062.891743819462135 ], [ 4046863.947981066070497, 1135036.42861381941475 ], [ 4046863.947981066070497, 1134999.004096470540389 ], [ 4046863.947981066070497, 1134961.579579121666029 ], [ 4046863.947981066070497, 1134924.155061772791669 ], [ 4046863.947981066070497, 1134886.730544423917308 ], [ 4046826.523463717196137, 1134886.730544423917308 ], [ 4046789.098946368321776, 1134886.730544423917308 ], [ 4046751.674429019447416, 1134886.730544423917308 ], [ 4046714.249911670573056, 1134886.730544423917308 ], [ 4046676.825394321698695, 1134886.730544423917308 ], [ 4046639.400876972824335, 1134886.730544423917308 ], [ 4046601.976359623949975, 1134886.730544423917308 ], [ 4046564.551842275075614, 1134886.730544423917308 ], [ 4046527.127324926201254, 1134886.730544423917308 ], [ 4046489.702807577326894, 1134886.730544423917308 ], [ 4046452.278290228452533, 1134886.730544423917308 ], [ 4046414.853772879578173, 1134886.730544423917308 ], [ 4046377.429255530703813, 1134886.730544423917308 ], [ 4046377.429255530703813, 1134849.306027075042948 ], [ 4046377.429255530703813, 1134811.881509726168588 ], [ 4046377.429255530703813, 1134774.456992377294227 ], [ 4046377.429255530703813, 1134737.032475028419867 ], [ 4046340.004738181829453, 1134737.032475028419867 ], [ 4046302.580220832955092, 1134737.032475028419867 ], [ 4046265.155703484080732, 1134737.032475028419867 ], [ 4046227.731186135206372, 1134737.032475028419867 ], [ 4046190.306668786332011, 1134737.032475028419867 ], [ 4046152.882151437457651, 1134737.032475028419867 ], [ 4046115.457634088583291, 1134737.032475028419867 ], [ 4046078.03311673970893, 1134737.032475028419867 ], [ 4046051.569986739661545, 1134710.569345028372481 ], [ 4046051.569986739661545, 1134673.144827679498121 ], [ 4046051.569986739661545, 1134635.720310330623761 ], [ 4046051.569986739661545, 1134598.2957929817494 ], [ 4046051.569986739661545, 1134560.87127563287504 ], [ 4046014.145469390787184, 1134560.87127563287504 ], [ 4045976.720952041912824, 1134560.87127563287504 ], [ 4045939.296434693038464, 1134560.87127563287504 ], [ 4045901.871917344164103, 1134560.87127563287504 ], [ 4045864.447399995289743, 1134560.87127563287504 ], [ 4045827.022882646415383, 1134560.87127563287504 ], [ 4045789.598365297541022, 1134560.87127563287504 ], [ 4045752.173847948666662, 1134560.87127563287504 ], [ 4045714.749330599792302, 1134560.87127563287504 ], [ 4045677.324813250917941, 1134560.87127563287504 ], [ 4045639.900295902043581, 1134560.87127563287504 ], [ 4045602.475778553169221, 1134560.87127563287504 ], [ 4045565.05126120429486, 1134560.87127563287504 ], [ 4045538.588131204247475, 1134534.408145632827654 ], [ 4045538.588131204247475, 1134496.983628283953294 ], [ 4045538.588131204247475, 1134459.559110935078934 ], [ 4045538.588131204247475, 1134422.134593586204574 ], [ 4045512.125001204200089, 1134395.671463586157188 ], [ 4045474.700483855325729, 1134395.671463586157188 ], [ 4045437.275966506451368, 1134395.671463586157188 ], [ 4045399.851449157577008, 1134395.671463586157188 ], [ 4045399.851449157577008, 1134358.246946237282827 ], [ 4045399.851449157577008, 1134320.822428888408467 ], [ 4045399.851449157577008, 1134283.397911539534107 ], [ 4045399.851449157577008, 1134245.973394190659747 ], [ 4045362.426931808702648, 1134245.973394190659747 ], [ 4045325.002414459828287, 1134245.973394190659747 ], [ 4045287.577897110953927, 1134245.973394190659747 ], [ 4045250.153379762079567, 1134245.973394190659747 ], [ 4045212.728862413205206, 1134245.973394190659747 ], [ 4045175.304345064330846, 1134245.973394190659747 ], [ 4045137.879827715456486, 1134245.973394190659747 ], [ 4045100.455310366582125, 1134245.973394190659747 ], [ 4045063.030793017707765, 1134245.973394190659747 ], [ 4045025.606275668833405, 1134245.973394190659747 ], [ 4044988.181758319959044, 1134245.973394190659747 ], [ 4044950.757240971084684, 1134245.973394190659747 ], [ 4044913.332723622210324, 1134245.973394190659747 ], [ 4044886.869593622162938, 1134219.510264190612361 ], [ 4044886.869593622162938, 1134182.085746841738001 ], [ 4044886.869593622162938, 1134144.66122949286364 ], [ 4044886.869593622162938, 1134107.23671214398928 ], [ 4044886.869593622162938, 1134069.81219479511492 ], [ 4044849.445076273288578, 1134069.81219479511492 ], [ 4044812.020558924414217, 1134069.81219479511492 ], [ 4044774.596041575539857, 1134069.81219479511492 ], [ 4044737.171524226665497, 1134069.81219479511492 ], [ 4044699.747006877791137, 1134069.81219479511492 ], [ 4044662.322489528916776, 1134069.81219479511492 ], [ 4044624.897972180042416, 1134069.81219479511492 ], [ 4044587.473454831168056, 1134069.81219479511492 ], [ 4044561.01032483112067, 1134043.349064795067534 ], [ 4044561.01032483112067, 1134005.924547446193174 ], [ 4044561.01032483112067, 1133968.500030097318813 ], [ 4044561.01032483112067, 1133931.075512748444453 ], [ 4044561.01032483112067, 1133893.650995399570093 ], [ 4044523.58580748224631, 1133893.650995399570093 ], [ 4044486.161290133371949, 1133893.650995399570093 ], [ 4044448.736772784497589, 1133893.650995399570093 ], [ 4044411.312255435623229, 1133893.650995399570093 ], [ 4044373.887738086748868, 1133893.650995399570093 ], [ 4044336.463220737874508, 1133893.650995399570093 ], [ 4044299.038703389000148, 1133893.650995399570093 ], [ 4044261.614186040125787, 1133893.650995399570093 ], [ 4044224.189668691251427, 1133893.650995399570093 ], [ 4044186.765151342377067, 1133893.650995399570093 ], [ 4044149.340633993502706, 1133893.650995399570093 ], [ 4044111.916116644628346, 1133893.650995399570093 ], [ 4044074.491599295753986, 1133893.650995399570093 ], [ 4044074.491599295753986, 1133856.226478050695732 ], [ 4044074.491599295753986, 1133818.801960701821372 ], [ 4044074.491599295753986, 1133781.377443352947012 ], [ 4044074.491599295753986, 1133743.952926004072651 ], [ 4044037.067081946879625, 1133743.952926004072651 ], [ 4043999.642564598005265, 1133743.952926004072651 ], [ 4043962.218047249130905, 1133743.952926004072651 ], [ 4043924.793529900256544, 1133743.952926004072651 ], [ 4043887.369012551382184, 1133743.952926004072651 ], [ 4043849.944495202507824, 1133743.952926004072651 ], [ 4043812.519977853633463, 1133743.952926004072651 ], [ 4043775.095460504759103, 1133743.952926004072651 ], [ 4043737.670943155884743, 1133743.952926004072651 ], [ 4043700.246425807010382, 1133743.952926004072651 ], [ 4043662.821908458136022, 1133743.952926004072651 ], [ 4043625.397391109261662, 1133743.952926004072651 ], [ 4043598.934261109214276, 1133717.489796004025266 ], [ 4043598.934261109214276, 1133680.065278655150905 ], [ 4043598.934261109214276, 1133642.640761306276545 ], [ 4043598.934261109214276, 1133605.216243957402185 ], [ 4043598.934261109214276, 1133567.791726608527824 ], [ 4043561.509743760339916, 1133567.791726608527824 ], [ 4043524.085226411465555, 1133567.791726608527824 ], [ 4043486.660709062591195, 1133567.791726608527824 ], [ 4043449.236191713716835, 1133567.791726608527824 ], [ 4043411.811674364842474, 1133567.791726608527824 ], [ 4043374.387157015968114, 1133567.791726608527824 ], [ 4043336.962639667093754, 1133567.791726608527824 ], [ 4043299.538122318219393, 1133567.791726608527824 ], [ 4043262.113604969345033, 1133567.791726608527824 ], [ 4043235.650474969297647, 1133541.328596608480439 ], [ 4043235.650474969297647, 1133503.904079259606078 ], [ 4043235.650474969297647, 1133466.479561910731718 ], [ 4043235.650474969297647, 1133429.055044561857358 ], [ 4043209.187344969250262, 1133402.591914561809972 ], [ 4043171.762827620375901, 1133402.591914561809972 ], [ 4043134.338310271501541, 1133402.591914561809972 ], [ 4043096.913792922627181, 1133402.591914561809972 ], [ 4043096.913792922627181, 1133365.167397212935612 ], [ 4043096.913792922627181, 1133327.742879864061251 ], [ 4043096.913792922627181, 1133290.318362515186891 ], [ 4043096.913792922627181, 1133252.893845166312531 ], [ 4043096.913792922627181, 1133215.46932781743817 ], [ 4043096.913792922627181, 1133178.04481046856381 ], [ 4043096.913792922627181, 1133140.62029311968945 ], [ 4043096.913792922627181, 1133103.195775770815089 ], [ 4043070.450662922579795, 1133076.732645770767704 ], [ 4043033.026145573705435, 1133076.732645770767704 ], [ 4042995.601628224831074, 1133076.732645770767704 ], [ 4042958.177110875956714, 1133076.732645770767704 ], [ 4042931.713980875909328, 1133050.269515770720318 ], [ 4042931.713980875909328, 1133012.844998421845958 ], [ 4042931.713980875909328, 1132975.420481072971597 ], [ 4042931.713980875909328, 1132937.995963724097237 ], [ 4042931.713980875909328, 1132900.571446375222877 ], [ 4042931.713980875909328, 1132863.146929026348516 ], [ 4042931.713980875909328, 1132825.722411677474156 ], [ 4042931.713980875909328, 1132788.297894328599796 ], [ 4042931.713980875909328, 1132750.873376979725435 ], [ 4042931.713980875909328, 1132713.448859630851075 ], [ 4042931.713980875909328, 1132676.024342281976715 ], [ 4042931.713980875909328, 1132638.599824933102354 ], [ 4042931.713980875909328, 1132601.175307584227994 ], [ 4042905.250850875861943, 1132574.712177584180608 ], [ 4042867.826333526987582, 1132574.712177584180608 ], [ 4042830.401816178113222, 1132574.712177584180608 ], [ 4042792.977298829238862, 1132574.712177584180608 ], [ 4042766.514168829191476, 1132548.249047584133223 ], [ 4042766.514168829191476, 1132510.824530235258862 ], [ 4042766.514168829191476, 1132473.400012886384502 ], [ 4042766.514168829191476, 1132435.975495537510142 ], [ 4042766.514168829191476, 1132398.550978188635781 ], [ 4042766.514168829191476, 1132361.126460839761421 ], [ 4042766.514168829191476, 1132323.701943490887061 ], [ 4042766.514168829191476, 1132286.2774261420127 ], [ 4042766.514168829191476, 1132248.85290879313834 ], [ 4042766.514168829191476, 1132211.42839144426398 ], [ 4042766.514168829191476, 1132174.003874095389619 ], [ 4042766.514168829191476, 1132136.579356746515259 ], [ 4042766.514168829191476, 1132099.154839397640899 ], [ 4042766.514168829191476, 1132061.730322048766539 ], [ 4042766.514168829191476, 1132024.305804699892178 ], [ 4042766.514168829191476, 1131986.881287351017818 ], [ 4042766.514168829191476, 1131949.456770002143458 ], [ 4042766.514168829191476, 1131912.032252653269097 ], [ 4042766.514168829191476, 1131874.607735304394737 ], [ 4042766.514168829191476, 1131837.183217955520377 ], [ 4042766.514168829191476, 1131799.758700606646016 ], [ 4042766.514168829191476, 1131762.334183257771656 ], [ 4042766.514168829191476, 1131724.909665908897296 ], [ 4042766.514168829191476, 1131687.485148560022935 ], [ 4042766.514168829191476, 1131650.060631211148575 ], [ 4042766.514168829191476, 1131612.636113862274215 ], [ 4042766.514168829191476, 1131575.211596513399854 ], [ 4042766.514168829191476, 1131537.787079164525494 ], [ 4042766.514168829191476, 1131500.362561815651134 ], [ 4042766.514168829191476, 1131462.938044466776773 ], [ 4042766.514168829191476, 1131425.513527117902413 ], [ 4042729.089651480317116, 1131425.513527117902413 ], [ 4042691.665134131442755, 1131425.513527117902413 ], [ 4042654.240616782568395, 1131425.513527117902413 ], [ 4042616.816099433694035, 1131425.513527117902413 ], [ 4042590.352969433646649, 1131399.050397117855027 ], [ 4042590.352969433646649, 1131361.625879768980667 ], [ 4042590.352969433646649, 1131324.201362420106307 ], [ 4042590.352969433646649, 1131286.776845071231946 ], [ 4042590.352969433646649, 1131249.352327722357586 ], [ 4042590.352969433646649, 1131211.927810373483226 ], [ 4042590.352969433646649, 1131174.503293024608865 ], [ 4042590.352969433646649, 1131137.078775675734505 ], [ 4042590.352969433646649, 1131099.654258326860145 ], [ 4042590.352969433646649, 1131062.229740977985784 ], [ 4042590.352969433646649, 1131024.805223629111424 ], [ 4042590.352969433646649, 1130987.380706280237064 ], [ 4042590.352969433646649, 1130949.956188931362703 ], [ 4042590.352969433646649, 1130912.531671582488343 ], [ 4042590.352969433646649, 1130875.107154233613983 ], [ 4042590.352969433646649, 1130837.682636884739622 ], [ 4042590.352969433646649, 1130800.258119535865262 ], [ 4042590.352969433646649, 1130762.833602186990902 ], [ 4042616.816099433694035, 1130736.370472186943516 ], [ 4042654.240616782568395, 1130736.370472186943516 ], [ 4042691.665134131442755, 1130736.370472186943516 ], [ 4042729.089651480317116, 1130736.370472186943516 ], [ 4042766.514168829191476, 1130736.370472186943516 ], [ 4042766.514168829191476, 1130698.945954838069156 ], [ 4042766.514168829191476, 1130661.521437489194795 ], [ 4042766.514168829191476, 1130624.096920140320435 ], [ 4042766.514168829191476, 1130586.672402791446075 ], [ 4042792.977298829238862, 1130560.209272791398689 ], [ 4042830.401816178113222, 1130560.209272791398689 ], [ 4042867.826333526987582, 1130560.209272791398689 ], [ 4042905.250850875861943, 1130560.209272791398689 ], [ 4042942.675368224736303, 1130560.209272791398689 ], [ 4042980.099885573610663, 1130560.209272791398689 ], [ 4043017.524402922485024, 1130560.209272791398689 ], [ 4043054.948920271359384, 1130560.209272791398689 ], [ 4043092.373437620233744, 1130560.209272791398689 ], [ 4043092.373437620233744, 1130522.784755442524329 ], [ 4043092.373437620233744, 1130485.360238093649969 ], [ 4043092.373437620233744, 1130447.935720744775608 ], [ 4043092.373437620233744, 1130410.511203395901248 ], [ 4043129.797954969108105, 1130410.511203395901248 ], [ 4043167.222472317982465, 1130410.511203395901248 ], [ 4043204.646989666856825, 1130410.511203395901248 ], [ 4043242.071507015731186, 1130410.511203395901248 ], [ 4043279.496024364605546, 1130410.511203395901248 ], [ 4043316.920541713479906, 1130410.511203395901248 ], [ 4043354.345059062354267, 1130410.511203395901248 ], [ 4043391.769576411228627, 1130410.511203395901248 ], [ 4043429.194093760102987, 1130410.511203395901248 ], [ 4043466.618611108977348, 1130410.511203395901248 ], [ 4043504.043128457851708, 1130410.511203395901248 ], [ 4043541.467645806726068, 1130410.511203395901248 ], [ 4043578.892163155600429, 1130410.511203395901248 ], [ 4043578.892163155600429, 1130373.086686047026888 ], [ 4043578.892163155600429, 1130335.662168698152527 ], [ 4043578.892163155600429, 1130298.237651349278167 ], [ 4043578.892163155600429, 1130260.813134000403807 ], [ 4043605.355293155647814, 1130234.350004000356421 ], [ 4043642.779810504522175, 1130234.350004000356421 ], [ 4043680.204327853396535, 1130234.350004000356421 ], [ 4043717.628845202270895, 1130234.350004000356421 ], [ 4043755.053362551145256, 1130234.350004000356421 ], [ 4043755.053362551145256, 1130196.925486651482061 ], [ 4043755.053362551145256, 1130159.5009693026077 ], [ 4043755.053362551145256, 1130122.07645195373334 ], [ 4043755.053362551145256, 1130084.65193460485898 ], [ 4043792.477879900019616, 1130084.65193460485898 ], [ 4043829.902397248893976, 1130084.65193460485898 ], [ 4043867.326914597768337, 1130084.65193460485898 ], [ 4043904.751431946642697, 1130084.65193460485898 ], [ 4043942.175949295517057, 1130084.65193460485898 ], [ 4043979.600466644391418, 1130084.65193460485898 ], [ 4044017.024983993265778, 1130084.65193460485898 ], [ 4044054.449501342140138, 1130084.65193460485898 ], [ 4044054.449501342140138, 1130047.227417255984619 ], [ 4044054.449501342140138, 1130009.802899907110259 ], [ 4044054.449501342140138, 1129972.378382558235899 ], [ 4044054.449501342140138, 1129934.953865209361538 ], [ 4044080.912631342187524, 1129908.490735209314153 ], [ 4044118.337148691061884, 1129908.490735209314153 ], [ 4044155.761666039936244, 1129908.490735209314153 ], [ 4044193.186183388810605, 1129908.490735209314153 ], [ 4044230.610700737684965, 1129908.490735209314153 ], [ 4044257.073830737732351, 1129882.027605209266767 ], [ 4044257.073830737732351, 1129844.603087860392407 ], [ 4044257.073830737732351, 1129807.178570511518046 ], [ 4044257.073830737732351, 1129769.754053162643686 ], [ 4044296.768525737803429, 1129756.256520306458697 ], [ 4044336.463220737874508, 1129757.728794389637187 ], [ 4044373.887738086748868, 1129757.728794389637187 ], [ 4044411.312255435623229, 1129757.728794389637187 ], [ 4044448.736772784497589, 1129757.728794389637187 ], [ 4044486.161290133371949, 1129757.728794389637187 ], [ 4044523.58580748224631, 1129757.728794389637187 ], [ 4044561.01032483112067, 1129757.728794389637187 ], [ 4044561.01032483112067, 1129720.304277040762827 ], [ 4044561.01032483112067, 1129682.879759691888466 ], [ 4044561.01032483112067, 1129645.455242343014106 ], [ 4044561.01032483112067, 1129608.030724994139746 ], [ 4044587.473454831168056, 1129581.56759499409236 ], [ 4044624.897972180042416, 1129581.56759499409236 ], [ 4044662.322489528916776, 1129581.56759499409236 ], [ 4044699.747006877791137, 1129581.56759499409236 ], [ 4044737.171524226665497, 1129581.56759499409236 ], [ 4044774.596041575539857, 1129581.56759499409236 ], [ 4044812.020558924414217, 1129581.56759499409236 ], [ 4044849.445076273288578, 1129581.56759499409236 ], [ 4044886.869593622162938, 1129581.56759499409236 ], [ 4044886.869593622162938, 1129544.143077645218 ], [ 4044886.869593622162938, 1129506.718560296343639 ], [ 4044886.869593622162938, 1129469.294042947469279 ], [ 4044886.869593622162938, 1129431.869525598594919 ], [ 4044913.332723622210324, 1129405.406395598547533 ], [ 4044950.757240971084684, 1129405.406395598547533 ], [ 4044988.181758319959044, 1129405.406395598547533 ], [ 4045025.606275668833405, 1129405.406395598547533 ], [ 4045063.030793017707765, 1129405.406395598547533 ], [ 4045063.030793017707765, 1129367.981878249673173 ], [ 4045063.030793017707765, 1129330.557360900798813 ], [ 4045063.030793017707765, 1129293.132843551924452 ], [ 4045063.030793017707765, 1129255.708326203050092 ], [ 4045063.030793017707765, 1129218.283808854175732 ], [ 4045063.030793017707765, 1129180.859291505301371 ], [ 4045063.030793017707765, 1129143.434774156427011 ], [ 4045063.030793017707765, 1129106.010256807552651 ], [ 4045063.030793017707765, 1129068.58573945867829 ], [ 4045063.030793017707765, 1129031.16122210980393 ], [ 4045063.030793017707765, 1128993.73670476092957 ], [ 4045063.030793017707765, 1128956.312187412055209 ], [ 4045089.493923017755151, 1128929.849057412007824 ], [ 4045126.918440366629511, 1128929.849057412007824 ], [ 4045164.342957715503871, 1128929.849057412007824 ], [ 4045201.767475064378232, 1128929.849057412007824 ], [ 4045239.191992413252592, 1128929.849057412007824 ], [ 4045239.191992413252592, 1128892.424540063133463 ], [ 4045239.191992413252592, 1128855.000022714259103 ], [ 4045239.191992413252592, 1128817.575505365384743 ], [ 4045239.191992413252592, 1128780.150988016510382 ], [ 4045239.191992413252592, 1128742.726470667636022 ], [ 4045239.191992413252592, 1128705.301953318761662 ], [ 4045239.191992413252592, 1128667.877435969887301 ], [ 4045239.191992413252592, 1128630.452918621012941 ], [ 4045239.191992413252592, 1128593.028401272138581 ], [ 4045239.191992413252592, 1128555.60388392326422 ], [ 4045239.191992413252592, 1128518.17936657438986 ], [ 4045239.191992413252592, 1128480.7548492255155 ], [ 4045239.191992413252592, 1128443.330331876641139 ], [ 4045239.191992413252592, 1128405.905814527766779 ], [ 4045239.191992413252592, 1128368.481297178892419 ], [ 4045239.191992413252592, 1128331.056779830018058 ], [ 4045239.191992413252592, 1128293.632262481143698 ], [ 4045265.655122413299978, 1128267.169132481096312 ], [ 4045303.079639762174338, 1128267.169132481096312 ], [ 4045340.504157111048698, 1128267.169132481096312 ], [ 4045377.928674459923059, 1128267.169132481096312 ], [ 4045377.928674459923059, 1128229.744615132221952 ], [ 4045377.928674459923059, 1128192.320097783347592 ], [ 4045377.928674459923059, 1128154.895580434473231 ], [ 4045377.928674459923059, 1128117.471063085598871 ], [ 4045377.928674459923059, 1128080.046545736724511 ], [ 4045377.928674459923059, 1128042.62202838785015 ], [ 4045377.928674459923059, 1128005.19751103897579 ], [ 4045377.928674459923059, 1127967.77299369010143 ], [ 4045377.928674459923059, 1127930.348476341227069 ], [ 4045377.928674459923059, 1127892.923958992352709 ], [ 4045377.928674459923059, 1127855.499441643478349 ], [ 4045377.928674459923059, 1127818.074924294603989 ], [ 4045377.928674459923059, 1127780.650406945729628 ], [ 4045377.928674459923059, 1127743.225889596855268 ], [ 4045377.928674459923059, 1127705.801372247980908 ], [ 4045377.928674459923059, 1127668.376854899106547 ], [ 4045377.928674459923059, 1127630.952337550232187 ], [ 4045377.928674459923059, 1127593.527820201357827 ], [ 4045377.928674459923059, 1127556.103302852483466 ], [ 4045377.928674459923059, 1127518.678785503609106 ], [ 4045377.928674459923059, 1127481.254268154734746 ], [ 4045377.928674459923059, 1127443.829750805860385 ], [ 4045377.928674459923059, 1127406.405233456986025 ], [ 4045377.928674459923059, 1127368.980716108111665 ], [ 4045377.928674459923059, 1127331.556198759237304 ], [ 4045377.928674459923059, 1127294.131681410362944 ], [ 4045377.928674459923059, 1127256.707164061488584 ], [ 4045377.928674459923059, 1127219.282646712614223 ], [ 4045377.928674459923059, 1127181.858129363739863 ], [ 4045377.928674459923059, 1127144.433612014865503 ], [ 4045377.928674459923059, 1127107.009094665991142 ], [ 4045415.353191808797419, 1127107.009094665991142 ], [ 4045452.777709157671779, 1127107.009094665991142 ], [ 4045490.20222650654614, 1127107.009094665991142 ], [ 4045527.6267438554205, 1127107.009094665991142 ], [ 4045554.089873855467886, 1127080.545964665943757 ], [ 4045554.089873855467886, 1127043.121447317069396 ], [ 4045554.089873855467886, 1127005.696929968195036 ], [ 4045554.089873855467886, 1126968.272412619320676 ], [ 4045554.089873855467886, 1126930.847895270446315 ], [ 4045554.089873855467886, 1126893.423377921571955 ], [ 4045554.089873855467886, 1126855.998860572697595 ], [ 4045554.089873855467886, 1126818.574343223823234 ], [ 4045554.089873855467886, 1126781.149825874948874 ], [ 4045591.514391204342246, 1126781.149825874948874 ], [ 4045628.938908553216606, 1126781.149825874948874 ], [ 4045666.363425902090967, 1126781.149825874948874 ], [ 4045703.787943250965327, 1126781.149825874948874 ], [ 4045741.212460599839687, 1126781.149825874948874 ], [ 4045741.212460599839687, 1126743.725308526074514 ], [ 4045741.212460599839687, 1126706.300791177200153 ], [ 4045741.212460599839687, 1126668.876273828325793 ], [ 4045741.212460599839687, 1126631.451756479451433 ], [ 4045741.212460599839687, 1126594.027239130577073 ], [ 4045741.212460599839687, 1126556.602721781702712 ], [ 4045741.212460599839687, 1126519.178204432828352 ], [ 4045741.212460599839687, 1126481.753687083953992 ], [ 4045741.212460599839687, 1126444.329169735079631 ], [ 4045741.212460599839687, 1126406.904652386205271 ], [ 4045741.212460599839687, 1126369.480135037330911 ], [ 4045741.212460599839687, 1126332.05561768845655 ], [ 4045741.212460599839687, 1126294.63110033958219 ], [ 4045767.675590599887073, 1126268.167970339534804 ], [ 4045805.100107948761433, 1126268.167970339534804 ], [ 4045842.524625297635794, 1126268.167970339534804 ], [ 4045879.949142646510154, 1126268.167970339534804 ], [ 4045879.949142646510154, 1126230.743452990660444 ], [ 4045879.949142646510154, 1126193.318935641786084 ], [ 4045879.949142646510154, 1126155.894418292911723 ], [ 4045879.949142646510154, 1126118.469900944037363 ], [ 4045917.373659995384514, 1126118.469900944037363 ], [ 4045954.798177344258875, 1126118.469900944037363 ], [ 4045992.222694693133235, 1126118.469900944037363 ], [ 4046029.647212042007595, 1126118.469900944037363 ], [ 4046056.110342042054981, 1126092.006770943989977 ], [ 4046056.110342042054981, 1126054.582253595115617 ], [ 4046056.110342042054981, 1126017.157736246241257 ], [ 4046056.110342042054981, 1125979.733218897366896 ], [ 4046056.110342042054981, 1125942.308701548492536 ], [ 4046056.110342042054981, 1125904.884184199618176 ], [ 4046056.110342042054981, 1125867.459666850743815 ], [ 4046056.110342042054981, 1125830.035149501869455 ], [ 4046056.110342042054981, 1125792.610632152995095 ], [ 4046056.110342042054981, 1125755.186114804120734 ], [ 4046056.110342042054981, 1125717.761597455246374 ], [ 4046056.110342042054981, 1125680.337080106372014 ], [ 4046056.110342042054981, 1125642.912562757497653 ], [ 4046082.573472042102367, 1125616.449432757450268 ], [ 4046119.997989390976727, 1125616.449432757450268 ], [ 4046157.422506739851087, 1125616.449432757450268 ], [ 4046194.847024088725448, 1125616.449432757450268 ], [ 4046221.310154088772833, 1125589.986302757402882 ], [ 4046221.310154088772833, 1125552.561785408528522 ], [ 4046221.310154088772833, 1125515.137268059654161 ], [ 4046221.310154088772833, 1125477.712750710779801 ], [ 4046247.773284088820219, 1125451.249620710732415 ], [ 4046285.197801437694579, 1125451.249620710732415 ], [ 4046322.62231878656894, 1125451.249620710732415 ], [ 4046360.0468361354433, 1125451.249620710732415 ], [ 4046360.0468361354433, 1125413.825103361858055 ], [ 4046360.0468361354433, 1125376.400586012983695 ], [ 4046360.0468361354433, 1125338.976068664109334 ], [ 4046360.0468361354433, 1125301.551551315234974 ], [ 4046360.0468361354433, 1125264.127033966360614 ], [ 4046360.0468361354433, 1125226.702516617486253 ], [ 4046360.0468361354433, 1125189.277999268611893 ], [ 4046360.0468361354433, 1125151.853481919737533 ], [ 4046360.0468361354433, 1125114.428964570863172 ], [ 4046360.0468361354433, 1125077.004447221988812 ], [ 4046360.0468361354433, 1125039.579929873114452 ], [ 4046360.0468361354433, 1125002.155412524240091 ], [ 4046360.0468361354433, 1124964.730895175365731 ], [ 4046386.509966135490686, 1124938.267765175318345 ], [ 4046423.934483484365046, 1124938.267765175318345 ], [ 4046461.359000833239406, 1124938.267765175318345 ], [ 4046498.783518182113767, 1124938.267765175318345 ], [ 4046536.208035530988127, 1124938.267765175318345 ], [ 4046562.671165531035513, 1124911.80463517527096 ], [ 4046562.671165531035513, 1124874.380117826396599 ], [ 4046562.671165531035513, 1124836.955600477522239 ], [ 4046562.671165531035513, 1124799.531083128647879 ], [ 4046562.671165531035513, 1124762.106565779773518 ], [ 4046562.671165531035513, 1124724.682048430899158 ], [ 4046562.671165531035513, 1124687.257531082024798 ], [ 4046562.671165531035513, 1124649.833013733150437 ], [ 4046562.671165531035513, 1124612.408496384276077 ], [ 4046562.671165531035513, 1124574.983979035401717 ], [ 4046562.671165531035513, 1124537.559461686527357 ], [ 4046562.671165531035513, 1124500.134944337652996 ], [ 4046562.671165531035513, 1124462.710426988778636 ], [ 4046600.095682879909873, 1124462.710426988778636 ], [ 4046637.520200228784233, 1124462.710426988778636 ], [ 4046674.944717577658594, 1124462.710426988778636 ], [ 4046712.369234926532954, 1124462.710426988778636 ], [ 4046712.369234926532954, 1124425.285909639904276 ], [ 4046712.369234926532954, 1124387.861392291029915 ], [ 4046712.369234926532954, 1124350.436874942155555 ], [ 4046712.369234926532954, 1124313.012357593281195 ], [ 4046712.369234926532954, 1124275.587840244406834 ], [ 4046712.369234926532954, 1124238.163322895532474 ], [ 4046712.369234926532954, 1124200.738805546658114 ], [ 4046712.369234926532954, 1124163.314288197783753 ], [ 4046712.369234926532954, 1124125.889770848909393 ], [ 4046712.369234926532954, 1124088.465253500035033 ], [ 4046712.369234926532954, 1124051.040736151160672 ], [ 4046712.369234926532954, 1124013.616218802286312 ], [ 4046712.369234926532954, 1123976.191701453411952 ], [ 4046738.83236492658034, 1123949.728571453364566 ], [ 4046776.2568822754547, 1123949.728571453364566 ], [ 4046813.68139962432906, 1123949.728571453364566 ], [ 4046851.105916973203421, 1123949.728571453364566 ], [ 4046877.569046973250806, 1123923.26544145331718 ], [ 4046877.569046973250806, 1123885.84092410444282 ], [ 4046877.569046973250806, 1123848.41640675556846 ], [ 4046877.569046973250806, 1123810.991889406694099 ], [ 4046877.569046973250806, 1123773.567372057819739 ], [ 4046877.569046973250806, 1123736.142854708945379 ], [ 4046877.569046973250806, 1123698.718337360071018 ], [ 4046877.569046973250806, 1123661.293820011196658 ], [ 4046877.569046973250806, 1123623.869302662322298 ], [ 4046877.569046973250806, 1123586.444785313447937 ], [ 4046877.569046973250806, 1123549.020267964573577 ], [ 4046877.569046973250806, 1123511.595750615699217 ], [ 4046877.569046973250806, 1123474.171233266824856 ], [ 4046904.032176973298192, 1123447.708103266777471 ], [ 4046941.456694322172552, 1123447.708103266777471 ], [ 4046978.881211671046913, 1123447.708103266777471 ], [ 4047016.305729019921273, 1123447.708103266777471 ], [ 4047042.768859019968659, 1123421.244973266730085 ], [ 4047042.768859019968659, 1123383.820455917855725 ], [ 4047042.768859019968659, 1123346.395938568981364 ], [ 4047042.768859019968659, 1123308.971421220107004 ], [ 4047042.768859019968659, 1123271.546903871232644 ], [ 4047042.768859019968659, 1123234.122386522358283 ], [ 4047042.768859019968659, 1123196.697869173483923 ], [ 4047042.768859019968659, 1123159.273351824609563 ], [ 4047042.768859019968659, 1123121.848834475735202 ], [ 4047042.768859019968659, 1123084.424317126860842 ], [ 4047042.768859019968659, 1123046.999799777986482 ], [ 4047042.768859019968659, 1123009.575282429112121 ], [ 4047042.768859019968659, 1122972.150765080237761 ], [ 4047080.193376368843019, 1122972.150765080237761 ], [ 4047117.617893717717379, 1122972.150765080237761 ], [ 4047155.04241106659174, 1122972.150765080237761 ], [ 4047192.4669284154661, 1122972.150765080237761 ], [ 4047192.4669284154661, 1122934.726247731363401 ], [ 4047192.4669284154661, 1122897.30173038248904 ], [ 4047192.4669284154661, 1122859.87721303361468 ], [ 4047192.4669284154661, 1122822.45269568474032 ], [ 4047192.4669284154661, 1122785.02817833586596 ], [ 4047192.4669284154661, 1122747.603660986991599 ], [ 4047192.4669284154661, 1122710.179143638117239 ], [ 4047192.4669284154661, 1122672.754626289242879 ], [ 4047192.4669284154661, 1122635.330108940368518 ], [ 4047192.4669284154661, 1122597.905591591494158 ], [ 4047192.4669284154661, 1122560.481074242619798 ], [ 4047192.4669284154661, 1122523.056556893745437 ], [ 4047192.4669284154661, 1122485.632039544871077 ], [ 4047218.930058415513486, 1122459.168909544823691 ], [ 4047256.354575764387846, 1122459.168909544823691 ], [ 4047293.779093113262206, 1122459.168909544823691 ], [ 4047331.203610462136567, 1122459.168909544823691 ], [ 4047368.628127811010927, 1122459.168909544823691 ], [ 4047368.628127811010927, 1122421.744392195949331 ], [ 4047368.628127811010927, 1122384.319874847074971 ], [ 4047368.628127811010927, 1122346.89535749820061 ], [ 4047368.628127811010927, 1122309.47084014932625 ], [ 4047368.628127811010927, 1122272.04632280045189 ], [ 4047368.628127811010927, 1122234.621805451577529 ], [ 4047368.628127811010927, 1122197.197288102703169 ], [ 4047368.628127811010927, 1122159.772770753828809 ], [ 4047368.628127811010927, 1122122.348253404954448 ], [ 4047368.628127811010927, 1122084.923736056080088 ], [ 4047368.628127811010927, 1122047.499218707205728 ], [ 4047368.628127811010927, 1122010.074701358331367 ], [ 4047368.628127811010927, 1121972.650184009457007 ], [ 4047368.628127811010927, 1121935.225666660582647 ], [ 4047368.628127811010927, 1121897.801149311708286 ], [ 4047368.628127811010927, 1121860.376631962833926 ], [ 4047368.628127811010927, 1121822.952114613959566 ], [ 4047395.091257811058313, 1121796.48898461391218 ], [ 4047432.515775159932673, 1121796.48898461391218 ], [ 4047469.940292508807033, 1121796.48898461391218 ], [ 4047507.364809857681394, 1121796.48898461391218 ], [ 4047544.789327206555754, 1121796.48898461391218 ], [ 4047544.789327206555754, 1121759.06446726503782 ], [ 4047544.789327206555754, 1121721.639949916163459 ], [ 4047544.789327206555754, 1121684.215432567289099 ], [ 4047544.789327206555754, 1121646.790915218414739 ], [ 4047544.789327206555754, 1121609.366397869540378 ], [ 4047544.789327206555754, 1121571.941880520666018 ], [ 4047544.789327206555754, 1121534.517363171791658 ], [ 4047544.789327206555754, 1121497.092845822917297 ], [ 4047571.25245720660314, 1121470.629715822869912 ], [ 4047608.6769745554775, 1121470.629715822869912 ], [ 4047646.10149190435186, 1121470.629715822869912 ], [ 4047683.526009253226221, 1121470.629715822869912 ], [ 4047683.526009253226221, 1121433.205198473995551 ], [ 4047683.526009253226221, 1121395.780681125121191 ], [ 4047683.526009253226221, 1121358.356163776246831 ], [ 4047683.526009253226221, 1121320.93164642737247 ], [ 4047683.526009253226221, 1121283.50712907849811 ], [ 4047683.526009253226221, 1121246.08261172962375 ], [ 4047683.526009253226221, 1121208.65809438074939 ], [ 4047683.526009253226221, 1121171.233577031875029 ], [ 4047683.526009253226221, 1121133.809059683000669 ], [ 4047683.526009253226221, 1121096.384542334126309 ], [ 4047683.526009253226221, 1121058.960024985251948 ], [ 4047683.526009253226221, 1121021.535507636377588 ], [ 4047683.526009253226221, 1120984.110990287503228 ], [ 4047683.526009253226221, 1120946.686472938628867 ], [ 4047683.526009253226221, 1120909.261955589754507 ], [ 4047683.526009253226221, 1120871.837438240880147 ], [ 4047683.526009253226221, 1120834.412920892005786 ], [ 4047709.989139253273606, 1120807.949790891958401 ], [ 4047747.413656602147967, 1120807.949790891958401 ], [ 4047784.838173951022327, 1120807.949790891958401 ], [ 4047822.262691299896687, 1120807.949790891958401 ], [ 4047859.687208648771048, 1120807.949790891958401 ], [ 4047859.687208648771048, 1120770.52527354308404 ], [ 4047859.687208648771048, 1120733.10075619420968 ], [ 4047859.687208648771048, 1120695.67623884533532 ], [ 4047859.687208648771048, 1120658.251721496460959 ], [ 4047859.687208648771048, 1120620.827204147586599 ], [ 4047859.687208648771048, 1120583.402686798712239 ], [ 4047859.687208648771048, 1120545.978169449837878 ], [ 4047859.687208648771048, 1120508.553652100963518 ], [ 4047859.687208648771048, 1120471.129134752089158 ], [ 4047859.687208648771048, 1120433.704617403214797 ], [ 4047859.687208648771048, 1120396.280100054340437 ], [ 4047859.687208648771048, 1120358.855582705466077 ], [ 4047859.687208648771048, 1120321.431065356591716 ], [ 4047859.687208648771048, 1120284.006548007717356 ], [ 4047859.687208648771048, 1120246.582030658842996 ], [ 4047859.687208648771048, 1120209.157513309968635 ], [ 4047859.687208648771048, 1120171.732995961094275 ], [ 4047859.687208648771048, 1120134.308478612219915 ], [ 4047859.687208648771048, 1120096.883961263345554 ], [ 4047859.687208648771048, 1120059.459443914471194 ], [ 4047859.687208648771048, 1120022.034926565596834 ], [ 4047859.687208648771048, 1119984.610409216722474 ], [ 4047859.687208648771048, 1119947.185891867848113 ], [ 4047859.687208648771048, 1119909.761374518973753 ], [ 4047859.687208648771048, 1119872.336857170099393 ], [ 4047859.687208648771048, 1119834.912339821225032 ], [ 4047859.687208648771048, 1119797.487822472350672 ], [ 4047859.687208648771048, 1119760.063305123476312 ], [ 4047859.687208648771048, 1119722.638787774601951 ], [ 4047859.687208648771048, 1119685.214270425727591 ], [ 4047859.687208648771048, 1119647.789753076853231 ], [ 4047859.687208648771048, 1119610.36523572797887 ], [ 4047859.687208648771048, 1119572.94071837910451 ], [ 4047859.687208648771048, 1119535.51620103023015 ], [ 4047859.687208648771048, 1119498.091683681355789 ], [ 4047859.687208648771048, 1119460.667166332481429 ], [ 4047859.687208648771048, 1119423.242648983607069 ], [ 4047859.687208648771048, 1119385.818131634732708 ], [ 4047859.687208648771048, 1119348.393614285858348 ], [ 4047859.687208648771048, 1119310.969096936983988 ], [ 4047859.687208648771048, 1119273.544579588109627 ], [ 4047859.687208648771048, 1119236.120062239235267 ], [ 4047859.687208648771048, 1119198.695544890360907 ], [ 4047859.687208648771048, 1119161.271027541486546 ], [ 4047859.687208648771048, 1119123.846510192612186 ], [ 4047859.687208648771048, 1119086.421992843737826 ], [ 4047859.687208648771048, 1119048.997475494863465 ], [ 4047859.687208648771048, 1119011.572958145989105 ], [ 4047859.687208648771048, 1118974.148440797114745 ], [ 4047859.687208648771048, 1118936.723923448240384 ], [ 4047859.687208648771048, 1118899.299406099366024 ], [ 4047859.687208648771048, 1118861.874888750491664 ], [ 4047859.687208648771048, 1118824.450371401617303 ], [ 4047859.687208648771048, 1118787.025854052742943 ], [ 4047859.687208648771048, 1118749.601336703868583 ], [ 4047859.687208648771048, 1118712.176819354994223 ], [ 4047859.687208648771048, 1118674.752302006119862 ], [ 4047859.687208648771048, 1118637.327784657245502 ], [ 4047859.687208648771048, 1118599.903267308371142 ], [ 4047859.687208648771048, 1118562.478749959496781 ], [ 4047859.687208648771048, 1118525.054232610622421 ], [ 4047859.687208648771048, 1118487.629715261748061 ], [ 4047859.687208648771048, 1118450.2051979128737 ], [ 4047859.687208648771048, 1118412.78068056399934 ], [ 4047859.687208648771048, 1118375.35616321512498 ], [ 4047859.687208648771048, 1118337.931645866250619 ], [ 4047859.687208648771048, 1118300.507128517376259 ], [ 4047859.687208648771048, 1118263.082611168501899 ], [ 4047859.687208648771048, 1118225.658093819627538 ], [ 4047859.687208648771048, 1118188.233576470753178 ], [ 4047859.687208648771048, 1118150.809059121878818 ], [ 4047859.687208648771048, 1118113.384541773004457 ], [ 4047859.687208648771048, 1118075.960024424130097 ], [ 4047859.687208648771048, 1118038.535507075255737 ], [ 4047859.687208648771048, 1118001.110989726381376 ], [ 4047859.687208648771048, 1117963.686472377507016 ], [ 4047859.687208648771048, 1117926.261955028632656 ], [ 4047859.687208648771048, 1117888.837437679758295 ], [ 4047859.687208648771048, 1117851.412920330883935 ], [ 4047859.687208648771048, 1117813.988402982009575 ], [ 4047859.687208648771048, 1117776.563885633135214 ], [ 4047859.687208648771048, 1117739.139368284260854 ], [ 4047859.687208648771048, 1117701.714850935386494 ], [ 4047859.687208648771048, 1117664.290333586512133 ], [ 4047859.687208648771048, 1117626.865816237637773 ], [ 4047859.687208648771048, 1117589.441298888763413 ], [ 4047859.687208648771048, 1117552.016781539889053 ], [ 4047859.687208648771048, 1117514.592264191014692 ], [ 4047859.687208648771048, 1117477.167746842140332 ], [ 4047859.687208648771048, 1117439.743229493265972 ], [ 4047859.687208648771048, 1117402.318712144391611 ], [ 4047859.687208648771048, 1117364.894194795517251 ], [ 4047859.687208648771048, 1117327.469677446642891 ], [ 4047859.687208648771048, 1117290.04516009776853 ], [ 4047859.687208648771048, 1117252.62064274889417 ], [ 4047859.687208648771048, 1117215.19612540001981 ], [ 4047859.687208648771048, 1117177.771608051145449 ], [ 4047859.687208648771048, 1117140.347090702271089 ], [ 4047859.687208648771048, 1117102.922573353396729 ], [ 4047859.687208648771048, 1117065.498056004522368 ], [ 4047859.687208648771048, 1117028.073538655648008 ], [ 4047859.687208648771048, 1116990.649021306773648 ], [ 4047859.687208648771048, 1116953.224503957899287 ], [ 4047859.687208648771048, 1116915.799986609024927 ], [ 4047859.687208648771048, 1116878.375469260150567 ], [ 4047859.687208648771048, 1116840.950951911276206 ], [ 4047859.687208648771048, 1116803.526434562401846 ], [ 4047859.687208648771048, 1116766.101917213527486 ], [ 4047859.687208648771048, 1116728.677399864653125 ], [ 4047859.687208648771048, 1116691.252882515778765 ], [ 4047859.687208648771048, 1116653.828365166904405 ], [ 4047859.687208648771048, 1116616.403847818030044 ], [ 4047859.687208648771048, 1116578.979330469155684 ], [ 4047859.687208648771048, 1116541.554813120281324 ], [ 4047859.687208648771048, 1116504.130295771406963 ], [ 4047859.687208648771048, 1116466.705778422532603 ], [ 4047859.687208648771048, 1116429.281261073658243 ], [ 4047859.687208648771048, 1116391.856743724783882 ], [ 4047859.687208648771048, 1116354.432226375909522 ], [ 4047859.687208648771048, 1116317.007709027035162 ], [ 4047859.687208648771048, 1116279.583191678160802 ], [ 4047859.687208648771048, 1116242.158674329286441 ], [ 4047859.687208648771048, 1116204.734156980412081 ], [ 4047859.687208648771048, 1116167.309639631537721 ], [ 4047859.687208648771048, 1116129.88512228266336 ], [ 4047859.687208648771048, 1116092.460604933789 ], [ 4047859.687208648771048, 1116055.03608758491464 ], [ 4047859.687208648771048, 1116017.611570236040279 ], [ 4047859.687208648771048, 1115980.187052887165919 ], [ 4047859.687208648771048, 1115942.762535538291559 ], [ 4047859.687208648771048, 1115905.338018189417198 ], [ 4047859.687208648771048, 1115867.913500840542838 ], [ 4047859.687208648771048, 1115830.488983491668478 ], [ 4047859.687208648771048, 1115793.064466142794117 ], [ 4047859.687208648771048, 1115755.639948793919757 ], [ 4047859.687208648771048, 1115718.215431445045397 ], [ 4047859.687208648771048, 1115680.790914096171036 ], [ 4047859.687208648771048, 1115643.366396747296676 ], [ 4047859.687208648771048, 1115605.941879398422316 ], [ 4047859.687208648771048, 1115568.517362049547955 ], [ 4047859.687208648771048, 1115531.092844700673595 ], [ 4047859.687208648771048, 1115493.668327351799235 ], [ 4047859.687208648771048, 1115456.243810002924874 ], [ 4047859.687208648771048, 1115418.819292654050514 ], [ 4047859.687208648771048, 1115381.394775305176154 ], [ 4047859.687208648771048, 1115343.970257956301793 ], [ 4047859.687208648771048, 1115306.545740607427433 ], [ 4047859.687208648771048, 1115269.121223258553073 ], [ 4047859.687208648771048, 1115231.696705909678712 ], [ 4047859.687208648771048, 1115194.272188560804352 ], [ 4047859.687208648771048, 1115156.847671211929992 ], [ 4047859.687208648771048, 1115119.423153863055632 ], [ 4047859.687208648771048, 1115081.998636514181271 ], [ 4047859.687208648771048, 1115044.574119165306911 ], [ 4047859.687208648771048, 1115007.149601816432551 ], [ 4047859.687208648771048, 1114969.72508446755819 ], [ 4047859.687208648771048, 1114932.30056711868383 ], [ 4047859.687208648771048, 1114894.87604976980947 ], [ 4047859.687208648771048, 1114857.451532420935109 ], [ 4047859.687208648771048, 1114820.027015072060749 ], [ 4047859.687208648771048, 1114782.602497723186389 ], [ 4047859.687208648771048, 1114745.177980374312028 ], [ 4047859.687208648771048, 1114707.753463025437668 ], [ 4047859.687208648771048, 1114670.328945676563308 ], [ 4047859.687208648771048, 1114632.904428327688947 ], [ 4047859.687208648771048, 1114595.479910978814587 ], [ 4047859.687208648771048, 1114558.055393629940227 ], [ 4047886.150338648818433, 1114531.592263629892841 ], [ 4047923.574855997692794, 1114531.592263629892841 ], [ 4047960.999373346567154, 1114531.592263629892841 ], [ 4047998.423890695441514, 1114531.592263629892841 ], [ 4048035.848408044315875, 1114531.592263629892841 ], [ 4048035.848408044315875, 1114494.167746281018481 ], [ 4048035.848408044315875, 1114456.74322893214412 ], [ 4048035.848408044315875, 1114419.31871158326976 ], [ 4048035.848408044315875, 1114381.8941942343954 ], [ 4048062.31153804436326, 1114355.431064234348014 ], [ 4048099.736055393237621, 1114355.431064234348014 ], [ 4048137.160572742111981, 1114355.431064234348014 ], [ 4048174.585090090986341, 1114355.431064234348014 ], [ 4048201.048220091033727, 1114328.967934234300628 ], [ 4048201.048220091033727, 1114291.543416885426268 ], [ 4048201.048220091033727, 1114254.118899536551908 ], [ 4048201.048220091033727, 1114216.694382187677547 ], [ 4048227.511350091081113, 1114190.231252187630162 ], [ 4048264.935867439955473, 1114190.231252187630162 ], [ 4048302.360384788829833, 1114190.231252187630162 ], [ 4048339.784902137704194, 1114190.231252187630162 ], [ 4048366.248032137751579, 1114163.768122187582776 ], [ 4048366.248032137751579, 1114126.343604838708416 ], [ 4048366.248032137751579, 1114088.919087489834055 ], [ 4048366.248032137751579, 1114051.494570140959695 ], [ 4048392.711162137798965, 1114025.031440140912309 ], [ 4048430.135679486673325, 1114025.031440140912309 ], [ 4048467.560196835547686, 1114025.031440140912309 ], [ 4048504.984714184422046, 1114025.031440140912309 ], [ 4048504.984714184422046, 1113987.606922792037949 ], [ 4048504.984714184422046, 1113950.182405443163589 ], [ 4048504.984714184422046, 1113912.757888094289228 ], [ 4048504.984714184422046, 1113875.333370745414868 ], [ 4048504.984714184422046, 1113837.908853396540508 ], [ 4048504.984714184422046, 1113800.484336047666147 ], [ 4048504.984714184422046, 1113763.059818698791787 ], [ 4048504.984714184422046, 1113725.635301349917427 ], [ 4048544.679409184493124, 1113715.880220228573307 ], [ 4048584.374104184564203, 1113713.610042576910928 ], [ 4048621.798621533438563, 1113713.610042576910928 ], [ 4048659.223138882312924, 1113713.610042576910928 ], [ 4048696.647656231187284, 1113713.610042576910928 ], [ 4048734.072173580061644, 1113713.610042576910928 ], [ 4048771.496690928936005, 1113713.610042576910928 ], [ 4048808.921208277810365, 1113713.610042576910928 ], [ 4048846.345725626684725, 1113713.610042576910928 ], [ 4048883.770242975559086, 1113713.610042576910928 ], [ 4048921.194760324433446, 1113713.610042576910928 ], [ 4048958.619277673307806, 1113713.610042576910928 ], [ 4048996.043795022182167, 1113713.610042576910928 ], [ 4049022.506925022229552, 1113687.146912576863542 ], [ 4049022.506925022229552, 1113649.722395227989182 ], [ 4049022.506925022229552, 1113612.297877879114822 ], [ 4049022.506925022229552, 1113574.873360530240461 ], [ 4049048.970055022276938, 1113548.410230530193076 ], [ 4049086.394572371151298, 1113548.410230530193076 ], [ 4049123.819089720025659, 1113548.410230530193076 ], [ 4049161.243607068900019, 1113548.410230530193076 ], [ 4049161.243607068900019, 1113510.985713181318715 ], [ 4049161.243607068900019, 1113473.561195832444355 ], [ 4049161.243607068900019, 1113436.136678483569995 ], [ 4049161.243607068900019, 1113398.712161134695634 ], [ 4049187.706737068947405, 1113372.249031134648249 ], [ 4049225.131254417821765, 1113372.249031134648249 ], [ 4049262.555771766696125, 1113372.249031134648249 ], [ 4049299.980289115570486, 1113372.249031134648249 ], [ 4049337.404806464444846, 1113372.249031134648249 ], [ 4049337.404806464444846, 1113334.824513785773888 ], [ 4049337.404806464444846, 1113297.399996436899528 ], [ 4049337.404806464444846, 1113259.975479088025168 ], [ 4049337.404806464444846, 1113222.550961739150807 ], [ 4049363.867936464492232, 1113196.087831739103422 ], [ 4049401.292453813366592, 1113196.087831739103422 ], [ 4049438.716971162240952, 1113196.087831739103422 ], [ 4049476.141488511115313, 1113196.087831739103422 ], [ 4049502.604618511162698, 1113169.624701739056036 ], [ 4049502.604618511162698, 1113132.200184390181676 ], [ 4049502.604618511162698, 1113094.775667041307315 ], [ 4049502.604618511162698, 1113057.351149692432955 ], [ 4049529.067748511210084, 1113030.888019692385569 ], [ 4049566.492265860084444, 1113030.888019692385569 ], [ 4049603.916783208958805, 1113030.888019692385569 ], [ 4049641.341300557833165, 1113030.888019692385569 ], [ 4049678.765817906707525, 1113030.888019692385569 ], [ 4049678.765817906707525, 1112993.463502343511209 ], [ 4049678.765817906707525, 1112956.038984994636849 ], [ 4049678.765817906707525, 1112918.614467645762488 ], [ 4049678.765817906707525, 1112881.189950296888128 ], [ 4049716.190335255581886, 1112881.189950296888128 ], [ 4049753.614852604456246, 1112881.189950296888128 ], [ 4049791.039369953330606, 1112881.189950296888128 ], [ 4049828.463887302204967, 1112881.189950296888128 ], [ 4049828.463887302204967, 1112843.765432948013768 ], [ 4049828.463887302204967, 1112806.340915599139407 ], [ 4049828.463887302204967, 1112768.916398250265047 ], [ 4049828.463887302204967, 1112731.491880901390687 ], [ 4049854.927017302252352, 1112705.028750901343301 ], [ 4049892.351534651126713, 1112705.028750901343301 ], [ 4049929.776052, 1112705.028750901343301 ], [ 4049967.200569348875433, 1112705.028750901343301 ], [ 4050004.625086697749794, 1112705.028750901343301 ], [ 4050004.625086697749794, 1112667.604233552468941 ], [ 4050004.625086697749794, 1112630.17971620359458 ], [ 4050004.625086697749794, 1112592.75519885472022 ], [ 4050004.625086697749794, 1112555.33068150584586 ], [ 4050042.049604046624154, 1112555.33068150584586 ], [ 4050079.474121395498514, 1112555.33068150584586 ], [ 4050116.898638744372874, 1112555.33068150584586 ], [ 4050154.323156093247235, 1112555.33068150584586 ], [ 4050154.323156093247235, 1112517.906164156971499 ], [ 4050154.323156093247235, 1112480.481646808097139 ], [ 4050154.323156093247235, 1112443.057129459222779 ], [ 4050154.323156093247235, 1112405.632612110348418 ], [ 4050180.786286093294621, 1112379.169482110301033 ], [ 4050218.210803442168981, 1112379.169482110301033 ], [ 4050255.635320791043341, 1112379.169482110301033 ], [ 4050293.059838139917701, 1112379.169482110301033 ], [ 4050330.484355488792062, 1112379.169482110301033 ], [ 4050367.908872837666422, 1112379.169482110301033 ], [ 4050405.333390186540782, 1112379.169482110301033 ], [ 4050442.757907535415143, 1112379.169482110301033 ], [ 4050480.182424884289503, 1112379.169482110301033 ], [ 4050517.606942233163863, 1112379.169482110301033 ], [ 4050555.031459582038224, 1112379.169482110301033 ], [ 4050592.455976930912584, 1112379.169482110301033 ], [ 4050629.880494279786944, 1112379.169482110301033 ], [ 4050667.305011628661305, 1112379.169482110301033 ], [ 4050704.729528977535665, 1112379.169482110301033 ], [ 4050742.154046326410025, 1112379.169482110301033 ], [ 4050779.578563675284386, 1112379.169482110301033 ], [ 4050817.003081024158746, 1112379.169482110301033 ], [ 4050854.427598373033106, 1112379.169482110301033 ], [ 4050891.852115721907467, 1112379.169482110301033 ], [ 4050929.276633070781827, 1112379.169482110301033 ], [ 4050966.701150419656187, 1112379.169482110301033 ], [ 4051004.125667768530548, 1112379.169482110301033 ], [ 4051041.550185117404908, 1112379.169482110301033 ], [ 4051078.974702466279268, 1112379.169482110301033 ], [ 4051116.399219815153629, 1112379.169482110301033 ], [ 4051153.823737164027989, 1112379.169482110301033 ], [ 4051153.823737164027989, 1112341.744964761426672 ], [ 4051153.823737164027989, 1112304.320447412552312 ], [ 4051153.823737164027989, 1112266.895930063677952 ], [ 4051153.823737164027989, 1112229.471412714803591 ], [ 4051180.286867164075375, 1112203.008282714756206 ], [ 4051217.711384512949735, 1112203.008282714756206 ], [ 4051255.135901861824095, 1112203.008282714756206 ], [ 4051292.560419210698456, 1112203.008282714756206 ], [ 4051329.984936559572816, 1112203.008282714756206 ], [ 4051367.409453908447176, 1112203.008282714756206 ], [ 4051404.833971257321537, 1112203.008282714756206 ], [ 4051442.258488606195897, 1112203.008282714756206 ], [ 4051479.683005955070257, 1112203.008282714756206 ], [ 4051517.107523303944618, 1112203.008282714756206 ], [ 4051554.532040652818978, 1112203.008282714756206 ], [ 4051591.956558001693338, 1112203.008282714756206 ], [ 4051629.381075350567698, 1112203.008282714756206 ], [ 4051666.805592699442059, 1112203.008282714756206 ], [ 4051704.230110048316419, 1112203.008282714756206 ], [ 4051741.654627397190779, 1112203.008282714756206 ], [ 4051779.07914474606514, 1112203.008282714756206 ], [ 4051816.5036620949395, 1112203.008282714756206 ], [ 4051853.92817944381386, 1112203.008282714756206 ], [ 4051891.352696792688221, 1112203.008282714756206 ], [ 4051928.777214141562581, 1112203.008282714756206 ], [ 4051966.201731490436941, 1112203.008282714756206 ], [ 4052003.626248839311302, 1112203.008282714756206 ], [ 4052041.050766188185662, 1112203.008282714756206 ], [ 4052078.475283537060022, 1112203.008282714756206 ], [ 4052115.899800885934383, 1112203.008282714756206 ], [ 4052153.324318234808743, 1112203.008282714756206 ], [ 4052190.748835583683103, 1112203.008282714756206 ], [ 4052228.173352932557464, 1112203.008282714756206 ], [ 4052265.597870281431824, 1112203.008282714756206 ], [ 4052303.022387630306184, 1112203.008282714756206 ], [ 4052340.446904979180545, 1112203.008282714756206 ], [ 4052377.871422328054905, 1112203.008282714756206 ], [ 4052415.295939676929265, 1112203.008282714756206 ], [ 4052452.720457025803626, 1112203.008282714756206 ], [ 4052490.144974374677986, 1112203.008282714756206 ], [ 4052527.569491723552346, 1112203.008282714756206 ], [ 4052564.994009072426707, 1112203.008282714756206 ], [ 4052602.418526421301067, 1112203.008282714756206 ], [ 4052639.843043770175427, 1112203.008282714756206 ], [ 4052677.267561119049788, 1112203.008282714756206 ], [ 4052714.692078467924148, 1112203.008282714756206 ], [ 4052752.116595816798508, 1112203.008282714756206 ], [ 4052789.541113165672868, 1112203.008282714756206 ], [ 4052826.965630514547229, 1112203.008282714756206 ], [ 4052864.390147863421589, 1112203.008282714756206 ], [ 4052901.814665212295949, 1112203.008282714756206 ], [ 4052939.23918256117031, 1112203.008282714756206 ], [ 4052976.66369991004467, 1112203.008282714756206 ], [ 4053014.08821725891903, 1112203.008282714756206 ], [ 4053051.512734607793391, 1112203.008282714756206 ], [ 4053088.937251956667751, 1112203.008282714756206 ], [ 4053126.361769305542111, 1112203.008282714756206 ], [ 4053163.786286654416472, 1112203.008282714756206 ], [ 4053201.210804003290832, 1112203.008282714756206 ], [ 4053238.635321352165192, 1112203.008282714756206 ], [ 4053276.059838701039553, 1112203.008282714756206 ], [ 4053313.484356049913913, 1112203.008282714756206 ], [ 4053350.908873398788273, 1112203.008282714756206 ], [ 4053388.333390747662634, 1112203.008282714756206 ], [ 4053425.757908096536994, 1112203.008282714756206 ], [ 4053463.182425445411354, 1112203.008282714756206 ], [ 4053463.182425445411354, 1112165.583765365881845 ], [ 4053463.182425445411354, 1112128.159248017007485 ], [ 4053463.182425445411354, 1112090.734730668133125 ], [ 4053463.182425445411354, 1112053.310213319258764 ], [ 4053500.606942794285715, 1112053.310213319258764 ], [ 4053538.031460143160075, 1112053.310213319258764 ], [ 4053575.455977492034435, 1112053.310213319258764 ], [ 4053612.880494840908796, 1112053.310213319258764 ], [ 4053650.305012189783156, 1112053.310213319258764 ], [ 4053687.729529538657516, 1112053.310213319258764 ], [ 4053725.154046887531877, 1112053.310213319258764 ], [ 4053762.578564236406237, 1112053.310213319258764 ], [ 4053800.003081585280597, 1112053.310213319258764 ], [ 4053837.427598934154958, 1112053.310213319258764 ], [ 4053874.852116283029318, 1112053.310213319258764 ], [ 4053912.276633631903678, 1112053.310213319258764 ], [ 4053949.701150980778039, 1112053.310213319258764 ], [ 4053987.125668329652399, 1112053.310213319258764 ], [ 4054024.550185678526759, 1112053.310213319258764 ], [ 4054061.974703027401119, 1112053.310213319258764 ], [ 4054099.39922037627548, 1112053.310213319258764 ], [ 4054136.82373772514984, 1112053.310213319258764 ], [ 4054174.2482550740242, 1112053.310213319258764 ], [ 4054211.672772422898561, 1112053.310213319258764 ], [ 4054249.097289771772921, 1112053.310213319258764 ], [ 4054286.521807120647281, 1112053.310213319258764 ], [ 4054323.946324469521642, 1112053.310213319258764 ], [ 4054361.370841818396002, 1112053.310213319258764 ], [ 4054398.795359167270362, 1112053.310213319258764 ], [ 4054436.219876516144723, 1112053.310213319258764 ], [ 4054473.644393865019083, 1112053.310213319258764 ], [ 4054511.068911213893443, 1112053.310213319258764 ], [ 4054548.493428562767804, 1112053.310213319258764 ], [ 4054585.917945911642164, 1112053.310213319258764 ], [ 4054623.342463260516524, 1112053.310213319258764 ], [ 4054660.766980609390885, 1112053.310213319258764 ], [ 4054698.191497958265245, 1112053.310213319258764 ], [ 4054735.616015307139605, 1112053.310213319258764 ], [ 4054773.040532656013966, 1112053.310213319258764 ], [ 4054810.465050004888326, 1112053.310213319258764 ], [ 4054847.889567353762686, 1112053.310213319258764 ], [ 4054885.314084702637047, 1112053.310213319258764 ], [ 4054922.738602051511407, 1112053.310213319258764 ], [ 4054960.163119400385767, 1112053.310213319258764 ], [ 4054997.587636749260128, 1112053.310213319258764 ], [ 4055035.012154098134488, 1112053.310213319258764 ], [ 4055072.436671447008848, 1112053.310213319258764 ], [ 4055109.861188795883209, 1112053.310213319258764 ], [ 4055147.285706144757569, 1112053.310213319258764 ], [ 4055184.710223493631929, 1112053.310213319258764 ], [ 4055222.134740842506289, 1112053.310213319258764 ], [ 4055259.55925819138065, 1112053.310213319258764 ], [ 4055286.022388191428035, 1112079.77334331930615 ], [ 4055286.022388191428035, 1112117.19786066818051 ], [ 4055286.022388191428035, 1112154.622378017054871 ], [ 4055286.022388191428035, 1112192.046895365929231 ], [ 4055312.485518191475421, 1112218.510025365976617 ], [ 4055349.910035540349782, 1112218.510025365976617 ], [ 4055387.334552889224142, 1112218.510025365976617 ], [ 4055424.759070238098502, 1112218.510025365976617 ], [ 4055462.183587586972862, 1112218.510025365976617 ], [ 4055499.608104935847223, 1112218.510025365976617 ], [ 4055537.032622284721583, 1112218.510025365976617 ], [ 4055574.457139633595943, 1112218.510025365976617 ], [ 4055611.881656982470304, 1112218.510025365976617 ], [ 4055649.306174331344664, 1112218.510025365976617 ], [ 4055686.730691680219024, 1112218.510025365976617 ], [ 4055724.155209029093385, 1112218.510025365976617 ], [ 4055761.579726377967745, 1112218.510025365976617 ], [ 4055799.004243726842105, 1112218.510025365976617 ], [ 4055836.428761075716466, 1112218.510025365976617 ], [ 4055873.853278424590826, 1112218.510025365976617 ], [ 4055911.277795773465186, 1112218.510025365976617 ], [ 4055948.702313122339547, 1112218.510025365976617 ], [ 4055986.126830471213907, 1112218.510025365976617 ], [ 4056023.551347820088267, 1112218.510025365976617 ], [ 4056060.975865168962628, 1112218.510025365976617 ], [ 4056098.400382517836988, 1112218.510025365976617 ], [ 4056135.824899866711348, 1112218.510025365976617 ], [ 4056173.249417215585709, 1112218.510025365976617 ], [ 4056210.673934564460069, 1112218.510025365976617 ], [ 4056248.098451913334429, 1112218.510025365976617 ], [ 4056285.52296926220879, 1112218.510025365976617 ], [ 4056322.94748661108315, 1112218.510025365976617 ], [ 4056360.37200395995751, 1112218.510025365976617 ], [ 4056397.796521308831871, 1112218.510025365976617 ], [ 4056424.259651308879256, 1112244.973155366024002 ], [ 4056424.259651308879256, 1112282.397672714898363 ], [ 4056424.259651308879256, 1112319.822190063772723 ], [ 4056424.259651308879256, 1112357.246707412647083 ], [ 4056450.722781308926642, 1112383.709837412694469 ], [ 4056488.147298657801002, 1112383.709837412694469 ], [ 4056525.571816006675363, 1112383.709837412694469 ], [ 4056562.996333355549723, 1112383.709837412694469 ], [ 4056600.420850704424083, 1112383.709837412694469 ], [ 4056637.845368053298444, 1112383.709837412694469 ], [ 4056675.269885402172804, 1112383.709837412694469 ], [ 4056712.694402751047164, 1112383.709837412694469 ], [ 4056750.118920099921525, 1112383.709837412694469 ], [ 4056787.543437448795885, 1112383.709837412694469 ], [ 4056824.967954797670245, 1112383.709837412694469 ], [ 4056862.392472146544605, 1112383.709837412694469 ], [ 4056899.816989495418966, 1112383.709837412694469 ], [ 4056937.241506844293326, 1112383.709837412694469 ], [ 4056974.666024193167686, 1112383.709837412694469 ], [ 4057012.090541542042047, 1112383.709837412694469 ], [ 4057049.515058890916407, 1112383.709837412694469 ], [ 4057075.978188890963793, 1112410.172967412741855 ], [ 4057075.978188890963793, 1112447.597484761616215 ], [ 4057075.978188890963793, 1112485.022002110490575 ], [ 4057075.978188890963793, 1112522.446519459364936 ], [ 4057102.441318891011178, 1112548.909649459412321 ], [ 4057139.865836239885539, 1112548.909649459412321 ], [ 4057177.290353588759899, 1112548.909649459412321 ], [ 4057214.714870937634259, 1112548.909649459412321 ], [ 4057252.13938828650862, 1112548.909649459412321 ], [ 4057289.56390563538298, 1112548.909649459412321 ], [ 4057326.98842298425734, 1112548.909649459412321 ], [ 4057364.412940333131701, 1112548.909649459412321 ], [ 4057401.837457682006061, 1112548.909649459412321 ], [ 4057439.261975030880421, 1112548.909649459412321 ], [ 4057476.686492379754782, 1112548.909649459412321 ], [ 4057514.111009728629142, 1112548.909649459412321 ], [ 4057551.535527077503502, 1112548.909649459412321 ], [ 4057588.960044426377863, 1112548.909649459412321 ], [ 4057626.384561775252223, 1112548.909649459412321 ], [ 4057663.809079124126583, 1112548.909649459412321 ], [ 4057701.233596473000944, 1112548.909649459412321 ], [ 4057738.658113821875304, 1112548.909649459412321 ], [ 4057776.082631170749664, 1112548.909649459412321 ], [ 4057813.507148519624025, 1112548.909649459412321 ], [ 4057850.931665868498385, 1112548.909649459412321 ], [ 4057888.356183217372745, 1112548.909649459412321 ], [ 4057925.780700566247106, 1112548.909649459412321 ], [ 4057963.205217915121466, 1112548.909649459412321 ], [ 4058000.629735263995826, 1112548.909649459412321 ], [ 4058038.054252612870187, 1112548.909649459412321 ], [ 4058075.478769961744547, 1112548.909649459412321 ], [ 4058112.903287310618907, 1112548.909649459412321 ], [ 4058150.327804659493268, 1112548.909649459412321 ], [ 4058187.752322008367628, 1112548.909649459412321 ], [ 4058225.176839357241988, 1112548.909649459412321 ], [ 4058225.176839357241988, 1112511.485132110537961 ], [ 4058225.176839357241988, 1112474.060614761663601 ], [ 4058225.176839357241988, 1112436.63609741278924 ], [ 4058225.176839357241988, 1112399.21158006391488 ], [ 4058251.639969357289374, 1112372.748450063867494 ], [ 4058289.064486706163734, 1112372.748450063867494 ], [ 4058326.489004055038095, 1112372.748450063867494 ], [ 4058363.913521403912455, 1112372.748450063867494 ], [ 4058401.338038752786815, 1112372.748450063867494 ], [ 4058438.762556101661175, 1112372.748450063867494 ], [ 4058476.187073450535536, 1112372.748450063867494 ], [ 4058513.611590799409896, 1112372.748450063867494 ], [ 4058551.036108148284256, 1112372.748450063867494 ], [ 4058551.036108148284256, 1112335.323932714993134 ], [ 4058551.036108148284256, 1112297.899415366118774 ], [ 4058551.036108148284256, 1112260.474898017244413 ], [ 4058551.036108148284256, 1112223.050380668370053 ], [ 4058588.460625497158617, 1112223.050380668370053 ], [ 4058625.885142846032977, 1112223.050380668370053 ], [ 4058663.309660194907337, 1112223.050380668370053 ], [ 4058700.734177543781698, 1112223.050380668370053 ], [ 4058738.158694892656058, 1112223.050380668370053 ], [ 4058775.583212241530418, 1112223.050380668370053 ], [ 4058813.007729590404779, 1112223.050380668370053 ], [ 4058850.432246939279139, 1112223.050380668370053 ], [ 4058887.856764288153499, 1112223.050380668370053 ], [ 4058925.28128163702786, 1112223.050380668370053 ], [ 4058962.70579898590222, 1112223.050380668370053 ], [ 4059000.13031633477658, 1112223.050380668370053 ], [ 4059037.554833683650941, 1112223.050380668370053 ], [ 4059074.979351032525301, 1112223.050380668370053 ], [ 4059112.403868381399661, 1112223.050380668370053 ], [ 4059149.828385730274022, 1112223.050380668370053 ], [ 4059187.252903079148382, 1112223.050380668370053 ], [ 4059213.716033079195768, 1112196.587250668322667 ], [ 4059213.716033079195768, 1112159.162733319448307 ], [ 4059213.716033079195768, 1112121.738215970573947 ], [ 4059213.716033079195768, 1112084.313698621699587 ], [ 4059240.179163079243153, 1112057.850568621652201 ], [ 4059277.603680428117514, 1112057.850568621652201 ], [ 4059315.028197776991874, 1112057.850568621652201 ], [ 4059352.452715125866234, 1112057.850568621652201 ], [ 4059389.877232474740595, 1112057.850568621652201 ], [ 4059427.301749823614955, 1112057.850568621652201 ], [ 4059464.726267172489315, 1112057.850568621652201 ], [ 4059502.150784521363676, 1112057.850568621652201 ], [ 4059528.613914521411061, 1112031.387438621604815 ], [ 4059528.613914521411061, 1111993.962921272730455 ], [ 4059528.613914521411061, 1111956.538403923856094 ], [ 4059528.613914521411061, 1111919.113886574981734 ], [ 4059568.30860952148214, 1111894.388998514274135 ], [ 4059608.003304521553218, 1111895.861272597452626 ], [ 4059645.427821870427579, 1111895.861272597452626 ], [ 4059682.852339219301939, 1111895.861272597452626 ], [ 4059720.276856568176299, 1111895.861272597452626 ], [ 4059757.70137391705066, 1111895.861272597452626 ], [ 4059795.12589126592502, 1111895.861272597452626 ], [ 4059832.55040861479938, 1111895.861272597452626 ], [ 4059869.974925963673741, 1111895.861272597452626 ], [ 4059907.399443312548101, 1111895.861272597452626 ], [ 4059944.823960661422461, 1111895.861272597452626 ], [ 4059982.248478010296822, 1111895.861272597452626 ], [ 4060019.672995359171182, 1111895.861272597452626 ], [ 4060057.097512708045542, 1111895.861272597452626 ], [ 4060094.522030056919903, 1111895.861272597452626 ], [ 4060131.946547405794263, 1111895.861272597452626 ], [ 4060169.371064754668623, 1111895.861272597452626 ], [ 4060195.834194754716009, 1111869.39814259740524 ], [ 4060195.834194754716009, 1111831.97362524853088 ], [ 4060195.834194754716009, 1111794.549107899656519 ], [ 4060195.834194754716009, 1111757.124590550782159 ], [ 4060222.297324754763395, 1111730.661460550734773 ], [ 4060259.721842103637755, 1111730.661460550734773 ], [ 4060297.146359452512115, 1111730.661460550734773 ], [ 4060334.570876801386476, 1111730.661460550734773 ], [ 4060371.995394150260836, 1111730.661460550734773 ], [ 4060409.419911499135196, 1111730.661460550734773 ], [ 4060446.844428848009557, 1111730.661460550734773 ], [ 4060484.268946196883917, 1111730.661460550734773 ], [ 4060521.693463545758277, 1111730.661460550734773 ], [ 4060521.693463545758277, 1111693.236943201860413 ], [ 4060521.693463545758277, 1111655.812425852986053 ], [ 4060521.693463545758277, 1111618.387908504111692 ], [ 4060521.693463545758277, 1111580.963391155237332 ], [ 4060561.388158545829356, 1111563.723406564211473 ], [ 4060601.082853545900434, 1111565.195680647389963 ], [ 4060638.507370894774795, 1111565.195680647389963 ], [ 4060675.931888243649155, 1111565.195680647389963 ], [ 4060713.356405592523515, 1111565.195680647389963 ], [ 4060750.780922941397876, 1111565.195680647389963 ], [ 4060788.205440290272236, 1111565.195680647389963 ], [ 4060825.629957639146596, 1111565.195680647389963 ], [ 4060863.054474988020957, 1111565.195680647389963 ], [ 4060900.478992336895317, 1111565.195680647389963 ], [ 4060937.903509685769677, 1111565.195680647389963 ], [ 4060975.328027034644037, 1111565.195680647389963 ], [ 4061012.752544383518398, 1111565.195680647389963 ], [ 4061050.177061732392758, 1111565.195680647389963 ], [ 4061087.601579081267118, 1111565.195680647389963 ], [ 4061125.026096430141479, 1111565.195680647389963 ], [ 4061162.450613779015839, 1111565.195680647389963 ], [ 4061199.875131127890199, 1111565.195680647389963 ], [ 4061199.875131127890199, 1111527.771163298515603 ], [ 4061199.875131127890199, 1111490.346645949641243 ], [ 4061199.875131127890199, 1111452.922128600766882 ], [ 4061199.875131127890199, 1111415.497611251892522 ], [ 4061226.338261127937585, 1111389.034481251845136 ], [ 4061263.762778476811945, 1111389.034481251845136 ], [ 4061301.187295825686306, 1111389.034481251845136 ], [ 4061338.611813174560666, 1111389.034481251845136 ], [ 4061376.036330523435026, 1111389.034481251845136 ], [ 4061413.460847872309387, 1111389.034481251845136 ], [ 4061450.885365221183747, 1111389.034481251845136 ], [ 4061488.309882570058107, 1111389.034481251845136 ], [ 4061514.773012570105493, 1111362.571351251797751 ], [ 4061514.773012570105493, 1111325.14683390292339 ], [ 4061514.773012570105493, 1111287.72231655404903 ], [ 4061514.773012570105493, 1111250.29779920517467 ], [ 4061554.467707570176572, 1111233.057814614148811 ], [ 4061594.16240257024765, 1111234.530088697327301 ], [ 4061631.58691991912201, 1111234.530088697327301 ], [ 4061669.011437267996371, 1111234.530088697327301 ], [ 4061706.435954616870731, 1111234.530088697327301 ], [ 4061743.860471965745091, 1111234.530088697327301 ], [ 4061781.284989314619452, 1111234.530088697327301 ], [ 4061818.709506663493812, 1111234.530088697327301 ], [ 4061856.134024012368172, 1111234.530088697327301 ], [ 4061893.558541361242533, 1111234.530088697327301 ], [ 4061930.983058710116893, 1111234.530088697327301 ], [ 4061968.407576058991253, 1111234.530088697327301 ], [ 4062005.832093407865614, 1111234.530088697327301 ], [ 4062043.256610756739974, 1111234.530088697327301 ], [ 4062080.681128105614334, 1111234.530088697327301 ], [ 4062118.105645454488695, 1111234.530088697327301 ], [ 4062155.530162803363055, 1111234.530088697327301 ], [ 4062155.530162803363055, 1111197.105571348452941 ], [ 4062155.530162803363055, 1111159.68105399957858 ], [ 4062155.530162803363055, 1111122.25653665070422 ], [ 4062155.530162803363055, 1111084.83201930182986 ], [ 4062181.993292803410441, 1111058.368889301782474 ], [ 4062219.417810152284801, 1111058.368889301782474 ], [ 4062256.842327501159161, 1111058.368889301782474 ], [ 4062294.266844850033522, 1111058.368889301782474 ], [ 4062331.691362198907882, 1111058.368889301782474 ], [ 4062369.115879547782242, 1111058.368889301782474 ], [ 4062406.540396896656603, 1111058.368889301782474 ], [ 4062443.964914245530963, 1111058.368889301782474 ], [ 4062481.389431594405323, 1111058.368889301782474 ], [ 4062481.389431594405323, 1111020.944371952908114 ], [ 4062481.389431594405323, 1110983.519854604033753 ], [ 4062481.389431594405323, 1110946.095337255159393 ], [ 4062481.389431594405323, 1110908.670819906285033 ], [ 4062521.084126594476402, 1110902.658190519781783 ], [ 4062560.77882159454748, 1110904.130464602960274 ], [ 4062598.203338943421841, 1110904.130464602960274 ], [ 4062635.627856292296201, 1110904.130464602960274 ], [ 4062673.052373641170561, 1110904.130464602960274 ], [ 4062699.515503641217947, 1110930.593594603007659 ], [ 4062699.515503641217947, 1110968.01811195188202 ], [ 4062699.515503641217947, 1111005.44262930075638 ], [ 4062699.515503641217947, 1111042.86714664963074 ], [ 4062725.978633641265333, 1111069.330276649678126 ], [ 4062763.403150990139693, 1111069.330276649678126 ], [ 4062800.827668339014053, 1111069.330276649678126 ], [ 4062838.252185687888414, 1111069.330276649678126 ], [ 4062838.252185687888414, 1111031.905759300803766 ], [ 4062838.252185687888414, 1110994.481241951929405 ], [ 4062838.252185687888414, 1110957.056724603055045 ], [ 4062838.252185687888414, 1110919.632207254180685 ], [ 4062864.715315687935799, 1110893.169077254133299 ], [ 4062902.13983303681016, 1110893.169077254133299 ], [ 4062939.56435038568452, 1110893.169077254133299 ], [ 4062976.98886773455888, 1110893.169077254133299 ], [ 4062976.98886773455888, 1110855.744559905258939 ], [ 4062976.98886773455888, 1110818.320042556384578 ], [ 4062976.98886773455888, 1110780.895525207510218 ], [ 4062976.98886773455888, 1110743.471007858635858 ], [ 4063003.451997734606266, 1110717.007877858588472 ], [ 4063040.876515083480626, 1110717.007877858588472 ], [ 4063078.301032432354987, 1110717.007877858588472 ], [ 4063115.725549781229347, 1110717.007877858588472 ], [ 4063153.150067130103707, 1110717.007877858588472 ], [ 4063190.574584478978068, 1110717.007877858588472 ], [ 4063227.999101827852428, 1110717.007877858588472 ], [ 4063265.423619176726788, 1110717.007877858588472 ], [ 4063302.848136525601149, 1110717.007877858588472 ], [ 4063302.848136525601149, 1110679.583360509714112 ], [ 4063302.848136525601149, 1110642.158843160839751 ], [ 4063302.848136525601149, 1110604.734325811965391 ], [ 4063342.542831525672227, 1110572.524534281576052 ], [ 4063382.237526525743306, 1110570.254356629913673 ], [ 4063419.662043874617666, 1110570.254356629913673 ], [ 4063457.086561223492026, 1110570.254356629913673 ], [ 4063494.511078572366387, 1110570.254356629913673 ], [ 4063520.974208572413772, 1110596.717486629961058 ], [ 4063520.974208572413772, 1110634.142003978835419 ], [ 4063520.974208572413772, 1110671.566521327709779 ], [ 4063520.974208572413772, 1110708.991038676584139 ], [ 4063547.437338572461158, 1110735.454168676631525 ], [ 4063584.861855921335518, 1110735.454168676631525 ], [ 4063622.286373270209879, 1110735.454168676631525 ], [ 4063659.710890619084239, 1110735.454168676631525 ], [ 4063659.710890619084239, 1110698.029651327757165 ], [ 4063659.710890619084239, 1110660.605133978882805 ], [ 4063659.710890619084239, 1110623.180616630008444 ], [ 4063659.710890619084239, 1110585.756099281134084 ], [ 4063686.174020619131625, 1110559.292969281086698 ], [ 4063723.598537968005985, 1110559.292969281086698 ], [ 4063761.023055316880345, 1110559.292969281086698 ], [ 4063798.447572665754706, 1110559.292969281086698 ], [ 4063835.872090014629066, 1110559.292969281086698 ], [ 4063873.296607363503426, 1110559.292969281086698 ], [ 4063910.721124712377787, 1110559.292969281086698 ], [ 4063948.145642061252147, 1110559.292969281086698 ], [ 4063974.608772061299533, 1110532.829839281039312 ], [ 4063974.608772061299533, 1110495.405321932164952 ], [ 4063974.608772061299533, 1110457.980804583290592 ], [ 4063974.608772061299533, 1110420.556287234416232 ], [ 4064001.071902061346918, 1110394.093157234368846 ], [ 4064038.496419410221279, 1110394.093157234368846 ], [ 4064075.920936759095639, 1110394.093157234368846 ], [ 4064113.345454107969999, 1110394.093157234368846 ], [ 4064150.76997145684436, 1110394.093157234368846 ], [ 4064188.19448880571872, 1110394.093157234368846 ], [ 4064225.61900615459308, 1110394.093157234368846 ], [ 4064263.043523503467441, 1110394.093157234368846 ], [ 4064300.468040852341801, 1110394.093157234368846 ], [ 4064337.892558201216161, 1110394.093157234368846 ], [ 4064375.317075550090522, 1110394.093157234368846 ], [ 4064412.741592898964882, 1110394.093157234368846 ], [ 4064450.166110247839242, 1110394.093157234368846 ], [ 4064487.590627596713603, 1110394.093157234368846 ], [ 4064525.015144945587963, 1110394.093157234368846 ], [ 4064562.439662294462323, 1110394.093157234368846 ], [ 4064599.864179643336684, 1110394.093157234368846 ], [ 4064637.288696992211044, 1110394.093157234368846 ], [ 4064663.75182699225843, 1110420.556287234416232 ], [ 4064663.75182699225843, 1110457.980804583290592 ], [ 4064663.75182699225843, 1110495.405321932164952 ], [ 4064663.75182699225843, 1110532.829839281039312 ], [ 4064663.75182699225843, 1110570.254356629913673 ], [ 4064701.17634434113279, 1110570.254356629913673 ], [ 4064738.60086169000715, 1110570.254356629913673 ], [ 4064776.02537903888151, 1110570.254356629913673 ], [ 4064813.449896387755871, 1110570.254356629913673 ], [ 4064850.874413736630231, 1110570.254356629913673 ], [ 4064888.298931085504591, 1110570.254356629913673 ], [ 4064925.723448434378952, 1110570.254356629913673 ], [ 4064963.147965783253312, 1110570.254356629913673 ], [ 4064989.611095783300698, 1110596.717486629961058 ], [ 4064989.611095783300698, 1110634.142003978835419 ], [ 4064989.611095783300698, 1110671.566521327709779 ], [ 4064989.611095783300698, 1110708.991038676584139 ], [ 4065016.074225783348083, 1110735.454168676631525 ], [ 4065053.498743132222444, 1110735.454168676631525 ], [ 4065090.923260481096804, 1110735.454168676631525 ], [ 4065128.347777829971164, 1110735.454168676631525 ], [ 4065128.347777829971164, 1110698.029651327757165 ], [ 4065128.347777829971164, 1110660.605133978882805 ], [ 4065128.347777829971164, 1110623.180616630008444 ], [ 4065128.347777829971164, 1110585.756099281134084 ], [ 4065154.81090783001855, 1110559.292969281086698 ], [ 4065192.23542517889291, 1110559.292969281086698 ], [ 4065229.659942527767271, 1110559.292969281086698 ], [ 4065267.084459876641631, 1110559.292969281086698 ], [ 4065304.508977225515991, 1110559.292969281086698 ], [ 4065341.933494574390352, 1110559.292969281086698 ], [ 4065379.358011923264712, 1110559.292969281086698 ], [ 4065416.782529272139072, 1110559.292969281086698 ], [ 4065454.207046621013433, 1110559.292969281086698 ], [ 4065480.670176621060818, 1110585.756099281134084 ], [ 4065480.670176621060818, 1110623.180616630008444 ], [ 4065480.670176621060818, 1110660.605133978882805 ], [ 4065480.670176621060818, 1110698.029651327757165 ], [ 4065480.670176621060818, 1110735.454168676631525 ], [ 4065518.094693969935179, 1110735.454168676631525 ], [ 4065555.519211318809539, 1110735.454168676631525 ], [ 4065592.943728667683899, 1110735.454168676631525 ], [ 4065630.36824601655826, 1110735.454168676631525 ], [ 4065667.79276336543262, 1110735.454168676631525 ], [ 4065705.21728071430698, 1110735.454168676631525 ], [ 4065742.641798063181341, 1110735.454168676631525 ], [ 4065780.066315412055701, 1110735.454168676631525 ], [ 4065817.490832760930061, 1110735.454168676631525 ], [ 4065854.915350109804422, 1110735.454168676631525 ], [ 4065892.339867458678782, 1110735.454168676631525 ], [ 4065929.764384807553142, 1110735.454168676631525 ], [ 4065967.188902156427503, 1110735.454168676631525 ], [ 4065967.188902156427503, 1110772.878686025505885 ], [ 4065967.188902156427503, 1110810.303203374380246 ], [ 4065967.188902156427503, 1110847.727720723254606 ], [ 4065967.188902156427503, 1110885.152238072128966 ], [ 4066004.613419505301863, 1110885.152238072128966 ], [ 4066042.037936854176223, 1110885.152238072128966 ], [ 4066079.462454203050584, 1110885.152238072128966 ], [ 4066116.886971551924944, 1110885.152238072128966 ], [ 4066154.311488900799304, 1110885.152238072128966 ], [ 4066191.736006249673665, 1110885.152238072128966 ], [ 4066229.160523598548025, 1110885.152238072128966 ], [ 4066266.585040947422385, 1110885.152238072128966 ], [ 4066304.009558296296746, 1110885.152238072128966 ], [ 4066341.434075645171106, 1110885.152238072128966 ], [ 4066378.858592994045466, 1110885.152238072128966 ], [ 4066416.283110342919827, 1110885.152238072128966 ], [ 4066442.746240342967212, 1110911.615368072176352 ], [ 4066442.746240342967212, 1110949.039885421050712 ], [ 4066442.746240342967212, 1110986.464402769925073 ], [ 4066442.746240342967212, 1111023.888920118799433 ], [ 4066442.746240342967212, 1111061.313437467673793 ], [ 4066480.170757691841573, 1111061.313437467673793 ], [ 4066517.595275040715933, 1111061.313437467673793 ], [ 4066555.019792389590293, 1111061.313437467673793 ], [ 4066592.444309738464653, 1111061.313437467673793 ], [ 4066618.907439738512039, 1111034.850307467626408 ], [ 4066618.907439738512039, 1110997.425790118752047 ], [ 4066618.907439738512039, 1110960.001272769877687 ], [ 4066618.907439738512039, 1110922.576755421003327 ], [ 4066645.370569738559425, 1110896.113625420955941 ], [ 4066682.795087087433785, 1110896.113625420955941 ], [ 4066720.219604436308146, 1110896.113625420955941 ], [ 4066757.644121785182506, 1110896.113625420955941 ], [ 4066786.111461580730975, 1110935.80832042102702 ], [ 4066788.381639232393354, 1110975.503015421098098 ], [ 4066788.381639232393354, 1111012.927532769972458 ], [ 4066788.381639232393354, 1111050.352050118846819 ], [ 4066788.381639232393354, 1111087.776567467721179 ], [ 4066788.381639232393354, 1111125.201084816595539 ], [ 4066788.381639232393354, 1111162.6256021654699 ], [ 4066788.381639232393354, 1111200.05011951434426 ], [ 4066788.381639232393354, 1111237.47463686321862 ], [ 4066788.381639232393354, 1111274.899154212092981 ], [ 4066788.381639232393354, 1111312.323671560967341 ], [ 4066788.381639232393354, 1111349.748188909841701 ], [ 4066788.381639232393354, 1111387.172706258716062 ], [ 4066825.806156581267715, 1111387.172706258716062 ], [ 4066863.230673930142075, 1111387.172706258716062 ], [ 4066900.655191279016435, 1111387.172706258716062 ], [ 4066938.079708627890795, 1111387.172706258716062 ], [ 4066964.542838627938181, 1111413.635836258763447 ], [ 4066964.542838627938181, 1111451.060353607637808 ], [ 4066964.542838627938181, 1111488.484870956512168 ], [ 4066964.542838627938181, 1111525.909388305386528 ], [ 4066964.542838627938181, 1111563.333905654260889 ], [ 4067001.967355976812541, 1111563.333905654260889 ], [ 4067039.391873325686902, 1111563.333905654260889 ], [ 4067076.816390674561262, 1111563.333905654260889 ], [ 4067103.279520674608648, 1111589.797035654308274 ], [ 4067103.279520674608648, 1111627.221553003182635 ], [ 4067103.279520674608648, 1111664.646070352056995 ], [ 4067103.279520674608648, 1111702.070587700931355 ], [ 4067129.742650674656034, 1111728.533717700978741 ], [ 4067167.167168023530394, 1111728.533717700978741 ], [ 4067204.591685372404754, 1111728.533717700978741 ], [ 4067242.016202721279114, 1111728.533717700978741 ], [ 4067279.440720070153475, 1111728.533717700978741 ], [ 4067305.903850070200861, 1111754.996847701026127 ], [ 4067305.903850070200861, 1111792.421365049900487 ], [ 4067305.903850070200861, 1111829.845882398774847 ], [ 4067305.903850070200861, 1111867.270399747649208 ], [ 4067332.366980070248246, 1111893.733529747696593 ], [ 4067369.791497419122607, 1111893.733529747696593 ], [ 4067407.216014767996967, 1111893.733529747696593 ], [ 4067444.640532116871327, 1111893.733529747696593 ], [ 4067471.103662116918713, 1111920.196659747743979 ], [ 4067471.103662116918713, 1111957.621177096618339 ], [ 4067471.103662116918713, 1111995.0456944454927 ], [ 4067471.103662116918713, 1112032.47021179436706 ], [ 4067497.566792116966099, 1112058.933341794414446 ], [ 4067534.991309465840459, 1112058.933341794414446 ], [ 4067572.415826814714819, 1112058.933341794414446 ], [ 4067609.84034416358918, 1112058.933341794414446 ], [ 4067609.84034416358918, 1112096.357859143288806 ], [ 4067609.84034416358918, 1112133.782376492163166 ], [ 4067609.84034416358918, 1112171.206893841037527 ], [ 4067609.84034416358918, 1112208.631411189911887 ], [ 4067647.26486151246354, 1112208.631411189911887 ], [ 4067684.6893788613379, 1112208.631411189911887 ], [ 4067722.11389621021226, 1112208.631411189911887 ], [ 4067759.538413559086621, 1112208.631411189911887 ], [ 4067786.001543559134007, 1112235.094541189959273 ], [ 4067786.001543559134007, 1112272.519058538833633 ], [ 4067786.001543559134007, 1112309.943575887707993 ], [ 4067786.001543559134007, 1112347.368093236582354 ], [ 4067786.001543559134007, 1112384.792610585456714 ], [ 4067823.426060908008367, 1112384.792610585456714 ], [ 4067860.850578256882727, 1112384.792610585456714 ], [ 4067898.275095605757087, 1112384.792610585456714 ], [ 4067924.738225605804473, 1112411.2557405855041 ], [ 4067924.738225605804473, 1112448.68025793437846 ], [ 4067924.738225605804473, 1112486.10477528325282 ], [ 4067924.738225605804473, 1112523.529292632127181 ], [ 4067951.201355605851859, 1112549.992422632174566 ], [ 4067988.625872954726219, 1112549.992422632174566 ], [ 4068026.05039030360058, 1112549.992422632174566 ], [ 4068063.47490765247494, 1112549.992422632174566 ], [ 4068100.8994250013493, 1112549.992422632174566 ], [ 4068127.362555001396686, 1112576.455552632221952 ], [ 4068127.362555001396686, 1112613.880069981096312 ], [ 4068127.362555001396686, 1112651.304587329970673 ], [ 4068127.362555001396686, 1112688.729104678845033 ], [ 4068153.825685001444072, 1112715.192234678892419 ], [ 4068191.250202350318432, 1112715.192234678892419 ], [ 4068228.674719699192792, 1112715.192234678892419 ], [ 4068266.099237048067153, 1112715.192234678892419 ], [ 4068292.562367048114538, 1112741.655364678939804 ], [ 4068292.562367048114538, 1112779.079882027814165 ], [ 4068292.562367048114538, 1112816.504399376688525 ], [ 4068292.562367048114538, 1112853.928916725562885 ], [ 4068319.025497048161924, 1112880.392046725610271 ], [ 4068356.450014397036284, 1112880.392046725610271 ], [ 4068393.874531745910645, 1112880.392046725610271 ], [ 4068431.299049094785005, 1112880.392046725610271 ], [ 4068431.299049094785005, 1112917.816564074484631 ], [ 4068431.299049094785005, 1112955.241081423358992 ], [ 4068431.299049094785005, 1112992.665598772233352 ], [ 4068431.299049094785005, 1113030.090116121107712 ], [ 4068468.723566443659365, 1113030.090116121107712 ], [ 4068506.148083792533726, 1113030.090116121107712 ], [ 4068543.572601141408086, 1113030.090116121107712 ], [ 4068580.997118490282446, 1113030.090116121107712 ], [ 4068607.460248490329832, 1113056.553246121155098 ], [ 4068607.460248490329832, 1113093.977763470029458 ], [ 4068607.460248490329832, 1113131.402280818903819 ], [ 4068607.460248490329832, 1113168.826798167778179 ], [ 4068607.460248490329832, 1113206.251315516652539 ], [ 4068644.884765839204192, 1113206.251315516652539 ], [ 4068682.309283188078552, 1113206.251315516652539 ], [ 4068719.733800536952913, 1113206.251315516652539 ], [ 4068746.196930537000299, 1113232.714445516699925 ], [ 4068746.196930537000299, 1113270.138962865574285 ], [ 4068746.196930537000299, 1113307.563480214448646 ], [ 4068746.196930537000299, 1113344.987997563323006 ], [ 4068746.196930537000299, 1113382.412514912197366 ], [ 4068783.621447885874659, 1113382.412514912197366 ], [ 4068821.045965234749019, 1113382.412514912197366 ], [ 4068858.470482583623379, 1113382.412514912197366 ], [ 4068895.89499993249774, 1113382.412514912197366 ], [ 4068933.3195172813721, 1113382.412514912197366 ], [ 4068933.3195172813721, 1113419.837032261071727 ], [ 4068933.3195172813721, 1113457.261549609946087 ], [ 4068933.3195172813721, 1113494.686066958820447 ], [ 4068933.3195172813721, 1113532.110584307694808 ], [ 4068970.74403463024646, 1113532.110584307694808 ], [ 4069008.168551979120821, 1113532.110584307694808 ], [ 4069045.593069327995181, 1113532.110584307694808 ], [ 4069083.017586676869541, 1113532.110584307694808 ], [ 4069109.480716676916927, 1113558.573714307742193 ], [ 4069109.480716676916927, 1113595.998231656616554 ], [ 4069109.480716676916927, 1113633.422749005490914 ], [ 4069109.480716676916927, 1113670.847266354365274 ], [ 4069109.480716676916927, 1113708.271783703239635 ], [ 4069146.905234025791287, 1113708.271783703239635 ], [ 4069184.329751374665648, 1113708.271783703239635 ], [ 4069221.754268723540008, 1113708.271783703239635 ], [ 4069248.217398723587394, 1113734.73491370328702 ], [ 4069248.217398723587394, 1113772.159431052161381 ], [ 4069248.217398723587394, 1113809.583948401035741 ], [ 4069248.217398723587394, 1113847.008465749910101 ], [ 4069248.217398723587394, 1113884.432983098784462 ], [ 4069248.217398723587394, 1113921.857500447658822 ], [ 4069248.217398723587394, 1113959.282017796533182 ], [ 4069248.217398723587394, 1113996.706535145407543 ], [ 4069248.217398723587394, 1114034.131052494281903 ], [ 4069285.641916072461754, 1114034.131052494281903 ], [ 4069323.066433421336114, 1114034.131052494281903 ], [ 4069360.490950770210475, 1114034.131052494281903 ], [ 4069397.915468119084835, 1114034.131052494281903 ], [ 4069424.378598119132221, 1114060.594182494329289 ], [ 4069424.378598119132221, 1114098.018699843203649 ], [ 4069424.378598119132221, 1114135.443217192078009 ], [ 4069424.378598119132221, 1114172.86773454095237 ], [ 4069424.378598119132221, 1114210.29225188982673 ], [ 4069461.803115468006581, 1114210.29225188982673 ], [ 4069499.227632816880941, 1114210.29225188982673 ], [ 4069536.652150165755302, 1114210.29225188982673 ], [ 4069574.076667514629662, 1114210.29225188982673 ], [ 4069600.539797514677048, 1114236.755381889874116 ], [ 4069600.539797514677048, 1114274.179899238748476 ], [ 4069600.539797514677048, 1114311.604416587622836 ], [ 4069600.539797514677048, 1114349.028933936497197 ], [ 4069627.002927514724433, 1114375.492063936544582 ], [ 4069664.427444863598794, 1114375.492063936544582 ], [ 4069701.851962212473154, 1114375.492063936544582 ], [ 4069739.276479561347514, 1114375.492063936544582 ], [ 4069765.7396095613949, 1114401.955193936591968 ], [ 4069765.7396095613949, 1114439.379711285466328 ], [ 4069765.7396095613949, 1114476.804228634340689 ], [ 4069765.7396095613949, 1114514.228745983215049 ], [ 4069792.202739561442286, 1114540.691875983262435 ], [ 4069829.627256910316646, 1114540.691875983262435 ], [ 4069867.051774259191006, 1114540.691875983262435 ], [ 4069904.476291608065367, 1114540.691875983262435 ], [ 4069930.939421608112752, 1114567.15500598330982 ], [ 4069930.939421608112752, 1114604.579523332184181 ], [ 4069930.939421608112752, 1114642.004040681058541 ], [ 4069930.939421608112752, 1114679.428558029932901 ], [ 4069957.402551608160138, 1114705.891688029980287 ], [ 4069994.827068957034498, 1114705.891688029980287 ], [ 4070032.251586305908859, 1114705.891688029980287 ], [ 4070069.676103654783219, 1114705.891688029980287 ], [ 4070069.676103654783219, 1114743.316205378854647 ], [ 4070069.676103654783219, 1114780.740722727729008 ], [ 4070069.676103654783219, 1114818.165240076603368 ], [ 4070069.676103654783219, 1114855.589757425477728 ], [ 4070107.100621003657579, 1114855.589757425477728 ], [ 4070144.52513835253194, 1114855.589757425477728 ], [ 4070181.9496557014063, 1114855.589757425477728 ], [ 4070219.37417305028066, 1114855.589757425477728 ], [ 4070245.837303050328046, 1114882.052887425525114 ], [ 4070245.837303050328046, 1114919.477404774399474 ], [ 4070245.837303050328046, 1114956.901922123273835 ], [ 4070245.837303050328046, 1114994.326439472148195 ], [ 4070245.837303050328046, 1115031.750956821022555 ], [ 4070245.837303050328046, 1115069.175474169896916 ], [ 4070245.837303050328046, 1115106.599991518771276 ], [ 4070245.837303050328046, 1115144.024508867645636 ], [ 4070245.837303050328046, 1115181.449026216519997 ], [ 4070283.261820399202406, 1115181.449026216519997 ], [ 4070320.686337748076767, 1115181.449026216519997 ], [ 4070358.110855096951127, 1115181.449026216519997 ], [ 4070395.535372445825487, 1115181.449026216519997 ], [ 4070421.998502445872873, 1115207.912156216567382 ], [ 4070421.998502445872873, 1115245.336673565441743 ], [ 4070421.998502445872873, 1115282.761190914316103 ], [ 4070421.998502445872873, 1115320.185708263190463 ], [ 4070421.998502445872873, 1115357.610225612064824 ], [ 4070459.423019794747233, 1115357.610225612064824 ], [ 4070496.847537143621594, 1115357.610225612064824 ], [ 4070534.272054492495954, 1115357.610225612064824 ], [ 4070571.696571841370314, 1115357.610225612064824 ], [ 4070571.696571841370314, 1115395.034742960939184 ], [ 4070571.696571841370314, 1115432.459260309813544 ], [ 4070571.696571841370314, 1115469.883777658687904 ], [ 4070571.696571841370314, 1115507.308295007562265 ], [ 4070598.1597018414177, 1115533.77142500760965 ], [ 4070635.58421919029206, 1115533.77142500760965 ], [ 4070673.008736539166421, 1115533.77142500760965 ], [ 4070710.433253888040781, 1115533.77142500760965 ], [ 4070736.896383888088167, 1115560.234555007657036 ], [ 4070736.896383888088167, 1115597.659072356531397 ], [ 4070736.896383888088167, 1115635.083589705405757 ], [ 4070736.896383888088167, 1115672.508107054280117 ], [ 4070763.359513888135552, 1115698.971237054327503 ], [ 4070800.784031237009913, 1115698.971237054327503 ], [ 4070838.208548585884273, 1115698.971237054327503 ], [ 4070875.633065934758633, 1115698.971237054327503 ], [ 4070902.096195934806019, 1115725.434367054374889 ], [ 4070902.096195934806019, 1115762.858884403249249 ], [ 4070902.096195934806019, 1115800.283401752123609 ], [ 4070902.096195934806019, 1115837.70791910099797 ], [ 4070928.559325934853405, 1115864.171049101045355 ], [ 4070965.983843283727765, 1115864.171049101045355 ], [ 4071003.408360632602125, 1115864.171049101045355 ], [ 4071040.832877981476486, 1115864.171049101045355 ], [ 4071067.296007981523871, 1115890.634179101092741 ], [ 4071067.296007981523871, 1115928.058696449967101 ], [ 4071067.296007981523871, 1115965.483213798841462 ], [ 4071067.296007981523871, 1116002.907731147715822 ], [ 4071093.759137981571257, 1116029.370861147763208 ], [ 4071131.183655330445617, 1116029.370861147763208 ], [ 4071168.608172679319978, 1116029.370861147763208 ], [ 4071206.032690028194338, 1116029.370861147763208 ], [ 4071232.495820028241724, 1116055.833991147810593 ], [ 4071232.495820028241724, 1116093.258508496684954 ], [ 4071232.495820028241724, 1116130.683025845559314 ], [ 4071232.495820028241724, 1116168.107543194433674 ], [ 4071258.958950028289109, 1116194.57067319448106 ], [ 4071296.38346737716347, 1116194.57067319448106 ], [ 4071333.80798472603783, 1116194.57067319448106 ], [ 4071371.23250207491219, 1116194.57067319448106 ], [ 4071397.695632074959576, 1116221.033803194528446 ], [ 4071397.695632074959576, 1116258.458320543402806 ], [ 4071397.695632074959576, 1116295.882837892277166 ], [ 4071397.695632074959576, 1116333.307355241151527 ], [ 4071424.158762075006962, 1116359.770485241198912 ], [ 4071461.583279423881322, 1116359.770485241198912 ], [ 4071499.007796772755682, 1116359.770485241198912 ], [ 4071536.432314121630043, 1116359.770485241198912 ], [ 4071562.895444121677428, 1116386.233615241246298 ], [ 4071562.895444121677428, 1116423.658132590120658 ], [ 4071562.895444121677428, 1116461.082649938995019 ], [ 4071562.895444121677428, 1116498.507167287869379 ], [ 4071589.358574121724814, 1116524.970297287916765 ], [ 4071626.783091470599174, 1116524.970297287916765 ], [ 4071664.207608819473535, 1116524.970297287916765 ], [ 4071701.632126168347895, 1116524.970297287916765 ], [ 4072414.643065352924168, 1117190.458940270124003 ], [ 4073388.399771500844508, 1118378.772208789829165 ], [ 4074180.60861718095839, 1119071.954948759637773 ], [ 4074873.791357150766999, 1119732.128986826166511 ], [ 4075286.400130941998214, 1120293.276919182855636 ], [ 4075515.171542265452445, 1120996.649283013539389 ], [ 4075515.171542265452445, 1121034.073800362413749 ], [ 4075515.171542265452445, 1121071.498317711288109 ], [ 4075515.171542265452445, 1121108.92283506016247 ], [ 4075515.171542265452445, 1121146.34735240903683 ], [ 4075515.171542265452445, 1121183.77186975791119 ], [ 4075515.171542265452445, 1121221.196387106785551 ], [ 4075515.171542265452445, 1121258.620904455659911 ], [ 4075515.171542265452445, 1121296.045421804534271 ], [ 4075515.171542265452445, 1121333.469939153408632 ], [ 4075515.171542265452445, 1121370.894456502282992 ], [ 4075515.171542265452445, 1121408.318973851157352 ], [ 4075515.171542265452445, 1121445.743491200031713 ], [ 4075515.171542265452445, 1121483.168008548906073 ], [ 4075515.171542265452445, 1121520.592525897780433 ], [ 4075515.171542265452445, 1121558.017043246654794 ], [ 4075515.171542265452445, 1121595.441560595529154 ], [ 4075515.171542265452445, 1121632.866077944403514 ], [ 4075515.171542265452445, 1121670.290595293277875 ], [ 4075515.171542265452445, 1121707.715112642152235 ], [ 4075515.171542265452445, 1121745.139629991026595 ], [ 4075515.171542265452445, 1121782.564147339900956 ], [ 4075515.171542265452445, 1121819.988664688775316 ], [ 4075515.171542265452445, 1121857.413182037649676 ], [ 4075515.171542265452445, 1121894.837699386524037 ], [ 4075515.171542265452445, 1121932.262216735398397 ], [ 4075515.171542265452445, 1121969.686734084272757 ], [ 4075552.596059614326805, 1121969.686734084272757 ], [ 4075590.020576963201165, 1121969.686734084272757 ], [ 4075627.445094312075526, 1121969.686734084272757 ], [ 4075653.908224312122911, 1121996.149864084320143 ], [ 4075653.908224312122911, 1122033.574381433194503 ], [ 4075653.908224312122911, 1122070.998898782068864 ], [ 4075653.908224312122911, 1122108.423416130943224 ], [ 4075653.908224312122911, 1122145.847933479817584 ], [ 4075653.908224312122911, 1122183.272450828691944 ], [ 4075653.908224312122911, 1122220.696968177566305 ], [ 4075653.908224312122911, 1122258.121485526440665 ], [ 4075653.908224312122911, 1122295.546002875315025 ], [ 4075653.908224312122911, 1122332.970520224189386 ], [ 4075653.908224312122911, 1122370.395037573063746 ], [ 4075653.908224312122911, 1122407.819554921938106 ], [ 4075653.908224312122911, 1122445.244072270812467 ], [ 4075653.908224312122911, 1122482.668589619686827 ], [ 4075653.908224312122911, 1122520.093106968561187 ], [ 4075653.908224312122911, 1122557.517624317435548 ], [ 4075653.908224312122911, 1122594.942141666309908 ], [ 4075653.908224312122911, 1122632.366659015184268 ], [ 4075653.908224312122911, 1122669.791176364058629 ], [ 4075653.908224312122911, 1122707.215693712932989 ], [ 4075653.908224312122911, 1122744.640211061807349 ], [ 4075653.908224312122911, 1122782.06472841068171 ], [ 4075653.908224312122911, 1122819.48924575955607 ], [ 4075653.908224312122911, 1122856.91376310843043 ], [ 4075653.908224312122911, 1122894.338280457304791 ], [ 4075653.908224312122911, 1122931.762797806179151 ], [ 4075653.908224312122911, 1122969.187315155053511 ], [ 4075653.908224312122911, 1123006.611832503927872 ], [ 4075653.908224312122911, 1123044.036349852802232 ], [ 4075653.908224312122911, 1123081.460867201676592 ], [ 4075653.908224312122911, 1123118.885384550550953 ], [ 4075691.332741660997272, 1123118.885384550550953 ], [ 4075728.757259009871632, 1123118.885384550550953 ], [ 4075766.181776358745992, 1123118.885384550550953 ], [ 4075803.606293707620353, 1123118.885384550550953 ], [ 4075841.030811056494713, 1123118.885384550550953 ], [ 4075841.030811056494713, 1123156.309901899425313 ], [ 4075841.030811056494713, 1123193.734419248299673 ], [ 4075841.030811056494713, 1123231.158936597174034 ], [ 4075841.030811056494713, 1123268.583453946048394 ], [ 4075841.030811056494713, 1123306.007971294922754 ], [ 4075841.030811056494713, 1123343.432488643797114 ], [ 4075841.030811056494713, 1123380.857005992671475 ], [ 4075841.030811056494713, 1123418.281523341545835 ], [ 4075841.030811056494713, 1123455.706040690420195 ], [ 4075841.030811056494713, 1123493.130558039294556 ], [ 4075841.030811056494713, 1123530.555075388168916 ], [ 4075841.030811056494713, 1123567.979592737043276 ], [ 4075841.030811056494713, 1123605.404110085917637 ], [ 4075841.030811056494713, 1123642.828627434791997 ], [ 4075841.030811056494713, 1123680.253144783666357 ], [ 4075841.030811056494713, 1123717.677662132540718 ], [ 4075841.030811056494713, 1123755.102179481415078 ], [ 4075841.030811056494713, 1123792.526696830289438 ], [ 4075841.030811056494713, 1123829.951214179163799 ], [ 4075841.030811056494713, 1123867.375731528038159 ], [ 4075841.030811056494713, 1123904.800248876912519 ], [ 4075841.030811056494713, 1123942.22476622578688 ], [ 4075841.030811056494713, 1123979.64928357466124 ], [ 4075841.030811056494713, 1124017.0738009235356 ], [ 4075841.030811056494713, 1124054.498318272409961 ], [ 4075841.030811056494713, 1124091.922835621284321 ], [ 4075841.030811056494713, 1124129.347352970158681 ], [ 4075841.030811056494713, 1124166.771870319033042 ], [ 4075841.030811056494713, 1124204.196387667907402 ], [ 4075841.030811056494713, 1124241.620905016781762 ], [ 4075841.030811056494713, 1124279.045422365656123 ], [ 4075841.030811056494713, 1124316.469939714530483 ], [ 4075841.030811056494713, 1124353.894457063404843 ], [ 4075841.030811056494713, 1124391.318974412279204 ], [ 4075841.030811056494713, 1124428.743491761153564 ], [ 4075841.030811056494713, 1124466.168009110027924 ], [ 4075841.030811056494713, 1124503.592526458902285 ], [ 4075841.030811056494713, 1124541.017043807776645 ], [ 4075841.030811056494713, 1124578.441561156651005 ], [ 4075841.030811056494713, 1124615.866078505525365 ], [ 4075841.030811056494713, 1124653.290595854399726 ], [ 4075841.030811056494713, 1124690.715113203274086 ], [ 4075841.030811056494713, 1124728.139630552148446 ], [ 4075841.030811056494713, 1124765.564147901022807 ], [ 4075841.030811056494713, 1124802.988665249897167 ], [ 4075841.030811056494713, 1124840.413182598771527 ], [ 4075841.030811056494713, 1124877.837699947645888 ], [ 4075841.030811056494713, 1124915.262217296520248 ], [ 4075841.030811056494713, 1124952.686734645394608 ], [ 4075841.030811056494713, 1124990.111251994268969 ], [ 4075841.030811056494713, 1125027.535769343143329 ], [ 4075841.030811056494713, 1125064.960286692017689 ], [ 4075841.030811056494713, 1125102.38480404089205 ], [ 4075841.030811056494713, 1125139.80932138976641 ], [ 4075841.030811056494713, 1125177.23383873864077 ], [ 4075841.030811056494713, 1125214.658356087515131 ], [ 4075841.030811056494713, 1125252.082873436389491 ], [ 4075841.030811056494713, 1125289.507390785263851 ], [ 4075841.030811056494713, 1125326.931908134138212 ], [ 4075841.030811056494713, 1125364.356425483012572 ], [ 4075841.030811056494713, 1125401.780942831886932 ], [ 4075841.030811056494713, 1125439.205460180761293 ], [ 4075841.030811056494713, 1125476.629977529635653 ], [ 4075841.030811056494713, 1125514.054494878510013 ], [ 4075841.030811056494713, 1125551.479012227384374 ], [ 4075841.030811056494713, 1125588.903529576258734 ], [ 4075841.030811056494713, 1125626.328046925133094 ], [ 4075841.030811056494713, 1125663.752564274007455 ], [ 4075841.030811056494713, 1125701.177081622881815 ], [ 4075841.030811056494713, 1125738.601598971756175 ], [ 4075841.030811056494713, 1125776.026116320630535 ], [ 4075878.455328405369073, 1125776.026116320630535 ], [ 4075915.879845754243433, 1125776.026116320630535 ], [ 4075953.304363103117794, 1125776.026116320630535 ], [ 4075990.728880451992154, 1125776.026116320630535 ], [ 4076017.19201045203954, 1125802.489246320677921 ], [ 4076017.19201045203954, 1125839.913763669552281 ], [ 4076017.19201045203954, 1125877.338281018426642 ], [ 4076017.19201045203954, 1125914.762798367301002 ], [ 4076017.19201045203954, 1125952.187315716175362 ], [ 4076017.19201045203954, 1125989.611833065049723 ], [ 4076017.19201045203954, 1126027.036350413924083 ], [ 4076017.19201045203954, 1126064.460867762798443 ], [ 4076017.19201045203954, 1126101.885385111672804 ], [ 4076017.19201045203954, 1126139.309902460547164 ], [ 4076017.19201045203954, 1126176.734419809421524 ], [ 4076017.19201045203954, 1126214.158937158295885 ], [ 4076017.19201045203954, 1126251.583454507170245 ], [ 4076017.19201045203954, 1126289.007971856044605 ], [ 4076017.19201045203954, 1126326.432489204918966 ], [ 4076017.19201045203954, 1126363.857006553793326 ], [ 4076017.19201045203954, 1126401.281523902667686 ], [ 4076017.19201045203954, 1126438.706041251542047 ], [ 4076017.19201045203954, 1126476.130558600416407 ], [ 4076017.19201045203954, 1126513.555075949290767 ], [ 4076017.19201045203954, 1126550.979593298165128 ], [ 4076017.19201045203954, 1126588.404110647039488 ], [ 4076017.19201045203954, 1126625.828627995913848 ], [ 4076017.19201045203954, 1126663.253145344788209 ], [ 4076017.19201045203954, 1126700.677662693662569 ], [ 4076017.19201045203954, 1126738.102180042536929 ], [ 4076017.19201045203954, 1126775.52669739141129 ], [ 4076017.19201045203954, 1126812.95121474028565 ], [ 4076017.19201045203954, 1126850.37573208916001 ], [ 4076017.19201045203954, 1126887.800249438034371 ], [ 4076017.19201045203954, 1126925.224766786908731 ], [ 4076017.19201045203954, 1126962.649284135783091 ], [ 4076017.19201045203954, 1127000.073801484657452 ], [ 4076017.19201045203954, 1127037.498318833531812 ], [ 4076017.19201045203954, 1127074.922836182406172 ], [ 4076017.19201045203954, 1127112.347353531280532 ], [ 4076017.19201045203954, 1127149.771870880154893 ], [ 4076017.19201045203954, 1127187.196388229029253 ], [ 4076017.19201045203954, 1127224.620905577903613 ], [ 4076017.19201045203954, 1127262.045422926777974 ], [ 4075990.728880451992154, 1127288.508552926825359 ], [ 4075953.304363103117794, 1127288.508552926825359 ], [ 4075915.879845754243433, 1127288.508552926825359 ], [ 4075878.455328405369073, 1127288.508552926825359 ], [ 4075841.030811056494713, 1127288.508552926825359 ], [ 4075841.030811056494713, 1127325.93307027569972 ], [ 4075841.030811056494713, 1127363.35758762457408 ], [ 4075841.030811056494713, 1127400.78210497344844 ], [ 4075841.030811056494713, 1127438.206622322322801 ], [ 4075841.030811056494713, 1127475.631139671197161 ], [ 4075841.030811056494713, 1127513.055657020071521 ], [ 4075841.030811056494713, 1127550.480174368945882 ], [ 4075841.030811056494713, 1127587.904691717820242 ], [ 4075814.567681056447327, 1127614.367821717867628 ], [ 4075777.143163707572967, 1127614.367821717867628 ], [ 4075739.718646358698606, 1127614.367821717867628 ], [ 4075702.294129009824246, 1127614.367821717867628 ], [ 4075664.869611660949886, 1127614.367821717867628 ], [ 4075664.869611660949886, 1127651.792339066741988 ], [ 4075664.869611660949886, 1127689.216856415616348 ], [ 4075664.869611660949886, 1127726.641373764490709 ], [ 4075664.869611660949886, 1127764.065891113365069 ], [ 4075664.869611660949886, 1127801.490408462239429 ], [ 4075664.869611660949886, 1127838.91492581111379 ], [ 4075664.869611660949886, 1127876.33944315998815 ], [ 4075664.869611660949886, 1127913.76396050886251 ], [ 4075664.869611660949886, 1127951.188477857736871 ], [ 4075664.869611660949886, 1127988.612995206611231 ], [ 4075664.869611660949886, 1128026.037512555485591 ], [ 4075664.869611660949886, 1128063.462029904359952 ], [ 4075664.869611660949886, 1128100.886547253234312 ], [ 4075664.869611660949886, 1128138.311064602108672 ], [ 4075664.869611660949886, 1128175.735581950983033 ], [ 4075664.869611660949886, 1128213.160099299857393 ], [ 4075664.869611660949886, 1128250.584616648731753 ], [ 4075638.4064816609025, 1128277.047746648779139 ], [ 4075600.98196431202814, 1128277.047746648779139 ], [ 4075343.379568981472403, 1129081.896666422253475 ], [ 4075016.393911377992481, 1130062.853639232227579 ], [ 4074689.40825377497822, 1131168.376576843671501 ], [ 4074253.427376970183104, 1132476.319207257125527 ], [ 4073910.87097376678139, 1133768.691092070424929 ], [ 4073397.036368961445987, 1135388.048634487204254 ], [ 4072884.493940495420247, 1136226.547167261363938 ] ] ] } }
]
}
