{
"type": "FeatureCollection",
"name": "Jarso",
"crs": { "type": "name", "properties": { "name": "urn:ogc:def:crs:EPSG::3857" } },
"features": [
{ "type": "Feature", "properties": { }, "geometry": { "type": "Polygon", "coordinates": [ ] } },
{ "type": "Feature", "properties": { }, "geometry": { "type": "Polygon", "coordinates": [ [ [ 3941651.970060427673161, 1046259.217691566213034 ], [ 3941591.1709198448807, 1046232.754561566165648 ], [ 3940989.29013549676165, 1045970.782940124045126 ], [ 3940962.827005496714264, 1045944.31981012399774 ], [ 3940925.402488147839904, 1045944.31981012399774 ], [ 3940887.977970798965544, 1045944.31981012399774 ], [ 3940850.553453450091183, 1045944.31981012399774 ], [ 3940810.858758450020105, 1045904.625115124043077 ], [ 3940773.434241101145744, 1045904.625115124043077 ], [ 3940204.76242870464921, 1045674.350615308969282 ], [ 3939125.454829087480903, 1045162.514021676033735 ], [ 3938424.461233459878713, 1044672.931192983756773 ], [ 3937701.964139935094863, 1044273.448094424791634 ], [ 3937675.501009935047477, 1044246.984964424744248 ], [ 3937638.076492586173117, 1044246.984964424744248 ], [ 3937600.651975237298757, 1044246.984964424744248 ], [ 3937563.227457888424397, 1044246.984964424744248 ], [ 3937563.227457888424397, 1044209.560447075869888 ], [ 3937563.227457888424397, 1044172.135929726995528 ], [ 3937563.227457888424397, 1044134.711412378121167 ], [ 3937563.227457888424397, 1044097.286895029246807 ], [ 3937536.764327888377011, 1044070.823765029199421 ], [ 3937499.33981053950265, 1044070.823765029199421 ], [ 3937461.91529319062829, 1044070.823765029199421 ], [ 3937424.49077584175393, 1044070.823765029199421 ], [ 3937387.06625849287957, 1044070.823765029199421 ], [ 3937387.06625849287957, 1044033.399247680325061 ], [ 3937387.06625849287957, 1043995.974730331450701 ], [ 3937387.06625849287957, 1043958.55021298257634 ], [ 3937387.06625849287957, 1043921.12569563370198 ], [ 3937349.641741144005209, 1043921.12569563370198 ], [ 3937312.217223795130849, 1043921.12569563370198 ], [ 3937274.792706446256489, 1043921.12569563370198 ], [ 3937237.368189097382128, 1043921.12569563370198 ], [ 3937210.905059097334743, 1043894.662565633654594 ], [ 3937210.905059097334743, 1043857.238048284780234 ], [ 3937210.905059097334743, 1043819.813530935905874 ], [ 3937210.905059097334743, 1043782.389013587031513 ], [ 3937184.441929097287357, 1043755.925883586984128 ], [ 3937147.017411748412997, 1043755.925883586984128 ], [ 3937109.592894399538636, 1043755.925883586984128 ], [ 3937072.168377050664276, 1043755.925883586984128 ], [ 3937045.70524705061689, 1043729.462753586936742 ], [ 3937045.70524705061689, 1043692.038236238062382 ], [ 3937045.70524705061689, 1043654.613718889188021 ], [ 3937045.70524705061689, 1043617.189201540313661 ], [ 3937045.70524705061689, 1043579.764684191439301 ], [ 3937008.28072970174253, 1043579.764684191439301 ], [ 3936970.85621235286817, 1043579.764684191439301 ], [ 3936933.431695003993809, 1043579.764684191439301 ], [ 3936896.007177655119449, 1043579.764684191439301 ], [ 3936896.007177655119449, 1043542.34016684256494 ], [ 3936896.007177655119449, 1043504.91564949369058 ], [ 3936896.007177655119449, 1043467.49113214481622 ], [ 3936896.007177655119449, 1043430.066614795941859 ], [ 3936869.544047655072063, 1043403.603484795894474 ], [ 3936832.119530306197703, 1043403.603484795894474 ], [ 3936794.695012957323343, 1043403.603484795894474 ], [ 3936757.270495608448982, 1043403.603484795894474 ], [ 3936719.845978259574622, 1043403.603484795894474 ], [ 3936719.845978259574622, 1043366.178967447020113 ], [ 3936719.845978259574622, 1043328.754450098145753 ], [ 3936719.845978259574622, 1043291.329932749271393 ], [ 3936719.845978259574622, 1043253.905415400397032 ], [ 3936682.421460910700262, 1043253.905415400397032 ], [ 3936644.996943561825901, 1043253.905415400397032 ], [ 3936607.572426212951541, 1043253.905415400397032 ], [ 3936581.109296212904155, 1043227.442285400349647 ], [ 3936581.109296212904155, 1043190.017768051475286 ], [ 3936581.109296212904155, 1043152.593250702600926 ], [ 3936581.109296212904155, 1043115.168733353726566 ], [ 3936554.64616621285677, 1043088.70560335367918 ], [ 3936517.221648863982409, 1043088.70560335367918 ], [ 3936479.797131515108049, 1043088.70560335367918 ], [ 3936442.372614166233689, 1043088.70560335367918 ], [ 3936404.948096817359328, 1043088.70560335367918 ], [ 3936378.484966817311943, 1043062.242473353631794 ], [ 3936378.484966817311943, 1043024.817956004757434 ], [ 3936378.484966817311943, 1042987.393438655883074 ], [ 3936378.484966817311943, 1042949.968921307008713 ], [ 3936352.021836817264557, 1042923.505791306961328 ], [ 3936314.597319468390197, 1042923.505791306961328 ], [ 3936277.172802119515836, 1042923.505791306961328 ], [ 3936239.748284770641476, 1042923.505791306961328 ], [ 3936239.748284770641476, 1042886.081273958086967 ], [ 3936239.748284770641476, 1042848.656756609212607 ], [ 3936239.748284770641476, 1042811.232239260338247 ], [ 3936239.748284770641476, 1042773.807721911463886 ], [ 3936213.28515477059409, 1042747.344591911416501 ], [ 3936175.86063742171973, 1042747.344591911416501 ], [ 3936138.43612007284537, 1042747.344591911416501 ], [ 3936101.011602723971009, 1042747.344591911416501 ], [ 3936063.587085375096649, 1042747.344591911416501 ], [ 3936063.587085375096649, 1042709.92007456254214 ], [ 3936063.587085375096649, 1042672.49555721366778 ], [ 3936063.587085375096649, 1042635.07103986479342 ], [ 3936063.587085375096649, 1042597.64652251591906 ], [ 3936026.162568026222289, 1042597.64652251591906 ], [ 3935988.738050677347928, 1042597.64652251591906 ], [ 3935951.313533328473568, 1042597.64652251591906 ], [ 3935924.850403328426182, 1042571.183392515871674 ], [ 3935924.850403328426182, 1042533.758875166997313 ], [ 3935924.850403328426182, 1042496.334357818122953 ], [ 3935924.850403328426182, 1042458.909840469248593 ], [ 3935898.387273328378797, 1042432.446710469201207 ], [ 3935860.962755979504436, 1042432.446710469201207 ], [ 3935823.538238630630076, 1042432.446710469201207 ], [ 3935786.113721281755716, 1042432.446710469201207 ], [ 3935748.689203932881355, 1042432.446710469201207 ], [ 3935748.689203932881355, 1042395.022193120326847 ], [ 3935748.689203932881355, 1042357.597675771452487 ], [ 3935748.689203932881355, 1042320.173158422578126 ], [ 3935748.689203932881355, 1042282.748641073703766 ], [ 3935748.689203932881355, 1042245.324123724829406 ], [ 3935711.264686584006995, 1042245.324123724829406 ], [ 3935673.840169235132635, 1042245.324123724829406 ], [ 3935636.415651886258274, 1042245.324123724829406 ], [ 3935598.991134537383914, 1042245.324123724829406 ], [ 3935561.566617188509554, 1042245.324123724829406 ], [ 3935561.566617188509554, 1042207.899606375955045 ], [ 3935561.566617188509554, 1042170.475089027080685 ], [ 3935561.566617188509554, 1042133.050571678206325 ], [ 3935561.566617188509554, 1042095.626054329331964 ], [ 3935524.142099839635193, 1042095.626054329331964 ], [ 3935486.717582490760833, 1042095.626054329331964 ], [ 3935449.293065141886473, 1042095.626054329331964 ], [ 3935411.868547793012112, 1042095.626054329331964 ], [ 3935374.444030444137752, 1042095.626054329331964 ], [ 3935337.019513095263392, 1042095.626054329331964 ], [ 3935299.594995746389031, 1042095.626054329331964 ], [ 3935262.170478397514671, 1042095.626054329331964 ], [ 3935262.170478397514671, 1042058.201536980457604 ], [ 3935262.170478397514671, 1042020.777019631583244 ], [ 3935262.170478397514671, 1041983.352502282708883 ], [ 3935262.170478397514671, 1041945.927984933834523 ], [ 3935235.707348397467285, 1041919.464854933787137 ], [ 3935198.282831048592925, 1041919.464854933787137 ], [ 3935160.858313699718565, 1041919.464854933787137 ], [ 3935123.433796350844204, 1041919.464854933787137 ], [ 3935086.009279001969844, 1041919.464854933787137 ], [ 3935086.009279001969844, 1041882.040337584912777 ], [ 3935086.009279001969844, 1041844.615820236038417 ], [ 3935086.009279001969844, 1041807.191302887164056 ], [ 3935086.009279001969844, 1041769.766785538289696 ], [ 3935048.584761653095484, 1041769.766785538289696 ], [ 3935011.160244304221123, 1041769.766785538289696 ], [ 3934973.735726955346763, 1041769.766785538289696 ], [ 3934936.311209606472403, 1041769.766785538289696 ], [ 3934898.886692257598042, 1041769.766785538289696 ], [ 3934898.886692257598042, 1041732.342268189415336 ], [ 3934898.886692257598042, 1041694.917750840540975 ], [ 3934898.886692257598042, 1041657.493233491666615 ], [ 3934898.886692257598042, 1041620.068716142792255 ], [ 3934898.886692257598042, 1041582.644198793917894 ], [ 3934898.886692257598042, 1041545.219681445043534 ], [ 3934898.886692257598042, 1041507.795164096169174 ], [ 3934898.886692257598042, 1041470.370646747294813 ], [ 3934898.886692257598042, 1041432.946129398420453 ], [ 3934861.462174908723682, 1041432.946129398420453 ], [ 3934824.037657559849322, 1041432.946129398420453 ], [ 3934786.613140210974962, 1041432.946129398420453 ], [ 3934760.150010210927576, 1041406.482999398373067 ], [ 3934760.150010210927576, 1041369.058482049498707 ], [ 3934760.150010210927576, 1041331.633964700624347 ], [ 3934760.150010210927576, 1041294.209447351749986 ], [ 3934733.68688021088019, 1041267.746317351702601 ], [ 3934696.26236286200583, 1041267.746317351702601 ], [ 3934658.837845513131469, 1041267.746317351702601 ], [ 3934621.413328164257109, 1041267.746317351702601 ], [ 3934594.950198164209723, 1041241.283187351655215 ], [ 3934594.950198164209723, 1041203.858670002780855 ], [ 3934594.950198164209723, 1041166.434152653906494 ], [ 3934594.950198164209723, 1041129.009635305032134 ], [ 3934568.487068164162338, 1041102.546505304984748 ], [ 3934531.062550815287977, 1041102.546505304984748 ], [ 3934493.638033466413617, 1041102.546505304984748 ], [ 3934456.213516117539257, 1041102.546505304984748 ], [ 3934429.750386117491871, 1041076.083375304937363 ], [ 3934429.750386117491871, 1041038.658857956063002 ], [ 3934429.750386117491871, 1041001.234340607188642 ], [ 3934429.750386117491871, 1040963.809823258314282 ], [ 3934403.287256117444485, 1040937.346693258266896 ], [ 3934365.862738768570125, 1040937.346693258266896 ], [ 3934328.438221419695765, 1040937.346693258266896 ], [ 3934291.013704070821404, 1040937.346693258266896 ], [ 3934264.550574070774019, 1040910.88356325821951 ], [ 3934264.550574070774019, 1040873.45904590934515 ], [ 3934264.550574070774019, 1040836.03452856047079 ], [ 3934264.550574070774019, 1040798.610011211596429 ], [ 3934264.550574070774019, 1040761.185493862722069 ], [ 3934227.126056721899658, 1040761.185493862722069 ], [ 3934189.701539373025298, 1040761.185493862722069 ], [ 3934152.277022024150938, 1040761.185493862722069 ], [ 3934114.852504675276577, 1040761.185493862722069 ], [ 3934077.427987326402217, 1040761.185493862722069 ], [ 3934077.427987326402217, 1040723.760976513847709 ], [ 3934077.427987326402217, 1040686.336459164973348 ], [ 3934077.427987326402217, 1040648.911941816098988 ], [ 3934077.427987326402217, 1040611.487424467224628 ], [ 3934040.003469977527857, 1040611.487424467224628 ], [ 3934002.578952628653497, 1040611.487424467224628 ], [ 3933965.154435279779136, 1040611.487424467224628 ], [ 3933927.729917930904776, 1040611.487424467224628 ], [ 3933890.305400582030416, 1040611.487424467224628 ], [ 3933852.880883233156055, 1040611.487424467224628 ], [ 3933815.456365884281695, 1040611.487424467224628 ], [ 3933778.031848535407335, 1040611.487424467224628 ], [ 3933778.031848535407335, 1040574.062907118350267 ], [ 3933778.031848535407335, 1040536.638389769475907 ], [ 3933778.031848535407335, 1040499.213872420601547 ], [ 3933778.031848535407335, 1040461.789355071727186 ], [ 3933751.568718535359949, 1040435.326225071679801 ], [ 3933714.144201186485589, 1040435.326225071679801 ], [ 3933676.719683837611228, 1040435.326225071679801 ], [ 3933639.295166488736868, 1040435.326225071679801 ], [ 3933601.870649139862508, 1040435.326225071679801 ], [ 3933601.870649139862508, 1040397.90170772280544 ], [ 3933601.870649139862508, 1040360.47719037393108 ], [ 3933601.870649139862508, 1040323.05267302505672 ], [ 3933601.870649139862508, 1040285.628155676182359 ], [ 3933564.446131790988147, 1040285.628155676182359 ], [ 3933527.021614442113787, 1040285.628155676182359 ], [ 3933489.597097093239427, 1040285.628155676182359 ], [ 3933463.133967093192041, 1040259.165025676134974 ], [ 3933463.133967093192041, 1040221.740508327260613 ], [ 3933463.133967093192041, 1040184.315990978386253 ], [ 3933463.133967093192041, 1040146.891473629511893 ], [ 3933436.670837093144655, 1040120.428343629464507 ], [ 3933399.246319744270295, 1040120.428343629464507 ], [ 3933361.821802395395935, 1040120.428343629464507 ], [ 3933324.397285046521574, 1040120.428343629464507 ], [ 3933286.972767697647214, 1040120.428343629464507 ], [ 3933249.548250348772854, 1040120.428343629464507 ], [ 3933212.123732999898493, 1040120.428343629464507 ], [ 3933174.699215651024133, 1040120.428343629464507 ], [ 3933137.274698302149773, 1040120.428343629464507 ], [ 3933099.850180953275412, 1040120.428343629464507 ], [ 3933099.850180953275412, 1040083.003826280590147 ], [ 3933099.850180953275412, 1040045.579308931715786 ], [ 3933099.850180953275412, 1040008.154791582841426 ], [ 3933099.850180953275412, 1039970.730274233967066 ], [ 3933099.850180953275412, 1039933.305756885092705 ], [ 3933062.425663604401052, 1039933.305756885092705 ], [ 3933025.001146255526692, 1039933.305756885092705 ], [ 3932987.576628906652331, 1039933.305756885092705 ], [ 3932950.152111557777971, 1039933.305756885092705 ], [ 3932912.727594208903611, 1039933.305756885092705 ], [ 3932875.30307686002925, 1039933.305756885092705 ], [ 3932837.87855951115489, 1039933.305756885092705 ], [ 3932800.45404216228053, 1039933.305756885092705 ], [ 3932763.029524813406169, 1039933.305756885092705 ], [ 3932725.605007464531809, 1039933.305756885092705 ], [ 3932688.180490115657449, 1039933.305756885092705 ], [ 3932650.755972766783088, 1039933.305756885092705 ], [ 3932613.331455417908728, 1039933.305756885092705 ], [ 3932575.906938069034368, 1039933.305756885092705 ], [ 3932538.482420720160007, 1039933.305756885092705 ], [ 3932501.057903371285647, 1039933.305756885092705 ], [ 3932463.633386022411287, 1039933.305756885092705 ], [ 3932426.208868673536927, 1039933.305756885092705 ], [ 3932388.784351324662566, 1039933.305756885092705 ], [ 3932351.359833975788206, 1039933.305756885092705 ], [ 3932313.935316626913846, 1039933.305756885092705 ], [ 3932276.510799278039485, 1039933.305756885092705 ], [ 3932239.086281929165125, 1039933.305756885092705 ], [ 3932201.661764580290765, 1039933.305756885092705 ], [ 3932164.237247231416404, 1039933.305756885092705 ], [ 3932126.812729882542044, 1039933.305756885092705 ], [ 3932089.388212533667684, 1039933.305756885092705 ], [ 3932051.963695184793323, 1039933.305756885092705 ], [ 3932014.539177835918963, 1039933.305756885092705 ], [ 3931977.114660487044603, 1039933.305756885092705 ], [ 3931939.690143138170242, 1039933.305756885092705 ], [ 3931902.265625789295882, 1039933.305756885092705 ], [ 3931864.841108440421522, 1039933.305756885092705 ], [ 3931827.416591091547161, 1039933.305756885092705 ], [ 3931789.992073742672801, 1039933.305756885092705 ], [ 3931789.992073742672801, 1039895.881239536218345 ], [ 3931789.992073742672801, 1039858.456722187343985 ], [ 3931789.992073742672801, 1039821.032204838469625 ], [ 3931789.992073742672801, 1039783.607687489595264 ], [ 3931789.992073742672801, 1039746.183170140720904 ], [ 3931789.992073742672801, 1039708.758652791846544 ], [ 3931789.992073742672801, 1039671.334135442972183 ], [ 3931789.992073742672801, 1039633.909618094097823 ], [ 3931763.528943742625415, 1039607.446488094050437 ], [ 3931726.104426393751055, 1039607.446488094050437 ], [ 3931688.679909044876695, 1039607.446488094050437 ], [ 3931651.255391696002334, 1039607.446488094050437 ], [ 3931613.830874347127974, 1039607.446488094050437 ], [ 3931576.406356998253614, 1039607.446488094050437 ], [ 3931538.981839649379253, 1039607.446488094050437 ], [ 3931501.557322300504893, 1039607.446488094050437 ], [ 3931464.132804951630533, 1039607.446488094050437 ], [ 3931464.132804951630533, 1039570.021970745176077 ], [ 3931464.132804951630533, 1039532.597453396301717 ], [ 3931464.132804951630533, 1039495.172936047427356 ], [ 3931464.132804951630533, 1039457.748418698552996 ], [ 3931426.708287602756172, 1039457.748418698552996 ], [ 3931389.283770253881812, 1039457.748418698552996 ], [ 3931351.859252905007452, 1039457.748418698552996 ], [ 3931314.434735556133091, 1039457.748418698552996 ], [ 3931314.434735556133091, 1039420.323901349678636 ], [ 3931314.434735556133091, 1039382.899384000804275 ], [ 3931314.434735556133091, 1039345.474866651929915 ], [ 3931314.434735556133091, 1039308.050349303055555 ], [ 3931287.971605556085706, 1039281.587219303008169 ], [ 3931250.547088207211345, 1039281.587219303008169 ], [ 3931213.122570858336985, 1039281.587219303008169 ], [ 3931175.698053509462625, 1039281.587219303008169 ], [ 3931138.273536160588264, 1039281.587219303008169 ], [ 3931138.273536160588264, 1039244.162701954133809 ], [ 3931138.273536160588264, 1039206.738184605259448 ], [ 3931138.273536160588264, 1039169.313667256385088 ], [ 3931138.273536160588264, 1039131.889149907510728 ], [ 3931138.273536160588264, 1039094.464632558636367 ], [ 3931138.273536160588264, 1039057.040115209762007 ], [ 3931138.273536160588264, 1039019.615597860887647 ], [ 3931138.273536160588264, 1038982.191080512013286 ], [ 3931138.273536160588264, 1038944.766563163138926 ], [ 3931100.849018811713904, 1038944.766563163138926 ], [ 3931063.424501462839544, 1038944.766563163138926 ], [ 3931025.999984113965183, 1038944.766563163138926 ], [ 3930988.575466765090823, 1038944.766563163138926 ], [ 3930951.150949416216463, 1038944.766563163138926 ], [ 3930913.726432067342103, 1038944.766563163138926 ], [ 3930876.301914718467742, 1038944.766563163138926 ], [ 3930838.877397369593382, 1038944.766563163138926 ], [ 3930801.452880020719022, 1038944.766563163138926 ], [ 3930774.989750020671636, 1038971.229693163186312 ], [ 3930774.989750020671636, 1039008.654210512060672 ], [ 3930774.989750020671636, 1039046.078727860935032 ], [ 3930774.989750020671636, 1039083.503245209809393 ], [ 3930774.989750020671636, 1039120.927762558683753 ], [ 3930737.565232671797276, 1039120.927762558683753 ], [ 3930700.140715322922915, 1039120.927762558683753 ], [ 3930662.716197974048555, 1039120.927762558683753 ], [ 3930636.253067974001169, 1039094.464632558636367 ], [ 3930636.253067974001169, 1039057.040115209762007 ], [ 3930636.253067974001169, 1039019.615597860887647 ], [ 3930636.253067974001169, 1038982.191080512013286 ], [ 3930609.789937973953784, 1038955.727950511965901 ], [ 3930572.365420625079423, 1038955.727950511965901 ], [ 3930534.940903276205063, 1038955.727950511965901 ], [ 3930497.516385927330703, 1038955.727950511965901 ], [ 3930460.091868578456342, 1038955.727950511965901 ], [ 3930422.667351229581982, 1038955.727950511965901 ], [ 3930385.242833880707622, 1038955.727950511965901 ], [ 3930347.818316531833261, 1038955.727950511965901 ], [ 3930310.393799182958901, 1038955.727950511965901 ], [ 3930310.393799182958901, 1038918.30343316309154 ], [ 3930310.393799182958901, 1038880.87891581421718 ], [ 3930310.393799182958901, 1038843.45439846534282 ], [ 3930310.393799182958901, 1038806.029881116468459 ], [ 3930283.930669182911515, 1038779.566751116421074 ], [ 3930246.506151834037155, 1038779.566751116421074 ], [ 3930209.081634485162795, 1038779.566751116421074 ], [ 3930171.657117136288434, 1038779.566751116421074 ], [ 3930134.232599787414074, 1038779.566751116421074 ], [ 3930096.808082438539714, 1038779.566751116421074 ], [ 3930059.383565089665353, 1038779.566751116421074 ], [ 3930021.959047740790993, 1038779.566751116421074 ], [ 3929984.534530391916633, 1038779.566751116421074 ], [ 3929947.110013043042272, 1038779.566751116421074 ], [ 3929909.685495694167912, 1038779.566751116421074 ], [ 3929872.260978345293552, 1038779.566751116421074 ], [ 3929834.836460996419191, 1038779.566751116421074 ], [ 3929797.411943647544831, 1038779.566751116421074 ], [ 3929759.987426298670471, 1038779.566751116421074 ], [ 3929722.56290894979611, 1038779.566751116421074 ], [ 3929685.13839160092175, 1038779.566751116421074 ], [ 3929647.71387425204739, 1038779.566751116421074 ], [ 3929610.289356903173029, 1038779.566751116421074 ], [ 3929572.864839554298669, 1038779.566751116421074 ], [ 3929535.440322205424309, 1038779.566751116421074 ], [ 3929498.015804856549948, 1038779.566751116421074 ], [ 3929460.591287507675588, 1038779.566751116421074 ], [ 3929423.166770158801228, 1038779.566751116421074 ], [ 3929385.742252809926867, 1038779.566751116421074 ], [ 3929348.317735461052507, 1038779.566751116421074 ], [ 3929310.893218112178147, 1038779.566751116421074 ], [ 3929310.893218112178147, 1038742.142233767546713 ], [ 3929310.893218112178147, 1038704.717716418672353 ], [ 3929310.893218112178147, 1038667.293199069797993 ], [ 3929310.893218112178147, 1038629.868681720923632 ], [ 3929273.468700763303787, 1038629.868681720923632 ], [ 3929236.044183414429426, 1038629.868681720923632 ], [ 3929198.619666065555066, 1038629.868681720923632 ], [ 3929161.195148716680706, 1038629.868681720923632 ], [ 3929123.770631367806345, 1038629.868681720923632 ], [ 3929086.346114018931985, 1038629.868681720923632 ], [ 3929048.921596670057625, 1038629.868681720923632 ], [ 3929011.497079321183264, 1038629.868681720923632 ], [ 3928974.072561972308904, 1038629.868681720923632 ], [ 3928936.648044623434544, 1038629.868681720923632 ], [ 3928899.223527274560183, 1038629.868681720923632 ], [ 3928861.799009925685823, 1038629.868681720923632 ], [ 3928835.335879925638437, 1038603.405551720876247 ], [ 3928835.335879925638437, 1038565.981034372001886 ], [ 3928835.335879925638437, 1038528.556517023127526 ], [ 3928835.335879925638437, 1038491.131999674253166 ], [ 3928808.872749925591052, 1038464.66886967420578 ], [ 3928771.448232576716691, 1038464.66886967420578 ], [ 3928734.023715227842331, 1038464.66886967420578 ], [ 3928696.599197878967971, 1038464.66886967420578 ], [ 3928659.17468053009361, 1038464.66886967420578 ], [ 3928621.75016318121925, 1038464.66886967420578 ], [ 3928584.32564583234489, 1038464.66886967420578 ], [ 3928546.901128483470529, 1038464.66886967420578 ], [ 3928509.476611134596169, 1038464.66886967420578 ], [ 3928472.052093785721809, 1038464.66886967420578 ], [ 3928434.627576436847448, 1038464.66886967420578 ], [ 3928397.203059087973088, 1038464.66886967420578 ], [ 3928359.778541739098728, 1038464.66886967420578 ], [ 3928322.354024390224367, 1038464.66886967420578 ], [ 3928284.929507041350007, 1038464.66886967420578 ], [ 3928247.504989692475647, 1038464.66886967420578 ], [ 3928210.080472343601286, 1038464.66886967420578 ], [ 3928172.655954994726926, 1038464.66886967420578 ], [ 3928135.231437645852566, 1038464.66886967420578 ], [ 3928097.806920296978205, 1038464.66886967420578 ], [ 3928060.382402948103845, 1038464.66886967420578 ], [ 3928022.957885599229485, 1038464.66886967420578 ], [ 3927985.533368250355124, 1038464.66886967420578 ], [ 3927948.108850901480764, 1038464.66886967420578 ], [ 3927910.684333552606404, 1038464.66886967420578 ], [ 3927873.259816203732044, 1038464.66886967420578 ], [ 3927846.796686203684658, 1038438.205739674158394 ], [ 3927846.796686203684658, 1038400.781222325284034 ], [ 3927846.796686203684658, 1038363.356704976409674 ], [ 3927846.796686203684658, 1038325.932187627535313 ], [ 3927820.333556203637272, 1038299.469057627487928 ], [ 3927782.909038854762912, 1038299.469057627487928 ], [ 3927745.484521505888551, 1038299.469057627487928 ], [ 3927708.060004157014191, 1038299.469057627487928 ], [ 3927670.635486808139831, 1038299.469057627487928 ], [ 3927633.210969459265471, 1038299.469057627487928 ], [ 3927595.78645211039111, 1038299.469057627487928 ], [ 3927558.36193476151675, 1038299.469057627487928 ], [ 3927531.898804761469364, 1038273.005927627440542 ], [ 3927531.898804761469364, 1038235.581410278566182 ], [ 3927531.898804761469364, 1038198.156892929691821 ], [ 3927531.898804761469364, 1038160.732375580817461 ], [ 3927505.435674761421978, 1038134.269245580770075 ], [ 3927468.011157412547618, 1038134.269245580770075 ], [ 3927430.586640063673258, 1038134.269245580770075 ], [ 3927393.162122714798898, 1038134.269245580770075 ], [ 3927355.737605365924537, 1038134.269245580770075 ], [ 3927318.313088017050177, 1038134.269245580770075 ], [ 3927280.888570668175817, 1038134.269245580770075 ], [ 3927243.464053319301456, 1038134.269245580770075 ], [ 3927206.039535970427096, 1038134.269245580770075 ], [ 3927168.615018621552736, 1038134.269245580770075 ], [ 3927131.190501272678375, 1038134.269245580770075 ], [ 3927093.765983923804015, 1038134.269245580770075 ], [ 3927056.341466574929655, 1038134.269245580770075 ], [ 3927018.916949226055294, 1038134.269245580770075 ], [ 3927018.916949226055294, 1038096.844728231895715 ], [ 3927018.916949226055294, 1038059.420210883021355 ], [ 3927018.916949226055294, 1038021.995693534146994 ], [ 3927018.916949226055294, 1037984.571176185272634 ], [ 3926992.453819226007909, 1037958.108046185225248 ], [ 3926955.029301877133548, 1037958.108046185225248 ], [ 3926917.604784528259188, 1037958.108046185225248 ], [ 3926880.180267179384828, 1037958.108046185225248 ], [ 3926842.755749830510467, 1037958.108046185225248 ], [ 3926805.331232481636107, 1037958.108046185225248 ], [ 3926767.906715132761747, 1037958.108046185225248 ], [ 3926730.482197783887386, 1037958.108046185225248 ], [ 3926693.057680435013026, 1037958.108046185225248 ], [ 3926693.057680435013026, 1037920.683528836350888 ], [ 3926693.057680435013026, 1037883.259011487476528 ], [ 3926690.787502783350646, 1037843.564316487521864 ], [ 3926677.289969927165657, 1037803.869621487567201 ], [ 3926639.865452578291297, 1037803.869621487567201 ], [ 3926602.440935229416937, 1037803.869621487567201 ], [ 3926565.016417880542576, 1037803.869621487567201 ], [ 3926527.591900531668216, 1037803.869621487567201 ], [ 3926490.167383182793856, 1037803.869621487567201 ], [ 3926452.742865833919495, 1037803.869621487567201 ], [ 3926415.318348485045135, 1037803.869621487567201 ], [ 3926377.893831136170775, 1037803.869621487567201 ], [ 3926340.469313787296414, 1037803.869621487567201 ], [ 3926303.044796438422054, 1037803.869621487567201 ], [ 3926265.620279089547694, 1037803.869621487567201 ], [ 3926228.195761740673333, 1037803.869621487567201 ], [ 3926190.771244391798973, 1037803.869621487567201 ], [ 3926153.346727042924613, 1037803.869621487567201 ], [ 3926115.922209694050252, 1037803.869621487567201 ], [ 3926078.497692345175892, 1037803.869621487567201 ], [ 3926052.034562345128506, 1037777.406491487519816 ], [ 3926052.034562345128506, 1037739.981974138645455 ], [ 3926052.034562345128506, 1037702.557456789771095 ], [ 3926052.034562345128506, 1037665.132939440896735 ], [ 3926025.571432345081121, 1037638.669809440849349 ], [ 3925988.14691499620676, 1037638.669809440849349 ], [ 3925950.7223976473324, 1037638.669809440849349 ], [ 3925913.29788029845804, 1037638.669809440849349 ], [ 3925886.834750298410654, 1037612.206679440801963 ], [ 3925886.834750298410654, 1037574.782162091927603 ], [ 3925886.834750298410654, 1037537.357644743053243 ], [ 3925886.834750298410654, 1037499.933127394178882 ], [ 3925860.371620298363268, 1037473.469997394131497 ], [ 3925822.947102949488908, 1037473.469997394131497 ], [ 3925785.522585600614548, 1037473.469997394131497 ], [ 3925748.098068251740187, 1037473.469997394131497 ], [ 3925710.673550902865827, 1037473.469997394131497 ], [ 3925673.249033553991467, 1037473.469997394131497 ], [ 3925635.824516205117106, 1037473.469997394131497 ], [ 3925598.399998856242746, 1037473.469997394131497 ], [ 3925560.975481507368386, 1037473.469997394131497 ], [ 3925523.550964158494025, 1037473.469997394131497 ], [ 3925486.126446809619665, 1037473.469997394131497 ], [ 3925448.701929460745305, 1037473.469997394131497 ], [ 3925411.277412111870944, 1037473.469997394131497 ], [ 3925373.852894762996584, 1037473.469997394131497 ], [ 3925336.428377414122224, 1037473.469997394131497 ], [ 3925299.003860065247864, 1037473.469997394131497 ], [ 3925261.579342716373503, 1037473.469997394131497 ], [ 3925224.154825367499143, 1037473.469997394131497 ], [ 3925186.730308018624783, 1037473.469997394131497 ], [ 3925149.305790669750422, 1037473.469997394131497 ], [ 3925111.881273320876062, 1037473.469997394131497 ], [ 3925074.456755972001702, 1037473.469997394131497 ], [ 3925037.032238623127341, 1037473.469997394131497 ], [ 3924999.607721274252981, 1037473.469997394131497 ], [ 3924962.183203925378621, 1037473.469997394131497 ], [ 3924924.75868657650426, 1037473.469997394131497 ], [ 3924887.3341692276299, 1037473.469997394131497 ], [ 3924849.90965187875554, 1037473.469997394131497 ], [ 3924812.485134529881179, 1037473.469997394131497 ], [ 3924775.060617181006819, 1037473.469997394131497 ], [ 3924737.636099832132459, 1037473.469997394131497 ], [ 3924700.211582483258098, 1037473.469997394131497 ], [ 3924662.787065134383738, 1037473.469997394131497 ], [ 3924625.362547785509378, 1037473.469997394131497 ], [ 3924587.938030436635017, 1037473.469997394131497 ], [ 3924550.513513087760657, 1037473.469997394131497 ], [ 3924513.088995738886297, 1037473.469997394131497 ], [ 3924475.664478390011936, 1037473.469997394131497 ], [ 3924438.239961041137576, 1037473.469997394131497 ], [ 3924400.815443692263216, 1037473.469997394131497 ], [ 3924363.390926343388855, 1037473.469997394131497 ], [ 3924325.966408994514495, 1037473.469997394131497 ], [ 3924288.541891645640135, 1037473.469997394131497 ], [ 3924251.117374296765774, 1037473.469997394131497 ], [ 3924213.692856947891414, 1037473.469997394131497 ], [ 3924176.268339599017054, 1037473.469997394131497 ], [ 3924138.843822250142694, 1037473.469997394131497 ], [ 3924101.419304901268333, 1037473.469997394131497 ], [ 3924063.994787552393973, 1037473.469997394131497 ], [ 3924037.531657552346587, 1037499.933127394178882 ], [ 3924037.531657552346587, 1037537.357644743053243 ], [ 3924037.531657552346587, 1037574.782162091927603 ], [ 3924037.531657552346587, 1037612.206679440801963 ], [ 3924037.531657552346587, 1037649.631196789676324 ], [ 3924037.531657552346587, 1037687.055714138550684 ], [ 3924037.531657552346587, 1037724.480231487425044 ], [ 3924037.531657552346587, 1037761.904748836299405 ], [ 3924011.068527552299201, 1037788.36787883634679 ], [ 3923973.644010203424841, 1037788.36787883634679 ], [ 3923936.219492854550481, 1037788.36787883634679 ], [ 3923898.794975505676121, 1037788.36787883634679 ], [ 3923872.331845505628735, 1037814.831008836394176 ], [ 3923872.331845505628735, 1037852.255526185268536 ], [ 3923872.331845505628735, 1037889.680043534142897 ], [ 3923872.331845505628735, 1037927.104560883017257 ], [ 3923872.331845505628735, 1037964.529078231891617 ], [ 3923872.331845505628735, 1038001.953595580765978 ], [ 3923872.331845505628735, 1038039.378112929640338 ], [ 3923872.331845505628735, 1038076.802630278514698 ], [ 3923872.331845505628735, 1038114.227147627389058 ], [ 3923872.331845505628735, 1038151.651664976263419 ], [ 3923872.331845505628735, 1038189.076182325137779 ], [ 3923872.331845505628735, 1038226.500699674012139 ], [ 3923872.331845505628735, 1038263.9252170228865 ], [ 3923872.331845505628735, 1038301.34973437176086 ], [ 3923872.331845505628735, 1038338.77425172063522 ], [ 3923872.331845505628735, 1038376.198769069509581 ], [ 3923872.331845505628735, 1038413.623286418383941 ], [ 3923872.331845505628735, 1038451.047803767258301 ], [ 3923872.331845505628735, 1038488.472321116132662 ], [ 3923872.331845505628735, 1038525.896838465007022 ], [ 3923872.331845505628735, 1038563.321355813881382 ], [ 3923872.331845505628735, 1038600.745873162755743 ], [ 3923872.331845505628735, 1038638.170390511630103 ], [ 3923872.331845505628735, 1038675.594907860504463 ], [ 3923872.331845505628735, 1038713.019425209378824 ], [ 3923872.331845505628735, 1038750.443942558253184 ], [ 3923872.331845505628735, 1038787.868459907127544 ], [ 3923872.331845505628735, 1038825.292977256001905 ], [ 3923872.331845505628735, 1038862.717494604876265 ], [ 3923872.331845505628735, 1038900.142011953750625 ], [ 3923872.331845505628735, 1038937.566529302624986 ], [ 3923872.331845505628735, 1038974.991046651499346 ], [ 3923872.331845505628735, 1039012.415564000373706 ], [ 3923872.331845505628735, 1039049.840081349248067 ], [ 3923872.331845505628735, 1039087.264598698122427 ], [ 3923872.331845505628735, 1039124.689116046996787 ], [ 3923872.331845505628735, 1039162.113633395871148 ], [ 3923872.331845505628735, 1039199.538150744745508 ], [ 3923872.331845505628735, 1039236.962668093619868 ], [ 3923872.331845505628735, 1039274.387185442494228 ], [ 3923872.331845505628735, 1039311.811702791368589 ], [ 3923872.331845505628735, 1039349.236220140242949 ], [ 3923872.331845505628735, 1039386.660737489117309 ], [ 3923872.331845505628735, 1039424.08525483799167 ], [ 3923872.331845505628735, 1039461.50977218686603 ], [ 3923872.331845505628735, 1039498.93428953574039 ], [ 3923872.331845505628735, 1039536.358806884614751 ], [ 3923872.331845505628735, 1039573.783324233489111 ], [ 3923872.331845505628735, 1039611.207841582363471 ], [ 3923872.331845505628735, 1039648.632358931237832 ], [ 3923872.331845505628735, 1039686.056876280112192 ], [ 3923872.331845505628735, 1039723.481393628986552 ], [ 3923872.331845505628735, 1039760.905910977860913 ], [ 3923872.331845505628735, 1039798.330428326735273 ], [ 3923872.331845505628735, 1039835.754945675609633 ], [ 3923872.331845505628735, 1039873.179463024483994 ], [ 3923872.331845505628735, 1039910.603980373358354 ], [ 3923872.331845505628735, 1039948.028497722232714 ], [ 3923872.331845505628735, 1039985.453015071107075 ], [ 3923872.331845505628735, 1040022.877532419981435 ], [ 3923872.331845505628735, 1040060.302049768855795 ], [ 3923872.331845505628735, 1040097.726567117730156 ], [ 3923872.331845505628735, 1040135.151084466604516 ], [ 3923872.331845505628735, 1040172.575601815478876 ], [ 3923872.331845505628735, 1040210.000119164353237 ], [ 3923872.331845505628735, 1040247.424636513227597 ], [ 3923872.331845505628735, 1040284.849153862101957 ], [ 3923872.331845505628735, 1040322.273671210976318 ], [ 3923872.331845505628735, 1040359.698188559850678 ], [ 3923872.331845505628735, 1040397.122705908725038 ], [ 3923872.331845505628735, 1040434.547223257599398 ], [ 3923872.331845505628735, 1040471.971740606473759 ], [ 3923872.331845505628735, 1040509.396257955348119 ], [ 3923872.331845505628735, 1040546.820775304222479 ], [ 3923872.331845505628735, 1040584.24529265309684 ], [ 3923872.331845505628735, 1040621.6698100019712 ], [ 3923872.331845505628735, 1040659.09432735084556 ], [ 3923872.331845505628735, 1040696.518844699719921 ], [ 3923872.331845505628735, 1040733.943362048594281 ], [ 3923872.331845505628735, 1040771.367879397468641 ], [ 3923872.331845505628735, 1040808.792396746343002 ], [ 3923872.331845505628735, 1040846.216914095217362 ], [ 3923872.331845505628735, 1040883.641431444091722 ], [ 3923872.331845505628735, 1040921.065948792966083 ], [ 3923872.331845505628735, 1040958.490466141840443 ], [ 3923872.331845505628735, 1040995.914983490714803 ], [ 3923872.331845505628735, 1041033.339500839589164 ], [ 3923872.331845505628735, 1041070.764018188463524 ], [ 3923872.331845505628735, 1041108.188535537337884 ], [ 3923872.331845505628735, 1041145.613052886212245 ], [ 3923872.331845505628735, 1041183.037570235086605 ], [ 3923872.331845505628735, 1041220.462087583960965 ], [ 3923872.331845505628735, 1041257.886604932835326 ], [ 3923872.331845505628735, 1041295.311122281709686 ], [ 3923872.331845505628735, 1041332.735639630584046 ], [ 3923872.331845505628735, 1041370.160156979458407 ], [ 3923872.331845505628735, 1041407.584674328332767 ], [ 3923872.331845505628735, 1041445.009191677207127 ], [ 3923872.331845505628735, 1041482.433709026081488 ], [ 3923872.331845505628735, 1041519.858226374955848 ], [ 3923872.331845505628735, 1041557.282743723830208 ], [ 3923872.331845505628735, 1041594.707261072704569 ], [ 3923872.331845505628735, 1041632.131778421578929 ], [ 3923872.331845505628735, 1041669.556295770453289 ], [ 3923872.331845505628735, 1041706.980813119327649 ], [ 3923872.331845505628735, 1041744.40533046820201 ], [ 3923872.331845505628735, 1041781.82984781707637 ], [ 3923872.331845505628735, 1041819.25436516595073 ], [ 3923872.331845505628735, 1041856.678882514825091 ], [ 3923872.331845505628735, 1041894.103399863699451 ], [ 3923872.331845505628735, 1041931.527917212573811 ], [ 3923872.331845505628735, 1041968.952434561448172 ], [ 3923872.331845505628735, 1042006.376951910322532 ], [ 3923872.331845505628735, 1042043.801469259196892 ], [ 3923872.331845505628735, 1042081.225986608071253 ], [ 3923872.331845505628735, 1042118.650503956945613 ], [ 3923872.331845505628735, 1042156.075021305819973 ], [ 3923872.331845505628735, 1042193.499538654694334 ], [ 3923872.331845505628735, 1042230.924056003568694 ], [ 3923872.331845505628735, 1042268.348573352443054 ], [ 3923872.331845505628735, 1042305.773090701317415 ], [ 3923872.331845505628735, 1042343.197608050191775 ], [ 3923872.331845505628735, 1042380.622125399066135 ], [ 3923872.331845505628735, 1042418.046642747940496 ], [ 3923872.331845505628735, 1042455.471160096814856 ], [ 3923872.331845505628735, 1042492.895677445689216 ], [ 3923872.331845505628735, 1042530.320194794563577 ], [ 3923872.331845505628735, 1042567.744712143437937 ], [ 3923872.331845505628735, 1042605.169229492312297 ], [ 3923872.331845505628735, 1042642.593746841186658 ], [ 3923872.331845505628735, 1042680.018264190061018 ], [ 3923872.331845505628735, 1042717.442781538935378 ], [ 3923872.331845505628735, 1042754.867298887809739 ], [ 3923872.331845505628735, 1042792.291816236684099 ], [ 3923872.331845505628735, 1042829.716333585558459 ], [ 3923872.331845505628735, 1042867.140850934432819 ], [ 3923872.331845505628735, 1042904.56536828330718 ], [ 3923872.331845505628735, 1042941.98988563218154 ], [ 3923872.331845505628735, 1042979.4144029810559 ], [ 3923872.331845505628735, 1043016.838920329930261 ], [ 3923872.331845505628735, 1043054.263437678804621 ], [ 3923872.331845505628735, 1043091.687955027678981 ], [ 3923872.331845505628735, 1043129.112472376553342 ], [ 3923872.331845505628735, 1043166.536989725427702 ], [ 3923872.331845505628735, 1043203.961507074302062 ], [ 3923872.331845505628735, 1043241.386024423176423 ], [ 3923872.331845505628735, 1043278.810541772050783 ], [ 3923872.331845505628735, 1043316.235059120925143 ], [ 3923872.331845505628735, 1043353.659576469799504 ], [ 3923872.331845505628735, 1043391.084093818673864 ], [ 3923872.331845505628735, 1043428.508611167548224 ], [ 3923872.331845505628735, 1043465.933128516422585 ], [ 3923872.331845505628735, 1043503.357645865296945 ], [ 3923872.331845505628735, 1043540.782163214171305 ], [ 3923872.331845505628735, 1043578.206680563045666 ], [ 3923872.331845505628735, 1043615.631197911920026 ], [ 3923872.331845505628735, 1043653.055715260794386 ], [ 3923872.331845505628735, 1043690.480232609668747 ], [ 3923872.331845505628735, 1043727.904749958543107 ], [ 3923872.331845505628735, 1043765.329267307417467 ], [ 3923872.331845505628735, 1043802.753784656291828 ], [ 3923872.331845505628735, 1043840.178302005166188 ], [ 3923872.331845505628735, 1043877.602819354040548 ], [ 3923872.331845505628735, 1043915.027336702914909 ], [ 3923872.331845505628735, 1043952.451854051789269 ], [ 3923872.331845505628735, 1043989.876371400663629 ], [ 3923872.331845505628735, 1044027.300888749537989 ], [ 3923872.331845505628735, 1044064.72540609841235 ], [ 3923872.331845505628735, 1044102.14992344728671 ], [ 3923872.331845505628735, 1044139.57444079616107 ], [ 3923872.331845505628735, 1044176.998958145035431 ], [ 3923872.331845505628735, 1044214.423475493909791 ], [ 3923872.331845505628735, 1044251.847992842784151 ], [ 3923872.331845505628735, 1044289.272510191658512 ], [ 3923872.331845505628735, 1044326.697027540532872 ], [ 3923872.331845505628735, 1044364.121544889407232 ], [ 3923872.331845505628735, 1044401.546062238281593 ], [ 3923872.331845505628735, 1044438.970579587155953 ], [ 3923872.331845505628735, 1044476.395096936030313 ], [ 3923872.331845505628735, 1044513.819614284904674 ], [ 3923872.331845505628735, 1044551.244131633779034 ], [ 3923872.331845505628735, 1044588.668648982653394 ], [ 3923872.331845505628735, 1044626.093166331527755 ], [ 3923872.331845505628735, 1044663.517683680402115 ], [ 3923872.331845505628735, 1044700.942201029276475 ], [ 3923872.331845505628735, 1044738.366718378150836 ], [ 3923872.331845505628735, 1044775.791235727025196 ], [ 3923872.331845505628735, 1044813.215753075899556 ], [ 3923872.331845505628735, 1044850.640270424773917 ], [ 3923872.331845505628735, 1044888.064787773648277 ], [ 3923872.331845505628735, 1044925.489305122522637 ], [ 3923872.331845505628735, 1044962.913822471396998 ], [ 3923872.331845505628735, 1045000.338339820271358 ], [ 3923872.331845505628735, 1045037.762857169145718 ], [ 3923872.331845505628735, 1045075.187374518020079 ], [ 3923872.331845505628735, 1045112.611891866894439 ], [ 3923872.331845505628735, 1045150.036409215768799 ], [ 3923872.331845505628735, 1045187.46092656464316 ], [ 3923872.331845505628735, 1045224.88544391351752 ], [ 3923872.331845505628735, 1045262.30996126239188 ], [ 3923872.331845505628735, 1045299.73447861126624 ], [ 3923872.331845505628735, 1045337.158995960140601 ], [ 3923872.331845505628735, 1045374.583513309014961 ], [ 3923872.331845505628735, 1045412.008030657889321 ], [ 3923872.331845505628735, 1045449.432548006763682 ], [ 3923872.331845505628735, 1045486.857065355638042 ], [ 3923872.331845505628735, 1045524.281582704512402 ], [ 3923872.331845505628735, 1045561.706100053386763 ], [ 3923872.331845505628735, 1045599.130617402261123 ], [ 3923872.331845505628735, 1045636.555134751135483 ], [ 3923872.331845505628735, 1045673.979652100009844 ], [ 3923872.331845505628735, 1045711.404169448884204 ], [ 3923872.331845505628735, 1045748.828686797758564 ], [ 3923872.331845505628735, 1045786.253204146632925 ], [ 3923872.331845505628735, 1045823.677721495507285 ], [ 3923872.331845505628735, 1045861.102238844381645 ], [ 3923872.331845505628735, 1045898.526756193256006 ], [ 3923872.331845505628735, 1045935.951273542130366 ], [ 3923872.331845505628735, 1045973.375790891004726 ], [ 3923872.331845505628735, 1046010.800308239879087 ], [ 3923872.331845505628735, 1046048.224825588753447 ], [ 3923872.331845505628735, 1046085.649342937627807 ], [ 3923872.331845505628735, 1046123.073860286502168 ], [ 3923872.331845505628735, 1046160.498377635376528 ], [ 3923872.331845505628735, 1046197.922894984250888 ], [ 3923872.331845505628735, 1046235.347412333125249 ], [ 3923872.331845505628735, 1046272.771929681999609 ], [ 3923872.331845505628735, 1046310.196447030873969 ], [ 3923872.331845505628735, 1046347.62096437974833 ], [ 3923872.331845505628735, 1046385.04548172862269 ], [ 3923898.794975505676121, 1046411.508611728670076 ], [ 3923936.219492854550481, 1046411.508611728670076 ], [ 3923973.644010203424841, 1046411.508611728670076 ], [ 3924011.068527552299201, 1046411.508611728670076 ], [ 3924037.531657552346587, 1046437.971741728717461 ], [ 3924037.531657552346587, 1046475.396259077591822 ], [ 3924037.531657552346587, 1046512.820776426466182 ], [ 3924037.531657552346587, 1046550.245293775340542 ], [ 3924037.531657552346587, 1046587.669811124214903 ], [ 3924037.531657552346587, 1046625.094328473089263 ], [ 3924037.531657552346587, 1046662.518845821963623 ], [ 3924037.531657552346587, 1046699.943363170837983 ], [ 3924037.531657552346587, 1046737.367880519712344 ], [ 3924037.531657552346587, 1046774.792397868586704 ], [ 3924037.531657552346587, 1046812.216915217461064 ], [ 3924037.531657552346587, 1046849.641432566335425 ], [ 3924037.531657552346587, 1046887.065949915209785 ], [ 3924037.531657552346587, 1046924.490467264084145 ], [ 3924037.531657552346587, 1046961.914984612958506 ], [ 3924037.531657552346587, 1046999.339501961832866 ], [ 3924037.531657552346587, 1047036.764019310707226 ], [ 3924037.531657552346587, 1047074.188536659581587 ], [ 3924037.531657552346587, 1047111.613054008455947 ], [ 3924037.531657552346587, 1047149.037571357330307 ], [ 3924037.531657552346587, 1047186.462088706204668 ], [ 3924037.531657552346587, 1047223.886606055079028 ], [ 3924037.531657552346587, 1047261.311123403953388 ], [ 3924037.531657552346587, 1047298.735640752827749 ], [ 3924037.531657552346587, 1047336.160158101702109 ], [ 3924037.531657552346587, 1047373.584675450576469 ], [ 3924037.531657552346587, 1047411.00919279945083 ], [ 3924037.531657552346587, 1047448.43371014832519 ], [ 3924037.531657552346587, 1047485.85822749719955 ], [ 3924037.531657552346587, 1047523.282744846073911 ], [ 3924037.531657552346587, 1047560.707262194948271 ], [ 3924037.531657552346587, 1047598.131779543822631 ], [ 3924037.531657552346587, 1047635.556296892696992 ], [ 3924037.531657552346587, 1047672.980814241571352 ], [ 3924037.531657552346587, 1047710.405331590445712 ], [ 3924037.531657552346587, 1047747.829848939320073 ], [ 3924037.531657552346587, 1047785.254366288194433 ], [ 3924037.531657552346587, 1047822.678883637068793 ], [ 3924037.531657552346587, 1047860.103400985943154 ], [ 3924037.531657552346587, 1047897.527918334817514 ], [ 3924074.956174901220948, 1047897.527918334817514 ], [ 3924112.380692250095308, 1047897.527918334817514 ], [ 3924149.805209598969668, 1047897.527918334817514 ], [ 3924187.229726947844028, 1047897.527918334817514 ], [ 3924224.654244296718389, 1047897.527918334817514 ], [ 3924224.654244296718389, 1047934.952435683691874 ], [ 3924224.654244296718389, 1047972.376953032566234 ], [ 3924224.654244296718389, 1048009.801470381440595 ], [ 3924224.654244296718389, 1048047.225987730314955 ], [ 3924224.654244296718389, 1048084.650505079189315 ], [ 3924224.654244296718389, 1048122.075022428063676 ], [ 3924224.654244296718389, 1048159.499539776938036 ], [ 3924224.654244296718389, 1048196.924057125812396 ], [ 3924224.654244296718389, 1048234.348574474686757 ], [ 3924224.654244296718389, 1048271.773091823561117 ], [ 3924224.654244296718389, 1048309.197609172435477 ], [ 3924224.654244296718389, 1048346.622126521309838 ], [ 3924224.654244296718389, 1048384.046643870184198 ], [ 3924224.654244296718389, 1048421.471161219058558 ], [ 3924224.654244296718389, 1048458.895678567932919 ], [ 3924224.654244296718389, 1048496.320195916807279 ], [ 3924224.654244296718389, 1048533.744713265681639 ], [ 3924224.654244296718389, 1048571.169230614556 ], [ 3924224.654244296718389, 1048608.59374796343036 ], [ 3924224.654244296718389, 1048646.01826531230472 ], [ 3924224.654244296718389, 1048683.442782661179081 ], [ 3924224.654244296718389, 1048720.867300010053441 ], [ 3924224.654244296718389, 1048758.291817358927801 ], [ 3924224.654244296718389, 1048795.716334707802162 ], [ 3924224.654244296718389, 1048833.140852056676522 ], [ 3924224.654244296718389, 1048870.565369405550882 ], [ 3924224.654244296718389, 1048907.989886754425243 ], [ 3924224.654244296718389, 1048945.414404103299603 ], [ 3924224.654244296718389, 1048982.838921452173963 ], [ 3924224.654244296718389, 1049020.263438801048324 ], [ 3924224.654244296718389, 1049057.687956149922684 ], [ 3924224.654244296718389, 1049095.112473498797044 ], [ 3924224.654244296718389, 1049132.536990847671404 ], [ 3924224.654244296718389, 1049169.961508196545765 ], [ 3924224.654244296718389, 1049207.386025545420125 ], [ 3924224.654244296718389, 1049244.810542894294485 ], [ 3924224.654244296718389, 1049282.235060243168846 ], [ 3924224.654244296718389, 1049319.659577592043206 ], [ 3924224.654244296718389, 1049357.084094940917566 ], [ 3924224.654244296718389, 1049394.508612289791927 ], [ 3924224.654244296718389, 1049431.933129638666287 ], [ 3924224.654244296718389, 1049469.357646987540647 ], [ 3924224.654244296718389, 1049506.782164336415008 ], [ 3924224.654244296718389, 1049544.206681685289368 ], [ 3924224.654244296718389, 1049581.631199034163728 ], [ 3924224.654244296718389, 1049619.055716383038089 ], [ 3924224.654244296718389, 1049656.480233731912449 ], [ 3924224.654244296718389, 1049693.904751080786809 ], [ 3924224.654244296718389, 1049731.32926842966117 ], [ 3924224.654244296718389, 1049768.75378577853553 ], [ 3924224.654244296718389, 1049806.17830312740989 ], [ 3924224.654244296718389, 1049843.602820476284251 ], [ 3924224.654244296718389, 1049881.027337825158611 ], [ 3924224.654244296718389, 1049918.451855174032971 ], [ 3924224.654244296718389, 1049955.876372522907332 ], [ 3924224.654244296718389, 1049993.300889871781692 ], [ 3924224.654244296718389, 1050030.725407220656052 ], [ 3924224.654244296718389, 1050068.149924569530413 ], [ 3924224.654244296718389, 1050105.574441918404773 ], [ 3924224.654244296718389, 1050142.998959267279133 ], [ 3924224.654244296718389, 1050180.423476616153494 ], [ 3924224.654244296718389, 1050217.847993965027854 ], [ 3924224.654244296718389, 1050255.272511313902214 ], [ 3924224.654244296718389, 1050292.697028662776574 ], [ 3924224.654244296718389, 1050330.121546011650935 ], [ 3924224.654244296718389, 1050367.546063360525295 ], [ 3924224.654244296718389, 1050404.970580709399655 ], [ 3924224.654244296718389, 1050442.395098058274016 ], [ 3924224.654244296718389, 1050479.819615407148376 ], [ 3924224.654244296718389, 1050517.244132756022736 ], [ 3924224.654244296718389, 1050554.668650104897097 ], [ 3924224.654244296718389, 1050592.093167453771457 ], [ 3924224.654244296718389, 1050629.517684802645817 ], [ 3924224.654244296718389, 1050666.942202151520178 ], [ 3924224.654244296718389, 1050704.366719500394538 ], [ 3924224.654244296718389, 1050741.791236849268898 ], [ 3924224.654244296718389, 1050779.215754198143259 ], [ 3924224.654244296718389, 1050816.640271547017619 ], [ 3924224.654244296718389, 1050854.064788895891979 ], [ 3924224.654244296718389, 1050891.48930624476634 ], [ 3924262.078761645592749, 1050891.48930624476634 ], [ 3924299.503278994467109, 1050891.48930624476634 ], [ 3924336.92779634334147, 1050891.48930624476634 ], [ 3924374.35231369221583, 1050891.48930624476634 ], [ 3924374.35231369221583, 1050928.9138235936407 ], [ 3924374.35231369221583, 1050966.33834094251506 ], [ 3924374.35231369221583, 1051003.762858291389421 ], [ 3924374.35231369221583, 1051041.187375640263781 ], [ 3924374.35231369221583, 1051078.611892989138141 ], [ 3924374.35231369221583, 1051116.036410338012502 ], [ 3924374.35231369221583, 1051153.460927686886862 ], [ 3924374.35231369221583, 1051190.885445035761222 ], [ 3924374.35231369221583, 1051228.309962384635583 ], [ 3924374.35231369221583, 1051265.734479733509943 ], [ 3924374.35231369221583, 1051303.158997082384303 ], [ 3924374.35231369221583, 1051340.583514431258664 ], [ 3924374.35231369221583, 1051378.008031780133024 ], [ 3924374.35231369221583, 1051415.432549129007384 ], [ 3924374.35231369221583, 1051452.857066477881745 ], [ 3924374.35231369221583, 1051490.281583826756105 ], [ 3924374.35231369221583, 1051527.706101175630465 ], [ 3924374.35231369221583, 1051565.130618524504825 ], [ 3924374.35231369221583, 1051602.555135873379186 ], [ 3924374.35231369221583, 1051639.979653222253546 ], [ 3924374.35231369221583, 1051677.404170571127906 ], [ 3924374.35231369221583, 1051714.828687920002267 ], [ 3924374.35231369221583, 1051752.253205268876627 ], [ 3924374.35231369221583, 1051789.677722617750987 ], [ 3924374.35231369221583, 1051827.102239966625348 ], [ 3924374.35231369221583, 1051864.526757315499708 ], [ 3924374.35231369221583, 1051901.951274664374068 ], [ 3924374.35231369221583, 1051939.375792013248429 ], [ 3924374.35231369221583, 1051976.800309362122789 ], [ 3924374.35231369221583, 1052014.224826710997149 ], [ 3924374.35231369221583, 1052051.64934405987151 ], [ 3924374.35231369221583, 1052089.07386140874587 ], [ 3924374.35231369221583, 1052126.49837875762023 ], [ 3924374.35231369221583, 1052163.922896106494591 ], [ 3924374.35231369221583, 1052201.347413455368951 ], [ 3924374.35231369221583, 1052238.771930804243311 ], [ 3924374.35231369221583, 1052276.196448153117672 ], [ 3924374.35231369221583, 1052313.620965501992032 ], [ 3924374.35231369221583, 1052351.045482850866392 ], [ 3924374.35231369221583, 1052388.470000199740753 ], [ 3924374.35231369221583, 1052425.894517548615113 ], [ 3924374.35231369221583, 1052463.319034897489473 ], [ 3924374.35231369221583, 1052500.743552246363834 ], [ 3924400.815443692263216, 1052527.206682246411219 ], [ 3924438.239961041137576, 1052527.206682246411219 ], [ 3924475.664478390011936, 1052527.206682246411219 ], [ 3924513.088995738886297, 1052527.206682246411219 ], [ 3924539.552125738933682, 1052553.669812246458605 ], [ 3924539.552125738933682, 1052591.094329595332965 ], [ 3924539.552125738933682, 1052628.518846944207326 ], [ 3924539.552125738933682, 1052665.943364293081686 ], [ 3924539.552125738933682, 1052703.367881641956046 ], [ 3924539.552125738933682, 1052740.792398990830407 ], [ 3924539.552125738933682, 1052778.216916339704767 ], [ 3924539.552125738933682, 1052815.641433688579127 ], [ 3924539.552125738933682, 1052853.065951037453488 ], [ 3924539.552125738933682, 1052890.490468386327848 ], [ 3924539.552125738933682, 1052927.914985735202208 ], [ 3924539.552125738933682, 1052965.339503084076568 ], [ 3924539.552125738933682, 1053002.764020432950929 ], [ 3924539.552125738933682, 1053040.188537781825289 ], [ 3924539.552125738933682, 1053077.613055130699649 ], [ 3924539.552125738933682, 1053115.03757247957401 ], [ 3924539.552125738933682, 1053152.46208982844837 ], [ 3924539.552125738933682, 1053189.88660717732273 ], [ 3924539.552125738933682, 1053227.311124526197091 ], [ 3924539.552125738933682, 1053264.735641875071451 ], [ 3924539.552125738933682, 1053302.160159223945811 ], [ 3924539.552125738933682, 1053339.584676572820172 ], [ 3924539.552125738933682, 1053377.009193921694532 ], [ 3924539.552125738933682, 1053414.433711270568892 ], [ 3924539.552125738933682, 1053451.858228619443253 ], [ 3924539.552125738933682, 1053489.282745968317613 ], [ 3924539.552125738933682, 1053526.707263317191973 ], [ 3924539.552125738933682, 1053564.131780666066334 ], [ 3924539.552125738933682, 1053601.556298014940694 ], [ 3924539.552125738933682, 1053638.980815363815054 ], [ 3924539.552125738933682, 1053676.405332712689415 ], [ 3924539.552125738933682, 1053713.829850061563775 ], [ 3924539.552125738933682, 1053751.254367410438135 ], [ 3924539.552125738933682, 1053788.678884759312496 ], [ 3924539.552125738933682, 1053826.103402108186856 ], [ 3924539.552125738933682, 1053863.527919457061216 ], [ 3924539.552125738933682, 1053900.952436805935577 ], [ 3924539.552125738933682, 1053938.376954154809937 ], [ 3924539.552125738933682, 1053975.801471503684297 ], [ 3924539.552125738933682, 1054013.225988852558658 ], [ 3924539.552125738933682, 1054050.650506201433018 ], [ 3924539.552125738933682, 1054088.075023550307378 ], [ 3924539.552125738933682, 1054125.499540899181738 ], [ 3924539.552125738933682, 1054162.924058248056099 ], [ 3924539.552125738933682, 1054200.348575596930459 ], [ 3924539.552125738933682, 1054237.773092945804819 ], [ 3924539.552125738933682, 1054275.19761029467918 ], [ 3924539.552125738933682, 1054312.62212764355354 ], [ 3924539.552125738933682, 1054350.0466449924279 ], [ 3924539.552125738933682, 1054387.471162341302261 ], [ 3924539.552125738933682, 1054424.895679690176621 ], [ 3924539.552125738933682, 1054462.320197039050981 ], [ 3924539.552125738933682, 1054499.744714387925342 ], [ 3924539.552125738933682, 1054537.169231736799702 ], [ 3924539.552125738933682, 1054574.593749085674062 ], [ 3924539.552125738933682, 1054612.018266434548423 ], [ 3924539.552125738933682, 1054649.442783783422783 ], [ 3924539.552125738933682, 1054686.867301132297143 ], [ 3924539.552125738933682, 1054724.291818481171504 ], [ 3924539.552125738933682, 1054761.716335830045864 ], [ 3924539.552125738933682, 1054799.140853178920224 ], [ 3924539.552125738933682, 1054836.565370527794585 ], [ 3924539.552125738933682, 1054873.989887876668945 ], [ 3924539.552125738933682, 1054911.414405225543305 ], [ 3924539.552125738933682, 1054948.838922574417666 ], [ 3924539.552125738933682, 1054986.263439923292026 ], [ 3924539.552125738933682, 1055023.687957272166386 ], [ 3924539.552125738933682, 1055061.112474621040747 ], [ 3924539.552125738933682, 1055098.536991969915107 ], [ 3924539.552125738933682, 1055135.961509318789467 ], [ 3924539.552125738933682, 1055173.386026667663828 ], [ 3924539.552125738933682, 1055210.810544016538188 ], [ 3924539.552125738933682, 1055248.235061365412548 ], [ 3924539.552125738933682, 1055285.659578714286909 ], [ 3924539.552125738933682, 1055323.084096063161269 ], [ 3924539.552125738933682, 1055360.508613412035629 ], [ 3924539.552125738933682, 1055397.933130760909989 ], [ 3924539.552125738933682, 1055435.35764810978435 ], [ 3924539.552125738933682, 1055472.78216545865871 ], [ 3924539.552125738933682, 1055510.20668280753307 ], [ 3924539.552125738933682, 1055547.631200156407431 ], [ 3924539.552125738933682, 1055585.055717505281791 ], [ 3924539.552125738933682, 1055622.480234854156151 ], [ 3924539.552125738933682, 1055659.904752203030512 ], [ 3924539.552125738933682, 1055697.329269551904872 ], [ 3924539.552125738933682, 1055734.753786900779232 ], [ 3924539.552125738933682, 1055772.178304249653593 ], [ 3924539.552125738933682, 1055809.602821598527953 ], [ 3924539.552125738933682, 1055847.027338947402313 ], [ 3924539.552125738933682, 1055884.451856296276674 ], [ 3924539.552125738933682, 1055921.876373645151034 ], [ 3924539.552125738933682, 1055959.300890994025394 ], [ 3924539.552125738933682, 1055996.725408342899755 ], [ 3924539.552125738933682, 1056034.149925691774115 ], [ 3924539.552125738933682, 1056071.574443040648475 ], [ 3924539.552125738933682, 1056108.998960389522836 ], [ 3924539.552125738933682, 1056146.423477738397196 ], [ 3924539.552125738933682, 1056183.847995087271556 ], [ 3924539.552125738933682, 1056221.272512436145917 ], [ 3924539.552125738933682, 1056258.697029785020277 ], [ 3924539.552125738933682, 1056296.121547133894637 ], [ 3924539.552125738933682, 1056333.546064482768998 ], [ 3924539.552125738933682, 1056370.970581831643358 ], [ 3924539.552125738933682, 1056408.395099180517718 ], [ 3924539.552125738933682, 1056445.819616529392079 ], [ 3924539.552125738933682, 1056483.244133878266439 ], [ 3924539.552125738933682, 1056520.668651227140799 ], [ 3924539.552125738933682, 1056558.093168576015159 ], [ 3924539.552125738933682, 1056595.51768592488952 ], [ 3924539.552125738933682, 1056632.94220327376388 ], [ 3924539.552125738933682, 1056670.36672062263824 ], [ 3924539.552125738933682, 1056707.791237971512601 ], [ 3924539.552125738933682, 1056745.215755320386961 ], [ 3924539.552125738933682, 1056782.640272669261321 ], [ 3924539.552125738933682, 1056820.064790018135682 ], [ 3924539.552125738933682, 1056857.489307367010042 ], [ 3924539.552125738933682, 1056894.913824715884402 ], [ 3924539.552125738933682, 1056932.338342064758763 ], [ 3924539.552125738933682, 1056969.762859413633123 ], [ 3924539.552125738933682, 1057007.187376762507483 ], [ 3924539.552125738933682, 1057044.611894111381844 ], [ 3924539.552125738933682, 1057082.036411460256204 ], [ 3924539.552125738933682, 1057119.460928809130564 ], [ 3924539.552125738933682, 1057156.885446158004925 ], [ 3924539.552125738933682, 1057194.309963506879285 ], [ 3924539.552125738933682, 1057231.734480855753645 ], [ 3924539.552125738933682, 1057269.158998204628006 ], [ 3924539.552125738933682, 1057306.583515553502366 ], [ 3924539.552125738933682, 1057344.008032902376726 ], [ 3924539.552125738933682, 1057381.432550251251087 ], [ 3924539.552125738933682, 1057418.857067600125447 ], [ 3924539.552125738933682, 1057456.281584948999807 ], [ 3924539.552125738933682, 1057493.706102297874168 ], [ 3924539.552125738933682, 1057531.130619646748528 ], [ 3924539.552125738933682, 1057568.555136995622888 ], [ 3924539.552125738933682, 1057605.979654344497249 ], [ 3924539.552125738933682, 1057643.404171693371609 ], [ 3924539.552125738933682, 1057680.828689042245969 ], [ 3924539.552125738933682, 1057718.253206391120329 ], [ 3924539.552125738933682, 1057755.67772373999469 ], [ 3924539.552125738933682, 1057793.10224108886905 ], [ 3924539.552125738933682, 1057830.52675843774341 ], [ 3924539.552125738933682, 1057867.951275786617771 ], [ 3924539.552125738933682, 1057905.375793135492131 ], [ 3924539.552125738933682, 1057942.800310484366491 ], [ 3924539.552125738933682, 1057980.224827833240852 ], [ 3924539.552125738933682, 1058017.649345182115212 ], [ 3924539.552125738933682, 1058055.073862530989572 ], [ 3924539.552125738933682, 1058092.498379879863933 ], [ 3924539.552125738933682, 1058129.922897228738293 ], [ 3924539.552125738933682, 1058167.347414577612653 ], [ 3924539.552125738933682, 1058204.771931926487014 ], [ 3924539.552125738933682, 1058242.196449275361374 ], [ 3924539.552125738933682, 1058279.620966624235734 ], [ 3924539.552125738933682, 1058317.045483973110095 ], [ 3924539.552125738933682, 1058354.470001321984455 ], [ 3924539.552125738933682, 1058391.894518670858815 ], [ 3924539.552125738933682, 1058429.319036019733176 ], [ 3924539.552125738933682, 1058466.743553368607536 ], [ 3924539.552125738933682, 1058504.168070717481896 ], [ 3924539.552125738933682, 1058541.592588066356257 ], [ 3924539.552125738933682, 1058579.017105415230617 ], [ 3924539.552125738933682, 1058616.441622764104977 ], [ 3924539.552125738933682, 1058653.866140112979338 ], [ 3924539.552125738933682, 1058691.290657461853698 ], [ 3924539.552125738933682, 1058728.715174810728058 ], [ 3924539.552125738933682, 1058766.139692159602419 ], [ 3924539.552125738933682, 1058803.564209508476779 ], [ 3924539.552125738933682, 1058840.988726857351139 ], [ 3924539.552125738933682, 1058878.4132442062255 ], [ 3924539.552125738933682, 1058915.83776155509986 ], [ 3924539.552125738933682, 1058953.26227890397422 ], [ 3924539.552125738933682, 1058990.68679625284858 ], [ 3924539.552125738933682, 1059028.111313601722941 ], [ 3924539.552125738933682, 1059065.535830950597301 ], [ 3924539.552125738933682, 1059102.960348299471661 ], [ 3924539.552125738933682, 1059140.384865648346022 ], [ 3924539.552125738933682, 1059177.809382997220382 ], [ 3924539.552125738933682, 1059215.233900346094742 ], [ 3924539.552125738933682, 1059252.658417694969103 ], [ 3924539.552125738933682, 1059290.082935043843463 ], [ 3924539.552125738933682, 1059327.507452392717823 ], [ 3924539.552125738933682, 1059364.931969741592184 ], [ 3924539.552125738933682, 1059402.356487090466544 ], [ 3924539.552125738933682, 1059439.781004439340904 ], [ 3924539.552125738933682, 1059477.205521788215265 ], [ 3924539.552125738933682, 1059514.630039137089625 ], [ 3924539.552125738933682, 1059552.054556485963985 ], [ 3924539.552125738933682, 1059589.479073834838346 ], [ 3924539.552125738933682, 1059626.903591183712706 ], [ 3924539.552125738933682, 1059664.328108532587066 ], [ 3924539.552125738933682, 1059701.752625881461427 ], [ 3924539.552125738933682, 1059739.177143230335787 ], [ 3924539.552125738933682, 1059776.601660579210147 ], [ 3924539.552125738933682, 1059814.026177928084508 ], [ 3924539.552125738933682, 1059851.450695276958868 ], [ 3924539.552125738933682, 1059888.875212625833228 ], [ 3924539.552125738933682, 1059926.299729974707589 ], [ 3924539.552125738933682, 1059963.724247323581949 ], [ 3924539.552125738933682, 1060001.148764672456309 ], [ 3924539.552125738933682, 1060038.57328202133067 ], [ 3924539.552125738933682, 1060075.99779937020503 ], [ 3924539.552125738933682, 1060113.42231671907939 ], [ 3924539.552125738933682, 1060150.84683406795375 ], [ 3924539.552125738933682, 1060188.271351416828111 ], [ 3924539.552125738933682, 1060225.695868765702471 ], [ 3924539.552125738933682, 1060263.120386114576831 ], [ 3924539.552125738933682, 1060300.544903463451192 ], [ 3924539.552125738933682, 1060337.969420812325552 ], [ 3924539.552125738933682, 1060375.393938161199912 ], [ 3924539.552125738933682, 1060412.818455510074273 ], [ 3924539.552125738933682, 1060450.242972858948633 ], [ 3924539.552125738933682, 1060487.667490207822993 ], [ 3924539.552125738933682, 1060525.092007556697354 ], [ 3924539.552125738933682, 1060562.516524905571714 ], [ 3924539.552125738933682, 1060599.941042254446074 ], [ 3924539.552125738933682, 1060637.365559603320435 ], [ 3924539.552125738933682, 1060674.790076952194795 ], [ 3924539.552125738933682, 1060712.214594301069155 ], [ 3924539.552125738933682, 1060749.639111649943516 ], [ 3924513.088995738886297, 1060776.102241649990901 ], [ 3924475.664478390011936, 1060776.102241649990901 ], [ 3924438.239961041137576, 1060776.102241649990901 ], [ 3924400.815443692263216, 1060776.102241649990901 ], [ 3924374.35231369221583, 1060802.565371650038287 ], [ 3924220.231938382145017, 1061059.44275341136381 ], [ 3923742.97086760122329, 1062663.352909316075966 ], [ 3923539.548116120509803, 1063766.530138499103487 ], [ 3923430.012788400053978, 1064588.045096401590854 ], [ 3923381.272764667868614, 1065089.002447375329211 ], [ 3923381.272764667868614, 1065126.426964724203572 ], [ 3923381.272764667868614, 1065163.851482073077932 ], [ 3923381.272764667868614, 1065201.275999421952292 ], [ 3923381.272764667868614, 1065238.700516770826653 ], [ 3923381.272764667868614, 1065276.125034119701013 ], [ 3923381.272764667868614, 1065313.549551468575373 ], [ 3923381.272764667868614, 1065350.974068817449734 ], [ 3923381.272764667868614, 1065388.398586166324094 ], [ 3923381.272764667868614, 1065425.823103515198454 ], [ 3923381.272764667868614, 1065463.247620864072815 ], [ 3923381.272764667868614, 1065500.672138212947175 ], [ 3923381.272764667868614, 1065538.096655561821535 ], [ 3923381.272764667868614, 1065575.521172910695896 ], [ 3923381.272764667868614, 1065612.945690259570256 ], [ 3923381.272764667868614, 1065650.370207608444616 ], [ 3923381.272764667868614, 1065687.794724957318977 ], [ 3923381.272764667868614, 1065725.219242306193337 ], [ 3923381.272764667868614, 1065762.643759655067697 ], [ 3923381.272764667868614, 1065800.068277003942057 ], [ 3923381.272764667868614, 1065837.492794352816418 ], [ 3923381.272764667868614, 1065874.917311701690778 ], [ 3923381.272764667868614, 1065912.341829050565138 ], [ 3923381.272764667868614, 1065949.766346399439499 ], [ 3923381.272764667868614, 1065987.190863748313859 ], [ 3923381.272764667868614, 1066024.615381097188219 ], [ 3923381.272764667868614, 1066062.03989844606258 ], [ 3923381.272764667868614, 1066099.46441579493694 ], [ 3923381.272764667868614, 1066136.8889331438113 ], [ 3923381.272764667868614, 1066174.313450492685661 ], [ 3923381.272764667868614, 1066211.737967841560021 ], [ 3923381.272764667868614, 1066249.162485190434381 ], [ 3923381.272764667868614, 1066286.587002539308742 ], [ 3923381.272764667868614, 1066324.011519888183102 ], [ 3923381.272764667868614, 1066361.436037237057462 ], [ 3923381.272764667868614, 1066398.860554585931823 ], [ 3923381.272764667868614, 1066436.285071934806183 ], [ 3923381.272764667868614, 1066473.709589283680543 ], [ 3923381.272764667868614, 1066511.134106632554904 ], [ 3923381.272764667868614, 1066548.558623981429264 ], [ 3923381.272764667868614, 1066585.983141330303624 ], [ 3923381.272764667868614, 1066623.407658679177985 ], [ 3923381.272764667868614, 1066660.832176028052345 ], [ 3923381.272764667868614, 1066698.256693376926705 ], [ 3923381.272764667868614, 1066735.681210725801066 ], [ 3923381.272764667868614, 1066773.105728074675426 ], [ 3923381.272764667868614, 1066810.530245423549786 ], [ 3923381.272764667868614, 1066847.954762772424147 ], [ 3923381.272764667868614, 1066885.379280121298507 ], [ 3923381.272764667868614, 1066922.803797470172867 ], [ 3923381.272764667868614, 1066960.228314819047228 ], [ 3923381.272764667868614, 1066997.652832167921588 ], [ 3923381.272764667868614, 1067035.077349516795948 ], [ 3923381.272764667868614, 1067072.501866865670308 ], [ 3923381.272764667868614, 1067109.926384214544669 ], [ 3923381.272764667868614, 1067147.350901563419029 ], [ 3923381.272764667868614, 1067184.775418912293389 ], [ 3923381.272764667868614, 1067222.19993626116775 ], [ 3923381.272764667868614, 1067259.62445361004211 ], [ 3923381.272764667868614, 1067297.04897095891647 ], [ 3923381.272764667868614, 1067334.473488307790831 ], [ 3923381.272764667868614, 1067371.898005656665191 ], [ 3923381.272764667868614, 1067409.322523005539551 ], [ 3923381.272764667868614, 1067446.747040354413912 ], [ 3923381.272764667868614, 1067484.171557703288272 ], [ 3923381.272764667868614, 1067521.596075052162632 ], [ 3923381.272764667868614, 1067559.020592401036993 ], [ 3923381.272764667868614, 1067596.445109749911353 ], [ 3923381.272764667868614, 1067633.869627098785713 ], [ 3923381.272764667868614, 1067671.294144447660074 ], [ 3923381.272764667868614, 1067708.718661796534434 ], [ 3923381.272764667868614, 1067746.143179145408794 ], [ 3923381.272764667868614, 1067783.567696494283155 ], [ 3923381.272764667868614, 1067820.992213843157515 ], [ 3923381.272764667868614, 1067858.416731192031875 ], [ 3923381.272764667868614, 1067895.841248540906236 ], [ 3923381.272764667868614, 1067933.265765889780596 ], [ 3923381.272764667868614, 1067970.690283238654956 ], [ 3923381.272764667868614, 1068008.114800587529317 ], [ 3923381.272764667868614, 1068045.539317936403677 ], [ 3923381.272764667868614, 1068082.963835285278037 ], [ 3923381.272764667868614, 1068120.388352634152398 ], [ 3923381.272764667868614, 1068157.812869983026758 ], [ 3923381.272764667868614, 1068195.237387331901118 ], [ 3923381.272764667868614, 1068232.661904680775478 ], [ 3923381.272764667868614, 1068270.086422029649839 ], [ 3923381.272764667868614, 1068307.510939378524199 ], [ 3923381.272764667868614, 1068344.935456727398559 ], [ 3923381.272764667868614, 1068382.35997407627292 ], [ 3923381.272764667868614, 1068419.78449142514728 ], [ 3923381.272764667868614, 1068457.20900877402164 ], [ 3923381.272764667868614, 1068494.633526122896001 ], [ 3923381.272764667868614, 1068532.058043471770361 ], [ 3923381.272764667868614, 1068569.482560820644721 ], [ 3923381.272764667868614, 1068606.907078169519082 ], [ 3923381.272764667868614, 1068644.331595518393442 ], [ 3923381.272764667868614, 1068681.756112867267802 ], [ 3923381.272764667868614, 1068719.180630216142163 ], [ 3923381.272764667868614, 1068756.605147565016523 ], [ 3923381.272764667868614, 1068794.029664913890883 ], [ 3923381.272764667868614, 1068831.454182262765244 ], [ 3923381.272764667868614, 1068868.878699611639604 ], [ 3923381.272764667868614, 1068906.303216960513964 ], [ 3923381.272764667868614, 1068943.727734309388325 ], [ 3923381.272764667868614, 1068981.152251658262685 ], [ 3923381.272764667868614, 1069018.576769007137045 ], [ 3923381.272764667868614, 1069056.001286356011406 ], [ 3923381.272764667868614, 1069093.425803704885766 ], [ 3923381.272764667868614, 1069130.850321053760126 ], [ 3923381.272764667868614, 1069168.274838402634487 ], [ 3923381.272764667868614, 1069205.699355751508847 ], [ 3923381.272764667868614, 1069243.123873100383207 ], [ 3923381.272764667868614, 1069280.548390449257568 ], [ 3923381.272764667868614, 1069317.972907798131928 ], [ 3923381.272764667868614, 1069355.397425147006288 ], [ 3923381.272764667868614, 1069392.821942495880648 ], [ 3923381.272764667868614, 1069430.246459844755009 ], [ 3923381.272764667868614, 1069467.670977193629369 ], [ 3923381.272764667868614, 1069505.095494542503729 ], [ 3923381.272764667868614, 1069542.52001189137809 ], [ 3923407.735894667916, 1069568.983141891425475 ], [ 3923445.16041201679036, 1069568.983141891425475 ], [ 3923482.584929365664721, 1069568.983141891425475 ], [ 3923520.009446714539081, 1069568.983141891425475 ], [ 3923557.433964063413441, 1069568.983141891425475 ], [ 3923594.858481412287802, 1069568.983141891425475 ], [ 3923632.282998761162162, 1069568.983141891425475 ], [ 3923669.707516110036522, 1069568.983141891425475 ], [ 3923707.132033458910882, 1069568.983141891425475 ], [ 3923733.595163458958268, 1069542.52001189137809 ], [ 3924780.475651226937771, 1068869.635561705101281 ], [ 3924988.646333925426006, 1068586.864980215905234 ], [ 3925052.533981274347752, 1068554.922189630800858 ], [ 3925561.355856586713344, 1068300.519479832844809 ], [ 3925971.648845843505114, 1068128.461129499366507 ], [ 3926648.879421722143888, 1067743.48350058705546 ], [ 3926714.714487276040018, 1067706.058983238181099 ], [ 3927890.761214947793633, 1067228.4636046779342 ], [ 3928393.701008230447769, 1066990.228965754620731 ], [ 3928870.170286077074707, 1066910.817419446771964 ], [ 3929984.268562535289675, 1066750.403951562708244 ], [ 3930021.693079884164035, 1066750.403951562708244 ], [ 3930059.117597233038396, 1066750.403951562708244 ], [ 3930096.542114581912756, 1066750.403951562708244 ], [ 3930133.966631930787116, 1066750.403951562708244 ], [ 3930171.391149279661477, 1066750.403951562708244 ], [ 3930208.815666628535837, 1066750.403951562708244 ], [ 3930246.240183977410197, 1066750.403951562708244 ], [ 3930272.703313977457583, 1066776.867081562755629 ], [ 3930272.703313977457583, 1066814.29159891162999 ], [ 3930272.703313977457583, 1066851.71611626050435 ], [ 3930272.703313977457583, 1066889.14063360937871 ], [ 3930299.166443977504969, 1066915.603763609426096 ], [ 3930336.590961326379329, 1066915.603763609426096 ], [ 3930374.015478675253689, 1066915.603763609426096 ], [ 3930411.43999602412805, 1066915.603763609426096 ], [ 3930448.86451337300241, 1066915.603763609426096 ], [ 3930486.28903072187677, 1066915.603763609426096 ], [ 3930523.713548070751131, 1066915.603763609426096 ], [ 3930561.138065419625491, 1066915.603763609426096 ], [ 3930598.562582768499851, 1066915.603763609426096 ], [ 3930625.025712768547237, 1066942.066893609473482 ], [ 3930625.025712768547237, 1066979.491410958347842 ], [ 3930625.025712768547237, 1067016.915928307222202 ], [ 3930625.025712768547237, 1067054.340445656096563 ], [ 3930651.488842768594623, 1067080.803575656143948 ], [ 3930688.913360117468983, 1067080.803575656143948 ], [ 3930726.337877466343343, 1067080.803575656143948 ], [ 3930763.762394815217704, 1067080.803575656143948 ], [ 3930801.186912164092064, 1067080.803575656143948 ], [ 3930838.611429512966424, 1067080.803575656143948 ], [ 3930876.035946861840785, 1067080.803575656143948 ], [ 3930913.460464210715145, 1067080.803575656143948 ], [ 3930950.884981559589505, 1067080.803575656143948 ], [ 3930988.309498908463866, 1067080.803575656143948 ], [ 3931025.734016257338226, 1067080.803575656143948 ], [ 3931063.158533606212586, 1067080.803575656143948 ], [ 3931100.583050955086946, 1067080.803575656143948 ], [ 3931138.007568303961307, 1067080.803575656143948 ], [ 3931175.432085652835667, 1067080.803575656143948 ], [ 3931212.856603001710027, 1067080.803575656143948 ], [ 3931250.281120350584388, 1067080.803575656143948 ], [ 3931276.744250350631773, 1067107.266705656191334 ], [ 3931276.744250350631773, 1067144.691223005065694 ], [ 3931276.744250350631773, 1067182.115740353940055 ], [ 3931276.744250350631773, 1067219.540257702814415 ], [ 3931303.207380350679159, 1067246.003387702861801 ], [ 3931340.631897699553519, 1067246.003387702861801 ], [ 3931378.05641504842788, 1067246.003387702861801 ], [ 3931415.48093239730224, 1067246.003387702861801 ], [ 3931452.9054497461766, 1067246.003387702861801 ], [ 3931490.329967095050961, 1067246.003387702861801 ], [ 3931527.754484443925321, 1067246.003387702861801 ], [ 3931565.179001792799681, 1067246.003387702861801 ], [ 3931591.642131792847067, 1067272.466517702909186 ], [ 3931591.642131792847067, 1067309.891035051783547 ], [ 3931591.642131792847067, 1067347.315552400657907 ], [ 3931591.642131792847067, 1067384.740069749532267 ], [ 3931618.105261792894453, 1067411.203199749579653 ], [ 3931655.529779141768813, 1067411.203199749579653 ], [ 3931692.954296490643173, 1067411.203199749579653 ], [ 3931730.378813839517534, 1067411.203199749579653 ], [ 3931767.803331188391894, 1067411.203199749579653 ], [ 3931805.227848537266254, 1067411.203199749579653 ], [ 3931842.652365886140615, 1067411.203199749579653 ], [ 3931880.076883235014975, 1067411.203199749579653 ], [ 3931917.501400583889335, 1067411.203199749579653 ], [ 3931954.925917932763696, 1067411.203199749579653 ], [ 3931992.350435281638056, 1067411.203199749579653 ], [ 3932029.774952630512416, 1067411.203199749579653 ], [ 3932067.199469979386777, 1067411.203199749579653 ], [ 3932104.623987328261137, 1067411.203199749579653 ], [ 3932104.623987328261137, 1067448.627717098454013 ], [ 3932104.623987328261137, 1067486.052234447328374 ], [ 3932104.623987328261137, 1067523.476751796202734 ], [ 3932104.623987328261137, 1067560.901269145077094 ], [ 3932131.087117328308523, 1067587.36439914512448 ], [ 3932168.511634677182883, 1067587.36439914512448 ], [ 3932205.936152026057243, 1067587.36439914512448 ], [ 3932243.360669374931604, 1067587.36439914512448 ], [ 3932280.785186723805964, 1067587.36439914512448 ], [ 3932318.209704072680324, 1067587.36439914512448 ], [ 3932355.634221421554685, 1067587.36439914512448 ], [ 3932393.058738770429045, 1067587.36439914512448 ], [ 3932430.483256119303405, 1067587.36439914512448 ], [ 3932430.483256119303405, 1067624.78891649399884 ], [ 3932430.483256119303405, 1067662.213433842873201 ], [ 3932429.010982036124915, 1067701.908128842944279 ], [ 3932453.735870096832514, 1067741.602823843015358 ], [ 3932491.160387445706874, 1067741.602823843015358 ], [ 3932528.584904794581234, 1067741.602823843015358 ], [ 3932566.009422143455595, 1067741.602823843015358 ], [ 3932603.433939492329955, 1067741.602823843015358 ], [ 3932640.858456841204315, 1067741.602823843015358 ], [ 3932678.282974190078676, 1067741.602823843015358 ], [ 3932715.707491538953036, 1067741.602823843015358 ], [ 3932753.132008887827396, 1067741.602823843015358 ], [ 3932790.556526236701757, 1067741.602823843015358 ], [ 3932827.981043585576117, 1067741.602823843015358 ], [ 3932865.405560934450477, 1067741.602823843015358 ], [ 3932902.830078283324838, 1067741.602823843015358 ], [ 3932940.254595632199198, 1067741.602823843015358 ], [ 3932977.679112981073558, 1067741.602823843015358 ], [ 3933015.103630329947919, 1067741.602823843015358 ], [ 3933052.528147678822279, 1067741.602823843015358 ], [ 3933089.952665027696639, 1067741.602823843015358 ], [ 3933127.377182376571, 1067741.602823843015358 ], [ 3933164.80169972544536, 1067741.602823843015358 ], [ 3933202.22621707431972, 1067741.602823843015358 ], [ 3933239.650734423194081, 1067741.602823843015358 ], [ 3933277.075251772068441, 1067741.602823843015358 ], [ 3933314.499769120942801, 1067741.602823843015358 ], [ 3933351.924286469817162, 1067741.602823843015358 ], [ 3933389.348803818691522, 1067741.602823843015358 ], [ 3933426.773321167565882, 1067741.602823843015358 ], [ 3933426.773321167565882, 1067779.027341191889718 ], [ 3933426.773321167565882, 1067816.451858540764078 ], [ 3933426.773321167565882, 1067853.876375889638439 ], [ 3933426.773321167565882, 1067891.300893238512799 ], [ 3933453.236451167613268, 1067917.764023238560185 ], [ 3933490.660968516487628, 1067917.764023238560185 ], [ 3933528.085485865361989, 1067917.764023238560185 ], [ 3933565.510003214236349, 1067917.764023238560185 ], [ 3933602.934520563110709, 1067917.764023238560185 ], [ 3933640.35903791198507, 1067917.764023238560185 ], [ 3933677.78355526085943, 1067917.764023238560185 ], [ 3933715.20807260973379, 1067917.764023238560185 ], [ 3933752.63258995860815, 1067917.764023238560185 ], [ 3933752.63258995860815, 1067955.188540587434545 ], [ 3933752.63258995860815, 1067992.613057936308905 ], [ 3933754.90276761027053, 1068032.307752936379984 ], [ 3933790.855010875500739, 1068072.002447936451063 ], [ 3933828.279528224375099, 1068072.002447936451063 ], [ 3933865.704045573249459, 1068072.002447936451063 ], [ 3933903.12856292212382, 1068072.002447936451063 ], [ 3933940.55308027099818, 1068072.002447936451063 ], [ 3933977.97759761987254, 1068072.002447936451063 ], [ 3934015.402114968746901, 1068072.002447936451063 ], [ 3934052.826632317621261, 1068072.002447936451063 ], [ 3934090.251149666495621, 1068072.002447936451063 ], [ 3934127.675667015369982, 1068072.002447936451063 ], [ 3934165.100184364244342, 1068072.002447936451063 ], [ 3934202.524701713118702, 1068072.002447936451063 ], [ 3934239.949219061993062, 1068072.002447936451063 ], [ 3934277.373736410867423, 1068072.002447936451063 ], [ 3934314.798253759741783, 1068072.002447936451063 ], [ 3934352.222771108616143, 1068072.002447936451063 ], [ 3934389.647288457490504, 1068072.002447936451063 ], [ 3934427.071805806364864, 1068072.002447936451063 ], [ 3934464.496323155239224, 1068072.002447936451063 ], [ 3934501.920840504113585, 1068072.002447936451063 ], [ 3934539.345357852987945, 1068072.002447936451063 ], [ 3934576.769875201862305, 1068072.002447936451063 ], [ 3934614.194392550736666, 1068072.002447936451063 ], [ 3934651.618909899611026, 1068072.002447936451063 ], [ 3934689.043427248485386, 1068072.002447936451063 ], [ 3934726.467944597359747, 1068072.002447936451063 ], [ 3934726.467944597359747, 1068109.426965285325423 ], [ 3934726.467944597359747, 1068146.851482634199783 ], [ 3934726.467944597359747, 1068184.275999983074144 ], [ 3934726.467944597359747, 1068221.700517331948504 ], [ 3934726.467944597359747, 1068259.125034680822864 ], [ 3934763.892461946234107, 1068259.125034680822864 ], [ 3934801.316979295108467, 1068259.125034680822864 ], [ 3934838.741496643982828, 1068259.125034680822864 ], [ 3934876.166013992857188, 1068259.125034680822864 ], [ 3934913.590531341731548, 1068259.125034680822864 ], [ 3934951.015048690605909, 1068259.125034680822864 ], [ 3934988.439566039480269, 1068259.125034680822864 ], [ 3935025.864083388354629, 1068259.125034680822864 ], [ 3935063.28860073722899, 1068259.125034680822864 ], [ 3935100.71311808610335, 1068259.125034680822864 ], [ 3935138.13763543497771, 1068259.125034680822864 ], [ 3935175.562152783852071, 1068259.125034680822864 ], [ 3935212.986670132726431, 1068259.125034680822864 ], [ 3935239.449800132773817, 1068232.661904680775478 ], [ 3935239.449800132773817, 1068195.237387331901118 ], [ 3935239.449800132773817, 1068157.812869983026758 ], [ 3935239.449800132773817, 1068120.388352634152398 ], [ 3935239.449800132773817, 1068082.963835285278037 ], [ 3935276.874317481648177, 1068082.963835285278037 ], [ 3935314.298834830522537, 1068082.963835285278037 ], [ 3935351.723352179396898, 1068082.963835285278037 ], [ 3935389.147869528271258, 1068082.963835285278037 ], [ 3935415.610999528318644, 1068056.500705285230651 ], [ 3935415.610999528318644, 1068019.076187936356291 ], [ 3935415.610999528318644, 1067981.651670587481931 ], [ 3935415.610999528318644, 1067944.227153238607571 ], [ 3935415.610999528318644, 1067906.80263588973321 ], [ 3935453.035516877193004, 1067906.80263588973321 ], [ 3935490.460034226067364, 1067906.80263588973321 ], [ 3935527.884551574941725, 1067906.80263588973321 ], [ 3935565.309068923816085, 1067906.80263588973321 ], [ 3935602.733586272690445, 1067906.80263588973321 ], [ 3935640.158103621564806, 1067906.80263588973321 ], [ 3935677.582620970439166, 1067906.80263588973321 ], [ 3935715.007138319313526, 1067906.80263588973321 ], [ 3935741.470268319360912, 1067880.339505889685825 ], [ 3935741.470268319360912, 1067842.914988540811464 ], [ 3935741.470268319360912, 1067805.490471191937104 ], [ 3935741.470268319360912, 1067768.065953843062744 ], [ 3935767.933398319408298, 1067741.602823843015358 ], [ 3935805.357915668282658, 1067741.602823843015358 ], [ 3935842.782433017157018, 1067741.602823843015358 ], [ 3935880.206950366031379, 1067741.602823843015358 ], [ 3935906.670080366078764, 1067715.139693842967972 ], [ 3935906.670080366078764, 1067677.715176494093612 ], [ 3935906.670080366078764, 1067640.290659145219252 ], [ 3935906.670080366078764, 1067602.866141796344891 ], [ 3935933.13321036612615, 1067576.403011796297505 ], [ 3935970.55772771500051, 1067576.403011796297505 ], [ 3936007.982245063874871, 1067576.403011796297505 ], [ 3936045.406762412749231, 1067576.403011796297505 ], [ 3936082.831279761623591, 1067576.403011796297505 ], [ 3936120.255797110497952, 1067576.403011796297505 ], [ 3936157.680314459372312, 1067576.403011796297505 ], [ 3936195.104831808246672, 1067576.403011796297505 ], [ 3936221.567961808294058, 1067549.93988179625012 ], [ 3936221.567961808294058, 1067512.515364447375759 ], [ 3936221.567961808294058, 1067475.090847098501399 ], [ 3936221.567961808294058, 1067437.666329749627039 ], [ 3936248.031091808341444, 1067411.203199749579653 ], [ 3936285.455609157215804, 1067411.203199749579653 ], [ 3936322.880126506090164, 1067411.203199749579653 ], [ 3936360.304643854964525, 1067411.203199749579653 ], [ 3936397.729161203838885, 1067411.203199749579653 ], [ 3936435.153678552713245, 1067411.203199749579653 ], [ 3936472.578195901587605, 1067411.203199749579653 ], [ 3936510.002713250461966, 1067411.203199749579653 ], [ 3936547.427230599336326, 1067411.203199749579653 ], [ 3936573.890360599383712, 1067384.740069749532267 ], [ 3936573.890360599383712, 1067347.315552400657907 ], [ 3936573.890360599383712, 1067309.891035051783547 ], [ 3936573.890360599383712, 1067272.466517702909186 ], [ 3936573.890360599383712, 1067235.042000354034826 ], [ 3936573.890360599383712, 1067197.617483005160466 ], [ 3936573.890360599383712, 1067160.192965656286106 ], [ 3936573.890360599383712, 1067122.768448307411745 ], [ 3936573.890360599383712, 1067085.343930958537385 ], [ 3936611.314877948258072, 1067085.343930958537385 ], [ 3936648.739395297132432, 1067085.343930958537385 ], [ 3936686.163912646006793, 1067085.343930958537385 ], [ 3936723.588429994881153, 1067085.343930958537385 ], [ 3936723.588429994881153, 1067047.919413609663025 ], [ 3936723.588429994881153, 1067010.494896260788664 ], [ 3936723.588429994881153, 1066973.070378911914304 ], [ 3936723.588429994881153, 1066935.645861563039944 ], [ 3936761.012947343755513, 1066935.645861563039944 ], [ 3936798.437464692629874, 1066935.645861563039944 ], [ 3936835.861982041504234, 1066935.645861563039944 ], [ 3936873.286499390378594, 1066935.645861563039944 ], [ 3936899.74962939042598, 1066909.182731562992558 ], [ 3936899.74962939042598, 1066871.758214214118198 ], [ 3936899.74962939042598, 1066834.333696865243837 ], [ 3936899.74962939042598, 1066796.909179516369477 ], [ 3936899.74962939042598, 1066759.484662167495117 ], [ 3936937.17414673930034, 1066759.484662167495117 ], [ 3936974.598664088174701, 1066759.484662167495117 ], [ 3937012.023181437049061, 1066759.484662167495117 ], [ 3937421.669160150457174, 1066361.109965384239331 ], [ 3938061.508548412006348, 1066107.205446232808754 ], [ 3939056.814263484906405, 1065975.175096274353564 ], [ 3940245.087413113564253, 1065589.240227164002135 ], [ 3940880.369534278288484, 1065436.005489049712196 ], [ 3940917.794051627162844, 1065436.005489049712196 ], [ 3940955.218568976037204, 1065436.005489049712196 ], [ 3940992.643086324911565, 1065436.005489049712196 ], [ 3941030.067603673785925, 1065436.005489049712196 ], [ 3941067.492121022660285, 1065436.005489049712196 ], [ 3941104.916638371534646, 1065436.005489049712196 ], [ 3941142.341155720409006, 1065436.005489049712196 ], [ 3941769.283415485173464, 1065236.929772080620751 ], [ 3942119.918962093535811, 1065094.644477607449517 ], [ 3942146.382092093583196, 1065068.181347607402131 ], [ 3942755.24557943502441, 1064768.785208816407248 ], [ 3942809.062017024494708, 1064742.322078816359863 ], [ 3943050.018035643734038, 1064627.799891761504114 ], [ 3943296.012795003131032, 1064444.279991921735927 ], [ 3943581.054341563023627, 1064213.903947442071512 ], [ 3943928.570747642312199, 1063893.720292402431369 ], [ 3944197.993579322006553, 1063612.583424562821165 ], [ 3944748.668709395453334, 1063059.024970441125333 ], [ 3945195.054665093310177, 1062656.051520020468161 ], [ 3945859.623658585362136, 1061798.543141320813447 ], [ 3946252.20334266545251, 1060966.73033655830659 ], [ 3946444.411259953863919, 1060784.507865725783631 ], [ 3946475.284429587423801, 1060703.576283761300147 ], [ 3946593.564354107715189, 1060288.548668976174667 ], [ 3946593.564354107715189, 1060251.124151627300307 ], [ 3946593.564354107715189, 1060213.699634278425947 ], [ 3946593.564354107715189, 1060176.275116929551587 ], [ 3946593.564354107715189, 1060138.850599580677226 ], [ 3946593.564354107715189, 1060101.426082231802866 ], [ 3946593.564354107715189, 1060064.001564882928506 ], [ 3946593.564354107715189, 1060026.577047534054145 ], [ 3946593.564354107715189, 1059989.152530185179785 ], [ 3946593.564354107715189, 1059786.528200789587572 ], [ 3946593.564354107715189, 1059749.103683440713212 ], [ 3946593.564354107715189, 1059711.679166091838852 ], [ 3946593.564354107715189, 1059674.254648742964491 ], [ 3946593.564354107715189, 1059636.830131394090131 ], [ 3946593.564354107715189, 1059599.405614045215771 ], [ 3946593.564354107715189, 1059561.98109669634141 ], [ 3946593.564354107715189, 1059524.55657934746705 ], [ 3946593.564354107715189, 1059487.13206199859269 ], [ 3946593.564354107715189, 1059449.707544649718329 ], [ 3946593.564354107715189, 1059412.283027300843969 ], [ 3946593.564354107715189, 1059374.858509951969609 ], [ 3946593.564354107715189, 1059337.433992603095248 ], [ 3946593.564354107715189, 1059300.009475254220888 ], [ 3946593.564354107715189, 1059262.584957905346528 ], [ 3946593.564354107715189, 1059225.160440556472167 ], [ 3946593.564354107715189, 1059187.735923207597807 ], [ 3946593.564354107715189, 1059150.311405858723447 ], [ 3946593.564354107715189, 1059112.886888509849086 ], [ 3946593.564354107715189, 1059075.462371160974726 ], [ 3946593.564354107715189, 1059038.037853812100366 ], [ 3946593.564354107715189, 1059000.613336463226005 ], [ 3946593.564354107715189, 1058963.188819114351645 ], [ 3946597.040850185323507, 1058880.582281357841566 ], [ 3946593.564354107715189, 1058813.490749718854204 ], [ 3946593.564354107715189, 1058776.066232369979843 ], [ 3946593.564354107715189, 1058738.641715021105483 ], [ 3946593.564354107715189, 1058701.217197672231123 ], [ 3946593.564354107715189, 1058663.792680323356763 ], [ 3946593.564354107715189, 1058626.368162974482402 ], [ 3946593.564354107715189, 1058588.943645625608042 ], [ 3946593.564354107715189, 1058551.519128276733682 ], [ 3946593.564354107715189, 1058514.094610927859321 ], [ 3946593.564354107715189, 1058476.670093578984961 ], [ 3946601.502904454246163, 1058385.294257522327825 ], [ 3946593.564354107715189, 1058311.470281532267109 ], [ 3946593.564354107715189, 1058274.045764183392748 ], [ 3946593.564354107715189, 1058236.621246834518388 ], [ 3946593.564354107715189, 1058199.196729485644028 ], [ 3946593.564354107715189, 1058161.772212136769667 ], [ 3946593.564354107715189, 1058124.347694787895307 ], [ 3946556.139836758840829, 1058124.347694787895307 ], [ 3946518.715319409966469, 1058124.347694787895307 ], [ 3946481.290802061092108, 1058124.347694787895307 ], [ 3946443.866284712217748, 1058124.347694787895307 ], [ 3946406.441767363343388, 1058124.347694787895307 ], [ 3946406.441767363343388, 1058086.923177439020947 ], [ 3946406.441767363343388, 1058049.498660090146586 ], [ 3946406.441767363343388, 1058012.074142741272226 ], [ 3946406.441767363343388, 1057974.649625392397866 ], [ 3946406.441767363343388, 1057937.225108043523505 ], [ 3946406.441767363343388, 1057899.800590694649145 ], [ 3946406.441767363343388, 1057862.376073345774785 ], [ 3946406.441767363343388, 1057824.951555996900424 ], [ 3946406.441767363343388, 1057787.527038648026064 ], [ 3946406.441767363343388, 1057750.102521299151704 ], [ 3946406.441767363343388, 1057712.678003950277343 ], [ 3946406.441767363343388, 1057675.253486601402983 ], [ 3946406.441767363343388, 1057637.828969252528623 ], [ 3946406.441767363343388, 1057600.404451903654262 ], [ 3946406.441767363343388, 1057562.979934554779902 ], [ 3946406.441767363343388, 1057525.555417205905542 ], [ 3946406.441767363343388, 1057488.130899857031181 ], [ 3946406.441767363343388, 1057450.706382508156821 ], [ 3946406.441767363343388, 1057413.281865159282461 ], [ 3946406.441767363343388, 1057375.8573478104081 ], [ 3946406.441767363343388, 1057338.43283046153374 ], [ 3946379.978637363296002, 1057311.969700461486354 ], [ 3946342.554120014421642, 1057311.969700461486354 ], [ 3946305.129602665547282, 1057311.969700461486354 ], [ 3946267.705085316672921, 1057311.969700461486354 ], [ 3946267.705085316672921, 1057274.545183112611994 ], [ 3946267.705085316672921, 1057237.120665763737634 ], [ 3946267.705085316672921, 1057199.696148414863274 ], [ 3946267.705085316672921, 1057162.271631065988913 ], [ 3946267.705085316672921, 1057124.847113717114553 ], [ 3946267.705085316672921, 1057087.422596368240193 ], [ 3946267.705085316672921, 1057049.998079019365832 ], [ 3946267.705085316672921, 1057012.573561670491472 ], [ 3946267.705085316672921, 1056975.149044321617112 ], [ 3946267.705085316672921, 1056937.724526972742751 ], [ 3946267.705085316672921, 1056900.300009623868391 ], [ 3946267.705085316672921, 1056862.875492274994031 ], [ 3946267.705085316672921, 1056825.45097492611967 ], [ 3946267.705085316672921, 1056788.02645757724531 ], [ 3946267.705085316672921, 1056750.60194022837095 ], [ 3946267.705085316672921, 1056713.177422879496589 ], [ 3946267.705085316672921, 1056675.752905530622229 ], [ 3946267.705085316672921, 1056638.328388181747869 ], [ 3946267.705085316672921, 1056600.903870832873508 ], [ 3946267.705085316672921, 1056563.479353483999148 ], [ 3946267.705085316672921, 1056526.054836135124788 ], [ 3946267.705085316672921, 1056488.630318786250427 ], [ 3946267.705085316672921, 1056451.205801437376067 ], [ 3946267.705085316672921, 1056413.781284088501707 ], [ 3946267.705085316672921, 1056376.356766739627346 ], [ 3946267.705085316672921, 1056338.932249390752986 ], [ 3946241.241955316625535, 1056312.4691193907056 ], [ 3946203.817437967751175, 1056312.4691193907056 ], [ 3946166.392920618876815, 1056312.4691193907056 ], [ 3946128.968403270002455, 1056312.4691193907056 ], [ 3946091.543885921128094, 1056312.4691193907056 ], [ 3946091.543885921128094, 1056275.04460204183124 ], [ 3946091.543885921128094, 1056237.62008469295688 ], [ 3946091.543885921128094, 1056200.195567344082519 ], [ 3946091.543885921128094, 1056162.771049995208159 ], [ 3946091.543885921128094, 1056125.346532646333799 ], [ 3946091.543885921128094, 1056087.922015297459438 ], [ 3946091.543885921128094, 1056050.497497948585078 ], [ 3946091.543885921128094, 1056013.072980599710718 ], [ 3946091.543885921128094, 1055975.648463250836357 ], [ 3946091.543885921128094, 1055938.223945901961997 ], [ 3946091.543885921128094, 1055900.799428553087637 ], [ 3946091.543885921128094, 1055863.374911204213277 ], [ 3946091.543885921128094, 1055825.950393855338916 ], [ 3946054.119368572253734, 1055825.950393855338916 ], [ 3946016.694851223379374, 1055825.950393855338916 ], [ 3945979.270333874505013, 1055825.950393855338916 ], [ 3945952.807203874457628, 1055799.48726385529153 ], [ 3945952.807203874457628, 1055762.06274650641717 ], [ 3945952.807203874457628, 1055724.63822915754281 ], [ 3945952.807203874457628, 1055687.21371180866845 ], [ 3945952.807203874457628, 1055649.789194459794089 ], [ 3945952.807203874457628, 1055612.364677110919729 ], [ 3945952.807203874457628, 1055574.940159762045369 ], [ 3945952.807203874457628, 1055537.515642413171008 ], [ 3945952.807203874457628, 1055500.091125064296648 ], [ 3945952.807203874457628, 1055462.666607715422288 ], [ 3945952.807203874457628, 1055425.242090366547927 ], [ 3945952.807203874457628, 1055387.817573017673567 ], [ 3945952.807203874457628, 1055350.393055668799207 ], [ 3945952.807203874457628, 1055312.968538319924846 ], [ 3945952.807203874457628, 1055275.544020971050486 ], [ 3945952.807203874457628, 1055238.119503622176126 ], [ 3945952.807203874457628, 1055200.694986273301765 ], [ 3945952.807203874457628, 1055163.270468924427405 ], [ 3945952.807203874457628, 1055125.845951575553045 ], [ 3945952.807203874457628, 1055088.421434226678684 ], [ 3945952.807203874457628, 1055050.996916877804324 ], [ 3945952.807203874457628, 1055013.572399528929964 ], [ 3945952.807203874457628, 1054976.147882180055603 ], [ 3945952.807203874457628, 1054938.723364831181243 ], [ 3945952.807203874457628, 1054901.298847482306883 ], [ 3945952.807203874457628, 1054863.874330133432522 ], [ 3945926.344073874410242, 1054837.411200133385137 ], [ 3945888.919556525535882, 1054837.411200133385137 ], [ 3945851.495039176661521, 1054837.411200133385137 ], [ 3945814.070521827787161, 1054837.411200133385137 ], [ 3945776.646004478912801, 1054837.411200133385137 ], [ 3945776.646004478912801, 1054799.986682784510776 ], [ 3945776.646004478912801, 1054762.562165435636416 ], [ 3945776.646004478912801, 1054725.137648086762056 ], [ 3945776.646004478912801, 1054687.713130737887695 ], [ 3945776.646004478912801, 1054650.288613389013335 ], [ 3945739.22148713003844, 1054650.288613389013335 ], [ 3945701.79696978116408, 1054650.288613389013335 ], [ 3945664.37245243228972, 1054650.288613389013335 ], [ 3945626.947935083415359, 1054650.288613389013335 ], [ 3945589.523417734540999, 1054650.288613389013335 ], [ 3945589.523417734540999, 1054612.864096040138975 ], [ 3945589.523417734540999, 1054575.439578691264614 ], [ 3945589.523417734540999, 1054538.015061342390254 ], [ 3945589.523417734540999, 1054500.590543993515894 ], [ 3945589.523417734540999, 1054463.166026644641533 ], [ 3945589.523417734540999, 1054425.741509295767173 ], [ 3945589.523417734540999, 1054388.316991946892813 ], [ 3945589.523417734540999, 1054350.892474598018453 ], [ 3945563.060287734493613, 1054324.429344597971067 ], [ 3945525.635770385619253, 1054324.429344597971067 ], [ 3945488.211253036744893, 1054324.429344597971067 ], [ 3945450.786735687870532, 1054324.429344597971067 ], [ 3945450.786735687870532, 1054287.004827249096707 ], [ 3945450.786735687870532, 1054249.580309900222346 ], [ 3945450.786735687870532, 1054212.155792551347986 ], [ 3945450.786735687870532, 1054174.731275202473626 ], [ 3945450.786735687870532, 1054137.306757853599265 ], [ 3945450.786735687870532, 1054099.882240504724905 ], [ 3945450.786735687870532, 1054062.457723155850545 ], [ 3945450.786735687870532, 1054025.033205806976184 ], [ 3945424.323605687823147, 1053998.570075806928799 ], [ 3945386.899088338948786, 1053998.570075806928799 ], [ 3945349.474570990074426, 1053998.570075806928799 ], [ 3945312.050053641200066, 1053998.570075806928799 ], [ 3945274.625536292325705, 1053998.570075806928799 ], [ 3945274.625536292325705, 1053961.145558458054438 ], [ 3945274.625536292325705, 1053923.721041109180078 ], [ 3945274.625536292325705, 1053886.296523760305718 ], [ 3945274.625536292325705, 1053848.872006411431357 ], [ 3945274.625536292325705, 1053811.447489062556997 ], [ 3945274.625536292325705, 1053774.022971713682637 ], [ 3945274.625536292325705, 1053736.598454364808276 ], [ 3945274.625536292325705, 1053699.173937015933916 ], [ 3945248.16240629227832, 1053672.71080701588653 ], [ 3945210.737888943403959, 1053672.71080701588653 ], [ 3945173.313371594529599, 1053672.71080701588653 ], [ 3945135.888854245655239, 1053672.71080701588653 ], [ 3945109.425724245607853, 1053646.247677015839145 ], [ 3945109.425724245607853, 1053608.823159666964784 ], [ 3945109.425724245607853, 1053571.398642318090424 ], [ 3945109.425724245607853, 1053533.974124969216064 ], [ 3945082.962594245560467, 1053507.510994969168678 ], [ 3945045.538076896686107, 1053507.510994969168678 ], [ 3945008.113559547811747, 1053507.510994969168678 ], [ 3944970.689042198937386, 1053507.510994969168678 ], [ 3944933.264524850063026, 1053507.510994969168678 ], [ 3944933.264524850063026, 1053470.086477620294318 ], [ 3944933.264524850063026, 1053432.661960271419957 ], [ 3944933.264524850063026, 1053395.237442922545597 ], [ 3944933.264524850063026, 1053357.812925573671237 ], [ 3944933.264524850063026, 1053320.388408224796876 ], [ 3944933.264524850063026, 1053282.963890875922516 ], [ 3944933.264524850063026, 1053245.539373527048156 ], [ 3944933.264524850063026, 1053208.114856178173795 ], [ 3944906.80139485001564, 1053181.65172617812641 ], [ 3944869.37687750114128, 1053181.65172617812641 ], [ 3944831.95236015226692, 1053181.65172617812641 ], [ 3944794.527842803392559, 1053181.65172617812641 ], [ 3944768.064712803345174, 1053155.188596178079024 ], [ 3944768.064712803345174, 1053117.764078829204664 ], [ 3944768.064712803345174, 1053080.339561480330303 ], [ 3944768.064712803345174, 1053042.915044131455943 ], [ 3944768.064712803345174, 1053005.490526782581583 ], [ 3944768.064712803345174, 1052968.066009433707222 ], [ 3944768.064712803345174, 1052930.641492084832862 ], [ 3944768.064712803345174, 1052893.216974735958502 ], [ 3944768.064712803345174, 1052855.792457387084141 ], [ 3944768.064712803345174, 1052818.367940038209781 ], [ 3944768.064712803345174, 1052780.943422689335421 ], [ 3944768.064712803345174, 1052743.51890534046106 ], [ 3944768.064712803345174, 1052706.0943879915867 ], [ 3944741.601582803297788, 1052679.631257991539314 ], [ 3944704.177065454423428, 1052679.631257991539314 ], [ 3944666.752548105549067, 1052679.631257991539314 ], [ 3944629.328030756674707, 1052679.631257991539314 ], [ 3944629.328030756674707, 1052642.206740642664954 ], [ 3944629.328030756674707, 1052604.782223293790594 ], [ 3944629.328030756674707, 1052567.357705944916233 ], [ 3944629.328030756674707, 1052529.933188596041873 ], [ 3944629.328030756674707, 1052492.508671247167513 ], [ 3944629.328030756674707, 1052455.084153898293152 ], [ 3944629.328030756674707, 1052417.659636549418792 ], [ 3944629.328030756674707, 1052380.235119200544432 ], [ 3944602.864900756627321, 1052353.771989200497046 ], [ 3944565.440383407752961, 1052353.771989200497046 ], [ 3944528.015866058878601, 1052353.771989200497046 ], [ 3944490.59134871000424, 1052353.771989200497046 ], [ 3944453.16683136112988, 1052353.771989200497046 ], [ 3944453.16683136112988, 1052316.347471851622686 ], [ 3944453.16683136112988, 1052278.922954502748325 ], [ 3944453.16683136112988, 1052241.498437153873965 ], [ 3944453.16683136112988, 1052204.073919804999605 ], [ 3944453.16683136112988, 1052166.649402456125244 ], [ 3944453.16683136112988, 1052129.224885107250884 ], [ 3944453.16683136112988, 1052091.800367758376524 ], [ 3944453.16683136112988, 1052054.375850409502164 ], [ 3944453.16683136112988, 1052016.951333060627803 ], [ 3944415.74231401225552, 1052016.951333060627803 ], [ 3944378.317796663381159, 1052016.951333060627803 ], [ 3944340.893279314506799, 1052016.951333060627803 ], [ 3944303.468761965632439, 1052016.951333060627803 ], [ 3944303.468761965632439, 1051979.526815711753443 ], [ 3944303.468761965632439, 1051942.102298362879083 ], [ 3944303.468761965632439, 1051904.677781014004722 ], [ 3944303.468761965632439, 1051867.253263665130362 ], [ 3944303.468761965632439, 1051829.828746316256002 ], [ 3944303.468761965632439, 1051792.404228967381641 ], [ 3944303.468761965632439, 1051754.979711618507281 ], [ 3944303.468761965632439, 1051717.555194269632921 ], [ 3944277.005631965585053, 1051691.092064269585535 ], [ 3944239.581114616710693, 1051691.092064269585535 ], [ 3944202.156597267836332, 1051691.092064269585535 ], [ 3944164.732079918961972, 1051691.092064269585535 ], [ 3944127.307562570087612, 1051691.092064269585535 ], [ 3944127.307562570087612, 1051653.667546920711175 ], [ 3944127.307562570087612, 1051616.243029571836814 ], [ 3944127.307562570087612, 1051578.818512222962454 ], [ 3944127.307562570087612, 1051541.393994874088094 ], [ 3944127.307562570087612, 1051503.969477525213733 ], [ 3944127.307562570087612, 1051466.544960176339373 ], [ 3944127.307562570087612, 1051429.120442827465013 ], [ 3944127.307562570087612, 1051391.695925478590652 ], [ 3944100.844432570040226, 1051365.232795478543267 ], [ 3944063.419915221165866, 1051365.232795478543267 ], [ 3944025.995397872291505, 1051365.232795478543267 ], [ 3943988.570880523417145, 1051365.232795478543267 ], [ 3943951.146363174542785, 1051365.232795478543267 ], [ 3943951.146363174542785, 1051327.808278129668906 ], [ 3943951.146363174542785, 1051290.383760780794546 ], [ 3943951.146363174542785, 1051252.959243431920186 ], [ 3943951.146363174542785, 1051215.534726083045825 ], [ 3943951.146363174542785, 1051178.110208734171465 ], [ 3943951.146363174542785, 1051140.685691385297105 ], [ 3943951.146363174542785, 1051103.261174036422744 ], [ 3943951.146363174542785, 1051065.836656687548384 ], [ 3943951.146363174542785, 1051028.412139338674024 ], [ 3943951.146363174542785, 1050990.987621989799663 ], [ 3943951.146363174542785, 1050953.563104640925303 ], [ 3943951.146363174542785, 1050916.138587292050943 ], [ 3943951.146363174542785, 1050878.714069943176582 ], [ 3943951.146363174542785, 1050841.289552594302222 ], [ 3943951.146363174542785, 1050803.865035245427862 ], [ 3943951.146363174542785, 1050766.440517896553501 ], [ 3943951.146363174542785, 1050729.016000547679141 ], [ 3943924.683233174495399, 1050702.552870547631755 ], [ 3943887.258715825621039, 1050702.552870547631755 ], [ 3943849.834198476746678, 1050702.552870547631755 ], [ 3943812.409681127872318, 1050702.552870547631755 ], [ 3943785.946551127824932, 1050676.08974054758437 ], [ 3943785.946551127824932, 1050638.665223198710009 ], [ 3943785.946551127824932, 1050601.240705849835649 ], [ 3943785.946551127824932, 1050563.816188500961289 ], [ 3943785.946551127824932, 1050526.391671152086928 ], [ 3943785.946551127824932, 1050488.967153803212568 ], [ 3943785.946551127824932, 1050451.542636454338208 ], [ 3943785.946551127824932, 1050414.118119105463848 ], [ 3943785.946551127824932, 1050376.693601756589487 ], [ 3943785.946551127824932, 1050339.269084407715127 ], [ 3943785.946551127824932, 1050301.844567058840767 ], [ 3943785.946551127824932, 1050264.420049709966406 ], [ 3943785.946551127824932, 1050226.995532361092046 ], [ 3943759.483421127777547, 1050200.53240236104466 ], [ 3943722.058903778903186, 1050200.53240236104466 ], [ 3943684.634386430028826, 1050200.53240236104466 ], [ 3943647.209869081154466, 1050200.53240236104466 ], [ 3943647.209869081154466, 1050163.1078850121703 ], [ 3943647.209869081154466, 1050125.68336766329594 ], [ 3943647.209869081154466, 1050088.258850314421579 ], [ 3943647.209869081154466, 1050050.834332965547219 ], [ 3943647.209869081154466, 1050013.409815616672859 ], [ 3943647.209869081154466, 1049975.985298267798498 ], [ 3943647.209869081154466, 1049938.560780918924138 ], [ 3943647.209869081154466, 1049901.136263570049778 ], [ 3943620.74673908110708, 1049874.673133570002392 ], [ 3943583.32222173223272, 1049874.673133570002392 ], [ 3943545.897704383358359, 1049874.673133570002392 ], [ 3943508.473187034483999, 1049874.673133570002392 ], [ 3943471.048669685609639, 1049874.673133570002392 ], [ 3943471.048669685609639, 1049837.248616221128032 ], [ 3943471.048669685609639, 1049799.824098872253671 ], [ 3943471.048669685609639, 1049762.399581523379311 ], [ 3943471.048669685609639, 1049724.975064174504951 ], [ 3943471.048669685609639, 1049687.55054682563059 ], [ 3943471.048669685609639, 1049650.12602947675623 ], [ 3943471.048669685609639, 1049612.70151212788187 ], [ 3943471.048669685609639, 1049575.276994779007509 ], [ 3943471.048669685609639, 1049537.852477430133149 ], [ 3943471.048669685609639, 1049500.427960081258789 ], [ 3943471.048669685609639, 1049463.003442732384428 ], [ 3943471.048669685609639, 1049425.578925383510068 ], [ 3943471.048669685609639, 1049388.154408034635708 ], [ 3943471.048669685609639, 1049350.729890685761347 ], [ 3943471.048669685609639, 1049313.305373336886987 ], [ 3943471.048669685609639, 1049275.880855988012627 ], [ 3943471.048669685609639, 1049238.456338639138266 ], [ 3943444.585539685562253, 1049211.993208639090881 ], [ 3943407.161022336687893, 1049211.993208639090881 ], [ 3943369.736504987813532, 1049211.993208639090881 ], [ 3943332.311987638939172, 1049211.993208639090881 ], [ 3943305.848857638891786, 1049185.530078639043495 ], [ 3943305.848857638891786, 1049148.105561290169135 ], [ 3943305.848857638891786, 1049110.681043941294774 ], [ 3943305.848857638891786, 1049073.256526592420414 ], [ 3943305.848857638891786, 1049035.832009243546054 ], [ 3943305.848857638891786, 1048998.407491894671693 ], [ 3943305.848857638891786, 1048960.982974545797333 ], [ 3943305.848857638891786, 1048923.558457196922973 ], [ 3943305.848857638891786, 1048886.133939848048612 ], [ 3943305.848857638891786, 1048848.709422499174252 ], [ 3943305.848857638891786, 1048811.284905150299892 ], [ 3943305.848857638891786, 1048773.860387801425532 ], [ 3943305.848857638891786, 1048736.435870452551171 ], [ 3943279.385727638844401, 1048709.972740452503785 ], [ 3943241.96121028997004, 1048709.972740452503785 ], [ 3943204.53669294109568, 1048709.972740452503785 ], [ 3943167.11217559222132, 1048709.972740452503785 ], [ 3943129.687658243346959, 1048709.972740452503785 ], [ 3943092.263140894472599, 1048709.972740452503785 ], [ 3943054.838623545598239, 1048709.972740452503785 ], [ 3943017.414106196723878, 1048709.972740452503785 ], [ 3942990.950976196676493, 1048683.5096104524564 ], [ 3942990.950976196676493, 1048646.085093103582039 ], [ 3942990.950976196676493, 1048608.660575754707679 ], [ 3942990.950976196676493, 1048571.236058405949734 ], [ 3942964.487846196629107, 1048544.772928405902348 ], [ 3942927.063328847754747, 1048544.772928405902348 ], [ 3942889.638811498880386, 1048544.772928405902348 ], [ 3942852.214294150006026, 1048544.772928405902348 ], [ 3942825.75116414995864, 1048518.309798405854963 ], [ 3942825.75116414995864, 1048480.885281056980602 ], [ 3942825.75116414995864, 1048443.460763708106242 ], [ 3942825.75116414995864, 1048406.036246359231882 ], [ 3942799.288034149911255, 1048379.573116359184496 ], [ 3942761.863516801036894, 1048379.573116359184496 ], [ 3942724.438999452162534, 1048379.573116359184496 ], [ 3942687.014482103288174, 1048379.573116359184496 ], [ 3942649.589964754413813, 1048379.573116359184496 ], [ 3942612.165447405539453, 1048379.573116359184496 ], [ 3942574.740930056665093, 1048379.573116359184496 ], [ 3942537.316412707790732, 1048379.573116359184496 ], [ 3942499.891895358916372, 1048379.573116359184496 ], [ 3942473.428765358868986, 1048353.10998635913711 ], [ 3942473.428765358868986, 1048315.68546901026275 ], [ 3942473.428765358868986, 1048278.26095166138839 ], [ 3942473.428765358868986, 1048240.836434312514029 ], [ 3942446.965635358821601, 1048214.373304312466644 ], [ 3942409.54111800994724, 1048214.373304312466644 ], [ 3942372.11660066107288, 1048214.373304312466644 ], [ 3942334.69208331219852, 1048214.373304312466644 ], [ 3942308.228953312151134, 1048187.910174312419258 ], [ 3942308.228953312151134, 1048150.485656963544898 ], [ 3942308.228953312151134, 1048113.061139614670537 ], [ 3942308.228953312151134, 1048075.636622265796177 ], [ 3942281.765823312103748, 1048049.173492265748791 ], [ 3942244.341305963229388, 1048049.173492265748791 ], [ 3942206.916788614355028, 1048049.173492265748791 ], [ 3942169.492271265480667, 1048049.173492265748791 ], [ 3942169.492271265480667, 1048011.748974916874431 ], [ 3942169.492271265480667, 1047974.324457568000071 ], [ 3942169.492271265480667, 1047936.89994021912571 ], [ 3942169.492271265480667, 1047899.47542287025135 ], [ 3942143.029141265433282, 1047873.012292870203964 ], [ 3942118.586213592905551, 1046753.658214926021174 ], [ 3941862.66791677614674, 1046364.217328466242179 ], [ 3941651.970060427673161, 1046259.217691566213034 ] ] ] } }
]
}
