{
"type": "FeatureCollection",
"name": "Kindo_Koysha",
"crs": { "type": "name", "properties": { "name": "urn:ogc:def:crs:EPSG::3857" } },
"features": [
{ "type": "Feature", "properties": { }, "geometry": { "type": "Polygon", "coordinates": [ [ [ 4191100.878691291436553, 773657.335858133854344 ], [ 4191100.878691291436553, 773694.760375482728705 ], [ 4191063.454173942562193, 773694.760375482728705 ], [ 4191026.029656593687832, 773694.760375482728705 ], [ 4190988.605139244813472, 773694.760375482728705 ], [ 4190951.180621895939112, 773694.760375482728705 ], [ 4190924.717491895891726, 773721.223505482776091 ], [ 4190924.717491895891726, 773758.648022831650451 ], [ 4190924.717491895891726, 773796.072540180524811 ], [ 4190924.717491895891726, 773833.497057529399171 ], [ 4190898.25436189584434, 773859.960187529446557 ], [ 4190860.82984454696998, 773859.960187529446557 ], [ 4190823.40532719809562, 773859.960187529446557 ], [ 4190785.980809849221259, 773859.960187529446557 ], [ 4190785.980809849221259, 773897.384704878320917 ], [ 4190785.980809849221259, 773934.809222227195278 ], [ 4190785.980809849221259, 773972.233739576069638 ], [ 4190785.980809849221259, 774009.658256924943998 ], [ 4190759.517679849173874, 774036.121386924991384 ], [ 4190722.093162500299513, 774036.121386924991384 ], [ 4190684.668645151425153, 774036.121386924991384 ], [ 4190647.244127802550793, 774036.121386924991384 ], [ 4190609.819610453676432, 774036.121386924991384 ], [ 4190609.819610453676432, 774073.545904273865744 ], [ 4190609.819610453676432, 774110.970421622740105 ], [ 4190609.819610453676432, 774148.394938971614465 ], [ 4190609.819610453676432, 774185.819456320488825 ], [ 4190609.819610453676432, 774223.243973669363186 ], [ 4190609.819610453676432, 774260.668491018237546 ], [ 4190609.819610453676432, 774298.093008367111906 ], [ 4190609.819610453676432, 774335.517525715986267 ], [ 4190570.124915453605354, 774352.757510306895711 ], [ 4190530.430220453534275, 774351.285236223600805 ], [ 4190493.005703104659915, 774351.285236223600805 ], [ 4190455.581185755785555, 774351.285236223600805 ], [ 4190455.581185755785555, 774388.709753572475165 ], [ 4190455.581185755785555, 774426.134270921349525 ], [ 4190455.581185755785555, 774463.558788270223886 ], [ 4190455.581185755785555, 774500.983305619098246 ], [ 4190455.581185755785555, 774538.407822967972606 ], [ 4190455.581185755785555, 774575.832340316846967 ], [ 4190455.581185755785555, 774613.256857665721327 ], [ 4190455.581185755785555, 774650.681375014595687 ], [ 4190455.581185755785555, 774688.105892363470048 ], [ 4190455.581185755785555, 774725.530409712344408 ], [ 4190455.581185755785555, 774762.954927061218768 ], [ 4190455.581185755785555, 774800.379444410093129 ], [ 4190455.581185755785555, 774837.803961758967489 ], [ 4190455.581185755785555, 774875.228479107841849 ], [ 4190455.581185755785555, 774912.65299645671621 ], [ 4190455.581185755785555, 774950.07751380559057 ], [ 4190455.581185755785555, 774987.50203115446493 ], [ 4190493.005703104659915, 774987.50203115446493 ], [ 4190530.430220453534275, 774987.50203115446493 ], [ 4190567.854737802408636, 774987.50203115446493 ], [ 4190605.279255151282996, 774987.50203115446493 ], [ 4190631.742385151330382, 775013.965161154512316 ], [ 4190631.742385151330382, 775051.389678503386676 ], [ 4190631.742385151330382, 775088.814195852261037 ], [ 4190631.742385151330382, 775126.238713201135397 ], [ 4190631.742385151330382, 775163.663230550009757 ], [ 4190669.166902500204742, 775163.663230550009757 ], [ 4190706.591419849079102, 775163.663230550009757 ], [ 4190744.015937197953463, 775163.663230550009757 ], [ 4190770.479067198000848, 775190.126360550057143 ], [ 4190770.479067198000848, 775227.550877898931503 ], [ 4190770.479067198000848, 775264.975395247805864 ], [ 4190770.479067198000848, 775302.399912596680224 ], [ 4190770.479067198000848, 775339.824429945554584 ], [ 4190770.479067198000848, 775377.248947294428945 ], [ 4190770.479067198000848, 775414.673464643303305 ], [ 4190770.479067198000848, 775452.097981992177665 ], [ 4190770.479067198000848, 775489.522499341052026 ], [ 4190770.479067198000848, 775526.947016689926386 ], [ 4190770.479067198000848, 775564.371534038800746 ], [ 4190770.479067198000848, 775601.796051387675107 ], [ 4190770.479067198000848, 775639.220568736549467 ], [ 4190770.479067198000848, 775676.645086085423827 ], [ 4190770.479067198000848, 775714.069603434298187 ], [ 4190770.479067198000848, 775751.494120783172548 ], [ 4190770.479067198000848, 775788.918638132046908 ], [ 4190770.479067198000848, 775826.343155480921268 ], [ 4190770.479067198000848, 775863.767672829795629 ], [ 4190770.479067198000848, 775901.192190178669989 ], [ 4190770.479067198000848, 775938.616707527544349 ], [ 4190770.479067198000848, 775976.04122487641871 ], [ 4190796.942197198048234, 776002.504354876466095 ], [ 4190834.366714546922594, 776002.504354876466095 ], [ 4190871.791231895796955, 776002.504354876466095 ], [ 4190909.215749244671315, 776002.504354876466095 ], [ 4190946.640266593545675, 776002.504354876466095 ], [ 4190984.064783942420036, 776002.504354876466095 ], [ 4191021.489301291294396, 776002.504354876466095 ], [ 4191058.913818640168756, 776002.504354876466095 ], [ 4191096.338335989043117, 776002.504354876466095 ], [ 4191133.762853337917477, 776002.504354876466095 ], [ 4191171.187370686791837, 776002.504354876466095 ], [ 4191208.611888035666198, 776002.504354876466095 ], [ 4191246.036405384540558, 776002.504354876466095 ], [ 4191270.761293445248157, 776042.199049876420759 ], [ 4191269.289019362069666, 776081.893744876375422 ], [ 4191269.289019362069666, 776119.318262225249782 ], [ 4191269.289019362069666, 776156.742779574124143 ], [ 4191306.713536710944027, 776156.742779574124143 ], [ 4191344.138054059818387, 776156.742779574124143 ], [ 4191381.562571408692747, 776156.742779574124143 ], [ 4191418.987088757567108, 776156.742779574124143 ], [ 4191428.742169878911227, 776196.437474574078806 ], [ 4191427.269895795732737, 776236.132169574033469 ], [ 4191427.269895795732737, 776273.556686922907829 ], [ 4191427.269895795732737, 776310.98120427178219 ], [ 4191427.269895795732737, 776348.40572162065655 ], [ 4191427.269895795732737, 776385.83023896953091 ], [ 4191427.269895795732737, 776423.254756318405271 ], [ 4191427.269895795732737, 776460.679273667279631 ], [ 4191427.269895795732737, 776498.103791016153991 ], [ 4191464.694413144607097, 776498.103791016153991 ], [ 4191502.118930493481457, 776498.103791016153991 ], [ 4191539.543447842355818, 776498.103791016153991 ], [ 4191576.967965191230178, 776498.103791016153991 ], [ 4191586.723046312574297, 776537.798486016108654 ], [ 4191588.993223964236677, 776577.493181016063318 ], [ 4191588.993223964236677, 776614.917698364937678 ], [ 4191588.993223964236677, 776652.342215713812038 ], [ 4191626.417741313111037, 776652.342215713812038 ], [ 4191663.842258661985397, 776652.342215713812038 ], [ 4191701.266776010859758, 776652.342215713812038 ], [ 4191738.691293359734118, 776652.342215713812038 ], [ 4191744.703922746237367, 776692.036910713766702 ], [ 4191746.974100397899747, 776731.731605713721365 ], [ 4191746.974100397899747, 776769.156123062595725 ], [ 4191746.974100397899747, 776806.580640411470085 ], [ 4191784.398617746774107, 776806.580640411470085 ], [ 4191821.823135095648468, 776806.580640411470085 ], [ 4191859.247652444522828, 776806.580640411470085 ], [ 4191896.672169793397188, 776806.580640411470085 ], [ 4191932.624413058627397, 776846.275335411424749 ], [ 4191931.152138975448906, 776885.970030411379412 ], [ 4191931.152138975448906, 776923.394547760253772 ], [ 4191931.152138975448906, 776960.819065109128132 ], [ 4191957.615268975496292, 776987.282195109175518 ], [ 4191995.039786324370652, 776987.282195109175518 ], [ 4192032.464303673245013, 776987.282195109175518 ], [ 4192069.888821022119373, 776987.282195109175518 ], [ 4192090.871257347986102, 777026.976890109130181 ], [ 4192089.398983264807612, 777066.671585109084845 ], [ 4192089.398983264807612, 777104.096102457959205 ], [ 4192089.398983264807612, 777141.520619806833565 ], [ 4192126.823500613681972, 777141.520619806833565 ], [ 4192164.248017962556332, 777141.520619806833565 ], [ 4192201.672535311430693, 777141.520619806833565 ], [ 4192239.097052660305053, 777141.520619806833565 ], [ 4192276.521570009179413, 777141.520619806833565 ], [ 4192313.946087358053774, 777141.520619806833565 ], [ 4192351.370604706928134, 777141.520619806833565 ], [ 4192388.795122055802494, 777141.520619806833565 ], [ 4192409.777558381669223, 777181.215314806788228 ], [ 4192714.937338521704078, 777260.089925252599642 ], [ 4192883.862622485030442, 777322.222174504538998 ], [ 4192912.329962280578911, 777361.916869504493661 ], [ 4192910.857688197400421, 777401.611564504448324 ], [ 4192910.857688197400421, 777439.036081853322685 ], [ 4192910.857688197400421, 777476.460599202197045 ], [ 4192897.779649438336492, 777744.817631729994901 ], [ 4192632.356439359951764, 778057.637843607808463 ], [ 4192291.098026402760297, 778351.49925476568751 ], [ 4191591.918870382010937, 778496.003278226591647 ], [ 4191554.494353033136576, 778496.003278226591647 ], [ 4191517.069835684262216, 778496.003278226591647 ], [ 4191479.645318335387856, 778496.003278226591647 ], [ 4191442.220800986513495, 778496.003278226591647 ], [ 4191404.796283637639135, 778496.003278226591647 ], [ 4191367.371766288764775, 778496.003278226591647 ], [ 4191329.947248939890414, 778496.003278226591647 ], [ 4191292.522731591016054, 778496.003278226591647 ], [ 4191255.098214242141694, 778496.003278226591647 ], [ 4191217.673696893267334, 778496.003278226591647 ], [ 4191180.249179544392973, 778496.003278226591647 ], [ 4191142.824662195518613, 778496.003278226591647 ], [ 4191105.400144846644253, 778496.003278226591647 ], [ 4190285.339772746898234, 778656.573756213649176 ], [ 4189349.473440752830356, 778909.081286340020597 ], [ 4188982.596938882488757, 779156.966611269162968 ], [ 4188668.211970239877701, 779985.799710418446921 ], [ 4188325.024473681114614, 780820.863709159195423 ], [ 4188325.024473681114614, 780858.288226508069783 ], [ 4188325.024473681114614, 780895.712743856944144 ], [ 4188325.024473681114614, 780933.137261205818504 ], [ 4188325.024473681114614, 780970.561778554692864 ], [ 4188325.024473681114614, 781007.986295903567225 ], [ 4188325.024473681114614, 781045.410813252441585 ], [ 4188325.024473681114614, 781082.835330601315945 ], [ 4188325.024473681114614, 781120.259847950190306 ], [ 4188325.024473681114614, 781157.684365299064666 ], [ 4188325.024473681114614, 781195.108882647939026 ], [ 4188325.024473681114614, 781232.533399996813387 ], [ 4188325.024473681114614, 781269.957917345687747 ], [ 4188325.024473681114614, 781307.382434694562107 ], [ 4188325.024473681114614, 781344.806952043436468 ], [ 4188325.024473681114614, 781382.231469392310828 ], [ 4188325.024473681114614, 781419.655986741185188 ], [ 4188325.024473681114614, 781457.080504090059549 ], [ 4188298.561343681067228, 781483.543634090106934 ], [ 4188261.136826332192868, 781483.543634090106934 ], [ 4188223.712308983318508, 781483.543634090106934 ], [ 4188186.287791634444147, 781483.543634090106934 ], [ 4188148.863274285569787, 781483.543634090106934 ], [ 4188148.863274285569787, 781520.968151438981295 ], [ 4188148.863274285569787, 781558.392668787855655 ], [ 4188148.863274285569787, 781595.817186136730015 ], [ 4188148.863274285569787, 781633.241703485604376 ], [ 4188148.863274285569787, 781670.666220834478736 ], [ 4188148.863274285569787, 781708.090738183353096 ], [ 4188148.863274285569787, 781745.515255532227457 ], [ 4188148.863274285569787, 781782.939772881101817 ], [ 4188122.400144285522401, 781809.402902881149203 ], [ 4188084.975626936648041, 781809.402902881149203 ], [ 4188047.551109587773681, 781809.402902881149203 ], [ 4188010.12659223889932, 781809.402902881149203 ], [ 4187972.70207489002496, 781809.402902881149203 ], [ 4187972.70207489002496, 781846.827420230023563 ], [ 4187972.70207489002496, 781884.251937578897923 ], [ 4187972.70207489002496, 781921.676454927772284 ], [ 4187972.70207489002496, 781959.100972276646644 ], [ 4187972.70207489002496, 781996.525489625521004 ], [ 4187972.70207489002496, 782033.950006974395365 ], [ 4187972.70207489002496, 782071.374524323269725 ], [ 4187972.70207489002496, 782108.799041672144085 ], [ 4187946.238944889977574, 782135.262171672191471 ], [ 4187908.814427541103214, 782135.262171672191471 ], [ 4187871.389910192228854, 782135.262171672191471 ], [ 4187833.965392843354493, 782135.262171672191471 ], [ 4187807.502262843307108, 782161.725301672238857 ], [ 4187807.502262843307108, 782199.149819021113217 ], [ 4187807.502262843307108, 782236.574336369987577 ], [ 4187807.502262843307108, 782273.998853718861938 ], [ 4187807.502262843307108, 782311.423371067736298 ], [ 4187807.502262843307108, 782348.847888416610658 ], [ 4187807.502262843307108, 782386.272405765485018 ], [ 4187807.502262843307108, 782423.696923114359379 ], [ 4187807.502262843307108, 782461.121440463233739 ], [ 4187807.502262843307108, 782498.545957812108099 ], [ 4187807.502262843307108, 782535.97047516098246 ], [ 4187807.502262843307108, 782573.39499250985682 ], [ 4187807.502262843307108, 782610.81950985873118 ], [ 4187807.502262843307108, 782648.244027207605541 ], [ 4187807.502262843307108, 782685.668544556479901 ], [ 4187807.502262843307108, 782723.093061905354261 ], [ 4187807.502262843307108, 782760.517579254228622 ], [ 4187844.926780192181468, 782760.517579254228622 ], [ 4187882.351297541055828, 782760.517579254228622 ], [ 4187919.775814889930189, 782760.517579254228622 ], [ 4187957.200332238804549, 782760.517579254228622 ], [ 4187983.663462238851935, 782786.980709254276007 ], [ 4187983.663462238851935, 782824.405226603150368 ], [ 4187983.663462238851935, 782861.829743952024728 ], [ 4187983.663462238851935, 782899.254261300899088 ], [ 4187983.663462238851935, 782936.678778649773449 ], [ 4187983.663462238851935, 782974.103295998647809 ], [ 4187983.663462238851935, 783011.527813347522169 ], [ 4187983.663462238851935, 783048.95233069639653 ], [ 4187983.663462238851935, 783086.37684804527089 ], [ 4188010.12659223889932, 783112.839978045318276 ], [ 4188047.551109587773681, 783112.839978045318276 ], [ 4188084.975626936648041, 783112.839978045318276 ], [ 4188122.400144285522401, 783112.839978045318276 ], [ 4188148.863274285569787, 783139.303108045365661 ], [ 4188148.863274285569787, 783176.727625394240022 ], [ 4188148.863274285569787, 783214.152142743114382 ], [ 4188148.863274285569787, 783251.576660091988742 ], [ 4188148.863274285569787, 783289.001177440863103 ], [ 4188148.863274285569787, 783326.425694789737463 ], [ 4188148.863274285569787, 783363.850212138611823 ], [ 4188148.863274285569787, 783401.274729487486184 ], [ 4188148.863274285569787, 783438.699246836360544 ], [ 4188186.287791634444147, 783438.699246836360544 ], [ 4188223.712308983318508, 783438.699246836360544 ], [ 4188261.136826332192868, 783438.699246836360544 ], [ 4188298.561343681067228, 783438.699246836360544 ], [ 4188325.024473681114614, 783465.16237683640793 ], [ 4188325.024473681114614, 783502.58689418528229 ], [ 4188325.024473681114614, 783540.01141153415665 ], [ 4188325.024473681114614, 783577.435928883031011 ], [ 4188351.487603681162, 783603.899058883078396 ], [ 4188388.91212103003636, 783603.899058883078396 ], [ 4188426.33663837891072, 783603.899058883078396 ], [ 4188463.761155727785081, 783603.899058883078396 ], [ 4188463.761155727785081, 783641.323576231952757 ], [ 4188463.761155727785081, 783678.748093580827117 ], [ 4188463.761155727785081, 783716.172610929701477 ], [ 4188463.761155727785081, 783753.597128278575838 ], [ 4188501.185673076659441, 783753.597128278575838 ], [ 4188538.610190425533801, 783753.597128278575838 ], [ 4188576.034707774408162, 783753.597128278575838 ], [ 4188613.459225123282522, 783753.597128278575838 ], [ 4188639.922355123329908, 783780.060258278623223 ], [ 4188639.922355123329908, 783817.484775627497584 ], [ 4188639.922355123329908, 783854.909292976371944 ], [ 4188639.922355123329908, 783892.333810325246304 ], [ 4188639.922355123329908, 783929.758327674120665 ], [ 4188639.922355123329908, 783967.182845022995025 ], [ 4188639.922355123329908, 784004.607362371869385 ], [ 4188639.922355123329908, 784042.031879720743746 ], [ 4188639.922355123329908, 784079.456397069618106 ], [ 4188639.922355123329908, 784116.880914418492466 ], [ 4188639.922355123329908, 784154.305431767366827 ], [ 4188639.922355123329908, 784191.729949116241187 ], [ 4188639.922355123329908, 784229.154466465115547 ], [ 4188639.922355123329908, 784266.578983813989908 ], [ 4188639.922355123329908, 784304.003501162864268 ], [ 4188639.922355123329908, 784341.428018511738628 ], [ 4188639.922355123329908, 784378.852535860612988 ], [ 4188639.922355123329908, 784416.277053209487349 ], [ 4188639.922355123329908, 784453.701570558361709 ], [ 4188639.922355123329908, 784491.126087907236069 ], [ 4188639.922355123329908, 784528.55060525611043 ], [ 4188639.922355123329908, 784565.97512260498479 ], [ 4188639.922355123329908, 784603.39963995385915 ], [ 4188639.922355123329908, 784640.824157302733511 ], [ 4188639.922355123329908, 784678.248674651607871 ], [ 4188639.922355123329908, 784715.673192000482231 ], [ 4188639.922355123329908, 784753.097709349356592 ], [ 4188639.922355123329908, 784790.522226698230952 ], [ 4188639.922355123329908, 784827.946744047105312 ], [ 4188639.922355123329908, 784865.371261395979673 ], [ 4188639.922355123329908, 784902.795778744854033 ], [ 4188639.922355123329908, 784940.220296093728393 ], [ 4188639.922355123329908, 784977.644813442602754 ], [ 4188639.922355123329908, 785015.069330791477114 ], [ 4188639.922355123329908, 785052.493848140351474 ], [ 4188639.922355123329908, 785089.918365489225835 ], [ 4188639.922355123329908, 785127.342882838100195 ], [ 4188639.922355123329908, 785164.767400186974555 ], [ 4188639.922355123329908, 785202.191917535848916 ], [ 4188639.922355123329908, 785239.616434884723276 ], [ 4188552.578145094681531, 785424.408869485370815 ], [ 4188445.17051889654249, 785525.498400024836883 ], [ 4188109.168579285498708, 785598.217430917895399 ], [ 4188069.47388428542763, 785596.745156834600493 ], [ 4188032.04936693655327, 785596.745156834600493 ], [ 4187994.624849587678909, 785596.745156834600493 ], [ 4187957.200332238804549, 785596.745156834600493 ], [ 4187919.775814889930189, 785596.745156834600493 ], [ 4187882.351297541055828, 785596.745156834600493 ], [ 4187844.926780192181468, 785596.745156834600493 ], [ 4187807.502262843307108, 785596.745156834600493 ], [ 4187770.077745494432747, 785596.745156834600493 ], [ 4187732.653228145558387, 785596.745156834600493 ], [ 4187695.228710796684027, 785596.745156834600493 ], [ 4187466.141251401044428, 785607.706544183427468 ], [ 4187428.716734052170068, 785607.706544183427468 ], [ 4187391.292216703295708, 785607.706544183427468 ], [ 4187353.867699354421347, 785607.706544183427468 ], [ 4187316.443182005546987, 785607.706544183427468 ], [ 4187279.018664656672627, 785607.706544183427468 ], [ 4187241.594147307798266, 785607.706544183427468 ], [ 4187204.169629958923906, 785607.706544183427468 ], [ 4187166.745112610049546, 785607.706544183427468 ], [ 4187129.320595261175185, 785607.706544183427468 ], [ 4187091.896077912300825, 785607.706544183427468 ], [ 4187054.471560563426465, 785607.706544183427468 ], [ 4187017.047043214552104, 785607.706544183427468 ], [ 4186979.622525865677744, 785607.706544183427468 ], [ 4186942.198008516803384, 785607.706544183427468 ], [ 4186904.773491167929024, 785607.706544183427468 ], [ 4186867.348973819054663, 785607.706544183427468 ], [ 4186829.924456470180303, 785607.706544183427468 ], [ 4186792.499939121305943, 785607.706544183427468 ], [ 4186755.075421772431582, 785607.706544183427468 ], [ 4186717.650904423557222, 785607.706544183427468 ], [ 4186680.226387074682862, 785607.706544183427468 ], [ 4186680.226387074682862, 785645.131061532301828 ], [ 4186680.226387074682862, 785682.555578881176189 ], [ 4186680.226387074682862, 785719.980096230050549 ], [ 4186680.226387074682862, 785757.404613578924909 ], [ 4186680.226387074682862, 785794.82913092779927 ], [ 4186680.226387074682862, 785832.25364827667363 ], [ 4186680.226387074682862, 785869.67816562554799 ], [ 4186680.226387074682862, 785907.102682974422351 ], [ 4186640.531692074611783, 785928.085119300172664 ], [ 4186600.836997074540704, 785930.355296951718628 ], [ 4186563.412479725666344, 785930.355296951718628 ], [ 4186525.987962376791984, 785930.355296951718628 ], [ 4186488.563445027917624, 785930.355296951718628 ], [ 4186451.138927679043263, 785930.355296951718628 ], [ 4186413.714410330168903, 785930.355296951718628 ], [ 4186376.289892981294543, 785930.355296951718628 ], [ 4186338.865375632420182, 785930.355296951718628 ], [ 4186338.865375632420182, 785967.779814300592989 ], [ 4186338.865375632420182, 786005.204331649467349 ], [ 4186338.865375632420182, 786042.628848998341709 ], [ 4186338.865375632420182, 786080.05336634721607 ], [ 4186312.402245632372797, 786106.516496347263455 ], [ 4186274.977728283498436, 786106.516496347263455 ], [ 4186237.553210934624076, 786106.516496347263455 ], [ 4186200.128693585749716, 786106.516496347263455 ], [ 4186162.704176236875355, 786106.516496347263455 ], [ 4186125.279658888000995, 786106.516496347263455 ], [ 4186087.855141539126635, 786106.516496347263455 ], [ 4186050.430624190252274, 786106.516496347263455 ], [ 4186013.006106841377914, 786106.516496347263455 ], [ 4186013.006106841377914, 786143.941013696137816 ], [ 4186013.006106841377914, 786181.365531045012176 ], [ 4186013.006106841377914, 786218.790048393886536 ], [ 4186013.006106841377914, 786256.214565742760897 ], [ 4185986.542976841330528, 786282.677695742808282 ], [ 4185949.118459492456168, 786282.677695742808282 ], [ 4185911.693942143581808, 786282.677695742808282 ], [ 4185874.269424794707447, 786282.677695742808282 ], [ 4185847.806294794660062, 786309.140825742855668 ], [ 4185847.806294794660062, 786346.565343091730028 ], [ 4185847.806294794660062, 786383.989860440604389 ], [ 4185847.806294794660062, 786421.414377789478749 ], [ 4185821.343164794612676, 786447.877507789526135 ], [ 4185783.918647445738316, 786447.877507789526135 ], [ 4185746.494130096863955, 786447.877507789526135 ], [ 4185738.211323054973036, 786423.561022389912978 ], [ 4185700.786805706098676, 786423.561022389912978 ], [ 4185663.362288357224315, 786423.561022389912978 ], [ 4185625.937771008349955, 786423.561022389912978 ], [ 4185588.513253659475595, 786423.561022389912978 ], [ 4185551.088736310601234, 786423.561022389912978 ], [ 4185513.664218961726874, 786423.561022389912978 ], [ 4185513.664218961726874, 786460.985539738787338 ], [ 4185513.664218961726874, 786498.410057087661698 ], [ 4185513.664218961726874, 786535.834574436536059 ], [ 4185513.664218961726874, 786573.259091785410419 ], [ 4185487.201088961679488, 786599.722221785457805 ], [ 4185449.776571612805128, 786599.722221785457805 ], [ 4185412.352054263930768, 786599.722221785457805 ], [ 4185374.927536915056407, 786599.722221785457805 ], [ 4185337.503019566182047, 786599.722221785457805 ], [ 4185300.078502217307687, 786599.722221785457805 ], [ 4185262.653984868433326, 786599.722221785457805 ], [ 4185225.229467519558966, 786599.722221785457805 ], [ 4185187.804950170684606, 786599.722221785457805 ], [ 4185187.804950170684606, 786637.146739134332165 ], [ 4185187.804950170684606, 786674.571256483206525 ], [ 4185187.804950170684606, 786711.995773832080886 ], [ 4185187.804950170684606, 786749.420291180955246 ], [ 4185148.110255170613527, 786755.43292056734208 ], [ 4185108.415560170542449, 786757.703098218888044 ], [ 4185070.991042821668088, 786757.703098218888044 ], [ 4185033.566525472793728, 786757.703098218888044 ], [ 4184996.142008123919368, 786757.703098218888044 ], [ 4184958.717490775045007, 786757.703098218888044 ], [ 4184921.292973426170647, 786757.703098218888044 ], [ 4184883.868456077296287, 786757.703098218888044 ], [ 4184846.443938728421926, 786757.703098218888044 ], [ 4184809.019421379547566, 786757.703098218888044 ], [ 4184771.594904030673206, 786757.703098218888044 ], [ 4184734.170386681798846, 786757.703098218888044 ], [ 4184696.745869332924485, 786757.703098218888044 ], [ 4184659.321351984050125, 786757.703098218888044 ], [ 4184621.896834635175765, 786757.703098218888044 ], [ 4184584.472317286301404, 786757.703098218888044 ], [ 4184547.047799937427044, 786757.703098218888044 ], [ 4184509.623282588552684, 786757.703098218888044 ], [ 4184472.198765239678323, 786757.703098218888044 ], [ 4184434.774247890803963, 786757.703098218888044 ], [ 4184359.925213193055242, 786738.27971748134587 ], [ 4183857.904745006468147, 786608.005028823390603 ], [ 4183820.480227657593787, 786608.005028823390603 ], [ 4183783.055710308719426, 786608.005028823390603 ], [ 4183745.631192959845066, 786608.005028823390603 ], [ 4183708.206675610970706, 786608.005028823390603 ], [ 4183258.048596000298858, 786427.30347412568517 ], [ 4183210.483288681600243, 786417.162684155860916 ], [ 4183018.854050829540938, 786376.307868688716553 ], [ 4182426.564518329221755, 786358.658565682708286 ], [ 4181976.851453315466642, 786694.265330618130974 ], [ 4181533.861119393724948, 786929.323942312272266 ], [ 4181496.436602044850588, 786929.323942312272266 ], [ 4181459.012084695976228, 786929.323942312272266 ], [ 4181421.587567347101867, 786929.323942312272266 ], [ 4181384.163049998227507, 786929.323942312272266 ], [ 4181346.738532649353147, 786929.323942312272266 ], [ 4181309.314015300478786, 786929.323942312272266 ], [ 4181271.889497951604426, 786929.323942312272266 ], [ 4181234.464980602730066, 786929.323942312272266 ], [ 4181197.040463253855705, 786929.323942312272266 ], [ 4181159.615945904981345, 786929.323942312272266 ], [ 4181122.191428556106985, 786929.323942312272266 ], [ 4181084.766911207232624, 786929.323942312272266 ], [ 4181047.342393858358264, 786929.323942312272266 ], [ 4180789.807487064506859, 786930.069012142717838 ], [ 4180281.955925913993269, 786930.069012142717838 ], [ 4179701.554141742177308, 787002.619235164253041 ], [ 4179422.586405205540359, 787079.022011707769707 ], [ 4179370.824489659164101, 787105.485141707817093 ], [ 4178733.443350274581462, 787431.344410498859361 ], [ 4178472.968938591424376, 788017.694732262170874 ], [ 4178149.419634196441621, 788664.79334105248563 ], [ 4177802.195990454871207, 789027.799877691082656 ], [ 4177344.492096432484686, 789154.06302086962387 ], [ 4176910.462541756220162, 789161.954467318253592 ], [ 4176594.804683809634298, 789138.280127972364426 ], [ 4176389.627076144330204, 788948.88541320443619 ], [ 4175963.48896791646257, 788412.267054695286788 ], [ 4175718.854128008242697, 788159.740768338087946 ], [ 4175285.847398875746876, 787726.200193987460807 ], [ 4175184.53523417795077, 787587.46351194079034 ], [ 4175148.582990912720561, 787547.768816940835677 ], [ 4174819.229232860729098, 787118.069837114657275 ], [ 4174345.742445940617472, 786526.211353464866988 ], [ 4174141.473973320331424, 786274.945726172067225 ], [ 4173496.176467784680426, 785405.101116543170065 ], [ 4173496.176467784680426, 785367.676599194295704 ], [ 4173496.176467784680426, 785330.252081845421344 ], [ 4173496.176467784680426, 785292.827564496546984 ], [ 4173496.176467784680426, 785255.403047147672623 ], [ 4173496.176467784680426, 785217.978529798798263 ], [ 4173496.176467784680426, 785180.554012449923903 ], [ 4173496.176467784680426, 785143.129495101049542 ], [ 4173496.176467784680426, 785105.704977752175182 ], [ 4173458.751950435806066, 785105.704977752175182 ], [ 4173421.327433086931705, 785105.704977752175182 ], [ 4173383.902915738057345, 785105.704977752175182 ], [ 4173346.478398389182985, 785105.704977752175182 ], [ 4173320.015268389135599, 785079.241847752127796 ], [ 4173320.015268389135599, 785041.817330403253436 ], [ 4173320.015268389135599, 785004.392813054379076 ], [ 4173320.015268389135599, 784966.968295705504715 ], [ 4173293.552138389088213, 784940.50516570545733 ], [ 4173256.127621040213853, 784940.50516570545733 ], [ 4173218.703103691339493, 784940.50516570545733 ], [ 4173181.278586342465132, 784940.50516570545733 ], [ 4173154.815456342417747, 784914.042035705409944 ], [ 4173154.815456342417747, 784876.617518356535584 ], [ 4173154.815456342417747, 784839.193001007661223 ], [ 4173154.815456342417747, 784801.768483658786863 ], [ 4173128.352326342370361, 784775.305353658739477 ], [ 4173090.927808993496001, 784775.305353658739477 ], [ 4173053.50329164462164, 784775.305353658739477 ], [ 4173016.07877429574728, 784775.305353658739477 ], [ 4172978.65425694687292, 784775.305353658739477 ], [ 4172941.229739597998559, 784775.305353658739477 ], [ 4172903.805222249124199, 784775.305353658739477 ], [ 4172866.380704900249839, 784775.305353658739477 ], [ 4172839.917574900202453, 784748.842223658692092 ], [ 4172839.917574900202453, 784711.417706309817731 ], [ 4172839.917574900202453, 784673.993188960943371 ], [ 4172839.917574900202453, 784636.568671612069011 ], [ 4172813.454444900155067, 784610.105541612021625 ], [ 4172776.029927551280707, 784610.105541612021625 ], [ 4172738.605410202406347, 784610.105541612021625 ], [ 4172701.180892853531986, 784610.105541612021625 ], [ 4172663.756375504657626, 784610.105541612021625 ], [ 4172626.331858155783266, 784610.105541612021625 ], [ 4172588.907340806908906, 784610.105541612021625 ], [ 4172551.482823458034545, 784610.105541612021625 ], [ 4172514.058306109160185, 784610.105541612021625 ], [ 4172487.595176109112799, 784583.642411611974239 ], [ 4172487.595176109112799, 784546.217894263099879 ], [ 4172487.595176109112799, 784508.793376914225519 ], [ 4172487.595176109112799, 784471.368859565351158 ], [ 4172461.132046109065413, 784444.905729565303773 ], [ 4172423.707528760191053, 784444.905729565303773 ], [ 4172386.283011411316693, 784444.905729565303773 ], [ 4172348.858494062442333, 784444.905729565303773 ], [ 4172322.395364062394947, 784418.442599565256387 ], [ 4172322.395364062394947, 784381.018082216382027 ], [ 4172322.395364062394947, 784343.593564867507666 ], [ 4172322.395364062394947, 784306.169047518633306 ], [ 4172295.932234062347561, 784279.70591751858592 ], [ 4172258.507716713473201, 784279.70591751858592 ], [ 4172221.08319936459884, 784279.70591751858592 ], [ 4172183.65868201572448, 784279.70591751858592 ], [ 4172146.23416466685012, 784279.70591751858592 ], [ 4172108.80964731797576, 784279.70591751858592 ], [ 4172071.385129969101399, 784279.70591751858592 ], [ 4172033.960612620227039, 784279.70591751858592 ], [ 4171996.536095271352679, 784279.70591751858592 ], [ 4171959.111577922478318, 784279.70591751858592 ], [ 4171921.687060573603958, 784279.70591751858592 ], [ 4171884.262543224729598, 784279.70591751858592 ], [ 4171846.838025875855237, 784279.70591751858592 ], [ 4171846.838025875855237, 784317.130434867460281 ], [ 4171846.838025875855237, 784354.554952216334641 ], [ 4171846.838025875855237, 784391.979469565209001 ], [ 4171846.838025875855237, 784429.403986914083362 ], [ 4171820.374895875807852, 784455.867116914130747 ], [ 4171782.950378526933491, 784455.867116914130747 ], [ 4171745.525861178059131, 784455.867116914130747 ], [ 4171708.101343829184771, 784455.867116914130747 ], [ 4171670.67682648031041, 784455.867116914130747 ], [ 4171633.25230913143605, 784455.867116914130747 ], [ 4171595.82779178256169, 784455.867116914130747 ], [ 4171558.403274433687329, 784455.867116914130747 ], [ 4171520.978757084812969, 784455.867116914130747 ], [ 4171520.978757084812969, 784418.442599565256387 ], [ 4171520.978757084812969, 784381.018082216382027 ], [ 4171520.978757084812969, 784343.593564867507666 ], [ 4171520.978757084812969, 784306.169047518633306 ], [ 4171520.978757084812969, 784268.744530169758946 ], [ 4171520.978757084812969, 784231.320012820884585 ], [ 4171520.978757084812969, 784193.895495472010225 ], [ 4171520.978757084812969, 784156.470978123135865 ], [ 4171520.978757084812969, 784119.046460774261504 ], [ 4171483.554239735938609, 784119.046460774261504 ], [ 4171446.129722387064248, 784119.046460774261504 ], [ 4171408.705205038189888, 784119.046460774261504 ], [ 4171371.280687689315528, 784119.046460774261504 ], [ 4171344.817557689268142, 784092.583330774214119 ], [ 4171344.817557689268142, 784055.158813425339758 ], [ 4171344.817557689268142, 784017.734296076465398 ], [ 4171344.817557689268142, 783980.309778727591038 ], [ 4171344.817557689268142, 783942.885261378716677 ], [ 4171344.817557689268142, 783905.460744029842317 ], [ 4171344.817557689268142, 783868.036226680967957 ], [ 4171344.817557689268142, 783830.611709332093596 ], [ 4171344.817557689268142, 783793.187191983219236 ], [ 4171307.393040340393782, 783793.187191983219236 ], [ 4171269.968522991519421, 783793.187191983219236 ], [ 4171232.544005642645061, 783793.187191983219236 ], [ 4171206.080875642597675, 783766.72406198317185 ], [ 4171206.080875642597675, 783729.29954463429749 ], [ 4171206.080875642597675, 783691.87502728542313 ], [ 4171206.080875642597675, 783654.450509936548769 ], [ 4171206.080875642597675, 783617.025992587674409 ], [ 4171168.656358293723315, 783617.025992587674409 ], [ 4171131.231840944848955, 783617.025992587674409 ], [ 4171093.807323595974594, 783617.025992587674409 ], [ 4171056.382806247100234, 783617.025992587674409 ], [ 4171018.958288898225874, 783617.025992587674409 ], [ 4171018.958288898225874, 783579.601475238800049 ], [ 4171018.958288898225874, 783542.176957889925689 ], [ 4171018.958288898225874, 783504.752440541051328 ], [ 4171018.958288898225874, 783467.327923192176968 ], [ 4171018.958288898225874, 783429.903405843302608 ], [ 4171018.958288898225874, 783392.478888494428247 ], [ 4171018.958288898225874, 783355.054371145553887 ], [ 4171018.958288898225874, 783317.629853796679527 ], [ 4170992.495158898178488, 783291.166723796632141 ], [ 4170955.070641549304128, 783291.166723796632141 ], [ 4170917.646124200429767, 783291.166723796632141 ], [ 4170880.221606851555407, 783291.166723796632141 ], [ 4170853.758476851508021, 783264.703593796584755 ], [ 4170853.758476851508021, 783227.279076447710395 ], [ 4170853.758476851508021, 783189.854559098836035 ], [ 4170853.758476851508021, 783152.430041749961674 ], [ 4170827.295346851460636, 783125.966911749914289 ], [ 4170789.870829502586275, 783125.966911749914289 ], [ 4170752.446312153711915, 783125.966911749914289 ], [ 4170715.021794804837555, 783125.966911749914289 ], [ 4170688.558664804790169, 783099.503781749866903 ], [ 4170688.558664804790169, 783062.079264400992543 ], [ 4170688.558664804790169, 783024.654747052118182 ], [ 4170688.558664804790169, 782987.230229703243822 ], [ 4170662.095534804742783, 782960.767099703196436 ], [ 4170624.671017455868423, 782960.767099703196436 ], [ 4170587.246500106994063, 782960.767099703196436 ], [ 4170549.821982758119702, 782960.767099703196436 ], [ 4170523.358852758072317, 782934.30396970314905 ], [ 4170523.358852758072317, 782896.87945235427469 ], [ 4170523.358852758072317, 782859.45493500540033 ], [ 4170523.358852758072317, 782822.03041765652597 ], [ 4170496.895722758024931, 782795.567287656478584 ], [ 4170459.471205409150571, 782795.567287656478584 ], [ 4170422.04668806027621, 782795.567287656478584 ], [ 4170384.62217071140185, 782795.567287656478584 ], [ 4170384.62217071140185, 782758.142770307604223 ], [ 4170384.62217071140185, 782720.718252958729863 ], [ 4170384.62217071140185, 782683.293735609855503 ], [ 4170384.62217071140185, 782645.869218260981143 ], [ 4170384.62217071140185, 782608.444700912106782 ], [ 4170384.62217071140185, 782571.020183563232422 ], [ 4170384.62217071140185, 782533.595666214358062 ], [ 4170384.62217071140185, 782496.171148865483701 ], [ 4170384.62217071140185, 782458.746631516609341 ], [ 4170347.19765336252749, 782458.746631516609341 ], [ 4170309.773136013653129, 782458.746631516609341 ], [ 4170272.348618664778769, 782458.746631516609341 ], [ 4170234.924101315904409, 782458.746631516609341 ], [ 4170197.499583967030048, 782458.746631516609341 ], [ 4170197.499583967030048, 782421.322114167734981 ], [ 4170197.499583967030048, 782383.89759681886062 ], [ 4170197.499583967030048, 782346.47307946998626 ], [ 4170197.499583967030048, 782309.0485621211119 ], [ 4170197.499583967030048, 782271.624044772237539 ], [ 4170197.499583967030048, 782234.199527423363179 ], [ 4170197.499583967030048, 782196.775010074488819 ], [ 4170197.499583967030048, 782159.350492725614458 ], [ 4170171.036453966982663, 782132.887362725567073 ], [ 4170133.611936618108302, 782132.887362725567073 ], [ 4170096.187419269233942, 782132.887362725567073 ], [ 4170058.762901920359582, 782132.887362725567073 ], [ 4170032.299771920312196, 782106.424232725519687 ], [ 4170032.299771920312196, 782068.999715376645327 ], [ 4170032.299771920312196, 782031.575198027770966 ], [ 4170032.299771920312196, 781994.150680678896606 ], [ 4170032.299771920312196, 781956.726163330022246 ], [ 4170032.299771920312196, 781919.301645981147885 ], [ 4170032.299771920312196, 781881.877128632273525 ], [ 4170032.299771920312196, 781844.452611283399165 ], [ 4170032.299771920312196, 781807.028093934524804 ], [ 4170032.299771920312196, 781769.603576585650444 ], [ 4170032.299771920312196, 781732.179059236776084 ], [ 4170032.299771920312196, 781694.754541887901723 ], [ 4170032.299771920312196, 781657.330024539027363 ], [ 4170005.83664192026481, 781630.866894538979977 ], [ 4169968.41212457139045, 781630.866894538979977 ], [ 4169930.98760722251609, 781630.866894538979977 ], [ 4169893.563089873641729, 781630.866894538979977 ], [ 4169867.099959873594344, 781604.403764538932592 ], [ 4169867.099959873594344, 781566.979247190058231 ], [ 4169867.099959873594344, 781529.554729841183871 ], [ 4169867.099959873594344, 781492.130212492309511 ], [ 4169867.099959873594344, 781454.70569514343515 ], [ 4169867.099959873594344, 781417.28117779456079 ], [ 4169867.099959873594344, 781379.85666044568643 ], [ 4169867.099959873594344, 781342.432143096812069 ], [ 4169867.099959873594344, 781305.007625747937709 ], [ 4169867.099959873594344, 781267.583108399063349 ], [ 4169867.099959873594344, 781230.158591050188988 ], [ 4169867.099959873594344, 781192.734073701314628 ], [ 4169867.099959873594344, 781155.309556352440268 ], [ 4169829.675442524719983, 781155.309556352440268 ], [ 4169792.250925175845623, 781155.309556352440268 ], [ 4169754.826407826971263, 781155.309556352440268 ], [ 4169717.401890478096902, 781155.309556352440268 ], [ 4169717.401890478096902, 781117.885039003565907 ], [ 4169717.401890478096902, 781080.460521654691547 ], [ 4169717.401890478096902, 781043.036004305817187 ], [ 4169717.401890478096902, 781005.611486956942827 ], [ 4169717.401890478096902, 780968.186969608068466 ], [ 4169717.401890478096902, 780930.762452259194106 ], [ 4169717.401890478096902, 780893.337934910319746 ], [ 4169717.401890478096902, 780855.913417561445385 ], [ 4169717.401890478096902, 780818.488900212571025 ], [ 4169717.401890478096902, 780781.064382863696665 ], [ 4169717.401890478096902, 780743.639865514822304 ], [ 4169717.401890478096902, 780706.215348165947944 ], [ 4169717.401890478096902, 780668.790830817073584 ], [ 4169717.401890478096902, 780631.366313468199223 ], [ 4169717.401890478096902, 780593.941796119324863 ], [ 4169717.401890478096902, 780556.517278770450503 ], [ 4169717.401890478096902, 780519.092761421576142 ], [ 4169717.401890478096902, 780481.668244072701782 ], [ 4169717.401890478096902, 780444.243726723827422 ], [ 4169717.401890478096902, 780406.819209374953061 ], [ 4169717.401890478096902, 780369.394692026078701 ], [ 4169717.401890478096902, 780331.970174677204341 ], [ 4169717.401890478096902, 780294.54565732832998 ], [ 4169717.401890478096902, 780257.12113997945562 ], [ 4169717.401890478096902, 780219.69662263058126 ], [ 4169717.401890478096902, 780182.272105281706899 ], [ 4169717.401890478096902, 780144.847587932832539 ], [ 4169717.401890478096902, 780107.423070583958179 ], [ 4169717.401890478096902, 780069.998553235083818 ], [ 4169717.401890478096902, 780032.574035886209458 ], [ 4169717.401890478096902, 779995.149518537335098 ], [ 4169717.401890478096902, 779957.725001188460737 ], [ 4169717.401890478096902, 779920.300483839586377 ], [ 4169717.401890478096902, 779882.875966490712017 ], [ 4169717.401890478096902, 779845.451449141837656 ], [ 4169717.401890478096902, 779808.026931792963296 ], [ 4169717.401890478096902, 779770.602414444088936 ], [ 4169717.401890478096902, 779733.177897095214576 ], [ 4169717.401890478096902, 779695.753379746340215 ], [ 4169717.401890478096902, 779658.328862397465855 ], [ 4169743.865020478144288, 779631.865732397418469 ], [ 4169781.289537827018648, 779631.865732397418469 ], [ 4169818.714055175893009, 779631.865732397418469 ], [ 4169856.138572524767369, 779631.865732397418469 ], [ 4169882.601702524814755, 779605.402602397371083 ], [ 4169882.601702524814755, 779567.978085048496723 ], [ 4169882.601702524814755, 779530.553567699622363 ], [ 4169882.601702524814755, 779493.129050350748003 ], [ 4169882.601702524814755, 779455.704533001873642 ], [ 4169882.601702524814755, 779418.280015652999282 ], [ 4169882.601702524814755, 779380.855498304124922 ], [ 4169882.601702524814755, 779343.430980955250561 ], [ 4169882.601702524814755, 779306.006463606376201 ], [ 4169882.601702524814755, 779268.581946257501841 ], [ 4169882.601702524814755, 779231.15742890862748 ], [ 4169882.601702524814755, 779193.73291155975312 ], [ 4169882.601702524814755, 779156.30839421087876 ], [ 4169882.601702524814755, 779118.883876862004399 ], [ 4169882.601702524814755, 779081.459359513130039 ], [ 4169882.601702524814755, 779044.034842164255679 ], [ 4169882.601702524814755, 779006.610324815381318 ], [ 4169882.601702524814755, 778969.185807466506958 ], [ 4169882.601702524814755, 778931.761290117632598 ], [ 4169882.601702524814755, 778894.336772768758237 ], [ 4169882.601702524814755, 778856.912255419883877 ], [ 4169882.601702524814755, 778819.487738071009517 ], [ 4169909.06483252486214, 778793.024608070962131 ], [ 4169946.489349873736501, 778793.024608070962131 ], [ 4169983.913867222610861, 778793.024608070962131 ], [ 4170021.338384571485221, 778793.024608070962131 ], [ 4170021.338384571485221, 778755.600090722087771 ], [ 4170021.338384571485221, 778718.17557337321341 ], [ 4170021.338384571485221, 778680.75105602433905 ], [ 4170021.338384571485221, 778643.32653867546469 ], [ 4170021.338384571485221, 778605.902021326590329 ], [ 4170021.338384571485221, 778568.477503977715969 ], [ 4170021.338384571485221, 778531.052986628841609 ], [ 4170021.338384571485221, 778493.628469279967248 ], [ 4170021.338384571485221, 778456.203951931092888 ], [ 4170021.338384571485221, 778418.779434582218528 ], [ 4170021.338384571485221, 778381.354917233344167 ], [ 4170021.338384571485221, 778343.930399884469807 ], [ 4170021.338384571485221, 778306.505882535595447 ], [ 4170021.338384571485221, 778269.081365186721087 ], [ 4170021.338384571485221, 778231.656847837846726 ], [ 4170021.338384571485221, 778194.232330488972366 ], [ 4170021.338384571485221, 778156.807813140098006 ], [ 4170021.338384571485221, 778119.383295791223645 ], [ 4170021.338384571485221, 778081.958778442349285 ], [ 4170021.338384571485221, 778044.534261093474925 ], [ 4170021.338384571485221, 778007.109743744600564 ], [ 4170021.338384571485221, 777969.685226395726204 ], [ 4170021.338384571485221, 777932.260709046851844 ], [ 4170021.338384571485221, 777894.836191697977483 ], [ 4170021.338384571485221, 777857.411674349103123 ], [ 4170021.338384571485221, 777819.987157000228763 ], [ 4170021.338384571485221, 777782.562639651354402 ], [ 4170021.338384571485221, 777745.138122302480042 ], [ 4170021.338384571485221, 777707.713604953605682 ], [ 4170021.338384571485221, 777670.289087604731321 ], [ 4170021.338384571485221, 777632.864570255856961 ], [ 4170021.338384571485221, 777595.440052906982601 ], [ 4170021.338384571485221, 777558.01553555810824 ], [ 4170021.338384571485221, 777520.59101820923388 ], [ 4170021.338384571485221, 777483.16650086035952 ], [ 4170021.338384571485221, 777445.741983511485159 ], [ 4170021.338384571485221, 777408.317466162610799 ], [ 4170021.338384571485221, 777370.892948813736439 ], [ 4170021.338384571485221, 777333.468431464862078 ], [ 4170021.338384571485221, 777296.043914115987718 ], [ 4170021.338384571485221, 777258.619396767113358 ], [ 4170021.338384571485221, 777221.194879418238997 ], [ 4170021.338384571485221, 777183.770362069364637 ], [ 4170021.338384571485221, 777146.345844720490277 ], [ 4170021.338384571485221, 777108.921327371615916 ], [ 4170021.338384571485221, 777071.496810022741556 ], [ 4170021.338384571485221, 777034.072292673867196 ], [ 4170021.338384571485221, 776996.647775324992836 ], [ 4170021.338384571485221, 776959.223257976118475 ], [ 4170021.338384571485221, 776921.798740627244115 ], [ 4170021.338384571485221, 776884.374223278369755 ], [ 4170021.338384571485221, 776846.949705929495394 ], [ 4170021.338384571485221, 776809.525188580621034 ], [ 4170021.338384571485221, 776772.100671231746674 ], [ 4170021.338384571485221, 776734.676153882872313 ], [ 4170021.338384571485221, 776697.251636533997953 ], [ 4170021.338384571485221, 776659.827119185123593 ], [ 4170021.338384571485221, 776622.402601836249232 ], [ 4170021.338384571485221, 776584.978084487374872 ], [ 4170021.338384571485221, 776547.553567138500512 ], [ 4170021.338384571485221, 776510.129049789626151 ], [ 4170021.338384571485221, 776472.704532440751791 ], [ 4170021.338384571485221, 776435.280015091877431 ], [ 4170021.338384571485221, 776397.85549774300307 ], [ 4170021.338384571485221, 776360.43098039412871 ], [ 4169983.913867222610861, 776360.43098039412871 ], [ 4169946.489349873736501, 776360.43098039412871 ], [ 4169909.06483252486214, 776360.43098039412871 ], [ 4169882.601702524814755, 776333.967850394081324 ], [ 4169882.601702524814755, 776296.543333045206964 ], [ 4169882.601702524814755, 776259.118815696332604 ], [ 4169882.601702524814755, 776221.694298347458243 ], [ 4169882.601702524814755, 776184.269780998583883 ], [ 4169882.601702524814755, 776146.845263649709523 ], [ 4169882.601702524814755, 776109.420746300835162 ], [ 4169882.601702524814755, 776071.996228951960802 ], [ 4169882.601702524814755, 776034.571711603086442 ], [ 4169882.601702524814755, 775997.147194254212081 ], [ 4169882.601702524814755, 775959.722676905337721 ], [ 4169882.601702524814755, 775922.298159556463361 ], [ 4169882.601702524814755, 775884.873642207589 ], [ 4169882.601702524814755, 775847.44912485871464 ], [ 4169882.601702524814755, 775810.02460750984028 ], [ 4169882.601702524814755, 775772.600090160965919 ], [ 4169882.601702524814755, 775735.175572812091559 ], [ 4169882.601702524814755, 775697.751055463217199 ], [ 4169882.601702524814755, 775660.326538114342839 ], [ 4169882.601702524814755, 775622.902020765468478 ], [ 4169882.601702524814755, 775585.477503416594118 ], [ 4169882.601702524814755, 775548.052986067719758 ], [ 4169882.601702524814755, 775510.628468718845397 ], [ 4169882.601702524814755, 775473.203951369971037 ], [ 4169882.601702524814755, 775435.779434021096677 ], [ 4169882.601702524814755, 775398.354916672222316 ], [ 4169882.601702524814755, 775360.930399323347956 ], [ 4169882.601702524814755, 775323.505881974473596 ], [ 4169882.601702524814755, 775286.081364625599235 ], [ 4169882.601702524814755, 775248.656847276724875 ], [ 4169882.601702524814755, 775211.232329927850515 ], [ 4169882.601702524814755, 775173.807812578976154 ], [ 4169882.601702524814755, 775136.383295230101794 ], [ 4169882.601702524814755, 775098.958777881227434 ], [ 4169882.601702524814755, 775061.534260532353073 ], [ 4169882.601702524814755, 775024.109743183478713 ], [ 4169882.601702524814755, 774986.685225834604353 ], [ 4169882.601702524814755, 774949.260708485729992 ], [ 4169882.601702524814755, 774911.836191136855632 ], [ 4169882.601702524814755, 774874.411673787981272 ], [ 4169882.601702524814755, 774836.987156439106911 ], [ 4169882.601702524814755, 774799.562639090232551 ], [ 4169882.601702524814755, 774762.138121741358191 ], [ 4169882.601702524814755, 774724.71360439248383 ], [ 4169882.601702524814755, 774687.28908704360947 ], [ 4169909.06483252486214, 774660.825957043562084 ], [ 4169946.489349873736501, 774660.825957043562084 ], [ 4169983.913867222610861, 774660.825957043562084 ], [ 4170021.338384571485221, 774660.825957043562084 ], [ 4170021.338384571485221, 774623.401439694687724 ], [ 4170021.338384571485221, 774585.976922345813364 ], [ 4170021.338384571485221, 774548.552404996939003 ], [ 4170021.338384571485221, 774511.127887648064643 ], [ 4170021.338384571485221, 774473.703370299190283 ], [ 4170021.338384571485221, 774436.278852950315922 ], [ 4170021.338384571485221, 774398.854335601441562 ], [ 4170021.338384571485221, 774361.429818252567202 ], [ 4170021.338384571485221, 774324.005300903692842 ], [ 4170021.338384571485221, 774286.580783554818481 ], [ 4170021.338384571485221, 774249.156266205944121 ], [ 4170021.338384571485221, 774211.731748857069761 ], [ 4170021.338384571485221, 774174.3072315081954 ], [ 4170058.762901920359582, 774174.3072315081954 ], [ 4170096.187419269233942, 774174.3072315081954 ], [ 4170133.611936618108302, 774174.3072315081954 ], [ 4170171.036453966982663, 774174.3072315081954 ], [ 4170197.499583967030048, 774147.844101508148015 ], [ 4170197.499583967030048, 774110.419584159273654 ], [ 4170197.499583967030048, 774072.995066810399294 ], [ 4170197.499583967030048, 774035.570549461524934 ], [ 4170197.499583967030048, 773998.146032112650573 ], [ 4170197.499583967030048, 773960.721514763776213 ], [ 4170197.499583967030048, 773923.296997414901853 ], [ 4170197.499583967030048, 773885.872480066027492 ], [ 4170197.499583967030048, 773848.447962717153132 ], [ 4170197.499583967030048, 773811.023445368278772 ], [ 4170197.499583967030048, 773773.598928019404411 ], [ 4170197.499583967030048, 773736.174410670530051 ], [ 4170197.499583967030048, 773698.749893321655691 ], [ 4170223.962713967077434, 773672.286763321608305 ], [ 4170261.387231315951794, 773672.286763321608305 ], [ 4170298.811748664826155, 773672.286763321608305 ], [ 4170336.236266013700515, 773672.286763321608305 ], [ 4170373.660783362574875, 773672.286763321608305 ], [ 4170373.660783362574875, 773634.862245972733945 ], [ 4170373.660783362574875, 773597.437728623859584 ], [ 4170373.660783362574875, 773560.013211274985224 ], [ 4170373.660783362574875, 773522.588693926110864 ], [ 4170373.660783362574875, 773485.164176577236503 ], [ 4170373.660783362574875, 773447.739659228362143 ], [ 4170373.660783362574875, 773410.315141879487783 ], [ 4170373.660783362574875, 773372.890624530613422 ], [ 4170400.123913362622261, 773346.427494530566037 ], [ 4170437.548430711496621, 773346.427494530566037 ], [ 4170474.972948060370982, 773346.427494530566037 ], [ 4170512.397465409245342, 773346.427494530566037 ], [ 4170538.860595409292728, 773319.964364530518651 ], [ 4170538.860595409292728, 773282.539847181644291 ], [ 4170538.860595409292728, 773245.11532983276993 ], [ 4170538.860595409292728, 773207.69081248389557 ], [ 4170538.860595409292728, 773170.26629513502121 ], [ 4170538.860595409292728, 773132.841777786146849 ], [ 4170538.860595409292728, 773095.417260437272489 ], [ 4170538.860595409292728, 773057.992743088398129 ], [ 4170538.860595409292728, 773020.568225739523768 ], [ 4170576.285112758167088, 773020.568225739523768 ], [ 4170613.709630107041448, 773020.568225739523768 ], [ 4170651.134147455915809, 773020.568225739523768 ], [ 4170688.558664804790169, 773020.568225739523768 ], [ 4170688.558664804790169, 772983.143708390649408 ], [ 4170688.558664804790169, 772945.719191041775048 ], [ 4170688.558664804790169, 772908.294673692900687 ], [ 4170688.558664804790169, 772870.870156344026327 ], [ 4170688.558664804790169, 772833.445638995151967 ], [ 4170688.558664804790169, 772796.021121646277606 ], [ 4170688.558664804790169, 772758.596604297403246 ], [ 4170688.558664804790169, 772721.172086948528886 ], [ 4170715.021794804837555, 772694.7089569484815 ], [ 4170752.446312153711915, 772694.7089569484815 ], [ 4170789.870829502586275, 772694.7089569484815 ], [ 4170827.295346851460636, 772694.7089569484815 ], [ 4170864.719864200334996, 772694.7089569484815 ], [ 4170864.719864200334996, 772657.28443959960714 ], [ 4170864.719864200334996, 772619.85992225073278 ], [ 4170864.719864200334996, 772582.435404901858419 ], [ 4170864.719864200334996, 772545.010887552984059 ], [ 4170864.719864200334996, 772507.586370204109699 ], [ 4170864.719864200334996, 772470.161852855235338 ], [ 4170864.719864200334996, 772432.737335506360978 ], [ 4170864.719864200334996, 772395.312818157486618 ], [ 4170864.719864200334996, 772357.888300808612257 ], [ 4170902.144381549209356, 772357.888300808612257 ], [ 4170939.568898898083717, 772357.888300808612257 ], [ 4170976.993416246958077, 772357.888300808612257 ], [ 4171014.417933595832437, 772357.888300808612257 ], [ 4171014.417933595832437, 772320.463783459737897 ], [ 4171014.417933595832437, 772283.039266110863537 ], [ 4171014.417933595832437, 772245.614748761989176 ], [ 4171014.417933595832437, 772208.190231413114816 ], [ 4171014.417933595832437, 772170.765714064240456 ], [ 4171014.417933595832437, 772133.341196715366095 ], [ 4171014.417933595832437, 772095.916679366491735 ], [ 4171014.417933595832437, 772058.492162017617375 ], [ 4171014.417933595832437, 772021.067644668743014 ], [ 4171014.417933595832437, 771983.643127319868654 ], [ 4171014.417933595832437, 771946.218609970994294 ], [ 4171014.417933595832437, 771908.794092622119933 ], [ 4171014.417933595832437, 771871.369575273245573 ], [ 4171014.417933595832437, 771833.945057924371213 ], [ 4171014.417933595832437, 771796.520540575496852 ], [ 4171014.417933595832437, 771759.096023226622492 ], [ 4171014.417933595832437, 771721.671505877748132 ], [ 4171014.417933595832437, 771684.246988528873771 ], [ 4171014.417933595832437, 771646.822471179999411 ], [ 4171014.417933595832437, 771609.397953831125051 ], [ 4171014.417933595832437, 771571.97343648225069 ], [ 4171014.417933595832437, 771534.54891913337633 ], [ 4171014.417933595832437, 771497.12440178450197 ], [ 4171014.417933595832437, 771459.699884435627609 ], [ 4171014.417933595832437, 771422.275367086753249 ], [ 4171014.417933595832437, 771384.850849737878889 ], [ 4171014.417933595832437, 771347.426332389004529 ], [ 4171014.417933595832437, 771310.001815040130168 ], [ 4171014.417933595832437, 771272.577297691255808 ], [ 4171014.417933595832437, 771235.152780342381448 ], [ 4171014.417933595832437, 771197.728262993507087 ], [ 4171014.417933595832437, 771160.303745644632727 ], [ 4171014.417933595832437, 771122.879228295758367 ], [ 4171014.417933595832437, 771085.454710946884006 ], [ 4171014.417933595832437, 771048.030193598009646 ], [ 4171014.417933595832437, 771010.605676249135286 ], [ 4171014.417933595832437, 770973.181158900260925 ], [ 4171014.417933595832437, 770935.756641551386565 ], [ 4171014.417933595832437, 770898.332124202512205 ], [ 4171014.417933595832437, 770860.907606853637844 ], [ 4171014.417933595832437, 770823.483089504763484 ], [ 4171014.417933595832437, 770786.058572155889124 ], [ 4171014.417933595832437, 770748.634054807014763 ], [ 4171014.417933595832437, 770711.209537458140403 ], [ 4171014.417933595832437, 770673.785020109266043 ], [ 4171014.417933595832437, 770636.360502760391682 ], [ 4171014.417933595832437, 770598.935985411517322 ], [ 4171014.417933595832437, 770561.511468062642962 ], [ 4171014.417933595832437, 770524.086950713768601 ], [ 4171014.417933595832437, 770486.662433364894241 ], [ 4171014.417933595832437, 770449.237916016019881 ], [ 4171014.417933595832437, 770411.81339866714552 ], [ 4171014.417933595832437, 770374.38888131827116 ], [ 4171014.417933595832437, 770336.9643639693968 ], [ 4171014.417933595832437, 770299.539846620522439 ], [ 4171014.417933595832437, 770262.115329271648079 ], [ 4171014.417933595832437, 770224.690811922773719 ], [ 4171014.417933595832437, 770187.266294573899359 ], [ 4171014.417933595832437, 770149.841777225024998 ], [ 4171014.417933595832437, 770112.417259876150638 ], [ 4171014.417933595832437, 770074.992742527276278 ], [ 4171014.417933595832437, 770037.568225178401917 ], [ 4171014.417933595832437, 770000.143707829527557 ], [ 4171014.417933595832437, 769962.719190480653197 ], [ 4171014.417933595832437, 769925.294673131778836 ], [ 4171014.417933595832437, 769887.870155782904476 ], [ 4171014.417933595832437, 769850.445638434030116 ], [ 4171014.417933595832437, 769813.021121085155755 ], [ 4171014.417933595832437, 769775.596603736281395 ], [ 4171014.417933595832437, 769738.172086387407035 ], [ 4171014.417933595832437, 769700.747569038532674 ], [ 4171014.417933595832437, 769663.323051689658314 ], [ 4171014.417933595832437, 769625.898534340783954 ], [ 4171014.417933595832437, 769588.474016991909593 ], [ 4170987.954803595785052, 769562.010886991862208 ], [ 4170950.530286246910691, 769562.010886991862208 ], [ 4170913.105768898036331, 769562.010886991862208 ], [ 4170875.681251549161971, 769562.010886991862208 ], [ 4170849.218121549114585, 769535.547756991814822 ], [ 4170849.218121549114585, 769498.123239642940462 ], [ 4170849.218121549114585, 769460.698722294066101 ], [ 4170849.218121549114585, 769423.274204945191741 ], [ 4170822.754991549067199, 769396.811074945144355 ], [ 4170785.330474200192839, 769396.811074945144355 ], [ 4170747.905956851318479, 769396.811074945144355 ], [ 4170710.481439502444118, 769396.811074945144355 ], [ 4170684.018309502396733, 769370.34794494509697 ], [ 4170684.018309502396733, 769332.923427596222609 ], [ 4170684.018309502396733, 769295.498910247348249 ], [ 4170684.018309502396733, 769258.074392898473889 ], [ 4170657.555179502349347, 769231.611262898426503 ], [ 4170620.130662153474987, 769231.611262898426503 ], [ 4170582.706144804600626, 769231.611262898426503 ], [ 4170545.281627455726266, 769231.611262898426503 ], [ 4170545.281627455726266, 769194.186745549552143 ], [ 4170545.281627455726266, 769156.762228200677782 ], [ 4170545.281627455726266, 769119.337710851803422 ], [ 4170545.281627455726266, 769081.913193502929062 ], [ 4170545.281627455726266, 769044.488676154054701 ], [ 4170545.281627455726266, 769007.064158805180341 ], [ 4170545.281627455726266, 768969.639641456305981 ], [ 4170545.281627455726266, 768932.21512410743162 ], [ 4170545.281627455726266, 768894.79060675855726 ], [ 4170507.857110106851906, 768894.79060675855726 ], [ 4170470.432592757977545, 768894.79060675855726 ], [ 4170433.008075409103185, 768894.79060675855726 ], [ 4170395.583558060228825, 768894.79060675855726 ], [ 4170369.120428060181439, 768868.327476758509874 ], [ 4170369.120428060181439, 768830.902959409635514 ], [ 4170369.120428060181439, 768793.478442060761154 ], [ 4170369.120428060181439, 768756.053924711886793 ], [ 4170369.120428060181439, 768718.629407363012433 ], [ 4170369.120428060181439, 768681.204890014138073 ], [ 4170369.120428060181439, 768643.780372665263712 ], [ 4170369.120428060181439, 768606.355855316389352 ], [ 4170369.120428060181439, 768568.931337967514992 ], [ 4170331.695910711307079, 768568.931337967514992 ], [ 4170294.271393362432718, 768568.931337967514992 ], [ 4170256.846876013558358, 768568.931337967514992 ], [ 4170219.422358664683998, 768568.931337967514992 ], [ 4170192.959228664636612, 768542.468207967467606 ], [ 4170192.959228664636612, 768505.043690618593246 ], [ 4170192.959228664636612, 768467.619173269718885 ], [ 4170192.959228664636612, 768430.194655920844525 ], [ 4170166.496098664589226, 768403.731525920797139 ], [ 4170129.071581315714866, 768403.731525920797139 ], [ 4170091.647063966840506, 768403.731525920797139 ], [ 4170054.222546617966145, 768403.731525920797139 ], [ 4170027.75941661791876, 768377.268395920749754 ], [ 4170027.75941661791876, 768339.843878571875393 ], [ 4170027.75941661791876, 768302.419361223001033 ], [ 4170027.75941661791876, 768264.994843874126673 ], [ 4170027.75941661791876, 768227.570326525252312 ], [ 4170027.75941661791876, 768190.145809176377952 ], [ 4170027.75941661791876, 768152.721291827503592 ], [ 4170027.75941661791876, 768115.296774478629231 ], [ 4170027.75941661791876, 768077.872257129754871 ], [ 4169990.334899269044399, 768077.872257129754871 ], [ 4169952.910381920170039, 768077.872257129754871 ], [ 4169915.485864571295679, 768077.872257129754871 ], [ 4169878.061347222421318, 768077.872257129754871 ], [ 4169878.061347222421318, 768040.447739780880511 ], [ 4169878.061347222421318, 768003.02322243200615 ], [ 4169878.061347222421318, 767965.59870508313179 ], [ 4169878.061347222421318, 767928.17418773425743 ], [ 4169851.598217222373933, 767901.711057734210044 ], [ 4169814.173699873499572, 767901.711057734210044 ], [ 4169776.749182524625212, 767901.711057734210044 ], [ 4169739.324665175750852, 767901.711057734210044 ], [ 4169712.861535175703466, 767875.247927734162658 ], [ 4169712.861535175703466, 767837.823410385288298 ], [ 4169712.861535175703466, 767800.398893036413938 ], [ 4169712.861535175703466, 767762.974375687539577 ], [ 4169686.39840517565608, 767736.511245687492192 ], [ 4169648.97388782678172, 767736.511245687492192 ], [ 4169611.54937047790736, 767736.511245687492192 ], [ 4169574.124853129032999, 767736.511245687492192 ], [ 4169536.700335780158639, 767736.511245687492192 ], [ 4169536.700335780158639, 767699.086728338617831 ], [ 4169536.700335780158639, 767661.662210989743471 ], [ 4169536.700335780158639, 767624.237693640869111 ], [ 4169536.700335780158639, 767586.81317629199475 ], [ 4169499.275818431284279, 767586.81317629199475 ], [ 4169461.851301082409918, 767586.81317629199475 ], [ 4169424.426783733535558, 767586.81317629199475 ], [ 4169387.002266384661198, 767586.81317629199475 ], [ 4169360.539136384613812, 767560.350046291947365 ], [ 4169360.539136384613812, 767522.925528943073004 ], [ 4169360.539136384613812, 767485.501011594198644 ], [ 4169360.539136384613812, 767448.076494245324284 ], [ 4169360.539136384613812, 767410.651976896449924 ], [ 4169323.114619035739452, 767410.651976896449924 ], [ 4169285.690101686865091, 767410.651976896449924 ], [ 4169248.265584337990731, 767410.651976896449924 ], [ 4169221.802454337943345, 767384.188846896402538 ], [ 4169221.802454337943345, 767346.764329547528177 ], [ 4169221.802454337943345, 767309.339812198653817 ], [ 4169221.802454337943345, 767271.915294849779457 ], [ 4169195.33932433789596, 767245.452164849732071 ], [ 4169157.914806989021599, 767245.452164849732071 ], [ 4169120.490289640147239, 767245.452164849732071 ], [ 4169083.065772291272879, 767245.452164849732071 ], [ 4169045.641254942398518, 767245.452164849732071 ], [ 4169008.216737593524158, 767245.452164849732071 ], [ 4168970.792220244649798, 767245.452164849732071 ], [ 4168933.367702895775437, 767245.452164849732071 ], [ 4168895.943185546901077, 767245.452164849732071 ], [ 4168895.943185546901077, 767208.027647500857711 ], [ 4168895.943185546901077, 767170.603130151983351 ], [ 4168895.943185546901077, 767133.17861280310899 ], [ 4168895.943185546901077, 767095.75409545423463 ], [ 4168858.518668198026717, 767095.75409545423463 ], [ 4168821.094150849152356, 767095.75409545423463 ], [ 4168783.669633500277996, 767095.75409545423463 ], [ 4168746.245116151403636, 767095.75409545423463 ], [ 4168719.78198615135625, 767069.290965454187244 ], [ 4168719.78198615135625, 767031.866448105312884 ], [ 4168719.78198615135625, 766994.441930756438524 ], [ 4168719.78198615135625, 766957.017413407564163 ], [ 4168719.78198615135625, 766919.592896058689803 ], [ 4168682.35746880248189, 766919.592896058689803 ], [ 4168644.932951453607529, 766919.592896058689803 ], [ 4168607.508434104733169, 766919.592896058689803 ], [ 4168570.083916755858809, 766919.592896058689803 ], [ 4168543.620786755811423, 766893.129766058642417 ], [ 4168543.620786755811423, 766855.705248709768057 ], [ 4168543.620786755811423, 766818.280731360893697 ], [ 4168543.620786755811423, 766780.856214012019336 ], [ 4168543.620786755811423, 766743.431696663144976 ], [ 4168506.196269406937063, 766743.431696663144976 ], [ 4168468.771752058062702, 766743.431696663144976 ], [ 4168431.347234709188342, 766743.431696663144976 ], [ 4168393.922717360313982, 766743.431696663144976 ], [ 4168393.922717360313982, 766706.007179314270616 ], [ 4168393.922717360313982, 766668.582661965396255 ], [ 4168393.922717360313982, 766631.158144616521895 ], [ 4168393.922717360313982, 766593.733627267647535 ], [ 4168356.498200011439621, 766593.733627267647535 ], [ 4168319.073682662565261, 766593.733627267647535 ], [ 4168281.649165313690901, 766593.733627267647535 ], [ 4168244.22464796481654, 766593.733627267647535 ], [ 4168206.80013061594218, 766593.733627267647535 ], [ 4168169.37561326706782, 766593.733627267647535 ], [ 4168131.95109591819346, 766593.733627267647535 ], [ 4168094.526578569319099, 766593.733627267647535 ], [ 4168057.102061220444739, 766593.733627267647535 ], [ 4168019.677543871570379, 766593.733627267647535 ], [ 4167982.253026522696018, 766593.733627267647535 ], [ 4167944.828509173821658, 766593.733627267647535 ], [ 4167907.403991824947298, 766593.733627267647535 ], [ 4167880.940861824899912, 766567.270497267600149 ], [ 4167880.940861824899912, 766529.845979918725789 ], [ 4167880.940861824899912, 766492.421462569851428 ], [ 4167880.940861824899912, 766454.996945220977068 ], [ 4167880.940861824899912, 766417.572427872102708 ], [ 4167843.516344476025552, 766417.572427872102708 ], [ 4167806.091827127151191, 766417.572427872102708 ], [ 4167768.667309778276831, 766417.572427872102708 ], [ 4167742.204179778229445, 766391.109297872055322 ], [ 4167742.204179778229445, 766353.684780523180962 ], [ 4167742.204179778229445, 766316.260263174306601 ], [ 4167742.204179778229445, 766278.835745825432241 ], [ 4167715.74104977818206, 766252.372615825384855 ], [ 4167678.316532429307699, 766252.372615825384855 ], [ 4167640.892015080433339, 766252.372615825384855 ], [ 4167603.467497731558979, 766252.372615825384855 ], [ 4167577.004367731511593, 766225.90948582533747 ], [ 4167577.004367731511593, 766188.484968476463109 ], [ 4167577.004367731511593, 766151.060451127588749 ], [ 4167577.004367731511593, 766113.635933778714389 ], [ 4167577.004367731511593, 766076.211416429840028 ], [ 4167577.004367731511593, 766038.786899080965668 ], [ 4167577.004367731511593, 766001.362381732091308 ], [ 4167577.004367731511593, 765963.937864383216947 ], [ 4167577.004367731511593, 765926.513347034342587 ], [ 4167577.004367731511593, 765889.088829685468227 ], [ 4167577.004367731511593, 765851.664312336593866 ], [ 4167577.004367731511593, 765814.239794987719506 ], [ 4167577.004367731511593, 765776.815277638845146 ], [ 4167577.004367731511593, 765739.390760289970785 ], [ 4167577.004367731511593, 765701.966242941096425 ], [ 4167577.004367731511593, 765664.541725592222065 ], [ 4167577.004367731511593, 765627.117208243347704 ], [ 4167577.004367731511593, 765589.692690894473344 ], [ 4167603.467497731558979, 765563.229560894425958 ], [ 4167640.892015080433339, 765563.229560894425958 ], [ 4167678.316532429307699, 765563.229560894425958 ], [ 4167715.74104977818206, 765563.229560894425958 ], [ 4167742.204179778229445, 765536.766430894378573 ], [ 4167742.204179778229445, 765499.341913545504212 ], [ 4167742.204179778229445, 765461.917396196629852 ], [ 4167742.204179778229445, 765424.492878847755492 ], [ 4167768.667309778276831, 765398.029748847708106 ], [ 4167806.091827127151191, 765398.029748847708106 ], [ 4167843.516344476025552, 765398.029748847708106 ], [ 4167880.940861824899912, 765398.029748847708106 ], [ 4167880.940861824899912, 765360.605231498833746 ], [ 4167880.940861824899912, 765323.180714149959385 ], [ 4167880.940861824899912, 765285.756196801085025 ], [ 4167880.940861824899912, 765248.331679452210665 ], [ 4167880.940861824899912, 765210.907162103336304 ], [ 4167880.940861824899912, 765173.482644754461944 ], [ 4167880.940861824899912, 765136.058127405587584 ], [ 4167880.940861824899912, 765098.633610056713223 ], [ 4167907.403991824947298, 765072.170480056665838 ], [ 4167944.828509173821658, 765072.170480056665838 ], [ 4167982.253026522696018, 765072.170480056665838 ], [ 4168019.677543871570379, 765072.170480056665838 ], [ 4168057.102061220444739, 765072.170480056665838 ], [ 4168083.565191220492125, 765045.707350056618452 ], [ 4168083.565191220492125, 765008.282832707744092 ], [ 4168083.565191220492125, 764970.858315358869731 ], [ 4168083.565191220492125, 764933.433798009995371 ], [ 4168110.02832122053951, 764906.970668009947985 ], [ 4168147.452838569413871, 764906.970668009947985 ], [ 4168184.877355918288231, 764906.970668009947985 ], [ 4168222.301873267162591, 764906.970668009947985 ], [ 4168222.301873267162591, 764869.546150661073625 ], [ 4168222.301873267162591, 764832.121633312199265 ], [ 4168222.301873267162591, 764794.697115963324904 ], [ 4168222.301873267162591, 764757.272598614450544 ], [ 4168222.301873267162591, 764719.848081265576184 ], [ 4168222.301873267162591, 764682.423563916701823 ], [ 4168222.301873267162591, 764644.999046567827463 ], [ 4168222.301873267162591, 764607.574529218953103 ], [ 4168222.301873267162591, 764570.150011870078743 ], [ 4168222.301873267162591, 764532.725494521204382 ], [ 4168222.301873267162591, 764495.300977172330022 ], [ 4168222.301873267162591, 764457.876459823455662 ], [ 4168222.301873267162591, 764420.451942474581301 ], [ 4168259.726390616036952, 764420.451942474581301 ], [ 4168297.150907964911312, 764420.451942474581301 ], [ 4168334.575425313785672, 764420.451942474581301 ], [ 4168371.999942662660033, 764420.451942474581301 ], [ 4168398.463072662707418, 764393.988812474533916 ], [ 4168398.463072662707418, 764356.564295125659555 ], [ 4168398.463072662707418, 764319.139777776785195 ], [ 4168398.463072662707418, 764281.715260427910835 ], [ 4168424.926202662754804, 764255.252130427863449 ], [ 4168462.350720011629164, 764255.252130427863449 ], [ 4168499.775237360503525, 764255.252130427863449 ], [ 4168537.199754709377885, 764255.252130427863449 ], [ 4168537.199754709377885, 764217.827613078989089 ], [ 4168537.199754709377885, 764180.403095730114728 ], [ 4168537.199754709377885, 764142.978578381240368 ], [ 4168537.199754709377885, 764105.554061032366008 ], [ 4168563.662884709425271, 764079.090931032318622 ], [ 4168601.087402058299631, 764079.090931032318622 ], [ 4168638.511919407173991, 764079.090931032318622 ], [ 4168675.936436756048352, 764079.090931032318622 ], [ 4168713.360954104922712, 764079.090931032318622 ], [ 4168750.785471453797072, 764079.090931032318622 ], [ 4168788.209988802671432, 764079.090931032318622 ], [ 4168825.634506151545793, 764079.090931032318622 ], [ 4168863.059023500420153, 764079.090931032318622 ], [ 4168900.483540849294513, 764079.090931032318622 ], [ 4168900.483540849294513, 764041.666413683444262 ], [ 4168900.483540849294513, 764004.241896334569901 ], [ 4168900.483540849294513, 763966.817378985695541 ], [ 4168900.483540849294513, 763929.392861636821181 ], [ 4168937.908058198168874, 763929.392861636821181 ], [ 4168975.332575547043234, 763929.392861636821181 ], [ 4169012.757092895917594, 763929.392861636821181 ], [ 4169050.181610244791955, 763929.392861636821181 ], [ 4169087.606127593666315, 763929.392861636821181 ], [ 4169125.030644942540675, 763929.392861636821181 ], [ 4169162.455162291415036, 763929.392861636821181 ], [ 4169199.879679640289396, 763929.392861636821181 ], [ 4169199.879679640289396, 763891.96834428794682 ], [ 4169199.879679640289396, 763854.54382693907246 ], [ 4169199.879679640289396, 763817.1193095901981 ], [ 4169199.879679640289396, 763779.694792241323739 ], [ 4169226.342809640336782, 763753.231662241276354 ], [ 4169263.767326989211142, 763753.231662241276354 ], [ 4169301.191844338085502, 763753.231662241276354 ], [ 4169338.616361686959863, 763753.231662241276354 ], [ 4169376.040879035834223, 763753.231662241276354 ], [ 4169413.465396384708583, 763753.231662241276354 ], [ 4169450.889913733582944, 763753.231662241276354 ], [ 4169488.314431082457304, 763753.231662241276354 ], [ 4169525.738948431331664, 763753.231662241276354 ], [ 4169563.163465780206025, 763753.231662241276354 ], [ 4169600.587983129080385, 763753.231662241276354 ], [ 4169638.012500477954745, 763753.231662241276354 ], [ 4169675.437017826829106, 763753.231662241276354 ], [ 4169712.861535175703466, 763753.231662241276354 ], [ 4169750.286052524577826, 763753.231662241276354 ], [ 4169787.710569873452187, 763753.231662241276354 ], [ 4169825.135087222326547, 763753.231662241276354 ], [ 4169862.559604571200907, 763753.231662241276354 ], [ 4169899.984121920075268, 763753.231662241276354 ], [ 4169937.408639268949628, 763753.231662241276354 ], [ 4169974.833156617823988, 763753.231662241276354 ], [ 4170012.257673966698349, 763753.231662241276354 ], [ 4170049.682191315572709, 763753.231662241276354 ], [ 4170087.106708664447069, 763753.231662241276354 ], [ 4170124.531226013321429, 763753.231662241276354 ], [ 4170161.95574336219579, 763753.231662241276354 ], [ 4170199.38026071107015, 763753.231662241276354 ], [ 4170199.38026071107015, 763715.807144892401993 ], [ 4170199.38026071107015, 763678.382627543527633 ], [ 4170199.38026071107015, 763640.958110194653273 ], [ 4170199.38026071107015, 763603.533592845778912 ], [ 4170225.843390711117536, 763577.070462845731527 ], [ 4170263.267908059991896, 763577.070462845731527 ], [ 4170300.692425408866256, 763577.070462845731527 ], [ 4170338.116942757740617, 763577.070462845731527 ], [ 4170375.541460106614977, 763577.070462845731527 ], [ 4170375.541460106614977, 763539.645945496857166 ], [ 4170375.541460106614977, 763502.221428147982806 ], [ 4170375.541460106614977, 763464.796910799108446 ], [ 4170375.541460106614977, 763427.372393450234085 ], [ 4170375.541460106614977, 763389.947876101359725 ], [ 4170375.541460106614977, 763352.523358752485365 ], [ 4170375.541460106614977, 763315.098841403611004 ], [ 4170375.541460106614977, 763277.674324054736644 ], [ 4170402.004590106662363, 763251.211194054689258 ], [ 4170439.429107455536723, 763251.211194054689258 ], [ 4170476.853624804411083, 763251.211194054689258 ], [ 4170514.278142153285444, 763251.211194054689258 ], [ 4170540.741272153332829, 763224.748064054641873 ], [ 4170540.741272153332829, 763187.323546705767512 ], [ 4170540.741272153332829, 763149.899029356893152 ], [ 4170540.741272153332829, 763112.474512008018792 ], [ 4170540.741272153332829, 763075.049994659144431 ], [ 4170540.741272153332829, 763037.625477310270071 ], [ 4170540.741272153332829, 763000.200959961395711 ], [ 4170540.741272153332829, 762962.77644261252135 ], [ 4170567.204402153380215, 762936.313312612473965 ], [ 4170604.628919502254575, 762936.313312612473965 ], [ 4170642.053436851128936, 762936.313312612473965 ], [ 4170679.477954200003296, 762936.313312612473965 ], [ 4170705.941084200050682, 762909.850182612426579 ], [ 4170705.941084200050682, 762872.425665263552219 ], [ 4170705.941084200050682, 762835.001147914677858 ], [ 4170705.941084200050682, 762797.576630565803498 ], [ 4170705.941084200050682, 762760.152113216929138 ], [ 4170705.941084200050682, 762722.727595868054777 ], [ 4170705.941084200050682, 762685.303078519180417 ], [ 4170705.941084200050682, 762647.878561170306057 ], [ 4170705.941084200050682, 762610.454043821431696 ], [ 4170732.404214200098068, 762583.990913821384311 ], [ 4170769.828731548972428, 762583.990913821384311 ], [ 4170807.253248897846788, 762583.990913821384311 ], [ 4170844.677766246721148, 762583.990913821384311 ], [ 4170844.677766246721148, 762546.56639647250995 ], [ 4170844.677766246721148, 762509.14187912363559 ], [ 4170844.677766246721148, 762471.71736177476123 ], [ 4170844.677766246721148, 762434.292844425886869 ], [ 4170844.677766246721148, 762396.868327077012509 ], [ 4170844.677766246721148, 762359.443809728138149 ], [ 4170844.677766246721148, 762322.019292379263788 ], [ 4170844.677766246721148, 762284.594775030389428 ], [ 4170844.677766246721148, 762247.170257681515068 ], [ 4170844.677766246721148, 762209.745740332640707 ], [ 4170844.677766246721148, 762172.321222983766347 ], [ 4170844.677766246721148, 762134.896705634891987 ], [ 4170871.140896246768534, 762108.433575634844601 ], [ 4170908.565413595642895, 762108.433575634844601 ], [ 4170945.989930944517255, 762108.433575634844601 ], [ 4170983.414448293391615, 762108.433575634844601 ], [ 4171020.838965642265975, 762108.433575634844601 ], [ 4171020.838965642265975, 762071.009058285970241 ], [ 4171020.838965642265975, 762033.584540937095881 ], [ 4171020.838965642265975, 761996.16002358822152 ], [ 4171020.838965642265975, 761958.73550623934716 ], [ 4171020.838965642265975, 761921.3109888904728 ], [ 4171020.838965642265975, 761883.886471541598439 ], [ 4171020.838965642265975, 761846.461954192724079 ], [ 4171020.838965642265975, 761809.037436843849719 ], [ 4171020.838965642265975, 761771.612919494975358 ], [ 4171020.838965642265975, 761734.188402146100998 ], [ 4171020.838965642265975, 761696.763884797226638 ], [ 4171020.838965642265975, 761659.339367448352277 ], [ 4171020.838965642265975, 761621.914850099477917 ], [ 4171060.533660642337054, 761615.902220713091083 ], [ 4171100.228355642408133, 761613.632043061545119 ], [ 4171137.652872991282493, 761613.632043061545119 ], [ 4171175.077390340156853, 761613.632043061545119 ], [ 4171201.540520340204239, 761587.168913061497733 ], [ 4171201.540520340204239, 761549.744395712623373 ], [ 4171201.540520340204239, 761512.319878363749012 ], [ 4171201.540520340204239, 761474.895361014874652 ], [ 4171228.003650340251625, 761448.432231014827266 ], [ 4171265.428167689125985, 761448.432231014827266 ], [ 4171302.852685038000345, 761448.432231014827266 ], [ 4171340.277202386874706, 761448.432231014827266 ], [ 4171366.740332386922091, 761421.969101014779881 ], [ 4171366.740332386922091, 761384.54458366590552 ], [ 4171366.740332386922091, 761347.12006631703116 ], [ 4171366.740332386922091, 761309.6955489681568 ], [ 4171366.740332386922091, 761272.271031619282439 ], [ 4171366.740332386922091, 761234.846514270408079 ], [ 4171366.740332386922091, 761197.421996921533719 ], [ 4171366.740332386922091, 761159.997479572659358 ], [ 4171366.740332386922091, 761122.572962223784998 ], [ 4171366.740332386922091, 761085.148444874910638 ], [ 4171366.740332386922091, 761047.723927526036277 ], [ 4171366.740332386922091, 761010.299410177161917 ], [ 4171366.740332386922091, 760972.874892828287557 ], [ 4171393.203462386969477, 760946.411762828240171 ], [ 4171430.627979735843837, 760946.411762828240171 ], [ 4171468.052497084718198, 760946.411762828240171 ], [ 4171505.477014433592558, 760946.411762828240171 ], [ 4171505.477014433592558, 760908.987245479365811 ], [ 4171505.477014433592558, 760871.56272813049145 ], [ 4171505.477014433592558, 760834.13821078161709 ], [ 4171505.477014433592558, 760796.71369343274273 ], [ 4171505.477014433592558, 760759.289176083868369 ], [ 4171505.477014433592558, 760721.864658734994009 ], [ 4171505.477014433592558, 760684.440141386119649 ], [ 4171505.477014433592558, 760647.015624037245288 ], [ 4171505.477014433592558, 760609.591106688370928 ], [ 4171505.477014433592558, 760572.166589339496568 ], [ 4171505.477014433592558, 760534.742071990622208 ], [ 4171505.477014433592558, 760497.317554641747847 ], [ 4171505.477014433592558, 760459.893037292873487 ], [ 4171505.477014433592558, 760422.468519943999127 ], [ 4171505.477014433592558, 760385.044002595124766 ], [ 4171505.477014433592558, 760347.619485246250406 ], [ 4171505.477014433592558, 760310.194967897376046 ], [ 4171505.477014433592558, 760272.770450548501685 ], [ 4171505.477014433592558, 760235.345933199627325 ], [ 4171505.477014433592558, 760197.921415850752965 ], [ 4171505.477014433592558, 760160.496898501878604 ], [ 4171505.477014433592558, 760123.072381153004244 ], [ 4171505.477014433592558, 760085.647863804129884 ], [ 4171505.477014433592558, 760048.223346455255523 ], [ 4171505.477014433592558, 760010.798829106381163 ], [ 4171505.477014433592558, 759973.374311757506803 ], [ 4171505.477014433592558, 759935.949794408632442 ], [ 4171505.477014433592558, 759898.525277059758082 ], [ 4171505.477014433592558, 759861.100759710883722 ], [ 4171505.477014433592558, 759823.676242362009361 ], [ 4171505.477014433592558, 759786.251725013135001 ], [ 4171505.477014433592558, 759748.827207664260641 ], [ 4171505.477014433592558, 759711.40269031538628 ], [ 4171505.477014433592558, 759673.97817296651192 ], [ 4171505.477014433592558, 759636.55365561763756 ], [ 4171468.052497084718198, 759636.55365561763756 ], [ 4171430.627979735843837, 759636.55365561763756 ], [ 4171393.203462386969477, 759636.55365561763756 ], [ 4171366.740332386922091, 759610.090525617590174 ], [ 4171366.740332386922091, 759572.666008268715814 ], [ 4171366.740332386922091, 759535.241490919841453 ], [ 4171366.740332386922091, 759497.816973570967093 ], [ 4171366.740332386922091, 759460.392456222092733 ], [ 4171404.164849735796452, 759460.392456222092733 ], [ 4171441.589367084670812, 759460.392456222092733 ], [ 4171479.013884433545172, 759460.392456222092733 ], [ 4171516.438401782419533, 759460.392456222092733 ], [ 4171553.862919131293893, 759460.392456222092733 ], [ 4171591.287436480168253, 759460.392456222092733 ], [ 4171628.711953829042614, 759460.392456222092733 ], [ 4171666.136471177916974, 759460.392456222092733 ], [ 4171703.560988526791334, 759460.392456222092733 ], [ 4171740.985505875665694, 759460.392456222092733 ], [ 4171778.410023224540055, 759460.392456222092733 ], [ 4171815.834540573414415, 759460.392456222092733 ], [ 4171853.259057922288775, 759460.392456222092733 ], [ 4171890.683575271163136, 759460.392456222092733 ], [ 4171928.108092620037496, 759460.392456222092733 ], [ 4171965.532609968911856, 759460.392456222092733 ], [ 4172002.957127317786217, 759460.392456222092733 ], [ 4172040.381644666660577, 759460.392456222092733 ], [ 4172040.381644666660577, 759497.816973570967093 ], [ 4172040.381644666660577, 759535.241490919841453 ], [ 4172040.381644666660577, 759572.666008268715814 ], [ 4172040.381644666660577, 759610.090525617590174 ], [ 4172077.806162015534937, 759610.090525617590174 ], [ 4172115.230679364409298, 759610.090525617590174 ], [ 4172152.655196713283658, 759610.090525617590174 ], [ 4172179.118326713331044, 759583.627395617542788 ], [ 4172179.118326713331044, 759546.202878268668428 ], [ 4172179.118326713331044, 759508.778360919794068 ], [ 4172179.118326713331044, 759471.353843570919707 ], [ 4172205.581456713378429, 759444.890713570872322 ], [ 4172243.00597406225279, 759444.890713570872322 ], [ 4172280.43049141112715, 759444.890713570872322 ], [ 4172317.85500876000151, 759444.890713570872322 ], [ 4172344.318138760048896, 759418.427583570824936 ], [ 4172344.318138760048896, 759381.003066221950576 ], [ 4172344.318138760048896, 759343.578548873076215 ], [ 4172344.318138760048896, 759306.154031524201855 ], [ 4172370.781268760096282, 759279.690901524154469 ], [ 4172408.205786108970642, 759279.690901524154469 ], [ 4172445.630303457845002, 759279.690901524154469 ], [ 4172483.054820806719363, 759279.690901524154469 ], [ 4172483.054820806719363, 759242.266384175280109 ], [ 4172483.054820806719363, 759204.841866826405749 ], [ 4172483.054820806719363, 759167.417349477531388 ], [ 4172483.054820806719363, 759129.992832128657028 ], [ 4172483.054820806719363, 759092.568314779782668 ], [ 4172483.054820806719363, 759055.143797430908307 ], [ 4172483.054820806719363, 759017.719280082033947 ], [ 4172483.054820806719363, 758980.294762733159587 ], [ 4172509.517950806766748, 758953.831632733112201 ], [ 4172546.942468155641109, 758953.831632733112201 ], [ 4172584.366985504515469, 758953.831632733112201 ], [ 4172621.791502853389829, 758953.831632733112201 ], [ 4172659.21602020226419, 758953.831632733112201 ], [ 4172696.64053755113855, 758953.831632733112201 ], [ 4172734.06505490001291, 758953.831632733112201 ], [ 4172771.489572248887271, 758953.831632733112201 ], [ 4172808.914089597761631, 758953.831632733112201 ], [ 4172846.338606946635991, 758953.831632733112201 ], [ 4172883.763124295510352, 758953.831632733112201 ], [ 4172921.187641644384712, 758953.831632733112201 ], [ 4172958.612158993259072, 758953.831632733112201 ], [ 4172996.036676342133433, 758953.831632733112201 ], [ 4173022.499806342180818, 758980.294762733159587 ], [ 4173022.499806342180818, 759017.719280082033947 ], [ 4173022.499806342180818, 759055.143797430908307 ], [ 4173022.499806342180818, 759092.568314779782668 ], [ 4173022.499806342180818, 759129.992832128657028 ], [ 4173022.499806342180818, 759167.417349477531388 ], [ 4173022.499806342180818, 759204.841866826405749 ], [ 4173022.499806342180818, 759242.266384175280109 ], [ 4173022.499806342180818, 759279.690901524154469 ], [ 4173022.499806342180818, 759317.11541887302883 ], [ 4173022.499806342180818, 759354.53993622190319 ], [ 4173022.499806342180818, 759391.96445357077755 ], [ 4173022.499806342180818, 759429.388970919651911 ], [ 4173022.499806342180818, 759466.813488268526271 ], [ 4173022.499806342180818, 759504.238005617400631 ], [ 4173022.499806342180818, 759541.662522966274992 ], [ 4173022.499806342180818, 759579.087040315149352 ], [ 4173022.499806342180818, 759616.511557664023712 ], [ 4173022.499806342180818, 759653.936075012898073 ], [ 4173022.499806342180818, 759691.360592361772433 ], [ 4173022.499806342180818, 759728.785109710646793 ], [ 4173022.499806342180818, 759766.209627059521154 ], [ 4173048.962936342228204, 759792.672757059568539 ], [ 4173086.387453691102564, 759792.672757059568539 ], [ 4173123.811971039976925, 759792.672757059568539 ], [ 4173161.236488388851285, 759792.672757059568539 ], [ 4173187.699618388898671, 759819.135887059615925 ], [ 4173187.699618388898671, 759856.560404408490285 ], [ 4173187.699618388898671, 759893.984921757364646 ], [ 4173187.699618388898671, 759931.409439106239006 ], [ 4173187.699618388898671, 759968.833956455113366 ], [ 4173187.699618388898671, 760006.258473803987727 ], [ 4173187.699618388898671, 760043.682991152862087 ], [ 4173187.699618388898671, 760081.107508501736447 ], [ 4173187.699618388898671, 760118.532025850610808 ], [ 4173187.699618388898671, 760155.956543199485168 ], [ 4173187.699618388898671, 760193.381060548359528 ], [ 4173187.699618388898671, 760230.805577897233889 ], [ 4173187.699618388898671, 760268.230095246108249 ], [ 4173225.124135737773031, 760268.230095246108249 ], [ 4173262.548653086647391, 760268.230095246108249 ], [ 4173299.973170435521752, 760268.230095246108249 ], [ 4173337.397687784396112, 760268.230095246108249 ], [ 4173374.822205133270472, 760268.230095246108249 ], [ 4173412.246722482144833, 760268.230095246108249 ], [ 4173449.671239831019193, 760268.230095246108249 ], [ 4173487.095757179893553, 760268.230095246108249 ], [ 4173513.558887179940939, 760294.693225246155635 ], [ 4173513.558887179940939, 760332.117742595029995 ], [ 4173513.558887179940939, 760369.542259943904355 ], [ 4173513.558887179940939, 760406.966777292778715 ], [ 4173513.558887179940939, 760444.391294641653076 ], [ 4173513.558887179940939, 760481.815811990527436 ], [ 4173513.558887179940939, 760519.240329339401796 ], [ 4173513.558887179940939, 760556.664846688276157 ], [ 4173513.558887179940939, 760594.089364037150517 ], [ 4173540.022017179988325, 760620.552494037197903 ], [ 4173577.446534528862685, 760620.552494037197903 ], [ 4173614.871051877737045, 760620.552494037197903 ], [ 4173652.295569226611406, 760620.552494037197903 ], [ 4173678.758699226658791, 760647.015624037245288 ], [ 4173678.758699226658791, 760684.440141386119649 ], [ 4173678.758699226658791, 760721.864658734994009 ], [ 4173678.758699226658791, 760759.289176083868369 ], [ 4173705.221829226706177, 760785.752306083915755 ], [ 4173742.646346575580537, 760785.752306083915755 ], [ 4173780.070863924454898, 760785.752306083915755 ], [ 4173817.495381273329258, 760785.752306083915755 ], [ 4173854.919898622203618, 760785.752306083915755 ], [ 4173892.344415971077979, 760785.752306083915755 ], [ 4173929.768933319952339, 760785.752306083915755 ], [ 4173967.193450668826699, 760785.752306083915755 ], [ 4173967.193450668826699, 760748.327788735041395 ], [ 4173967.193450668826699, 760710.903271386167035 ], [ 4173967.193450668826699, 760673.478754037292674 ], [ 4173967.193450668826699, 760636.054236688418314 ], [ 4173993.656580668874085, 760609.591106688370928 ], [ 4174031.081098017748445, 760609.591106688370928 ], [ 4174068.505615366622806, 760609.591106688370928 ], [ 4174105.930132715497166, 760609.591106688370928 ], [ 4174143.354650064371526, 760609.591106688370928 ], [ 4174180.779167413245887, 760609.591106688370928 ], [ 4174218.203684762120247, 760609.591106688370928 ], [ 4174255.628202110994607, 760609.591106688370928 ], [ 4174293.052719459868968, 760609.591106688370928 ], [ 4174330.477236808743328, 760609.591106688370928 ], [ 4174356.940366808790714, 760636.054236688418314 ], [ 4174356.940366808790714, 760673.478754037292674 ], [ 4174356.940366808790714, 760710.903271386167035 ], [ 4174356.940366808790714, 760748.327788735041395 ], [ 4174356.940366808790714, 760785.752306083915755 ], [ 4174356.940366808790714, 760823.176823432790115 ], [ 4174356.940366808790714, 760860.601340781664476 ], [ 4174356.940366808790714, 760898.025858130538836 ], [ 4174356.940366808790714, 760935.450375479413196 ], [ 4174356.940366808790714, 760972.874892828287557 ], [ 4174356.940366808790714, 761010.299410177161917 ], [ 4174356.940366808790714, 761047.723927526036277 ], [ 4174356.940366808790714, 761085.148444874910638 ], [ 4174356.940366808790714, 761122.572962223784998 ], [ 4174356.940366808790714, 761159.997479572659358 ], [ 4174356.940366808790714, 761197.421996921533719 ], [ 4174356.940366808790714, 761234.846514270408079 ], [ 4174356.940366808790714, 761272.271031619282439 ], [ 4174330.477236808743328, 761298.734161619329825 ], [ 4174293.052719459868968, 761298.734161619329825 ], [ 4174255.628202110994607, 761298.734161619329825 ], [ 4174218.203684762120247, 761298.734161619329825 ], [ 4174180.779167413245887, 761298.734161619329825 ], [ 4174154.316037413198501, 761325.197291619377211 ], [ 4174154.316037413198501, 761362.621808968251571 ], [ 4174154.316037413198501, 761400.046326317125931 ], [ 4174154.316037413198501, 761437.470843666000292 ], [ 4174154.316037413198501, 761474.895361014874652 ], [ 4174154.316037413198501, 761512.319878363749012 ], [ 4174154.316037413198501, 761549.744395712623373 ], [ 4174154.316037413198501, 761587.168913061497733 ], [ 4174154.316037413198501, 761624.593430410372093 ], [ 4174154.316037413198501, 761662.017947759246454 ], [ 4174154.316037413198501, 761699.442465108120814 ], [ 4174154.316037413198501, 761736.866982456995174 ], [ 4174154.316037413198501, 761774.291499805869535 ], [ 4174191.740554762072861, 761774.291499805869535 ], [ 4174229.165072110947222, 761774.291499805869535 ], [ 4174266.589589459821582, 761774.291499805869535 ], [ 4174304.014106808695942, 761774.291499805869535 ], [ 4174330.477236808743328, 761747.828369805822149 ], [ 4174330.477236808743328, 761710.403852456947789 ], [ 4174330.477236808743328, 761672.979335108073428 ], [ 4174330.477236808743328, 761635.554817759199068 ], [ 4174356.940366808790714, 761609.091687759151682 ], [ 4174394.364884157665074, 761609.091687759151682 ], [ 4174431.789401506539434, 761609.091687759151682 ], [ 4174469.213918855413795, 761609.091687759151682 ], [ 4174506.638436204288155, 761609.091687759151682 ], [ 4174544.062953553162515, 761609.091687759151682 ], [ 4174581.487470902036875, 761609.091687759151682 ], [ 4174618.911988250911236, 761609.091687759151682 ], [ 4174645.375118250958622, 761582.628557759104297 ], [ 4174645.375118250958622, 761545.204040410229936 ], [ 4174645.375118250958622, 761507.779523061355576 ], [ 4174645.375118250958622, 761470.355005712481216 ], [ 4174645.375118250958622, 761432.930488363606855 ], [ 4174645.375118250958622, 761395.505971014732495 ], [ 4174645.375118250958622, 761358.081453665858135 ], [ 4174645.375118250958622, 761320.656936316983774 ], [ 4174645.375118250958622, 761283.232418968109414 ], [ 4174682.799635599832982, 761283.232418968109414 ], [ 4174720.224152948707342, 761283.232418968109414 ], [ 4174757.648670297581702, 761283.232418968109414 ], [ 4174795.073187646456063, 761283.232418968109414 ], [ 4174832.497704995330423, 761283.232418968109414 ], [ 4174869.922222344204783, 761283.232418968109414 ], [ 4174907.346739693079144, 761283.232418968109414 ], [ 4174944.771257041953504, 761283.232418968109414 ], [ 4174982.195774390827864, 761283.232418968109414 ], [ 4175019.620291739702225, 761283.232418968109414 ], [ 4175057.044809088576585, 761283.232418968109414 ], [ 4175094.469326437450945, 761283.232418968109414 ], [ 4175131.893843786325306, 761283.232418968109414 ], [ 4175158.356973786372691, 761309.6955489681568 ], [ 4175158.356973786372691, 761347.12006631703116 ], [ 4175158.356973786372691, 761384.54458366590552 ], [ 4175158.356973786372691, 761421.969101014779881 ], [ 4175184.820103786420077, 761448.432231014827266 ], [ 4175222.244621135294437, 761448.432231014827266 ], [ 4175259.669138484168798, 761448.432231014827266 ], [ 4175297.093655833043158, 761448.432231014827266 ], [ 4175334.518173181917518, 761448.432231014827266 ], [ 4175371.942690530791879, 761448.432231014827266 ], [ 4175409.367207879666239, 761448.432231014827266 ], [ 4175446.791725228540599, 761448.432231014827266 ], [ 4175484.21624257741496, 761448.432231014827266 ], [ 4175521.64075992628932, 761448.432231014827266 ], [ 4175559.06527727516368, 761448.432231014827266 ], [ 4175596.489794624038041, 761448.432231014827266 ], [ 4175633.914311972912401, 761448.432231014827266 ], [ 4175633.914311972912401, 761485.856748363701627 ], [ 4175633.914311972912401, 761523.281265712575987 ], [ 4175633.914311972912401, 761560.705783061450347 ], [ 4175633.914311972912401, 761598.130300410324708 ], [ 4175671.338829321786761, 761598.130300410324708 ], [ 4175708.763346670661122, 761598.130300410324708 ], [ 4175746.187864019535482, 761598.130300410324708 ], [ 4175783.612381368409842, 761598.130300410324708 ], [ 4175810.075511368457228, 761571.667170410277322 ], [ 4175810.075511368457228, 761534.242653061402962 ], [ 4175810.075511368457228, 761496.818135712528601 ], [ 4175810.075511368457228, 761459.393618363654241 ], [ 4175810.075511368457228, 761421.969101014779881 ], [ 4175810.075511368457228, 761384.54458366590552 ], [ 4175810.075511368457228, 761347.12006631703116 ], [ 4175810.075511368457228, 761309.6955489681568 ], [ 4175849.770206368528306, 761284.970660907565616 ], [ 4175889.464901368599385, 761282.700483256019652 ], [ 4175926.889418717473745, 761282.700483256019652 ], [ 4175964.313936066348106, 761282.700483256019652 ], [ 4176001.738453415222466, 761282.700483256019652 ], [ 4176039.162970764096826, 761282.700483256019652 ], [ 4176076.587488112971187, 761282.700483256019652 ], [ 4176114.012005461845547, 761282.700483256019652 ], [ 4176114.012005461845547, 761245.275965907145292 ], [ 4176114.012005461845547, 761207.851448558270931 ], [ 4176114.012005461845547, 761170.426931209396571 ], [ 4176114.012005461845547, 761133.002413860522211 ], [ 4176114.012005461845547, 761095.57789651164785 ], [ 4176114.012005461845547, 761058.15337916277349 ], [ 4176114.012005461845547, 761020.72886181389913 ], [ 4176114.012005461845547, 760983.304344465024769 ], [ 4176114.012005461845547, 760945.879827116150409 ], [ 4176151.436522810719907, 760945.879827116150409 ], [ 4176188.861040159594268, 760945.879827116150409 ], [ 4176226.285557508468628, 760945.879827116150409 ], [ 4176263.710074857342988, 760945.879827116150409 ], [ 4176263.710074857342988, 760908.455309767276049 ], [ 4176263.710074857342988, 760871.030792418401688 ], [ 4176263.710074857342988, 760833.606275069527328 ], [ 4176263.710074857342988, 760796.181757720652968 ], [ 4176263.710074857342988, 760758.757240371778607 ], [ 4176263.710074857342988, 760721.332723022904247 ], [ 4176263.710074857342988, 760683.908205674029887 ], [ 4176263.710074857342988, 760646.483688325155526 ], [ 4176263.710074857342988, 760609.059170976281166 ], [ 4176263.710074857342988, 760571.634653627406806 ], [ 4176263.710074857342988, 760534.210136278532445 ], [ 4176263.710074857342988, 760496.785618929658085 ], [ 4176263.710074857342988, 760459.361101580783725 ], [ 4176290.173204857390374, 760432.897971580736339 ], [ 4176327.597722206264734, 760432.897971580736339 ], [ 4176365.022239555139095, 760432.897971580736339 ], [ 4176402.446756904013455, 760432.897971580736339 ], [ 4176439.871274252887815, 760432.897971580736339 ], [ 4176477.295791601762176, 760432.897971580736339 ], [ 4176514.720308950636536, 760432.897971580736339 ], [ 4176552.144826299510896, 760432.897971580736339 ], [ 4176589.569343648385257, 760432.897971580736339 ], [ 4176626.993860997259617, 760432.897971580736339 ], [ 4176664.418378346133977, 760432.897971580736339 ], [ 4176701.842895695008337, 760432.897971580736339 ], [ 4176739.267413043882698, 760432.897971580736339 ], [ 4176776.691930392757058, 760432.897971580736339 ], [ 4176776.691930392757058, 760395.473454231861979 ], [ 4176776.691930392757058, 760358.048936882987618 ], [ 4176776.691930392757058, 760320.624419534113258 ], [ 4176776.691930392757058, 760283.199902185238898 ], [ 4176814.116447741631418, 760283.199902185238898 ], [ 4176851.540965090505779, 760283.199902185238898 ], [ 4176888.965482439380139, 760283.199902185238898 ], [ 4176926.389999788254499, 760283.199902185238898 ], [ 4176963.81451713712886, 760283.199902185238898 ], [ 4177001.23903448600322, 760283.199902185238898 ], [ 4177038.66355183487758, 760283.199902185238898 ], [ 4177076.088069183751941, 760283.199902185238898 ], [ 4177102.551199183799326, 760256.736772185191512 ], [ 4177102.551199183799326, 760219.312254836317152 ], [ 4177102.551199183799326, 760181.887737487442791 ], [ 4177102.551199183799326, 760144.463220138568431 ], [ 4177102.551199183799326, 760107.038702789694071 ], [ 4177102.551199183799326, 760069.61418544081971 ], [ 4177102.551199183799326, 760032.18966809194535 ], [ 4177102.551199183799326, 759994.76515074307099 ], [ 4177142.245894183870405, 759958.812907477957197 ], [ 4177181.940589183941483, 759960.285181561252102 ], [ 4177219.365106532815844, 759960.285181561252102 ], [ 4177256.789623881690204, 759960.285181561252102 ], [ 4177294.214141230564564, 759960.285181561252102 ], [ 4177320.67727123061195, 759986.748311561299488 ], [ 4177320.67727123061195, 760024.172828910173848 ], [ 4177320.67727123061195, 760061.597346259048209 ], [ 4177320.67727123061195, 760099.021863607922569 ], [ 4177347.140401230659336, 760125.484993607969955 ], [ 4177384.564918579533696, 760125.484993607969955 ], [ 4177421.989435928408056, 760125.484993607969955 ], [ 4177448.452565928455442, 760099.021863607922569 ], [ 4177448.452565928455442, 760061.597346259048209 ], [ 4177448.452565928455442, 760024.172828910173848 ], [ 4177448.452565928455442, 759986.748311561299488 ], [ 4177448.452565928455442, 759949.323794212425128 ], [ 4177448.452565928455442, 759911.899276863550767 ], [ 4177448.452565928455442, 759874.474759514676407 ], [ 4177448.452565928455442, 759837.050242165802047 ], [ 4177448.452565928455442, 759799.625724816927686 ], [ 4177474.915695928502828, 759773.162594816880301 ], [ 4177512.340213277377188, 759773.162594816880301 ], [ 4177549.764730626251549, 759773.162594816880301 ], [ 4177587.189247975125909, 759773.162594816880301 ], [ 4177624.613765324000269, 759773.162594816880301 ], [ 4177662.038282672874629, 759773.162594816880301 ], [ 4177699.46280002174899, 759773.162594816880301 ], [ 4177736.88731737062335, 759773.162594816880301 ], [ 4177774.31183471949771, 759773.162594816880301 ], [ 4177811.736352068372071, 759773.162594816880301 ], [ 4177849.160869417246431, 759773.162594816880301 ], [ 4177886.585386766120791, 759773.162594816880301 ], [ 4177924.009904114995152, 759773.162594816880301 ], [ 4177950.473034115042537, 759799.625724816927686 ], [ 4177950.473034115042537, 759837.050242165802047 ], [ 4177950.473034115042537, 759874.474759514676407 ], [ 4177950.473034115042537, 759911.899276863550767 ], [ 4177950.473034115042537, 759949.323794212425128 ], [ 4177987.897551463916898, 759949.323794212425128 ], [ 4178025.322068812791258, 759949.323794212425128 ], [ 4178062.746586161665618, 759949.323794212425128 ], [ 4178100.171103510539979, 759949.323794212425128 ], [ 4178100.171103510539979, 759911.899276863550767 ], [ 4178100.171103510539979, 759874.474759514676407 ], [ 4178100.171103510539979, 759837.050242165802047 ], [ 4178100.171103510539979, 759799.625724816927686 ], [ 4178126.634233510587364, 759773.162594816880301 ], [ 4178164.058750859461725, 759773.162594816880301 ], [ 4178201.483268208336085, 759773.162594816880301 ], [ 4178238.907785557210445, 759773.162594816880301 ], [ 4178276.332302906084806, 759773.162594816880301 ], [ 4178313.756820254959166, 759773.162594816880301 ], [ 4178351.181337603833526, 759773.162594816880301 ], [ 4178388.605854952707887, 759773.162594816880301 ], [ 4178426.030372301582247, 759773.162594816880301 ], [ 4178463.454889650456607, 759773.162594816880301 ], [ 4178500.879406999330968, 759773.162594816880301 ], [ 4178538.303924348205328, 759773.162594816880301 ], [ 4178575.728441697079688, 759773.162594816880301 ], [ 4178613.152959045954049, 759773.162594816880301 ], [ 4178650.577476394828409, 759773.162594816880301 ], [ 4178688.001993743702769, 759773.162594816880301 ], [ 4178725.42651109257713, 759773.162594816880301 ], [ 4178725.42651109257713, 759735.73807746800594 ], [ 4178725.42651109257713, 759698.31356011913158 ], [ 4178725.42651109257713, 759660.88904277025722 ], [ 4178725.42651109257713, 759623.464525421382859 ], [ 4178762.85102844145149, 759623.464525421382859 ], [ 4178800.27554579032585, 759623.464525421382859 ], [ 4178837.700063139200211, 759623.464525421382859 ], [ 4178875.124580488074571, 759623.464525421382859 ], [ 4178912.549097836948931, 759623.464525421382859 ], [ 4178949.973615185823292, 759623.464525421382859 ], [ 4178987.398132534697652, 759623.464525421382859 ], [ 4179024.822649883572012, 759623.464525421382859 ], [ 4179062.247167232446373, 759623.464525421382859 ], [ 4179099.671684581320733, 759623.464525421382859 ], [ 4179137.096201930195093, 759623.464525421382859 ], [ 4179174.520719279069453, 759623.464525421382859 ], [ 4179211.945236627943814, 759623.464525421382859 ], [ 4179249.369753976818174, 759623.464525421382859 ], [ 4179249.369753976818174, 759586.040008072508499 ], [ 4179249.369753976818174, 759548.615490723634139 ], [ 4179249.369753976818174, 759511.190973374759778 ], [ 4179249.369753976818174, 759473.766456025885418 ], [ 4179275.83288397686556, 759447.303326025838032 ], [ 4179313.25740132573992, 759447.303326025838032 ], [ 4179350.68191867461428, 759447.303326025838032 ], [ 4179388.106436023488641, 759447.303326025838032 ], [ 4179425.530953372363001, 759447.303326025838032 ], [ 4179462.955470721237361, 759447.303326025838032 ], [ 4179500.379988070111722, 759447.303326025838032 ], [ 4179537.804505418986082, 759447.303326025838032 ], [ 4179575.229022767860442, 759447.303326025838032 ], [ 4179612.653540116734803, 759447.303326025838032 ], [ 4179650.078057465609163, 759447.303326025838032 ], [ 4179687.502574814483523, 759447.303326025838032 ], [ 4179724.927092163357884, 759447.303326025838032 ], [ 4179751.390222163405269, 759420.840196025790647 ], [ 4179751.390222163405269, 759383.415678676916286 ], [ 4179751.390222163405269, 759345.991161328041926 ], [ 4179751.390222163405269, 759308.566643979167566 ], [ 4179777.853352163452655, 759282.10351397912018 ], [ 4179815.277869512327015, 759282.10351397912018 ], [ 4179852.702386861201376, 759282.10351397912018 ], [ 4179890.126904210075736, 759282.10351397912018 ], [ 4179927.551421558950096, 759282.10351397912018 ], [ 4179964.975938907824457, 759282.10351397912018 ], [ 4180002.400456256698817, 759282.10351397912018 ], [ 4180039.824973605573177, 759282.10351397912018 ], [ 4180077.249490954447538, 759282.10351397912018 ], [ 4180114.674008303321898, 759282.10351397912018 ], [ 4180152.098525652196258, 759282.10351397912018 ], [ 4180189.523043001070619, 759282.10351397912018 ], [ 4180226.947560349944979, 759282.10351397912018 ], [ 4180226.947560349944979, 759244.67899663024582 ], [ 4180226.947560349944979, 759207.254479281371459 ], [ 4180226.947560349944979, 759169.829961932497099 ], [ 4180226.947560349944979, 759132.405444583622739 ], [ 4180264.372077698819339, 759132.405444583622739 ], [ 4180301.7965950476937, 759132.405444583622739 ], [ 4180339.22111239656806, 759132.405444583622739 ], [ 4180376.64562974544242, 759132.405444583622739 ], [ 4180414.070147094316781, 759132.405444583622739 ], [ 4180451.494664443191141, 759132.405444583622739 ], [ 4180488.919181792065501, 759132.405444583622739 ], [ 4180526.343699140939862, 759132.405444583622739 ], [ 4180563.768216489814222, 759132.405444583622739 ], [ 4180563.768216489814222, 759094.980927234748378 ], [ 4180563.768216489814222, 759057.556409885874018 ], [ 4180563.768216489814222, 759020.131892536999658 ], [ 4180563.768216489814222, 758982.707375188125297 ], [ 4180590.231346489861608, 758956.244245188077912 ], [ 4180627.655863838735968, 758956.244245188077912 ], [ 4180665.080381187610328, 758956.244245188077912 ], [ 4180702.504898536484689, 758956.244245188077912 ], [ 4180739.929415885359049, 758956.244245188077912 ], [ 4180777.353933234233409, 758956.244245188077912 ], [ 4180814.778450583107769, 758956.244245188077912 ], [ 4180852.20296793198213, 758956.244245188077912 ], [ 4180889.62748528085649, 758956.244245188077912 ], [ 4180927.05200262973085, 758956.244245188077912 ], [ 4180964.476519978605211, 758956.244245188077912 ], [ 4181001.901037327479571, 758956.244245188077912 ], [ 4181039.325554676353931, 758956.244245188077912 ], [ 4181076.750072025228292, 758956.244245188077912 ], [ 4181114.174589374102652, 758956.244245188077912 ], [ 4181151.599106722977012, 758956.244245188077912 ], [ 4181189.023624071851373, 758956.244245188077912 ], [ 4181226.448141420725733, 758956.244245188077912 ], [ 4181263.872658769600093, 758956.244245188077912 ], [ 4181301.297176118474454, 758956.244245188077912 ], [ 4181338.721693467348814, 758956.244245188077912 ], [ 4181376.146210816223174, 758956.244245188077912 ], [ 4181413.570728165097535, 758956.244245188077912 ], [ 4181450.995245513971895, 758956.244245188077912 ], [ 4181488.419762862846255, 758956.244245188077912 ], [ 4181525.844280211720616, 758956.244245188077912 ], [ 4181563.268797560594976, 758956.244245188077912 ], [ 4181600.693314909469336, 758956.244245188077912 ], [ 4181638.117832258343697, 758956.244245188077912 ], [ 4181675.542349607218057, 758956.244245188077912 ], [ 4181712.966866956092417, 758956.244245188077912 ], [ 4181750.391384304966778, 758956.244245188077912 ], [ 4181787.815901653841138, 758956.244245188077912 ], [ 4181825.240419002715498, 758956.244245188077912 ], [ 4181862.664936351589859, 758956.244245188077912 ], [ 4181900.089453700464219, 758956.244245188077912 ], [ 4181937.513971049338579, 758956.244245188077912 ], [ 4181974.93848839821294, 758956.244245188077912 ], [ 4182012.3630057470873, 758956.244245188077912 ], [ 4182049.78752309596166, 758956.244245188077912 ], [ 4182087.21204044483602, 758956.244245188077912 ], [ 4182124.636557793710381, 758956.244245188077912 ], [ 4182162.061075142584741, 758956.244245188077912 ], [ 4182199.485592491459101, 758956.244245188077912 ], [ 4182236.910109840333462, 758956.244245188077912 ], [ 4182274.334627189207822, 758956.244245188077912 ], [ 4182311.759144538082182, 758956.244245188077912 ], [ 4182349.183661886956543, 758956.244245188077912 ], [ 4182386.608179235830903, 758956.244245188077912 ], [ 4182424.032696584705263, 758956.244245188077912 ], [ 4182461.457213933579624, 758956.244245188077912 ], [ 4182498.881731282453984, 758956.244245188077912 ], [ 4182536.306248631328344, 758956.244245188077912 ], [ 4182573.730765980202705, 758956.244245188077912 ], [ 4182611.155283329077065, 758956.244245188077912 ], [ 4182648.579800677951425, 758956.244245188077912 ], [ 4182686.004318026825786, 758956.244245188077912 ], [ 4182723.428835375700146, 758956.244245188077912 ], [ 4182760.853352724574506, 758956.244245188077912 ], [ 4182798.277870073448867, 758956.244245188077912 ], [ 4182835.702387422323227, 758956.244245188077912 ], [ 4182873.126904771197587, 758956.244245188077912 ], [ 4182910.551422120071948, 758956.244245188077912 ], [ 4182947.975939468946308, 758956.244245188077912 ], [ 4182985.400456817820668, 758956.244245188077912 ], [ 4183022.824974166695029, 758956.244245188077912 ], [ 4183060.249491515569389, 758956.244245188077912 ], [ 4183097.674008864443749, 758956.244245188077912 ], [ 4183135.09852621331811, 758956.244245188077912 ], [ 4183172.52304356219247, 758956.244245188077912 ], [ 4183209.94756091106683, 758956.244245188077912 ], [ 4183247.37207825994119, 758956.244245188077912 ], [ 4183284.796595608815551, 758956.244245188077912 ], [ 4183322.221112957689911, 758956.244245188077912 ], [ 4183359.645630306564271, 758956.244245188077912 ], [ 4183397.070147655438632, 758956.244245188077912 ], [ 4183434.494665004312992, 758956.244245188077912 ], [ 4183471.919182353187352, 758956.244245188077912 ], [ 4183509.343699702061713, 758956.244245188077912 ], [ 4183535.806829702109098, 758929.781115188030526 ], [ 4183535.806829702109098, 758892.356597839156166 ], [ 4183535.806829702109098, 758854.932080490281805 ], [ 4183535.806829702109098, 758817.507563141407445 ], [ 4183562.269959702156484, 758791.044433141360059 ], [ 4183599.694477051030844, 758791.044433141360059 ], [ 4183637.118994399905205, 758791.044433141360059 ], [ 4183674.543511748779565, 758791.044433141360059 ], [ 4183701.006641748826951, 758817.507563141407445 ], [ 4183701.006641748826951, 758854.932080490281805 ], [ 4183701.006641748826951, 758892.356597839156166 ], [ 4183701.006641748826951, 758929.781115188030526 ], [ 4183701.006641748826951, 758967.205632536904886 ], [ 4183738.431159097701311, 758967.205632536904886 ], [ 4183775.855676446575671, 758967.205632536904886 ], [ 4183813.280193795450032, 758967.205632536904886 ], [ 4183850.704711144324392, 758967.205632536904886 ], [ 4183850.704711144324392, 758929.781115188030526 ], [ 4183850.704711144324392, 758892.356597839156166 ], [ 4183850.704711144324392, 758854.932080490281805 ], [ 4183850.704711144324392, 758817.507563141407445 ], [ 4183877.167841144371778, 758791.044433141360059 ], [ 4183914.592358493246138, 758791.044433141360059 ], [ 4183952.016875842120498, 758791.044433141360059 ], [ 4183989.441393190994859, 758791.044433141360059 ], [ 4184026.865910539869219, 758791.044433141360059 ], [ 4184064.290427888743579, 758791.044433141360059 ], [ 4184101.71494523761794, 758791.044433141360059 ], [ 4184139.1394625864923, 758791.044433141360059 ], [ 4184176.56397993536666, 758791.044433141360059 ], [ 4184213.988497284241021, 758791.044433141360059 ], [ 4184251.413014633115381, 758791.044433141360059 ], [ 4184288.837531981989741, 758791.044433141360059 ], [ 4184326.262049330864102, 758791.044433141360059 ], [ 4184363.686566679738462, 758791.044433141360059 ], [ 4184401.111084028612822, 758791.044433141360059 ], [ 4184438.535601377487183, 758791.044433141360059 ], [ 4184475.960118726361543, 758791.044433141360059 ], [ 4184513.384636075235903, 758791.044433141360059 ], [ 4184513.384636075235903, 758753.619915792485699 ], [ 4184513.384636075235903, 758716.195398443611339 ], [ 4184513.384636075235903, 758678.770881094736978 ], [ 4184513.384636075235903, 758641.346363745862618 ], [ 4184539.847766075283289, 758614.883233745815232 ], [ 4184577.272283424157649, 758614.883233745815232 ], [ 4184614.69680077303201, 758614.883233745815232 ], [ 4184652.12131812190637, 758614.883233745815232 ], [ 4184689.54583547078073, 758614.883233745815232 ], [ 4184726.970352819655091, 758614.883233745815232 ], [ 4184764.394870168529451, 758614.883233745815232 ], [ 4184801.819387517403811, 758614.883233745815232 ], [ 4184839.243904866278172, 758614.883233745815232 ], [ 4184876.668422215152532, 758614.883233745815232 ], [ 4184914.092939564026892, 758614.883233745815232 ], [ 4184951.517456912901253, 758614.883233745815232 ], [ 4184988.941974261775613, 758614.883233745815232 ], [ 4185026.366491610649973, 758614.883233745815232 ], [ 4185063.791008959524333, 758614.883233745815232 ], [ 4185101.215526308398694, 758614.883233745815232 ], [ 4185138.640043657273054, 758614.883233745815232 ], [ 4185176.064561006147414, 758614.883233745815232 ], [ 4185213.489078355021775, 758614.883233745815232 ], [ 4185250.913595703896135, 758614.883233745815232 ], [ 4185288.338113052770495, 758614.883233745815232 ], [ 4185325.762630401644856, 758614.883233745815232 ], [ 4185363.187147750519216, 758614.883233745815232 ], [ 4185400.611665099393576, 758614.883233745815232 ], [ 4185438.036182448267937, 758614.883233745815232 ], [ 4185475.460699797142297, 758614.883233745815232 ], [ 4185512.885217146016657, 758614.883233745815232 ], [ 4185550.309734494891018, 758614.883233745815232 ], [ 4185587.734251843765378, 758614.883233745815232 ], [ 4185625.158769192639738, 758614.883233745815232 ], [ 4185662.583286541514099, 758614.883233745815232 ], [ 4185662.583286541514099, 758652.307751094689593 ], [ 4185662.583286541514099, 758689.732268443563953 ], [ 4185662.583286541514099, 758727.156785792438313 ], [ 4185662.583286541514099, 758764.581303141312674 ], [ 4185662.583286541514099, 758802.005820490187034 ], [ 4185700.007803890388459, 758802.005820490187034 ], [ 4185737.432321239262819, 758802.005820490187034 ], [ 4185774.85683858813718, 758802.005820490187034 ], [ 4185812.28135593701154, 758802.005820490187034 ], [ 4185849.7058732858859, 758802.005820490187034 ], [ 4185887.130390634760261, 758802.005820490187034 ], [ 4185924.554907983634621, 758802.005820490187034 ], [ 4185961.979425332508981, 758802.005820490187034 ], [ 4185999.403942681383342, 758802.005820490187034 ], [ 4186025.867072681430727, 758828.46895049023442 ], [ 4186025.867072681430727, 758865.89346783910878 ], [ 4186025.867072681430727, 758903.31798518798314 ], [ 4186025.867072681430727, 758940.742502536857501 ], [ 4186052.330202681478113, 758967.205632536904886 ], [ 4186089.754720030352473, 758967.205632536904886 ], [ 4186127.179237379226834, 758967.205632536904886 ], [ 4186164.603754728101194, 758967.205632536904886 ], [ 4186164.603754728101194, 759004.630149885779247 ], [ 4186164.603754728101194, 759042.054667234653607 ], [ 4186164.603754728101194, 759079.479184583527967 ], [ 4186164.603754728101194, 759116.903701932402328 ], [ 4186202.028272076975554, 759116.903701932402328 ], [ 4186239.452789425849915, 759116.903701932402328 ], [ 4186276.877306774724275, 759116.903701932402328 ], [ 4186314.301824123598635, 759116.903701932402328 ], [ 4186340.764954123646021, 759143.366831932449713 ], [ 4186340.764954123646021, 759180.791349281324074 ], [ 4186340.764954123646021, 759218.215866630198434 ], [ 4186340.764954123646021, 759255.640383979072794 ], [ 4186340.764954123646021, 759293.064901327947155 ], [ 4186378.189471472520381, 759293.064901327947155 ], [ 4186415.613988821394742, 759293.064901327947155 ], [ 4186453.038506170269102, 759293.064901327947155 ], [ 4186479.501636170316488, 759319.52803132799454 ], [ 4186479.501636170316488, 759356.952548676868901 ], [ 4186479.501636170316488, 759394.377066025743261 ], [ 4186479.501636170316488, 759431.801583374617621 ], [ 4186505.964766170363873, 759458.264713374665007 ], [ 4186543.389283519238234, 759458.264713374665007 ], [ 4186580.813800868112594, 759458.264713374665007 ], [ 4186618.238318216986954, 759458.264713374665007 ], [ 4186655.662835565861315, 759458.264713374665007 ], [ 4186682.1259655659087, 759484.727843374712393 ], [ 4186682.1259655659087, 759522.152360723586753 ], [ 4186682.1259655659087, 759559.576878072461113 ], [ 4186682.1259655659087, 759597.001395421335474 ], [ 4186708.589095565956086, 759623.464525421382859 ], [ 4186746.013612914830446, 759623.464525421382859 ], [ 4186783.438130263704807, 759623.464525421382859 ], [ 4186820.862647612579167, 759623.464525421382859 ], [ 4186847.325777612626553, 759649.927655421430245 ], [ 4186847.325777612626553, 759687.352172770304605 ], [ 4186847.325777612626553, 759724.776690119178966 ], [ 4186847.325777612626553, 759762.201207468053326 ], [ 4186873.788907612673938, 759788.664337468100712 ], [ 4186911.213424961548299, 759788.664337468100712 ], [ 4186948.637942310422659, 759788.664337468100712 ], [ 4186986.062459659297019, 759788.664337468100712 ], [ 4186986.062459659297019, 759826.088854816975072 ], [ 4186986.062459659297019, 759863.513372165849432 ], [ 4186986.062459659297019, 759900.937889514723793 ], [ 4186986.062459659297019, 759938.362406863598153 ], [ 4187023.48697700817138, 759938.362406863598153 ], [ 4187060.91149435704574, 759938.362406863598153 ], [ 4187098.3360117059201, 759938.362406863598153 ], [ 4187135.760529054794461, 759938.362406863598153 ], [ 4187162.223659054841846, 759964.825536863645539 ], [ 4187162.223659054841846, 760002.250054212519899 ], [ 4187162.223659054841846, 760039.674571561394259 ], [ 4187162.223659054841846, 760077.09908891026862 ], [ 4187162.223659054841846, 760114.52360625914298 ], [ 4187199.648176403716207, 760114.52360625914298 ], [ 4187237.072693752590567, 760114.52360625914298 ], [ 4187274.497211101464927, 760114.52360625914298 ], [ 4187311.921728450339288, 760114.52360625914298 ], [ 4187338.384858450386673, 760140.986736259190366 ], [ 4187338.384858450386673, 760178.411253608064726 ], [ 4187338.384858450386673, 760215.835770956939086 ], [ 4187338.384858450386673, 760253.260288305813447 ], [ 4187338.384858450386673, 760290.684805654687807 ], [ 4187375.809375799261034, 760290.684805654687807 ], [ 4187413.233893148135394, 760290.684805654687807 ], [ 4187450.658410497009754, 760290.684805654687807 ], [ 4187488.082927845884115, 760290.684805654687807 ], [ 4187525.507445194758475, 760290.684805654687807 ], [ 4187562.931962543632835, 760290.684805654687807 ], [ 4187600.356479892507195, 760290.684805654687807 ], [ 4187637.780997241381556, 760290.684805654687807 ], [ 4187664.244127241428941, 760317.147935654735193 ], [ 4187664.244127241428941, 760354.572453003609553 ], [ 4187664.244127241428941, 760391.996970352483913 ], [ 4187664.244127241428941, 760429.421487701358274 ], [ 4187690.707257241476327, 760455.884617701405659 ], [ 4187728.131774590350688, 760455.884617701405659 ], [ 4187765.556291939225048, 760455.884617701405659 ], [ 4187802.980809288099408, 760455.884617701405659 ], [ 4187802.980809288099408, 760493.30913505028002 ], [ 4187802.980809288099408, 760530.73365239915438 ], [ 4187802.980809288099408, 760568.15816974802874 ], [ 4187802.980809288099408, 760605.582687096903101 ], [ 4187840.405326636973768, 760605.582687096903101 ], [ 4187877.829843985848129, 760605.582687096903101 ], [ 4187915.254361334722489, 760605.582687096903101 ], [ 4187952.678878683596849, 760605.582687096903101 ], [ 4187990.10339603247121, 760605.582687096903101 ], [ 4188027.52791338134557, 760605.582687096903101 ], [ 4188064.95243073021993, 760605.582687096903101 ], [ 4188102.376948079094291, 760605.582687096903101 ], [ 4188139.801465427968651, 760605.582687096903101 ], [ 4188166.264595428016037, 760632.045817096950486 ], [ 4188166.264595428016037, 760669.470334445824847 ], [ 4188166.264595428016037, 760706.894851794699207 ], [ 4188166.264595428016037, 760744.319369143573567 ], [ 4188166.264595428016037, 760781.743886492447928 ], [ 4188203.689112776890397, 760781.743886492447928 ], [ 4188241.113630125764757, 760781.743886492447928 ], [ 4188278.538147474639118, 760781.743886492447928 ], [ 4188315.962664823513478, 760781.743886492447928 ], [ 4188353.387182172387838, 760781.743886492447928 ], [ 4188390.811699521262199, 760781.743886492447928 ], [ 4188428.236216870136559, 760781.743886492447928 ], [ 4188465.660734219010919, 760781.743886492447928 ], [ 4188465.660734219010919, 760819.168403841322288 ], [ 4188465.660734219010919, 760856.592921190196648 ], [ 4188465.660734219010919, 760894.017438539071009 ], [ 4188465.660734219010919, 760931.441955887945369 ], [ 4188503.08525156788528, 760931.441955887945369 ], [ 4188540.50976891675964, 760931.441955887945369 ], [ 4188577.934286265634, 760931.441955887945369 ], [ 4188615.358803614508361, 760931.441955887945369 ], [ 4188652.783320963382721, 760931.441955887945369 ], [ 4188690.207838312257081, 760931.441955887945369 ], [ 4188727.632355661131442, 760931.441955887945369 ], [ 4188765.056873010005802, 760931.441955887945369 ], [ 4188802.481390358880162, 760931.441955887945369 ], [ 4188839.905907707754523, 760931.441955887945369 ], [ 4188877.330425056628883, 760931.441955887945369 ], [ 4188914.754942405503243, 760931.441955887945369 ], [ 4188952.179459754377604, 760931.441955887945369 ], [ 4188989.603977103251964, 760931.441955887945369 ], [ 4189027.028494452126324, 760931.441955887945369 ], [ 4189064.453011801000684, 760931.441955887945369 ], [ 4189101.877529149875045, 760931.441955887945369 ], [ 4189139.302046498749405, 760931.441955887945369 ], [ 4189176.726563847623765, 760931.441955887945369 ], [ 4189214.151081196498126, 760931.441955887945369 ], [ 4189251.575598545372486, 760931.441955887945369 ], [ 4189289.000115894246846, 760931.441955887945369 ], [ 4189326.424633243121207, 760931.441955887945369 ], [ 4189363.849150591995567, 760931.441955887945369 ], [ 4189401.273667940869927, 760931.441955887945369 ], [ 4189438.698185289744288, 760931.441955887945369 ], [ 4189465.161315289791673, 760957.905085887992755 ], [ 4189465.161315289791673, 760995.329603236867115 ], [ 4189465.161315289791673, 761032.754120585741475 ], [ 4189465.161315289791673, 761070.178637934615836 ], [ 4189465.161315289791673, 761107.603155283490196 ], [ 4189502.585832638666034, 761107.603155283490196 ], [ 4189540.010349987540394, 761107.603155283490196 ], [ 4189577.434867336414754, 761107.603155283490196 ], [ 4189614.859384685289115, 761107.603155283490196 ], [ 4189652.283902034163475, 761107.603155283490196 ], [ 4189689.708419383037835, 761107.603155283490196 ], [ 4189727.132936731912196, 761107.603155283490196 ], [ 4189764.557454080786556, 761107.603155283490196 ], [ 4189801.981971429660916, 761107.603155283490196 ], [ 4189839.406488778535277, 761107.603155283490196 ], [ 4189876.831006127409637, 761107.603155283490196 ], [ 4189914.255523476283997, 761107.603155283490196 ], [ 4189951.680040825158358, 761107.603155283490196 ], [ 4189989.104558174032718, 761107.603155283490196 ], [ 4190026.529075522907078, 761107.603155283490196 ], [ 4190063.953592871781439, 761107.603155283490196 ], [ 4190101.378110220655799, 761107.603155283490196 ], [ 4190127.841240220703185, 761134.066285283537582 ], [ 4190127.841240220703185, 761171.490802632411942 ], [ 4190127.841240220703185, 761208.915319981286302 ], [ 4190127.841240220703185, 761246.339837330160663 ], [ 4190127.841240220703185, 761283.764354679035023 ], [ 4190165.265757569577545, 761283.764354679035023 ], [ 4190202.690274918451905, 761283.764354679035023 ], [ 4190240.114792267326266, 761283.764354679035023 ], [ 4190266.577922267373651, 761310.227484679082409 ], [ 4190266.577922267373651, 761347.652002027956769 ], [ 4190266.577922267373651, 761385.076519376831129 ], [ 4190266.577922267373651, 761422.50103672570549 ], [ 4190293.041052267421037, 761448.964166725752875 ], [ 4190330.465569616295397, 761448.964166725752875 ], [ 4190367.890086965169758, 761448.964166725752875 ], [ 4190405.314604314044118, 761448.964166725752875 ], [ 4190442.739121662918478, 761448.964166725752875 ], [ 4190480.163639011792839, 761448.964166725752875 ], [ 4190517.588156360667199, 761448.964166725752875 ], [ 4190555.012673709541559, 761448.964166725752875 ], [ 4190592.43719105841592, 761448.964166725752875 ], [ 4190618.900321058463305, 761475.427296725800261 ], [ 4190618.900321058463305, 761512.851814074674621 ], [ 4190618.900321058463305, 761550.276331423548982 ], [ 4190618.900321058463305, 761587.700848772423342 ], [ 4190645.363451058510691, 761614.163978772470728 ], [ 4190682.787968407385051, 761614.163978772470728 ], [ 4190720.212485756259412, 761614.163978772470728 ], [ 4190757.637003105133772, 761614.163978772470728 ], [ 4190784.100133105181158, 761640.627108772518113 ], [ 4190784.100133105181158, 761678.051626121392474 ], [ 4190784.100133105181158, 761715.476143470266834 ], [ 4190784.100133105181158, 761752.900660819141194 ], [ 4190784.100133105181158, 761790.325178168015555 ], [ 4190784.100133105181158, 761827.749695516889915 ], [ 4190784.100133105181158, 761865.174212865764275 ], [ 4190784.100133105181158, 761902.598730214638636 ], [ 4190784.100133105181158, 761940.023247563512996 ], [ 4190821.524650454055518, 761940.023247563512996 ], [ 4190858.949167802929878, 761940.023247563512996 ], [ 4190896.373685151804239, 761940.023247563512996 ], [ 4190933.798202500678599, 761940.023247563512996 ], [ 4190933.798202500678599, 761977.447764912387356 ], [ 4190933.798202500678599, 762014.872282261261716 ], [ 4190933.798202500678599, 762052.296799610136077 ], [ 4190933.798202500678599, 762089.721316959010437 ], [ 4190933.798202500678599, 762127.145834307884797 ], [ 4190933.798202500678599, 762164.570351656759158 ], [ 4190933.798202500678599, 762201.994869005633518 ], [ 4190933.798202500678599, 762239.419386354507878 ], [ 4190933.798202500678599, 762276.843903703382239 ], [ 4190933.798202500678599, 762314.268421052256599 ], [ 4190933.798202500678599, 762351.692938401130959 ], [ 4190933.798202500678599, 762389.11745575000532 ], [ 4190933.798202500678599, 762426.54197309887968 ], [ 4190933.798202500678599, 762463.96649044775404 ], [ 4190933.798202500678599, 762501.391007796628401 ], [ 4190933.798202500678599, 762538.815525145502761 ], [ 4190933.798202500678599, 762576.240042494377121 ], [ 4190933.798202500678599, 762613.664559843251482 ], [ 4190933.798202500678599, 762651.089077192125842 ], [ 4190933.798202500678599, 762688.513594541000202 ], [ 4190933.798202500678599, 762725.938111889874563 ], [ 4190933.798202500678599, 762763.362629238748923 ], [ 4190971.222719849552959, 762763.362629238748923 ], [ 4191008.64723719842732, 762763.362629238748923 ], [ 4191046.07175454730168, 762763.362629238748923 ], [ 4191083.49627189617604, 762763.362629238748923 ], [ 4191083.49627189617604, 762800.787146587623283 ], [ 4191083.49627189617604, 762838.211663936497644 ], [ 4191083.49627189617604, 762875.636181285372004 ], [ 4191083.49627189617604, 762913.060698634246364 ], [ 4191120.9207892450504, 762913.060698634246364 ], [ 4191158.345306593924761, 762913.060698634246364 ], [ 4191195.769823942799121, 762913.060698634246364 ], [ 4191233.194341291673481, 762913.060698634246364 ], [ 4191270.618858640547842, 762913.060698634246364 ], [ 4191270.618858640547842, 762950.485215983120725 ], [ 4191270.618858640547842, 762987.909733331995085 ], [ 4191270.618858640547842, 763025.334250680869445 ], [ 4191270.618858640547842, 763062.758768029743806 ], [ 4191270.618858640547842, 763100.183285378618166 ], [ 4191270.618858640547842, 763137.607802727492526 ], [ 4191270.618858640547842, 763175.032320076366886 ], [ 4191270.618858640547842, 763212.456837425241247 ], [ 4191270.618858640547842, 763249.881354774115607 ], [ 4191308.043375989422202, 763249.881354774115607 ], [ 4191345.467893338296562, 763249.881354774115607 ], [ 4191382.892410687170923, 763249.881354774115607 ], [ 4191420.316928036045283, 763249.881354774115607 ], [ 4191446.780058036092669, 763276.344484774162993 ], [ 4191446.780058036092669, 763313.769002123037353 ], [ 4191446.780058036092669, 763351.193519471911713 ], [ 4191446.780058036092669, 763388.618036820786074 ], [ 4191446.780058036092669, 763426.042554169660434 ], [ 4191446.780058036092669, 763463.467071518534794 ], [ 4191446.780058036092669, 763500.891588867409155 ], [ 4191446.780058036092669, 763538.316106216283515 ], [ 4191446.780058036092669, 763575.740623565157875 ], [ 4191484.204575384967029, 763575.740623565157875 ], [ 4191521.629092733841389, 763575.740623565157875 ], [ 4191559.05361008271575, 763575.740623565157875 ], [ 4191596.47812743159011, 763575.740623565157875 ], [ 4191596.47812743159011, 763613.165140914032236 ], [ 4191596.47812743159011, 763650.589658262906596 ], [ 4191596.47812743159011, 763688.014175611780956 ], [ 4191596.47812743159011, 763725.438692960655317 ], [ 4191596.47812743159011, 763762.863210309529677 ], [ 4191596.47812743159011, 763800.287727658404037 ], [ 4191596.47812743159011, 763837.712245007278398 ], [ 4191596.47812743159011, 763875.136762356152758 ], [ 4191596.47812743159011, 763912.561279705027118 ], [ 4191633.90264478046447, 763912.561279705027118 ], [ 4191671.327162129338831, 763912.561279705027118 ], [ 4191708.751679478213191, 763912.561279705027118 ], [ 4191746.176196827087551, 763912.561279705027118 ], [ 4191746.176196827087551, 763949.985797053901479 ], [ 4191746.176196827087551, 763987.410314402775839 ], [ 4191746.176196827087551, 764024.834831751650199 ], [ 4191746.176196827087551, 764062.25934910052456 ], [ 4191746.176196827087551, 764099.68386644939892 ], [ 4191746.176196827087551, 764137.10838379827328 ], [ 4191746.176196827087551, 764174.532901147147641 ], [ 4191746.176196827087551, 764211.957418496022001 ], [ 4191746.176196827087551, 764249.381935844896361 ], [ 4191783.600714175961912, 764249.381935844896361 ], [ 4191821.025231524836272, 764249.381935844896361 ], [ 4191858.449748873710632, 764249.381935844896361 ], [ 4191895.874266222584993, 764249.381935844896361 ], [ 4191933.298783571459353, 764249.381935844896361 ], [ 4191933.298783571459353, 764286.806453193770722 ], [ 4191933.298783571459353, 764324.230970542645082 ], [ 4191933.298783571459353, 764361.655487891519442 ], [ 4191933.298783571459353, 764399.080005240393803 ], [ 4191933.298783571459353, 764436.504522589268163 ], [ 4191933.298783571459353, 764473.929039938142523 ], [ 4191933.298783571459353, 764511.353557287016883 ], [ 4191933.298783571459353, 764548.778074635891244 ], [ 4191933.298783571459353, 764586.202591984765604 ], [ 4191933.298783571459353, 764623.627109333639964 ], [ 4191933.298783571459353, 764661.051626682514325 ], [ 4191933.298783571459353, 764698.476144031388685 ], [ 4191933.298783571459353, 764735.900661380263045 ], [ 4191970.723300920333713, 764735.900661380263045 ], [ 4192008.147818269208074, 764735.900661380263045 ], [ 4192045.572335618082434, 764735.900661380263045 ], [ 4192082.996852966956794, 764735.900661380263045 ], [ 4192109.45998296700418, 764762.363791380310431 ], [ 4192109.45998296700418, 764799.788308729184791 ], [ 4192109.45998296700418, 764837.212826078059152 ], [ 4192109.45998296700418, 764874.637343426933512 ], [ 4192109.45998296700418, 764912.061860775807872 ], [ 4192109.45998296700418, 764949.486378124682233 ], [ 4192109.45998296700418, 764986.910895473556593 ], [ 4192109.45998296700418, 765024.335412822430953 ], [ 4192109.45998296700418, 765061.759930171305314 ], [ 4192109.45998296700418, 765099.184447520179674 ], [ 4192109.45998296700418, 765136.608964869054034 ], [ 4192109.45998296700418, 765174.033482217928395 ], [ 4192109.45998296700418, 765211.457999566802755 ], [ 4192109.45998296700418, 765248.882516915677115 ], [ 4192146.88450031587854, 765248.882516915677115 ], [ 4192184.309017664752901, 765248.882516915677115 ], [ 4192221.733535013627261, 765248.882516915677115 ], [ 4192248.196665013674647, 765275.345646915724501 ], [ 4192248.196665013674647, 765312.770164264598861 ], [ 4192248.196665013674647, 765350.194681613473222 ], [ 4192248.196665013674647, 765387.619198962347582 ], [ 4192248.196665013674647, 765425.043716311221942 ], [ 4192248.196665013674647, 765462.468233660096303 ], [ 4192248.196665013674647, 765499.892751008970663 ], [ 4192248.196665013674647, 765537.317268357845023 ], [ 4192248.196665013674647, 765574.741785706719384 ], [ 4192285.621182362549007, 765574.741785706719384 ], [ 4192323.045699711423367, 765574.741785706719384 ], [ 4192360.470217060297728, 765574.741785706719384 ], [ 4192397.894734409172088, 765574.741785706719384 ], [ 4192424.357864409219474, 765601.204915706766769 ], [ 4192424.357864409219474, 765638.62943305564113 ], [ 4192424.357864409219474, 765676.05395040451549 ], [ 4192424.357864409219474, 765713.47846775338985 ], [ 4192450.820994409266859, 765739.941597753437236 ], [ 4192488.24551175814122, 765739.941597753437236 ], [ 4192525.67002910701558, 765739.941597753437236 ], [ 4192563.09454645588994, 765739.941597753437236 ], [ 4192589.557676455937326, 765766.404727753484622 ], [ 4192589.557676455937326, 765803.829245102358982 ], [ 4192589.557676455937326, 765841.253762451233342 ], [ 4192589.557676455937326, 765878.678279800107703 ], [ 4192589.557676455937326, 765916.102797148982063 ], [ 4192589.557676455937326, 765953.527314497856423 ], [ 4192589.557676455937326, 765990.951831846730784 ], [ 4192589.557676455937326, 766028.376349195605144 ], [ 4192589.557676455937326, 766065.800866544479504 ], [ 4192589.557676455937326, 766103.225383893353865 ], [ 4192589.557676455937326, 766140.649901242228225 ], [ 4192589.557676455937326, 766178.074418591102585 ], [ 4192589.557676455937326, 766215.498935939976946 ], [ 4192589.557676455937326, 766252.923453288851306 ], [ 4192552.133159107062966, 766252.923453288851306 ], [ 4192514.708641758188605, 766252.923453288851306 ], [ 4192477.284124409314245, 766252.923453288851306 ], [ 4192439.859607060439885, 766252.923453288851306 ], [ 4192413.396477060392499, 766279.386583288898692 ], [ 4192413.396477060392499, 766316.811100637773052 ], [ 4192413.396477060392499, 766354.235617986647412 ], [ 4192413.396477060392499, 766391.660135335521773 ], [ 4192386.933347060345113, 766418.123265335569158 ], [ 4192349.508829711470753, 766418.123265335569158 ], [ 4192312.084312362596393, 766418.123265335569158 ], [ 4192274.659795013722032, 766418.123265335569158 ], [ 4192237.235277664847672, 766418.123265335569158 ], [ 4192199.810760315973312, 766418.123265335569158 ], [ 4192162.386242967098951, 766418.123265335569158 ], [ 4192124.961725618224591, 766418.123265335569158 ], [ 4192098.498595618177205, 766444.586395335616544 ], [ 4192098.498595618177205, 766482.010912684490904 ], [ 4192098.498595618177205, 766519.435430033365265 ], [ 4192098.498595618177205, 766556.859947382239625 ], [ 4192072.03546561812982, 766583.323077382287011 ], [ 4192034.610948269255459, 766583.323077382287011 ], [ 4191997.186430920381099, 766583.323077382287011 ], [ 4191959.761913571506739, 766583.323077382287011 ], [ 4191933.298783571459353, 766609.786207382334396 ], [ 4191933.298783571459353, 766647.210724731208757 ], [ 4191933.298783571459353, 766684.635242080083117 ], [ 4191933.298783571459353, 766722.059759428957477 ], [ 4191933.298783571459353, 766759.484276777831838 ], [ 4191933.298783571459353, 766796.908794126706198 ], [ 4191933.298783571459353, 766834.333311475580558 ], [ 4191933.298783571459353, 766871.757828824454919 ], [ 4191959.761913571506739, 766898.220958824502304 ], [ 4191997.186430920381099, 766898.220958824502304 ], [ 4192034.610948269255459, 766898.220958824502304 ], [ 4192072.03546561812982, 766898.220958824502304 ], [ 4192098.498595618177205, 766924.68408882454969 ], [ 4192098.498595618177205, 766962.10860617342405 ], [ 4192098.498595618177205, 766999.533123522298411 ], [ 4192098.498595618177205, 767036.957640871172771 ], [ 4192098.498595618177205, 767074.382158220047131 ], [ 4192098.498595618177205, 767111.806675568921492 ], [ 4192098.498595618177205, 767149.231192917795852 ], [ 4192098.498595618177205, 767186.655710266670212 ], [ 4192098.498595618177205, 767224.080227615544572 ], [ 4192135.923112967051566, 767224.080227615544572 ], [ 4192173.347630315925926, 767224.080227615544572 ], [ 4192210.772147664800286, 767224.080227615544572 ], [ 4192248.196665013674647, 767224.080227615544572 ], [ 4192248.196665013674647, 767261.504744964418933 ], [ 4192248.196665013674647, 767298.929262313293293 ], [ 4192248.196665013674647, 767336.353779662167653 ], [ 4192248.196665013674647, 767373.778297011042014 ], [ 4192248.196665013674647, 767411.202814359916374 ], [ 4192248.196665013674647, 767448.627331708790734 ], [ 4192248.196665013674647, 767486.051849057665095 ], [ 4192248.196665013674647, 767523.476366406539455 ], [ 4192248.196665013674647, 767560.900883755413815 ], [ 4192248.196665013674647, 767598.325401104288176 ], [ 4192248.196665013674647, 767635.749918453162536 ], [ 4192248.196665013674647, 767673.174435802036896 ], [ 4192248.196665013674647, 767710.598953150911257 ], [ 4192221.733535013627261, 767737.062083150958642 ], [ 4192184.309017664752901, 767737.062083150958642 ], [ 4192146.88450031587854, 767737.062083150958642 ], [ 4192109.45998296700418, 767737.062083150958642 ], [ 4192109.45998296700418, 767774.486600499833003 ], [ 4192109.45998296700418, 767811.911117848707363 ], [ 4192109.45998296700418, 767849.335635197581723 ], [ 4192109.45998296700418, 767886.760152546456084 ], [ 4192109.45998296700418, 767924.184669895330444 ], [ 4192109.45998296700418, 767961.609187244204804 ], [ 4192109.45998296700418, 767999.033704593079165 ], [ 4192109.45998296700418, 768036.458221941953525 ], [ 4192109.45998296700418, 768073.882739290827885 ], [ 4192109.45998296700418, 768111.307256639702246 ], [ 4192109.45998296700418, 768148.731773988576606 ], [ 4192109.45998296700418, 768186.156291337450966 ], [ 4192109.45998296700418, 768223.580808686325327 ], [ 4192109.45998296700418, 768261.005326035199687 ], [ 4192109.45998296700418, 768298.429843384074047 ], [ 4192109.45998296700418, 768335.854360732948408 ], [ 4192109.45998296700418, 768373.278878081822768 ], [ 4192082.996852966956794, 768399.742008081870154 ], [ 4192045.572335618082434, 768399.742008081870154 ], [ 4192008.147818269208074, 768399.742008081870154 ], [ 4191970.723300920333713, 768399.742008081870154 ], [ 4191933.298783571459353, 768399.742008081870154 ], [ 4191933.298783571459353, 768437.166525430744514 ], [ 4191933.298783571459353, 768474.591042779618874 ], [ 4191933.298783571459353, 768512.015560128493235 ], [ 4191933.298783571459353, 768549.440077477367595 ], [ 4191906.835653571411967, 768575.903207477414981 ], [ 4191869.411136222537607, 768575.903207477414981 ], [ 4191831.986618873663247, 768575.903207477414981 ], [ 4191794.562101524788886, 768575.903207477414981 ], [ 4191757.137584175914526, 768575.903207477414981 ], [ 4191757.137584175914526, 768613.327724826289341 ], [ 4191757.137584175914526, 768650.752242175163701 ], [ 4191757.137584175914526, 768688.176759524038061 ], [ 4191757.137584175914526, 768725.601276872912422 ], [ 4191757.137584175914526, 768763.025794221786782 ], [ 4191757.137584175914526, 768800.450311570661142 ], [ 4191757.137584175914526, 768837.874828919535503 ], [ 4191757.137584175914526, 768875.299346268409863 ], [ 4191757.137584175914526, 768912.723863617284223 ], [ 4191757.137584175914526, 768950.148380966158584 ], [ 4191757.137584175914526, 768987.572898315032944 ], [ 4191757.137584175914526, 769024.997415663907304 ], [ 4191783.600714175961912, 769051.46054566395469 ], [ 4191821.025231524836272, 769051.46054566395469 ], [ 4191858.449748873710632, 769051.46054566395469 ], [ 4191895.874266222584993, 769051.46054566395469 ], [ 4191933.298783571459353, 769051.46054566395469 ], [ 4191933.298783571459353, 769088.88506301282905 ], [ 4191933.298783571459353, 769126.309580361703411 ], [ 4191933.298783571459353, 769163.734097710577771 ], [ 4191933.298783571459353, 769201.158615059452131 ], [ 4191933.298783571459353, 769238.583132408326492 ], [ 4191933.298783571459353, 769276.007649757200852 ], [ 4191933.298783571459353, 769313.432167106075212 ], [ 4191933.298783571459353, 769350.856684454949573 ], [ 4191933.298783571459353, 769388.281201803823933 ], [ 4191933.298783571459353, 769425.705719152698293 ], [ 4191933.298783571459353, 769463.130236501572654 ], [ 4191933.298783571459353, 769500.554753850447014 ], [ 4191933.298783571459353, 769537.979271199321374 ], [ 4191906.835653571411967, 769564.44240119936876 ], [ 4191958.98726551560685, 769961.410669586388394 ], [ 4192093.958240315783769, 770531.05882022366859 ], [ 4192093.958240315783769, 770568.483337572542951 ], [ 4192093.958240315783769, 770605.907854921417311 ], [ 4192093.958240315783769, 770643.332372270291671 ], [ 4192093.958240315783769, 770680.756889619166031 ], [ 4192093.958240315783769, 770718.181406968040392 ], [ 4191932.171579286921769, 771418.396288014948368 ], [ 4191768.098971524741501, 772204.20071357418783 ], [ 4191655.076154923532158, 772678.733540766057558 ], [ 4191369.042168483138084, 773349.125696484697983 ], [ 4191100.878691291436553, 773657.335858133854344 ] ] ] } }
]
}
