{
"type": "FeatureCollection",
"name": "Kitlu_Kara",
"crs": { "type": "name", "properties": { "name": "urn:ogc:def:crs:EPSG::3857" } },
"features": [
{ "type": "Feature", "properties": { }, "geometry": { "type": "Polygon", "coordinates": [ [ [ 3937853.900799046270549, 1078134.728320521069691 ], [ 3938336.266835934016854, 1078304.821919166715816 ], [ 3939124.653586172033101, 1078541.337944238213822 ], [ 3939563.897632733453065, 1078744.06596572813578 ], [ 3939991.8790114345029, 1078935.531319357454777 ], [ 3940138.293693621642888, 1079070.683333683991805 ], [ 3940158.961140527389944, 1079293.007681592134759 ], [ 3940165.919165886007249, 1079367.856716289883479 ], [ 3940165.919165886007249, 1079405.28123363875784 ], [ 3940165.919165886007249, 1079442.7057509876322 ], [ 3940165.919165886007249, 1079480.13026833650656 ], [ 3940165.919165886007249, 1079517.554785685380921 ], [ 3940165.919165886007249, 1079554.979303034255281 ], [ 3940165.919165886007249, 1079592.403820383129641 ], [ 3940165.919165886007249, 1079629.828337732004002 ], [ 3940165.919165886007249, 1079667.252855080878362 ], [ 3940165.919165886007249, 1079704.677372429752722 ], [ 3940165.919165886007249, 1079742.101889778627083 ], [ 3940165.919165886007249, 1079779.526407127501443 ], [ 3940165.919165886007249, 1079816.950924476375803 ], [ 3940165.919165886007249, 1079854.375441825250164 ], [ 3940165.919165886007249, 1079891.799959174124524 ], [ 3940165.919165886007249, 1079929.224476522998884 ], [ 3940165.919165886007249, 1079966.648993871873245 ], [ 3940165.919165886007249, 1080004.073511220747605 ], [ 3940165.919165886007249, 1080041.498028569621965 ], [ 3940165.919165886007249, 1080078.922545918496326 ], [ 3940165.919165886007249, 1080116.347063267370686 ], [ 3940165.919165886007249, 1080153.771580616245046 ], [ 3940128.494648537132889, 1080153.771580616245046 ], [ 3940091.070131188258529, 1080153.771580616245046 ], [ 3940053.645613839384168, 1080153.771580616245046 ], [ 3940016.221096490509808, 1080153.771580616245046 ], [ 3940016.221096490509808, 1080191.196097965119407 ], [ 3940016.221096490509808, 1080228.620615313993767 ], [ 3940016.221096490509808, 1080266.045132662868127 ], [ 3940016.221096490509808, 1080303.469650011742488 ], [ 3940016.221096490509808, 1080340.894167360616848 ], [ 3940016.221096490509808, 1080378.318684709491208 ], [ 3940016.221096490509808, 1080415.743202058365569 ], [ 3940016.221096490509808, 1080453.167719407239929 ], [ 3940016.221096490509808, 1080490.592236756114289 ], [ 3940016.221096490509808, 1080528.016754104988649 ], [ 3940016.221096490509808, 1080565.44127145386301 ], [ 3940016.221096490509808, 1080602.86578880273737 ], [ 3940016.221096490509808, 1080640.29030615161173 ], [ 3940016.221096490509808, 1080677.714823500486091 ], [ 3940016.221096490509808, 1080715.139340849360451 ], [ 3940016.221096490509808, 1080752.563858198234811 ], [ 3940016.221096490509808, 1080789.988375547109172 ], [ 3940016.221096490509808, 1080827.412892895983532 ], [ 3940016.221096490509808, 1080864.837410244857892 ], [ 3940016.221096490509808, 1080902.261927593732253 ], [ 3940016.221096490509808, 1080939.686444942606613 ], [ 3940042.684226490557194, 1080966.149574942653999 ], [ 3940080.108743839431554, 1080966.149574942653999 ], [ 3940117.533261188305914, 1080966.149574942653999 ], [ 3940154.957778537180275, 1080966.149574942653999 ], [ 3940181.42090853722766, 1080992.612704942701384 ], [ 3940181.42090853722766, 1081030.037222291575745 ], [ 3940181.42090853722766, 1081067.461739640450105 ], [ 3940181.42090853722766, 1081104.886256989324465 ], [ 3940181.42090853722766, 1081142.310774338198826 ], [ 3940143.9963911883533, 1081142.310774338198826 ], [ 3940106.57187383947894, 1081142.310774338198826 ], [ 3940069.147356490604579, 1081142.310774338198826 ], [ 3940031.722839141730219, 1081142.310774338198826 ], [ 3940005.259709141682833, 1081168.773904338246211 ], [ 3940005.259709141682833, 1081206.198421687120572 ], [ 3940005.259709141682833, 1081243.622939035994932 ], [ 3940005.259709141682833, 1081281.047456384869292 ], [ 3940005.259709141682833, 1081318.471973733743653 ], [ 3940005.259709141682833, 1081355.896491082618013 ], [ 3940005.259709141682833, 1081393.321008431492373 ], [ 3940005.259709141682833, 1081430.745525780366734 ], [ 3940005.259709141682833, 1081468.170043129241094 ], [ 3940005.259709141682833, 1081505.594560478115454 ], [ 3940005.259709141682833, 1081543.019077826989815 ], [ 3940005.259709141682833, 1081580.443595175864175 ], [ 3940005.259709141682833, 1081617.868112524738535 ], [ 3940005.259709141682833, 1081655.292629873612896 ], [ 3940005.259709141682833, 1081692.717147222487256 ], [ 3940005.259709141682833, 1081730.141664571361616 ], [ 3940005.259709141682833, 1081767.566181920235977 ], [ 3940005.259709141682833, 1081804.990699269110337 ], [ 3940005.259709141682833, 1081842.415216617984697 ], [ 3940005.259709141682833, 1081879.839733966859058 ], [ 3940005.259709141682833, 1081917.264251315733418 ], [ 3940005.259709141682833, 1081954.688768664607778 ], [ 3940005.259709141682833, 1081992.113286013482139 ], [ 3940005.259709141682833, 1082029.537803362356499 ], [ 3940005.259709141682833, 1082066.962320711230859 ], [ 3940005.259709141682833, 1082104.386838060105219 ], [ 3939978.796579141635448, 1082130.849968060152605 ], [ 3939941.372061792761087, 1082130.849968060152605 ], [ 3939903.947544443886727, 1082130.849968060152605 ], [ 3939866.523027095012367, 1082130.849968060152605 ], [ 3939866.523027095012367, 1082168.274485409026965 ], [ 3939866.523027095012367, 1082205.699002757901326 ], [ 3939866.523027095012367, 1082243.123520106775686 ], [ 3939866.523027095012367, 1082280.548037455650046 ], [ 3939866.523027095012367, 1082317.972554804524407 ], [ 3939866.523027095012367, 1082355.397072153398767 ], [ 3939866.523027095012367, 1082392.821589502273127 ], [ 3939866.523027095012367, 1082430.246106851147488 ], [ 3939866.523027095012367, 1082467.670624200021848 ], [ 3939866.523027095012367, 1082505.095141548896208 ], [ 3939866.523027095012367, 1082542.519658897770569 ], [ 3939866.523027095012367, 1082579.944176246644929 ], [ 3939866.523027095012367, 1082617.368693595519289 ], [ 3939840.059897094964981, 1082643.831823595566675 ], [ 3939802.635379746090621, 1082643.831823595566675 ], [ 3939765.21086239721626, 1082643.831823595566675 ], [ 3939727.7863450483419, 1082643.831823595566675 ], [ 3939690.36182769946754, 1082643.831823595566675 ], [ 3939690.36182769946754, 1082681.256340944441035 ], [ 3939690.36182769946754, 1082718.680858293315396 ], [ 3939690.36182769946754, 1082756.105375642189756 ], [ 3939690.36182769946754, 1082793.529892991064116 ], [ 3939690.36182769946754, 1082830.954410339938477 ], [ 3939690.36182769946754, 1082868.378927688812837 ], [ 3939690.36182769946754, 1082905.803445037687197 ], [ 3939690.36182769946754, 1082943.227962386561558 ], [ 3939690.36182769946754, 1082980.652479735435918 ], [ 3939690.36182769946754, 1083018.076997084310278 ], [ 3939690.36182769946754, 1083055.501514433184639 ], [ 3939690.36182769946754, 1083092.926031782058999 ], [ 3939690.36182769946754, 1083130.350549130933359 ], [ 3939652.937310350593179, 1083130.350549130933359 ], [ 3939615.512793001718819, 1083130.350549130933359 ], [ 3939578.088275652844459, 1083130.350549130933359 ], [ 3939540.663758303970098, 1083130.350549130933359 ], [ 3939503.239240955095738, 1083130.350549130933359 ], [ 3939503.239240955095738, 1083167.77506647980772 ], [ 3939503.239240955095738, 1083205.19958382868208 ], [ 3939503.239240955095738, 1083242.62410117755644 ], [ 3939503.239240955095738, 1083280.048618526430801 ], [ 3939503.239240955095738, 1083317.473135875305161 ], [ 3939503.239240955095738, 1083354.897653224179521 ], [ 3939503.239240955095738, 1083392.322170573053882 ], [ 3939503.239240955095738, 1083429.746687921928242 ], [ 3939503.239240955095738, 1083467.171205270802602 ], [ 3939503.239240955095738, 1083504.595722619676962 ], [ 3939503.239240955095738, 1083542.020239968551323 ], [ 3939503.239240955095738, 1083579.444757317425683 ], [ 3939503.239240955095738, 1083616.869274666300043 ], [ 3939465.814723606221378, 1083616.869274666300043 ], [ 3939428.390206257347018, 1083616.869274666300043 ], [ 3939390.965688908472657, 1083616.869274666300043 ], [ 3939353.541171559598297, 1083616.869274666300043 ], [ 3939353.541171559598297, 1083654.293792015174404 ], [ 3939353.541171559598297, 1083691.718309364048764 ], [ 3939353.541171559598297, 1083729.142826712923124 ], [ 3939353.541171559598297, 1083766.567344061797485 ], [ 3939353.541171559598297, 1083803.991861410671845 ], [ 3939353.541171559598297, 1083841.416378759546205 ], [ 3939353.541171559598297, 1083878.840896108420566 ], [ 3939353.541171559598297, 1083916.265413457294926 ], [ 3939353.541171559598297, 1083953.689930806169286 ], [ 3939353.541171559598297, 1083991.114448155043647 ], [ 3939353.541171559598297, 1084028.538965503918007 ], [ 3939353.541171559598297, 1084065.963482852792367 ], [ 3939353.541171559598297, 1084103.388000201666728 ], [ 3939327.078041559550911, 1084129.851130201714113 ], [ 3939289.653524210676551, 1084129.851130201714113 ], [ 3939252.229006861802191, 1084129.851130201714113 ], [ 3939214.80448951292783, 1084129.851130201714113 ], [ 3939188.341359512880445, 1084156.314260201761499 ], [ 3939188.341359512880445, 1084193.738777550635859 ], [ 3939188.341359512880445, 1084231.16329489951022 ], [ 3939188.341359512880445, 1084268.58781224838458 ], [ 3939188.341359512880445, 1084306.01232959725894 ], [ 3939188.341359512880445, 1084343.436846946133301 ], [ 3939188.341359512880445, 1084380.861364295007661 ], [ 3939188.341359512880445, 1084418.285881643882021 ], [ 3939188.341359512880445, 1084455.710398992756382 ], [ 3939188.341359512880445, 1084493.134916341630742 ], [ 3939188.341359512880445, 1084530.559433690505102 ], [ 3939188.341359512880445, 1084567.983951039379463 ], [ 3939188.341359512880445, 1084605.408468388253823 ], [ 3939188.341359512880445, 1084642.832985737128183 ], [ 3939188.341359512880445, 1084680.257503086002544 ], [ 3939188.341359512880445, 1084717.682020434876904 ], [ 3939188.341359512880445, 1084755.106537783751264 ], [ 3939188.341359512880445, 1084792.531055132625625 ], [ 3939188.341359512880445, 1084829.955572481499985 ], [ 3939188.341359512880445, 1084867.380089830374345 ], [ 3939188.341359512880445, 1084904.804607179248706 ], [ 3939214.80448951292783, 1084931.267737179296091 ], [ 3939252.229006861802191, 1084931.267737179296091 ], [ 3939289.653524210676551, 1084931.267737179296091 ], [ 3939327.078041559550911, 1084931.267737179296091 ], [ 3939353.541171559598297, 1084957.730867179343477 ], [ 3939353.541171559598297, 1084995.155384528217837 ], [ 3939353.541171559598297, 1085032.579901877092198 ], [ 3939353.541171559598297, 1085070.004419225966558 ], [ 3939353.541171559598297, 1085107.428936574840918 ], [ 3939353.541171559598297, 1085144.853453923715279 ], [ 3939353.541171559598297, 1085182.277971272589639 ], [ 3939353.541171559598297, 1085219.702488621463999 ], [ 3939353.541171559598297, 1085257.127005970338359 ], [ 3939353.541171559598297, 1085294.55152331921272 ], [ 3939353.541171559598297, 1085331.97604066808708 ], [ 3939353.541171559598297, 1085369.40055801696144 ], [ 3939353.541171559598297, 1085406.825075365835801 ], [ 3939380.004301559645683, 1085433.288205365883186 ], [ 3939417.428818908520043, 1085433.288205365883186 ], [ 3939454.853336257394403, 1085433.288205365883186 ], [ 3939492.277853606268764, 1085433.288205365883186 ], [ 3939518.740983606316149, 1085459.751335365930572 ], [ 3939518.740983606316149, 1085497.175852714804932 ], [ 3939518.740983606316149, 1085534.600370063679293 ], [ 3939518.740983606316149, 1085572.024887412553653 ], [ 3939518.740983606316149, 1085609.449404761428013 ], [ 3939518.740983606316149, 1085646.873922110302374 ], [ 3939518.740983606316149, 1085684.298439459176734 ], [ 3939518.740983606316149, 1085721.722956808051094 ], [ 3939518.740983606316149, 1085759.147474156925455 ], [ 3939518.740983606316149, 1085796.571991505799815 ], [ 3939518.740983606316149, 1085833.996508854674175 ], [ 3939518.740983606316149, 1085871.421026203548536 ], [ 3939518.740983606316149, 1085908.845543552422896 ], [ 3939556.16550095519051, 1085908.845543552422896 ], [ 3939593.59001830406487, 1085908.845543552422896 ], [ 3939631.01453565293923, 1085908.845543552422896 ], [ 3939668.439053001813591, 1085908.845543552422896 ], [ 3939694.902183001860976, 1085935.308673552470282 ], [ 3939694.902183001860976, 1085972.733190901344642 ], [ 3939694.902183001860976, 1086010.157708250219002 ], [ 3939694.902183001860976, 1086047.582225599093363 ], [ 3939694.902183001860976, 1086085.006742947967723 ], [ 3939694.902183001860976, 1086122.431260296842083 ], [ 3939694.902183001860976, 1086159.855777645716444 ], [ 3939694.902183001860976, 1086197.280294994590804 ], [ 3939694.902183001860976, 1086234.704812343465164 ], [ 3939721.365313001908362, 1086261.16794234351255 ], [ 3939758.789830350782722, 1086261.16794234351255 ], [ 3939796.214347699657083, 1086261.16794234351255 ], [ 3939833.638865048531443, 1086261.16794234351255 ], [ 3939860.101995048578829, 1086287.631072343559936 ], [ 3939860.101995048578829, 1086325.055589692434296 ], [ 3939860.101995048578829, 1086362.480107041308656 ], [ 3939860.101995048578829, 1086399.904624390183017 ], [ 3939886.565125048626214, 1086426.367754390230402 ], [ 3939923.989642397500575, 1086426.367754390230402 ], [ 3939961.414159746374935, 1086426.367754390230402 ], [ 3939998.838677095249295, 1086426.367754390230402 ], [ 3940036.263194444123656, 1086426.367754390230402 ], [ 3940073.687711792998016, 1086426.367754390230402 ], [ 3940111.112229141872376, 1086426.367754390230402 ], [ 3940148.536746490746737, 1086426.367754390230402 ], [ 3940185.961263839621097, 1086426.367754390230402 ], [ 3940223.385781188495457, 1086426.367754390230402 ], [ 3940260.810298537369817, 1086426.367754390230402 ], [ 3940298.234815886244178, 1086426.367754390230402 ], [ 3940335.659333235118538, 1086426.367754390230402 ], [ 3940362.122463235165924, 1086452.830884390277788 ], [ 3940362.122463235165924, 1086490.255401739152148 ], [ 3940362.122463235165924, 1086527.679919088026509 ], [ 3940362.122463235165924, 1086565.104436436900869 ], [ 3940388.58559323521331, 1086591.567566436948255 ], [ 3940426.01011058408767, 1086591.567566436948255 ], [ 3940463.43462793296203, 1086591.567566436948255 ], [ 3940500.85914528183639, 1086591.567566436948255 ], [ 3940538.283662630710751, 1086591.567566436948255 ], [ 3940575.708179979585111, 1086591.567566436948255 ], [ 3940613.132697328459471, 1086591.567566436948255 ], [ 3940650.557214677333832, 1086591.567566436948255 ], [ 3940677.020344677381217, 1086618.03069643699564 ], [ 3940677.020344677381217, 1086655.455213785870001 ], [ 3940677.020344677381217, 1086692.879731134744361 ], [ 3940677.020344677381217, 1086730.304248483618721 ], [ 3940703.483474677428603, 1086756.767378483666107 ], [ 3940740.907992026302963, 1086756.767378483666107 ], [ 3940778.332509375177324, 1086756.767378483666107 ], [ 3940815.757026724051684, 1086756.767378483666107 ], [ 3940853.181544072926044, 1086756.767378483666107 ], [ 3940890.606061421800405, 1086756.767378483666107 ], [ 3940928.030578770674765, 1086756.767378483666107 ], [ 3940965.455096119549125, 1086756.767378483666107 ], [ 3941002.879613468423486, 1086756.767378483666107 ], [ 3941040.304130817297846, 1086756.767378483666107 ], [ 3941077.728648166172206, 1086756.767378483666107 ], [ 3941115.153165515046567, 1086756.767378483666107 ], [ 3941152.577682863920927, 1086756.767378483666107 ], [ 3941190.002200212795287, 1086756.767378483666107 ], [ 3941227.426717561669648, 1086756.767378483666107 ], [ 3941264.851234910544008, 1086756.767378483666107 ], [ 3941302.275752259418368, 1086756.767378483666107 ], [ 3941328.738882259465754, 1086783.230508483713493 ], [ 3941328.738882259465754, 1086820.655025832587853 ], [ 3941328.738882259465754, 1086858.079543181462213 ], [ 3941328.738882259465754, 1086895.504060530336574 ], [ 3941355.20201225951314, 1086921.967190530383959 ], [ 3941392.6265296083875, 1086921.967190530383959 ], [ 3941430.05104695726186, 1086921.967190530383959 ], [ 3941467.475564306136221, 1086921.967190530383959 ], [ 3941504.900081655010581, 1086921.967190530383959 ], [ 3941542.324599003884941, 1086921.967190530383959 ], [ 3941579.749116352759302, 1086921.967190530383959 ], [ 3941617.173633701633662, 1086921.967190530383959 ], [ 3941643.636763701681048, 1086948.430320530431345 ], [ 3941643.636763701681048, 1086985.854837879305705 ], [ 3941643.636763701681048, 1087023.279355228180066 ], [ 3941643.636763701681048, 1087060.703872577054426 ], [ 3941643.636763701681048, 1087098.128389925928786 ], [ 3941643.636763701681048, 1087135.552907274803147 ], [ 3941643.636763701681048, 1087172.977424623677507 ], [ 3941643.636763701681048, 1087210.401941972551867 ], [ 3941643.636763701681048, 1087247.826459321426228 ], [ 3941643.636763701681048, 1087285.250976670300588 ], [ 3941643.636763701681048, 1087322.675494019174948 ], [ 3941643.636763701681048, 1087360.100011368049309 ], [ 3941643.636763701681048, 1087397.524528716923669 ], [ 3941643.636763701681048, 1087434.949046065798029 ], [ 3941643.636763701681048, 1087472.37356341467239 ], [ 3941643.636763701681048, 1087509.79808076354675 ], [ 3941643.636763701681048, 1087547.22259811242111 ], [ 3941643.636763701681048, 1087584.647115461295471 ], [ 3941643.636763701681048, 1087622.071632810169831 ], [ 3941643.636763701681048, 1087659.496150159044191 ], [ 3941643.636763701681048, 1087696.920667507918552 ], [ 3941643.636763701681048, 1087734.345184856792912 ], [ 3941643.636763701681048, 1087771.769702205667272 ], [ 3941643.636763701681048, 1087809.194219554541633 ], [ 3941643.636763701681048, 1087846.618736903415993 ], [ 3941643.636763701681048, 1087884.043254252290353 ], [ 3941643.636763701681048, 1087921.467771601164714 ], [ 3941643.636763701681048, 1087958.892288950039074 ], [ 3941643.636763701681048, 1087996.316806298913434 ], [ 3941643.636763701681048, 1088033.741323647787794 ], [ 3941643.636763701681048, 1088071.165840996662155 ], [ 3941643.636763701681048, 1088108.590358345536515 ], [ 3941643.636763701681048, 1088146.014875694410875 ], [ 3941643.636763701681048, 1088183.439393043285236 ], [ 3941643.636763701681048, 1088220.863910392159596 ], [ 3941643.636763701681048, 1088258.288427741033956 ], [ 3941643.636763701681048, 1088295.712945089908317 ], [ 3941643.636763701681048, 1088333.137462438782677 ], [ 3941643.636763701681048, 1088370.561979787657037 ], [ 3941643.636763701681048, 1088407.986497136531398 ], [ 3941681.061281050555408, 1088407.986497136531398 ], [ 3941718.485798399429768, 1088407.986497136531398 ], [ 3941755.910315748304129, 1088407.986497136531398 ], [ 3941793.334833097178489, 1088407.986497136531398 ], [ 3941819.797963097225875, 1088434.449627136578783 ], [ 3941819.797963097225875, 1088471.874144485453144 ], [ 3941819.797963097225875, 1088509.298661834327504 ], [ 3941819.797963097225875, 1088546.723179183201864 ], [ 3941819.797963097225875, 1088584.147696532076225 ], [ 3941819.797963097225875, 1088621.572213880950585 ], [ 3941819.797963097225875, 1088658.996731229824945 ], [ 3941819.797963097225875, 1088696.421248578699306 ], [ 3941819.797963097225875, 1088733.845765927573666 ], [ 3941793.334833097178489, 1088760.308895927621052 ], [ 3941755.910315748304129, 1088760.308895927621052 ], [ 3941718.485798399429768, 1088760.308895927621052 ], [ 3941681.061281050555408, 1088760.308895927621052 ], [ 3941643.636763701681048, 1088760.308895927621052 ], [ 3941643.636763701681048, 1088797.733413276495412 ], [ 3941643.636763701681048, 1088835.157930625369772 ], [ 3941643.636763701681048, 1088872.582447974244133 ], [ 3941643.636763701681048, 1088910.006965323118493 ], [ 3941606.212246352806687, 1088910.006965323118493 ], [ 3941568.787729003932327, 1088910.006965323118493 ], [ 3941531.363211655057967, 1088910.006965323118493 ], [ 3941493.938694306183606, 1088910.006965323118493 ], [ 3941493.938694306183606, 1088947.431482671992853 ], [ 3941493.938694306183606, 1088984.856000020867214 ], [ 3941493.938694306183606, 1089022.280517369741574 ], [ 3941493.938694306183606, 1089059.705034718615934 ], [ 3941493.938694306183606, 1089097.129552067490295 ], [ 3941493.938694306183606, 1089134.554069416364655 ], [ 3941493.938694306183606, 1089171.978586765239015 ], [ 3941493.938694306183606, 1089209.403104114113376 ], [ 3941493.938694306183606, 1089246.827621462987736 ], [ 3941456.514176957309246, 1089246.827621462987736 ], [ 3941419.089659608434886, 1089246.827621462987736 ], [ 3941381.665142259560525, 1089246.827621462987736 ], [ 3941344.240624910686165, 1089246.827621462987736 ], [ 3941344.240624910686165, 1089284.252138811862096 ], [ 3941344.240624910686165, 1089321.676656160736457 ], [ 3941344.240624910686165, 1089359.101173509610817 ], [ 3941344.240624910686165, 1089396.525690858485177 ], [ 3941317.777494910638779, 1089422.988820858532563 ], [ 3941280.352977561764419, 1089422.988820858532563 ], [ 3941242.928460212890059, 1089422.988820858532563 ], [ 3941205.503942864015698, 1089422.988820858532563 ], [ 3941168.079425515141338, 1089422.988820858532563 ], [ 3941168.079425515141338, 1089460.413338207406923 ], [ 3941168.079425515141338, 1089497.837855556281283 ], [ 3941168.079425515141338, 1089535.262372905155644 ], [ 3941168.079425515141338, 1089572.686890254030004 ], [ 3941130.654908166266978, 1089572.686890254030004 ], [ 3941093.230390817392617, 1089572.686890254030004 ], [ 3941055.805873468518257, 1089572.686890254030004 ], [ 3941018.381356119643897, 1089572.686890254030004 ], [ 3940980.956838770769536, 1089572.686890254030004 ], [ 3940980.956838770769536, 1089610.111407602904364 ], [ 3940980.956838770769536, 1089647.535924951778725 ], [ 3940980.956838770769536, 1089684.960442300653085 ], [ 3940980.956838770769536, 1089722.384959649527445 ], [ 3940980.956838770769536, 1089759.809476998401806 ], [ 3940980.956838770769536, 1089797.233994347276166 ], [ 3940980.956838770769536, 1089834.658511696150526 ], [ 3940980.956838770769536, 1089872.083029045024887 ], [ 3940980.956838770769536, 1089909.507546393899247 ], [ 3940943.532321421895176, 1089909.507546393899247 ], [ 3940906.107804073020816, 1089909.507546393899247 ], [ 3940868.683286724146456, 1089909.507546393899247 ], [ 3940831.258769375272095, 1089909.507546393899247 ], [ 3940831.258769375272095, 1089946.932063742773607 ], [ 3940831.258769375272095, 1089984.356581091647968 ], [ 3940831.258769375272095, 1090021.781098440522328 ], [ 3940831.258769375272095, 1090059.205615789396688 ], [ 3940868.683286724146456, 1090059.205615789396688 ], [ 3940906.107804073020816, 1090059.205615789396688 ], [ 3940943.532321421895176, 1090059.205615789396688 ], [ 3940980.956838770769536, 1090059.205615789396688 ], [ 3940980.956838770769536, 1090096.630133138271049 ], [ 3940980.956838770769536, 1090134.054650487145409 ], [ 3940980.956838770769536, 1090171.479167836019769 ], [ 3940980.956838770769536, 1090208.90368518489413 ], [ 3940980.956838770769536, 1090246.32820253376849 ], [ 3940980.956838770769536, 1090283.75271988264285 ], [ 3940980.956838770769536, 1090321.177237231517211 ], [ 3940980.956838770769536, 1090358.601754580391571 ], [ 3940980.956838770769536, 1090396.026271929265931 ], [ 3940980.956838770769536, 1090433.450789278140292 ], [ 3940980.956838770769536, 1090470.875306627014652 ], [ 3940980.956838770769536, 1090508.299823975889012 ], [ 3940980.956838770769536, 1090545.724341324763373 ], [ 3941018.381356119643897, 1090545.724341324763373 ], [ 3941055.805873468518257, 1090545.724341324763373 ], [ 3941093.230390817392617, 1090545.724341324763373 ], [ 3941130.654908166266978, 1090545.724341324763373 ], [ 3941168.079425515141338, 1090545.724341324763373 ], [ 3941168.079425515141338, 1090583.148858673637733 ], [ 3941168.079425515141338, 1090620.573376022512093 ], [ 3941168.079425515141338, 1090657.997893371386454 ], [ 3941168.079425515141338, 1090695.422410720260814 ], [ 3941194.542555515188724, 1090721.8855407203082 ], [ 3941231.967072864063084, 1090721.8855407203082 ], [ 3941269.391590212937444, 1090721.8855407203082 ], [ 3941306.816107561811805, 1090721.8855407203082 ], [ 3941333.27923756185919, 1090748.348670720355585 ], [ 3941333.27923756185919, 1090785.773188069229946 ], [ 3941333.27923756185919, 1090823.197705418104306 ], [ 3941333.27923756185919, 1090860.622222766978666 ], [ 3941333.27923756185919, 1090898.046740115853027 ], [ 3941333.27923756185919, 1090935.471257464727387 ], [ 3941333.27923756185919, 1090972.895774813601747 ], [ 3941333.27923756185919, 1091010.320292162476107 ], [ 3941333.27923756185919, 1091047.744809511350468 ], [ 3941333.27923756185919, 1091085.169326860224828 ], [ 3941333.27923756185919, 1091122.593844209099188 ], [ 3941333.27923756185919, 1091160.018361557973549 ], [ 3941333.27923756185919, 1091197.442878906847909 ], [ 3941359.742367561906576, 1091223.906008906895295 ], [ 3941397.166884910780936, 1091223.906008906895295 ], [ 3941434.591402259655297, 1091223.906008906895295 ], [ 3941472.015919608529657, 1091223.906008906895295 ], [ 3941498.479049608577043, 1091250.36913890694268 ], [ 3941498.479049608577043, 1091287.793656255817041 ], [ 3941498.479049608577043, 1091325.218173604691401 ], [ 3941498.479049608577043, 1091362.642690953565761 ], [ 3941498.479049608577043, 1091400.067208302440122 ], [ 3941498.479049608577043, 1091437.491725651314482 ], [ 3941498.479049608577043, 1091474.916243000188842 ], [ 3941498.479049608577043, 1091512.340760349063203 ], [ 3941498.479049608577043, 1091549.765277697937563 ], [ 3941535.903566957451403, 1091549.765277697937563 ], [ 3941573.328084306325763, 1091549.765277697937563 ], [ 3941610.752601655200124, 1091549.765277697937563 ], [ 3941648.177119004074484, 1091549.765277697937563 ], [ 3941648.177119004074484, 1091587.189795046811923 ], [ 3941648.177119004074484, 1091624.614312395686284 ], [ 3941648.177119004074484, 1091662.038829744560644 ], [ 3941648.177119004074484, 1091699.463347093435004 ], [ 3941648.177119004074484, 1091736.887864442309365 ], [ 3941648.177119004074484, 1091774.312381791183725 ], [ 3941648.177119004074484, 1091811.736899140058085 ], [ 3941648.177119004074484, 1091849.161416488932446 ], [ 3941674.64024900412187, 1091875.624546488979831 ], [ 3941712.06476635299623, 1091875.624546488979831 ], [ 3941749.48928370187059, 1091875.624546488979831 ], [ 3941786.913801050744951, 1091875.624546488979831 ], [ 3941813.376931050792336, 1091902.087676489027217 ], [ 3941813.376931050792336, 1091939.512193837901577 ], [ 3941813.376931050792336, 1091976.936711186775938 ], [ 3941813.376931050792336, 1092014.361228535650298 ], [ 3941813.376931050792336, 1092051.785745884524658 ], [ 3941813.376931050792336, 1092089.210263233399019 ], [ 3941813.376931050792336, 1092126.634780582273379 ], [ 3941813.376931050792336, 1092164.059297931147739 ], [ 3941813.376931050792336, 1092201.4838152800221 ], [ 3941813.376931050792336, 1092238.90833262889646 ], [ 3941813.376931050792336, 1092276.33284997777082 ], [ 3941813.376931050792336, 1092313.757367326645181 ], [ 3941813.376931050792336, 1092351.181884675519541 ], [ 3941813.376931050792336, 1092388.606402024393901 ], [ 3941813.376931050792336, 1092426.030919373268262 ], [ 3941813.376931050792336, 1092463.455436722142622 ], [ 3941813.376931050792336, 1092500.879954071016982 ], [ 3941813.376931050792336, 1092538.304471419891343 ], [ 3941850.801448399666697, 1092538.304471419891343 ], [ 3941888.225965748541057, 1092538.304471419891343 ], [ 3941925.650483097415417, 1092538.304471419891343 ], [ 3941963.075000446289778, 1092538.304471419891343 ], [ 3941989.538130446337163, 1092564.767601419938728 ], [ 3941989.538130446337163, 1092602.192118768813089 ], [ 3941989.538130446337163, 1092639.616636117687449 ], [ 3941989.538130446337163, 1092677.041153466561809 ], [ 3941989.538130446337163, 1092714.46567081543617 ], [ 3941989.538130446337163, 1092751.89018816431053 ], [ 3941989.538130446337163, 1092789.31470551318489 ], [ 3941989.538130446337163, 1092826.73922286205925 ], [ 3941989.538130446337163, 1092864.163740210933611 ], [ 3942026.962647795211524, 1092864.163740210933611 ], [ 3942064.387165144085884, 1092864.163740210933611 ], [ 3942101.811682492960244, 1092864.163740210933611 ], [ 3942139.236199841834605, 1092864.163740210933611 ], [ 3942165.69932984188199, 1092890.626870210980996 ], [ 3942165.69932984188199, 1092928.051387559855357 ], [ 3942165.69932984188199, 1092965.475904908729717 ], [ 3942165.69932984188199, 1093002.900422257604077 ], [ 3942165.69932984188199, 1093040.324939606478438 ], [ 3942203.123847190756351, 1093040.324939606478438 ], [ 3942240.548364539630711, 1093040.324939606478438 ], [ 3942277.972881888505071, 1093040.324939606478438 ], [ 3942304.436011888552457, 1093066.788069606525823 ], [ 3942304.436011888552457, 1093104.212586955400184 ], [ 3942304.436011888552457, 1093141.637104304274544 ], [ 3942304.436011888552457, 1093179.061621653148904 ], [ 3942304.436011888552457, 1093216.486139002023265 ], [ 3942304.436011888552457, 1093253.910656350897625 ], [ 3942304.436011888552457, 1093291.335173699771985 ], [ 3942304.436011888552457, 1093328.759691048646346 ], [ 3942304.436011888552457, 1093366.184208397520706 ], [ 3942341.860529237426817, 1093366.184208397520706 ], [ 3942379.285046586301178, 1093366.184208397520706 ], [ 3942416.709563935175538, 1093366.184208397520706 ], [ 3942454.134081284049898, 1093366.184208397520706 ], [ 3942480.597211284097284, 1093392.647338397568092 ], [ 3942480.597211284097284, 1093430.071855746442452 ], [ 3942480.597211284097284, 1093467.496373095316812 ], [ 3942480.597211284097284, 1093504.920890444191173 ], [ 3942507.06034128414467, 1093531.384020444238558 ], [ 3942544.48485863301903, 1093531.384020444238558 ], [ 3942581.90937598189339, 1093531.384020444238558 ], [ 3942619.333893330767751, 1093531.384020444238558 ], [ 3942645.797023330815136, 1093557.847150444285944 ], [ 3942645.797023330815136, 1093595.271667793160304 ], [ 3942645.797023330815136, 1093632.696185142034665 ], [ 3942645.797023330815136, 1093670.120702490909025 ], [ 3942672.260153330862522, 1093696.583832490956411 ], [ 3942709.684670679736882, 1093696.583832490956411 ], [ 3942747.109188028611243, 1093696.583832490956411 ], [ 3942784.533705377485603, 1093696.583832490956411 ], [ 3942810.996835377532989, 1093723.046962491003796 ], [ 3942810.996835377532989, 1093760.471479839878157 ], [ 3942810.996835377532989, 1093797.895997188752517 ], [ 3942810.996835377532989, 1093835.320514537626877 ], [ 3942810.996835377532989, 1093872.745031886501238 ], [ 3942773.572318028658628, 1093872.745031886501238 ], [ 3942736.147800679784268, 1093872.745031886501238 ], [ 3942698.723283330909908, 1093872.745031886501238 ], [ 3942661.298765982035547, 1093872.745031886501238 ], [ 3942623.874248633161187, 1093872.745031886501238 ], [ 3942623.874248633161187, 1093910.169549235375598 ], [ 3942623.874248633161187, 1093947.594066584249958 ], [ 3942623.874248633161187, 1093985.018583933124319 ], [ 3942623.874248633161187, 1094022.443101281998679 ], [ 3942623.874248633161187, 1094059.867618630873039 ], [ 3942623.874248633161187, 1094097.2921359797474 ], [ 3942623.874248633161187, 1094134.71665332862176 ], [ 3942623.874248633161187, 1094172.14117067749612 ], [ 3942623.874248633161187, 1094209.565688026370481 ], [ 3942623.874248633161187, 1094246.990205375244841 ], [ 3942623.874248633161187, 1094284.414722724119201 ], [ 3942623.874248633161187, 1094321.839240072993562 ], [ 3942623.874248633161187, 1094359.263757421867922 ], [ 3942597.411118633113801, 1094385.726887421915308 ], [ 3942559.986601284239441, 1094385.726887421915308 ], [ 3942522.562083935365081, 1094385.726887421915308 ], [ 3942485.137566586490721, 1094385.726887421915308 ], [ 3942485.137566586490721, 1094423.151404770789668 ], [ 3942485.137566586490721, 1094460.575922119664028 ], [ 3942485.137566586490721, 1094498.000439468538389 ], [ 3942485.137566586490721, 1094535.424956817412749 ], [ 3942447.71304923761636, 1094535.424956817412749 ], [ 3942410.288531888742, 1094535.424956817412749 ], [ 3942372.86401453986764, 1094535.424956817412749 ], [ 3942335.439497190993279, 1094535.424956817412749 ], [ 3942308.976367190945894, 1094561.888086817460135 ], [ 3942308.976367190945894, 1094599.312604166334495 ], [ 3942308.976367190945894, 1094636.737121515208855 ], [ 3942308.976367190945894, 1094674.161638864083216 ], [ 3942282.513237190898508, 1094700.624768864130601 ], [ 3942245.088719842024148, 1094700.624768864130601 ], [ 3942207.664202493149787, 1094700.624768864130601 ], [ 3942170.239685144275427, 1094700.624768864130601 ], [ 3942170.239685144275427, 1094738.049286213004962 ], [ 3942170.239685144275427, 1094775.473803561879322 ], [ 3942170.239685144275427, 1094812.898320910753682 ], [ 3942170.239685144275427, 1094850.322838259628043 ], [ 3942207.664202493149787, 1094850.322838259628043 ], [ 3942245.088719842024148, 1094850.322838259628043 ], [ 3942282.513237190898508, 1094850.322838259628043 ], [ 3942319.937754539772868, 1094850.322838259628043 ], [ 3942357.362271888647228, 1094850.322838259628043 ], [ 3942394.786789237521589, 1094850.322838259628043 ], [ 3942432.211306586395949, 1094850.322838259628043 ], [ 3942469.635823935270309, 1094850.322838259628043 ], [ 3942507.06034128414467, 1094850.322838259628043 ], [ 3942544.48485863301903, 1094850.322838259628043 ], [ 3942581.90937598189339, 1094850.322838259628043 ], [ 3942619.333893330767751, 1094850.322838259628043 ], [ 3942645.797023330815136, 1094876.785968259675428 ], [ 3942645.797023330815136, 1094914.210485608549789 ], [ 3942645.797023330815136, 1094951.635002957424149 ], [ 3942645.797023330815136, 1094989.059520306298509 ], [ 3942645.797023330815136, 1095026.48403765517287 ], [ 3942683.221540679689497, 1095026.48403765517287 ], [ 3942720.646058028563857, 1095026.48403765517287 ], [ 3942758.070575377438217, 1095026.48403765517287 ], [ 3942795.495092726312578, 1095026.48403765517287 ], [ 3942821.958222726359963, 1095052.947167655220255 ], [ 3942821.958222726359963, 1095090.371685004094616 ], [ 3942821.958222726359963, 1095127.796202352968976 ], [ 3942821.958222726359963, 1095165.220719701843336 ], [ 3942848.421352726407349, 1095191.683849701890722 ], [ 3942885.845870075281709, 1095191.683849701890722 ], [ 3942923.27038742415607, 1095191.683849701890722 ], [ 3942960.69490477303043, 1095191.683849701890722 ], [ 3942998.11942212190479, 1095191.683849701890722 ], [ 3943035.543939470779151, 1095191.683849701890722 ], [ 3943072.968456819653511, 1095191.683849701890722 ], [ 3943110.392974168527871, 1095191.683849701890722 ], [ 3943147.817491517402232, 1095191.683849701890722 ], [ 3943185.242008866276592, 1095191.683849701890722 ], [ 3943222.666526215150952, 1095191.683849701890722 ], [ 3943260.091043564025313, 1095191.683849701890722 ], [ 3943286.554173564072698, 1095218.146979701938108 ], [ 3943286.554173564072698, 1095255.571497050812468 ], [ 3943286.554173564072698, 1095292.996014399686828 ], [ 3943286.554173564072698, 1095330.420531748561189 ], [ 3943313.017303564120084, 1095356.883661748608574 ], [ 3943350.441820912994444, 1095356.883661748608574 ], [ 3943387.866338261868805, 1095356.883661748608574 ], [ 3943425.290855610743165, 1095356.883661748608574 ], [ 3943462.715372959617525, 1095356.883661748608574 ], [ 3943500.139890308491886, 1095356.883661748608574 ], [ 3943537.564407657366246, 1095356.883661748608574 ], [ 3943574.988925006240606, 1095356.883661748608574 ], [ 3943612.413442355114967, 1095356.883661748608574 ], [ 3943649.837959703989327, 1095356.883661748608574 ], [ 3943687.262477052863687, 1095356.883661748608574 ], [ 3943724.686994401738048, 1095356.883661748608574 ], [ 3943762.111511750612408, 1095356.883661748608574 ], [ 3943788.574641750659794, 1095383.34679174865596 ], [ 3943788.574641750659794, 1095420.77130909753032 ], [ 3943788.574641750659794, 1095458.195826446404681 ], [ 3943788.574641750659794, 1095495.620343795279041 ], [ 3943815.037771750707179, 1095522.083473795326427 ], [ 3943852.46228909958154, 1095522.083473795326427 ], [ 3943889.8868064484559, 1095522.083473795326427 ], [ 3943927.31132379733026, 1095522.083473795326427 ], [ 3943953.774453797377646, 1095548.546603795373812 ], [ 3943953.774453797377646, 1095585.971121144248173 ], [ 3943953.774453797377646, 1095623.395638493122533 ], [ 3943953.774453797377646, 1095660.820155841996893 ], [ 3943980.237583797425032, 1095687.283285842044279 ], [ 3944017.662101146299392, 1095687.283285842044279 ], [ 3944055.086618495173752, 1095687.283285842044279 ], [ 3944092.511135844048113, 1095687.283285842044279 ], [ 3944129.935653192922473, 1095687.283285842044279 ], [ 3944167.360170541796833, 1095687.283285842044279 ], [ 3944204.784687890671194, 1095687.283285842044279 ], [ 3944242.209205239545554, 1095687.283285842044279 ], [ 3944279.633722588419914, 1095687.283285842044279 ], [ 3944306.0968525884673, 1095713.746415842091665 ], [ 3944306.0968525884673, 1095751.170933190966025 ], [ 3944306.0968525884673, 1095788.595450539840385 ], [ 3944306.0968525884673, 1095826.019967888714746 ], [ 3944332.559982588514686, 1095852.483097888762131 ], [ 3944369.984499937389046, 1095852.483097888762131 ], [ 3944407.409017286263406, 1095852.483097888762131 ], [ 3944444.833534635137767, 1095852.483097888762131 ], [ 3944482.258051984012127, 1095852.483097888762131 ], [ 3944519.682569332886487, 1095852.483097888762131 ], [ 3944557.107086681760848, 1095852.483097888762131 ], [ 3944594.531604030635208, 1095852.483097888762131 ], [ 3944620.994734030682594, 1095878.946227888809517 ], [ 3944620.994734030682594, 1095916.370745237683877 ], [ 3944620.994734030682594, 1095953.795262586558238 ], [ 3944620.994734030682594, 1095991.219779935432598 ], [ 3944647.457864030729979, 1096017.682909935479984 ], [ 3944684.88238137960434, 1096017.682909935479984 ], [ 3944722.3068987284787, 1096017.682909935479984 ], [ 3944759.73141607735306, 1096017.682909935479984 ], [ 3944797.155933426227421, 1096017.682909935479984 ], [ 3944834.580450775101781, 1096017.682909935479984 ], [ 3944872.004968123976141, 1096017.682909935479984 ], [ 3944909.429485472850502, 1096017.682909935479984 ], [ 3944946.854002821724862, 1096017.682909935479984 ], [ 3944984.278520170599222, 1096017.682909935479984 ], [ 3945021.703037519473583, 1096017.682909935479984 ], [ 3945059.127554868347943, 1096017.682909935479984 ], [ 3945096.552072217222303, 1096017.682909935479984 ], [ 3945123.015202217269689, 1096044.146039935527369 ], [ 3945123.015202217269689, 1096081.57055728440173 ], [ 3945123.015202217269689, 1096118.99507463327609 ], [ 3945123.015202217269689, 1096156.41959198215045 ], [ 3945149.478332217317075, 1096182.882721982197836 ], [ 3945186.902849566191435, 1096182.882721982197836 ], [ 3945224.327366915065795, 1096182.882721982197836 ], [ 3945261.751884263940156, 1096182.882721982197836 ], [ 3945288.215014263987541, 1096209.345851982245222 ], [ 3945288.215014263987541, 1096246.770369331119582 ], [ 3945288.215014263987541, 1096284.194886679993942 ], [ 3945288.215014263987541, 1096321.619404028868303 ], [ 3945314.678144264034927, 1096348.082534028915688 ], [ 3945352.102661612909287, 1096348.082534028915688 ], [ 3945389.527178961783648, 1096348.082534028915688 ], [ 3945426.951696310658008, 1096348.082534028915688 ], [ 3945464.376213659532368, 1096348.082534028915688 ], [ 3945501.800731008406729, 1096348.082534028915688 ], [ 3945539.225248357281089, 1096348.082534028915688 ], [ 3945576.649765706155449, 1096348.082534028915688 ], [ 3945614.074283055029809, 1096348.082534028915688 ], [ 3945651.49880040390417, 1096348.082534028915688 ], [ 3945688.92331775277853, 1096348.082534028915688 ], [ 3945726.34783510165289, 1096348.082534028915688 ], [ 3945763.772352450527251, 1096348.082534028915688 ], [ 3945790.235482450574636, 1096374.545664028963074 ], [ 3945790.235482450574636, 1096411.970181377837434 ], [ 3945790.235482450574636, 1096449.394698726711795 ], [ 3945790.235482450574636, 1096486.819216075586155 ], [ 3945816.698612450622022, 1096513.282346075633541 ], [ 3945854.123129799496382, 1096513.282346075633541 ], [ 3945891.547647148370743, 1096513.282346075633541 ], [ 3945928.972164497245103, 1096513.282346075633541 ], [ 3945966.396681846119463, 1096513.282346075633541 ], [ 3946003.821199194993824, 1096513.282346075633541 ], [ 3946041.245716543868184, 1096513.282346075633541 ], [ 3946078.670233892742544, 1096513.282346075633541 ], [ 3946105.13336389278993, 1096539.745476075680926 ], [ 3946105.13336389278993, 1096577.169993424555287 ], [ 3946105.13336389278993, 1096614.594510773429647 ], [ 3946105.13336389278993, 1096652.019028122304007 ], [ 3946131.596493892837316, 1096678.482158122351393 ], [ 3946169.021011241711676, 1096678.482158122351393 ], [ 3946206.445528590586036, 1096678.482158122351393 ], [ 3946243.870045939460397, 1096678.482158122351393 ], [ 3946270.333175939507782, 1096704.945288122398779 ], [ 3946270.333175939507782, 1096742.369805471273139 ], [ 3946270.333175939507782, 1096779.794322820147499 ], [ 3946270.333175939507782, 1096817.21884016902186 ], [ 3946270.333175939507782, 1096854.64335751789622 ], [ 3946270.333175939507782, 1096892.06787486677058 ], [ 3946270.333175939507782, 1096929.492392215644941 ], [ 3946270.333175939507782, 1096966.916909564519301 ], [ 3946270.333175939507782, 1097004.341426913393661 ], [ 3946270.333175939507782, 1097041.765944262268022 ], [ 3946270.333175939507782, 1097079.190461611142382 ], [ 3946270.333175939507782, 1097116.614978960016742 ], [ 3946270.333175939507782, 1097154.039496308891103 ], [ 3946243.870045939460397, 1097180.502626308938488 ], [ 3946206.445528590586036, 1097180.502626308938488 ], [ 3946169.021011241711676, 1097180.502626308938488 ], [ 3946131.596493892837316, 1097180.502626308938488 ], [ 3946094.171976543962955, 1097180.502626308938488 ], [ 3946056.747459195088595, 1097180.502626308938488 ], [ 3946019.322941846214235, 1097180.502626308938488 ], [ 3945981.898424497339875, 1097180.502626308938488 ], [ 3945944.473907148465514, 1097180.502626308938488 ], [ 3945907.049389799591154, 1097180.502626308938488 ], [ 3945869.624872450716794, 1097180.502626308938488 ], [ 3945832.200355101842433, 1097180.502626308938488 ], [ 3945794.775837752968073, 1097180.502626308938488 ], [ 3945757.351320404093713, 1097180.502626308938488 ], [ 3945719.926803055219352, 1097180.502626308938488 ], [ 3945682.502285706344992, 1097180.502626308938488 ], [ 3945645.077768357470632, 1097180.502626308938488 ], [ 3945607.653251008596271, 1097180.502626308938488 ], [ 3945607.653251008596271, 1097217.927143657812849 ], [ 3945607.653251008596271, 1097255.351661006687209 ], [ 3945607.653251008596271, 1097292.776178355561569 ], [ 3945607.653251008596271, 1097330.20069570443593 ], [ 3945581.190121008548886, 1097356.663825704483315 ], [ 3945543.765603659674525, 1097356.663825704483315 ], [ 3945506.341086310800165, 1097356.663825704483315 ], [ 3945468.916568961925805, 1097356.663825704483315 ], [ 3945431.492051613051444, 1097356.663825704483315 ], [ 3945394.067534264177084, 1097356.663825704483315 ], [ 3945356.643016915302724, 1097356.663825704483315 ], [ 3945319.218499566428363, 1097356.663825704483315 ], [ 3945281.793982217554003, 1097356.663825704483315 ], [ 3945281.793982217554003, 1097394.088343053357676 ], [ 3945281.793982217554003, 1097431.512860402232036 ], [ 3945281.793982217554003, 1097468.937377751106396 ], [ 3945281.793982217554003, 1097506.361895099980757 ], [ 3945255.330852217506617, 1097532.825025100028142 ], [ 3945217.906334868632257, 1097532.825025100028142 ], [ 3945180.481817519757897, 1097532.825025100028142 ], [ 3945143.057300170883536, 1097532.825025100028142 ], [ 3945105.632782822009176, 1097532.825025100028142 ], [ 3945068.208265473134816, 1097532.825025100028142 ], [ 3945030.783748124260455, 1097532.825025100028142 ], [ 3944993.359230775386095, 1097532.825025100028142 ], [ 3944955.934713426511735, 1097532.825025100028142 ], [ 3944918.510196077637374, 1097532.825025100028142 ], [ 3944881.085678728763014, 1097532.825025100028142 ], [ 3944843.661161379888654, 1097532.825025100028142 ], [ 3944806.236644031014293, 1097532.825025100028142 ], [ 3944768.812126682139933, 1097532.825025100028142 ], [ 3944731.387609333265573, 1097532.825025100028142 ], [ 3944693.963091984391212, 1097532.825025100028142 ], [ 3944656.538574635516852, 1097532.825025100028142 ], [ 3944619.114057286642492, 1097532.825025100028142 ], [ 3944619.114057286642492, 1097570.249542448902503 ], [ 3944619.114057286642492, 1097607.674059797776863 ], [ 3944619.114057286642492, 1097645.098577146651223 ], [ 3944619.114057286642492, 1097682.523094495525584 ], [ 3944581.689539937768131, 1097682.523094495525584 ], [ 3944544.265022588893771, 1097682.523094495525584 ], [ 3944506.840505240019411, 1097682.523094495525584 ], [ 3944469.415987891145051, 1097682.523094495525584 ], [ 3944431.99147054227069, 1097682.523094495525584 ], [ 3944394.56695319339633, 1097682.523094495525584 ], [ 3944357.14243584452197, 1097682.523094495525584 ], [ 3944319.717918495647609, 1097682.523094495525584 ], [ 3944293.254788495600224, 1097708.986224495572969 ], [ 3944293.254788495600224, 1097746.41074184444733 ], [ 3944293.254788495600224, 1097783.83525919332169 ], [ 3944293.254788495600224, 1097821.25977654219605 ], [ 3944266.791658495552838, 1097847.722906542243436 ], [ 3944229.367141146678478, 1097847.722906542243436 ], [ 3944191.942623797804117, 1097847.722906542243436 ], [ 3944154.518106448929757, 1097847.722906542243436 ], [ 3944117.093589100055397, 1097847.722906542243436 ], [ 3944079.669071751181036, 1097847.722906542243436 ], [ 3944042.244554402306676, 1097847.722906542243436 ], [ 3944004.820037053432316, 1097847.722906542243436 ], [ 3943967.395519704557955, 1097847.722906542243436 ], [ 3943929.971002355683595, 1097847.722906542243436 ], [ 3943892.546485006809235, 1097847.722906542243436 ], [ 3943855.121967657934874, 1097847.722906542243436 ], [ 3943817.697450309060514, 1097847.722906542243436 ], [ 3943791.234320309013128, 1097874.186036542290822 ], [ 3943791.234320309013128, 1097911.610553891165182 ], [ 3943791.234320309013128, 1097949.035071240039542 ], [ 3943791.234320309013128, 1097986.459588588913903 ], [ 3943764.771190308965743, 1098012.922718588961288 ], [ 3943727.346672960091382, 1098012.922718588961288 ], [ 3943689.922155611217022, 1098012.922718588961288 ], [ 3943652.497638262342662, 1098012.922718588961288 ], [ 3943615.073120913468301, 1098012.922718588961288 ], [ 3943577.648603564593941, 1098012.922718588961288 ], [ 3943540.224086215719581, 1098012.922718588961288 ], [ 3943502.79956886684522, 1098012.922718588961288 ], [ 3943476.336438866797835, 1098039.385848589008674 ], [ 3943476.336438866797835, 1098076.810365937883034 ], [ 3943476.336438866797835, 1098114.234883286757395 ], [ 3943476.336438866797835, 1098151.659400635631755 ], [ 3943449.873308866750449, 1098178.122530635679141 ], [ 3943412.448791517876089, 1098178.122530635679141 ], [ 3943375.024274169001728, 1098178.122530635679141 ], [ 3943337.599756820127368, 1098178.122530635679141 ], [ 3943300.175239471253008, 1098178.122530635679141 ], [ 3943262.750722122378647, 1098178.122530635679141 ], [ 3943225.326204773504287, 1098178.122530635679141 ], [ 3943187.901687424629927, 1098178.122530635679141 ], [ 3943150.477170075755566, 1098178.122530635679141 ], [ 3943124.014040075708181, 1098204.585660635726526 ], [ 3943124.014040075708181, 1098242.010177984600887 ], [ 3943124.014040075708181, 1098279.434695333475247 ], [ 3943124.014040075708181, 1098316.859212682349607 ], [ 3943097.550910075660795, 1098343.322342682396993 ], [ 3943060.126392726786435, 1098343.322342682396993 ], [ 3943022.701875377912074, 1098343.322342682396993 ], [ 3942985.277358029037714, 1098343.322342682396993 ], [ 3942947.852840680163354, 1098343.322342682396993 ], [ 3942910.428323331288993, 1098343.322342682396993 ], [ 3942873.003805982414633, 1098343.322342682396993 ], [ 3942835.579288633540273, 1098343.322342682396993 ], [ 3942798.154771284665912, 1098343.322342682396993 ], [ 3942760.730253935791552, 1098343.322342682396993 ], [ 3942723.305736586917192, 1098343.322342682396993 ], [ 3942685.881219238042831, 1098343.322342682396993 ], [ 3942648.456701889168471, 1098343.322342682396993 ], [ 3942621.993571889121085, 1098369.785472682444379 ], [ 3942621.993571889121085, 1098407.209990031318739 ], [ 3942621.993571889121085, 1098444.634507380193099 ], [ 3942621.993571889121085, 1098482.05902472906746 ], [ 3942595.5304418890737, 1098508.522154729114845 ], [ 3942558.105924540199339, 1098508.522154729114845 ], [ 3942520.681407191324979, 1098508.522154729114845 ], [ 3942483.256889842450619, 1098508.522154729114845 ], [ 3942483.256889842450619, 1098545.946672077989206 ], [ 3942483.256889842450619, 1098583.371189426863566 ], [ 3942483.256889842450619, 1098620.795706775737926 ], [ 3942483.256889842450619, 1098658.220224124612287 ], [ 3942456.793759842403233, 1098684.683354124659672 ], [ 3942419.369242493528873, 1098684.683354124659672 ], [ 3942381.944725144654512, 1098684.683354124659672 ], [ 3942344.520207795780152, 1098684.683354124659672 ], [ 3942307.095690446905792, 1098684.683354124659672 ], [ 3942269.671173098031431, 1098684.683354124659672 ], [ 3942232.246655749157071, 1098684.683354124659672 ], [ 3942194.822138400282711, 1098684.683354124659672 ], [ 3942157.39762105140835, 1098684.683354124659672 ], [ 3942119.97310370253399, 1098684.683354124659672 ], [ 3942082.54858635365963, 1098684.683354124659672 ], [ 3942045.124069004785269, 1098684.683354124659672 ], [ 3942007.699551655910909, 1098684.683354124659672 ], [ 3942007.699551655910909, 1098722.107871473534033 ], [ 3942007.699551655910909, 1098759.532388822408393 ], [ 3942007.699551655910909, 1098796.956906171282753 ], [ 3942007.699551655910909, 1098834.381423520157114 ], [ 3941970.275034307036549, 1098834.381423520157114 ], [ 3941932.850516958162189, 1098834.381423520157114 ], [ 3941895.425999609287828, 1098834.381423520157114 ], [ 3941858.001482260413468, 1098834.381423520157114 ], [ 3941820.576964911539108, 1098834.381423520157114 ], [ 3941820.576964911539108, 1098871.805940869031474 ], [ 3941820.576964911539108, 1098909.230458217905834 ], [ 3941820.576964911539108, 1098946.654975566780195 ], [ 3941820.576964911539108, 1098984.079492915654555 ], [ 3941794.113834911491722, 1099010.542622915701941 ], [ 3941756.689317562617362, 1099010.542622915701941 ], [ 3941719.264800213743001, 1099010.542622915701941 ], [ 3941681.840282864868641, 1099010.542622915701941 ], [ 3941644.415765515994281, 1099010.542622915701941 ], [ 3941606.99124816711992, 1099010.542622915701941 ], [ 3941569.56673081824556, 1099010.542622915701941 ], [ 3941532.1422134693712, 1099010.542622915701941 ], [ 3941494.717696120496839, 1099010.542622915701941 ], [ 3941457.293178771622479, 1099010.542622915701941 ], [ 3941419.868661422748119, 1099010.542622915701941 ], [ 3941382.444144073873758, 1099010.542622915701941 ], [ 3941345.019626724999398, 1099010.542622915701941 ], [ 3941345.019626724999398, 1099047.967140264576301 ], [ 3941345.019626724999398, 1099085.391657613450661 ], [ 3941345.019626724999398, 1099122.816174962325022 ], [ 3941345.019626724999398, 1099160.240692311199382 ], [ 3941318.556496724952012, 1099186.703822311246768 ], [ 3941281.131979376077652, 1099186.703822311246768 ], [ 3941243.707462027203292, 1099186.703822311246768 ], [ 3941206.282944678328931, 1099186.703822311246768 ], [ 3941168.858427329454571, 1099186.703822311246768 ], [ 3941168.858427329454571, 1099224.128339660121128 ], [ 3941168.858427329454571, 1099261.552857008995488 ], [ 3941168.858427329454571, 1099298.977374357869849 ], [ 3941168.858427329454571, 1099336.401891706744209 ], [ 3941131.433909980580211, 1099336.401891706744209 ], [ 3941094.00939263170585, 1099336.401891706744209 ], [ 3941056.58487528283149, 1099336.401891706744209 ], [ 3941019.16035793395713, 1099336.401891706744209 ], [ 3940981.735840585082769, 1099336.401891706744209 ], [ 3940944.311323236208409, 1099336.401891706744209 ], [ 3940906.886805887334049, 1099336.401891706744209 ], [ 3940869.462288538459688, 1099336.401891706744209 ], [ 3940832.037771189585328, 1099336.401891706744209 ], [ 3940832.037771189585328, 1099373.826409055618569 ], [ 3940832.037771189585328, 1099411.25092640449293 ], [ 3940832.037771189585328, 1099448.67544375336729 ], [ 3940832.037771189585328, 1099486.09996110224165 ], [ 3940832.037771189585328, 1099523.524478451116011 ], [ 3940832.037771189585328, 1099560.948995799990371 ], [ 3940832.037771189585328, 1099598.373513148864731 ], [ 3940832.037771189585328, 1099635.798030497739092 ], [ 3940832.037771189585328, 1099673.222547846613452 ], [ 3940832.037771189585328, 1099710.647065195487812 ], [ 3940832.037771189585328, 1099748.071582544362172 ], [ 3940832.037771189585328, 1099785.496099893236533 ], [ 3940832.037771189585328, 1099822.920617242110893 ], [ 3940805.574641189537942, 1099849.383747242158279 ], [ 3940768.150123840663582, 1099849.383747242158279 ], [ 3940730.725606491789222, 1099849.383747242158279 ], [ 3940693.301089142914861, 1099849.383747242158279 ], [ 3940666.837959142867476, 1099875.846877242205665 ], [ 3940666.837959142867476, 1099913.271394591080025 ], [ 3940666.837959142867476, 1099950.695911939954385 ], [ 3940666.837959142867476, 1099988.120429288828745 ], [ 3940666.837959142867476, 1100025.544946637703106 ], [ 3940666.837959142867476, 1100062.969463986577466 ], [ 3940666.837959142867476, 1100100.393981335451826 ], [ 3940666.837959142867476, 1100137.818498684326187 ], [ 3940666.837959142867476, 1100175.243016033200547 ], [ 3940666.837959142867476, 1100212.667533382074907 ], [ 3940666.837959142867476, 1100250.092050730949268 ], [ 3940666.837959142867476, 1100287.516568079823628 ], [ 3940666.837959142867476, 1100324.941085428697988 ], [ 3940666.837959142867476, 1100362.365602777572349 ], [ 3940666.837959142867476, 1100399.790120126446709 ], [ 3940666.837959142867476, 1100437.214637475321069 ], [ 3940666.837959142867476, 1100474.63915482419543 ], [ 3940666.837959142867476, 1100512.06367217306979 ], [ 3940666.837959142867476, 1100549.48818952194415 ], [ 3940666.837959142867476, 1100586.912706870818511 ], [ 3940666.837959142867476, 1100624.337224219692871 ], [ 3940666.837959142867476, 1100661.761741568567231 ], [ 3940629.413441793993115, 1100661.761741568567231 ], [ 3940591.988924445118755, 1100661.761741568567231 ], [ 3940554.564407096244395, 1100661.761741568567231 ], [ 3940517.139889747370034, 1100661.761741568567231 ], [ 3940517.139889747370034, 1100699.186258917441592 ], [ 3940517.139889747370034, 1100736.610776266315952 ], [ 3940517.139889747370034, 1100774.035293615190312 ], [ 3940517.139889747370034, 1100811.459810964064673 ], [ 3940517.139889747370034, 1100848.884328312939033 ], [ 3940517.139889747370034, 1100886.308845661813393 ], [ 3940517.139889747370034, 1100923.733363010687754 ], [ 3940517.139889747370034, 1100961.157880359562114 ], [ 3940517.139889747370034, 1100998.582397708436474 ], [ 3940517.139889747370034, 1101036.006915057310835 ], [ 3940517.139889747370034, 1101073.431432406185195 ], [ 3940517.139889747370034, 1101110.855949755059555 ], [ 3940517.139889747370034, 1101148.280467103933915 ], [ 3940479.715372398495674, 1101148.280467103933915 ], [ 3940442.290855049621314, 1101148.280467103933915 ], [ 3940404.866337700746953, 1101148.280467103933915 ], [ 3940367.441820351872593, 1101148.280467103933915 ], [ 3940367.441820351872593, 1101185.704984452808276 ], [ 3940367.441820351872593, 1101223.129501801682636 ], [ 3940367.441820351872593, 1101260.554019150556996 ], [ 3940367.441820351872593, 1101297.978536499431357 ], [ 3940367.441820351872593, 1101335.403053848305717 ], [ 3940367.441820351872593, 1101372.827571197180077 ], [ 3940367.441820351872593, 1101410.252088546054438 ], [ 3940367.441820351872593, 1101447.676605894928798 ], [ 3940367.441820351872593, 1101485.101123243803158 ], [ 3940367.441820351872593, 1101522.525640592677519 ], [ 3940367.441820351872593, 1101559.950157941551879 ], [ 3940367.441820351872593, 1101597.374675290426239 ], [ 3940367.441820351872593, 1101634.7991926393006 ], [ 3940367.441820351872593, 1101672.22370998817496 ], [ 3940367.441820351872593, 1101709.64822733704932 ], [ 3940367.441820351872593, 1101747.072744685923681 ], [ 3940367.441820351872593, 1101784.497262034798041 ], [ 3940367.441820351872593, 1101821.921779383672401 ], [ 3940367.441820351872593, 1101859.346296732546762 ], [ 3940367.441820351872593, 1101896.770814081421122 ], [ 3940367.441820351872593, 1101934.195331430295482 ], [ 3940367.441820351872593, 1101971.619848779169843 ], [ 3940340.978690351825207, 1101998.082978779217228 ], [ 3940303.554173002950847, 1101998.082978779217228 ], [ 3940266.129655654076487, 1101998.082978779217228 ], [ 3940228.705138305202127, 1101998.082978779217228 ], [ 3940191.280620956327766, 1101998.082978779217228 ], [ 3940164.81749095628038, 1102024.546108779264614 ], [ 3940164.81749095628038, 1102061.970626128138974 ], [ 3940164.81749095628038, 1102099.395143477013335 ], [ 3940164.81749095628038, 1102136.819660825887695 ], [ 3940164.81749095628038, 1102174.244178174762055 ], [ 3940164.81749095628038, 1102211.668695523636416 ], [ 3940164.81749095628038, 1102249.093212872510776 ], [ 3940164.81749095628038, 1102286.517730221385136 ], [ 3940164.81749095628038, 1102323.942247570259497 ], [ 3940164.81749095628038, 1102361.366764919133857 ], [ 3940164.81749095628038, 1102398.791282268008217 ], [ 3940164.81749095628038, 1102436.215799616882578 ], [ 3940164.81749095628038, 1102473.640316965756938 ], [ 3940127.39297360740602, 1102473.640316965756938 ], [ 3940089.96845625853166, 1102473.640316965756938 ], [ 3940052.5439389096573, 1102473.640316965756938 ], [ 3940015.119421560782939, 1102473.640316965756938 ], [ 3940015.119421560782939, 1102511.064834314631298 ], [ 3940015.119421560782939, 1102548.489351663505659 ], [ 3940015.119421560782939, 1102585.913869012380019 ], [ 3940015.119421560782939, 1102623.338386361254379 ], [ 3940015.119421560782939, 1102660.762903710128739 ], [ 3940015.119421560782939, 1102698.1874210590031 ], [ 3940015.119421560782939, 1102735.61193840787746 ], [ 3940015.119421560782939, 1102773.03645575675182 ], [ 3940015.119421560782939, 1102810.460973105626181 ], [ 3940015.119421560782939, 1102847.885490454500541 ], [ 3940015.119421560782939, 1102885.310007803374901 ], [ 3940015.119421560782939, 1102922.734525152249262 ], [ 3940015.119421560782939, 1102960.159042501123622 ], [ 3940015.119421560782939, 1102997.583559849997982 ], [ 3940015.119421560782939, 1103035.008077198872343 ], [ 3940015.119421560782939, 1103072.432594547746703 ], [ 3940015.119421560782939, 1103109.857111896621063 ], [ 3939988.656291560735554, 1103136.320241896668449 ], [ 3939951.231774211861193, 1103136.320241896668449 ], [ 3939913.807256862986833, 1103136.320241896668449 ], [ 3939876.382739514112473, 1103136.320241896668449 ], [ 3939849.919609514065087, 1103162.783371896715835 ], [ 3939849.919609514065087, 1103200.207889245590195 ], [ 3939849.919609514065087, 1103237.632406594464555 ], [ 3939849.919609514065087, 1103275.056923943338916 ], [ 3939849.919609514065087, 1103312.481441292213276 ], [ 3939849.919609514065087, 1103349.905958641087636 ], [ 3939849.919609514065087, 1103387.330475989961997 ], [ 3939849.919609514065087, 1103424.754993338836357 ], [ 3939849.919609514065087, 1103462.179510687710717 ], [ 3939849.919609514065087, 1103499.604028036585078 ], [ 3939849.919609514065087, 1103537.028545385459438 ], [ 3939849.919609514065087, 1103574.453062734333798 ], [ 3939849.919609514065087, 1103611.877580083208159 ], [ 3939849.919609514065087, 1103649.302097432082519 ], [ 3939849.919609514065087, 1103686.726614780956879 ], [ 3939849.919609514065087, 1103724.15113212983124 ], [ 3939849.919609514065087, 1103761.5756494787056 ], [ 3939849.919609514065087, 1103799.00016682757996 ], [ 3939849.919609514065087, 1103836.424684176454321 ], [ 3939849.919609514065087, 1103873.849201525328681 ], [ 3939849.919609514065087, 1103911.273718874203041 ], [ 3939849.919609514065087, 1103948.698236223077402 ], [ 3939823.456479514017701, 1103975.161366223124787 ], [ 3939786.031962165143341, 1103975.161366223124787 ], [ 3939748.607444816268981, 1103975.161366223124787 ], [ 3939711.18292746739462, 1103975.161366223124787 ], [ 3939684.719797467347234, 1104001.624496223172173 ], [ 3939684.719797467347234, 1104039.049013572046533 ], [ 3939684.719797467347234, 1104076.473530920920894 ], [ 3939684.719797467347234, 1104113.898048269795254 ], [ 3939684.719797467347234, 1104151.322565618669614 ], [ 3939684.719797467347234, 1104188.747082967543975 ], [ 3939684.719797467347234, 1104226.171600316418335 ], [ 3939684.719797467347234, 1104263.596117665292695 ], [ 3939658.256667467299849, 1104290.059247665340081 ], [ 3939620.832150118425488, 1104290.059247665340081 ], [ 3939583.407632769551128, 1104290.059247665340081 ], [ 3939545.983115420676768, 1104290.059247665340081 ], [ 3939508.558598071802408, 1104290.059247665340081 ], [ 3939508.558598071802408, 1104327.483765014214441 ], [ 3939508.558598071802408, 1104364.908282363088802 ], [ 3939508.558598071802408, 1104402.332799711963162 ], [ 3939508.558598071802408, 1104439.757317060837522 ], [ 3939508.558598071802408, 1104477.181834409711882 ], [ 3939508.558598071802408, 1104514.606351758586243 ], [ 3939508.558598071802408, 1104552.030869107460603 ], [ 3939508.558598071802408, 1104589.455386456334963 ], [ 3939508.558598071802408, 1104626.879903805209324 ], [ 3939508.558598071802408, 1104664.304421154083684 ], [ 3939508.558598071802408, 1104701.728938502958044 ], [ 3939508.558598071802408, 1104739.153455851832405 ], [ 3939508.558598071802408, 1104776.577973200706765 ], [ 3939508.558598071802408, 1104814.002490549581125 ], [ 3939508.558598071802408, 1104851.427007898455486 ], [ 3939508.558598071802408, 1104888.851525247329846 ], [ 3939508.558598071802408, 1104926.276042596204206 ], [ 3939508.558598071802408, 1104963.700559945078567 ], [ 3939508.558598071802408, 1105001.125077293952927 ], [ 3939508.558598071802408, 1105038.549594642827287 ], [ 3939508.558598071802408, 1105075.974111991701648 ], [ 3939508.558598071802408, 1105113.398629340576008 ], [ 3939482.095468071755022, 1105139.861759340623394 ], [ 3939444.670950722880661, 1105139.861759340623394 ], [ 3939407.246433374006301, 1105139.861759340623394 ], [ 3939369.821916025131941, 1105139.861759340623394 ], [ 3939343.358786025084555, 1105166.324889340670779 ], [ 3939343.358786025084555, 1105203.74940668954514 ], [ 3939343.358786025084555, 1105241.1739240384195 ], [ 3939343.358786025084555, 1105278.59844138729386 ], [ 3939343.358786025084555, 1105316.022958736168221 ], [ 3939343.358786025084555, 1105353.447476085042581 ], [ 3939343.358786025084555, 1105390.871993433916941 ], [ 3939343.358786025084555, 1105428.296510782791302 ], [ 3939316.895656025037169, 1105454.759640782838687 ], [ 3939279.471138676162809, 1105454.759640782838687 ], [ 3939242.046621327288449, 1105454.759640782838687 ], [ 3939204.622103978414088, 1105454.759640782838687 ], [ 3939204.622103978414088, 1105492.184158131713048 ], [ 3939204.622103978414088, 1105529.608675480587408 ], [ 3939204.622103978414088, 1105567.033192829461768 ], [ 3939204.622103978414088, 1105604.457710178336129 ], [ 3939178.158973978366703, 1105630.920840178383514 ], [ 3939140.734456629492342, 1105630.920840178383514 ], [ 3939103.309939280617982, 1105630.920840178383514 ], [ 3939065.885421931743622, 1105630.920840178383514 ], [ 3939028.460904582869262, 1105630.920840178383514 ], [ 3939028.460904582869262, 1105668.345357527257875 ], [ 3939028.460904582869262, 1105705.769874876132235 ], [ 3939028.460904582869262, 1105743.194392225006595 ], [ 3939028.460904582869262, 1105780.618909573880956 ], [ 3938991.036387233994901, 1105780.618909573880956 ], [ 3938953.611869885120541, 1105780.618909573880956 ], [ 3938916.187352536246181, 1105780.618909573880956 ], [ 3938878.76283518737182, 1105780.618909573880956 ], [ 3938878.76283518737182, 1105818.043426922755316 ], [ 3938878.76283518737182, 1105855.467944271629676 ], [ 3938878.76283518737182, 1105892.892461620504037 ], [ 3938878.76283518737182, 1105930.316978969378397 ], [ 3938852.299705187324435, 1105956.780108969425783 ], [ 3938814.875187838450074, 1105956.780108969425783 ], [ 3938777.450670489575714, 1105956.780108969425783 ], [ 3938740.026153140701354, 1105956.780108969425783 ], [ 3938702.601635791826993, 1105956.780108969425783 ], [ 3938702.601635791826993, 1105994.204626318300143 ], [ 3938702.601635791826993, 1106031.629143667174503 ], [ 3938702.601635791826993, 1106069.053661016048864 ], [ 3938702.601635791826993, 1106106.478178364923224 ], [ 3938676.138505791779608, 1106132.94130836497061 ], [ 3938638.713988442905247, 1106132.94130836497061 ], [ 3938601.289471094030887, 1106132.94130836497061 ], [ 3938563.864953745156527, 1106132.94130836497061 ], [ 3938526.440436396282166, 1106132.94130836497061 ], [ 3938526.440436396282166, 1106170.36582571384497 ], [ 3938526.440436396282166, 1106207.79034306271933 ], [ 3938526.440436396282166, 1106245.214860411593691 ], [ 3938526.440436396282166, 1106282.639377760468051 ], [ 3938489.015919047407806, 1106282.639377760468051 ], [ 3938451.591401698533446, 1106282.639377760468051 ], [ 3938414.166884349659085, 1106282.639377760468051 ], [ 3938376.742367000784725, 1106282.639377760468051 ], [ 3938339.317849651910365, 1106282.639377760468051 ], [ 3938301.893332303036004, 1106282.639377760468051 ], [ 3938264.468814954161644, 1106282.639377760468051 ], [ 3938227.044297605287284, 1106282.639377760468051 ], [ 3938227.044297605287284, 1106320.063895109342411 ], [ 3938227.044297605287284, 1106357.488412458216771 ], [ 3938227.044297605287284, 1106394.912929807091132 ], [ 3938227.044297605287284, 1106432.337447155965492 ], [ 3938200.581167605239898, 1106458.800577156012878 ], [ 3938163.156650256365538, 1106458.800577156012878 ], [ 3938125.732132907491177, 1106458.800577156012878 ], [ 3938088.307615558616817, 1106458.800577156012878 ], [ 3938050.883098209742457, 1106458.800577156012878 ], [ 3938050.883098209742457, 1106496.225094504887238 ], [ 3938050.883098209742457, 1106533.649611853761598 ], [ 3938050.883098209742457, 1106571.074129202635959 ], [ 3938050.883098209742457, 1106608.498646551510319 ], [ 3938013.458580860868096, 1106608.498646551510319 ], [ 3937976.034063511993736, 1106608.498646551510319 ], [ 3937938.609546163119376, 1106608.498646551510319 ], [ 3937901.185028814245015, 1106608.498646551510319 ], [ 3937863.760511465370655, 1106608.498646551510319 ], [ 3937826.335994116496295, 1106608.498646551510319 ], [ 3937788.911476767621934, 1106608.498646551510319 ], [ 3937751.486959418747574, 1106608.498646551510319 ], [ 3937714.062442069873214, 1106608.498646551510319 ], [ 3937714.062442069873214, 1106645.923163900384679 ], [ 3937714.062442069873214, 1106683.34768124925904 ], [ 3937714.062442069873214, 1106720.7721985981334 ], [ 3937714.062442069873214, 1106758.19671594700776 ], [ 3937687.599312069825828, 1106784.659845947055146 ], [ 3937650.174794720951468, 1106784.659845947055146 ], [ 3937612.750277372077107, 1106784.659845947055146 ], [ 3937575.325760023202747, 1106784.659845947055146 ], [ 3937548.862630023155361, 1106811.122975947102532 ], [ 3937548.862630023155361, 1106848.547493295976892 ], [ 3937548.862630023155361, 1106885.972010644851252 ], [ 3937548.862630023155361, 1106923.396527993725613 ], [ 3937522.399500023107976, 1106949.859657993772998 ], [ 3937484.974982674233615, 1106949.859657993772998 ], [ 3937447.550465325359255, 1106949.859657993772998 ], [ 3937410.125947976484895, 1106949.859657993772998 ], [ 3937383.662817976437509, 1106976.322787993820384 ], [ 3937383.662817976437509, 1107013.747305342694744 ], [ 3937383.662817976437509, 1107051.171822691569105 ], [ 3937383.662817976437509, 1107088.596340040443465 ], [ 3937357.199687976390123, 1107115.059470040490851 ], [ 3937319.775170627515763, 1107115.059470040490851 ], [ 3937282.350653278641403, 1107115.059470040490851 ], [ 3937244.926135929767042, 1107115.059470040490851 ], [ 3937207.501618580892682, 1107115.059470040490851 ], [ 3937170.077101232018322, 1107115.059470040490851 ], [ 3937132.652583883143961, 1107115.059470040490851 ], [ 3937095.228066534269601, 1107115.059470040490851 ], [ 3937057.803549185395241, 1107115.059470040490851 ], [ 3937057.803549185395241, 1107152.483987389365211 ], [ 3937057.803549185395241, 1107189.908504738239571 ], [ 3937057.803549185395241, 1107227.333022087113932 ], [ 3937057.803549185395241, 1107264.757539435988292 ], [ 3937031.340419185347855, 1107291.220669436035678 ], [ 3936993.915901836473495, 1107291.220669436035678 ], [ 3936956.491384487599134, 1107291.220669436035678 ], [ 3936919.066867138724774, 1107291.220669436035678 ], [ 3936881.642349789850414, 1107291.220669436035678 ], [ 3936881.642349789850414, 1107328.645186784910038 ], [ 3936881.642349789850414, 1107366.069704133784398 ], [ 3936881.642349789850414, 1107403.494221482658759 ], [ 3936881.642349789850414, 1107440.918738831533119 ], [ 3936844.217832440976053, 1107440.918738831533119 ], [ 3936806.793315092101693, 1107440.918738831533119 ], [ 3936769.368797743227333, 1107440.918738831533119 ], [ 3936731.944280394352973, 1107440.918738831533119 ], [ 3936731.944280394352973, 1107478.343256180407479 ], [ 3936731.944280394352973, 1107515.76777352928184 ], [ 3936731.944280394352973, 1107553.1922908781562 ], [ 3936731.944280394352973, 1107590.61680822703056 ], [ 3936705.481150394305587, 1107617.079938227077946 ], [ 3936668.056633045431226, 1107617.079938227077946 ], [ 3936630.632115696556866, 1107617.079938227077946 ], [ 3936593.207598347682506, 1107617.079938227077946 ], [ 3936566.74446834763512, 1107643.543068227125332 ], [ 3936566.74446834763512, 1107680.967585575999692 ], [ 3936566.74446834763512, 1107718.392102924874052 ], [ 3936566.74446834763512, 1107755.816620273748413 ], [ 3936566.74446834763512, 1107793.241137622622773 ], [ 3936566.74446834763512, 1107830.665654971497133 ], [ 3936566.74446834763512, 1107868.090172320371494 ], [ 3936566.74446834763512, 1107905.514689669245854 ], [ 3936540.281338347587734, 1107931.97781966929324 ], [ 3936502.856820998713374, 1107931.97781966929324 ], [ 3936465.432303649839014, 1107931.97781966929324 ], [ 3936456.63646265398711, 1107928.045007092179731 ], [ 3936419.211945305112749, 1107928.045007092179731 ], [ 3936381.787427956238389, 1107928.045007092179731 ], [ 3936381.787427956238389, 1107965.469524441054091 ], [ 3936381.787427956238389, 1108002.894041789928451 ], [ 3936381.787427956238389, 1108040.318559138802812 ], [ 3936381.787427956238389, 1108077.743076487677172 ], [ 3936381.787427956238389, 1108115.167593836551532 ], [ 3936381.787427956238389, 1108152.592111185425892 ], [ 3936381.787427956238389, 1108190.016628534300253 ], [ 3936381.787427956238389, 1108227.441145883174613 ], [ 3936381.787427956238389, 1108264.865663232048973 ], [ 3936344.362910607364029, 1108264.865663232048973 ], [ 3936306.938393258489668, 1108264.865663232048973 ], [ 3936269.513875909615308, 1108264.865663232048973 ], [ 3936232.089358560740948, 1108264.865663232048973 ], [ 3936232.089358560740948, 1108302.290180580923334 ], [ 3936232.089358560740948, 1108339.714697929797694 ], [ 3936232.089358560740948, 1108377.139215278672054 ], [ 3936232.089358560740948, 1108414.563732627546415 ], [ 3936232.089358560740948, 1108451.988249976420775 ], [ 3936232.089358560740948, 1108489.412767325295135 ], [ 3936232.089358560740948, 1108526.837284674169496 ], [ 3936232.089358560740948, 1108564.261802023043856 ], [ 3936205.626228560693562, 1108590.724932023091242 ], [ 3936168.201711211819202, 1108590.724932023091242 ], [ 3936130.777193862944841, 1108590.724932023091242 ], [ 3936093.352676514070481, 1108590.724932023091242 ], [ 3936066.889546514023095, 1108617.188062023138627 ], [ 3936066.889546514023095, 1108654.612579372012988 ], [ 3936066.889546514023095, 1108692.037096720887348 ], [ 3936066.889546514023095, 1108729.461614069761708 ], [ 3936066.889546514023095, 1108766.886131418636069 ], [ 3936066.889546514023095, 1108804.310648767510429 ], [ 3936066.889546514023095, 1108841.735166116384789 ], [ 3936066.889546514023095, 1108879.15968346525915 ], [ 3936066.889546514023095, 1108916.58420081413351 ], [ 3936040.42641651397571, 1108943.047330814180896 ], [ 3936003.001899165101349, 1108943.047330814180896 ], [ 3935965.577381816226989, 1108943.047330814180896 ], [ 3935928.152864467352629, 1108943.047330814180896 ], [ 3935901.689734467305243, 1108969.510460814228281 ], [ 3935901.689734467305243, 1109006.934978163102642 ], [ 3935901.689734467305243, 1109044.359495511977002 ], [ 3935901.689734467305243, 1109081.784012860851362 ], [ 3935901.689734467305243, 1109119.208530209725723 ], [ 3935901.689734467305243, 1109156.633047558600083 ], [ 3935901.689734467305243, 1109194.057564907474443 ], [ 3935901.689734467305243, 1109231.482082256348804 ], [ 3935875.226604467257857, 1109257.945212256396189 ], [ 3935837.802087118383497, 1109257.945212256396189 ], [ 3935800.377569769509137, 1109257.945212256396189 ], [ 3935762.953052420634776, 1109257.945212256396189 ], [ 3935762.953052420634776, 1109295.36972960527055 ], [ 3935762.953052420634776, 1109332.79424695414491 ], [ 3935762.953052420634776, 1109370.21876430301927 ], [ 3935762.953052420634776, 1109407.643281651893631 ], [ 3935736.489922420587391, 1109434.106411651941016 ], [ 3935699.06540507171303, 1109434.106411651941016 ], [ 3935661.64088772283867, 1109434.106411651941016 ], [ 3935624.21637037396431, 1109434.106411651941016 ], [ 3935586.791853025089949, 1109434.106411651941016 ], [ 3935560.328723025042564, 1109460.569541651988402 ], [ 3935560.328723025042564, 1109497.994059000862762 ], [ 3935560.328723025042564, 1109535.418576349737123 ], [ 3935560.328723025042564, 1109572.843093698611483 ], [ 3935560.328723025042564, 1109610.267611047485843 ], [ 3935560.328723025042564, 1109647.692128396360204 ], [ 3935560.328723025042564, 1109685.116645745234564 ], [ 3935560.328723025042564, 1109722.541163094108924 ], [ 3935560.328723025042564, 1109759.965680442983285 ], [ 3935560.328723025042564, 1109797.390197791857645 ], [ 3935560.328723025042564, 1109834.814715140732005 ], [ 3935560.328723025042564, 1109872.239232489606366 ], [ 3935560.328723025042564, 1109909.663749838480726 ], [ 3935533.865593024995178, 1109936.126879838528112 ], [ 3935496.441075676120818, 1109936.126879838528112 ], [ 3935459.016558327246457, 1109936.126879838528112 ], [ 3935421.592040978372097, 1109936.126879838528112 ], [ 3935421.592040978372097, 1109973.551397187402472 ], [ 3935421.592040978372097, 1110010.975914536276832 ], [ 3935421.592040978372097, 1110048.400431885151193 ], [ 3935421.592040978372097, 1110085.824949234025553 ], [ 3935384.167523629497737, 1110085.824949234025553 ], [ 3935346.743006280623376, 1110085.824949234025553 ], [ 3935309.318488931749016, 1110085.824949234025553 ], [ 3935271.893971582874656, 1110085.824949234025553 ], [ 3935245.43084158282727, 1110112.288079234072939 ], [ 3935245.43084158282727, 1110149.712596582947299 ], [ 3935245.43084158282727, 1110187.137113931821659 ], [ 3935245.43084158282727, 1110224.56163128069602 ], [ 3935245.43084158282727, 1110261.98614862957038 ], [ 3935245.43084158282727, 1110299.41066597844474 ], [ 3935245.43084158282727, 1110336.8351833273191 ], [ 3935245.43084158282727, 1110374.259700676193461 ], [ 3935245.43084158282727, 1110411.684218025067821 ], [ 3935208.00632423395291, 1110411.684218025067821 ], [ 3935170.581806885078549, 1110411.684218025067821 ], [ 3935133.157289536204189, 1110411.684218025067821 ], [ 3935095.732772187329829, 1110411.684218025067821 ], [ 3935095.732772187329829, 1110449.108735373942181 ], [ 3935095.732772187329829, 1110486.533252722816542 ], [ 3935095.732772187329829, 1110523.957770071690902 ], [ 3935095.732772187329829, 1110561.382287420565262 ], [ 3935069.269642187282443, 1110587.845417420612648 ], [ 3935031.845124838408083, 1110587.845417420612648 ], [ 3934994.420607489533722, 1110587.845417420612648 ], [ 3934956.996090140659362, 1110587.845417420612648 ], [ 3934919.571572791785002, 1110587.845417420612648 ], [ 3934919.571572791785002, 1110625.269934769487008 ], [ 3934919.571572791785002, 1110662.694452118361369 ], [ 3934919.571572791785002, 1110700.118969467235729 ], [ 3934919.571572791785002, 1110737.543486816110089 ], [ 3934919.571572791785002, 1110774.96800416498445 ], [ 3934919.571572791785002, 1110812.39252151385881 ], [ 3934919.571572791785002, 1110849.81703886273317 ], [ 3934919.571572791785002, 1110887.241556211607531 ], [ 3934893.108442791737616, 1110913.704686211654916 ], [ 3934855.683925442863256, 1110913.704686211654916 ], [ 3934818.259408093988895, 1110913.704686211654916 ], [ 3934780.834890745114535, 1110913.704686211654916 ], [ 3934743.410373396240175, 1110913.704686211654916 ], [ 3934705.985856047365814, 1110913.704686211654916 ], [ 3934668.561338698491454, 1110913.704686211654916 ], [ 3934631.136821349617094, 1110913.704686211654916 ], [ 3934593.712304000742733, 1110913.704686211654916 ], [ 3934556.287786651868373, 1110913.704686211654916 ], [ 3934518.863269302994013, 1110913.704686211654916 ], [ 3934481.438751954119653, 1110913.704686211654916 ], [ 3934444.014234605245292, 1110913.704686211654916 ], [ 3934417.551104605197906, 1110940.167816211702302 ], [ 3934417.551104605197906, 1110977.592333560576662 ], [ 3934417.551104605197906, 1111015.016850909451023 ], [ 3934417.551104605197906, 1111052.441368258325383 ], [ 3934417.551104605197906, 1111089.865885607199743 ], [ 3934417.551104605197906, 1111127.290402956074104 ], [ 3934417.551104605197906, 1111164.714920304948464 ], [ 3934417.551104605197906, 1111202.139437653822824 ], [ 3934417.551104605197906, 1111239.563955002697185 ], [ 3934380.126587256323546, 1111239.563955002697185 ], [ 3934342.702069907449186, 1111239.563955002697185 ], [ 3934305.277552558574826, 1111239.563955002697185 ], [ 3934267.853035209700465, 1111239.563955002697185 ], [ 3934230.428517860826105, 1111239.563955002697185 ], [ 3934193.004000511951745, 1111239.563955002697185 ], [ 3934155.579483163077384, 1111239.563955002697185 ], [ 3934118.154965814203024, 1111239.563955002697185 ], [ 3934080.730448465328664, 1111239.563955002697185 ], [ 3934054.267318465281278, 1111213.100825002649799 ], [ 3934054.267318465281278, 1111175.676307653775439 ], [ 3934054.267318465281278, 1111138.251790304901078 ], [ 3934054.267318465281278, 1111100.827272956026718 ], [ 3934027.804188465233892, 1111074.364142955979332 ], [ 3933990.379671116359532, 1111074.364142955979332 ], [ 3933952.955153767485172, 1111074.364142955979332 ], [ 3933915.530636418610811, 1111074.364142955979332 ], [ 3933889.067506418563426, 1111047.901012955931947 ], [ 3933889.067506418563426, 1111010.476495607057586 ], [ 3933889.067506418563426, 1110973.051978258183226 ], [ 3933889.067506418563426, 1110935.627460909308866 ], [ 3933862.60437641851604, 1110909.16433090926148 ], [ 3933825.17985906964168, 1110909.16433090926148 ], [ 3933787.755341720767319, 1110909.16433090926148 ], [ 3933750.330824371892959, 1110909.16433090926148 ], [ 3933712.906307023018599, 1110909.16433090926148 ], [ 3933675.481789674144238, 1110909.16433090926148 ], [ 3933638.057272325269878, 1110909.16433090926148 ], [ 3933600.632754976395518, 1110909.16433090926148 ], [ 3933574.169624976348132, 1110882.701200909214094 ], [ 3933574.169624976348132, 1110845.276683560339734 ], [ 3933574.169624976348132, 1110807.852166211465374 ], [ 3933574.169624976348132, 1110770.427648862591013 ], [ 3933574.169624976348132, 1110733.003131513716653 ], [ 3933574.169624976348132, 1110695.578614164842293 ], [ 3933574.169624976348132, 1110658.154096815967932 ], [ 3933574.169624976348132, 1110620.729579467093572 ], [ 3933574.169624976348132, 1110583.305062118219212 ], [ 3933536.745107627473772, 1110583.305062118219212 ], [ 3933499.320590278599411, 1110583.305062118219212 ], [ 3933461.896072929725051, 1110583.305062118219212 ], [ 3933435.432942929677665, 1110556.841932118171826 ], [ 3933435.432942929677665, 1110519.417414769297466 ], [ 3933435.432942929677665, 1110481.992897420423105 ], [ 3933435.432942929677665, 1110444.568380071548745 ], [ 3933408.96981292963028, 1110418.105250071501359 ], [ 3933371.545295580755919, 1110418.105250071501359 ], [ 3933334.120778231881559, 1110418.105250071501359 ], [ 3933296.696260883007199, 1110418.105250071501359 ], [ 3933259.271743534132838, 1110418.105250071501359 ], [ 3933221.847226185258478, 1110418.105250071501359 ], [ 3933184.422708836384118, 1110418.105250071501359 ], [ 3933146.998191487509757, 1110418.105250071501359 ], [ 3933109.573674138635397, 1110418.105250071501359 ], [ 3933072.149156789761037, 1110418.105250071501359 ], [ 3933034.724639440886676, 1110418.105250071501359 ], [ 3932997.300122092012316, 1110418.105250071501359 ], [ 3932959.875604743137956, 1110418.105250071501359 ], [ 3932933.41247474309057, 1110391.642120071453974 ], [ 3932933.41247474309057, 1110354.217602722579613 ], [ 3932933.41247474309057, 1110316.793085373705253 ], [ 3932933.41247474309057, 1110279.368568024830893 ], [ 3932906.949344743043184, 1110252.905438024783507 ], [ 3932869.524827394168824, 1110252.905438024783507 ], [ 3932832.100310045294464, 1110252.905438024783507 ], [ 3932794.675792696420103, 1110252.905438024783507 ], [ 3932768.212662696372718, 1110226.442308024736121 ], [ 3932768.212662696372718, 1110189.017790675861761 ], [ 3932768.212662696372718, 1110151.593273326987401 ], [ 3932768.212662696372718, 1110114.16875597811304 ], [ 3932768.212662696372718, 1110076.74423862923868 ], [ 3932768.212662696372718, 1110039.31972128036432 ], [ 3932768.212662696372718, 1110001.895203931489959 ], [ 3932768.212662696372718, 1109964.470686582615599 ], [ 3932768.212662696372718, 1109927.046169233741239 ], [ 3932730.788145347498357, 1109927.046169233741239 ], [ 3932693.363627998623997, 1109927.046169233741239 ], [ 3932655.939110649749637, 1109927.046169233741239 ], [ 3932618.514593300875276, 1109927.046169233741239 ], [ 3932581.090075952000916, 1109927.046169233741239 ], [ 3932581.090075952000916, 1109889.621651884866878 ], [ 3932581.090075952000916, 1109852.197134535992518 ], [ 3932581.090075952000916, 1109814.772617187118158 ], [ 3932581.090075952000916, 1109777.348099838243797 ], [ 3932554.62694595195353, 1109750.884969838196412 ], [ 3932517.20242860307917, 1109750.884969838196412 ], [ 3932479.77791125420481, 1109750.884969838196412 ], [ 3932442.353393905330449, 1109750.884969838196412 ], [ 3932404.928876556456089, 1109750.884969838196412 ], [ 3932367.504359207581729, 1109750.884969838196412 ], [ 3932330.079841858707368, 1109750.884969838196412 ], [ 3932292.655324509833008, 1109750.884969838196412 ], [ 3932266.192194509785622, 1109724.421839838149026 ], [ 3932266.192194509785622, 1109686.997322489274666 ], [ 3932266.192194509785622, 1109649.572805140400305 ], [ 3932266.192194509785622, 1109612.148287791525945 ], [ 3932239.729064509738237, 1109585.685157791478559 ], [ 3932202.304547160863876, 1109585.685157791478559 ], [ 3932164.880029811989516, 1109585.685157791478559 ], [ 3932127.455512463115156, 1109585.685157791478559 ], [ 3932090.030995114240795, 1109585.685157791478559 ], [ 3932052.606477765366435, 1109585.685157791478559 ], [ 3932015.181960416492075, 1109585.685157791478559 ], [ 3931977.757443067617714, 1109585.685157791478559 ], [ 3931940.332925718743354, 1109585.685157791478559 ], [ 3931902.908408369868994, 1109585.685157791478559 ], [ 3931865.483891020994633, 1109585.685157791478559 ], [ 3931828.059373672120273, 1109585.685157791478559 ], [ 3931790.634856323245913, 1109585.685157791478559 ], [ 3931753.210338974371552, 1109585.685157791478559 ], [ 3931715.785821625497192, 1109585.685157791478559 ], [ 3931678.361304276622832, 1109585.685157791478559 ], [ 3931640.936786927748471, 1109585.685157791478559 ], [ 3931603.512269578874111, 1109585.685157791478559 ], [ 3931566.087752229999751, 1109585.685157791478559 ], [ 3931528.663234881125391, 1109585.685157791478559 ], [ 3931491.23871753225103, 1109585.685157791478559 ], [ 3931453.81420018337667, 1109585.685157791478559 ], [ 3931427.351070183329284, 1109559.222027791431174 ], [ 3931427.351070183329284, 1109521.797510442556813 ], [ 3931427.351070183329284, 1109484.372993093682453 ], [ 3931427.351070183329284, 1109446.948475744808093 ], [ 3931400.887940183281898, 1109420.485345744760707 ], [ 3931363.463422834407538, 1109420.485345744760707 ], [ 3931326.038905485533178, 1109420.485345744760707 ], [ 3931288.614388136658818, 1109420.485345744760707 ], [ 3931251.189870787784457, 1109420.485345744760707 ], [ 3931213.765353438910097, 1109420.485345744760707 ], [ 3931176.340836090035737, 1109420.485345744760707 ], [ 3931138.916318741161376, 1109420.485345744760707 ], [ 3931101.491801392287016, 1109420.485345744760707 ], [ 3931064.067284043412656, 1109420.485345744760707 ], [ 3931026.642766694538295, 1109420.485345744760707 ], [ 3930989.218249345663935, 1109420.485345744760707 ], [ 3930951.793731996789575, 1109420.485345744760707 ], [ 3930914.369214647915214, 1109420.485345744760707 ], [ 3930876.944697299040854, 1109420.485345744760707 ], [ 3930839.520179950166494, 1109420.485345744760707 ], [ 3930802.095662601292133, 1109420.485345744760707 ], [ 3930764.671145252417773, 1109420.485345744760707 ], [ 3930727.246627903543413, 1109420.485345744760707 ], [ 3930689.822110554669052, 1109420.485345744760707 ], [ 3930652.397593205794692, 1109420.485345744760707 ], [ 3930625.934463205747306, 1109394.022215744713321 ], [ 3930625.934463205747306, 1109356.597698395838961 ], [ 3930625.934463205747306, 1109319.173181046964601 ], [ 3930625.934463205747306, 1109281.74866369809024 ], [ 3930599.471333205699921, 1109255.285533698042855 ], [ 3930562.04681585682556, 1109255.285533698042855 ], [ 3930524.6222985079512, 1109255.285533698042855 ], [ 3930487.19778115907684, 1109255.285533698042855 ], [ 3930449.773263810202479, 1109255.285533698042855 ], [ 3930412.348746461328119, 1109255.285533698042855 ], [ 3930374.924229112453759, 1109255.285533698042855 ], [ 3930337.499711763579398, 1109255.285533698042855 ], [ 3930300.075194414705038, 1109255.285533698042855 ], [ 3930262.650677065830678, 1109255.285533698042855 ], [ 3930225.226159716956317, 1109255.285533698042855 ], [ 3930187.801642368081957, 1109255.285533698042855 ], [ 3930150.377125019207597, 1109255.285533698042855 ], [ 3930123.913995019160211, 1109228.822403697995469 ], [ 3930123.913995019160211, 1109191.397886349121109 ], [ 3930123.913995019160211, 1109153.973369000246748 ], [ 3930123.913995019160211, 1109116.548851651372388 ], [ 3930097.450865019112825, 1109090.085721651325002 ], [ 3930060.026347670238465, 1109090.085721651325002 ], [ 3930022.601830321364105, 1109090.085721651325002 ], [ 3929985.177312972489744, 1109090.085721651325002 ], [ 3929947.752795623615384, 1109090.085721651325002 ], [ 3929910.328278274741024, 1109090.085721651325002 ], [ 3929872.903760925866663, 1109090.085721651325002 ], [ 3929835.479243576992303, 1109090.085721651325002 ], [ 3929798.054726228117943, 1109090.085721651325002 ], [ 3929760.630208879243582, 1109090.085721651325002 ], [ 3929723.205691530369222, 1109090.085721651325002 ], [ 3929685.781174181494862, 1109090.085721651325002 ], [ 3929648.356656832620502, 1109090.085721651325002 ], [ 3929610.932139483746141, 1109090.085721651325002 ], [ 3929573.507622134871781, 1109090.085721651325002 ], [ 3929536.083104785997421, 1109090.085721651325002 ], [ 3929498.65858743712306, 1109090.085721651325002 ], [ 3929461.2340700882487, 1109090.085721651325002 ], [ 3929461.2340700882487, 1109052.661204302450642 ], [ 3929461.2340700882487, 1109015.236686953576282 ], [ 3929461.2340700882487, 1108977.812169604701921 ], [ 3929461.2340700882487, 1108940.387652255827561 ], [ 3929423.80955273937434, 1108940.387652255827561 ], [ 3929386.385035390499979, 1108940.387652255827561 ], [ 3929348.960518041625619, 1108940.387652255827561 ], [ 3929311.536000692751259, 1108940.387652255827561 ], [ 3929274.111483343876898, 1108940.387652255827561 ], [ 3929236.686965995002538, 1108940.387652255827561 ], [ 3929199.262448646128178, 1108940.387652255827561 ], [ 3929161.837931297253817, 1108940.387652255827561 ], [ 3929124.413413948379457, 1108940.387652255827561 ], [ 3929086.988896599505097, 1108940.387652255827561 ], [ 3929049.564379250630736, 1108940.387652255827561 ], [ 3929012.139861901756376, 1108940.387652255827561 ], [ 3928985.67673190170899, 1108913.924522255780175 ], [ 3928985.67673190170899, 1108876.500004906905815 ], [ 3928985.67673190170899, 1108839.075487558031455 ], [ 3928985.67673190170899, 1108801.650970209157094 ], [ 3928985.67673190170899, 1108764.226452860282734 ], [ 3928948.25221455283463, 1108764.226452860282734 ], [ 3928910.82769720396027, 1108764.226452860282734 ], [ 3928873.403179855085909, 1108764.226452860282734 ], [ 3928835.978662506211549, 1108764.226452860282734 ], [ 3928798.554145157337189, 1108764.226452860282734 ], [ 3928761.129627808462828, 1108764.226452860282734 ], [ 3928723.705110459588468, 1108764.226452860282734 ], [ 3928686.280593110714108, 1108764.226452860282734 ], [ 3928648.856075761839747, 1108764.226452860282734 ], [ 3928611.431558412965387, 1108764.226452860282734 ], [ 3928574.007041064091027, 1108764.226452860282734 ], [ 3928536.582523715216666, 1108764.226452860282734 ], [ 3928499.158006366342306, 1108764.226452860282734 ], [ 3928461.733489017467946, 1108764.226452860282734 ], [ 3928424.308971668593585, 1108764.226452860282734 ], [ 3928386.884454319719225, 1108764.226452860282734 ], [ 3928349.459936970844865, 1108764.226452860282734 ], [ 3928312.035419621970505, 1108764.226452860282734 ], [ 3928274.610902273096144, 1108764.226452860282734 ], [ 3928237.186384924221784, 1108764.226452860282734 ], [ 3928199.761867575347424, 1108764.226452860282734 ], [ 3928162.337350226473063, 1108764.226452860282734 ], [ 3928162.337350226473063, 1108726.801935511408374 ], [ 3928162.337350226473063, 1108689.377418162534013 ], [ 3928162.337350226473063, 1108651.952900813659653 ], [ 3928162.337350226473063, 1108614.528383464785293 ], [ 3928124.912832877598703, 1108614.528383464785293 ], [ 3928087.488315528724343, 1108614.528383464785293 ], [ 3928050.063798179849982, 1108614.528383464785293 ], [ 3928012.639280830975622, 1108614.528383464785293 ], [ 3927975.214763482101262, 1108614.528383464785293 ], [ 3927937.790246133226901, 1108614.528383464785293 ], [ 3927900.365728784352541, 1108614.528383464785293 ], [ 3927862.941211435478181, 1108614.528383464785293 ], [ 3927825.51669408660382, 1108614.528383464785293 ], [ 3927825.51669408660382, 1108577.103866115910932 ], [ 3927825.51669408660382, 1108539.679348767036572 ], [ 3927825.51669408660382, 1108502.254831418162212 ], [ 3927825.51669408660382, 1108464.830314069287851 ], [ 3927825.51669408660382, 1108427.405796720413491 ], [ 3927788.09217673772946, 1108427.405796720413491 ], [ 3927750.6676593888551, 1108427.405796720413491 ], [ 3927713.243142039980739, 1108427.405796720413491 ], [ 3927675.818624691106379, 1108427.405796720413491 ], [ 3927638.394107342232019, 1108427.405796720413491 ], [ 3927600.969589993357658, 1108427.405796720413491 ], [ 3927563.545072644483298, 1108427.405796720413491 ], [ 3927526.120555295608938, 1108427.405796720413491 ], [ 3927488.696037946734577, 1108427.405796720413491 ], [ 3927451.271520597860217, 1108427.405796720413491 ], [ 3927413.847003248985857, 1108427.405796720413491 ], [ 3927376.422485900111496, 1108427.405796720413491 ], [ 3927338.997968551237136, 1108427.405796720413491 ], [ 3927301.573451202362776, 1108427.405796720413491 ], [ 3927264.148933853488415, 1108427.405796720413491 ], [ 3927226.724416504614055, 1108427.405796720413491 ], [ 3927189.299899155739695, 1108427.405796720413491 ], [ 3927151.875381806865335, 1108427.405796720413491 ], [ 3927114.450864457990974, 1108427.405796720413491 ], [ 3927077.026347109116614, 1108427.405796720413491 ], [ 3927039.601829760242254, 1108427.405796720413491 ], [ 3927002.177312411367893, 1108427.405796720413491 ], [ 3927002.177312411367893, 1108389.981279371539131 ], [ 3927002.177312411367893, 1108352.55676202266477 ], [ 3927002.177312411367893, 1108315.13224467379041 ], [ 3927002.177312411367893, 1108277.70772732491605 ], [ 3926964.752795062493533, 1108277.70772732491605 ], [ 3926927.328277713619173, 1108277.70772732491605 ], [ 3926889.903760364744812, 1108277.70772732491605 ], [ 3926852.479243015870452, 1108277.70772732491605 ], [ 3926815.054725666996092, 1108277.70772732491605 ], [ 3926777.630208318121731, 1108277.70772732491605 ], [ 3926740.205690969247371, 1108277.70772732491605 ], [ 3926702.781173620373011, 1108277.70772732491605 ], [ 3926665.35665627149865, 1108277.70772732491605 ], [ 3926627.93213892262429, 1108277.70772732491605 ], [ 3926590.50762157374993, 1108277.70772732491605 ], [ 3926553.083104224875569, 1108277.70772732491605 ], [ 3926526.619974224828184, 1108251.244597324868664 ], [ 3926526.619974224828184, 1108213.820079975994304 ], [ 3926526.619974224828184, 1108176.395562627119943 ], [ 3926526.619974224828184, 1108138.971045278245583 ], [ 3926526.619974224828184, 1108101.546527929371223 ], [ 3926489.195456875953823, 1108101.546527929371223 ], [ 3926451.770939527079463, 1108101.546527929371223 ], [ 3926414.346422178205103, 1108101.546527929371223 ], [ 3926376.921904829330742, 1108101.546527929371223 ], [ 3926350.458774829283357, 1108128.009657929418609 ], [ 3926350.458774829283357, 1108165.434175278292969 ], [ 3926350.458774829283357, 1108202.858692627167329 ], [ 3926350.458774829283357, 1108240.28320997604169 ], [ 3926323.995644829235971, 1108266.746339976089075 ], [ 3926286.571127480361611, 1108266.746339976089075 ], [ 3926249.14661013148725, 1108266.746339976089075 ], [ 3926211.72209278261289, 1108266.746339976089075 ], [ 3926211.72209278261289, 1108304.170857324963436 ], [ 3926211.72209278261289, 1108341.595374673837796 ], [ 3926211.72209278261289, 1108379.019892022712156 ], [ 3926211.72209278261289, 1108416.444409371586516 ], [ 3926211.72209278261289, 1108453.868926720460877 ], [ 3926211.72209278261289, 1108491.293444069335237 ], [ 3926211.72209278261289, 1108528.717961418209597 ], [ 3926211.72209278261289, 1108566.142478767083958 ], [ 3926185.258962782565504, 1108592.605608767131343 ], [ 3926147.834445433691144, 1108592.605608767131343 ], [ 3926110.409928084816784, 1108592.605608767131343 ], [ 3926072.985410735942423, 1108592.605608767131343 ], [ 3926035.560893387068063, 1108592.605608767131343 ], [ 3926035.560893387068063, 1108630.030126116005704 ], [ 3926035.560893387068063, 1108667.454643464880064 ], [ 3926035.560893387068063, 1108704.879160813754424 ], [ 3926035.560893387068063, 1108742.303678162628785 ], [ 3926035.560893387068063, 1108779.728195511503145 ], [ 3926035.560893387068063, 1108817.152712860377505 ], [ 3926035.560893387068063, 1108854.577230209251866 ], [ 3926035.560893387068063, 1108892.001747558126226 ], [ 3926035.560893387068063, 1108929.426264907000586 ], [ 3926035.560893387068063, 1108966.850782255874947 ], [ 3926035.560893387068063, 1109004.275299604749307 ], [ 3926035.560893387068063, 1109041.699816953623667 ], [ 3926035.560893387068063, 1109079.124334302498028 ], [ 3926009.097763387020677, 1109105.587464302545413 ], [ 3925971.673246038146317, 1109105.587464302545413 ], [ 3925934.248728689271957, 1109105.587464302545413 ], [ 3925896.824211340397596, 1109105.587464302545413 ], [ 3925870.361081340350211, 1109132.050594302592799 ], [ 3925870.361081340350211, 1109169.475111651467159 ], [ 3925870.361081340350211, 1109206.89962900034152 ], [ 3925870.361081340350211, 1109244.32414634921588 ], [ 3925870.361081340350211, 1109281.74866369809024 ], [ 3925870.361081340350211, 1109319.173181046964601 ], [ 3925870.361081340350211, 1109356.597698395838961 ], [ 3925870.361081340350211, 1109394.022215744713321 ], [ 3925843.897951340302825, 1109420.485345744760707 ], [ 3925806.473433991428465, 1109420.485345744760707 ], [ 3925769.048916642554104, 1109420.485345744760707 ], [ 3925731.624399293679744, 1109420.485345744760707 ], [ 3925694.199881944805384, 1109420.485345744760707 ], [ 3925694.199881944805384, 1109457.909863093635067 ], [ 3925694.199881944805384, 1109495.334380442509428 ], [ 3925694.199881944805384, 1109532.758897791383788 ], [ 3925694.199881944805384, 1109570.183415140258148 ], [ 3925694.199881944805384, 1109607.607932489132509 ], [ 3925694.199881944805384, 1109645.032449838006869 ], [ 3925694.199881944805384, 1109682.456967186881229 ], [ 3925694.199881944805384, 1109719.88148453575559 ], [ 3925694.199881944805384, 1109757.30600188462995 ], [ 3925656.775364595931023, 1109757.30600188462995 ], [ 3925619.350847247056663, 1109757.30600188462995 ], [ 3925581.926329898182303, 1109757.30600188462995 ], [ 3925544.501812549307942, 1109757.30600188462995 ], [ 3925544.501812549307942, 1109794.73051923350431 ], [ 3925544.501812549307942, 1109832.155036582378671 ], [ 3925544.501812549307942, 1109869.579553931253031 ], [ 3925544.501812549307942, 1109907.004071280127391 ], [ 3925544.501812549307942, 1109944.428588629001752 ], [ 3925544.501812549307942, 1109981.853105977876112 ], [ 3925544.501812549307942, 1110019.277623326750472 ], [ 3925544.501812549307942, 1110056.702140675624833 ], [ 3925518.038682549260557, 1110083.165270675672218 ], [ 3925480.614165200386196, 1110083.165270675672218 ], [ 3925443.189647851511836, 1110083.165270675672218 ], [ 3925405.765130502637476, 1110083.165270675672218 ], [ 3925368.340613153763115, 1110083.165270675672218 ], [ 3925368.340613153763115, 1110120.589788024546579 ], [ 3925368.340613153763115, 1110158.014305373420939 ], [ 3925368.340613153763115, 1110195.438822722295299 ], [ 3925368.340613153763115, 1110232.863340071169659 ], [ 3925368.340613153763115, 1110270.28785742004402 ], [ 3925368.340613153763115, 1110307.71237476891838 ], [ 3925368.340613153763115, 1110345.13689211779274 ], [ 3925368.340613153763115, 1110382.561409466667101 ], [ 3925341.87748315371573, 1110409.024539466714486 ], [ 3925304.452965804841369, 1110409.024539466714486 ], [ 3925267.028448455967009, 1110409.024539466714486 ], [ 3925229.603931107092649, 1110409.024539466714486 ], [ 3925229.603931107092649, 1110446.449056815588847 ], [ 3925229.603931107092649, 1110483.873574164463207 ], [ 3925229.603931107092649, 1110521.298091513337567 ], [ 3925229.603931107092649, 1110558.722608862211928 ], [ 3925229.603931107092649, 1110596.147126211086288 ], [ 3925229.603931107092649, 1110633.571643559960648 ], [ 3925229.603931107092649, 1110670.996160908835009 ], [ 3925229.603931107092649, 1110708.420678257709369 ], [ 3925229.603931107092649, 1110745.845195606583729 ], [ 3925192.179413758218288, 1110745.845195606583729 ], [ 3925154.754896409343928, 1110745.845195606583729 ], [ 3925117.330379060469568, 1110745.845195606583729 ], [ 3925079.905861711595207, 1110745.845195606583729 ], [ 3925053.442731711547822, 1110772.308325606631115 ], [ 3925053.442731711547822, 1110809.732842955505475 ], [ 3925053.442731711547822, 1110847.157360304379836 ], [ 3925053.442731711547822, 1110884.581877653254196 ], [ 3925053.442731711547822, 1110922.006395002128556 ], [ 3925053.442731711547822, 1110959.430912351002917 ], [ 3925053.442731711547822, 1110996.855429699877277 ], [ 3925053.442731711547822, 1111034.279947048751637 ], [ 3925053.442731711547822, 1111071.704464397625998 ], [ 3925053.442731711547822, 1111109.128981746500358 ], [ 3925053.442731711547822, 1111146.553499095374718 ], [ 3925053.442731711547822, 1111183.978016444249079 ], [ 3925053.442731711547822, 1111221.402533793123439 ], [ 3925053.442731711547822, 1111258.827051141997799 ], [ 3925053.442731711547822, 1111296.25156849087216 ], [ 3925053.442731711547822, 1111333.67608583974652 ], [ 3925053.442731711547822, 1111371.10060318862088 ], [ 3925079.905861711595207, 1111397.563733188668266 ], [ 3925117.330379060469568, 1111397.563733188668266 ], [ 3925154.754896409343928, 1111397.563733188668266 ], [ 3925192.179413758218288, 1111397.563733188668266 ], [ 3925218.642543758265674, 1111424.026863188715652 ], [ 3925218.642543758265674, 1111461.451380537590012 ], [ 3925218.642543758265674, 1111498.875897886464372 ], [ 3925218.642543758265674, 1111536.300415235338733 ], [ 3925218.642543758265674, 1111573.724932584213093 ], [ 3925181.218026409391314, 1111573.724932584213093 ], [ 3925143.793509060516953, 1111573.724932584213093 ], [ 3925106.368991711642593, 1111573.724932584213093 ], [ 3925068.944474362768233, 1111573.724932584213093 ], [ 3925068.944474362768233, 1111611.149449933087453 ], [ 3925068.944474362768233, 1111648.573967281961814 ], [ 3925068.944474362768233, 1111685.998484630836174 ], [ 3925068.944474362768233, 1111723.423001979710534 ], [ 3925068.944474362768233, 1111760.847519328584895 ], [ 3925068.944474362768233, 1111798.272036677459255 ], [ 3925068.944474362768233, 1111835.696554026333615 ], [ 3925068.944474362768233, 1111873.121071375207976 ], [ 3925068.944474362768233, 1111910.545588724082336 ], [ 3925068.944474362768233, 1111947.970106072956696 ], [ 3925068.944474362768233, 1111985.394623421831056 ], [ 3925068.944474362768233, 1112022.819140770705417 ], [ 3925068.944474362768233, 1112060.243658119579777 ], [ 3925042.481344362720847, 1112086.706788119627163 ], [ 3925005.056827013846487, 1112086.706788119627163 ], [ 3924967.632309664972126, 1112086.706788119627163 ], [ 3924930.207792316097766, 1112086.706788119627163 ], [ 3924892.783274967223406, 1112086.706788119627163 ], [ 3924866.32014496717602, 1112113.169918119674549 ], [ 3924866.32014496717602, 1112150.594435468548909 ], [ 3924866.32014496717602, 1112188.018952817423269 ], [ 3924866.32014496717602, 1112225.443470166297629 ], [ 3924839.857014967128634, 1112251.906600166345015 ], [ 3924802.432497618254274, 1112251.906600166345015 ], [ 3924765.007980269379914, 1112251.906600166345015 ], [ 3924727.583462920505553, 1112251.906600166345015 ], [ 3924690.158945571631193, 1112251.906600166345015 ], [ 3924652.734428222756833, 1112251.906600166345015 ], [ 3924615.309910873882473, 1112251.906600166345015 ], [ 3924577.885393525008112, 1112251.906600166345015 ], [ 3924551.422263524960726, 1112278.369730166392401 ], [ 3924551.422263524960726, 1112315.794247515266761 ], [ 3924551.422263524960726, 1112353.218764864141122 ], [ 3924551.422263524960726, 1112390.643282213015482 ], [ 3924524.959133524913341, 1112417.106412213062868 ], [ 3924487.53461617603898, 1112417.106412213062868 ], [ 3924450.11009882716462, 1112417.106412213062868 ], [ 3924412.68558147829026, 1112417.106412213062868 ], [ 3924375.2610641294159, 1112417.106412213062868 ], [ 3924337.836546780541539, 1112417.106412213062868 ], [ 3924300.412029431667179, 1112417.106412213062868 ], [ 3924262.987512082792819, 1112417.106412213062868 ], [ 3924225.562994733918458, 1112417.106412213062868 ], [ 3924188.138477385044098, 1112417.106412213062868 ], [ 3924150.713960036169738, 1112417.106412213062868 ], [ 3924113.289442687295377, 1112417.106412213062868 ], [ 3924075.864925338421017, 1112417.106412213062868 ], [ 3924038.440407989546657, 1112417.106412213062868 ], [ 3924001.015890640672296, 1112417.106412213062868 ], [ 3923963.591373291797936, 1112417.106412213062868 ], [ 3923926.166855942923576, 1112417.106412213062868 ], [ 3923888.742338594049215, 1112417.106412213062868 ], [ 3923888.742338594049215, 1112454.530929561937228 ], [ 3923888.742338594049215, 1112491.955446910811588 ], [ 3923888.742338594049215, 1112529.379964259685948 ], [ 3923888.742338594049215, 1112566.804481608560309 ], [ 3923851.317821245174855, 1112566.804481608560309 ], [ 3923813.893303896300495, 1112566.804481608560309 ], [ 3923776.468786547426134, 1112566.804481608560309 ], [ 3923739.044269198551774, 1112566.804481608560309 ], [ 3923739.044269198551774, 1112604.228998957434669 ], [ 3923739.044269198551774, 1112641.653516306309029 ], [ 3923739.044269198551774, 1112679.07803365518339 ], [ 3923739.044269198551774, 1112716.50255100405775 ], [ 3923712.581139198504388, 1112742.965681004105136 ], [ 3923675.156621849630028, 1112742.965681004105136 ], [ 3923637.732104500755668, 1112742.965681004105136 ], [ 3923600.307587151881307, 1112742.965681004105136 ], [ 3923562.883069803006947, 1112742.965681004105136 ], [ 3923525.458552454132587, 1112742.965681004105136 ], [ 3923488.034035105258226, 1112742.965681004105136 ], [ 3923450.609517756383866, 1112742.965681004105136 ], [ 3923413.185000407509506, 1112742.965681004105136 ], [ 3923375.760483058635145, 1112742.965681004105136 ], [ 3923338.335965709760785, 1112742.965681004105136 ], [ 3923300.911448360886425, 1112742.965681004105136 ], [ 3923263.486931012012064, 1112742.965681004105136 ], [ 3923226.062413663137704, 1112742.965681004105136 ], [ 3923199.599283663090318, 1112716.50255100405775 ], [ 3923199.599283663090318, 1112679.07803365518339 ], [ 3923199.599283663090318, 1112641.653516306309029 ], [ 3923199.599283663090318, 1112604.228998957434669 ], [ 3923199.599283663090318, 1112566.804481608560309 ], [ 3923226.062413663137704, 1112540.341351608512923 ], [ 3923263.486931012012064, 1112540.341351608512923 ], [ 3923300.911448360886425, 1112540.341351608512923 ], [ 3923338.335965709760785, 1112540.341351608512923 ], [ 3923375.760483058635145, 1112540.341351608512923 ], [ 3923375.760483058635145, 1112502.916834259638563 ], [ 3923375.760483058635145, 1112465.492316910764202 ], [ 3923375.760483058635145, 1112428.067799561889842 ], [ 3923375.760483058635145, 1112390.643282213015482 ], [ 3923375.760483058635145, 1112353.218764864141122 ], [ 3923375.760483058635145, 1112315.794247515266761 ], [ 3923375.760483058635145, 1112278.369730166392401 ], [ 3923375.760483058635145, 1112240.945212817518041 ], [ 3923402.223613058682531, 1112214.482082817470655 ], [ 3923439.648130407556891, 1112214.482082817470655 ], [ 3923477.072647756431252, 1112214.482082817470655 ], [ 3923514.497165105305612, 1112214.482082817470655 ], [ 3923551.921682454179972, 1112214.482082817470655 ], [ 3923589.346199803054333, 1112214.482082817470655 ], [ 3923626.770717151928693, 1112214.482082817470655 ], [ 3923664.195234500803053, 1112214.482082817470655 ], [ 3923701.619751849677414, 1112214.482082817470655 ], [ 3923701.619751849677414, 1112177.057565468596295 ], [ 3923701.619751849677414, 1112139.633048119721934 ], [ 3923701.619751849677414, 1112102.208530770847574 ], [ 3923701.619751849677414, 1112064.784013421973214 ], [ 3923728.082881849724799, 1112038.320883421925828 ], [ 3923765.50739919859916, 1112038.320883421925828 ], [ 3923802.93191654747352, 1112038.320883421925828 ], [ 3923840.35643389634788, 1112038.320883421925828 ], [ 3923877.780951245222241, 1112038.320883421925828 ], [ 3923877.780951245222241, 1112000.896366073051468 ], [ 3923877.780951245222241, 1111963.471848724177107 ], [ 3923877.780951245222241, 1111926.047331375302747 ], [ 3923877.780951245222241, 1111888.622814026428387 ], [ 3923877.780951245222241, 1111851.198296677554026 ], [ 3923877.780951245222241, 1111813.773779328679666 ], [ 3923877.780951245222241, 1111776.349261979805306 ], [ 3923877.780951245222241, 1111738.924744630930945 ], [ 3923904.244081245269626, 1111712.46161463088356 ], [ 3923941.668598594143987, 1111712.46161463088356 ], [ 3923979.093115943018347, 1111712.46161463088356 ], [ 3924016.517633291892707, 1111712.46161463088356 ], [ 3924042.980763291940093, 1111685.998484630836174 ], [ 3924042.980763291940093, 1111648.573967281961814 ], [ 3924042.980763291940093, 1111611.149449933087453 ], [ 3924042.980763291940093, 1111573.724932584213093 ], [ 3924042.980763291940093, 1111536.300415235338733 ], [ 3924042.980763291940093, 1111498.875897886464372 ], [ 3924042.980763291940093, 1111461.451380537590012 ], [ 3924042.980763291940093, 1111424.026863188715652 ], [ 3924069.443893291987479, 1111397.563733188668266 ], [ 3924106.868410640861839, 1111397.563733188668266 ], [ 3924144.292927989736199, 1111397.563733188668266 ], [ 3924181.71744533861056, 1111397.563733188668266 ], [ 3924219.14196268748492, 1111397.563733188668266 ], [ 3924219.14196268748492, 1111360.139215839793906 ], [ 3924219.14196268748492, 1111322.714698490919545 ], [ 3924219.14196268748492, 1111285.290181142045185 ], [ 3924219.14196268748492, 1111247.865663793170825 ], [ 3924219.14196268748492, 1111210.441146444296464 ], [ 3924219.14196268748492, 1111173.016629095422104 ], [ 3924219.14196268748492, 1111135.592111746547744 ], [ 3924219.14196268748492, 1111098.167594397673383 ], [ 3924219.14196268748492, 1111060.743077048799023 ], [ 3924256.56648003635928, 1111060.743077048799023 ], [ 3924293.990997385233641, 1111060.743077048799023 ], [ 3924331.415514734108001, 1111060.743077048799023 ], [ 3924368.840032082982361, 1111060.743077048799023 ], [ 3924368.840032082982361, 1111023.318559699924663 ], [ 3924368.840032082982361, 1110985.894042351050302 ], [ 3924368.840032082982361, 1110948.469525002175942 ], [ 3924368.840032082982361, 1110911.045007653301582 ], [ 3924395.303162083029747, 1110884.581877653254196 ], [ 3924432.727679431904107, 1110884.581877653254196 ], [ 3924470.152196780778468, 1110884.581877653254196 ], [ 3924507.576714129652828, 1110884.581877653254196 ], [ 3924545.001231478527188, 1110884.581877653254196 ], [ 3924545.001231478527188, 1110847.157360304379836 ], [ 3924545.001231478527188, 1110809.732842955505475 ], [ 3924545.001231478527188, 1110772.308325606631115 ], [ 3924545.001231478527188, 1110734.883808257756755 ], [ 3924545.001231478527188, 1110697.459290908882394 ], [ 3924545.001231478527188, 1110660.034773560008034 ], [ 3924545.001231478527188, 1110622.610256211133674 ], [ 3924545.001231478527188, 1110585.185738862259313 ], [ 3924545.001231478527188, 1110547.761221513384953 ], [ 3924545.001231478527188, 1110510.336704164510593 ], [ 3924545.001231478527188, 1110472.912186815636232 ], [ 3924545.001231478527188, 1110435.487669466761872 ], [ 3924545.001231478527188, 1110398.063152117887512 ], [ 3924582.425748827401549, 1110398.063152117887512 ], [ 3924619.850266176275909, 1110398.063152117887512 ], [ 3924657.274783525150269, 1110398.063152117887512 ], [ 3924694.69930087402463, 1110398.063152117887512 ], [ 3924694.69930087402463, 1110360.638634769013152 ], [ 3924694.69930087402463, 1110323.214117420138791 ], [ 3924694.69930087402463, 1110285.789600071264431 ], [ 3924694.69930087402463, 1110248.365082722390071 ], [ 3924721.162430874072015, 1110221.901952722342685 ], [ 3924758.586948222946376, 1110221.901952722342685 ], [ 3924796.011465571820736, 1110221.901952722342685 ], [ 3924833.435982920695096, 1110221.901952722342685 ], [ 3924859.899112920742482, 1110195.438822722295299 ], [ 3924859.899112920742482, 1110158.014305373420939 ], [ 3924859.899112920742482, 1110120.589788024546579 ], [ 3924859.899112920742482, 1110083.165270675672218 ], [ 3924859.899112920742482, 1110045.740753326797858 ], [ 3924859.899112920742482, 1110008.316235977923498 ], [ 3924859.899112920742482, 1109970.891718629049137 ], [ 3924859.899112920742482, 1109933.467201280174777 ], [ 3924859.899112920742482, 1109896.042683931300417 ], [ 3924859.899112920742482, 1109858.618166582426056 ], [ 3924859.899112920742482, 1109821.193649233551696 ], [ 3924859.899112920742482, 1109783.769131884677336 ], [ 3924859.899112920742482, 1109746.344614535802975 ], [ 3924897.323630269616842, 1109746.344614535802975 ], [ 3924934.748147618491203, 1109746.344614535802975 ], [ 3924972.172664967365563, 1109746.344614535802975 ], [ 3925009.597182316239923, 1109746.344614535802975 ], [ 3925047.021699665114284, 1109746.344614535802975 ], [ 3925047.021699665114284, 1109708.920097186928615 ], [ 3925047.021699665114284, 1109671.495579838054255 ], [ 3925047.021699665114284, 1109634.071062489179894 ], [ 3925047.021699665114284, 1109596.646545140305534 ], [ 3925047.021699665114284, 1109559.222027791431174 ], [ 3925047.021699665114284, 1109521.797510442556813 ], [ 3925047.021699665114284, 1109484.372993093682453 ], [ 3925047.021699665114284, 1109446.948475744808093 ], [ 3925047.021699665114284, 1109409.523958395933732 ], [ 3925084.446217013988644, 1109409.523958395933732 ], [ 3925121.870734362863004, 1109409.523958395933732 ], [ 3925159.295251711737365, 1109409.523958395933732 ], [ 3925196.719769060611725, 1109409.523958395933732 ], [ 3925196.719769060611725, 1109372.099441047059372 ], [ 3925196.719769060611725, 1109334.674923698185012 ], [ 3925196.719769060611725, 1109297.250406349310651 ], [ 3925196.719769060611725, 1109259.825889000436291 ], [ 3925196.719769060611725, 1109222.401371651561931 ], [ 3925196.719769060611725, 1109184.97685430268757 ], [ 3925196.719769060611725, 1109147.55233695381321 ], [ 3925196.719769060611725, 1109110.12781960493885 ], [ 3925223.182899060659111, 1109083.664689604891464 ], [ 3925260.607416409533471, 1109083.664689604891464 ], [ 3925298.031933758407831, 1109083.664689604891464 ], [ 3925335.456451107282192, 1109083.664689604891464 ], [ 3925361.919581107329577, 1109057.201559604844078 ], [ 3925361.919581107329577, 1109019.777042255969718 ], [ 3925361.919581107329577, 1108982.352524907095358 ], [ 3925361.919581107329577, 1108944.928007558220997 ], [ 3925388.382711107376963, 1108918.464877558173612 ], [ 3925425.807228456251323, 1108918.464877558173612 ], [ 3925463.231745805125684, 1108918.464877558173612 ], [ 3925500.656263154000044, 1108918.464877558173612 ], [ 3925500.656263154000044, 1108881.040360209299251 ], [ 3925500.656263154000044, 1108843.615842860424891 ], [ 3925500.656263154000044, 1108806.191325511550531 ], [ 3925500.656263154000044, 1108768.76680816267617 ], [ 3925500.656263154000044, 1108731.34229081380181 ], [ 3925500.656263154000044, 1108693.91777346492745 ], [ 3925500.656263154000044, 1108656.493256116053089 ], [ 3925500.656263154000044, 1108619.068738767178729 ], [ 3925500.656263154000044, 1108581.644221418304369 ], [ 3925500.656263154000044, 1108544.219704069430009 ], [ 3925500.656263154000044, 1108506.795186720555648 ], [ 3925500.656263154000044, 1108469.370669371681288 ], [ 3925500.656263154000044, 1108431.946152022806928 ], [ 3925527.11939315404743, 1108405.483022022759542 ], [ 3925564.54391050292179, 1108405.483022022759542 ], [ 3925601.96842785179615, 1108405.483022022759542 ], [ 3925639.392945200670511, 1108405.483022022759542 ], [ 3925676.817462549544871, 1108405.483022022759542 ], [ 3925676.817462549544871, 1108368.058504673885182 ], [ 3925676.817462549544871, 1108330.633987325010821 ], [ 3925676.817462549544871, 1108293.209469976136461 ], [ 3925676.817462549544871, 1108255.784952627262101 ], [ 3925714.241979898419231, 1108255.784952627262101 ], [ 3925751.666497247293591, 1108255.784952627262101 ], [ 3925789.091014596167952, 1108255.784952627262101 ], [ 3925826.515531945042312, 1108255.784952627262101 ], [ 3925863.940049293916672, 1108255.784952627262101 ], [ 3925863.940049293916672, 1108218.36043527838774 ], [ 3925863.940049293916672, 1108180.93591792951338 ], [ 3925863.940049293916672, 1108143.51140058063902 ], [ 3925863.940049293916672, 1108106.086883231764659 ], [ 3925863.940049293916672, 1108068.662365882890299 ], [ 3925863.940049293916672, 1108031.237848534015939 ], [ 3925863.940049293916672, 1107993.813331185141578 ], [ 3925863.940049293916672, 1107956.388813836267218 ], [ 3925863.940049293916672, 1107918.964296487392858 ], [ 3925863.940049293916672, 1107881.539779138518497 ], [ 3925863.940049293916672, 1107844.115261789644137 ], [ 3925863.940049293916672, 1107806.690744440769777 ], [ 3925863.940049293916672, 1107769.266227091895416 ], [ 3925890.403179293964058, 1107742.803097091848031 ], [ 3925927.827696642838418, 1107742.803097091848031 ], [ 3925965.252213991712779, 1107742.803097091848031 ], [ 3926002.676731340587139, 1107742.803097091848031 ], [ 3926002.676731340587139, 1107705.37857974297367 ], [ 3926002.676731340587139, 1107667.95406239409931 ], [ 3926002.676731340587139, 1107630.52954504522495 ], [ 3926002.676731340587139, 1107593.105027696350589 ], [ 3926002.676731340587139, 1107555.680510347476229 ], [ 3926002.676731340587139, 1107518.255992998601869 ], [ 3926002.676731340587139, 1107480.831475649727508 ], [ 3926002.676731340587139, 1107443.406958300853148 ], [ 3926029.139861340634525, 1107416.943828300805762 ], [ 3926066.564378689508885, 1107416.943828300805762 ], [ 3926103.988896038383245, 1107416.943828300805762 ], [ 3926141.413413387257606, 1107416.943828300805762 ], [ 3926178.837930736131966, 1107416.943828300805762 ], [ 3926178.837930736131966, 1107379.519310951931402 ], [ 3926178.837930736131966, 1107342.094793603057042 ], [ 3926178.837930736131966, 1107304.670276254182681 ], [ 3926178.837930736131966, 1107267.245758905308321 ], [ 3926205.301060736179352, 1107240.782628905260935 ], [ 3926242.725578085053712, 1107240.782628905260935 ], [ 3926280.150095433928072, 1107240.782628905260935 ], [ 3926317.574612782802433, 1107240.782628905260935 ], [ 3926344.037742782849818, 1107214.31949890521355 ], [ 3926344.037742782849818, 1107176.894981556339189 ], [ 3926344.037742782849818, 1107139.470464207464829 ], [ 3926344.037742782849818, 1107102.045946858590469 ], [ 3926344.037742782849818, 1107064.621429509716108 ], [ 3926344.037742782849818, 1107027.196912160841748 ], [ 3926344.037742782849818, 1106989.772394811967388 ], [ 3926344.037742782849818, 1106952.347877463093027 ], [ 3926344.037742782849818, 1106914.923360114218667 ], [ 3926344.037742782849818, 1106877.498842765344307 ], [ 3926344.037742782849818, 1106840.074325416469947 ], [ 3926344.037742782849818, 1106802.649808067595586 ], [ 3926344.037742782849818, 1106765.225290718721226 ], [ 3926381.462260131724179, 1106765.225290718721226 ], [ 3926418.886777480598539, 1106765.225290718721226 ], [ 3926456.311294829472899, 1106765.225290718721226 ], [ 3926493.73581217834726, 1106765.225290718721226 ], [ 3926520.198942178394645, 1106738.76216071867384 ], [ 3926520.198942178394645, 1106701.33764336979948 ], [ 3926520.198942178394645, 1106663.91312602092512 ], [ 3926520.198942178394645, 1106626.488608672050759 ], [ 3926546.662072178442031, 1106600.025478672003374 ], [ 3926584.086589527316391, 1106600.025478672003374 ], [ 3926621.511106876190752, 1106600.025478672003374 ], [ 3926658.935624225065112, 1106600.025478672003374 ], [ 3926685.398754225112498, 1106573.562348671955988 ], [ 3926685.398754225112498, 1106536.137831323081627 ], [ 3926685.398754225112498, 1106498.713313974207267 ], [ 3926685.398754225112498, 1106461.288796625332907 ], [ 3926685.398754225112498, 1106423.864279276458547 ], [ 3926685.398754225112498, 1106386.439761927584186 ], [ 3926685.398754225112498, 1106349.015244578709826 ], [ 3926685.398754225112498, 1106311.590727229835466 ], [ 3926685.398754225112498, 1106274.166209880961105 ], [ 3926685.398754225112498, 1106236.741692532086745 ], [ 3926685.398754225112498, 1106199.317175183212385 ], [ 3926685.398754225112498, 1106161.892657834338024 ], [ 3926685.398754225112498, 1106124.468140485463664 ], [ 3926711.861884225159883, 1106098.005010485416278 ], [ 3926749.286401574034244, 1106098.005010485416278 ], [ 3926786.710918922908604, 1106098.005010485416278 ], [ 3926824.135436271782964, 1106098.005010485416278 ], [ 3926824.135436271782964, 1106060.580493136541918 ], [ 3926824.135436271782964, 1106023.155975787667558 ], [ 3926824.135436271782964, 1105985.731458438793197 ], [ 3926824.135436271782964, 1105948.306941089918837 ], [ 3926850.59856627183035, 1105921.843811089871451 ], [ 3926888.02308362070471, 1105921.843811089871451 ], [ 3926925.447600969579071, 1105921.843811089871451 ], [ 3926962.872118318453431, 1105921.843811089871451 ], [ 3927000.296635667327791, 1105921.843811089871451 ], [ 3927000.296635667327791, 1105884.419293740997091 ], [ 3927000.296635667327791, 1105846.994776392122731 ], [ 3927000.296635667327791, 1105809.57025904324837 ], [ 3927000.296635667327791, 1105772.14574169437401 ], [ 3927000.296635667327791, 1105734.72122434549965 ], [ 3927000.296635667327791, 1105697.296706996625289 ], [ 3927000.296635667327791, 1105659.872189647750929 ], [ 3927000.296635667327791, 1105622.447672298876569 ], [ 3927000.296635667327791, 1105585.023154950002208 ], [ 3927000.296635667327791, 1105547.598637601127848 ], [ 3927000.296635667327791, 1105510.174120252253488 ], [ 3927000.296635667327791, 1105472.749602903379127 ], [ 3927026.759765667375177, 1105446.286472903331742 ], [ 3927064.184283016249537, 1105446.286472903331742 ], [ 3927101.608800365123898, 1105446.286472903331742 ], [ 3927139.033317713998258, 1105446.286472903331742 ], [ 3927165.496447714045644, 1105419.823342903284356 ], [ 3927165.496447714045644, 1105382.398825554409996 ], [ 3927165.496447714045644, 1105344.974308205535635 ], [ 3927165.496447714045644, 1105307.549790856661275 ], [ 3927165.496447714045644, 1105270.125273507786915 ], [ 3927165.496447714045644, 1105232.700756158912554 ], [ 3927165.496447714045644, 1105195.276238810038194 ], [ 3927165.496447714045644, 1105157.851721461163834 ], [ 3927165.496447714045644, 1105120.427204112289473 ], [ 3927165.496447714045644, 1105083.002686763415113 ], [ 3927165.496447714045644, 1105045.578169414540753 ], [ 3927165.496447714045644, 1105008.153652065666392 ], [ 3927165.496447714045644, 1104970.729134716792032 ], [ 3927165.496447714045644, 1104933.304617367917672 ], [ 3927165.496447714045644, 1104895.880100019043311 ], [ 3927165.496447714045644, 1104858.455582670168951 ], [ 3927165.496447714045644, 1104821.031065321294591 ], [ 3927165.496447714045644, 1104783.606547972420231 ], [ 3927165.496447714045644, 1104746.18203062354587 ], [ 3927165.496447714045644, 1104708.75751327467151 ], [ 3927165.496447714045644, 1104671.33299592579715 ], [ 3927165.496447714045644, 1104633.908478576922789 ], [ 3927165.496447714045644, 1104596.483961228048429 ], [ 3927165.496447714045644, 1104559.059443879174069 ], [ 3927165.496447714045644, 1104521.634926530299708 ], [ 3927165.496447714045644, 1104484.210409181425348 ], [ 3927165.496447714045644, 1104446.785891832550988 ], [ 3927165.496447714045644, 1104409.361374483676627 ], [ 3927165.496447714045644, 1104371.936857134802267 ], [ 3927165.496447714045644, 1104334.512339785927907 ], [ 3927165.496447714045644, 1104297.087822437053546 ], [ 3927165.496447714045644, 1104259.663305088179186 ], [ 3927165.496447714045644, 1104222.238787739304826 ], [ 3927165.496447714045644, 1104184.814270390430465 ], [ 3927165.496447714045644, 1104147.389753041556105 ], [ 3927165.496447714045644, 1104109.965235692681745 ], [ 3927165.496447714045644, 1104072.540718343807384 ], [ 3927165.496447714045644, 1104035.116200994933024 ], [ 3927165.496447714045644, 1103997.691683646058664 ], [ 3927165.496447714045644, 1103960.267166297184303 ], [ 3927165.496447714045644, 1103922.842648948309943 ], [ 3927165.496447714045644, 1103885.418131599435583 ], [ 3927165.496447714045644, 1103847.993614250561222 ], [ 3927165.496447714045644, 1103810.569096901686862 ], [ 3927165.496447714045644, 1103773.144579552812502 ], [ 3927165.496447714045644, 1103735.720062203938141 ], [ 3927165.496447714045644, 1103698.295544855063781 ], [ 3927165.496447714045644, 1103660.871027506189421 ], [ 3927165.496447714045644, 1103623.44651015731506 ], [ 3927165.496447714045644, 1103586.0219928084407 ], [ 3927165.496447714045644, 1103548.59747545956634 ], [ 3927165.496447714045644, 1103511.17295811069198 ], [ 3927165.496447714045644, 1103473.748440761817619 ], [ 3927165.496447714045644, 1103436.323923412943259 ], [ 3927165.496447714045644, 1103398.899406064068899 ], [ 3927165.496447714045644, 1103361.474888715194538 ], [ 3927165.496447714045644, 1103324.050371366320178 ], [ 3927165.496447714045644, 1103286.625854017445818 ], [ 3927165.496447714045644, 1103249.201336668571457 ], [ 3927165.496447714045644, 1103211.776819319697097 ], [ 3927165.496447714045644, 1103174.352301970822737 ], [ 3927165.496447714045644, 1103136.927784621948376 ], [ 3927165.496447714045644, 1103099.503267273074016 ], [ 3927165.496447714045644, 1103062.078749924199656 ], [ 3927165.496447714045644, 1103024.654232575325295 ], [ 3927165.496447714045644, 1102987.229715226450935 ], [ 3927165.496447714045644, 1102949.805197877576575 ], [ 3927165.496447714045644, 1102912.380680528702214 ], [ 3927165.496447714045644, 1102874.956163179827854 ], [ 3927165.496447714045644, 1102837.531645830953494 ], [ 3927165.496447714045644, 1102800.107128482079133 ], [ 3927165.496447714045644, 1102762.682611133204773 ], [ 3927165.496447714045644, 1102725.258093784330413 ], [ 3927165.496447714045644, 1102687.833576435456052 ], [ 3927165.496447714045644, 1102650.409059086581692 ], [ 3927165.496447714045644, 1102612.984541737707332 ], [ 3927165.496447714045644, 1102575.560024388832971 ], [ 3927165.496447714045644, 1102538.135507039958611 ], [ 3927165.496447714045644, 1102500.710989691084251 ], [ 3927165.496447714045644, 1102463.28647234220989 ], [ 3927165.496447714045644, 1102425.86195499333553 ], [ 3927165.496447714045644, 1102388.43743764446117 ], [ 3927165.496447714045644, 1102351.01292029558681 ], [ 3927165.496447714045644, 1102313.588402946712449 ], [ 3927165.496447714045644, 1102276.163885597838089 ], [ 3927165.496447714045644, 1102238.739368248963729 ], [ 3927165.496447714045644, 1102201.314850900089368 ], [ 3927165.496447714045644, 1102163.890333551215008 ], [ 3927165.496447714045644, 1102126.465816202340648 ], [ 3927165.496447714045644, 1102089.041298853466287 ], [ 3927165.496447714045644, 1102051.616781504591927 ], [ 3927165.496447714045644, 1102014.192264155717567 ], [ 3927165.496447714045644, 1101976.767746806843206 ], [ 3927165.496447714045644, 1101939.343229457968846 ], [ 3927165.496447714045644, 1101901.918712109094486 ], [ 3927165.496447714045644, 1101864.494194760220125 ], [ 3927165.496447714045644, 1101827.069677411345765 ], [ 3927165.496447714045644, 1101789.645160062471405 ], [ 3927165.496447714045644, 1101752.220642713597044 ], [ 3927165.496447714045644, 1101714.796125364722684 ], [ 3927165.496447714045644, 1101677.371608015848324 ], [ 3927165.496447714045644, 1101639.947090666973963 ], [ 3927165.496447714045644, 1101602.522573318099603 ], [ 3927165.496447714045644, 1101565.098055969225243 ], [ 3927165.496447714045644, 1101527.673538620350882 ], [ 3927165.496447714045644, 1101490.249021271476522 ], [ 3927165.496447714045644, 1101452.824503922602162 ], [ 3927165.496447714045644, 1101415.399986573727801 ], [ 3927165.496447714045644, 1101377.975469224853441 ], [ 3927165.496447714045644, 1101340.550951875979081 ], [ 3927165.496447714045644, 1101303.12643452710472 ], [ 3927165.496447714045644, 1101265.70191717823036 ], [ 3927165.496447714045644, 1101228.277399829356 ], [ 3927165.496447714045644, 1101190.85288248048164 ], [ 3927165.496447714045644, 1101153.428365131607279 ], [ 3927165.496447714045644, 1101116.003847782732919 ], [ 3927165.496447714045644, 1101078.579330433858559 ], [ 3927165.496447714045644, 1101041.154813084984198 ], [ 3927165.496447714045644, 1101003.730295736109838 ], [ 3927165.496447714045644, 1100966.305778387235478 ], [ 3927165.496447714045644, 1100928.881261038361117 ], [ 3927165.496447714045644, 1100891.456743689486757 ], [ 3927165.496447714045644, 1100854.032226340612397 ], [ 3927165.496447714045644, 1100816.607708991738036 ], [ 3927165.496447714045644, 1100779.183191642863676 ], [ 3927165.496447714045644, 1100741.758674293989316 ], [ 3927165.496447714045644, 1100704.334156945114955 ], [ 3927165.496447714045644, 1100666.909639596240595 ], [ 3927165.496447714045644, 1100629.485122247366235 ], [ 3927165.496447714045644, 1100592.060604898491874 ], [ 3927165.496447714045644, 1100554.636087549617514 ], [ 3927165.496447714045644, 1100517.211570200743154 ], [ 3927165.496447714045644, 1100479.787052851868793 ], [ 3927165.496447714045644, 1100442.362535502994433 ], [ 3927165.496447714045644, 1100404.938018154120073 ], [ 3927165.496447714045644, 1100367.513500805245712 ], [ 3927165.496447714045644, 1100330.088983456371352 ], [ 3927165.496447714045644, 1100292.664466107496992 ], [ 3927165.496447714045644, 1100255.239948758622631 ], [ 3927165.496447714045644, 1100217.815431409748271 ], [ 3927165.496447714045644, 1100180.390914060873911 ], [ 3927165.496447714045644, 1100142.96639671199955 ], [ 3927165.496447714045644, 1100105.54187936312519 ], [ 3927165.496447714045644, 1100068.11736201425083 ], [ 3927165.496447714045644, 1100030.692844665376469 ], [ 3927165.496447714045644, 1099993.268327316502109 ], [ 3927165.496447714045644, 1099955.843809967627749 ], [ 3927165.496447714045644, 1099918.419292618753389 ], [ 3927165.496447714045644, 1099880.994775269879028 ], [ 3927165.496447714045644, 1099843.570257921004668 ], [ 3927165.496447714045644, 1099806.145740572130308 ], [ 3927165.496447714045644, 1099768.721223223255947 ], [ 3927165.496447714045644, 1099731.296705874381587 ], [ 3927165.496447714045644, 1099693.872188525507227 ], [ 3927165.496447714045644, 1099656.447671176632866 ], [ 3927165.496447714045644, 1099619.023153827758506 ], [ 3927165.496447714045644, 1099581.598636478884146 ], [ 3927165.496447714045644, 1099544.174119130009785 ], [ 3927165.496447714045644, 1099506.749601781135425 ], [ 3927165.496447714045644, 1099469.325084432261065 ], [ 3927165.496447714045644, 1099431.900567083386704 ], [ 3927165.496447714045644, 1099394.476049734512344 ], [ 3927165.496447714045644, 1099357.051532385637984 ], [ 3927165.496447714045644, 1099319.627015036763623 ], [ 3927165.496447714045644, 1099282.202497687889263 ], [ 3927165.496447714045644, 1099244.777980339014903 ], [ 3927165.496447714045644, 1099207.353462990140542 ], [ 3927165.496447714045644, 1099169.928945641266182 ], [ 3927165.496447714045644, 1099132.504428292391822 ], [ 3927165.496447714045644, 1099095.079910943517461 ], [ 3927165.496447714045644, 1099057.655393594643101 ], [ 3927165.496447714045644, 1099020.230876245768741 ], [ 3927165.496447714045644, 1098982.80635889689438 ], [ 3927165.496447714045644, 1098945.38184154802002 ], [ 3927165.496447714045644, 1098907.95732419914566 ], [ 3927165.496447714045644, 1098870.532806850271299 ], [ 3927165.496447714045644, 1098833.108289501396939 ], [ 3927165.496447714045644, 1098795.683772152522579 ], [ 3927165.496447714045644, 1098758.259254803648219 ], [ 3927165.496447714045644, 1098720.834737454773858 ], [ 3927165.496447714045644, 1098683.410220105899498 ], [ 3927165.496447714045644, 1098645.985702757025138 ], [ 3927165.496447714045644, 1098608.561185408150777 ], [ 3927165.496447714045644, 1098571.136668059276417 ], [ 3927165.496447714045644, 1098533.712150710402057 ], [ 3927165.496447714045644, 1098496.287633361527696 ], [ 3927165.496447714045644, 1098458.863116012653336 ], [ 3927165.496447714045644, 1098421.438598663778976 ], [ 3927165.496447714045644, 1098384.014081314904615 ], [ 3927165.496447714045644, 1098346.589563966030255 ], [ 3927165.496447714045644, 1098309.165046617155895 ], [ 3927165.496447714045644, 1098271.740529268281534 ], [ 3927165.496447714045644, 1098234.316011919407174 ], [ 3927165.496447714045644, 1098196.891494570532814 ], [ 3927165.496447714045644, 1098159.466977221658453 ], [ 3927165.496447714045644, 1098122.042459872784093 ], [ 3927165.496447714045644, 1098084.617942523909733 ], [ 3927165.496447714045644, 1098047.193425175035372 ], [ 3927165.496447714045644, 1098009.768907826161012 ], [ 3927165.496447714045644, 1097972.344390477286652 ], [ 3927165.496447714045644, 1097934.919873128412291 ], [ 3927165.496447714045644, 1097897.495355779537931 ], [ 3927165.496447714045644, 1097860.070838430663571 ], [ 3927165.496447714045644, 1097822.64632108178921 ], [ 3927165.496447714045644, 1097785.22180373291485 ], [ 3927165.496447714045644, 1097747.79728638404049 ], [ 3927165.496447714045644, 1097710.372769035166129 ], [ 3927165.496447714045644, 1097672.948251686291769 ], [ 3927165.496447714045644, 1097635.523734337417409 ], [ 3927165.496447714045644, 1097598.099216988543049 ], [ 3927165.496447714045644, 1097560.674699639668688 ], [ 3927165.496447714045644, 1097523.250182290794328 ], [ 3927165.496447714045644, 1097485.825664941919968 ], [ 3927165.496447714045644, 1097448.401147593045607 ], [ 3927165.496447714045644, 1097410.976630244171247 ], [ 3927165.496447714045644, 1097373.552112895296887 ], [ 3927165.496447714045644, 1097336.127595546422526 ], [ 3927165.496447714045644, 1097298.703078197548166 ], [ 3927165.496447714045644, 1097261.278560848673806 ], [ 3927165.496447714045644, 1097223.854043499799445 ], [ 3927165.496447714045644, 1097186.429526150925085 ], [ 3927165.496447714045644, 1097149.005008802050725 ], [ 3927165.496447714045644, 1097111.580491453176364 ], [ 3927165.496447714045644, 1097074.155974104302004 ], [ 3927165.496447714045644, 1097036.731456755427644 ], [ 3927165.496447714045644, 1096999.306939406553283 ], [ 3927165.496447714045644, 1096961.882422057678923 ], [ 3927165.496447714045644, 1096924.457904708804563 ], [ 3927165.496447714045644, 1096887.033387359930202 ], [ 3927165.496447714045644, 1096849.608870011055842 ], [ 3927165.496447714045644, 1096812.184352662181482 ], [ 3927165.496447714045644, 1096774.759835313307121 ], [ 3927165.496447714045644, 1096737.335317964432761 ], [ 3927165.496447714045644, 1096699.910800615558401 ], [ 3927165.496447714045644, 1096662.48628326668404 ], [ 3927165.496447714045644, 1096625.06176591780968 ], [ 3927165.496447714045644, 1096587.63724856893532 ], [ 3927165.496447714045644, 1096550.212731220060959 ], [ 3927165.496447714045644, 1096512.788213871186599 ], [ 3927165.496447714045644, 1096475.363696522312239 ], [ 3927165.496447714045644, 1096437.939179173437878 ], [ 3927165.496447714045644, 1096400.514661824563518 ], [ 3927165.496447714045644, 1096363.090144475689158 ], [ 3927165.496447714045644, 1096325.665627126814798 ], [ 3927165.496447714045644, 1096288.241109777940437 ], [ 3927165.496447714045644, 1096250.816592429066077 ], [ 3927165.496447714045644, 1096213.392075080191717 ], [ 3927165.496447714045644, 1096175.967557731317356 ], [ 3927165.496447714045644, 1096138.543040382442996 ], [ 3927165.496447714045644, 1096101.118523033568636 ], [ 3927165.496447714045644, 1096063.694005684694275 ], [ 3927165.496447714045644, 1096026.269488335819915 ], [ 3927165.496447714045644, 1095988.844970986945555 ], [ 3927165.496447714045644, 1095951.420453638071194 ], [ 3927165.496447714045644, 1095913.995936289196834 ], [ 3927165.496447714045644, 1095876.571418940322474 ], [ 3927165.496447714045644, 1095839.146901591448113 ], [ 3927165.496447714045644, 1095801.722384242573753 ], [ 3927165.496447714045644, 1095764.297866893699393 ], [ 3927165.496447714045644, 1095726.873349544825032 ], [ 3927165.496447714045644, 1095689.448832195950672 ], [ 3927165.496447714045644, 1095652.024314847076312 ], [ 3927165.496447714045644, 1095614.599797498201951 ], [ 3927165.496447714045644, 1095577.175280149327591 ], [ 3927165.496447714045644, 1095539.750762800453231 ], [ 3927165.496447714045644, 1095502.32624545157887 ], [ 3927165.496447714045644, 1095464.90172810270451 ], [ 3927165.496447714045644, 1095427.47721075383015 ], [ 3927165.496447714045644, 1095390.052693404955789 ], [ 3927165.496447714045644, 1095352.628176056081429 ], [ 3927165.496447714045644, 1095315.203658707207069 ], [ 3927165.496447714045644, 1095277.779141358332708 ], [ 3927165.496447714045644, 1095240.354624009458348 ], [ 3927165.496447714045644, 1095202.930106660583988 ], [ 3927165.496447714045644, 1095165.505589311709628 ], [ 3927165.496447714045644, 1095128.081071962835267 ], [ 3927165.496447714045644, 1095090.656554613960907 ], [ 3927165.496447714045644, 1095053.232037265086547 ], [ 3927165.496447714045644, 1095015.807519916212186 ], [ 3927165.496447714045644, 1094978.383002567337826 ], [ 3927165.496447714045644, 1094940.958485218463466 ], [ 3927165.496447714045644, 1094903.533967869589105 ], [ 3927165.496447714045644, 1094866.109450520714745 ], [ 3927165.496447714045644, 1094828.684933171840385 ], [ 3927165.496447714045644, 1094791.260415822966024 ], [ 3927165.496447714045644, 1094753.835898474091664 ], [ 3927165.496447714045644, 1094716.411381125217304 ], [ 3927165.496447714045644, 1094678.986863776342943 ], [ 3927165.496447714045644, 1094641.562346427468583 ], [ 3927165.496447714045644, 1094604.137829078594223 ], [ 3927165.496447714045644, 1094566.713311729719862 ], [ 3927165.496447714045644, 1094529.288794380845502 ], [ 3927165.496447714045644, 1094491.864277031971142 ], [ 3927165.496447714045644, 1094454.439759683096781 ], [ 3927165.496447714045644, 1094417.015242334222421 ], [ 3927165.496447714045644, 1094379.590724985348061 ], [ 3927165.496447714045644, 1094342.1662076364737 ], [ 3927165.496447714045644, 1094304.74169028759934 ], [ 3927165.496447714045644, 1094267.31717293872498 ], [ 3927165.496447714045644, 1094229.892655589850619 ], [ 3927165.496447714045644, 1094192.468138240976259 ], [ 3927165.496447714045644, 1094155.043620892101899 ], [ 3927165.496447714045644, 1094117.619103543227538 ], [ 3927165.496447714045644, 1094080.194586194353178 ], [ 3927165.496447714045644, 1094042.770068845478818 ], [ 3927165.496447714045644, 1094005.345551496604457 ], [ 3927165.496447714045644, 1093967.921034147730097 ], [ 3927165.496447714045644, 1093930.496516798855737 ], [ 3927165.496447714045644, 1093893.071999449981377 ], [ 3927165.496447714045644, 1093855.647482101107016 ], [ 3927165.496447714045644, 1093818.222964752232656 ], [ 3927165.496447714045644, 1093780.798447403358296 ], [ 3927165.496447714045644, 1093743.373930054483935 ], [ 3927165.496447714045644, 1093705.949412705609575 ], [ 3927128.071930365171283, 1093705.949412705609575 ], [ 3927090.647413016296923, 1093705.949412705609575 ], [ 3927053.222895667422563, 1093705.949412705609575 ], [ 3927015.798378318548203, 1093705.949412705609575 ], [ 3926989.335248318500817, 1093679.486282705562189 ], [ 3926989.335248318500817, 1093642.061765356687829 ], [ 3926989.335248318500817, 1093604.637248007813469 ], [ 3926989.335248318500817, 1093567.212730658939108 ], [ 3926962.872118318453431, 1093540.749600658891723 ], [ 3926925.447600969579071, 1093540.749600658891723 ], [ 3926888.02308362070471, 1093540.749600658891723 ], [ 3926850.59856627183035, 1093540.749600658891723 ], [ 3926824.135436271782964, 1093514.286470658844337 ], [ 3926824.135436271782964, 1093476.861953309969977 ], [ 3926824.135436271782964, 1093439.437435961095616 ], [ 3926824.135436271782964, 1093402.012918612221256 ], [ 3926797.672306271735579, 1093375.54978861217387 ], [ 3926760.247788922861218, 1093375.54978861217387 ], [ 3926722.823271573986858, 1093375.54978861217387 ], [ 3926685.398754225112498, 1093375.54978861217387 ], [ 3926685.398754225112498, 1093338.12527126329951 ], [ 3926685.398754225112498, 1093300.70075391442515 ], [ 3926685.398754225112498, 1093263.276236565550789 ], [ 3926685.398754225112498, 1093225.851719216676429 ], [ 3926647.974236876238137, 1093225.851719216676429 ], [ 3926610.549719527363777, 1093225.851719216676429 ], [ 3926573.125202178489417, 1093225.851719216676429 ], [ 3926535.700684829615057, 1093225.851719216676429 ], [ 3926509.237554829567671, 1093199.388589216629043 ], [ 3926509.237554829567671, 1093161.964071867754683 ], [ 3926509.237554829567671, 1093124.539554518880323 ], [ 3926509.237554829567671, 1093087.115037170005962 ], [ 3926509.237554829567671, 1093049.690519821131602 ], [ 3926471.81303748069331, 1093049.690519821131602 ], [ 3926434.38852013181895, 1093049.690519821131602 ], [ 3926396.96400278294459, 1093049.690519821131602 ], [ 3926359.53948543407023, 1093049.690519821131602 ], [ 3926333.076355434022844, 1093023.227389821084216 ], [ 3926333.076355434022844, 1092985.802872472209856 ], [ 3926333.076355434022844, 1092948.378355123335496 ], [ 3926333.076355434022844, 1092910.953837774461135 ], [ 3926306.613225433975458, 1092884.49070777441375 ], [ 3926269.188708085101098, 1092884.49070777441375 ], [ 3926231.764190736226737, 1092884.49070777441375 ], [ 3926194.339673387352377, 1092884.49070777441375 ], [ 3926167.876543387304991, 1092858.027577774366364 ], [ 3926167.876543387304991, 1092820.603060425492004 ], [ 3926167.876543387304991, 1092783.178543076617643 ], [ 3926167.876543387304991, 1092745.754025727743283 ], [ 3926141.413413387257606, 1092719.290895727695897 ], [ 3926103.988896038383245, 1092719.290895727695897 ], [ 3926066.564378689508885, 1092719.290895727695897 ], [ 3926029.139861340634525, 1092719.290895727695897 ], [ 3926002.676731340587139, 1092692.827765727648512 ], [ 3926002.676731340587139, 1092655.403248378774151 ], [ 3926002.676731340587139, 1092617.978731029899791 ], [ 3926002.676731340587139, 1092580.554213681025431 ], [ 3925976.213601340539753, 1092554.091083680978045 ], [ 3925938.789083991665393, 1092554.091083680978045 ], [ 3925901.364566642791033, 1092554.091083680978045 ], [ 3925863.940049293916672, 1092554.091083680978045 ], [ 3925863.940049293916672, 1092516.666566332103685 ], [ 3925863.940049293916672, 1092479.242048983229324 ], [ 3925863.940049293916672, 1092441.817531634354964 ], [ 3925863.940049293916672, 1092404.393014285480604 ], [ 3925826.515531945042312, 1092404.393014285480604 ], [ 3925789.091014596167952, 1092404.393014285480604 ], [ 3925751.666497247293591, 1092404.393014285480604 ], [ 3925714.241979898419231, 1092404.393014285480604 ], [ 3925676.817462549544871, 1092404.393014285480604 ], [ 3925676.817462549544871, 1092366.968496936606243 ], [ 3925676.817462549544871, 1092329.543979587731883 ], [ 3925676.817462549544871, 1092292.119462238857523 ], [ 3925676.817462549544871, 1092254.694944889983162 ], [ 3925676.817462549544871, 1092217.270427541108802 ], [ 3925639.392945200670511, 1092217.270427541108802 ], [ 3925601.96842785179615, 1092217.270427541108802 ], [ 3925564.54391050292179, 1092217.270427541108802 ], [ 3925527.11939315404743, 1092217.270427541108802 ], [ 3925500.656263154000044, 1092190.807297541061416 ], [ 3925500.656263154000044, 1092153.382780192187056 ], [ 3925500.656263154000044, 1092115.958262843312696 ], [ 3925500.656263154000044, 1092078.533745494438335 ], [ 3925500.656263154000044, 1092041.109228145563975 ], [ 3925500.656263154000044, 1092003.684710796689615 ], [ 3925500.656263154000044, 1091966.260193447815254 ], [ 3925500.656263154000044, 1091928.835676098940894 ], [ 3925500.656263154000044, 1091891.411158750066534 ], [ 3925463.231745805125684, 1091891.411158750066534 ], [ 3925425.807228456251323, 1091891.411158750066534 ], [ 3925388.382711107376963, 1091891.411158750066534 ], [ 3925361.919581107329577, 1091864.948028750019148 ], [ 3925361.919581107329577, 1091827.523511401144788 ], [ 3925361.919581107329577, 1091790.098994052270427 ], [ 3925361.919581107329577, 1091752.674476703396067 ], [ 3925335.456451107282192, 1091726.211346703348681 ], [ 3925298.031933758407831, 1091726.211346703348681 ], [ 3925260.607416409533471, 1091726.211346703348681 ], [ 3925223.182899060659111, 1091726.211346703348681 ], [ 3925185.75838171178475, 1091726.211346703348681 ], [ 3925148.33386436291039, 1091726.211346703348681 ], [ 3925110.90934701403603, 1091726.211346703348681 ], [ 3925073.484829665161669, 1091726.211346703348681 ], [ 3925047.021699665114284, 1091699.748216703301296 ], [ 3925047.021699665114284, 1091662.323699354426935 ], [ 3925047.021699665114284, 1091624.899182005552575 ], [ 3925047.021699665114284, 1091587.474664656678215 ], [ 3925020.558569665066898, 1091561.011534656630829 ], [ 3924983.134052316192538, 1091561.011534656630829 ], [ 3924945.709534967318177, 1091561.011534656630829 ], [ 3924908.285017618443817, 1091561.011534656630829 ], [ 3924870.860500269569457, 1091561.011534656630829 ], [ 3924844.397370269522071, 1091534.548404656583443 ], [ 3924844.397370269522071, 1091497.123887307709083 ], [ 3924844.397370269522071, 1091459.699369958834723 ], [ 3924844.397370269522071, 1091422.274852609960362 ], [ 3924817.934240269474685, 1091395.811722609912977 ], [ 3924780.509722920600325, 1091395.811722609912977 ], [ 3924743.085205571725965, 1091395.811722609912977 ], [ 3924705.660688222851604, 1091395.811722609912977 ], [ 3924679.197558222804219, 1091369.348592609865591 ], [ 3924679.197558222804219, 1091331.924075260991231 ], [ 3924679.197558222804219, 1091294.49955791211687 ], [ 3924679.197558222804219, 1091257.07504056324251 ], [ 3924652.734428222756833, 1091230.611910563195124 ], [ 3924615.309910873882473, 1091230.611910563195124 ], [ 3924577.885393525008112, 1091230.611910563195124 ], [ 3924540.460876176133752, 1091230.611910563195124 ], [ 3924540.460876176133752, 1091193.187393214320764 ], [ 3924540.460876176133752, 1091155.762875865446404 ], [ 3924540.460876176133752, 1091118.338358516572043 ], [ 3924540.460876176133752, 1091080.913841167697683 ], [ 3924540.460876176133752, 1091043.489323818823323 ], [ 3924540.460876176133752, 1091006.064806469948962 ], [ 3924540.460876176133752, 1090968.640289121074602 ], [ 3924540.460876176133752, 1090931.215771772200242 ], [ 3924540.460876176133752, 1090893.791254423325881 ], [ 3924540.460876176133752, 1090856.366737074451521 ], [ 3924540.460876176133752, 1090818.942219725577161 ], [ 3924540.460876176133752, 1090781.5177023767028 ], [ 3924540.460876176133752, 1090744.09318502782844 ], [ 3924540.460876176133752, 1090706.66866767895408 ], [ 3924540.460876176133752, 1090669.244150330079719 ], [ 3924540.460876176133752, 1090631.819632981205359 ], [ 3924540.460876176133752, 1090594.395115632330999 ], [ 3924540.460876176133752, 1090556.970598283456638 ], [ 3924540.460876176133752, 1090519.546080934582278 ], [ 3924540.460876176133752, 1090482.121563585707918 ], [ 3924540.460876176133752, 1090444.697046236833557 ], [ 3924540.460876176133752, 1090407.272528887959197 ], [ 3924540.460876176133752, 1090369.848011539084837 ], [ 3924540.460876176133752, 1090332.423494190210477 ], [ 3924540.460876176133752, 1090294.998976841336116 ], [ 3924540.460876176133752, 1090257.574459492461756 ], [ 3924540.460876176133752, 1090220.149942143587396 ], [ 3924540.460876176133752, 1090182.725424794713035 ], [ 3924540.460876176133752, 1090145.300907445838675 ], [ 3924540.460876176133752, 1090107.876390096964315 ], [ 3924540.460876176133752, 1090070.451872748089954 ], [ 3924540.460876176133752, 1090033.027355399215594 ], [ 3924540.460876176133752, 1089995.602838050341234 ], [ 3924540.460876176133752, 1089958.178320701466873 ], [ 3924540.460876176133752, 1089920.753803352592513 ], [ 3924540.460876176133752, 1089883.329286003718153 ], [ 3924540.460876176133752, 1089845.904768654843792 ], [ 3924540.460876176133752, 1089808.480251305969432 ], [ 3924540.460876176133752, 1089771.055733957095072 ], [ 3924540.460876176133752, 1089733.631216608220711 ], [ 3924540.460876176133752, 1089696.206699259346351 ], [ 3924540.460876176133752, 1089658.782181910471991 ], [ 3924540.460876176133752, 1089621.35766456159763 ], [ 3924540.460876176133752, 1089583.93314721272327 ], [ 3924540.460876176133752, 1089546.50862986384891 ], [ 3924540.460876176133752, 1089509.084112514974549 ], [ 3924540.460876176133752, 1089471.659595166100189 ], [ 3924540.460876176133752, 1089434.235077817225829 ], [ 3924540.460876176133752, 1089396.810560468351468 ], [ 3924540.460876176133752, 1089359.386043119477108 ], [ 3924540.460876176133752, 1089321.961525770602748 ], [ 3924540.460876176133752, 1089284.537008421728387 ], [ 3924540.460876176133752, 1089247.112491072854027 ], [ 3924540.460876176133752, 1089209.687973723979667 ], [ 3924540.460876176133752, 1089172.263456375105307 ], [ 3924540.460876176133752, 1089134.838939026230946 ], [ 3924540.460876176133752, 1089097.414421677356586 ], [ 3924540.460876176133752, 1089059.989904328482226 ], [ 3924540.460876176133752, 1089022.565386979607865 ], [ 3924540.460876176133752, 1088985.140869630733505 ], [ 3924540.460876176133752, 1088947.716352281859145 ], [ 3924540.460876176133752, 1088910.291834932984784 ], [ 3924540.460876176133752, 1088872.867317584110424 ], [ 3924540.460876176133752, 1088835.442800235236064 ], [ 3924540.460876176133752, 1088798.018282886361703 ], [ 3924540.460876176133752, 1088760.593765537487343 ], [ 3924540.460876176133752, 1088723.169248188612983 ], [ 3924540.460876176133752, 1088685.744730839738622 ], [ 3924540.460876176133752, 1088648.320213490864262 ], [ 3924540.460876176133752, 1088610.895696141989902 ], [ 3924540.460876176133752, 1088573.471178793115541 ], [ 3924540.460876176133752, 1088536.046661444241181 ], [ 3924540.460876176133752, 1088498.622144095366821 ], [ 3924540.460876176133752, 1088461.19762674649246 ], [ 3924540.460876176133752, 1088423.7731093976181 ], [ 3924540.460876176133752, 1088386.34859204874374 ], [ 3924540.460876176133752, 1088348.924074699869379 ], [ 3924540.460876176133752, 1088311.499557350995019 ], [ 3924540.460876176133752, 1088274.075040002120659 ], [ 3924540.460876176133752, 1088236.650522653246298 ], [ 3924540.460876176133752, 1088199.226005304371938 ], [ 3924540.460876176133752, 1088161.801487955497578 ], [ 3924540.460876176133752, 1088124.376970606623217 ], [ 3924540.460876176133752, 1088086.952453257748857 ], [ 3924540.460876176133752, 1088049.527935908874497 ], [ 3924540.460876176133752, 1088012.103418560000136 ], [ 3924540.460876176133752, 1087974.678901211125776 ], [ 3924540.460876176133752, 1087937.254383862251416 ], [ 3924540.460876176133752, 1087899.829866513377056 ], [ 3924540.460876176133752, 1087862.405349164502695 ], [ 3924540.460876176133752, 1087824.980831815628335 ], [ 3924540.460876176133752, 1087787.556314466753975 ], [ 3924540.460876176133752, 1087750.131797117879614 ], [ 3924540.460876176133752, 1087712.707279769005254 ], [ 3924540.460876176133752, 1087675.282762420130894 ], [ 3924540.460876176133752, 1087637.858245071256533 ], [ 3924540.460876176133752, 1087600.433727722382173 ], [ 3924540.460876176133752, 1087563.009210373507813 ], [ 3924540.460876176133752, 1087525.584693024633452 ], [ 3924540.460876176133752, 1087488.160175675759092 ], [ 3924540.460876176133752, 1087450.735658326884732 ], [ 3924540.460876176133752, 1087413.311140978010371 ], [ 3924540.460876176133752, 1087375.886623629136011 ], [ 3924540.460876176133752, 1087338.462106280261651 ], [ 3924540.460876176133752, 1087301.03758893138729 ], [ 3924540.460876176133752, 1087263.61307158251293 ], [ 3924540.460876176133752, 1087226.18855423363857 ], [ 3924540.460876176133752, 1087188.764036884764209 ], [ 3924540.460876176133752, 1087151.339519535889849 ], [ 3924540.460876176133752, 1087113.915002187015489 ], [ 3924503.036358827259392, 1087113.915002187015489 ], [ 3924465.611841478385031, 1087113.915002187015489 ], [ 3924428.187324129510671, 1087113.915002187015489 ], [ 3924390.762806780636311, 1087113.915002187015489 ], [ 3924390.762806780636311, 1087151.339519535889849 ], [ 3924390.762806780636311, 1087188.764036884764209 ], [ 3924390.762806780636311, 1087226.18855423363857 ], [ 3924390.762806780636311, 1087263.61307158251293 ], [ 3924353.33828943176195, 1087263.61307158251293 ], [ 3924315.91377208288759, 1087263.61307158251293 ], [ 3924278.48925473401323, 1087263.61307158251293 ], [ 3924241.064737385138869, 1087263.61307158251293 ], [ 3924227.56720452895388, 1087223.918376582441851 ], [ 3924225.297026877291501, 1087184.223681582370773 ], [ 3924225.297026877291501, 1087146.799164233496413 ], [ 3924225.297026877291501, 1087109.374646884622052 ], [ 3924187.87250952841714, 1087109.374646884622052 ], [ 3924150.44799217954278, 1087109.374646884622052 ], [ 3924113.02347483066842, 1087109.374646884622052 ], [ 3924075.598957481794059, 1087109.374646884622052 ], [ 3924038.174440132919699, 1087109.374646884622052 ], [ 3924000.749922784045339, 1087109.374646884622052 ], [ 3923963.325405435170978, 1087109.374646884622052 ], [ 3923925.900888086296618, 1087109.374646884622052 ], [ 3923888.476370737422258, 1087109.374646884622052 ], [ 3923851.051853388547897, 1087109.374646884622052 ], [ 3923813.627336039673537, 1087109.374646884622052 ], [ 3923776.202818690799177, 1087109.374646884622052 ], [ 3923738.778301341924816, 1087109.374646884622052 ], [ 3923712.315171341877431, 1087082.911516884574667 ], [ 3923712.315171341877431, 1087045.486999535700306 ], [ 3923712.315171341877431, 1087008.062482186825946 ], [ 3923712.315171341877431, 1086970.637964837951586 ], [ 3923712.315171341877431, 1086933.213447489077225 ], [ 3923674.89065399300307, 1086933.213447489077225 ], [ 3923637.46613664412871, 1086933.213447489077225 ], [ 3923600.04161929525435, 1086933.213447489077225 ], [ 3923562.617101946379989, 1086933.213447489077225 ], [ 3923525.192584597505629, 1086933.213447489077225 ], [ 3923487.768067248631269, 1086933.213447489077225 ], [ 3923450.343549899756908, 1086933.213447489077225 ], [ 3923412.919032550882548, 1086933.213447489077225 ], [ 3923375.494515202008188, 1086933.213447489077225 ], [ 3923338.069997853133827, 1086933.213447489077225 ], [ 3923300.645480504259467, 1086933.213447489077225 ], [ 3923263.220963155385107, 1086933.213447489077225 ], [ 3923225.796445806510746, 1086933.213447489077225 ], [ 3923188.371928457636386, 1086933.213447489077225 ], [ 3923150.947411108762026, 1086933.213447489077225 ], [ 3923113.522893759887666, 1086933.213447489077225 ], [ 3923076.098376411013305, 1086933.213447489077225 ], [ 3923038.673859062138945, 1086933.213447489077225 ], [ 3923001.249341713264585, 1086933.213447489077225 ], [ 3922963.824824364390224, 1086933.213447489077225 ], [ 3922926.400307015515864, 1086933.213447489077225 ], [ 3922899.937177015468478, 1086906.75031748902984 ], [ 3922899.937177015468478, 1086869.325800140155479 ], [ 3922899.937177015468478, 1086831.901282791281119 ], [ 3922899.937177015468478, 1086794.476765442406759 ], [ 3922873.474047015421093, 1086768.013635442359373 ], [ 3922836.049529666546732, 1086768.013635442359373 ], [ 3922798.625012317672372, 1086768.013635442359373 ], [ 3922761.200494968798012, 1086768.013635442359373 ], [ 3922723.775977619923651, 1086768.013635442359373 ], [ 3922686.351460271049291, 1086768.013635442359373 ], [ 3922648.926942922174931, 1086768.013635442359373 ], [ 3922611.50242557330057, 1086768.013635442359373 ], [ 3922574.07790822442621, 1086768.013635442359373 ], [ 3922536.65339087555185, 1086768.013635442359373 ], [ 3922499.228873526677489, 1086768.013635442359373 ], [ 3922461.804356177803129, 1086768.013635442359373 ], [ 3922424.379838828928769, 1086768.013635442359373 ], [ 3922397.916708828881383, 1086741.550505442311987 ], [ 3922397.916708828881383, 1086704.125988093437627 ], [ 3922397.916708828881383, 1086666.701470744563267 ], [ 3922397.916708828881383, 1086629.276953395688906 ], [ 3922371.453578828833997, 1086602.813823395641521 ], [ 3922334.029061479959637, 1086602.813823395641521 ], [ 3922296.604544131085277, 1086602.813823395641521 ], [ 3922259.180026782210916, 1086602.813823395641521 ], [ 3922221.755509433336556, 1086602.813823395641521 ], [ 3922184.330992084462196, 1086602.813823395641521 ], [ 3922146.906474735587835, 1086602.813823395641521 ], [ 3922109.481957386713475, 1086602.813823395641521 ], [ 3922072.057440037839115, 1086602.813823395641521 ], [ 3922034.632922688964754, 1086602.813823395641521 ], [ 3921997.208405340090394, 1086602.813823395641521 ], [ 3921959.783887991216034, 1086602.813823395641521 ], [ 3921922.359370642341673, 1086602.813823395641521 ], [ 3921884.934853293467313, 1086602.813823395641521 ], [ 3921847.510335944592953, 1086602.813823395641521 ], [ 3921810.085818595718592, 1086602.813823395641521 ], [ 3921772.661301246844232, 1086602.813823395641521 ], [ 3921735.236783897969872, 1086602.813823395641521 ], [ 3921697.812266549095511, 1086602.813823395641521 ], [ 3921660.387749200221151, 1086602.813823395641521 ], [ 3921622.963231851346791, 1086602.813823395641521 ], [ 3921585.53871450247243, 1086602.813823395641521 ], [ 3921559.075584502425045, 1086576.350693395594135 ], [ 3921559.075584502425045, 1086538.926176046719775 ], [ 3921559.075584502425045, 1086501.501658697845414 ], [ 3921559.075584502425045, 1086464.077141348971054 ], [ 3921532.612454502377659, 1086437.614011348923668 ], [ 3921495.187937153503299, 1086437.614011348923668 ], [ 3921457.763419804628938, 1086437.614011348923668 ], [ 3921420.338902455754578, 1086437.614011348923668 ], [ 3921382.914385106880218, 1086437.614011348923668 ], [ 3921345.489867758005857, 1086437.614011348923668 ], [ 3921308.065350409131497, 1086437.614011348923668 ], [ 3921270.640833060257137, 1086437.614011348923668 ], [ 3921233.216315711382776, 1086437.614011348923668 ], [ 3921195.791798362508416, 1086437.614011348923668 ], [ 3921158.367281013634056, 1086437.614011348923668 ], [ 3921120.942763664759696, 1086437.614011348923668 ], [ 3921083.518246315885335, 1086437.614011348923668 ], [ 3921046.093728967010975, 1086437.614011348923668 ], [ 3921008.669211618136615, 1086437.614011348923668 ], [ 3920971.244694269262254, 1086437.614011348923668 ], [ 3920933.820176920387894, 1086437.614011348923668 ], [ 3920907.357046920340508, 1086411.150881348876283 ], [ 3920907.357046920340508, 1086373.726364 ], [ 3920907.357046920340508, 1086336.301846651127562 ], [ 3920907.357046920340508, 1086298.877329302253202 ], [ 3920880.893916920293123, 1086272.414199302205816 ], [ 3920843.469399571418762, 1086272.414199302205816 ], [ 3920806.044882222544402, 1086272.414199302205816 ], [ 3920768.620364873670042, 1086272.414199302205816 ], [ 3920731.195847524795681, 1086272.414199302205816 ], [ 3920693.771330175921321, 1086272.414199302205816 ], [ 3920656.346812827046961, 1086272.414199302205816 ], [ 3920618.9222954781726, 1086272.414199302205816 ], [ 3920581.49777812929824, 1086272.414199302205816 ], [ 3920544.07326078042388, 1086272.414199302205816 ], [ 3920506.648743431549519, 1086272.414199302205816 ], [ 3920469.224226082675159, 1086272.414199302205816 ], [ 3920431.799708733800799, 1086272.414199302205816 ], [ 3920394.375191384926438, 1086272.414199302205816 ], [ 3920356.950674036052078, 1086272.414199302205816 ], [ 3920319.526156687177718, 1086272.414199302205816 ], [ 3920282.101639338303357, 1086272.414199302205816 ], [ 3920244.677121989428997, 1086272.414199302205816 ], [ 3920207.252604640554637, 1086272.414199302205816 ], [ 3920169.828087291680276, 1086272.414199302205816 ], [ 3920132.403569942805916, 1086272.414199302205816 ], [ 3920094.979052593931556, 1086272.414199302205816 ], [ 3920094.979052593931556, 1086234.989681953331456 ], [ 3920094.979052593931556, 1086197.565164604457095 ], [ 3920094.979052593931556, 1086160.140647255582735 ], [ 3920094.979052593931556, 1086122.716129906708375 ], [ 3920057.554535245057195, 1086122.716129906708375 ], [ 3920020.130017896182835, 1086122.716129906708375 ], [ 3919982.705500547308475, 1086122.716129906708375 ], [ 3919945.280983198434114, 1086122.716129906708375 ], [ 3919907.856465849559754, 1086122.716129906708375 ], [ 3919870.431948500685394, 1086122.716129906708375 ], [ 3919833.007431151811033, 1086122.716129906708375 ], [ 3919795.582913802936673, 1086122.716129906708375 ], [ 3919758.158396454062313, 1086122.716129906708375 ], [ 3919720.733879105187953, 1086122.716129906708375 ], [ 3919683.309361756313592, 1086122.716129906708375 ], [ 3919645.884844407439232, 1086122.716129906708375 ], [ 3919619.421714407391846, 1086096.252999906660989 ], [ 3919619.421714407391846, 1086058.828482557786629 ], [ 3919619.421714407391846, 1086021.403965208912268 ], [ 3919619.421714407391846, 1085983.979447860037908 ], [ 3919619.421714407391846, 1085946.554930511163548 ], [ 3919581.997197058517486, 1085946.554930511163548 ], [ 3919544.572679709643126, 1085946.554930511163548 ], [ 3919507.148162360768765, 1085946.554930511163548 ], [ 3919469.723645011894405, 1085946.554930511163548 ], [ 3919432.299127663020045, 1085946.554930511163548 ], [ 3919394.874610314145684, 1085946.554930511163548 ], [ 3919357.450092965271324, 1085946.554930511163548 ], [ 3919320.025575616396964, 1085946.554930511163548 ], [ 3919282.601058267522603, 1085946.554930511163548 ], [ 3919245.176540918648243, 1085946.554930511163548 ], [ 3919207.752023569773883, 1085946.554930511163548 ], [ 3919170.327506220899522, 1085946.554930511163548 ], [ 3919132.902988872025162, 1085946.554930511163548 ], [ 3919095.478471523150802, 1085946.554930511163548 ], [ 3919058.053954174276441, 1085946.554930511163548 ], [ 3919020.629436825402081, 1085946.554930511163548 ], [ 3918983.204919476527721, 1085946.554930511163548 ], [ 3918956.741789476480335, 1085920.091800511116162 ], [ 3918956.741789476480335, 1085882.667283162241802 ], [ 3918956.741789476480335, 1085845.242765813367441 ], [ 3918956.741789476480335, 1085807.818248464493081 ], [ 3918956.741789476480335, 1085770.393731115618721 ], [ 3918956.741789476480335, 1085732.96921376674436 ], [ 3918956.741789476480335, 1085695.54469641787 ], [ 3918956.741789476480335, 1085658.12017906899564 ], [ 3918956.741789476480335, 1085620.695661720121279 ], [ 3918956.741789476480335, 1085583.271144371246919 ], [ 3918956.741789476480335, 1085545.846627022372559 ], [ 3918956.741789476480335, 1085508.422109673498198 ], [ 3918956.741789476480335, 1085470.997592324623838 ], [ 3918956.741789476480335, 1085433.573074975749478 ], [ 3918956.741789476480335, 1085396.148557626875117 ], [ 3918956.741789476480335, 1085358.724040278000757 ], [ 3918956.741789476480335, 1085321.299522929126397 ], [ 3918956.741789476480335, 1085283.875005580252036 ], [ 3918919.317272127605975, 1085283.875005580252036 ], [ 3918881.892754778731614, 1085283.875005580252036 ], [ 3918844.468237429857254, 1085283.875005580252036 ], [ 3918807.043720080982894, 1085283.875005580252036 ], [ 3918780.580590080935508, 1085257.411875580204651 ], [ 3918780.580590080935508, 1085219.98735823133029 ], [ 3918780.580590080935508, 1085182.56284088245593 ], [ 3918780.580590080935508, 1085145.13832353358157 ], [ 3918780.580590080935508, 1085107.713806184707209 ], [ 3918780.580590080935508, 1085070.289288835832849 ], [ 3918780.580590080935508, 1085032.864771486958489 ], [ 3918780.580590080935508, 1084995.440254138084128 ], [ 3918780.580590080935508, 1084958.015736789209768 ], [ 3918780.580590080935508, 1084920.591219440335408 ], [ 3918780.580590080935508, 1084883.166702091461048 ], [ 3918780.580590080935508, 1084845.742184742586687 ], [ 3918780.580590080935508, 1084808.317667393712327 ], [ 3918780.580590080935508, 1084770.893150044837967 ], [ 3918780.580590080935508, 1084733.468632695963606 ], [ 3918780.580590080935508, 1084696.044115347089246 ], [ 3918780.580590080935508, 1084658.619597998214886 ], [ 3918780.580590080935508, 1084621.195080649340525 ], [ 3918780.580590080935508, 1084583.770563300466165 ], [ 3918780.580590080935508, 1084546.346045951591805 ], [ 3918780.580590080935508, 1084508.921528602717444 ], [ 3918780.580590080935508, 1084471.497011253843084 ], [ 3918780.580590080935508, 1084434.072493904968724 ], [ 3918780.580590080935508, 1084396.647976556094363 ], [ 3918780.580590080935508, 1084359.223459207220003 ], [ 3918780.580590080935508, 1084321.798941858345643 ], [ 3918780.580590080935508, 1084284.374424509471282 ], [ 3918780.580590080935508, 1084246.949907160596922 ], [ 3918780.580590080935508, 1084209.525389811722562 ], [ 3918780.580590080935508, 1084172.100872462848201 ], [ 3918780.580590080935508, 1084134.676355113973841 ], [ 3918743.156072732061148, 1084134.676355113973841 ], [ 3918705.731555383186787, 1084134.676355113973841 ], [ 3918668.307038034312427, 1084134.676355113973841 ], [ 3918630.882520685438067, 1084134.676355113973841 ], [ 3918604.419390685390681, 1084108.213225113926455 ], [ 3918604.419390685390681, 1084070.788707765052095 ], [ 3918604.419390685390681, 1084033.364190416177735 ], [ 3918604.419390685390681, 1083995.939673067303374 ], [ 3918604.419390685390681, 1083958.515155718429014 ], [ 3918604.419390685390681, 1083921.090638369554654 ], [ 3918604.419390685390681, 1083883.666121020680293 ], [ 3918604.419390685390681, 1083846.241603671805933 ], [ 3918604.419390685390681, 1083808.817086322931573 ], [ 3918604.419390685390681, 1083771.392568974057212 ], [ 3918604.419390685390681, 1083733.968051625182852 ], [ 3918604.419390685390681, 1083696.543534276308492 ], [ 3918604.419390685390681, 1083659.119016927434132 ], [ 3918604.419390685390681, 1083621.694499578559771 ], [ 3918566.994873336516321, 1083621.694499578559771 ], [ 3918529.57035598764196, 1083621.694499578559771 ], [ 3918492.1458386387676, 1083621.694499578559771 ], [ 3918454.72132128989324, 1083621.694499578559771 ], [ 3918454.72132128989324, 1083584.269982229685411 ], [ 3918454.72132128989324, 1083546.845464880811051 ], [ 3918454.72132128989324, 1083509.42094753193669 ], [ 3918454.72132128989324, 1083471.99643018306233 ], [ 3918454.72132128989324, 1083434.57191283418797 ], [ 3918454.72132128989324, 1083397.147395485313609 ], [ 3918454.72132128989324, 1083359.722878136439249 ], [ 3918454.72132128989324, 1083322.298360787564889 ], [ 3918454.72132128989324, 1083284.873843438690528 ], [ 3918454.72132128989324, 1083247.449326089816168 ], [ 3918454.72132128989324, 1083210.024808740941808 ], [ 3918454.72132128989324, 1083172.600291392067447 ], [ 3918454.72132128989324, 1083135.175774043193087 ], [ 3918454.72132128989324, 1083097.751256694318727 ], [ 3918454.72132128989324, 1083060.326739345444366 ], [ 3918454.72132128989324, 1083022.902221996570006 ], [ 3918454.72132128989324, 1082985.477704647695646 ], [ 3918454.72132128989324, 1082948.053187298821285 ], [ 3918454.72132128989324, 1082910.628669949946925 ], [ 3918454.72132128989324, 1082873.204152601072565 ], [ 3918454.72132128989324, 1082835.779635252198204 ], [ 3918454.72132128989324, 1082798.355117903323844 ], [ 3918454.72132128989324, 1082760.930600554449484 ], [ 3918454.72132128989324, 1082723.506083205575123 ], [ 3918454.72132128989324, 1082686.081565856700763 ], [ 3918454.72132128989324, 1082648.657048507826403 ], [ 3918454.72132128989324, 1082611.232531158952042 ], [ 3918454.72132128989324, 1082573.808013810077682 ], [ 3918454.72132128989324, 1082536.383496461203322 ], [ 3918454.72132128989324, 1082498.958979112328961 ], [ 3918454.72132128989324, 1082461.534461763454601 ], [ 3918417.296803941018879, 1082461.534461763454601 ], [ 3918379.872286592144519, 1082461.534461763454601 ], [ 3918342.447769243270159, 1082461.534461763454601 ], [ 3918305.023251894395798, 1082461.534461763454601 ], [ 3918278.560121894348413, 1082435.071331763407215 ], [ 3918278.560121894348413, 1082397.646814414532855 ], [ 3918278.560121894348413, 1082360.222297065658495 ], [ 3918278.560121894348413, 1082322.797779716784135 ], [ 3918278.560121894348413, 1082285.373262367909774 ], [ 3918278.560121894348413, 1082247.948745019035414 ], [ 3918278.560121894348413, 1082210.524227670161054 ], [ 3918278.560121894348413, 1082173.099710321286693 ], [ 3918278.560121894348413, 1082135.675192972412333 ], [ 3918278.560121894348413, 1082098.250675623537973 ], [ 3918278.560121894348413, 1082060.826158274663612 ], [ 3918278.560121894348413, 1082023.401640925789252 ], [ 3918278.560121894348413, 1081985.977123576914892 ], [ 3918278.560121894348413, 1081948.552606228040531 ], [ 3918278.560121894348413, 1081911.128088879166171 ], [ 3918278.560121894348413, 1081873.703571530291811 ], [ 3918278.560121894348413, 1081836.27905418141745 ], [ 3918278.560121894348413, 1081798.85453683254309 ], [ 3918241.135604545474052, 1081798.85453683254309 ], [ 3918203.711087196599692, 1081798.85453683254309 ], [ 3918166.286569847725332, 1081798.85453683254309 ], [ 3918139.823439847677946, 1081772.391406832495704 ], [ 3918139.823439847677946, 1081734.966889483621344 ], [ 3918139.823439847677946, 1081697.542372134746984 ], [ 3918139.823439847677946, 1081660.117854785872623 ], [ 3918139.823439847677946, 1081622.693337436998263 ], [ 3918139.823439847677946, 1081585.268820088123903 ], [ 3918139.823439847677946, 1081547.844302739249542 ], [ 3918139.823439847677946, 1081510.419785390375182 ], [ 3918139.823439847677946, 1081472.995268041500822 ], [ 3918139.823439847677946, 1081435.570750692626461 ], [ 3918139.823439847677946, 1081398.146233343752101 ], [ 3918139.823439847677946, 1081360.721715994877741 ], [ 3918139.823439847677946, 1081323.29719864600338 ], [ 3918139.823439847677946, 1081285.87268129712902 ], [ 3918139.823439847677946, 1081248.44816394825466 ], [ 3918139.823439847677946, 1081211.023646599380299 ], [ 3918139.823439847677946, 1081173.599129250505939 ], [ 3918139.823439847677946, 1081136.174611901631579 ], [ 3918139.823439847677946, 1081098.750094552757218 ], [ 3918139.823439847677946, 1081061.325577203882858 ], [ 3918139.823439847677946, 1081023.901059855008498 ], [ 3918139.823439847677946, 1080986.476542506134138 ], [ 3918139.823439847677946, 1080949.052025157259777 ], [ 3918139.823439847677946, 1080911.627507808385417 ], [ 3918139.823439847677946, 1080874.202990459511057 ], [ 3918139.823439847677946, 1080836.778473110636696 ], [ 3918139.823439847677946, 1080799.353955761762336 ], [ 3918139.823439847677946, 1080761.929438412887976 ], [ 3918139.823439847677946, 1080724.504921064013615 ], [ 3918139.823439847677946, 1080687.080403715139255 ], [ 3918139.823439847677946, 1080649.655886366264895 ], [ 3918102.398922498803586, 1080649.655886366264895 ], [ 3918064.974405149929225, 1080649.655886366264895 ], [ 3918027.549887801054865, 1080649.655886366264895 ], [ 3917990.125370452180505, 1080649.655886366264895 ], [ 3917952.700853103306144, 1080649.655886366264895 ], [ 3917952.700853103306144, 1080612.231369017390534 ], [ 3917952.700853103306144, 1080574.806851668516174 ], [ 3917952.700853103306144, 1080537.382334319641814 ], [ 3917952.700853103306144, 1080499.957816970767453 ], [ 3917952.700853103306144, 1080462.533299621893093 ], [ 3917952.700853103306144, 1080425.108782273018733 ], [ 3917952.700853103306144, 1080387.684264924144372 ], [ 3917952.700853103306144, 1080350.259747575270012 ], [ 3917952.700853103306144, 1080312.835230226395652 ], [ 3917952.700853103306144, 1080275.410712877521291 ], [ 3917952.700853103306144, 1080237.986195528646931 ], [ 3917952.700853103306144, 1080200.561678179772571 ], [ 3917952.700853103306144, 1080163.13716083089821 ], [ 3917915.276335754431784, 1080163.13716083089821 ], [ 3917877.851818405557424, 1080163.13716083089821 ], [ 3917840.427301056683064, 1080163.13716083089821 ], [ 3917803.002783707808703, 1080163.13716083089821 ], [ 3917776.539653707761317, 1080136.674030830850825 ], [ 3917776.539653707761317, 1080099.249513481976464 ], [ 3917776.539653707761317, 1080061.824996133102104 ], [ 3917776.539653707761317, 1080024.400478784227744 ], [ 3917776.539653707761317, 1079986.975961435353383 ], [ 3917776.539653707761317, 1079949.551444086479023 ], [ 3917776.539653707761317, 1079912.126926737604663 ], [ 3917776.539653707761317, 1079874.702409388730302 ], [ 3917776.539653707761317, 1079837.277892039855942 ], [ 3917776.539653707761317, 1079799.853374690981582 ], [ 3917776.539653707761317, 1079762.428857342107221 ], [ 3917776.539653707761317, 1079725.004339993232861 ], [ 3917776.539653707761317, 1079687.579822644358501 ], [ 3917776.539653707761317, 1079650.155305295484141 ], [ 3917776.539653707761317, 1079612.73078794660978 ], [ 3917776.539653707761317, 1079575.30627059773542 ], [ 3917776.539653707761317, 1079537.88175324886106 ], [ 3917776.539653707761317, 1079500.457235899986699 ], [ 3917776.539653707761317, 1079463.032718551112339 ], [ 3917776.539653707761317, 1079425.608201202237979 ], [ 3917776.539653707761317, 1079388.183683853363618 ], [ 3917776.539653707761317, 1079350.759166504489258 ], [ 3917776.539653707761317, 1079313.334649155614898 ], [ 3917776.539653707761317, 1079275.910131806740537 ], [ 3917776.539653707761317, 1079238.485614457866177 ], [ 3917776.539653707761317, 1079201.061097108991817 ], [ 3917776.539653707761317, 1079163.636579760117456 ], [ 3917776.539653707761317, 1079126.212062411243096 ], [ 3917776.539653707761317, 1079088.787545062368736 ], [ 3917776.539653707761317, 1079051.363027713494375 ], [ 3917776.539653707761317, 1079013.938510364620015 ], [ 3917776.539653707761317, 1078976.513993015745655 ], [ 3917776.539653707761317, 1078939.089475666871294 ], [ 3917776.539653707761317, 1078901.664958317996934 ], [ 3917776.539653707761317, 1078864.240440969122574 ], [ 3917776.539653707761317, 1078826.815923620248213 ], [ 3917776.539653707761317, 1078789.391406271373853 ], [ 3917776.539653707761317, 1078751.966888922499493 ], [ 3917776.539653707761317, 1078714.542371573625132 ], [ 3917776.539653707761317, 1078677.117854224750772 ], [ 3917776.539653707761317, 1078639.693336875876412 ], [ 3917776.539653707761317, 1078602.268819527002051 ], [ 3917776.539653707761317, 1078564.844302178127691 ], [ 3917776.539653707761317, 1078527.419784829253331 ], [ 3917776.539653707761317, 1078489.995267480378971 ], [ 3917776.539653707761317, 1078452.57075013150461 ], [ 3917776.539653707761317, 1078415.14623278263025 ], [ 3917776.539653707761317, 1078377.72171543375589 ], [ 3917776.539653707761317, 1078340.297198084881529 ], [ 3917776.539653707761317, 1078302.872680736007169 ], [ 3917776.539653707761317, 1078265.448163387132809 ], [ 3917776.539653707761317, 1078228.023646038258448 ], [ 3917776.539653707761317, 1078190.599128689384088 ], [ 3917776.539653707761317, 1078153.174611340509728 ], [ 3917776.539653707761317, 1078115.750093991635367 ], [ 3917776.539653707761317, 1078078.325576642761007 ], [ 3917776.539653707761317, 1078040.901059293886647 ], [ 3917776.539653707761317, 1078003.476541945012286 ], [ 3917776.539653707761317, 1077966.052024596137926 ], [ 3917776.539653707761317, 1077928.627507247263566 ], [ 3917776.539653707761317, 1077891.202989898389205 ], [ 3917776.539653707761317, 1077853.778472549514845 ], [ 3917776.539653707761317, 1077816.353955200640485 ], [ 3917776.539653707761317, 1077778.929437851766124 ], [ 3917776.539653707761317, 1077741.504920502891764 ], [ 3917776.539653707761317, 1077704.080403154017404 ], [ 3917776.539653707761317, 1077666.655885805143043 ], [ 3917776.539653707761317, 1077629.231368456268683 ], [ 3917776.539653707761317, 1077591.806851107394323 ], [ 3917776.539653707761317, 1077554.382333758519962 ], [ 3917776.539653707761317, 1077516.957816409645602 ], [ 3917776.539653707761317, 1077479.533299060771242 ], [ 3917776.539653707761317, 1077442.108781711896881 ], [ 3917776.539653707761317, 1077404.684264363022521 ], [ 3917776.539653707761317, 1077367.259747014148161 ], [ 3917776.539653707761317, 1077329.8352296652738 ], [ 3917776.539653707761317, 1077292.41071231639944 ], [ 3917776.539653707761317, 1077254.98619496752508 ], [ 3917776.539653707761317, 1077217.56167761865072 ], [ 3917776.539653707761317, 1077180.137160269776359 ], [ 3917776.539653707761317, 1077142.712642920901999 ], [ 3917776.539653707761317, 1077105.288125572027639 ], [ 3917776.539653707761317, 1077067.863608223153278 ], [ 3917776.539653707761317, 1077030.439090874278918 ], [ 3917776.539653707761317, 1076993.014573525404558 ], [ 3917776.539653707761317, 1076955.590056176530197 ], [ 3917776.539653707761317, 1076918.165538827655837 ], [ 3917776.539653707761317, 1076880.741021478781477 ], [ 3917776.539653707761317, 1076843.316504129907116 ], [ 3917776.539653707761317, 1076805.891986781032756 ], [ 3917776.539653707761317, 1076768.467469432158396 ], [ 3917776.539653707761317, 1076731.042952083284035 ], [ 3917776.539653707761317, 1076693.618434734409675 ], [ 3917776.539653707761317, 1076656.193917385535315 ], [ 3917776.539653707761317, 1076618.769400036660954 ], [ 3917776.539653707761317, 1076581.344882687786594 ], [ 3917776.539653707761317, 1076543.920365338912234 ], [ 3917776.539653707761317, 1076506.495847990037873 ], [ 3917776.539653707761317, 1076469.071330641163513 ], [ 3917776.539653707761317, 1076431.646813292289153 ], [ 3917776.539653707761317, 1076394.222295943414792 ], [ 3917776.539653707761317, 1076356.797778594540432 ], [ 3917776.539653707761317, 1076319.373261245666072 ], [ 3917776.539653707761317, 1076281.948743896791711 ], [ 3917776.539653707761317, 1076244.524226547917351 ], [ 3917776.539653707761317, 1076207.099709199042991 ], [ 3917776.539653707761317, 1076169.67519185016863 ], [ 3917776.539653707761317, 1076132.25067450129427 ], [ 3917776.539653707761317, 1076094.82615715241991 ], [ 3917776.539653707761317, 1076057.40163980354555 ], [ 3917776.539653707761317, 1076019.977122454671189 ], [ 3917776.539653707761317, 1075982.552605105796829 ], [ 3917776.539653707761317, 1075945.128087756922469 ], [ 3917776.539653707761317, 1075907.703570408048108 ], [ 3917776.539653707761317, 1075870.279053059173748 ], [ 3917776.539653707761317, 1075832.854535710299388 ], [ 3917776.539653707761317, 1075795.430018361425027 ], [ 3917776.539653707761317, 1075758.005501012550667 ], [ 3917776.539653707761317, 1075720.580983663676307 ], [ 3917776.539653707761317, 1075683.156466314801946 ], [ 3917776.539653707761317, 1075645.731948965927586 ], [ 3917776.539653707761317, 1075608.307431617053226 ], [ 3917776.539653707761317, 1075570.882914268178865 ], [ 3917777.95365103520453, 1075532.044399592094123 ], [ 3917792.950503102503717, 1075120.123211419442669 ], [ 3917952.700853103306144, 1074870.778471988392994 ], [ 3918238.655447044409811, 1074566.586426201742142 ], [ 3918547.773392036091536, 1074379.677901322953403 ], [ 3918956.741789476480335, 1074206.217870313441381 ], [ 3918983.204919476527721, 1074179.754740313393995 ], [ 3919020.629436825402081, 1074179.754740313393995 ], [ 3919058.053954174276441, 1074179.754740313393995 ], [ 3919095.478471523150802, 1074179.754740313393995 ], [ 3919121.941601523198187, 1074206.217870313441381 ], [ 3919121.941601523198187, 1074243.642387662315741 ], [ 3919121.941601523198187, 1074281.066905011190102 ], [ 3919121.941601523198187, 1074318.491422360064462 ], [ 3919148.404731523245573, 1074344.954552360111848 ], [ 3919185.829248872119933, 1074344.954552360111848 ], [ 3919223.253766220994294, 1074344.954552360111848 ], [ 3919260.678283569868654, 1074344.954552360111848 ], [ 3919260.678283569868654, 1074307.530035011237487 ], [ 3919260.678283569868654, 1074270.105517662363127 ], [ 3919260.678283569868654, 1074232.681000313488767 ], [ 3919260.678283569868654, 1074195.256482964614406 ], [ 3919287.14141356991604, 1074168.793352964567021 ], [ 3919324.5659309187904, 1074168.793352964567021 ], [ 3919361.99044826766476, 1074168.793352964567021 ], [ 3919399.414965616539121, 1074168.793352964567021 ], [ 3919436.839482965413481, 1074168.793352964567021 ], [ 3919436.839482965413481, 1074131.36883561569266 ], [ 3919436.839482965413481, 1074093.9443182668183 ], [ 3919436.839482965413481, 1074056.51980091794394 ], [ 3919436.839482965413481, 1074019.095283569069579 ], [ 3919474.264000314287841, 1074019.095283569069579 ], [ 3919511.688517663162202, 1074019.095283569069579 ], [ 3919549.113035012036562, 1074019.095283569069579 ], [ 3919586.537552360910922, 1074019.095283569069579 ], [ 3919623.962069709785283, 1074019.095283569069579 ], [ 3919661.386587058659643, 1074019.095283569069579 ], [ 3919698.811104407534003, 1074019.095283569069579 ], [ 3919736.235621756408364, 1074019.095283569069579 ], [ 3919773.660139105282724, 1074019.095283569069579 ], [ 3919773.660139105282724, 1073981.670766220195219 ], [ 3919773.660139105282724, 1073944.246248871320859 ], [ 3919773.660139105282724, 1073906.821731522446498 ], [ 3919773.660139105282724, 1073869.397214173572138 ], [ 3919813.354834105353802, 1073855.899681317387149 ], [ 3919853.049529105424881, 1073857.371955400565639 ], [ 3919890.474046454299241, 1073857.371955400565639 ], [ 3919927.898563803173602, 1073857.371955400565639 ], [ 3919954.361693803220987, 1073883.835085400613025 ], [ 3919954.361693803220987, 1073921.259602749487385 ], [ 3919954.361693803220987, 1073958.684120098361745 ], [ 3919954.361693803220987, 1073996.108637447236106 ], [ 3919980.824823803268373, 1074022.571767447283491 ], [ 3920018.249341152142733, 1074022.571767447283491 ], [ 3920055.673858501017094, 1074022.571767447283491 ], [ 3920093.098375849891454, 1074022.571767447283491 ], [ 3920093.098375849891454, 1073985.147250098409131 ], [ 3920093.098375849891454, 1073947.722732749534771 ], [ 3920093.098375849891454, 1073910.298215400660411 ], [ 3920093.098375849891454, 1073872.87369805178605 ], [ 3920119.56150584993884, 1073846.410568051738665 ], [ 3920156.9860231988132, 1073846.410568051738665 ], [ 3920194.41054054768756, 1073846.410568051738665 ], [ 3920231.835057896561921, 1073846.410568051738665 ], [ 3920269.259575245436281, 1073846.410568051738665 ], [ 3920306.684092594310641, 1073846.410568051738665 ], [ 3920344.108609943185002, 1073846.410568051738665 ], [ 3920381.533127292059362, 1073846.410568051738665 ], [ 3920418.957644640933722, 1073846.410568051738665 ], [ 3920418.957644640933722, 1073808.986050702864304 ], [ 3920418.957644640933722, 1073771.561533353989944 ], [ 3920418.957644640933722, 1073734.137016005115584 ], [ 3920418.957644640933722, 1073696.712498656241223 ], [ 3920445.420774640981108, 1073670.249368656193838 ], [ 3920482.845291989855468, 1073670.249368656193838 ], [ 3920520.269809338729829, 1073670.249368656193838 ], [ 3920557.694326687604189, 1073670.249368656193838 ], [ 3920595.118844036478549, 1073670.249368656193838 ], [ 3920595.118844036478549, 1073632.824851307319477 ], [ 3920595.118844036478549, 1073595.400333958445117 ], [ 3920595.118844036478549, 1073557.975816609570757 ], [ 3920595.118844036478549, 1073520.551299260696396 ], [ 3920632.54336138535291, 1073520.551299260696396 ], [ 3920669.96787873422727, 1073520.551299260696396 ], [ 3920707.39239608310163, 1073520.551299260696396 ], [ 3920744.816913431975991, 1073520.551299260696396 ], [ 3920744.816913431975991, 1073483.126781911822036 ], [ 3920744.816913431975991, 1073445.702264562947676 ], [ 3920744.816913431975991, 1073408.277747214073315 ], [ 3920744.816913431975991, 1073370.853229865198955 ], [ 3920771.280043432023376, 1073344.390099865151569 ], [ 3920808.704560780897737, 1073344.390099865151569 ], [ 3920846.129078129772097, 1073344.390099865151569 ], [ 3920883.553595478646457, 1073344.390099865151569 ], [ 3920910.016725478693843, 1073317.926969865104184 ], [ 3920910.016725478693843, 1073280.502452516229823 ], [ 3920910.016725478693843, 1073243.077935167355463 ], [ 3920910.016725478693843, 1073205.653417818481103 ], [ 3920936.479855478741229, 1073179.190287818433717 ], [ 3920973.904372827615589, 1073179.190287818433717 ], [ 3921011.328890176489949, 1073179.190287818433717 ], [ 3921048.75340752536431, 1073179.190287818433717 ], [ 3921075.216537525411695, 1073152.727157818386331 ], [ 3921075.216537525411695, 1073115.302640469511971 ], [ 3921075.216537525411695, 1073077.878123120637611 ], [ 3921075.216537525411695, 1073040.45360577176325 ], [ 3921101.679667525459081, 1073013.990475771715865 ], [ 3921139.104184874333441, 1073013.990475771715865 ], [ 3921176.528702223207802, 1073013.990475771715865 ], [ 3921213.953219572082162, 1073013.990475771715865 ], [ 3921251.377736920956522, 1073013.990475771715865 ], [ 3921251.377736920956522, 1072976.565958422841504 ], [ 3921251.377736920956522, 1072939.141441073967144 ], [ 3921251.377736920956522, 1072901.716923725092784 ], [ 3921251.377736920956522, 1072864.292406376218423 ], [ 3921288.802254269830883, 1072864.292406376218423 ], [ 3921326.226771618705243, 1072864.292406376218423 ], [ 3921363.651288967579603, 1072864.292406376218423 ], [ 3921401.075806316453964, 1072864.292406376218423 ], [ 3921401.075806316453964, 1072826.867889027344063 ], [ 3921401.075806316453964, 1072789.443371678469703 ], [ 3921401.075806316453964, 1072752.018854329595342 ], [ 3921401.075806316453964, 1072714.594336980720982 ], [ 3921427.538936316501349, 1072688.131206980673596 ], [ 3921464.96345366537571, 1072688.131206980673596 ], [ 3921502.38797101425007, 1072688.131206980673596 ], [ 3921539.81248836312443, 1072688.131206980673596 ], [ 3921577.237005711998791, 1072688.131206980673596 ], [ 3921577.237005711998791, 1072650.706689631799236 ], [ 3921577.237005711998791, 1072613.282172282924876 ], [ 3921577.237005711998791, 1072575.857654934050515 ], [ 3921577.237005711998791, 1072538.433137585176155 ], [ 3921603.700135712046176, 1072511.970007585128769 ], [ 3921641.124653060920537, 1072511.970007585128769 ], [ 3921678.549170409794897, 1072511.970007585128769 ], [ 3921715.973687758669257, 1072511.970007585128769 ], [ 3921715.973687758669257, 1072474.545490236254409 ], [ 3921715.973687758669257, 1072437.120972887380049 ], [ 3921715.973687758669257, 1072399.696455538505688 ], [ 3921715.973687758669257, 1072362.271938189631328 ], [ 3921753.398205107543617, 1072362.271938189631328 ], [ 3921790.822722456417978, 1072362.271938189631328 ], [ 3921828.247239805292338, 1072362.271938189631328 ], [ 3921865.671757154166698, 1072362.271938189631328 ], [ 3921903.096274503041059, 1072362.271938189631328 ], [ 3921903.096274503041059, 1072324.847420840756968 ], [ 3921903.096274503041059, 1072287.422903491882607 ], [ 3921903.096274503041059, 1072249.998386143008247 ], [ 3921903.096274503041059, 1072212.573868794133887 ], [ 3921929.559404503088444, 1072186.110738794086501 ], [ 3921966.983921851962805, 1072186.110738794086501 ], [ 3922004.408439200837165, 1072186.110738794086501 ], [ 3922041.832956549711525, 1072186.110738794086501 ], [ 3922079.257473898585886, 1072186.110738794086501 ], [ 3922079.257473898585886, 1072148.686221445212141 ], [ 3922079.257473898585886, 1072111.26170409633778 ], [ 3922079.257473898585886, 1072073.83718674746342 ], [ 3922079.257473898585886, 1072036.41266939858906 ], [ 3922116.681991247460246, 1072036.41266939858906 ], [ 3922154.106508596334606, 1072036.41266939858906 ], [ 3922191.531025945208967, 1072036.41266939858906 ], [ 3922228.955543294083327, 1072036.41266939858906 ], [ 3922228.955543294083327, 1071998.988152049714699 ], [ 3922228.955543294083327, 1071961.563634700840339 ], [ 3922228.955543294083327, 1071924.139117351965979 ], [ 3922228.955543294083327, 1071886.714600003091618 ], [ 3922255.418673294130713, 1071860.251470003044233 ], [ 3922292.843190643005073, 1071860.251470003044233 ], [ 3922330.267707991879433, 1071860.251470003044233 ], [ 3922367.692225340753794, 1071860.251470003044233 ], [ 3922394.155355340801179, 1071833.788340002996847 ], [ 3922394.155355340801179, 1071796.363822654122487 ], [ 3922394.155355340801179, 1071758.939305305248126 ], [ 3922394.155355340801179, 1071721.514787956373766 ], [ 3922420.618485340848565, 1071695.05165795632638 ], [ 3922458.043002689722925, 1071695.05165795632638 ], [ 3922495.467520038597286, 1071695.05165795632638 ], [ 3922532.892037387471646, 1071695.05165795632638 ], [ 3922559.355167387519032, 1071668.588527956278995 ], [ 3922559.355167387519032, 1071631.164010607404634 ], [ 3922559.355167387519032, 1071593.739493258530274 ], [ 3922559.355167387519032, 1071556.314975909655914 ], [ 3922585.818297387566417, 1071529.851845909608528 ], [ 3922623.242814736440778, 1071529.851845909608528 ], [ 3922660.667332085315138, 1071529.851845909608528 ], [ 3922698.091849434189498, 1071529.851845909608528 ], [ 3922735.516366783063859, 1071529.851845909608528 ], [ 3922735.516366783063859, 1071492.427328560734168 ], [ 3922735.516366783063859, 1071455.002811211859807 ], [ 3922735.516366783063859, 1071417.578293862985447 ], [ 3922735.516366783063859, 1071380.153776514111087 ], [ 3922735.516366783063859, 1071342.729259165236726 ], [ 3922735.516366783063859, 1071305.304741816362366 ], [ 3922735.516366783063859, 1071267.880224467488006 ], [ 3922735.516366783063859, 1071230.455707118613645 ], [ 3922761.979496783111244, 1071203.99257711856626 ], [ 3922799.404014131985605, 1071203.99257711856626 ], [ 3922836.828531480859965, 1071203.99257711856626 ], [ 3922874.253048829734325, 1071203.99257711856626 ], [ 3922900.716178829781711, 1071177.529447118518874 ], [ 3922900.716178829781711, 1071140.104929769644514 ], [ 3922900.716178829781711, 1071102.680412420770153 ], [ 3922900.716178829781711, 1071065.255895071895793 ], [ 3922927.179308829829097, 1071038.792765071848407 ], [ 3922964.603826178703457, 1071038.792765071848407 ], [ 3923002.028343527577817, 1071038.792765071848407 ], [ 3923039.452860876452178, 1071038.792765071848407 ], [ 3923039.452860876452178, 1071001.368247722974047 ], [ 3923039.452860876452178, 1070963.943730374099687 ], [ 3923039.452860876452178, 1070926.519213025225326 ], [ 3923039.452860876452178, 1070889.094695676350966 ], [ 3923065.915990876499563, 1070862.63156567630358 ], [ 3923103.340508225373924, 1070862.63156567630358 ], [ 3923140.765025574248284, 1070862.63156567630358 ], [ 3923178.189542923122644, 1070862.63156567630358 ], [ 3923215.614060271997005, 1070862.63156567630358 ], [ 3923215.614060271997005, 1070825.20704832742922 ], [ 3923215.614060271997005, 1070787.78253097855486 ], [ 3923215.614060271997005, 1070750.358013629680499 ], [ 3923215.614060271997005, 1070712.933496280806139 ], [ 3923215.614060271997005, 1070675.508978931931779 ], [ 3923215.614060271997005, 1070638.084461583057418 ], [ 3923215.614060271997005, 1070600.659944234183058 ], [ 3923215.614060271997005, 1070563.235426885308698 ], [ 3923242.07719027204439, 1070536.772296885261312 ], [ 3923279.501707620918751, 1070536.772296885261312 ], [ 3923316.926224969793111, 1070536.772296885261312 ], [ 3923354.350742318667471, 1070536.772296885261312 ], [ 3923380.813872318714857, 1070510.309166885213926 ], [ 3923380.813872318714857, 1070472.884649536339566 ], [ 3923380.813872318714857, 1070435.460132187465206 ], [ 3923380.813872318714857, 1070398.035614838590845 ], [ 3923380.813872318714857, 1070360.611097489716485 ], [ 3923380.813872318714857, 1070323.186580140842125 ], [ 3923380.813872318714857, 1070285.762062791967764 ], [ 3923380.813872318714857, 1070248.337545443093404 ], [ 3923380.813872318714857, 1070210.913028094219044 ], [ 3923418.238389667589217, 1070210.913028094219044 ], [ 3923455.662907016463578, 1070210.913028094219044 ], [ 3923493.087424365337938, 1070210.913028094219044 ], [ 3923530.511941714212298, 1070210.913028094219044 ], [ 3923556.975071714259684, 1070184.449898094171658 ], [ 3923556.975071714259684, 1070147.025380745297298 ], [ 3923556.975071714259684, 1070109.600863396422938 ], [ 3923556.975071714259684, 1070072.176346047548577 ], [ 3923583.43820171430707, 1070045.713216047501191 ], [ 3923620.86271906318143, 1070045.713216047501191 ], [ 3923658.28723641205579, 1070045.713216047501191 ], [ 3923695.711753760930151, 1070045.713216047501191 ], [ 3923722.174883760977536, 1070019.250086047453806 ], [ 3923722.174883760977536, 1069981.825568698579445 ], [ 3923722.174883760977536, 1069944.401051349705085 ], [ 3923722.174883760977536, 1069906.976534000830725 ], [ 3923748.638013761024922, 1069880.513404000783339 ], [ 3923786.062531109899282, 1069880.513404000783339 ], [ 3923823.487048458773643, 1069880.513404000783339 ], [ 3923860.911565807648003, 1069880.513404000783339 ], [ 3923860.911565807648003, 1069843.088886651908979 ], [ 3923860.911565807648003, 1069805.664369303034618 ], [ 3923860.911565807648003, 1069768.239851954160258 ], [ 3923860.911565807648003, 1069730.815334605285898 ], [ 3923860.911565807648003, 1069693.390817256411538 ], [ 3923860.911565807648003, 1069655.966299907537177 ], [ 3923860.911565807648003, 1069618.541782558662817 ], [ 3923860.911565807648003, 1069581.117265209788457 ], [ 3923887.374695807695389, 1069554.654135209741071 ], [ 3923924.799213156569749, 1069554.654135209741071 ], [ 3923962.223730505444109, 1069554.654135209741071 ], [ 3923999.64824785431847, 1069554.654135209741071 ], [ 3924037.07276520319283, 1069554.654135209741071 ], [ 3924037.07276520319283, 1069517.229617860866711 ], [ 3924037.07276520319283, 1069479.80510051199235 ], [ 3924037.07276520319283, 1069442.38058316311799 ], [ 3924037.07276520319283, 1069404.95606581424363 ], [ 3924063.535895203240216, 1069378.492935814196244 ], [ 3924100.960412552114576, 1069378.492935814196244 ], [ 3924138.384929900988936, 1069378.492935814196244 ], [ 3924175.809447249863297, 1069378.492935814196244 ], [ 3924213.233964598737657, 1069378.492935814196244 ], [ 3924213.233964598737657, 1069341.068418465321884 ], [ 3924213.233964598737657, 1069303.643901116447523 ], [ 3924213.233964598737657, 1069266.219383767573163 ], [ 3924213.233964598737657, 1069228.794866418698803 ], [ 3924239.697094598785043, 1069202.331736418651417 ], [ 3924277.121611947659403, 1069202.331736418651417 ], [ 3924314.546129296533763, 1069202.331736418651417 ], [ 3924351.970646645408124, 1069202.331736418651417 ], [ 3924389.395163994282484, 1069202.331736418651417 ], [ 3924426.819681343156844, 1069202.331736418651417 ], [ 3924464.244198692031205, 1069202.331736418651417 ], [ 3924501.668716040905565, 1069202.331736418651417 ], [ 3924539.093233389779925, 1069202.331736418651417 ], [ 3924576.517750738654286, 1069202.331736418651417 ], [ 3924613.942268087528646, 1069202.331736418651417 ], [ 3924651.366785436403006, 1069202.331736418651417 ], [ 3924688.791302785277367, 1069202.331736418651417 ], [ 3924715.254432785324752, 1069228.794866418698803 ], [ 3924715.254432785324752, 1069266.219383767573163 ], [ 3924715.254432785324752, 1069303.643901116447523 ], [ 3924715.254432785324752, 1069341.068418465321884 ], [ 3924715.254432785324752, 1069378.492935814196244 ], [ 3924752.678950134199113, 1069378.492935814196244 ], [ 3924790.103467483073473, 1069378.492935814196244 ], [ 3924827.527984831947833, 1069378.492935814196244 ], [ 3924864.952502180822194, 1069378.492935814196244 ], [ 3924902.377019529696554, 1069378.492935814196244 ], [ 3924939.801536878570914, 1069378.492935814196244 ], [ 3924977.226054227445275, 1069378.492935814196244 ], [ 3925014.650571576319635, 1069378.492935814196244 ], [ 3925052.075088925193995, 1069378.492935814196244 ], [ 3925089.499606274068356, 1069378.492935814196244 ], [ 3925126.924123622942716, 1069378.492935814196244 ], [ 3925164.348640971817076, 1069378.492935814196244 ], [ 3925201.773158320691437, 1069378.492935814196244 ], [ 3925228.236288320738822, 1069404.95606581424363 ], [ 3925228.236288320738822, 1069442.38058316311799 ], [ 3925228.236288320738822, 1069479.80510051199235 ], [ 3925228.236288320738822, 1069517.229617860866711 ], [ 3925228.236288320738822, 1069554.654135209741071 ], [ 3925265.660805669613183, 1069554.654135209741071 ], [ 3925303.085323018487543, 1069554.654135209741071 ], [ 3925340.509840367361903, 1069554.654135209741071 ], [ 3925377.934357716236264, 1069554.654135209741071 ], [ 3925415.358875065110624, 1069554.654135209741071 ], [ 3925452.783392413984984, 1069554.654135209741071 ], [ 3925490.207909762859344, 1069554.654135209741071 ], [ 3925527.632427111733705, 1069554.654135209741071 ], [ 3925527.632427111733705, 1069592.078652558615431 ], [ 3925527.632427111733705, 1069629.503169907489792 ], [ 3925527.632427111733705, 1069666.927687256364152 ], [ 3925527.632427111733705, 1069704.352204605238512 ], [ 3925565.056944460608065, 1069704.352204605238512 ], [ 3925602.481461809482425, 1069704.352204605238512 ], [ 3925639.905979158356786, 1069704.352204605238512 ], [ 3925677.330496507231146, 1069704.352204605238512 ], [ 3925714.755013856105506, 1069704.352204605238512 ], [ 3925752.179531204979867, 1069704.352204605238512 ], [ 3925789.604048553854227, 1069704.352204605238512 ], [ 3925827.028565902728587, 1069704.352204605238512 ], [ 3925864.453083251602948, 1069704.352204605238512 ], [ 3925890.916213251650333, 1069730.815334605285898 ], [ 3925890.916213251650333, 1069768.239851954160258 ], [ 3925890.916213251650333, 1069805.664369303034618 ], [ 3925890.916213251650333, 1069843.088886651908979 ], [ 3925890.916213251650333, 1069880.513404000783339 ], [ 3925928.340730600524694, 1069880.513404000783339 ], [ 3925965.765247949399054, 1069880.513404000783339 ], [ 3926003.189765298273414, 1069880.513404000783339 ], [ 3926040.614282647147775, 1069880.513404000783339 ], [ 3926078.038799996022135, 1069880.513404000783339 ], [ 3926115.463317344896495, 1069880.513404000783339 ], [ 3926152.887834693770856, 1069880.513404000783339 ], [ 3926190.312352042645216, 1069880.513404000783339 ], [ 3926227.736869391519576, 1069880.513404000783339 ], [ 3926265.161386740393937, 1069880.513404000783339 ], [ 3926302.585904089268297, 1069880.513404000783339 ], [ 3926340.010421438142657, 1069880.513404000783339 ], [ 3926346.023050824645907, 1069920.208099000854418 ], [ 3926348.293228476308286, 1069959.902794000925496 ], [ 3926348.293228476308286, 1069997.327311349799857 ], [ 3926348.293228476308286, 1070034.751828698674217 ], [ 3926385.717745825182647, 1070034.751828698674217 ], [ 3926423.142263174057007, 1070034.751828698674217 ], [ 3926460.566780522931367, 1070034.751828698674217 ], [ 3926497.991297871805727, 1070034.751828698674217 ], [ 3926535.415815220680088, 1070034.751828698674217 ], [ 3926572.840332569554448, 1070034.751828698674217 ], [ 3926610.264849918428808, 1070034.751828698674217 ], [ 3926647.689367267303169, 1070034.751828698674217 ], [ 3926685.113884616177529, 1070034.751828698674217 ], [ 3926711.577014616224915, 1070061.214958698721603 ], [ 3926711.577014616224915, 1070098.639476047595963 ], [ 3926711.577014616224915, 1070136.063993396470323 ], [ 3926711.577014616224915, 1070173.488510745344684 ], [ 3926711.577014616224915, 1070210.913028094219044 ], [ 3926749.001531965099275, 1070210.913028094219044 ], [ 3926786.426049313973635, 1070210.913028094219044 ], [ 3926823.850566662847996, 1070210.913028094219044 ], [ 3926850.313696662895381, 1070237.37615809426643 ], [ 3926850.313696662895381, 1070274.80067544314079 ], [ 3926850.313696662895381, 1070312.22519279201515 ], [ 3926850.313696662895381, 1070349.649710140889511 ], [ 3926876.776826662942767, 1070376.112840140936896 ], [ 3926914.201344011817127, 1070376.112840140936896 ], [ 3926951.625861360691488, 1070376.112840140936896 ], [ 3926989.050378709565848, 1070376.112840140936896 ], [ 3927026.474896058440208, 1070376.112840140936896 ], [ 3927063.899413407314569, 1070376.112840140936896 ], [ 3927101.323930756188929, 1070376.112840140936896 ], [ 3927138.748448105063289, 1070376.112840140936896 ], [ 3927176.17296545393765, 1070376.112840140936896 ], [ 3927176.17296545393765, 1070413.537357489811257 ], [ 3927176.17296545393765, 1070450.961874838685617 ], [ 3927176.17296545393765, 1070488.386392187559977 ], [ 3927176.17296545393765, 1070525.810909536434337 ], [ 3927213.59748280281201, 1070525.810909536434337 ], [ 3927251.02200015168637, 1070525.810909536434337 ], [ 3927288.446517500560731, 1070525.810909536434337 ], [ 3927325.871034849435091, 1070525.810909536434337 ], [ 3927363.295552198309451, 1070525.810909536434337 ], [ 3927400.720069547183812, 1070525.810909536434337 ], [ 3927438.144586896058172, 1070525.810909536434337 ], [ 3927475.569104244932532, 1070525.810909536434337 ], [ 3927512.993621593806893, 1070525.810909536434337 ], [ 3927512.993621593806893, 1070563.235426885308698 ], [ 3927512.993621593806893, 1070600.659944234183058 ], [ 3927512.993621593806893, 1070638.084461583057418 ], [ 3927512.993621593806893, 1070675.508978931931779 ], [ 3927512.993621593806893, 1070712.933496280806139 ], [ 3927512.993621593806893, 1070750.358013629680499 ], [ 3927512.993621593806893, 1070787.78253097855486 ], [ 3927512.993621593806893, 1070825.20704832742922 ], [ 3927512.993621593806893, 1070862.63156567630358 ], [ 3927550.418138942681253, 1070862.63156567630358 ], [ 3927587.842656291555613, 1070862.63156567630358 ], [ 3927625.267173640429974, 1070862.63156567630358 ], [ 3927662.691690989304334, 1070862.63156567630358 ], [ 3927689.15482098935172, 1070889.094695676350966 ], [ 3927689.15482098935172, 1070926.519213025225326 ], [ 3927689.15482098935172, 1070963.943730374099687 ], [ 3927689.15482098935172, 1071001.368247722974047 ], [ 3927689.15482098935172, 1071038.792765071848407 ], [ 3927689.15482098935172, 1071076.217282420722768 ], [ 3927689.15482098935172, 1071113.641799769597128 ], [ 3927689.15482098935172, 1071151.066317118471488 ], [ 3927689.15482098935172, 1071188.490834467345849 ], [ 3927689.15482098935172, 1071225.915351816220209 ], [ 3927689.15482098935172, 1071263.339869165094569 ], [ 3927689.15482098935172, 1071300.76438651396893 ], [ 3927689.15482098935172, 1071338.18890386284329 ], [ 3927689.15482098935172, 1071375.61342121171765 ], [ 3927689.15482098935172, 1071413.037938560592011 ], [ 3927689.15482098935172, 1071450.462455909466371 ], [ 3927689.15482098935172, 1071487.886973258340731 ], [ 3927689.15482098935172, 1071525.311490607215092 ], [ 3927689.15482098935172, 1071562.736007956089452 ], [ 3927689.15482098935172, 1071600.160525304963812 ], [ 3927689.15482098935172, 1071637.585042653838173 ], [ 3927689.15482098935172, 1071675.009560002712533 ], [ 3927689.15482098935172, 1071712.434077351586893 ], [ 3927689.15482098935172, 1071749.858594700461254 ], [ 3927689.15482098935172, 1071787.283112049335614 ], [ 3927689.15482098935172, 1071824.707629398209974 ], [ 3927689.15482098935172, 1071862.132146747084334 ], [ 3927726.57933833822608, 1071862.132146747084334 ], [ 3927764.00385568710044, 1071862.132146747084334 ], [ 3927801.428373035974801, 1071862.132146747084334 ], [ 3927827.891503036022186, 1071888.59527674713172 ], [ 3927827.891503036022186, 1071926.019794096006081 ], [ 3927827.891503036022186, 1071963.444311444880441 ], [ 3927827.891503036022186, 1072000.868828793754801 ], [ 3927827.891503036022186, 1072038.293346142629161 ], [ 3927827.891503036022186, 1072075.717863491503522 ], [ 3927827.891503036022186, 1072113.142380840377882 ], [ 3927827.891503036022186, 1072150.566898189252242 ], [ 3927827.891503036022186, 1072187.991415538126603 ], [ 3927827.891503036022186, 1072225.415932887000963 ], [ 3927827.891503036022186, 1072262.840450235875323 ], [ 3927827.891503036022186, 1072300.264967584749684 ], [ 3927827.891503036022186, 1072337.689484933624044 ], [ 3927827.891503036022186, 1072375.114002282498404 ], [ 3927827.891503036022186, 1072412.538519631372765 ], [ 3927827.891503036022186, 1072449.963036980247125 ], [ 3927827.891503036022186, 1072487.387554329121485 ], [ 3927827.891503036022186, 1072524.812071677995846 ], [ 3927827.891503036022186, 1072562.236589026870206 ], [ 3927827.891503036022186, 1072599.661106375744566 ], [ 3927827.891503036022186, 1072637.085623724618927 ], [ 3927827.891503036022186, 1072674.510141073493287 ], [ 3927827.891503036022186, 1072711.934658422367647 ], [ 3927827.891503036022186, 1072749.359175771242008 ], [ 3927827.891503036022186, 1072786.783693120116368 ], [ 3927827.891503036022186, 1072824.208210468990728 ], [ 3927827.891503036022186, 1072861.632727817865089 ], [ 3927827.891503036022186, 1072899.057245166739449 ], [ 3927827.891503036022186, 1072936.481762515613809 ], [ 3927827.891503036022186, 1072973.90627986448817 ], [ 3927827.891503036022186, 1073011.33079721336253 ], [ 3927827.891503036022186, 1073048.75531456223689 ], [ 3927827.891503036022186, 1073086.179831911111251 ], [ 3927827.891503036022186, 1073123.604349259985611 ], [ 3927827.891503036022186, 1073161.028866608859971 ], [ 3927827.891503036022186, 1073198.453383957734331 ], [ 3927827.891503036022186, 1073235.877901306608692 ], [ 3927827.891503036022186, 1073273.302418655483052 ], [ 3927827.891503036022186, 1073310.726936004357412 ], [ 3927827.891503036022186, 1073348.151453353231773 ], [ 3927827.891503036022186, 1073385.575970702106133 ], [ 3927827.891503036022186, 1073423.000488050980493 ], [ 3927827.891503036022186, 1073460.425005399854854 ], [ 3927827.891503036022186, 1073497.849522748729214 ], [ 3927827.891503036022186, 1073535.274040097603574 ], [ 3928107.946210479363799, 1074179.514004446566105 ], [ 3928224.039953551255167, 1074738.874766519293189 ], [ 3928403.457556480076164, 1075498.761084806639701 ], [ 3928762.29276233818382, 1076237.539449808420613 ], [ 3929289.991594482213259, 1076723.022375381086022 ], [ 3929719.50260064471513, 1077018.866966067580506 ], [ 3930186.469693755730987, 1077344.862861258443445 ], [ 3930600.572587647009641, 1077529.887558528920636 ], [ 3931002.554445643909276, 1077648.209594985703006 ], [ 3931039.978962992783636, 1077648.209594985703006 ], [ 3931077.403480341657996, 1077648.209594985703006 ], [ 3931114.827997690532357, 1077648.209594985703006 ], [ 3931152.252515039406717, 1077648.209594985703006 ], [ 3931189.677032388281077, 1077648.209594985703006 ], [ 3931227.101549737155437, 1077648.209594985703006 ], [ 3931264.526067086029798, 1077648.209594985703006 ], [ 3931301.950584434904158, 1077648.209594985703006 ], [ 3931339.375101783778518, 1077648.209594985703006 ], [ 3931376.799619132652879, 1077648.209594985703006 ], [ 3931414.224136481527239, 1077648.209594985703006 ], [ 3931451.648653830401599, 1077648.209594985703006 ], [ 3931489.07317117927596, 1077648.209594985703006 ], [ 3931526.49768852815032, 1077648.209594985703006 ], [ 3931563.92220587702468, 1077648.209594985703006 ], [ 3931601.346723225899041, 1077648.209594985703006 ], [ 3931638.771240574773401, 1077648.209594985703006 ], [ 3931676.195757923647761, 1077648.209594985703006 ], [ 3931713.620275272522122, 1077648.209594985703006 ], [ 3931751.044792621396482, 1077648.209594985703006 ], [ 3931788.469309970270842, 1077648.209594985703006 ], [ 3931825.893827319145203, 1077648.209594985703006 ], [ 3931863.318344668019563, 1077648.209594985703006 ], [ 3931900.742862016893923, 1077648.209594985703006 ], [ 3931938.167379365768284, 1077648.209594985703006 ], [ 3931975.591896714642644, 1077648.209594985703006 ], [ 3932013.016414063517004, 1077648.209594985703006 ], [ 3932050.440931412391365, 1077648.209594985703006 ], [ 3932087.865448761265725, 1077648.209594985703006 ], [ 3932125.289966110140085, 1077648.209594985703006 ], [ 3933643.372593937907368, 1077652.425406522350386 ], [ 3935189.207335712388158, 1077700.732742202933878 ], [ 3935756.81852995743975, 1077785.270579643547535 ], [ 3936394.344622440170497, 1077985.030251125572249 ], [ 3936431.769139789044857, 1077985.030251125572249 ], [ 3936469.193657137919217, 1077985.030251125572249 ], [ 3936506.618174486793578, 1077985.030251125572249 ], [ 3936544.042691835667938, 1077985.030251125572249 ], [ 3936581.467209184542298, 1077985.030251125572249 ], [ 3936618.891726533416659, 1077985.030251125572249 ], [ 3936656.316243882291019, 1077985.030251125572249 ], [ 3936693.740761231165379, 1077985.030251125572249 ], [ 3936731.16527858003974, 1077985.030251125572249 ], [ 3936768.5897959289141, 1077985.030251125572249 ], [ 3936806.01431327778846, 1077985.030251125572249 ], [ 3936843.438830626662821, 1077985.030251125572249 ], [ 3936880.863347975537181, 1077985.030251125572249 ], [ 3936880.863347975537181, 1078022.45476847444661 ], [ 3936880.863347975537181, 1078059.87928582332097 ], [ 3936880.863347975537181, 1078097.30380317219533 ], [ 3936880.863347975537181, 1078134.728320521069691 ], [ 3936918.287865324411541, 1078134.728320521069691 ], [ 3936955.712382673285902, 1078134.728320521069691 ], [ 3936993.136900022160262, 1078134.728320521069691 ], [ 3937030.561417371034622, 1078134.728320521069691 ], [ 3937067.985934719908983, 1078134.728320521069691 ], [ 3937105.410452068783343, 1078134.728320521069691 ], [ 3937142.834969417657703, 1078134.728320521069691 ], [ 3937180.259486766532063, 1078134.728320521069691 ], [ 3937217.684004115406424, 1078134.728320521069691 ], [ 3937255.108521464280784, 1078134.728320521069691 ], [ 3937292.533038813155144, 1078134.728320521069691 ], [ 3937329.957556162029505, 1078134.728320521069691 ], [ 3937367.382073510903865, 1078134.728320521069691 ], [ 3937404.806590859778225, 1078134.728320521069691 ], [ 3937442.231108208652586, 1078134.728320521069691 ], [ 3937479.655625557526946, 1078134.728320521069691 ], [ 3937517.080142906401306, 1078134.728320521069691 ], [ 3937554.504660255275667, 1078134.728320521069691 ], [ 3937591.929177604150027, 1078134.728320521069691 ], [ 3937629.353694953024387, 1078134.728320521069691 ], [ 3937666.778212301898748, 1078134.728320521069691 ], [ 3937704.202729650773108, 1078134.728320521069691 ], [ 3937741.627246999647468, 1078134.728320521069691 ], [ 3937779.051764348521829, 1078134.728320521069691 ], [ 3937816.476281697396189, 1078134.728320521069691 ], [ 3937853.900799046270549, 1078134.728320521069691 ] ] ] } }
]
}
