{
"type": "FeatureCollection",
"name": "Masha",
"crs": { "type": "name", "properties": { "name": "urn:ogc:def:crs:EPSG::3857" } },
"features": [
{ "type": "Feature", "properties": { }, "geometry": { "type": "Polygon", "coordinates": [ [ [ 3944097.10335210384801, 856703.480985326925293 ], [ 3944288.766294150613248, 856692.519597978098318 ], [ 3944326.190811499487609, 856692.519597978098318 ], [ 3944363.615328848361969, 856692.519597978098318 ], [ 3944401.039846197236329, 856692.519597978098318 ], [ 3944438.46436354611069, 856692.519597978098318 ], [ 3944448.219444667454809, 856732.214292978052981 ], [ 3944446.747170584276319, 856771.908987978007644 ], [ 3944446.747170584276319, 856809.333505326882005 ], [ 3944446.747170584276319, 856846.758022675756365 ], [ 3944473.210300584323704, 856873.221152675803751 ], [ 3944510.634817933198065, 856873.221152675803751 ], [ 3944548.059335282072425, 856873.221152675803751 ], [ 3944585.483852630946785, 856873.221152675803751 ], [ 3944611.946982630994171, 856899.684282675851136 ], [ 3944611.946982630994171, 856937.108800024725497 ], [ 3944611.946982630994171, 856974.533317373599857 ], [ 3944611.946982630994171, 857011.957834722474217 ], [ 3944638.410112631041557, 857038.420964722521603 ], [ 3944675.834629979915917, 857038.420964722521603 ], [ 3944713.259147328790277, 857038.420964722521603 ], [ 3944750.683664677664638, 857038.420964722521603 ], [ 3944788.108182026538998, 857038.420964722521603 ], [ 3944825.532699375413358, 857038.420964722521603 ], [ 3944862.957216724287719, 857038.420964722521603 ], [ 3944900.381734073162079, 857038.420964722521603 ], [ 3944926.844864073209465, 857064.884094722568989 ], [ 3944926.844864073209465, 857102.308612071443349 ], [ 3944926.844864073209465, 857139.733129420317709 ], [ 3944926.844864073209465, 857177.15764676919207 ], [ 3944953.30799407325685, 857203.620776769239455 ], [ 3944990.732511422131211, 857203.620776769239455 ], [ 3945028.157028771005571, 857203.620776769239455 ], [ 3945065.581546119879931, 857203.620776769239455 ], [ 3945103.006063468754292, 857203.620776769239455 ], [ 3945140.430580817628652, 857203.620776769239455 ], [ 3945177.855098166503012, 857203.620776769239455 ], [ 3945215.279615515377373, 857203.620776769239455 ], [ 3945252.704132864251733, 857203.620776769239455 ], [ 3945279.167262864299119, 857230.083906769286841 ], [ 3945443.724649497773498, 857299.519255509949289 ], [ 3945695.767191193532199, 857373.487029316951521 ], [ 3945999.866370910778642, 857403.235862115281634 ], [ 3946561.788768214173615, 857413.152139714802615 ], [ 3947004.715834324248135, 857330.516493052477017 ], [ 3947467.475455632898957, 857138.801792796002701 ], [ 3947753.725763192400336, 857016.498190024867654 ], [ 3947791.150280541274697, 857016.498190024867654 ], [ 3948229.283101378940046, 856877.761507978197187 ], [ 3948255.746231378987432, 856851.298377978149801 ], [ 3948293.170748727861792, 856851.298377978149801 ], [ 3948330.595266076736152, 856851.298377978149801 ], [ 3948368.019783425610512, 856851.298377978149801 ], [ 3948405.444300774484873, 856851.298377978149801 ], [ 3948442.868818123359233, 856851.298377978149801 ], [ 3948480.293335472233593, 856851.298377978149801 ], [ 3948517.717852821107954, 856851.298377978149801 ], [ 3948544.180982821155339, 856824.835247978102416 ], [ 3948544.180982821155339, 856787.410730629228055 ], [ 3948544.180982821155339, 856749.986213280353695 ], [ 3948544.180982821155339, 856712.561695931479335 ], [ 3948570.644112821202725, 856686.098565931431949 ], [ 3948608.068630170077085, 856686.098565931431949 ], [ 3948645.493147518951446, 856686.098565931431949 ], [ 3948682.917664867825806, 856686.098565931431949 ], [ 3948720.342182216700166, 856686.098565931431949 ], [ 3948757.766699565574527, 856686.098565931431949 ], [ 3948795.191216914448887, 856686.098565931431949 ], [ 3948832.615734263323247, 856686.098565931431949 ], [ 3948870.040251612197608, 856686.098565931431949 ], [ 3948870.040251612197608, 856648.674048582557589 ], [ 3948870.040251612197608, 856611.249531233683228 ], [ 3948870.040251612197608, 856573.825013884808868 ], [ 3948870.040251612197608, 856536.400496535934508 ], [ 3948907.464768961071968, 856536.400496535934508 ], [ 3948944.889286309946328, 856536.400496535934508 ], [ 3948982.313803658820689, 856536.400496535934508 ], [ 3949019.738321007695049, 856536.400496535934508 ], [ 3949046.201451007742435, 856509.937366535887122 ], [ 3949046.201451007742435, 856472.512849187012762 ], [ 3949046.201451007742435, 856435.088331838138402 ], [ 3949046.201451007742435, 856397.663814489264041 ], [ 3949072.66458100778982, 856371.200684489216655 ], [ 3949110.089098356664181, 856371.200684489216655 ], [ 3949147.513615705538541, 856371.200684489216655 ], [ 3949184.938133054412901, 856371.200684489216655 ], [ 3949184.938133054412901, 856333.776167140342295 ], [ 3949184.938133054412901, 856296.351649791467935 ], [ 3949184.938133054412901, 856258.927132442593575 ], [ 3949184.938133054412901, 856221.502615093719214 ], [ 3949211.401263054460287, 856195.039485093671829 ], [ 3949248.825780403334647, 856195.039485093671829 ], [ 3949286.250297752209008, 856195.039485093671829 ], [ 3949323.674815101083368, 856195.039485093671829 ], [ 3949361.099332449957728, 856195.039485093671829 ], [ 3949398.523849798832089, 856195.039485093671829 ], [ 3949435.948367147706449, 856195.039485093671829 ], [ 3949473.372884496580809, 856195.039485093671829 ], [ 3949510.79740184545517, 856195.039485093671829 ], [ 3949510.79740184545517, 856157.614967744797468 ], [ 3949510.79740184545517, 856120.190450395923108 ], [ 3949510.79740184545517, 856082.765933047048748 ], [ 3949510.79740184545517, 856045.341415698174387 ], [ 3949510.79740184545517, 856007.916898349300027 ], [ 3949510.79740184545517, 855970.492381000425667 ], [ 3949510.79740184545517, 855933.067863651551306 ], [ 3949510.79740184545517, 855895.643346302676946 ], [ 3949550.492096845526248, 855882.145813446608372 ], [ 3949590.186791845597327, 855883.618087529903278 ], [ 3949627.611309194471687, 855883.618087529903278 ], [ 3949665.035826543346047, 855883.618087529903278 ], [ 3949702.460343892220408, 855883.618087529903278 ], [ 3949739.884861241094768, 855883.618087529903278 ], [ 3949777.309378589969128, 855883.618087529903278 ], [ 3949814.733895938843489, 855883.618087529903278 ], [ 3949852.158413287717849, 855883.618087529903278 ], [ 3950036.998003357555717, 855664.925337977590971 ], [ 3950097.442808553110808, 855501.72436395008117 ], [ 3950184.438714125193655, 855242.860937296645716 ], [ 3950184.438714125193655, 855205.436419947771356 ], [ 3950184.438714125193655, 855168.011902598896995 ], [ 3950184.438714125193655, 855130.587385250022635 ], [ 3950184.438714125193655, 855093.162867901148275 ], [ 3950184.438714125193655, 855055.738350552273914 ], [ 3950184.438714125193655, 855018.313833203399554 ], [ 3950184.438714125193655, 854980.889315854525194 ], [ 3950184.438714125193655, 854943.464798505650833 ], [ 3950184.438714125193655, 854906.040281156776473 ], [ 3950184.438714125193655, 854868.615763807902113 ], [ 3950184.438714125193655, 854831.191246459027752 ], [ 3950184.438714125193655, 854793.766729110153392 ], [ 3950184.438714125193655, 854756.342211761279032 ], [ 3950184.438714125193655, 854718.917694412404671 ], [ 3950184.438714125193655, 854681.493177063530311 ], [ 3950184.438714125193655, 854644.068659714655951 ], [ 3950184.438714125193655, 854606.64414236578159 ], [ 3950184.438714125193655, 854569.21962501690723 ], [ 3950210.901844125241041, 854542.756495016859844 ], [ 3950248.326361474115402, 854542.756495016859844 ], [ 3950285.750878822989762, 854542.756495016859844 ], [ 3950323.175396171864122, 854542.756495016859844 ], [ 3950360.599913520738482, 854542.756495016859844 ], [ 3950360.599913520738482, 854505.331977667985484 ], [ 3950360.599913520738482, 854467.907460319111124 ], [ 3950360.599913520738482, 854430.482942970236763 ], [ 3950360.599913520738482, 854393.058425621362403 ], [ 3950360.599913520738482, 854355.633908272488043 ], [ 3950360.599913520738482, 854318.209390923613682 ], [ 3950360.599913520738482, 854280.784873574739322 ], [ 3950360.599913520738482, 854243.360356225864962 ], [ 3950387.063043520785868, 854216.897226225817576 ], [ 3950424.487560869660228, 854216.897226225817576 ], [ 3950461.912078218534589, 854216.897226225817576 ], [ 3950499.336595567408949, 854216.897226225817576 ], [ 3950525.799725567456335, 854190.43409622577019 ], [ 3950525.799725567456335, 854153.00957887689583 ], [ 3950525.799725567456335, 854115.58506152802147 ], [ 3950525.799725567456335, 854078.160544179147109 ], [ 3950525.799725567456335, 854040.736026830272749 ], [ 3950525.799725567456335, 854003.311509481398389 ], [ 3950525.799725567456335, 853965.886992132524028 ], [ 3950525.799725567456335, 853928.462474783649668 ], [ 3950525.799725567456335, 853891.037957434775308 ], [ 3950525.799725567456335, 853853.613440085900947 ], [ 3950525.799725567456335, 853816.188922737026587 ], [ 3950525.799725567456335, 853778.764405388152227 ], [ 3950525.799725567456335, 853741.339888039277866 ], [ 3950552.262855567503721, 853714.876758039230481 ], [ 3950589.687372916378081, 853714.876758039230481 ], [ 3950627.111890265252441, 853714.876758039230481 ], [ 3950664.536407614126801, 853714.876758039230481 ], [ 3950690.999537614174187, 853688.413628039183095 ], [ 3950690.999537614174187, 853650.989110690308735 ], [ 3950690.999537614174187, 853613.564593341434374 ], [ 3950690.999537614174187, 853576.140075992560014 ], [ 3950690.999537614174187, 853538.715558643685654 ], [ 3950690.999537614174187, 853501.291041294811293 ], [ 3950690.999537614174187, 853463.866523945936933 ], [ 3950690.999537614174187, 853426.442006597062573 ], [ 3950717.462667614221573, 853399.978876597015187 ], [ 3950754.887184963095933, 853399.978876597015187 ], [ 3950792.311702311970294, 853399.978876597015187 ], [ 3950829.736219660844654, 853399.978876597015187 ], [ 3950829.736219660844654, 853362.554359248140827 ], [ 3950829.736219660844654, 853325.129841899266466 ], [ 3950829.736219660844654, 853287.705324550392106 ], [ 3950829.736219660844654, 853250.280807201517746 ], [ 3950829.736219660844654, 853212.856289852643386 ], [ 3950829.736219660844654, 853175.431772503769025 ], [ 3950829.736219660844654, 853138.007255154894665 ], [ 3950829.736219660844654, 853100.582737806020305 ], [ 3950829.736219660844654, 853063.158220457145944 ], [ 3950867.160737009719014, 853063.158220457145944 ], [ 3950904.585254358593374, 853063.158220457145944 ], [ 3950942.009771707467735, 853063.158220457145944 ], [ 3950979.434289056342095, 853063.158220457145944 ], [ 3951005.897419056389481, 853036.695090457098559 ], [ 3951005.897419056389481, 852999.270573108224198 ], [ 3951005.897419056389481, 852961.846055759349838 ], [ 3951005.897419056389481, 852924.421538410475478 ], [ 3951005.897419056389481, 852886.997021061601117 ], [ 3951005.897419056389481, 852849.572503712726757 ], [ 3951005.897419056389481, 852812.147986363852397 ], [ 3951005.897419056389481, 852774.723469014978036 ], [ 3951005.897419056389481, 852737.298951666103676 ], [ 3951043.321936405263841, 852737.298951666103676 ], [ 3951080.746453754138201, 852737.298951666103676 ], [ 3951118.170971103012562, 852737.298951666103676 ], [ 3951155.595488451886922, 852737.298951666103676 ], [ 3951193.020005800761282, 852737.298951666103676 ], [ 3951193.020005800761282, 852699.874434317229316 ], [ 3951193.020005800761282, 852662.449916968354955 ], [ 3951193.020005800761282, 852625.025399619480595 ], [ 3951193.020005800761282, 852587.600882270606235 ], [ 3951193.020005800761282, 852550.176364921731874 ], [ 3951193.020005800761282, 852512.751847572857514 ], [ 3951193.020005800761282, 852475.327330223983154 ], [ 3951193.020005800761282, 852437.902812875108793 ], [ 3951193.020005800761282, 852400.478295526234433 ], [ 3951230.444523149635643, 852400.478295526234433 ], [ 3951267.869040498510003, 852400.478295526234433 ], [ 3951305.293557847384363, 852400.478295526234433 ], [ 3951342.718075196258724, 852400.478295526234433 ], [ 3951342.718075196258724, 852363.053778177360073 ], [ 3951342.718075196258724, 852325.629260828485712 ], [ 3951342.718075196258724, 852288.204743479611352 ], [ 3951342.718075196258724, 852250.780226130736992 ], [ 3951342.718075196258724, 852213.355708781862631 ], [ 3951342.718075196258724, 852175.931191432988271 ], [ 3951342.718075196258724, 852138.506674084113911 ], [ 3951342.718075196258724, 852101.08215673523955 ], [ 3951369.181205196306109, 852074.619026735192165 ], [ 3951406.60572254518047, 852074.619026735192165 ], [ 3951444.03023989405483, 852074.619026735192165 ], [ 3951481.45475724292919, 852074.619026735192165 ], [ 3951507.917887242976576, 852048.155896735144779 ], [ 3951507.917887242976576, 852010.731379386270419 ], [ 3951507.917887242976576, 851973.306862037396058 ], [ 3951507.917887242976576, 851935.882344688521698 ], [ 3951507.917887242976576, 851898.457827339647338 ], [ 3951507.917887242976576, 851861.033309990772977 ], [ 3951507.917887242976576, 851823.608792641898617 ], [ 3951507.917887242976576, 851786.184275293024257 ], [ 3951507.917887242976576, 851748.759757944149897 ], [ 3951545.342404591850936, 851748.759757944149897 ], [ 3951582.766921940725297, 851748.759757944149897 ], [ 3951620.191439289599657, 851748.759757944149897 ], [ 3951657.615956638474017, 851748.759757944149897 ], [ 3951657.615956638474017, 851711.335240595275536 ], [ 3951657.615956638474017, 851673.910723246401176 ], [ 3951657.615956638474017, 851636.486205897526816 ], [ 3951657.615956638474017, 851599.061688548652455 ], [ 3951657.615956638474017, 851561.637171199778095 ], [ 3951657.615956638474017, 851524.212653850903735 ], [ 3951657.615956638474017, 851486.788136502029374 ], [ 3951657.615956638474017, 851449.363619153155014 ], [ 3951657.615956638474017, 851411.939101804280654 ], [ 3951695.040473987348378, 851411.939101804280654 ], [ 3951732.464991336222738, 851411.939101804280654 ], [ 3951769.889508685097098, 851411.939101804280654 ], [ 3951807.314026033971459, 851411.939101804280654 ], [ 3951807.314026033971459, 851374.514584455406293 ], [ 3951807.314026033971459, 851337.090067106531933 ], [ 3951807.314026033971459, 851299.665549757657573 ], [ 3951807.314026033971459, 851262.241032408783212 ], [ 3951807.314026033971459, 851224.816515059908852 ], [ 3951807.314026033971459, 851187.391997711034492 ], [ 3951807.314026033971459, 851149.967480362160131 ], [ 3951807.314026033971459, 851112.542963013285771 ], [ 3951833.777156034018844, 851086.079833013238385 ], [ 3951871.201673382893205, 851086.079833013238385 ], [ 3951908.626190731767565, 851086.079833013238385 ], [ 3951946.050708080641925, 851086.079833013238385 ], [ 3951983.475225429516286, 851086.079833013238385 ], [ 3952009.938355429563671, 851059.616703013191 ], [ 3952009.938355429563671, 851022.192185664316639 ], [ 3952009.938355429563671, 850984.767668315442279 ], [ 3952009.938355429563671, 850947.343150966567919 ], [ 3952009.938355429563671, 850909.918633617693558 ], [ 3952009.938355429563671, 850872.494116268819198 ], [ 3952009.938355429563671, 850835.069598919944838 ], [ 3952009.938355429563671, 850797.645081571070477 ], [ 3952009.938355429563671, 850760.220564222196117 ], [ 3952036.401485429611057, 850733.757434222148731 ], [ 3952073.826002778485417, 850733.757434222148731 ], [ 3952111.250520127359778, 850733.757434222148731 ], [ 3952148.675037476234138, 850733.757434222148731 ], [ 3952148.675037476234138, 850696.332916873274371 ], [ 3952148.675037476234138, 850658.908399524400011 ], [ 3952148.675037476234138, 850621.48388217552565 ], [ 3952148.675037476234138, 850584.05936482665129 ], [ 3952148.675037476234138, 850546.63484747777693 ], [ 3952148.675037476234138, 850509.210330128902569 ], [ 3952148.675037476234138, 850471.785812780028209 ], [ 3952148.675037476234138, 850434.361295431153849 ], [ 3952175.138167476281524, 850407.898165431106463 ], [ 3952212.562684825155884, 850407.898165431106463 ], [ 3952249.987202174030244, 850407.898165431106463 ], [ 3952287.411719522904605, 850407.898165431106463 ], [ 3952324.836236871778965, 850407.898165431106463 ], [ 3952324.836236871778965, 850370.473648082232103 ], [ 3952324.836236871778965, 850333.049130733357742 ], [ 3952324.836236871778965, 850295.624613384483382 ], [ 3952324.836236871778965, 850258.200096035609022 ], [ 3952324.836236871778965, 850220.775578686734661 ], [ 3952324.836236871778965, 850183.351061337860301 ], [ 3952324.836236871778965, 850145.926543988985941 ], [ 3952324.836236871778965, 850108.50202664011158 ], [ 3952351.299366871826351, 850082.038896640064195 ], [ 3952388.723884220700711, 850082.038896640064195 ], [ 3952426.148401569575071, 850082.038896640064195 ], [ 3952463.572918918449432, 850082.038896640064195 ], [ 3952490.036048918496817, 850055.575766640016809 ], [ 3952490.036048918496817, 850018.151249291142449 ], [ 3952490.036048918496817, 849980.726731942268088 ], [ 3952490.036048918496817, 849943.302214593393728 ], [ 3952490.036048918496817, 849905.877697244519368 ], [ 3952490.036048918496817, 849868.453179895645007 ], [ 3952490.036048918496817, 849831.028662546770647 ], [ 3952490.036048918496817, 849793.604145197896287 ], [ 3952490.036048918496817, 849756.179627849021927 ], [ 3952527.460566267371178, 849756.179627849021927 ], [ 3952564.885083616245538, 849756.179627849021927 ], [ 3952602.309600965119898, 849756.179627849021927 ], [ 3952639.734118313994259, 849756.179627849021927 ], [ 3952666.197248314041644, 849729.716497848974541 ], [ 3952666.197248314041644, 849692.291980500100181 ], [ 3952666.197248314041644, 849654.86746315122582 ], [ 3952666.197248314041644, 849617.44294580235146 ], [ 3952666.197248314041644, 849580.0184284534771 ], [ 3952666.197248314041644, 849542.593911104602739 ], [ 3952666.197248314041644, 849505.169393755728379 ], [ 3952666.197248314041644, 849467.744876406854019 ], [ 3952666.197248314041644, 849430.320359057979658 ], [ 3952703.621765662916005, 849430.320359057979658 ], [ 3952741.046283011790365, 849430.320359057979658 ], [ 3952778.470800360664725, 849430.320359057979658 ], [ 3952815.895317709539086, 849430.320359057979658 ], [ 3952815.895317709539086, 849392.895841709105298 ], [ 3952815.895317709539086, 849355.471324360230938 ], [ 3952815.895317709539086, 849318.046807011356577 ], [ 3952815.895317709539086, 849280.622289662482217 ], [ 3952815.895317709539086, 849243.197772313607857 ], [ 3952815.895317709539086, 849205.773254964733496 ], [ 3952815.895317709539086, 849168.348737615859136 ], [ 3952815.895317709539086, 849130.924220266984776 ], [ 3952815.895317709539086, 849093.499702918110415 ], [ 3952853.319835058413446, 849093.499702918110415 ], [ 3952890.744352407287806, 849093.499702918110415 ], [ 3952928.168869756162167, 849093.499702918110415 ], [ 3952965.593387105036527, 849093.499702918110415 ], [ 3952992.056517105083913, 849067.03657291806303 ], [ 3952992.056517105083913, 849029.612055569188669 ], [ 3952992.056517105083913, 848992.187538220314309 ], [ 3952992.056517105083913, 848954.763020871439949 ], [ 3952992.056517105083913, 848917.338503522565588 ], [ 3952992.056517105083913, 848879.913986173691228 ], [ 3952992.056517105083913, 848842.489468824816868 ], [ 3952992.056517105083913, 848805.064951475942507 ], [ 3952992.056517105083913, 848767.640434127068147 ], [ 3953029.481034453958273, 848767.640434127068147 ], [ 3953066.905551802832633, 848767.640434127068147 ], [ 3953104.330069151706994, 848767.640434127068147 ], [ 3953141.754586500581354, 848767.640434127068147 ], [ 3953141.754586500581354, 848730.215916778193787 ], [ 3953141.754586500581354, 848692.791399429319426 ], [ 3953141.754586500581354, 848655.366882080445066 ], [ 3953141.754586500581354, 848617.942364731570706 ], [ 3953141.754586500581354, 848580.517847382696345 ], [ 3953141.754586500581354, 848543.093330033821985 ], [ 3953141.754586500581354, 848505.668812684947625 ], [ 3953141.754586500581354, 848468.244295336073264 ], [ 3953168.21771650062874, 848441.781165336025879 ], [ 3953205.6422338495031, 848441.781165336025879 ], [ 3953243.06675119837746, 848441.781165336025879 ], [ 3953280.491268547251821, 848441.781165336025879 ], [ 3953317.915785896126181, 848441.781165336025879 ], [ 3953355.340303245000541, 848441.781165336025879 ], [ 3953392.764820593874902, 848441.781165336025879 ], [ 3953430.189337942749262, 848441.781165336025879 ], [ 3953467.613855291623622, 848441.781165336025879 ], [ 3953494.076985291671008, 848415.318035335978493 ], [ 3953494.076985291671008, 848377.893517987104133 ], [ 3953494.076985291671008, 848340.469000638229772 ], [ 3953494.076985291671008, 848303.044483289355412 ], [ 3953494.076985291671008, 848265.619965940481052 ], [ 3953494.076985291671008, 848228.195448591606691 ], [ 3953494.076985291671008, 848190.770931242732331 ], [ 3953494.076985291671008, 848153.346413893857971 ], [ 3953494.076985291671008, 848115.921896544983611 ], [ 3953520.540115291718394, 848089.458766544936225 ], [ 3953557.964632640592754, 848089.458766544936225 ], [ 3953595.389149989467114, 848089.458766544936225 ], [ 3953632.813667338341475, 848089.458766544936225 ], [ 3953670.238184687215835, 848089.458766544936225 ], [ 3953707.662702036090195, 848089.458766544936225 ], [ 3953745.087219384964556, 848089.458766544936225 ], [ 3953782.511736733838916, 848089.458766544936225 ], [ 3953808.974866733886302, 848062.995636544888839 ], [ 3953808.974866733886302, 848025.571119196014479 ], [ 3953808.974866733886302, 847988.146601847140118 ], [ 3953808.974866733886302, 847950.722084498265758 ], [ 3953835.437996733933687, 847924.258954498218372 ], [ 3953872.862514082808048, 847924.258954498218372 ], [ 3953910.287031431682408, 847924.258954498218372 ], [ 3953947.711548780556768, 847924.258954498218372 ], [ 3953947.711548780556768, 847886.834437149344012 ], [ 3953947.711548780556768, 847849.409919800469652 ], [ 3953947.711548780556768, 847811.985402451595291 ], [ 3953947.711548780556768, 847774.560885102720931 ], [ 3953985.136066129431129, 847774.560885102720931 ], [ 3954022.560583478305489, 847774.560885102720931 ], [ 3954059.985100827179849, 847774.560885102720931 ], [ 3954097.409618176054209, 847774.560885102720931 ], [ 3954134.83413552492857, 847774.560885102720931 ], [ 3954172.25865287380293, 847774.560885102720931 ], [ 3954209.68317022267729, 847774.560885102720931 ], [ 3954247.107687571551651, 847774.560885102720931 ], [ 3954284.532204920426011, 847774.560885102720931 ], [ 3954310.995334920473397, 847748.097755102673545 ], [ 3954310.995334920473397, 847710.673237753799185 ], [ 3954310.995334920473397, 847673.248720404924825 ], [ 3954310.995334920473397, 847635.824203056050465 ], [ 3954337.458464920520782, 847609.361073056003079 ], [ 3954374.882982269395143, 847609.361073056003079 ], [ 3954412.307499618269503, 847609.361073056003079 ], [ 3954449.732016967143863, 847609.361073056003079 ], [ 3954449.732016967143863, 847571.936555707128718 ], [ 3954449.732016967143863, 847534.512038358254358 ], [ 3954449.732016967143863, 847497.087521009379998 ], [ 3954449.732016967143863, 847459.663003660505638 ], [ 3954476.195146967191249, 847433.199873660458252 ], [ 3954513.619664316065609, 847433.199873660458252 ], [ 3954551.04418166493997, 847433.199873660458252 ], [ 3954588.46869901381433, 847433.199873660458252 ], [ 3954625.89321636268869, 847433.199873660458252 ], [ 3954663.317733711563051, 847433.199873660458252 ], [ 3954700.742251060437411, 847433.199873660458252 ], [ 3954738.166768409311771, 847433.199873660458252 ], [ 3954775.591285758186132, 847433.199873660458252 ], [ 3954775.591285758186132, 847395.775356311583892 ], [ 3954775.591285758186132, 847358.350838962709531 ], [ 3954775.591285758186132, 847320.926321613835171 ], [ 3954775.591285758186132, 847283.501804264960811 ], [ 3954775.591285758186132, 847246.07728691608645 ], [ 3954775.591285758186132, 847208.65276956721209 ], [ 3954775.591285758186132, 847171.22825221833773 ], [ 3954775.591285758186132, 847133.803734869463369 ], [ 3954802.054415758233517, 847107.340604869415984 ], [ 3954839.478933107107878, 847107.340604869415984 ], [ 3954876.903450455982238, 847107.340604869415984 ], [ 3954914.327967804856598, 847107.340604869415984 ], [ 3954951.752485153730959, 847107.340604869415984 ], [ 3954989.177002502605319, 847107.340604869415984 ], [ 3955026.601519851479679, 847107.340604869415984 ], [ 3955064.02603720035404, 847107.340604869415984 ], [ 3955101.4505545492284, 847107.340604869415984 ], [ 3955127.913684549275786, 847080.877474869368598 ], [ 3955127.913684549275786, 847043.452957520494238 ], [ 3955127.913684549275786, 847006.028440171619877 ], [ 3955127.913684549275786, 846968.603922822745517 ], [ 3955154.376814549323171, 846942.140792822698131 ], [ 3955191.801331898197532, 846942.140792822698131 ], [ 3955229.225849247071892, 846942.140792822698131 ], [ 3955266.650366595946252, 846942.140792822698131 ], [ 3955293.113496595993638, 846915.677662822650746 ], [ 3955293.113496595993638, 846878.253145473776385 ], [ 3955293.113496595993638, 846840.828628124902025 ], [ 3955293.113496595993638, 846803.404110776027665 ], [ 3955319.576626596041024, 846776.940980775980279 ], [ 3955357.001143944915384, 846776.940980775980279 ], [ 3955394.425661293789744, 846776.940980775980279 ], [ 3955431.850178642664105, 846776.940980775980279 ], [ 3955469.274695991538465, 846776.940980775980279 ], [ 3955506.699213340412825, 846776.940980775980279 ], [ 3955544.123730689287186, 846776.940980775980279 ], [ 3955581.548248038161546, 846776.940980775980279 ], [ 3955608.011378038208932, 846750.477850775932893 ], [ 3955608.011378038208932, 846713.053333427058533 ], [ 3955608.011378038208932, 846675.628816078184173 ], [ 3955608.011378038208932, 846638.204298729309812 ], [ 3955634.474508038256317, 846611.741168729262426 ], [ 3955671.899025387130678, 846611.741168729262426 ], [ 3955709.323542736005038, 846611.741168729262426 ], [ 3955746.748060084879398, 846611.741168729262426 ], [ 3955784.172577433753759, 846611.741168729262426 ], [ 3955784.172577433753759, 846574.316651380388066 ], [ 3955784.172577433753759, 846536.892134031513706 ], [ 3955784.172577433753759, 846499.467616682639346 ], [ 3955784.172577433753759, 846462.043099333764985 ], [ 3955784.172577433753759, 846424.618581984890625 ], [ 3955784.172577433753759, 846387.194064636016265 ], [ 3955784.172577433753759, 846349.769547287141904 ], [ 3955784.172577433753759, 846312.345029938267544 ], [ 3955810.635707433801144, 846285.881899938220158 ], [ 3955848.060224782675505, 846285.881899938220158 ], [ 3955885.484742131549865, 846285.881899938220158 ], [ 3955922.909259480424225, 846285.881899938220158 ], [ 3955960.333776829298586, 846285.881899938220158 ], [ 3955997.758294178172946, 846285.881899938220158 ], [ 3956035.182811527047306, 846285.881899938220158 ], [ 3956072.607328875921667, 846285.881899938220158 ], [ 3956110.031846224796027, 846285.881899938220158 ], [ 3956110.031846224796027, 846248.457382589345798 ], [ 3956110.031846224796027, 846211.032865240471438 ], [ 3956110.031846224796027, 846173.608347891597077 ], [ 3956110.031846224796027, 846136.183830542722717 ], [ 3956136.494976224843413, 846109.720700542675331 ], [ 3956173.919493573717773, 846109.720700542675331 ], [ 3956211.344010922592133, 846109.720700542675331 ], [ 3956248.768528271466494, 846109.720700542675331 ], [ 3956286.193045620340854, 846109.720700542675331 ], [ 3956323.617562969215214, 846109.720700542675331 ], [ 3956361.042080318089575, 846109.720700542675331 ], [ 3956398.466597666963935, 846109.720700542675331 ], [ 3956424.929727667011321, 846083.257570542627946 ], [ 3956424.929727667011321, 846045.833053193753585 ], [ 3956424.929727667011321, 846008.408535844879225 ], [ 3956424.929727667011321, 845970.984018496004865 ], [ 3956451.392857667058706, 845944.520888495957479 ], [ 3956488.817375015933067, 845944.520888495957479 ], [ 3956526.241892364807427, 845944.520888495957479 ], [ 3956563.666409713681787, 845944.520888495957479 ], [ 3956601.090927062556148, 845944.520888495957479 ], [ 3956601.090927062556148, 845907.096371147083119 ], [ 3956601.090927062556148, 845869.671853798208758 ], [ 3956601.090927062556148, 845832.247336449334398 ], [ 3956601.090927062556148, 845794.822819100460038 ], [ 3956638.515444411430508, 845794.822819100460038 ], [ 3956675.939961760304868, 845794.822819100460038 ], [ 3956713.364479109179229, 845794.822819100460038 ], [ 3956750.788996458053589, 845794.822819100460038 ], [ 3956788.213513806927949, 845794.822819100460038 ], [ 3956825.63803115580231, 845794.822819100460038 ], [ 3956863.06254850467667, 845794.822819100460038 ], [ 3956900.48706585355103, 845794.822819100460038 ], [ 3956926.950195853598416, 845768.359689100412652 ], [ 3956926.950195853598416, 845730.935171751538292 ], [ 3956926.950195853598416, 845693.510654402663931 ], [ 3956926.950195853598416, 845656.086137053789571 ], [ 3956953.413325853645802, 845629.623007053742185 ], [ 3956990.837843202520162, 845629.623007053742185 ], [ 3957028.262360551394522, 845629.623007053742185 ], [ 3957065.686877900268883, 845629.623007053742185 ], [ 3957092.150007900316268, 845603.1598770536948 ], [ 3957092.150007900316268, 845565.735359704820439 ], [ 3957092.150007900316268, 845528.310842355946079 ], [ 3957092.150007900316268, 845490.886325007071719 ], [ 3957118.613137900363654, 845464.423195007024333 ], [ 3957156.037655249238014, 845464.423195007024333 ], [ 3957193.462172598112375, 845464.423195007024333 ], [ 3957230.886689946986735, 845464.423195007024333 ], [ 3957268.311207295861095, 845464.423195007024333 ], [ 3957305.735724644735456, 845464.423195007024333 ], [ 3957343.160241993609816, 845464.423195007024333 ], [ 3957380.584759342484176, 845464.423195007024333 ], [ 3957418.009276691358536, 845464.423195007024333 ], [ 3957418.009276691358536, 845426.998677658149973 ], [ 3957418.009276691358536, 845389.574160309275612 ], [ 3957418.009276691358536, 845352.149642960401252 ], [ 3957418.009276691358536, 845314.725125611526892 ], [ 3957444.472406691405922, 845288.261995611479506 ], [ 3957481.896924040280282, 845288.261995611479506 ], [ 3957519.321441389154643, 845288.261995611479506 ], [ 3957556.745958738029003, 845288.261995611479506 ], [ 3957594.170476086903363, 845288.261995611479506 ], [ 3957631.594993435777724, 845288.261995611479506 ], [ 3957669.019510784652084, 845288.261995611479506 ], [ 3957706.444028133526444, 845288.261995611479506 ], [ 3957743.868545482400805, 845288.261995611479506 ], [ 3957743.868545482400805, 845250.837478262605146 ], [ 3957743.868545482400805, 845213.412960913730785 ], [ 3957743.868545482400805, 845175.988443564856425 ], [ 3957743.868545482400805, 845138.563926215982065 ], [ 3957770.33167548244819, 845112.100796215934679 ], [ 3957807.756192831322551, 845112.100796215934679 ], [ 3957845.180710180196911, 845112.100796215934679 ], [ 3957882.605227529071271, 845112.100796215934679 ], [ 3957920.029744877945632, 845112.100796215934679 ], [ 3957957.454262226819992, 845112.100796215934679 ], [ 3957994.878779575694352, 845112.100796215934679 ], [ 3958032.303296924568713, 845112.100796215934679 ], [ 3958069.727814273443073, 845112.100796215934679 ], [ 3958107.152331622317433, 845112.100796215934679 ], [ 3958144.576848971191794, 845112.100796215934679 ], [ 3958182.001366320066154, 845112.100796215934679 ], [ 3958219.425883668940514, 845112.100796215934679 ], [ 3958256.850401017814875, 845112.100796215934679 ], [ 3958294.274918366689235, 845112.100796215934679 ], [ 3958331.699435715563595, 845112.100796215934679 ], [ 3958369.123953064437956, 845112.100796215934679 ], [ 3958406.548470413312316, 845112.100796215934679 ], [ 3958406.548470413312316, 845074.676278867060319 ], [ 3958406.548470413312316, 845037.251761518185958 ], [ 3958406.548470413312316, 844999.827244169311598 ], [ 3958406.548470413312316, 844962.402726820437238 ], [ 3958443.972987762186676, 844962.402726820437238 ], [ 3958481.397505111061037, 844962.402726820437238 ], [ 3958518.822022459935397, 844962.402726820437238 ], [ 3958556.246539808809757, 844962.402726820437238 ], [ 3958593.671057157684118, 844962.402726820437238 ], [ 3958631.095574506558478, 844962.402726820437238 ], [ 3958668.520091855432838, 844962.402726820437238 ], [ 3958705.944609204307199, 844962.402726820437238 ], [ 3958743.369126553181559, 844962.402726820437238 ], [ 3958780.793643902055919, 844962.402726820437238 ], [ 3958818.218161250930279, 844962.402726820437238 ], [ 3958855.64267859980464, 844962.402726820437238 ], [ 3958893.067195948679, 844962.402726820437238 ], [ 3958919.530325948726386, 844935.939596820389852 ], [ 3958919.530325948726386, 844898.515079471515492 ], [ 3958919.530325948726386, 844861.090562122641131 ], [ 3958919.530325948726386, 844823.666044773766771 ], [ 3958945.993455948773772, 844797.202914773719385 ], [ 3958983.417973297648132, 844797.202914773719385 ], [ 3959020.842490646522492, 844797.202914773719385 ], [ 3959058.267007995396852, 844797.202914773719385 ], [ 3959095.691525344271213, 844797.202914773719385 ], [ 3959133.116042693145573, 844797.202914773719385 ], [ 3959170.540560042019933, 844797.202914773719385 ], [ 3959207.965077390894294, 844797.202914773719385 ], [ 3959245.389594739768654, 844797.202914773719385 ], [ 3959282.814112088643014, 844797.202914773719385 ], [ 3959320.238629437517375, 844797.202914773719385 ], [ 3959357.663146786391735, 844797.202914773719385 ], [ 3959395.087664135266095, 844797.202914773719385 ], [ 3959432.512181484140456, 844797.202914773719385 ], [ 3959469.936698833014816, 844797.202914773719385 ], [ 3959507.361216181889176, 844797.202914773719385 ], [ 3959544.785733530763537, 844797.202914773719385 ], [ 3959582.210250879637897, 844797.202914773719385 ], [ 3959619.634768228512257, 844797.202914773719385 ], [ 3959657.059285577386618, 844797.202914773719385 ], [ 3959694.483802926260978, 844797.202914773719385 ], [ 3959731.908320275135338, 844797.202914773719385 ], [ 3959731.908320275135338, 844759.778397424845025 ], [ 3959731.908320275135338, 844722.353880075970665 ], [ 3959731.908320275135338, 844684.929362727096304 ], [ 3959731.908320275135338, 844647.504845378221944 ], [ 3959758.371450275182724, 844621.041715378174558 ], [ 3959795.795967624057084, 844621.041715378174558 ], [ 3959833.220484972931445, 844621.041715378174558 ], [ 3959870.645002321805805, 844621.041715378174558 ], [ 3959908.069519670680165, 844621.041715378174558 ], [ 3959945.494037019554526, 844621.041715378174558 ], [ 3959982.918554368428886, 844621.041715378174558 ], [ 3960020.343071717303246, 844621.041715378174558 ], [ 3960057.767589066177607, 844621.041715378174558 ], [ 3960057.767589066177607, 844583.617198029300198 ], [ 3960057.767589066177607, 844546.192680680425838 ], [ 3960057.767589066177607, 844508.768163331551477 ], [ 3960057.767589066177607, 844471.343645982677117 ], [ 3960095.192106415051967, 844471.343645982677117 ], [ 3960132.616623763926327, 844471.343645982677117 ], [ 3960170.041141112800688, 844471.343645982677117 ], [ 3960207.465658461675048, 844471.343645982677117 ], [ 3960244.890175810549408, 844471.343645982677117 ], [ 3960282.314693159423769, 844471.343645982677117 ], [ 3960319.739210508298129, 844471.343645982677117 ], [ 3960357.163727857172489, 844471.343645982677117 ], [ 3960394.588245206046849, 844471.343645982677117 ], [ 3960432.01276255492121, 844471.343645982677117 ], [ 3960469.43727990379557, 844471.343645982677117 ], [ 3960506.86179725266993, 844471.343645982677117 ], [ 3960544.286314601544291, 844471.343645982677117 ], [ 3960581.710831950418651, 844471.343645982677117 ], [ 3960619.135349299293011, 844471.343645982677117 ], [ 3960656.559866648167372, 844471.343645982677117 ], [ 3960693.984383997041732, 844471.343645982677117 ], [ 3960731.408901345916092, 844471.343645982677117 ], [ 3960768.833418694790453, 844471.343645982677117 ], [ 3960806.257936043664813, 844471.343645982677117 ], [ 3960843.682453392539173, 844471.343645982677117 ], [ 3960881.106970741413534, 844471.343645982677117 ], [ 3960881.106970741413534, 844508.768163331551477 ], [ 3960881.106970741413534, 844546.192680680425838 ], [ 3960881.106970741413534, 844583.617198029300198 ], [ 3960881.106970741413534, 844621.041715378174558 ], [ 3960918.531488090287894, 844621.041715378174558 ], [ 3960955.956005439162254, 844621.041715378174558 ], [ 3960993.380522788036615, 844621.041715378174558 ], [ 3961030.805040136910975, 844621.041715378174558 ], [ 3961057.268170136958361, 844647.504845378221944 ], [ 3961057.268170136958361, 844684.929362727096304 ], [ 3961057.268170136958361, 844722.353880075970665 ], [ 3961057.268170136958361, 844759.778397424845025 ], [ 3961057.268170136958361, 844797.202914773719385 ], [ 3961094.692687485832721, 844797.202914773719385 ], [ 3961132.117204834707081, 844797.202914773719385 ], [ 3961169.541722183581442, 844797.202914773719385 ], [ 3961206.966239532455802, 844797.202914773719385 ], [ 3961233.429369532503188, 844823.666044773766771 ], [ 3961233.429369532503188, 844861.090562122641131 ], [ 3961233.429369532503188, 844898.515079471515492 ], [ 3961233.429369532503188, 844935.939596820389852 ], [ 3961259.892499532550573, 844962.402726820437238 ], [ 3961297.317016881424934, 844962.402726820437238 ], [ 3961334.741534230299294, 844962.402726820437238 ], [ 3961372.166051579173654, 844962.402726820437238 ], [ 3961398.62918157922104, 844988.865856820484623 ], [ 3961398.62918157922104, 845026.290374169358984 ], [ 3961398.62918157922104, 845063.714891518233344 ], [ 3961398.62918157922104, 845101.139408867107704 ], [ 3961398.62918157922104, 845138.563926215982065 ], [ 3961398.62918157922104, 845175.988443564856425 ], [ 3961398.62918157922104, 845213.412960913730785 ], [ 3961398.62918157922104, 845250.837478262605146 ], [ 3961398.62918157922104, 845288.261995611479506 ], [ 3961436.0536989280954, 845288.261995611479506 ], [ 3961473.478216276969761, 845288.261995611479506 ], [ 3961510.902733625844121, 845288.261995611479506 ], [ 3961548.327250974718481, 845288.261995611479506 ], [ 3961548.327250974718481, 845325.686512960353866 ], [ 3961548.327250974718481, 845363.111030309228227 ], [ 3961548.327250974718481, 845400.535547658102587 ], [ 3961548.327250974718481, 845437.960065006976947 ], [ 3961574.790380974765867, 845464.423195007024333 ], [ 3961612.214898323640227, 845464.423195007024333 ], [ 3961649.639415672514588, 845464.423195007024333 ], [ 3961687.063933021388948, 845464.423195007024333 ], [ 3961713.527063021436334, 845490.886325007071719 ], [ 3961713.527063021436334, 845528.310842355946079 ], [ 3961713.527063021436334, 845565.735359704820439 ], [ 3961713.527063021436334, 845603.1598770536948 ], [ 3961739.990193021483719, 845629.623007053742185 ], [ 3961777.41471037035808, 845629.623007053742185 ], [ 3961814.83922771923244, 845629.623007053742185 ], [ 3961852.2637450681068, 845629.623007053742185 ], [ 3961889.688262416981161, 845629.623007053742185 ], [ 3961889.688262416981161, 845667.047524402616546 ], [ 3961889.688262416981161, 845704.472041751490906 ], [ 3961889.688262416981161, 845741.896559100365266 ], [ 3961889.688262416981161, 845779.321076449239627 ], [ 3961927.112779765855521, 845779.321076449239627 ], [ 3961964.537297114729881, 845779.321076449239627 ], [ 3962001.961814463604242, 845779.321076449239627 ], [ 3962039.386331812478602, 845779.321076449239627 ], [ 3962065.849461812525988, 845805.784206449287012 ], [ 3962065.849461812525988, 845843.208723798161373 ], [ 3962065.849461812525988, 845880.633241147035733 ], [ 3962065.849461812525988, 845918.057758495910093 ], [ 3962065.849461812525988, 845955.482275844784454 ], [ 3962103.273979161400348, 845955.482275844784454 ], [ 3962140.698496510274708, 845955.482275844784454 ], [ 3962178.123013859149069, 845955.482275844784454 ], [ 3962204.586143859196454, 845981.945405844831839 ], [ 3962204.586143859196454, 846019.3699231937062 ], [ 3962204.586143859196454, 846056.79444054258056 ], [ 3962204.586143859196454, 846094.21895789145492 ], [ 3962231.04927385924384, 846120.682087891502306 ], [ 3962268.4737912081182, 846120.682087891502306 ], [ 3962305.898308556992561, 846120.682087891502306 ], [ 3962343.322825905866921, 846120.682087891502306 ], [ 3962380.747343254741281, 846120.682087891502306 ], [ 3962418.171860603615642, 846120.682087891502306 ], [ 3962455.596377952490002, 846120.682087891502306 ], [ 3962493.020895301364362, 846120.682087891502306 ], [ 3962530.445412650238723, 846120.682087891502306 ], [ 3962530.445412650238723, 846158.106605240376666 ], [ 3962530.445412650238723, 846195.531122589251027 ], [ 3962530.445412650238723, 846232.955639938125387 ], [ 3962530.445412650238723, 846270.380157286999747 ], [ 3962567.869929999113083, 846270.380157286999747 ], [ 3962605.294447347987443, 846270.380157286999747 ], [ 3962642.718964696861804, 846270.380157286999747 ], [ 3962680.143482045736164, 846270.380157286999747 ], [ 3962706.60661204578355, 846296.843287287047133 ], [ 3962706.60661204578355, 846334.267804635921493 ], [ 3962706.60661204578355, 846371.692321984795853 ], [ 3962706.60661204578355, 846409.116839333670214 ], [ 3962706.60661204578355, 846446.541356682544574 ], [ 3962744.03112939465791, 846446.541356682544574 ], [ 3962781.45564674353227, 846446.541356682544574 ], [ 3962818.880164092406631, 846446.541356682544574 ], [ 3962856.304681441280991, 846446.541356682544574 ], [ 3962882.767811441328377, 846473.00448668259196 ], [ 3962882.767811441328377, 846510.42900403146632 ], [ 3962882.767811441328377, 846547.85352138034068 ], [ 3962882.767811441328377, 846585.278038729215041 ], [ 3962882.767811441328377, 846622.702556078089401 ], [ 3962920.192328790202737, 846622.702556078089401 ], [ 3962957.616846139077097, 846622.702556078089401 ], [ 3962995.041363487951458, 846622.702556078089401 ], [ 3963032.465880836825818, 846622.702556078089401 ], [ 3963032.465880836825818, 846660.127073426963761 ], [ 3963032.465880836825818, 846697.551590775838122 ], [ 3963032.465880836825818, 846734.976108124712482 ], [ 3963032.465880836825818, 846772.400625473586842 ], [ 3963069.890398185700178, 846772.400625473586842 ], [ 3963107.314915534574538, 846772.400625473586842 ], [ 3963144.739432883448899, 846772.400625473586842 ], [ 3963182.163950232323259, 846772.400625473586842 ], [ 3963208.627080232370645, 846798.863755473634228 ], [ 3963208.627080232370645, 846836.288272822508588 ], [ 3963208.627080232370645, 846873.712790171382949 ], [ 3963208.627080232370645, 846911.137307520257309 ], [ 3963208.627080232370645, 846948.561824869131669 ], [ 3963246.051597581245005, 846948.561824869131669 ], [ 3963283.476114930119365, 846948.561824869131669 ], [ 3963320.900632278993726, 846948.561824869131669 ], [ 3963347.363762279041111, 846975.024954869179055 ], [ 3963347.363762279041111, 847012.449472218053415 ], [ 3963347.363762279041111, 847049.873989566927776 ], [ 3963347.363762279041111, 847087.298506915802136 ], [ 3963373.826892279088497, 847113.761636915849522 ], [ 3963411.251409627962857, 847113.761636915849522 ], [ 3963448.675926976837218, 847113.761636915849522 ], [ 3963486.100444325711578, 847113.761636915849522 ], [ 3963523.524961674585938, 847113.761636915849522 ], [ 3963549.988091674633324, 847140.224766915896907 ], [ 3963549.988091674633324, 847177.649284264771268 ], [ 3963549.988091674633324, 847215.073801613645628 ], [ 3963549.988091674633324, 847252.498318962519988 ], [ 3963576.45122167468071, 847278.961448962567374 ], [ 3963613.87573902355507, 847278.961448962567374 ], [ 3963651.30025637242943, 847278.961448962567374 ], [ 3963688.724773721303791, 847278.961448962567374 ], [ 3963688.724773721303791, 847316.385966311441734 ], [ 3963688.724773721303791, 847353.810483660316095 ], [ 3963688.724773721303791, 847391.235001009190455 ], [ 3963688.724773721303791, 847428.659518358064815 ], [ 3963726.149291070178151, 847428.659518358064815 ], [ 3963763.573808419052511, 847428.659518358064815 ], [ 3963800.998325767926872, 847428.659518358064815 ], [ 3963838.422843116801232, 847428.659518358064815 ], [ 3963864.885973116848618, 847455.122648358112201 ], [ 3963864.885973116848618, 847492.547165706986561 ], [ 3963864.885973116848618, 847529.971683055860922 ], [ 3963864.885973116848618, 847567.396200404735282 ], [ 3963864.885973116848618, 847604.820717753609642 ], [ 3963902.310490465722978, 847604.820717753609642 ], [ 3963939.735007814597338, 847604.820717753609642 ], [ 3963977.159525163471699, 847604.820717753609642 ], [ 3964003.622655163519084, 847631.283847753657028 ], [ 3964003.622655163519084, 847668.708365102531388 ], [ 3964003.622655163519084, 847706.132882451405749 ], [ 3964003.622655163519084, 847743.557399800280109 ], [ 3964030.08578516356647, 847770.020529800327495 ], [ 3964067.51030251244083, 847770.020529800327495 ], [ 3964104.934819861315191, 847770.020529800327495 ], [ 3964142.359337210189551, 847770.020529800327495 ], [ 3964168.822467210236937, 847796.48365980037488 ], [ 3964168.822467210236937, 847833.908177149249241 ], [ 3964168.822467210236937, 847871.332694498123601 ], [ 3964168.822467210236937, 847908.757211846997961 ], [ 3964168.822467210236937, 847946.181729195872322 ], [ 3964168.822467210236937, 847983.606246544746682 ], [ 3964168.822467210236937, 848021.030763893621042 ], [ 3964168.822467210236937, 848058.455281242495403 ], [ 3964168.822467210236937, 848095.879798591369763 ], [ 3964206.246984559111297, 848095.879798591369763 ], [ 3964243.671501907985657, 848095.879798591369763 ], [ 3964281.096019256860018, 848095.879798591369763 ], [ 3964318.520536605734378, 848095.879798591369763 ], [ 3964355.945053954608738, 848095.879798591369763 ], [ 3964355.945053954608738, 848133.304315940244123 ], [ 3964355.945053954608738, 848170.728833289118484 ], [ 3964355.945053954608738, 848208.153350637992844 ], [ 3964355.945053954608738, 848245.577867986867204 ], [ 3964382.408183954656124, 848272.04099798691459 ], [ 3964419.832701303530484, 848272.04099798691459 ], [ 3964457.257218652404845, 848272.04099798691459 ], [ 3964494.681736001279205, 848272.04099798691459 ], [ 3964521.144866001326591, 848298.504127986961976 ], [ 3964521.144866001326591, 848335.928645335836336 ], [ 3964521.144866001326591, 848373.353162684710696 ], [ 3964521.144866001326591, 848410.777680033585057 ], [ 3964547.607996001373976, 848437.240810033632442 ], [ 3964585.032513350248337, 848437.240810033632442 ], [ 3964622.457030699122697, 848437.240810033632442 ], [ 3964659.881548047997057, 848437.240810033632442 ], [ 3964686.344678048044443, 848463.703940033679828 ], [ 3964686.344678048044443, 848501.128457382554188 ], [ 3964686.344678048044443, 848538.552974731428549 ], [ 3964686.344678048044443, 848575.977492080302909 ], [ 3964686.344678048044443, 848613.402009429177269 ], [ 3964686.344678048044443, 848650.82652677805163 ], [ 3964686.344678048044443, 848688.25104412692599 ], [ 3964686.344678048044443, 848725.67556147580035 ], [ 3964686.344678048044443, 848763.100078824674711 ], [ 3964686.344678048044443, 848800.524596173549071 ], [ 3964686.344678048044443, 848837.949113522423431 ], [ 3964686.344678048044443, 848875.373630871297792 ], [ 3964686.344678048044443, 848912.798148220172152 ], [ 3964659.881548047997057, 848939.261278220219538 ], [ 3964622.457030699122697, 848939.261278220219538 ], [ 3964585.032513350248337, 848939.261278220219538 ], [ 3964547.607996001373976, 848939.261278220219538 ], [ 3964510.183478652499616, 848939.261278220219538 ], [ 3964510.183478652499616, 848976.685795569093898 ], [ 3964510.183478652499616, 849014.110312917968258 ], [ 3964510.183478652499616, 849051.534830266842619 ], [ 3964510.183478652499616, 849088.959347615716979 ], [ 3964510.183478652499616, 849126.383864964591339 ], [ 3964510.183478652499616, 849163.8083823134657 ], [ 3964510.183478652499616, 849201.23289966234006 ], [ 3964510.183478652499616, 849238.65741701121442 ], [ 3964510.183478652499616, 849276.081934360088781 ], [ 3964510.183478652499616, 849313.506451708963141 ], [ 3964510.183478652499616, 849350.930969057837501 ], [ 3964510.183478652499616, 849388.355486406711861 ], [ 3964510.183478652499616, 849425.780003755586222 ], [ 3964510.183478652499616, 849463.204521104460582 ], [ 3964510.183478652499616, 849500.629038453334942 ], [ 3964510.183478652499616, 849538.053555802209303 ], [ 3964510.183478652499616, 849575.478073151083663 ], [ 3964510.183478652499616, 849612.902590499958023 ], [ 3964510.183478652499616, 849650.327107848832384 ], [ 3964510.183478652499616, 849687.751625197706744 ], [ 3964510.183478652499616, 849725.176142546581104 ], [ 3964510.183478652499616, 849762.600659895455465 ], [ 3964510.183478652499616, 849800.025177244329825 ], [ 3964510.183478652499616, 849837.449694593204185 ], [ 3964510.183478652499616, 849874.874211942078546 ], [ 3964510.183478652499616, 849912.298729290952906 ], [ 3964510.183478652499616, 849949.723246639827266 ], [ 3964510.183478652499616, 849987.147763988701627 ], [ 3964510.183478652499616, 850024.572281337575987 ], [ 3964510.183478652499616, 850061.996798686450347 ], [ 3964510.183478652499616, 850099.421316035324708 ], [ 3964510.183478652499616, 850136.845833384199068 ], [ 3964510.183478652499616, 850174.270350733073428 ], [ 3964510.183478652499616, 850211.694868081947789 ], [ 3964510.183478652499616, 850249.119385430822149 ], [ 3964510.183478652499616, 850286.543902779696509 ], [ 3964510.183478652499616, 850323.96842012857087 ], [ 3964510.183478652499616, 850361.39293747744523 ], [ 3964510.183478652499616, 850398.81745482631959 ], [ 3964510.183478652499616, 850436.241972175193951 ], [ 3964510.183478652499616, 850473.666489524068311 ], [ 3964510.183478652499616, 850511.091006872942671 ], [ 3964510.183478652499616, 850548.515524221817032 ], [ 3964510.183478652499616, 850585.940041570691392 ], [ 3964510.183478652499616, 850623.364558919565752 ], [ 3964510.183478652499616, 850660.789076268440112 ], [ 3964510.183478652499616, 850698.213593617314473 ], [ 3964510.183478652499616, 850735.638110966188833 ], [ 3964510.183478652499616, 850773.062628315063193 ], [ 3964510.183478652499616, 850810.487145663937554 ], [ 3964510.183478652499616, 850847.911663012811914 ], [ 3964510.183478652499616, 850885.336180361686274 ], [ 3964510.183478652499616, 850922.760697710560635 ], [ 3964510.183478652499616, 850960.185215059434995 ], [ 3964510.183478652499616, 850997.609732408309355 ], [ 3964510.183478652499616, 851035.034249757183716 ], [ 3964510.183478652499616, 851072.458767106058076 ], [ 3964510.183478652499616, 851109.883284454932436 ], [ 3964510.183478652499616, 851147.307801803806797 ], [ 3964510.183478652499616, 851184.732319152681157 ], [ 3964510.183478652499616, 851222.156836501555517 ], [ 3964510.183478652499616, 851259.581353850429878 ], [ 3964472.758961303625256, 851259.581353850429878 ], [ 3964435.334443954750896, 851259.581353850429878 ], [ 3964397.909926605876535, 851259.581353850429878 ], [ 3964360.485409257002175, 851259.581353850429878 ], [ 3964360.485409257002175, 851297.005871199304238 ], [ 3964360.485409257002175, 851334.430388548178598 ], [ 3964360.485409257002175, 851371.854905897052959 ], [ 3964360.485409257002175, 851409.279423245927319 ], [ 3964360.485409257002175, 851446.703940594801679 ], [ 3964360.485409257002175, 851484.12845794367604 ], [ 3964360.485409257002175, 851521.5529752925504 ], [ 3964360.485409257002175, 851558.97749264142476 ], [ 3964360.485409257002175, 851596.402009990299121 ], [ 3964360.485409257002175, 851633.826527339173481 ], [ 3964360.485409257002175, 851671.251044688047841 ], [ 3964360.485409257002175, 851708.675562036922202 ], [ 3964360.485409257002175, 851746.100079385796562 ], [ 3964360.485409257002175, 851783.524596734670922 ], [ 3964360.485409257002175, 851820.949114083545282 ], [ 3964360.485409257002175, 851858.373631432419643 ], [ 3964360.485409257002175, 851895.798148781294003 ], [ 3964360.485409257002175, 851933.222666130168363 ], [ 3964360.485409257002175, 851970.647183479042724 ], [ 3964360.485409257002175, 852008.071700827917084 ], [ 3964360.485409257002175, 852045.496218176791444 ], [ 3964360.485409257002175, 852082.920735525665805 ], [ 3964360.485409257002175, 852120.345252874540165 ], [ 3964360.485409257002175, 852157.769770223414525 ], [ 3964360.485409257002175, 852195.194287572288886 ], [ 3964360.485409257002175, 852232.618804921163246 ], [ 3964360.485409257002175, 852270.043322270037606 ], [ 3964360.485409257002175, 852307.467839618911967 ], [ 3964360.485409257002175, 852344.892356967786327 ], [ 3964360.485409257002175, 852382.316874316660687 ], [ 3964386.948539257049561, 852408.780004316708073 ], [ 3964424.373056605923921, 852408.780004316708073 ], [ 3964461.797573954798281, 852408.780004316708073 ], [ 3964499.222091303672642, 852408.780004316708073 ], [ 3964525.685221303720027, 852435.243134316755459 ], [ 3964525.685221303720027, 852472.667651665629819 ], [ 3964525.685221303720027, 852510.092169014504179 ], [ 3964525.685221303720027, 852547.51668636337854 ], [ 3964525.685221303720027, 852584.9412037122529 ], [ 3964525.685221303720027, 852622.36572106112726 ], [ 3964525.685221303720027, 852659.790238410001621 ], [ 3964525.685221303720027, 852697.214755758875981 ], [ 3964525.685221303720027, 852734.639273107750341 ], [ 3964525.685221303720027, 852772.063790456624702 ], [ 3964525.685221303720027, 852809.488307805499062 ], [ 3964525.685221303720027, 852846.912825154373422 ], [ 3964525.685221303720027, 852884.337342503247783 ], [ 3964525.685221303720027, 852921.761859852122143 ], [ 3964525.685221303720027, 852959.186377200996503 ], [ 3964525.685221303720027, 852996.610894549870864 ], [ 3964525.685221303720027, 853034.035411898745224 ], [ 3964525.685221303720027, 853071.459929247619584 ], [ 3964525.685221303720027, 853108.884446596493945 ], [ 3964525.685221303720027, 853146.308963945368305 ], [ 3964525.685221303720027, 853183.733481294242665 ], [ 3964525.685221303720027, 853221.157998643117025 ], [ 3964525.685221303720027, 853258.582515991991386 ], [ 3964525.685221303720027, 853296.007033340865746 ], [ 3964525.685221303720027, 853333.431550689740106 ], [ 3964525.685221303720027, 853370.856068038614467 ], [ 3964552.148351303767413, 853397.319198038661852 ], [ 3964589.572868652641773, 853397.319198038661852 ], [ 3964626.997386001516134, 853397.319198038661852 ], [ 3964664.421903350390494, 853397.319198038661852 ], [ 3964664.421903350390494, 853434.743715387536213 ], [ 3964664.421903350390494, 853472.168232736410573 ], [ 3964664.421903350390494, 853509.592750085284933 ], [ 3964664.421903350390494, 853547.017267434159294 ], [ 3964664.421903350390494, 853584.441784783033654 ], [ 3964664.421903350390494, 853621.866302131908014 ], [ 3964664.421903350390494, 853659.290819480782375 ], [ 3964664.421903350390494, 853696.715336829656735 ], [ 3964664.421903350390494, 853734.139854178531095 ], [ 3964701.846420699264854, 853734.139854178531095 ], [ 3964739.270938048139215, 853734.139854178531095 ], [ 3964776.695455397013575, 853734.139854178531095 ], [ 3964814.119972745887935, 853734.139854178531095 ], [ 3964840.583102745935321, 853760.602984178578481 ], [ 3964840.583102745935321, 853798.027501527452841 ], [ 3964840.583102745935321, 853835.452018876327202 ], [ 3964840.583102745935321, 853872.876536225201562 ], [ 3964840.583102745935321, 853910.301053574075922 ], [ 3964840.583102745935321, 853947.725570922950283 ], [ 3964840.583102745935321, 853985.150088271824643 ], [ 3964840.583102745935321, 854022.574605620699003 ], [ 3964840.583102745935321, 854059.999122969573364 ], [ 3964840.583102745935321, 854097.423640318447724 ], [ 3964840.583102745935321, 854134.848157667322084 ], [ 3964840.583102745935321, 854172.272675016196445 ], [ 3964840.583102745935321, 854209.697192365070805 ], [ 3964878.007620094809681, 854209.697192365070805 ], [ 3964915.432137443684042, 854209.697192365070805 ], [ 3964952.856654792558402, 854209.697192365070805 ], [ 3964990.281172141432762, 854209.697192365070805 ], [ 3965016.744302141480148, 854236.160322365118191 ], [ 3965016.744302141480148, 854273.584839713992551 ], [ 3965016.744302141480148, 854311.009357062866911 ], [ 3965016.744302141480148, 854348.433874411741272 ], [ 3965016.744302141480148, 854385.858391760615632 ], [ 3965054.168819490354508, 854385.858391760615632 ], [ 3965091.593336839228868, 854385.858391760615632 ], [ 3965129.017854188103229, 854385.858391760615632 ], [ 3965166.442371536977589, 854385.858391760615632 ], [ 3965192.905501537024975, 854412.321521760663018 ], [ 3965192.905501537024975, 854449.746039109537378 ], [ 3965192.905501537024975, 854487.170556458411738 ], [ 3965192.905501537024975, 854524.595073807286099 ], [ 3965192.905501537024975, 854562.019591156160459 ], [ 3965192.905501537024975, 854599.444108505034819 ], [ 3965192.905501537024975, 854636.86862585390918 ], [ 3965192.905501537024975, 854674.29314320278354 ], [ 3965192.905501537024975, 854711.7176605516579 ], [ 3965192.905501537024975, 854749.142177900532261 ], [ 3965192.905501537024975, 854786.566695249406621 ], [ 3965192.905501537024975, 854823.991212598280981 ], [ 3965192.905501537024975, 854861.415729947155342 ], [ 3965219.368631537072361, 854887.878859947202727 ], [ 3965256.793148885946721, 854887.878859947202727 ], [ 3965294.217666234821081, 854887.878859947202727 ], [ 3965331.642183583695441, 854887.878859947202727 ], [ 3965369.066700932569802, 854887.878859947202727 ], [ 3965406.491218281444162, 854887.878859947202727 ], [ 3965443.915735630318522, 854887.878859947202727 ], [ 3965481.340252979192883, 854887.878859947202727 ], [ 3965507.803382979240268, 854914.341989947250113 ], [ 3965507.803382979240268, 854951.766507296124473 ], [ 3965507.803382979240268, 854989.191024644998834 ], [ 3965507.803382979240268, 855026.615541993873194 ], [ 3965534.266512979287654, 855053.07867199392058 ], [ 3965571.691030328162014, 855053.07867199392058 ], [ 3965609.115547677036375, 855053.07867199392058 ], [ 3965646.540065025910735, 855053.07867199392058 ], [ 3965646.540065025910735, 855090.50318934279494 ], [ 3965646.540065025910735, 855127.9277066916693 ], [ 3965646.540065025910735, 855165.352224040543661 ], [ 3965646.540065025910735, 855202.776741389418021 ], [ 3965683.964582374785095, 855202.776741389418021 ], [ 3965721.389099723659456, 855202.776741389418021 ], [ 3965758.813617072533816, 855202.776741389418021 ], [ 3965796.238134421408176, 855202.776741389418021 ], [ 3965833.662651770282537, 855202.776741389418021 ], [ 3965833.662651770282537, 855240.201258738292381 ], [ 3965833.662651770282537, 855277.625776087166741 ], [ 3965833.662651770282537, 855315.050293436041102 ], [ 3965833.662651770282537, 855352.474810784915462 ], [ 3965860.125781770329922, 855378.937940784962848 ], [ 3965897.550299119204283, 855378.937940784962848 ], [ 3965934.974816468078643, 855378.937940784962848 ], [ 3965972.399333816953003, 855378.937940784962848 ], [ 3965998.862463817000389, 855405.401070785010234 ], [ 3965998.862463817000389, 855442.825588133884594 ], [ 3965998.862463817000389, 855480.250105482758954 ], [ 3965998.862463817000389, 855517.674622831633314 ], [ 3966025.325593817047775, 855544.1377528316807 ], [ 3966062.750111165922135, 855544.1377528316807 ], [ 3966100.174628514796495, 855544.1377528316807 ], [ 3966137.599145863670856, 855544.1377528316807 ], [ 3966175.023663212545216, 855544.1377528316807 ], [ 3966212.448180561419576, 855544.1377528316807 ], [ 3966249.872697910293937, 855544.1377528316807 ], [ 3966287.297215259168297, 855544.1377528316807 ], [ 3966313.760345259215683, 855570.600882831728086 ], [ 3966313.760345259215683, 855608.025400180602446 ], [ 3966313.760345259215683, 855645.449917529476807 ], [ 3966313.760345259215683, 855682.874434878351167 ], [ 3966340.223475259263068, 855709.337564878398553 ], [ 3966377.647992608137429, 855709.337564878398553 ], [ 3966415.072509957011789, 855709.337564878398553 ], [ 3966452.497027305886149, 855709.337564878398553 ], [ 3966489.92154465476051, 855709.337564878398553 ], [ 3966527.34606200363487, 855709.337564878398553 ], [ 3966564.77057935250923, 855709.337564878398553 ], [ 3966602.195096701383591, 855709.337564878398553 ], [ 3966639.619614050257951, 855709.337564878398553 ], [ 3966666.082744050305337, 855735.800694878445938 ], [ 3966666.082744050305337, 855773.225212227320299 ], [ 3966666.082744050305337, 855810.649729576194659 ], [ 3966666.082744050305337, 855848.074246925069019 ], [ 3966692.545874050352722, 855874.537376925116405 ], [ 3966729.970391399227083, 855874.537376925116405 ], [ 3966767.394908748101443, 855874.537376925116405 ], [ 3966804.819426096975803, 855874.537376925116405 ], [ 3966842.243943445850164, 855874.537376925116405 ], [ 3966879.668460794724524, 855874.537376925116405 ], [ 3966917.092978143598884, 855874.537376925116405 ], [ 3966954.517495492473245, 855874.537376925116405 ], [ 3966980.98062549252063, 855901.000506925163791 ], [ 3966980.98062549252063, 855938.425024274038151 ], [ 3966980.98062549252063, 855975.849541622912511 ], [ 3966980.98062549252063, 856013.274058971786872 ], [ 3967007.443755492568016, 856039.737188971834257 ], [ 3967044.868272841442376, 856039.737188971834257 ], [ 3967082.292790190316737, 856039.737188971834257 ], [ 3967119.717307539191097, 856039.737188971834257 ], [ 3967146.180437539238483, 856066.200318971881643 ], [ 3967146.180437539238483, 856103.624836320756003 ], [ 3967146.180437539238483, 856141.049353669630364 ], [ 3967146.180437539238483, 856178.473871018504724 ], [ 3967172.643567539285868, 856204.93700101855211 ], [ 3967210.068084888160229, 856204.93700101855211 ], [ 3967247.492602237034589, 856204.93700101855211 ], [ 3967284.917119585908949, 856204.93700101855211 ], [ 3967322.34163693478331, 856204.93700101855211 ], [ 3967359.76615428365767, 856204.93700101855211 ], [ 3967397.19067163253203, 856204.93700101855211 ], [ 3967434.615188981406391, 856204.93700101855211 ], [ 3967472.039706330280751, 856204.93700101855211 ], [ 3967509.464223679155111, 856204.93700101855211 ], [ 3967546.888741028029472, 856204.93700101855211 ], [ 3967584.313258376903832, 856204.93700101855211 ], [ 3967621.737775725778192, 856204.93700101855211 ], [ 3967648.200905725825578, 856231.400131018599495 ], [ 3967648.200905725825578, 856268.824648367473856 ], [ 3967648.200905725825578, 856306.249165716348216 ], [ 3967648.200905725825578, 856343.673683065222576 ], [ 3967674.664035725872964, 856370.136813065269962 ], [ 3967712.088553074747324, 856370.136813065269962 ], [ 3967749.513070423621684, 856370.136813065269962 ], [ 3967786.937587772496045, 856370.136813065269962 ], [ 3967813.40071777254343, 856396.599943065317348 ], [ 3967813.40071777254343, 856434.024460414191708 ], [ 3967813.40071777254343, 856471.448977763066068 ], [ 3967813.40071777254343, 856508.873495111940429 ], [ 3967839.863847772590816, 856535.336625111987814 ], [ 3967877.288365121465176, 856535.336625111987814 ], [ 3967914.712882470339537, 856535.336625111987814 ], [ 3967952.137399819213897, 856535.336625111987814 ], [ 3967952.137399819213897, 856572.761142460862175 ], [ 3967952.137399819213897, 856610.185659809736535 ], [ 3967952.137399819213897, 856647.610177158610895 ], [ 3967952.137399819213897, 856685.034694507485256 ], [ 3967989.561917168088257, 856685.034694507485256 ], [ 3968026.986434516962618, 856685.034694507485256 ], [ 3968064.410951865836978, 856685.034694507485256 ], [ 3968101.835469214711338, 856685.034694507485256 ], [ 3968139.259986563585699, 856685.034694507485256 ], [ 3968139.259986563585699, 856722.459211856359616 ], [ 3968139.259986563585699, 856759.883729205233976 ], [ 3968139.259986563585699, 856797.308246554108337 ], [ 3968139.259986563585699, 856834.732763902982697 ], [ 3968139.259986563585699, 856872.157281251857057 ], [ 3968176.684503912460059, 856872.157281251857057 ], [ 3968214.109021261334419, 856872.157281251857057 ], [ 3968251.53353861020878, 856872.157281251857057 ], [ 3968288.95805595908314, 856872.157281251857057 ], [ 3968315.421185959130526, 856898.620411251904443 ], [ 3968315.421185959130526, 856936.044928600778803 ], [ 3968315.421185959130526, 856973.469445949653164 ], [ 3968315.421185959130526, 857010.893963298527524 ], [ 3968315.421185959130526, 857048.318480647401884 ], [ 3968315.421185959130526, 857085.742997996276245 ], [ 3968315.421185959130526, 857123.167515345150605 ], [ 3968315.421185959130526, 857160.592032694024965 ], [ 3968315.421185959130526, 857198.016550042899325 ], [ 3968352.845703308004886, 857198.016550042899325 ], [ 3968390.270220656879246, 857198.016550042899325 ], [ 3968427.694738005753607, 857198.016550042899325 ], [ 3968454.157868005800992, 857224.479680042946711 ], [ 3968454.157868005800992, 857261.904197391821072 ], [ 3968454.157868005800992, 857299.328714740695432 ], [ 3968454.157868005800992, 857336.753232089569792 ], [ 3968454.157868005800992, 857374.177749438444152 ], [ 3968454.157868005800992, 857411.602266787318513 ], [ 3968454.157868005800992, 857449.026784136192873 ], [ 3968454.157868005800992, 857486.451301485067233 ], [ 3968454.157868005800992, 857523.875818833941594 ], [ 3968454.157868005800992, 857561.300336182815954 ], [ 3968454.157868005800992, 857598.724853531690314 ], [ 3968454.157868005800992, 857636.149370880564675 ], [ 3968454.157868005800992, 857673.573888229439035 ], [ 3968454.157868005800992, 857710.998405578313395 ], [ 3968454.157868005800992, 857748.422922927187756 ], [ 3968454.157868005800992, 857785.847440276062116 ], [ 3968454.157868005800992, 857823.271957624936476 ], [ 3968454.157868005800992, 857860.696474973810837 ], [ 3968427.694738005753607, 857887.159604973858222 ], [ 3968390.270220656879246, 857887.159604973858222 ], [ 3968352.845703308004886, 857887.159604973858222 ], [ 3968315.421185959130526, 857887.159604973858222 ], [ 3968315.421185959130526, 857924.584122322732583 ], [ 3968315.421185959130526, 857962.008639671606943 ], [ 3968315.421185959130526, 857999.433157020481303 ], [ 3968315.421185959130526, 858036.857674369355664 ], [ 3968277.996668610256165, 858036.857674369355664 ], [ 3968240.572151261381805, 858036.857674369355664 ], [ 3968203.147633912507445, 858036.857674369355664 ], [ 3968165.723116563633084, 858036.857674369355664 ], [ 3968139.259986563585699, 858063.320804369403049 ], [ 3968139.259986563585699, 858100.74532171827741 ], [ 3968139.259986563585699, 858138.16983906715177 ], [ 3968139.259986563585699, 858175.59435641602613 ], [ 3968112.796856563538313, 858202.057486416073516 ], [ 3968075.372339214663953, 858202.057486416073516 ], [ 3968037.947821865789592, 858202.057486416073516 ], [ 3968000.523304516915232, 858202.057486416073516 ], [ 3967963.098787168040872, 858202.057486416073516 ], [ 3967963.098787168040872, 858239.482003764947876 ], [ 3967963.098787168040872, 858276.906521113822237 ], [ 3967963.098787168040872, 858314.331038462696597 ], [ 3967963.098787168040872, 858351.755555811570957 ], [ 3967936.635657167993486, 858378.218685811618343 ], [ 3967899.211139819119126, 858378.218685811618343 ], [ 3967861.786622470244765, 858378.218685811618343 ], [ 3967824.362105121370405, 858378.218685811618343 ], [ 3967797.898975121323019, 858404.681815811665729 ], [ 3967797.898975121323019, 858442.106333160540089 ], [ 3967797.898975121323019, 858479.530850509414449 ], [ 3967797.898975121323019, 858516.95536785828881 ], [ 3967771.435845121275634, 858543.418497858336195 ], [ 3967734.011327772401273, 858543.418497858336195 ], [ 3967696.586810423526913, 858543.418497858336195 ], [ 3967659.162293074652553, 858543.418497858336195 ], [ 3967632.699163074605167, 858569.881627858383581 ], [ 3967632.699163074605167, 858607.306145207257941 ], [ 3967632.699163074605167, 858644.730662556132302 ], [ 3967632.699163074605167, 858682.155179905006662 ], [ 3967606.236033074557781, 858708.618309905054048 ], [ 3967568.811515725683421, 858708.618309905054048 ], [ 3967531.386998376809061, 858708.618309905054048 ], [ 3967493.9624810279347, 858708.618309905054048 ], [ 3967493.9624810279347, 858746.042827253928408 ], [ 3967493.9624810279347, 858783.467344602802768 ], [ 3967493.9624810279347, 858820.891861951677129 ], [ 3967493.9624810279347, 858858.316379300551489 ], [ 3967467.499351027887315, 858884.779509300598875 ], [ 3967430.074833679012954, 858884.779509300598875 ], [ 3967392.650316330138594, 858884.779509300598875 ], [ 3967355.225798981264234, 858884.779509300598875 ], [ 3967317.801281632389873, 858884.779509300598875 ], [ 3967317.801281632389873, 858922.204026649473235 ], [ 3967317.801281632389873, 858959.628543998347595 ], [ 3967317.801281632389873, 858997.053061347221956 ], [ 3967317.801281632389873, 859034.477578696096316 ], [ 3967317.801281632389873, 859071.902096044970676 ], [ 3967317.801281632389873, 859109.326613393845037 ], [ 3967317.801281632389873, 859146.751130742719397 ], [ 3967317.801281632389873, 859184.175648091593757 ], [ 3967291.338151632342488, 859210.638778091641143 ], [ 3967253.913634283468127, 859210.638778091641143 ], [ 3967216.489116934593767, 859210.638778091641143 ], [ 3967179.064599585719407, 859210.638778091641143 ], [ 3967141.640082236845046, 859210.638778091641143 ], [ 3967141.640082236845046, 859248.063295440515503 ], [ 3967141.640082236845046, 859285.487812789389864 ], [ 3967141.640082236845046, 859322.912330138264224 ], [ 3967141.640082236845046, 859360.336847487138584 ], [ 3967104.215564887970686, 859360.336847487138584 ], [ 3967066.791047539096326, 859360.336847487138584 ], [ 3967029.366530190221965, 859360.336847487138584 ], [ 3966991.942012841347605, 859360.336847487138584 ], [ 3966991.942012841347605, 859397.761364836012945 ], [ 3966991.942012841347605, 859435.185882184887305 ], [ 3966991.942012841347605, 859472.610399533761665 ], [ 3966991.942012841347605, 859510.034916882636026 ], [ 3966965.478882841300219, 859536.498046882683411 ], [ 3966928.054365492425859, 859536.498046882683411 ], [ 3966890.629848143551499, 859536.498046882683411 ], [ 3966853.205330794677138, 859536.498046882683411 ], [ 3966815.780813445802778, 859536.498046882683411 ], [ 3966815.780813445802778, 859573.922564231557772 ], [ 3966815.780813445802778, 859611.347081580432132 ], [ 3966815.780813445802778, 859648.771598929306492 ], [ 3966815.780813445802778, 859686.196116278180853 ], [ 3966789.317683445755392, 859712.659246278228238 ], [ 3966751.893166096881032, 859712.659246278228238 ], [ 3966714.468648748006672, 859712.659246278228238 ], [ 3966677.044131399132311, 859712.659246278228238 ], [ 3966650.581001399084926, 859739.122376278275624 ], [ 3966650.581001399084926, 859776.546893627149984 ], [ 3966650.581001399084926, 859813.971410976024345 ], [ 3966650.581001399084926, 859851.395928324898705 ], [ 3966624.11787139903754, 859877.859058324946091 ], [ 3966586.69335405016318, 859877.859058324946091 ], [ 3966549.268836701288819, 859877.859058324946091 ], [ 3966511.844319352414459, 859877.859058324946091 ], [ 3966474.419802003540099, 859877.859058324946091 ], [ 3966474.419802003540099, 859915.283575673820451 ], [ 3966474.419802003540099, 859952.708093022694811 ], [ 3966474.419802003540099, 859990.132610371569172 ], [ 3966474.419802003540099, 860027.557127720443532 ], [ 3966474.419802003540099, 860064.981645069317892 ], [ 3966474.419802003540099, 860102.406162418192253 ], [ 3966474.419802003540099, 860139.830679767066613 ], [ 3966474.419802003540099, 860177.255197115940973 ], [ 3966447.956672003492713, 860203.718327115988359 ], [ 3966410.532154654618353, 860203.718327115988359 ], [ 3966373.107637305743992, 860203.718327115988359 ], [ 3966335.683119956869632, 860203.718327115988359 ], [ 3966309.219989956822246, 860230.181457116035745 ], [ 3966309.219989956822246, 860267.605974464910105 ], [ 3966309.219989956822246, 860305.030491813784465 ], [ 3966309.219989956822246, 860342.455009162658826 ], [ 3966309.219989956822246, 860379.879526511533186 ], [ 3966309.219989956822246, 860417.304043860407546 ], [ 3966309.219989956822246, 860454.728561209281906 ], [ 3966309.219989956822246, 860492.153078558156267 ], [ 3966309.219989956822246, 860529.577595907030627 ], [ 3966309.219989956822246, 860567.002113255904987 ], [ 3966309.219989956822246, 860604.426630604779348 ], [ 3966309.219989956822246, 860641.851147953653708 ], [ 3966309.219989956822246, 860679.275665302528068 ], [ 3966309.219989956822246, 860716.700182651402429 ], [ 3966309.219989956822246, 860754.124700000276789 ], [ 3966309.219989956822246, 860791.549217349151149 ], [ 3966309.219989956822246, 860828.97373469802551 ], [ 3966309.219989956822246, 860866.39825204689987 ], [ 3966309.219989956822246, 860903.82276939577423 ], [ 3966309.219989956822246, 860941.247286744648591 ], [ 3966309.219989956822246, 860978.671804093522951 ], [ 3966309.219989956822246, 861016.096321442397311 ], [ 3966309.219989956822246, 861053.520838791271672 ], [ 3966309.219989956822246, 861090.945356140146032 ], [ 3966309.219989956822246, 861128.369873489020392 ], [ 3966309.219989956822246, 861165.794390837894753 ], [ 3966309.219989956822246, 861203.218908186769113 ], [ 3966309.219989956822246, 861240.643425535643473 ], [ 3966309.219989956822246, 861278.067942884517834 ], [ 3966309.219989956822246, 861315.492460233392194 ], [ 3966282.756859956774861, 861341.95559023343958 ], [ 3966245.3323426079005, 861341.95559023343958 ], [ 3966207.90782525902614, 861341.95559023343958 ], [ 3966170.48330791015178, 861341.95559023343958 ], [ 3966170.48330791015178, 861379.38010758231394 ], [ 3966170.48330791015178, 861416.8046249311883 ], [ 3966170.48330791015178, 861454.229142280062661 ], [ 3966170.48330791015178, 861491.653659628937021 ], [ 3966170.48330791015178, 861529.078176977811381 ], [ 3966170.48330791015178, 861566.502694326685742 ], [ 3966170.48330791015178, 861603.927211675560102 ], [ 3966170.48330791015178, 861641.351729024434462 ], [ 3966170.48330791015178, 861678.776246373308823 ], [ 3966170.48330791015178, 861716.200763722183183 ], [ 3966170.48330791015178, 861753.625281071057543 ], [ 3966170.48330791015178, 861791.049798419931903 ], [ 3966170.48330791015178, 861828.474315768806264 ], [ 3966170.48330791015178, 861865.898833117680624 ], [ 3966170.48330791015178, 861903.323350466554984 ], [ 3966170.48330791015178, 861940.747867815429345 ], [ 3966170.48330791015178, 861978.172385164303705 ], [ 3966207.90782525902614, 861978.172385164303705 ], [ 3966245.3323426079005, 861978.172385164303705 ], [ 3966282.756859956774861, 861978.172385164303705 ], [ 3966309.219989956822246, 862004.635515164351091 ], [ 3966309.219989956822246, 862042.060032513225451 ], [ 3966309.219989956822246, 862079.484549862099811 ], [ 3966309.219989956822246, 862116.909067210974172 ], [ 3966309.219989956822246, 862154.333584559848532 ], [ 3966346.644507305696607, 862154.333584559848532 ], [ 3966384.069024654570967, 862154.333584559848532 ], [ 3966421.493542003445327, 862154.333584559848532 ], [ 3966458.918059352319688, 862154.333584559848532 ], [ 3966496.342576701194048, 862154.333584559848532 ], [ 3966533.767094050068408, 862154.333584559848532 ], [ 3966571.191611398942769, 862154.333584559848532 ], [ 3966608.616128747817129, 862154.333584559848532 ], [ 3966646.040646096691489, 862154.333584559848532 ], [ 3966683.46516344556585, 862154.333584559848532 ], [ 3966720.88968079444021, 862154.333584559848532 ], [ 3966758.31419814331457, 862154.333584559848532 ], [ 3966795.738715492188931, 862154.333584559848532 ], [ 3966822.201845492236316, 862180.796714559895918 ], [ 3966822.201845492236316, 862218.221231908770278 ], [ 3966822.201845492236316, 862255.645749257644638 ], [ 3966822.201845492236316, 862293.070266606518999 ], [ 3966822.201845492236316, 862330.494783955393359 ], [ 3966859.626362841110677, 862330.494783955393359 ], [ 3966897.050880189985037, 862330.494783955393359 ], [ 3966934.475397538859397, 862330.494783955393359 ], [ 3966971.899914887733757, 862330.494783955393359 ], [ 3966971.899914887733757, 862367.919301304267719 ], [ 3966971.899914887733757, 862405.34381865314208 ], [ 3966971.899914887733757, 862442.76833600201644 ], [ 3966971.899914887733757, 862480.1928533508908 ], [ 3967009.324432236608118, 862480.1928533508908 ], [ 3967046.748949585482478, 862480.1928533508908 ], [ 3967084.173466934356838, 862480.1928533508908 ], [ 3967121.597984283231199, 862480.1928533508908 ], [ 3967159.022501632105559, 862480.1928533508908 ], [ 3967196.447018980979919, 862480.1928533508908 ], [ 3967233.87153632985428, 862480.1928533508908 ], [ 3967271.29605367872864, 862480.1928533508908 ], [ 3967308.720571027603, 862480.1928533508908 ], [ 3967346.145088376477361, 862480.1928533508908 ], [ 3967383.569605725351721, 862480.1928533508908 ], [ 3967420.994123074226081, 862480.1928533508908 ], [ 3967458.418640423100442, 862480.1928533508908 ], [ 3967495.843157771974802, 862480.1928533508908 ], [ 3967533.267675120849162, 862480.1928533508908 ], [ 3967570.692192469723523, 862480.1928533508908 ], [ 3967608.116709818597883, 862480.1928533508908 ], [ 3967634.579839818645269, 862506.655983350938186 ], [ 3967634.579839818645269, 862544.080500699812546 ], [ 3967634.579839818645269, 862581.505018048686907 ], [ 3967634.579839818645269, 862618.929535397561267 ], [ 3967634.579839818645269, 862656.354052746435627 ], [ 3967672.004357167519629, 862656.354052746435627 ], [ 3967709.428874516393989, 862656.354052746435627 ], [ 3967746.85339186526835, 862656.354052746435627 ], [ 3967784.27790921414271, 862656.354052746435627 ], [ 3967810.741039214190096, 862682.817182746483013 ], [ 3967810.741039214190096, 862720.241700095357373 ], [ 3967810.741039214190096, 862757.666217444231734 ], [ 3967810.741039214190096, 862795.090734793106094 ], [ 3967837.204169214237481, 862821.55386479315348 ], [ 3967874.628686563111842, 862821.55386479315348 ], [ 3967912.053203911986202, 862821.55386479315348 ], [ 3967949.477721260860562, 862821.55386479315348 ], [ 3967986.902238609734923, 862821.55386479315348 ], [ 3968024.326755958609283, 862821.55386479315348 ], [ 3968061.751273307483643, 862821.55386479315348 ], [ 3968099.175790656358004, 862821.55386479315348 ], [ 3968136.600308005232364, 862821.55386479315348 ], [ 3968174.024825354106724, 862821.55386479315348 ], [ 3968211.449342702981085, 862821.55386479315348 ], [ 3968248.873860051855445, 862821.55386479315348 ], [ 3968286.298377400729805, 862821.55386479315348 ], [ 3968323.722894749604166, 862821.55386479315348 ], [ 3968361.147412098478526, 862821.55386479315348 ], [ 3968398.571929447352886, 862821.55386479315348 ], [ 3968435.996446796227247, 862821.55386479315348 ], [ 3968462.459576796274632, 862848.016994793200865 ], [ 3968462.459576796274632, 862885.441512142075226 ], [ 3968462.459576796274632, 862922.866029490949586 ], [ 3968462.459576796274632, 862960.290546839823946 ], [ 3968462.459576796274632, 862997.715064188698307 ], [ 3968462.459576796274632, 863035.139581537572667 ], [ 3968462.459576796274632, 863072.564098886447027 ], [ 3968462.459576796274632, 863109.988616235321388 ], [ 3968462.459576796274632, 863147.413133584195748 ], [ 3968462.459576796274632, 863184.837650933070108 ], [ 3968462.459576796274632, 863222.262168281944469 ], [ 3968462.459576796274632, 863259.686685630818829 ], [ 3968462.459576796274632, 863297.111202979693189 ], [ 3968462.459576796274632, 863334.53572032856755 ], [ 3968462.459576796274632, 863371.96023767744191 ], [ 3968462.459576796274632, 863409.38475502631627 ], [ 3968462.459576796274632, 863446.809272375190631 ], [ 3968462.459576796274632, 863484.233789724064991 ], [ 3968499.884094145148993, 863484.233789724064991 ], [ 3968537.308611494023353, 863484.233789724064991 ], [ 3968574.733128842897713, 863484.233789724064991 ], [ 3968612.157646191772074, 863484.233789724064991 ], [ 3968612.157646191772074, 863521.658307072939351 ], [ 3968612.157646191772074, 863559.082824421813712 ], [ 3968612.157646191772074, 863596.507341770688072 ], [ 3968612.157646191772074, 863633.931859119562432 ], [ 3968612.157646191772074, 863671.356376468436792 ], [ 3968612.157646191772074, 863708.780893817311153 ], [ 3968612.157646191772074, 863746.205411166185513 ], [ 3968612.157646191772074, 863783.629928515059873 ], [ 3968612.157646191772074, 863821.054445863934234 ], [ 3968612.157646191772074, 863858.478963212808594 ], [ 3968612.157646191772074, 863895.903480561682954 ], [ 3968612.157646191772074, 863933.327997910557315 ], [ 3968612.157646191772074, 863970.752515259431675 ], [ 3968649.582163540646434, 863970.752515259431675 ], [ 3968687.006680889520794, 863970.752515259431675 ], [ 3968724.431198238395154, 863970.752515259431675 ], [ 3968761.855715587269515, 863970.752515259431675 ], [ 3968788.3188455873169, 863997.215645259479061 ], [ 3968788.3188455873169, 864034.640162608353421 ], [ 3968788.3188455873169, 864072.064679957227781 ], [ 3968788.3188455873169, 864109.489197306102142 ], [ 3968788.3188455873169, 864146.913714654976502 ], [ 3968788.3188455873169, 864184.338232003850862 ], [ 3968788.3188455873169, 864221.762749352725223 ], [ 3968788.3188455873169, 864259.187266701599583 ], [ 3968788.3188455873169, 864296.611784050473943 ], [ 3968788.3188455873169, 864334.036301399348304 ], [ 3968788.3188455873169, 864371.460818748222664 ], [ 3968788.3188455873169, 864408.885336097097024 ], [ 3968788.3188455873169, 864446.309853445971385 ], [ 3968788.3188455873169, 864483.734370794845745 ], [ 3968788.3188455873169, 864521.158888143720105 ], [ 3968788.3188455873169, 864558.583405492594466 ], [ 3968788.3188455873169, 864596.007922841468826 ], [ 3968788.3188455873169, 864633.432440190343186 ], [ 3968788.3188455873169, 864670.856957539217547 ], [ 3968788.3188455873169, 864708.281474888091907 ], [ 3968788.3188455873169, 864745.705992236966267 ], [ 3968788.3188455873169, 864783.130509585840628 ], [ 3968788.3188455873169, 864820.555026934714988 ], [ 3968788.3188455873169, 864857.979544283589348 ], [ 3968788.3188455873169, 864895.404061632463709 ], [ 3968788.3188455873169, 864932.828578981338069 ], [ 3968788.3188455873169, 864970.253096330212429 ], [ 3968825.743362936191261, 864970.253096330212429 ], [ 3968863.167880285065621, 864970.253096330212429 ], [ 3968900.592397633939981, 864970.253096330212429 ], [ 3968938.016914982814342, 864970.253096330212429 ], [ 3968964.480044982861727, 864996.716226330259815 ], [ 3968964.480044982861727, 865034.140743679134175 ], [ 3968964.480044982861727, 865071.565261028008536 ], [ 3968964.480044982861727, 865108.989778376882896 ], [ 3968964.480044982861727, 865146.414295725757256 ], [ 3968964.480044982861727, 865183.838813074631616 ], [ 3968964.480044982861727, 865221.263330423505977 ], [ 3968964.480044982861727, 865258.687847772380337 ], [ 3968964.480044982861727, 865296.112365121254697 ], [ 3968964.480044982861727, 865333.536882470129058 ], [ 3968964.480044982861727, 865370.961399819003418 ], [ 3968964.480044982861727, 865408.385917167877778 ], [ 3968964.480044982861727, 865445.810434516752139 ], [ 3968964.480044982861727, 865483.234951865626499 ], [ 3968964.480044982861727, 865520.659469214500859 ], [ 3968964.480044982861727, 865558.08398656337522 ], [ 3968964.480044982861727, 865595.50850391224958 ], [ 3968964.480044982861727, 865632.93302126112394 ], [ 3968964.480044982861727, 865670.357538609998301 ], [ 3968964.480044982861727, 865707.782055958872661 ], [ 3968964.480044982861727, 865745.206573307747021 ], [ 3968964.480044982861727, 865782.631090656621382 ], [ 3969001.904562331736088, 865782.631090656621382 ], [ 3969039.329079680610448, 865782.631090656621382 ], [ 3969076.753597029484808, 865782.631090656621382 ], [ 3969114.178114378359169, 865782.631090656621382 ], [ 3969114.178114378359169, 865820.055608005495742 ], [ 3969114.178114378359169, 865857.480125354370102 ], [ 3969114.178114378359169, 865894.904642703244463 ], [ 3969114.178114378359169, 865932.329160052118823 ], [ 3969114.178114378359169, 865969.753677400993183 ], [ 3969114.178114378359169, 866007.178194749867544 ], [ 3969114.178114378359169, 866044.602712098741904 ], [ 3969114.178114378359169, 866082.027229447616264 ], [ 3969114.178114378359169, 866119.451746796490625 ], [ 3969087.714984378311783, 866145.91487679653801 ], [ 3969050.290467029437423, 866145.91487679653801 ], [ 3969012.865949680563062, 866145.91487679653801 ], [ 3968975.441432331688702, 866145.91487679653801 ], [ 3968975.441432331688702, 866183.339394145412371 ], [ 3968975.441432331688702, 866220.763911494286731 ], [ 3968975.441432331688702, 866258.188428843161091 ], [ 3968975.441432331688702, 866295.612946192035452 ], [ 3968975.441432331688702, 866333.037463540909812 ], [ 3968975.441432331688702, 866370.461980889784172 ], [ 3968975.441432331688702, 866407.886498238658533 ], [ 3968975.441432331688702, 866445.311015587532893 ], [ 3968975.441432331688702, 866482.735532936407253 ], [ 3968975.441432331688702, 866520.160050285281613 ], [ 3968975.441432331688702, 866557.584567634155974 ], [ 3968975.441432331688702, 866595.009084983030334 ], [ 3968975.441432331688702, 866632.433602331904694 ], [ 3968975.441432331688702, 866669.858119680779055 ], [ 3968975.441432331688702, 866707.282637029653415 ], [ 3968975.441432331688702, 866744.707154378527775 ], [ 3968975.441432331688702, 866782.131671727402136 ], [ 3968948.978302331641316, 866808.594801727449521 ], [ 3968911.553784982766956, 866808.594801727449521 ], [ 3968874.129267633892596, 866808.594801727449521 ], [ 3968836.704750285018235, 866808.594801727449521 ], [ 3968799.280232936143875, 866808.594801727449521 ], [ 3968772.817102936096489, 866835.057931727496907 ], [ 3968772.817102936096489, 866872.482449076371267 ], [ 3968772.817102936096489, 866909.906966425245628 ], [ 3968772.817102936096489, 866947.331483774119988 ], [ 3968772.817102936096489, 866984.756001122994348 ], [ 3968772.817102936096489, 867022.180518471868709 ], [ 3968772.817102936096489, 867059.605035820743069 ], [ 3968772.817102936096489, 867097.029553169617429 ], [ 3968772.817102936096489, 867134.45407051849179 ], [ 3968772.817102936096489, 867171.87858786736615 ], [ 3968772.817102936096489, 867209.30310521624051 ], [ 3968772.817102936096489, 867246.727622565114871 ], [ 3968772.817102936096489, 867284.152139913989231 ], [ 3968772.817102936096489, 867321.576657262863591 ], [ 3968772.817102936096489, 867359.001174611737952 ], [ 3968772.817102936096489, 867396.425691960612312 ], [ 3968772.817102936096489, 867433.850209309486672 ], [ 3968772.817102936096489, 867471.274726658361033 ], [ 3968772.817102936096489, 867508.699244007235393 ], [ 3968772.817102936096489, 867546.123761356109753 ], [ 3968772.817102936096489, 867583.548278704984114 ], [ 3968772.817102936096489, 867620.972796053858474 ], [ 3968772.817102936096489, 867658.397313402732834 ], [ 3968772.817102936096489, 867695.821830751607195 ], [ 3968772.817102936096489, 867733.246348100481555 ], [ 3968772.817102936096489, 867770.670865449355915 ], [ 3968772.817102936096489, 867808.095382798230276 ], [ 3968772.817102936096489, 867845.519900147104636 ], [ 3968772.817102936096489, 867882.944417495978996 ], [ 3968772.817102936096489, 867920.368934844853356 ], [ 3968772.817102936096489, 867957.793452193727717 ], [ 3968772.817102936096489, 867995.217969542602077 ], [ 3968772.817102936096489, 868032.642486891476437 ], [ 3968772.817102936096489, 868070.067004240350798 ], [ 3968772.817102936096489, 868107.491521589225158 ], [ 3968772.817102936096489, 868144.916038938099518 ], [ 3968772.817102936096489, 868182.340556286973879 ], [ 3968772.817102936096489, 868219.765073635848239 ], [ 3968772.817102936096489, 868257.189590984722599 ], [ 3968772.817102936096489, 868294.61410833359696 ], [ 3968772.817102936096489, 868332.03862568247132 ], [ 3968772.817102936096489, 868369.46314303134568 ], [ 3968772.817102936096489, 868406.887660380220041 ], [ 3968772.817102936096489, 868444.312177729094401 ], [ 3968772.817102936096489, 868481.736695077968761 ], [ 3968772.817102936096489, 868519.161212426843122 ], [ 3968772.817102936096489, 868556.585729775717482 ], [ 3968772.817102936096489, 868594.010247124591842 ], [ 3968772.817102936096489, 868631.434764473466203 ], [ 3968772.817102936096489, 868668.859281822340563 ], [ 3968772.817102936096489, 868706.283799171214923 ], [ 3968772.817102936096489, 868743.708316520089284 ], [ 3968772.817102936096489, 868781.132833868963644 ], [ 3968772.817102936096489, 868818.557351217838004 ], [ 3968772.817102936096489, 868855.981868566712365 ], [ 3968772.817102936096489, 868893.406385915586725 ], [ 3968772.817102936096489, 868930.830903264461085 ], [ 3968772.817102936096489, 868968.255420613335446 ], [ 3968772.817102936096489, 869005.679937962209806 ], [ 3968772.817102936096489, 869043.104455311084166 ], [ 3968772.817102936096489, 869080.528972659958526 ], [ 3968772.817102936096489, 869117.953490008832887 ], [ 3968772.817102936096489, 869155.378007357707247 ], [ 3968772.817102936096489, 869192.802524706581607 ], [ 3968772.817102936096489, 869230.227042055455968 ], [ 3968772.817102936096489, 869267.651559404330328 ], [ 3968772.817102936096489, 869305.076076753204688 ], [ 3968772.817102936096489, 869342.500594102079049 ], [ 3968772.817102936096489, 869379.925111450953409 ], [ 3968772.817102936096489, 869417.349628799827769 ], [ 3968772.817102936096489, 869454.77414614870213 ], [ 3968772.817102936096489, 869492.19866349757649 ], [ 3968772.817102936096489, 869529.62318084645085 ], [ 3968772.817102936096489, 869567.047698195325211 ], [ 3968772.817102936096489, 869604.472215544199571 ], [ 3968772.817102936096489, 869641.896732893073931 ], [ 3968772.817102936096489, 869679.321250241948292 ], [ 3968772.817102936096489, 869716.745767590822652 ], [ 3968772.817102936096489, 869754.170284939697012 ], [ 3968772.817102936096489, 869791.594802288571373 ], [ 3968772.817102936096489, 869829.019319637445733 ], [ 3968772.817102936096489, 869866.443836986320093 ], [ 3968772.817102936096489, 869903.868354335194454 ], [ 3968772.817102936096489, 869941.292871684068814 ], [ 3968772.817102936096489, 869978.717389032943174 ], [ 3968772.817102936096489, 870016.141906381817535 ], [ 3968772.817102936096489, 870053.566423730691895 ], [ 3968772.817102936096489, 870090.990941079566255 ], [ 3968772.817102936096489, 870128.415458428440616 ], [ 3968772.817102936096489, 870165.839975777314976 ], [ 3968772.817102936096489, 870203.264493126189336 ], [ 3968772.817102936096489, 870240.689010475063697 ], [ 3968772.817102936096489, 870278.113527823938057 ], [ 3968772.817102936096489, 870315.538045172812417 ], [ 3968772.817102936096489, 870352.962562521686777 ], [ 3968772.817102936096489, 870390.387079870561138 ], [ 3968772.817102936096489, 870427.811597219435498 ], [ 3968772.817102936096489, 870465.236114568309858 ], [ 3968772.817102936096489, 870502.660631917184219 ], [ 3968772.817102936096489, 870540.085149266058579 ], [ 3968772.817102936096489, 870577.509666614932939 ], [ 3968746.353972936049104, 870603.972796614980325 ], [ 3968708.929455587174743, 870603.972796614980325 ], [ 3968671.504938238300383, 870603.972796614980325 ], [ 3968634.080420889426023, 870603.972796614980325 ], [ 3968607.617290889378637, 870630.435926615027711 ], [ 3968607.617290889378637, 870667.860443963902071 ], [ 3968607.617290889378637, 870705.284961312776431 ], [ 3968607.617290889378637, 870742.709478661650792 ], [ 3968607.617290889378637, 870780.133996010525152 ], [ 3968607.617290889378637, 870817.558513359399512 ], [ 3968607.617290889378637, 870854.983030708273873 ], [ 3968607.617290889378637, 870892.407548057148233 ], [ 3968607.617290889378637, 870929.832065406022593 ], [ 3968607.617290889378637, 870967.256582754896954 ], [ 3968607.617290889378637, 871004.681100103771314 ], [ 3968607.617290889378637, 871042.105617452645674 ], [ 3968607.617290889378637, 871079.530134801520035 ], [ 3968581.154160889331251, 871105.99326480156742 ], [ 3968543.729643540456891, 871105.99326480156742 ], [ 3968506.305126191582531, 871105.99326480156742 ], [ 3968468.88060884270817, 871105.99326480156742 ], [ 3968468.88060884270817, 871143.417782150441781 ], [ 3968468.88060884270817, 871180.842299499316141 ], [ 3968468.88060884270817, 871218.266816848190501 ], [ 3968468.88060884270817, 871255.691334197064862 ], [ 3968468.88060884270817, 871293.115851545939222 ], [ 3968468.88060884270817, 871330.540368894813582 ], [ 3968468.88060884270817, 871367.964886243687943 ], [ 3968468.88060884270817, 871405.389403592562303 ], [ 3968468.88060884270817, 871442.813920941436663 ], [ 3968468.88060884270817, 871480.238438290311024 ], [ 3968468.88060884270817, 871517.662955639185384 ], [ 3968468.88060884270817, 871555.087472988059744 ], [ 3968468.88060884270817, 871592.511990336934105 ], [ 3968468.88060884270817, 871629.936507685808465 ], [ 3968468.88060884270817, 871667.361025034682825 ], [ 3968468.88060884270817, 871704.785542383557186 ], [ 3968468.88060884270817, 871742.210059732431546 ], [ 3968468.88060884270817, 871779.634577081305906 ], [ 3968468.88060884270817, 871817.059094430180266 ], [ 3968468.88060884270817, 871854.483611779054627 ], [ 3968468.88060884270817, 871891.908129127928987 ], [ 3968468.88060884270817, 871929.332646476803347 ], [ 3968468.88060884270817, 871966.757163825677708 ], [ 3968468.88060884270817, 872004.181681174552068 ], [ 3968468.88060884270817, 872041.606198523426428 ], [ 3968468.88060884270817, 872079.030715872300789 ], [ 3968442.417478842660785, 872105.493845872348174 ], [ 3968404.992961493786424, 872105.493845872348174 ], [ 3968367.568444144912064, 872105.493845872348174 ], [ 3968330.143926796037704, 872105.493845872348174 ], [ 3968292.719409447163343, 872105.493845872348174 ], [ 3968292.719409447163343, 872142.918363221222535 ], [ 3968292.719409447163343, 872180.342880570096895 ], [ 3968292.719409447163343, 872217.767397918971255 ], [ 3968292.719409447163343, 872255.191915267845616 ], [ 3968292.719409447163343, 872292.616432616719976 ], [ 3968292.719409447163343, 872330.040949965594336 ], [ 3968292.719409447163343, 872367.465467314468697 ], [ 3968292.719409447163343, 872404.889984663343057 ], [ 3968292.719409447163343, 872442.314502012217417 ], [ 3968292.719409447163343, 872479.739019361091778 ], [ 3968292.719409447163343, 872517.163536709966138 ], [ 3968292.719409447163343, 872554.588054058840498 ], [ 3968292.719409447163343, 872592.012571407714859 ], [ 3968292.719409447163343, 872629.437088756589219 ], [ 3968292.719409447163343, 872666.861606105463579 ], [ 3968292.719409447163343, 872704.28612345433794 ], [ 3968292.719409447163343, 872741.7106408032123 ], [ 3968266.256279447115958, 872768.173770803259686 ], [ 3968228.831762098241597, 872768.173770803259686 ], [ 3968191.407244749367237, 872768.173770803259686 ], [ 3968153.982727400492877, 872768.173770803259686 ], [ 3968116.558210051618516, 872768.173770803259686 ], [ 3968079.133692702744156, 872768.173770803259686 ], [ 3968041.709175353869796, 872768.173770803259686 ], [ 3968004.284658004995435, 872768.173770803259686 ], [ 3967966.860140656121075, 872768.173770803259686 ], [ 3967940.397010656073689, 872741.7106408032123 ], [ 3967940.397010656073689, 872704.28612345433794 ], [ 3967940.397010656073689, 872666.861606105463579 ], [ 3967940.397010656073689, 872629.437088756589219 ], [ 3967940.397010656073689, 872592.012571407714859 ], [ 3967902.972493307199329, 872592.012571407714859 ], [ 3967865.547975958324969, 872592.012571407714859 ], [ 3967828.123458609450608, 872592.012571407714859 ], [ 3967790.698941260576248, 872592.012571407714859 ], [ 3967790.698941260576248, 872629.437088756589219 ], [ 3967790.698941260576248, 872666.861606105463579 ], [ 3967790.698941260576248, 872704.28612345433794 ], [ 3967790.698941260576248, 872741.7106408032123 ], [ 3967764.235811260528862, 872768.173770803259686 ], [ 3967726.811293911654502, 872768.173770803259686 ], [ 3967689.386776562780142, 872768.173770803259686 ], [ 3967651.962259213905782, 872768.173770803259686 ], [ 3967614.537741865031421, 872768.173770803259686 ], [ 3967577.113224516157061, 872768.173770803259686 ], [ 3967539.688707167282701, 872768.173770803259686 ], [ 3967502.26418981840834, 872768.173770803259686 ], [ 3967464.83967246953398, 872768.173770803259686 ], [ 3967427.41515512065962, 872768.173770803259686 ], [ 3967389.990637771785259, 872768.173770803259686 ], [ 3967352.566120422910899, 872768.173770803259686 ], [ 3967315.141603074036539, 872768.173770803259686 ], [ 3967288.678473073989153, 872741.7106408032123 ], [ 3967288.678473073989153, 872704.28612345433794 ], [ 3967288.678473073989153, 872666.861606105463579 ], [ 3967288.678473073989153, 872629.437088756589219 ], [ 3967288.678473073989153, 872592.012571407714859 ], [ 3967251.253955725114793, 872592.012571407714859 ], [ 3967213.829438376240432, 872592.012571407714859 ], [ 3967176.404921027366072, 872592.012571407714859 ], [ 3967138.980403678491712, 872592.012571407714859 ], [ 3967101.555886329617351, 872592.012571407714859 ], [ 3967064.131368980742991, 872592.012571407714859 ], [ 3967026.706851631868631, 872592.012571407714859 ], [ 3966989.28233428299427, 872592.012571407714859 ], [ 3966951.85781693411991, 872592.012571407714859 ], [ 3966914.43329958524555, 872592.012571407714859 ], [ 3966877.008782236371189, 872592.012571407714859 ], [ 3966839.584264887496829, 872592.012571407714859 ], [ 3966802.159747538622469, 872592.012571407714859 ], [ 3966764.735230189748108, 872592.012571407714859 ], [ 3966727.310712840873748, 872592.012571407714859 ], [ 3966689.886195491999388, 872592.012571407714859 ], [ 3966652.461678143125027, 872592.012571407714859 ], [ 3966625.998548143077642, 872565.549441407667473 ], [ 3966625.998548143077642, 872528.124924058793113 ], [ 3966625.998548143077642, 872490.700406709918752 ], [ 3966625.998548143077642, 872453.275889361044392 ], [ 3966599.535418143030256, 872426.812759360997006 ], [ 3966562.110900794155896, 872426.812759360997006 ], [ 3966524.686383445281535, 872426.812759360997006 ], [ 3966487.261866096407175, 872426.812759360997006 ], [ 3966487.261866096407175, 872464.237276709871367 ], [ 3966487.261866096407175, 872501.661794058745727 ], [ 3966487.261866096407175, 872539.086311407620087 ], [ 3966487.261866096407175, 872576.510828756494448 ], [ 3966460.798736096359789, 872602.973958756541833 ], [ 3966423.374218747485429, 872602.973958756541833 ], [ 3966385.949701398611069, 872602.973958756541833 ], [ 3966348.525184049736708, 872602.973958756541833 ], [ 3966311.100666700862348, 872602.973958756541833 ], [ 3966273.676149351987988, 872602.973958756541833 ], [ 3966236.251632003113627, 872602.973958756541833 ], [ 3966198.827114654239267, 872602.973958756541833 ], [ 3966161.402597305364907, 872602.973958756541833 ], [ 3966123.978079956490546, 872602.973958756541833 ], [ 3966086.553562607616186, 872602.973958756541833 ], [ 3966049.129045258741826, 872602.973958756541833 ], [ 3966011.704527909867465, 872602.973958756541833 ], [ 3966011.704527909867465, 872640.398476105416194 ], [ 3966011.704527909867465, 872677.822993454290554 ], [ 3966011.704527909867465, 872715.247510803164914 ], [ 3966011.704527909867465, 872752.672028152039275 ], [ 3965985.24139790982008, 872779.13515815208666 ], [ 3965947.816880560945719, 872779.13515815208666 ], [ 3965910.392363212071359, 872779.13515815208666 ], [ 3965872.967845863196999, 872779.13515815208666 ], [ 3965835.543328514322639, 872779.13515815208666 ], [ 3965798.118811165448278, 872779.13515815208666 ], [ 3965760.694293816573918, 872779.13515815208666 ], [ 3965723.269776467699558, 872779.13515815208666 ], [ 3965685.845259118825197, 872779.13515815208666 ], [ 3965648.420741769950837, 872779.13515815208666 ], [ 3965621.957611769903451, 872752.672028152039275 ], [ 3965621.957611769903451, 872715.247510803164914 ], [ 3965621.957611769903451, 872677.822993454290554 ], [ 3965621.957611769903451, 872640.398476105416194 ], [ 3965621.957611769903451, 872602.973958756541833 ], [ 3965584.533094421029091, 872602.973958756541833 ], [ 3965547.108577072154731, 872602.973958756541833 ], [ 3965509.68405972328037, 872602.973958756541833 ], [ 3965509.68405972328037, 872640.398476105416194 ], [ 3965509.68405972328037, 872677.822993454290554 ], [ 3965509.68405972328037, 872715.247510803164914 ], [ 3965509.68405972328037, 872752.672028152039275 ], [ 3965483.220929723232985, 872779.13515815208666 ], [ 3965445.796412374358624, 872779.13515815208666 ], [ 3965408.371895025484264, 872779.13515815208666 ], [ 3965370.947377676609904, 872779.13515815208666 ], [ 3965333.522860327735543, 872779.13515815208666 ], [ 3965296.098342978861183, 872779.13515815208666 ], [ 3965258.673825629986823, 872779.13515815208666 ], [ 3965221.249308281112462, 872779.13515815208666 ], [ 3965183.824790932238102, 872779.13515815208666 ], [ 3965146.400273583363742, 872779.13515815208666 ], [ 3965108.975756234489381, 872779.13515815208666 ], [ 3965071.551238885615021, 872779.13515815208666 ], [ 3965034.126721536740661, 872779.13515815208666 ], [ 3965034.126721536740661, 872816.559675500961021 ], [ 3965034.126721536740661, 872853.984192849835381 ], [ 3965034.126721536740661, 872891.408710198709741 ], [ 3965034.126721536740661, 872928.833227547584102 ], [ 3964996.7022041878663, 872928.833227547584102 ], [ 3964959.27768683899194, 872928.833227547584102 ], [ 3964921.85316949011758, 872928.833227547584102 ], [ 3964884.428652141243219, 872928.833227547584102 ], [ 3964847.004134792368859, 872928.833227547584102 ], [ 3964809.579617443494499, 872928.833227547584102 ], [ 3964772.155100094620138, 872928.833227547584102 ], [ 3964734.730582745745778, 872928.833227547584102 ], [ 3964697.306065396871418, 872928.833227547584102 ], [ 3964659.881548047997057, 872928.833227547584102 ], [ 3964622.457030699122697, 872928.833227547584102 ], [ 3964585.032513350248337, 872928.833227547584102 ], [ 3964547.607996001373976, 872928.833227547584102 ], [ 3964510.183478652499616, 872928.833227547584102 ], [ 3964472.758961303625256, 872928.833227547584102 ], [ 3964435.334443954750896, 872928.833227547584102 ], [ 3964397.909926605876535, 872928.833227547584102 ], [ 3964360.485409257002175, 872928.833227547584102 ], [ 3964323.060891908127815, 872928.833227547584102 ], [ 3964285.636374559253454, 872928.833227547584102 ], [ 3964248.211857210379094, 872928.833227547584102 ], [ 3964210.787339861504734, 872928.833227547584102 ], [ 3964173.362822512630373, 872928.833227547584102 ], [ 3964173.362822512630373, 872966.257744896458462 ], [ 3964173.362822512630373, 873003.682262245332822 ], [ 3964173.362822512630373, 873041.106779594207183 ], [ 3964173.362822512630373, 873078.531296943081543 ], [ 3964146.899692512582988, 873104.994426943128929 ], [ 3964109.475175163708627, 873104.994426943128929 ], [ 3964072.050657814834267, 873104.994426943128929 ], [ 3964034.626140465959907, 873104.994426943128929 ], [ 3963997.201623117085546, 873104.994426943128929 ], [ 3963959.777105768211186, 873104.994426943128929 ], [ 3963922.352588419336826, 873104.994426943128929 ], [ 3963884.928071070462465, 873104.994426943128929 ], [ 3963847.503553721588105, 873104.994426943128929 ], [ 3963847.503553721588105, 873142.418944292003289 ], [ 3963847.503553721588105, 873179.843461640877649 ], [ 3963847.503553721588105, 873217.26797898975201 ], [ 3963847.503553721588105, 873254.69249633862637 ], [ 3963810.079036372713745, 873254.69249633862637 ], [ 3963772.654519023839384, 873254.69249633862637 ], [ 3963735.230001674965024, 873254.69249633862637 ], [ 3963697.805484326090664, 873254.69249633862637 ], [ 3963660.380966977216303, 873254.69249633862637 ], [ 3963622.956449628341943, 873254.69249633862637 ], [ 3963585.531932279467583, 873254.69249633862637 ], [ 3963548.107414930593222, 873254.69249633862637 ], [ 3963548.107414930593222, 873292.11701368750073 ], [ 3963548.107414930593222, 873329.54153103637509 ], [ 3963548.107414930593222, 873366.966048385249451 ], [ 3963548.107414930593222, 873404.390565734123811 ], [ 3963521.644284930545837, 873430.853695734171197 ], [ 3963484.219767581671476, 873430.853695734171197 ], [ 3963446.795250232797116, 873430.853695734171197 ], [ 3963409.370732883922756, 873430.853695734171197 ], [ 3963371.946215535048395, 873430.853695734171197 ], [ 3963345.48308553500101, 873457.316825734218583 ], [ 3963345.48308553500101, 873494.741343083092943 ], [ 3963345.48308553500101, 873532.165860431967303 ], [ 3963345.48308553500101, 873569.590377780841663 ], [ 3963319.019955534953624, 873596.053507780889049 ], [ 3963281.595438186079264, 873596.053507780889049 ], [ 3963244.170920837204903, 873596.053507780889049 ], [ 3963206.746403488330543, 873596.053507780889049 ], [ 3963169.321886139456183, 873596.053507780889049 ], [ 3963131.897368790581822, 873596.053507780889049 ], [ 3963094.472851441707462, 873596.053507780889049 ], [ 3963057.048334092833102, 873596.053507780889049 ], [ 3963019.623816743958741, 873596.053507780889049 ], [ 3962982.199299395084381, 873596.053507780889049 ], [ 3962944.774782046210021, 873596.053507780889049 ], [ 3962907.35026469733566, 873596.053507780889049 ], [ 3962869.9257473484613, 873596.053507780889049 ], [ 3962869.9257473484613, 873633.478025129763409 ], [ 3962869.9257473484613, 873670.90254247863777 ], [ 3962869.9257473484613, 873708.32705982751213 ], [ 3962869.9257473484613, 873745.75157717638649 ], [ 3962832.50122999958694, 873745.75157717638649 ], [ 3962795.076712650712579, 873745.75157717638649 ], [ 3962757.652195301838219, 873745.75157717638649 ], [ 3962720.227677952963859, 873745.75157717638649 ], [ 3962720.227677952963859, 873783.176094525260851 ], [ 3962720.227677952963859, 873820.600611874135211 ], [ 3962720.227677952963859, 873858.025129223009571 ], [ 3962720.227677952963859, 873895.449646571883932 ], [ 3962693.764547952916473, 873921.912776571931317 ], [ 3962656.340030604042113, 873921.912776571931317 ], [ 3962618.915513255167753, 873921.912776571931317 ], [ 3962581.490995906293392, 873921.912776571931317 ], [ 3962544.066478557419032, 873921.912776571931317 ], [ 3962506.641961208544672, 873921.912776571931317 ], [ 3962469.217443859670311, 873921.912776571931317 ], [ 3962431.792926510795951, 873921.912776571931317 ], [ 3962394.368409161921591, 873921.912776571931317 ], [ 3962356.94389181304723, 873921.912776571931317 ], [ 3962319.51937446417287, 873921.912776571931317 ], [ 3962282.09485711529851, 873921.912776571931317 ], [ 3962244.670339766424149, 873921.912776571931317 ], [ 3962207.245822417549789, 873921.912776571931317 ], [ 3962207.245822417549789, 873959.337293920805678 ], [ 3962207.245822417549789, 873996.761811269680038 ], [ 3962207.245822417549789, 874034.186328618554398 ], [ 3962207.245822417549789, 874071.610845967428759 ], [ 3962180.782692417502403, 874098.073975967476144 ], [ 3962143.358175068628043, 874098.073975967476144 ], [ 3962105.933657719753683, 874098.073975967476144 ], [ 3962068.509140370879322, 874098.073975967476144 ], [ 3962068.509140370879322, 874135.498493316350505 ], [ 3962068.509140370879322, 874172.923010665224865 ], [ 3962068.509140370879322, 874210.347528014099225 ], [ 3962068.509140370879322, 874247.772045362973586 ], [ 3962031.084623022004962, 874247.772045362973586 ], [ 3961993.660105673130602, 874247.772045362973586 ], [ 3961956.235588324256241, 874247.772045362973586 ], [ 3961918.811070975381881, 874247.772045362973586 ], [ 3961892.347940975334495, 874274.235175363020971 ], [ 3961892.347940975334495, 874311.659692711895332 ], [ 3961892.347940975334495, 874349.084210060769692 ], [ 3961892.347940975334495, 874386.508727409644052 ], [ 3961865.88481097528711, 874412.971857409691438 ], [ 3961828.460293626412749, 874412.971857409691438 ], [ 3961791.035776277538389, 874412.971857409691438 ], [ 3961753.611258928664029, 874412.971857409691438 ], [ 3961716.186741579789668, 874412.971857409691438 ], [ 3961716.186741579789668, 874450.396374758565798 ], [ 3961716.186741579789668, 874487.820892107440159 ], [ 3961716.186741579789668, 874525.245409456314519 ], [ 3961716.186741579789668, 874562.669926805188879 ], [ 3961689.723611579742283, 874589.133056805236265 ], [ 3961652.299094230867922, 874589.133056805236265 ], [ 3961614.874576881993562, 874589.133056805236265 ], [ 3961577.450059533119202, 874589.133056805236265 ], [ 3961550.986929533071816, 874615.596186805283651 ], [ 3961550.986929533071816, 874653.020704154158011 ], [ 3961550.986929533071816, 874690.445221503032371 ], [ 3961550.986929533071816, 874727.869738851906732 ], [ 3961524.52379953302443, 874754.332868851954117 ], [ 3961487.09928218415007, 874754.332868851954117 ], [ 3961449.67476483527571, 874754.332868851954117 ], [ 3961412.250247486401349, 874754.332868851954117 ], [ 3961385.787117486353964, 874780.795998852001503 ], [ 3961385.787117486353964, 874818.220516200875863 ], [ 3961385.787117486353964, 874855.645033549750224 ], [ 3961385.787117486353964, 874893.069550898624584 ], [ 3961359.323987486306578, 874919.53268089867197 ], [ 3961321.899470137432218, 874919.53268089867197 ], [ 3961284.474952788557857, 874919.53268089867197 ], [ 3961247.050435439683497, 874919.53268089867197 ], [ 3961247.050435439683497, 874956.95719824754633 ], [ 3961247.050435439683497, 874994.38171559642069 ], [ 3961247.050435439683497, 875031.806232945295051 ], [ 3961247.050435439683497, 875069.230750294169411 ], [ 3961209.625918090809137, 875069.230750294169411 ], [ 3961172.201400741934776, 875069.230750294169411 ], [ 3961134.776883393060416, 875069.230750294169411 ], [ 3961097.352366044186056, 875069.230750294169411 ], [ 3961059.927848695311695, 875069.230750294169411 ], [ 3961059.927848695311695, 875106.655267643043771 ], [ 3961059.927848695311695, 875144.079784991918132 ], [ 3961059.927848695311695, 875181.504302340792492 ], [ 3961059.927848695311695, 875218.928819689666852 ], [ 3961059.927848695311695, 875256.353337038541213 ], [ 3961059.927848695311695, 875293.777854387415573 ], [ 3961059.927848695311695, 875331.202371736289933 ], [ 3961059.927848695311695, 875368.626889085164294 ], [ 3961059.927848695311695, 875406.051406434038654 ], [ 3961022.503331346437335, 875406.051406434038654 ], [ 3960985.078813997562975, 875406.051406434038654 ], [ 3960947.654296648688614, 875406.051406434038654 ], [ 3960910.229779299814254, 875406.051406434038654 ], [ 3960883.766649299766868, 875432.51453643408604 ], [ 3960883.766649299766868, 875469.9390537829604 ], [ 3960883.766649299766868, 875507.36357113183476 ], [ 3960883.766649299766868, 875544.788088480709121 ], [ 3960883.766649299766868, 875582.212605829583481 ], [ 3960883.766649299766868, 875619.637123178457841 ], [ 3960883.766649299766868, 875657.061640527332202 ], [ 3960883.766649299766868, 875694.486157876206562 ], [ 3960883.766649299766868, 875731.910675225080922 ], [ 3960883.766649299766868, 875769.335192573955283 ], [ 3960883.766649299766868, 875806.759709922829643 ], [ 3960883.766649299766868, 875844.184227271704003 ], [ 3960883.766649299766868, 875881.608744620578364 ], [ 3960857.303519299719483, 875908.071874620625749 ], [ 3960819.879001950845122, 875908.071874620625749 ], [ 3960782.454484601970762, 875908.071874620625749 ], [ 3960745.029967253096402, 875908.071874620625749 ], [ 3960745.029967253096402, 875945.49639196950011 ], [ 3960745.029967253096402, 875982.92090931837447 ], [ 3960745.029967253096402, 876020.34542666724883 ], [ 3960745.029967253096402, 876057.769944016123191 ], [ 3960745.029967253096402, 876095.194461364997551 ], [ 3960745.029967253096402, 876132.618978713871911 ], [ 3960745.029967253096402, 876170.043496062746271 ], [ 3960745.029967253096402, 876207.468013411620632 ], [ 3960718.566837253049016, 876233.931143411668018 ], [ 3960681.142319904174656, 876233.931143411668018 ], [ 3960643.717802555300295, 876233.931143411668018 ], [ 3960606.293285206425935, 876233.931143411668018 ], [ 3960568.868767857551575, 876233.931143411668018 ], [ 3960568.868767857551575, 876271.355660760542378 ], [ 3960568.868767857551575, 876308.780178109416738 ], [ 3960568.868767857551575, 876346.204695458291098 ], [ 3960568.868767857551575, 876383.629212807165459 ], [ 3960568.868767857551575, 876421.053730156039819 ], [ 3960568.868767857551575, 876458.478247504914179 ], [ 3960568.868767857551575, 876495.90276485378854 ], [ 3960568.868767857551575, 876533.3272822026629 ], [ 3960568.868767857551575, 876570.75179955153726 ], [ 3960568.868767857551575, 876608.176316900411621 ], [ 3960568.868767857551575, 876645.600834249285981 ], [ 3960568.868767857551575, 876683.025351598160341 ], [ 3960568.868767857551575, 876720.449868947034702 ], [ 3960542.405637857504189, 876746.912998947082087 ], [ 3960504.981120508629829, 876746.912998947082087 ], [ 3960467.556603159755468, 876746.912998947082087 ], [ 3960430.132085810881108, 876746.912998947082087 ], [ 3960430.132085810881108, 876784.337516295956448 ], [ 3960430.132085810881108, 876821.762033644830808 ], [ 3960430.132085810881108, 876859.186550993705168 ], [ 3960430.132085810881108, 876896.611068342579529 ], [ 3960430.132085810881108, 876934.035585691453889 ], [ 3960430.132085810881108, 876971.460103040328249 ], [ 3960430.132085810881108, 877008.88462038920261 ], [ 3960430.132085810881108, 877046.30913773807697 ], [ 3960403.668955810833722, 877072.772267738124356 ], [ 3960366.244438461959362, 877072.772267738124356 ], [ 3960328.819921113085002, 877072.772267738124356 ], [ 3960291.395403764210641, 877072.772267738124356 ], [ 3960253.970886415336281, 877072.772267738124356 ], [ 3960227.507756415288895, 877099.235397738171741 ], [ 3960227.507756415288895, 877136.659915087046102 ], [ 3960227.507756415288895, 877174.084432435920462 ], [ 3960227.507756415288895, 877211.508949784794822 ], [ 3960227.507756415288895, 877248.933467133669183 ], [ 3960227.507756415288895, 877286.357984482543543 ], [ 3960227.507756415288895, 877323.782501831417903 ], [ 3960227.507756415288895, 877361.207019180292264 ], [ 3960227.507756415288895, 877398.631536529166624 ], [ 3960227.507756415288895, 877436.056053878040984 ], [ 3960227.507756415288895, 877473.480571226915345 ], [ 3960227.507756415288895, 877510.905088575789705 ], [ 3960227.507756415288895, 877548.329605924664065 ], [ 3960201.04462641524151, 877574.792735924711451 ], [ 3960163.620109066367149, 877574.792735924711451 ], [ 3960126.195591717492789, 877574.792735924711451 ], [ 3960088.771074368618429, 877574.792735924711451 ], [ 3960062.307944368571043, 877601.255865924758837 ], [ 3960062.307944368571043, 877638.680383273633197 ], [ 3960062.307944368571043, 877676.104900622507557 ], [ 3960062.307944368571043, 877713.529417971381918 ], [ 3960062.307944368571043, 877750.953935320256278 ], [ 3960062.307944368571043, 877788.378452669130638 ], [ 3960062.307944368571043, 877825.802970018004999 ], [ 3960062.307944368571043, 877863.227487366879359 ], [ 3960035.844814368523657, 877889.690617366926745 ], [ 3959998.420297019649297, 877889.690617366926745 ], [ 3959960.995779670774937, 877889.690617366926745 ], [ 3959923.571262321900576, 877889.690617366926745 ], [ 3959923.571262321900576, 877927.115134715801105 ], [ 3959923.571262321900576, 877964.539652064675465 ], [ 3959923.571262321900576, 878001.964169413549826 ], [ 3959923.571262321900576, 878039.388686762424186 ], [ 3959923.571262321900576, 878076.813204111298546 ], [ 3959923.571262321900576, 878114.237721460172907 ], [ 3959923.571262321900576, 878151.662238809047267 ], [ 3959923.571262321900576, 878189.086756157921627 ], [ 3959923.571262321900576, 878226.511273506795987 ], [ 3959923.571262321900576, 878263.935790855670348 ], [ 3959923.571262321900576, 878301.360308204544708 ], [ 3959923.571262321900576, 878338.784825553419068 ], [ 3959923.571262321900576, 878376.209342902293429 ], [ 3959923.571262321900576, 878413.633860251167789 ], [ 3959923.571262321900576, 878451.058377600042149 ], [ 3959923.571262321900576, 878488.48289494891651 ], [ 3959923.571262321900576, 878525.90741229779087 ], [ 3959923.571262321900576, 878563.33192964666523 ], [ 3959923.571262321900576, 878600.756446995539591 ], [ 3959923.571262321900576, 878638.180964344413951 ], [ 3959923.571262321900576, 878675.605481693288311 ], [ 3959923.571262321900576, 878713.029999042162672 ], [ 3959923.571262321900576, 878750.454516391037032 ], [ 3959923.571262321900576, 878787.879033739911392 ], [ 3959923.571262321900576, 878825.303551088785753 ], [ 3959923.571262321900576, 878862.728068437660113 ], [ 3959897.108132321853191, 878889.191198437707499 ], [ 3959859.68361497297883, 878889.191198437707499 ], [ 3959822.25909762410447, 878889.191198437707499 ], [ 3959784.83458027523011, 878889.191198437707499 ], [ 3959747.410062926355749, 878889.191198437707499 ], [ 3959747.410062926355749, 878926.615715786581859 ], [ 3959747.410062926355749, 878964.040233135456219 ], [ 3959747.410062926355749, 879001.46475048433058 ], [ 3959747.410062926355749, 879038.88926783320494 ], [ 3959747.410062926355749, 879076.3137851820793 ], [ 3959747.410062926355749, 879113.738302530953661 ], [ 3959747.410062926355749, 879151.162819879828021 ], [ 3959747.410062926355749, 879188.587337228702381 ], [ 3959747.410062926355749, 879226.011854577576742 ], [ 3959747.410062926355749, 879263.436371926451102 ], [ 3959747.410062926355749, 879300.860889275325462 ], [ 3959747.410062926355749, 879338.285406624199823 ], [ 3959747.410062926355749, 879375.709923973074183 ], [ 3959709.985545577481389, 879375.709923973074183 ], [ 3959672.561028228607029, 879375.709923973074183 ], [ 3959635.136510879732668, 879375.709923973074183 ], [ 3959597.711993530858308, 879375.709923973074183 ], [ 3959597.711993530858308, 879413.134441321948543 ], [ 3959597.711993530858308, 879450.558958670822904 ], [ 3959597.711993530858308, 879487.983476019697264 ], [ 3959597.711993530858308, 879525.407993368571624 ], [ 3959597.711993530858308, 879562.832510717445984 ], [ 3959597.711993530858308, 879600.257028066320345 ], [ 3959597.711993530858308, 879637.681545415194705 ], [ 3959597.711993530858308, 879675.106062764069065 ], [ 3959597.711993530858308, 879712.530580112943426 ], [ 3959597.711993530858308, 879749.955097461817786 ], [ 3959597.711993530858308, 879787.379614810692146 ], [ 3959597.711993530858308, 879824.804132159566507 ], [ 3959597.711993530858308, 879862.228649508440867 ], [ 3959597.711993530858308, 879899.653166857315227 ], [ 3959597.711993530858308, 879937.077684206189588 ], [ 3959597.711993530858308, 879974.502201555063948 ], [ 3959597.711993530858308, 880011.926718903938308 ], [ 3959597.711993530858308, 880049.351236252812669 ], [ 3959597.711993530858308, 880086.775753601687029 ], [ 3959597.711993530858308, 880124.200270950561389 ], [ 3959597.711993530858308, 880161.62478829943575 ], [ 3959597.711993530858308, 880199.04930564831011 ], [ 3959597.711993530858308, 880236.47382299718447 ], [ 3959597.711993530858308, 880273.898340346058831 ], [ 3959597.711993530858308, 880311.322857694933191 ], [ 3959597.711993530858308, 880348.747375043807551 ], [ 3959571.248863530810922, 880375.210505043854937 ], [ 3959533.824346181936562, 880375.210505043854937 ], [ 3959496.399828833062202, 880375.210505043854937 ], [ 3959458.975311484187841, 880375.210505043854937 ], [ 3959421.550794135313481, 880375.210505043854937 ], [ 3959421.550794135313481, 880412.635022392729297 ], [ 3959421.550794135313481, 880450.059539741603658 ], [ 3959421.550794135313481, 880487.484057090478018 ], [ 3959421.550794135313481, 880524.908574439352378 ], [ 3959421.550794135313481, 880562.333091788226739 ], [ 3959421.550794135313481, 880599.757609137101099 ], [ 3959421.550794135313481, 880637.182126485975459 ], [ 3959421.550794135313481, 880674.60664383484982 ], [ 3959421.550794135313481, 880712.03116118372418 ], [ 3959421.550794135313481, 880749.45567853259854 ], [ 3959421.550794135313481, 880786.880195881472901 ], [ 3959398.86791937565431, 880815.965200934326276 ], [ 3959398.86791937565431, 880853.389718283200637 ], [ 3959398.86791937565431, 880890.814235632074997 ], [ 3959398.86791937565431, 880928.238752980949357 ], [ 3959398.86791937565431, 880965.663270329823717 ], [ 3959398.86791937565431, 881003.087787678698078 ], [ 3959372.404789375606924, 881029.550917678745463 ], [ 3959334.980272026732564, 881029.550917678745463 ], [ 3959297.555754677858204, 881029.550917678745463 ], [ 3959260.131237328983843, 881029.550917678745463 ], [ 3959260.131237328983843, 881066.975435027619824 ], [ 3959260.131237328983843, 881104.399952376494184 ], [ 3959260.131237328983843, 881141.824469725368544 ], [ 3959260.131237328983843, 881179.248987074242905 ], [ 3959260.131237328983843, 881216.673504423117265 ], [ 3959260.131237328983843, 881254.098021771991625 ], [ 3959260.131237328983843, 881291.522539120865986 ], [ 3959260.131237328983843, 881328.947056469740346 ], [ 3959233.668107328936458, 881355.410186469787732 ], [ 3959196.243589980062097, 881355.410186469787732 ], [ 3959158.819072631187737, 881355.410186469787732 ], [ 3959121.394555282313377, 881355.410186469787732 ], [ 3959083.970037933439016, 881355.410186469787732 ], [ 3959083.970037933439016, 881392.834703818662092 ], [ 3959083.970037933439016, 881430.259221167536452 ], [ 3959083.970037933439016, 881467.683738516410813 ], [ 3959083.970037933439016, 881505.108255865285173 ], [ 3959083.970037933439016, 881542.532773214159533 ], [ 3959083.970037933439016, 881579.957290563033894 ], [ 3959083.970037933439016, 881617.381807911908254 ], [ 3959083.970037933439016, 881654.806325260782614 ], [ 3959083.970037933439016, 881692.230842609656975 ], [ 3959046.545520584564656, 881692.230842609656975 ], [ 3959009.121003235690296, 881692.230842609656975 ], [ 3958971.696485886815935, 881692.230842609656975 ], [ 3958934.271968537941575, 881692.230842609656975 ], [ 3958934.271968537941575, 881729.655359958531335 ], [ 3958934.271968537941575, 881767.079877307405695 ], [ 3958934.271968537941575, 881804.504394656280056 ], [ 3958934.271968537941575, 881841.928912005154416 ], [ 3958934.271968537941575, 881879.353429354028776 ], [ 3958934.271968537941575, 881916.777946702903137 ], [ 3958934.271968537941575, 881954.202464051777497 ], [ 3958934.271968537941575, 881991.626981400651857 ], [ 3958907.808838537894189, 882018.090111400699243 ], [ 3958870.384321189019829, 882018.090111400699243 ], [ 3958832.959803840145469, 882018.090111400699243 ], [ 3958795.535286491271108, 882018.090111400699243 ], [ 3958758.110769142396748, 882018.090111400699243 ], [ 3958720.686251793522388, 882018.090111400699243 ], [ 3958683.261734444648027, 882018.090111400699243 ], [ 3958645.837217095773667, 882018.090111400699243 ], [ 3958608.412699746899307, 882018.090111400699243 ], [ 3958570.988182398024946, 882018.090111400699243 ], [ 3958533.563665049150586, 882018.090111400699243 ], [ 3958496.139147700276226, 882018.090111400699243 ], [ 3958458.714630351401865, 882018.090111400699243 ], [ 3958421.290113002527505, 882018.090111400699243 ], [ 3958394.826983002480119, 881991.626981400651857 ], [ 3958394.826983002480119, 881954.202464051777497 ], [ 3958394.826983002480119, 881916.777946702903137 ], [ 3958394.826983002480119, 881879.353429354028776 ], [ 3958394.826983002480119, 881841.928912005154416 ], [ 3958394.826983002480119, 881804.504394656280056 ], [ 3958394.826983002480119, 881767.079877307405695 ], [ 3958394.826983002480119, 881729.655359958531335 ], [ 3958394.826983002480119, 881692.230842609656975 ], [ 3958357.402465653605759, 881692.230842609656975 ], [ 3958319.977948304731399, 881692.230842609656975 ], [ 3958282.553430955857038, 881692.230842609656975 ], [ 3958256.090300955809653, 881665.767712609609589 ], [ 3958256.090300955809653, 881628.343195260735229 ], [ 3958256.090300955809653, 881590.918677911860868 ], [ 3958256.090300955809653, 881553.494160562986508 ], [ 3958229.627170955762267, 881527.031030562939122 ], [ 3958192.202653606887907, 881527.031030562939122 ], [ 3958154.778136258013546, 881527.031030562939122 ], [ 3958117.353618909139186, 881527.031030562939122 ], [ 3958090.8904889090918, 881500.567900562891737 ], [ 3958090.8904889090918, 881463.143383214017376 ], [ 3958090.8904889090918, 881425.718865865143016 ], [ 3958090.8904889090918, 881388.294348516268656 ], [ 3958064.427358909044415, 881361.83121851622127 ], [ 3958027.002841560170054, 881361.83121851622127 ], [ 3957989.578324211295694, 881361.83121851622127 ], [ 3957952.153806862421334, 881361.83121851622127 ], [ 3957914.729289513546973, 881361.83121851622127 ], [ 3957914.729289513546973, 881324.40670116734691 ], [ 3957914.729289513546973, 881286.982183818472549 ], [ 3957914.729289513546973, 881249.557666469598189 ], [ 3957914.729289513546973, 881212.133149120723829 ], [ 3957877.304772164672613, 881212.133149120723829 ], [ 3957839.880254815798253, 881212.133149120723829 ], [ 3957802.455737466923892, 881212.133149120723829 ], [ 3957765.031220118049532, 881212.133149120723829 ], [ 3957738.568090118002146, 881185.670019120676443 ], [ 3957738.568090118002146, 881148.245501771802083 ], [ 3957738.568090118002146, 881110.820984422927722 ], [ 3957738.568090118002146, 881073.396467074053362 ], [ 3957738.568090118002146, 881035.971949725179002 ], [ 3957701.143572769127786, 881035.971949725179002 ], [ 3957663.719055420253426, 881035.971949725179002 ], [ 3957626.294538071379066, 881035.971949725179002 ], [ 3957588.870020722504705, 881035.971949725179002 ], [ 3957551.445503373630345, 881035.971949725179002 ], [ 3957514.020986024755985, 881035.971949725179002 ], [ 3957476.596468675881624, 881035.971949725179002 ], [ 3957439.171951327007264, 881035.971949725179002 ], [ 3957439.171951327007264, 880998.547432376304641 ], [ 3957439.171951327007264, 880961.122915027430281 ], [ 3957439.171951327007264, 880923.698397678555921 ], [ 3957439.171951327007264, 880886.27388032968156 ], [ 3957412.708821326959878, 880859.810750329634175 ], [ 3957375.284303978085518, 880859.810750329634175 ], [ 3957337.859786629211158, 880859.810750329634175 ], [ 3957300.435269280336797, 880859.810750329634175 ], [ 3957263.010751931462437, 880859.810750329634175 ], [ 3957225.586234582588077, 880859.810750329634175 ], [ 3957188.161717233713716, 880859.810750329634175 ], [ 3957150.737199884839356, 880859.810750329634175 ], [ 3957113.312682535964996, 880859.810750329634175 ], [ 3957075.888165187090635, 880859.810750329634175 ], [ 3957038.463647838216275, 880859.810750329634175 ], [ 3957001.039130489341915, 880859.810750329634175 ], [ 3956963.614613140467554, 880859.810750329634175 ], [ 3956937.151483140420169, 880833.347620329586789 ], [ 3956937.151483140420169, 880795.923102980712429 ], [ 3956937.151483140420169, 880758.498585631838068 ], [ 3956937.151483140420169, 880721.074068282963708 ], [ 3956910.688353140372783, 880694.610938282916322 ], [ 3956873.263835791498423, 880694.610938282916322 ], [ 3956835.839318442624062, 880694.610938282916322 ], [ 3956798.414801093749702, 880694.610938282916322 ], [ 3956771.951671093702316, 880668.147808282868937 ], [ 3956771.951671093702316, 880630.723290933994576 ], [ 3956771.951671093702316, 880593.298773585120216 ], [ 3956771.951671093702316, 880555.874256236245856 ], [ 3956745.488541093654931, 880529.41112623619847 ], [ 3956708.06402374478057, 880529.41112623619847 ], [ 3956670.63950639590621, 880529.41112623619847 ], [ 3956633.21498904703185, 880529.41112623619847 ], [ 3956595.790471698157489, 880529.41112623619847 ], [ 3956558.365954349283129, 880529.41112623619847 ], [ 3956520.941437000408769, 880529.41112623619847 ], [ 3956483.516919651534408, 880529.41112623619847 ], [ 3956446.092402302660048, 880529.41112623619847 ], [ 3956408.667884953785688, 880529.41112623619847 ], [ 3956371.243367604911327, 880529.41112623619847 ], [ 3956333.818850256036967, 880529.41112623619847 ], [ 3956296.394332907162607, 880529.41112623619847 ], [ 3956296.394332907162607, 880566.83564358507283 ], [ 3956296.394332907162607, 880604.260160933947191 ], [ 3956296.394332907162607, 880641.684678282821551 ], [ 3956296.394332907162607, 880679.109195631695911 ], [ 3956269.931202907115221, 880705.572325631743297 ], [ 3956232.506685558240861, 880705.572325631743297 ], [ 3956195.0821682093665, 880705.572325631743297 ], [ 3956157.65765086049214, 880705.572325631743297 ], [ 3956120.23313351161778, 880705.572325631743297 ], [ 3956082.808616162743419, 880705.572325631743297 ], [ 3956045.384098813869059, 880705.572325631743297 ], [ 3956007.959581464994699, 880705.572325631743297 ], [ 3955970.535064116120338, 880705.572325631743297 ], [ 3955933.110546767245978, 880705.572325631743297 ], [ 3955895.686029418371618, 880705.572325631743297 ], [ 3955858.261512069497257, 880705.572325631743297 ], [ 3955820.836994720622897, 880705.572325631743297 ], [ 3955783.412477371748537, 880705.572325631743297 ], [ 3955745.987960022874177, 880705.572325631743297 ], [ 3955708.563442673999816, 880705.572325631743297 ], [ 3955671.138925325125456, 880705.572325631743297 ], [ 3955633.714407976251096, 880705.572325631743297 ], [ 3955596.289890627376735, 880705.572325631743297 ], [ 3955558.865373278502375, 880705.572325631743297 ], [ 3955521.440855929628015, 880705.572325631743297 ], [ 3955484.016338580753654, 880705.572325631743297 ], [ 3955446.591821231879294, 880705.572325631743297 ], [ 3955446.591821231879294, 880668.147808282868937 ], [ 3955446.591821231879294, 880630.723290933994576 ], [ 3955446.591821231879294, 880593.298773585120216 ], [ 3955446.591821231879294, 880555.874256236245856 ], [ 3955420.128691231831908, 880529.41112623619847 ], [ 3955382.704173882957548, 880529.41112623619847 ], [ 3955345.279656534083188, 880529.41112623619847 ], [ 3955307.855139185208827, 880529.41112623619847 ], [ 3955281.392009185161442, 880502.947996236151084 ], [ 3955281.392009185161442, 880465.523478887276724 ], [ 3955281.392009185161442, 880428.098961538402364 ], [ 3955281.392009185161442, 880390.674444189528003 ], [ 3955254.928879185114056, 880364.211314189480618 ], [ 3955217.504361836239696, 880364.211314189480618 ], [ 3955180.079844487365335, 880364.211314189480618 ], [ 3955142.655327138490975, 880364.211314189480618 ], [ 3955116.192197138443589, 880337.748184189433232 ], [ 3955116.192197138443589, 880300.323666840558872 ], [ 3955116.192197138443589, 880262.899149491684511 ], [ 3955116.192197138443589, 880225.474632142810151 ], [ 3955089.729067138396204, 880199.011502142762765 ], [ 3955052.304549789521843, 880199.011502142762765 ], [ 3955014.880032440647483, 880199.011502142762765 ], [ 3954977.455515091773123, 880199.011502142762765 ], [ 3954940.030997742898762, 880199.011502142762765 ], [ 3954902.606480394024402, 880199.011502142762765 ], [ 3954865.181963045150042, 880199.011502142762765 ], [ 3954827.757445696275681, 880199.011502142762765 ], [ 3954790.332928347401321, 880199.011502142762765 ], [ 3954790.332928347401321, 880161.586984793888405 ], [ 3954790.332928347401321, 880124.162467445014045 ], [ 3954790.332928347401321, 880086.737950096139684 ], [ 3954790.332928347401321, 880049.313432747265324 ], [ 3954752.908410998526961, 880049.313432747265324 ], [ 3954715.4838936496526, 880049.313432747265324 ], [ 3954678.05937630077824, 880049.313432747265324 ], [ 3954640.63485895190388, 880049.313432747265324 ], [ 3954603.210341603029519, 880049.313432747265324 ], [ 3954565.785824254155159, 880049.313432747265324 ], [ 3954528.361306905280799, 880049.313432747265324 ], [ 3954490.936789556406438, 880049.313432747265324 ], [ 3954453.512272207532078, 880049.313432747265324 ], [ 3954416.087754858657718, 880049.313432747265324 ], [ 3954378.663237509783357, 880049.313432747265324 ], [ 3954341.238720160908997, 880049.313432747265324 ], [ 3954314.775590160861611, 880022.850302747217938 ], [ 3954314.775590160861611, 879985.425785398343578 ], [ 3954314.775590160861611, 879948.001268049469218 ], [ 3954314.775590160861611, 879910.576750700594857 ], [ 3954314.775590160861611, 879873.152233351720497 ], [ 3954314.775590160861611, 879835.727716002846137 ], [ 3954314.775590160861611, 879798.303198653971776 ], [ 3954314.775590160861611, 879760.878681305097416 ], [ 3954314.775590160861611, 879723.454163956223056 ], [ 3954277.351072811987251, 879723.454163956223056 ], [ 3954239.926555463112891, 879723.454163956223056 ], [ 3954202.50203811423853, 879723.454163956223056 ], [ 3954165.07752076536417, 879723.454163956223056 ], [ 3954127.65300341648981, 879723.454163956223056 ], [ 3954090.228486067615449, 879723.454163956223056 ], [ 3954052.803968718741089, 879723.454163956223056 ], [ 3954015.379451369866729, 879723.454163956223056 ], [ 3953977.954934020992368, 879723.454163956223056 ], [ 3953940.530416672118008, 879723.454163956223056 ], [ 3953903.105899323243648, 879723.454163956223056 ], [ 3953865.681381974369287, 879723.454163956223056 ], [ 3953828.256864625494927, 879723.454163956223056 ], [ 3953790.832347276620567, 879723.454163956223056 ], [ 3953753.407829927746207, 879723.454163956223056 ], [ 3953715.983312578871846, 879723.454163956223056 ], [ 3953678.558795229997486, 879723.454163956223056 ], [ 3953641.134277881123126, 879723.454163956223056 ], [ 3953603.709760532248765, 879723.454163956223056 ], [ 3953566.285243183374405, 879723.454163956223056 ], [ 3953528.860725834500045, 879723.454163956223056 ], [ 3953491.436208485625684, 879723.454163956223056 ], [ 3953454.011691136751324, 879723.454163956223056 ], [ 3953416.587173787876964, 879723.454163956223056 ], [ 3953379.162656439002603, 879723.454163956223056 ], [ 3953341.738139090128243, 879723.454163956223056 ], [ 3953304.313621741253883, 879723.454163956223056 ], [ 3953266.889104392379522, 879723.454163956223056 ], [ 3953229.464587043505162, 879723.454163956223056 ], [ 3953192.040069694630802, 879723.454163956223056 ], [ 3953154.615552345756441, 879723.454163956223056 ], [ 3953117.191034996882081, 879723.454163956223056 ], [ 3953079.766517648007721, 879723.454163956223056 ], [ 3953042.34200029913336, 879723.454163956223056 ], [ 3953004.917482950259, 879723.454163956223056 ], [ 3952967.49296560138464, 879723.454163956223056 ], [ 3952930.068448252510279, 879723.454163956223056 ], [ 3952892.643930903635919, 879723.454163956223056 ], [ 3952855.219413554761559, 879723.454163956223056 ], [ 3952817.794896205887198, 879723.454163956223056 ], [ 3952780.370378857012838, 879723.454163956223056 ], [ 3952742.945861508138478, 879723.454163956223056 ], [ 3952705.521344159264117, 879723.454163956223056 ], [ 3952668.096826810389757, 879723.454163956223056 ], [ 3952630.672309461515397, 879723.454163956223056 ], [ 3952593.247792112641037, 879723.454163956223056 ], [ 3952555.823274763766676, 879723.454163956223056 ], [ 3952518.398757414892316, 879723.454163956223056 ], [ 3952480.974240066017956, 879723.454163956223056 ], [ 3952443.549722717143595, 879723.454163956223056 ], [ 3952406.125205368269235, 879723.454163956223056 ], [ 3952368.700688019394875, 879723.454163956223056 ], [ 3952331.276170670520514, 879723.454163956223056 ], [ 3952293.851653321646154, 879723.454163956223056 ], [ 3952256.427135972771794, 879723.454163956223056 ], [ 3952219.002618623897433, 879723.454163956223056 ], [ 3952181.578101275023073, 879723.454163956223056 ], [ 3952144.153583926148713, 879723.454163956223056 ], [ 3952106.729066577274352, 879723.454163956223056 ], [ 3952069.304549228399992, 879723.454163956223056 ], [ 3952031.880031879525632, 879723.454163956223056 ], [ 3951994.455514530651271, 879723.454163956223056 ], [ 3951957.030997181776911, 879723.454163956223056 ], [ 3951919.606479832902551, 879723.454163956223056 ], [ 3951882.18196248402819, 879723.454163956223056 ], [ 3951844.75744513515383, 879723.454163956223056 ], [ 3951807.33292778627947, 879723.454163956223056 ], [ 3951769.908410437405109, 879723.454163956223056 ], [ 3951732.483893088530749, 879723.454163956223056 ], [ 3951695.059375739656389, 879723.454163956223056 ], [ 3951695.059375739656389, 879760.878681305097416 ], [ 3951695.059375739656389, 879798.303198653971776 ], [ 3951695.059375739656389, 879835.727716002846137 ], [ 3951695.059375739656389, 879873.152233351720497 ], [ 3951657.634858390782028, 879873.152233351720497 ], [ 3951620.210341041907668, 879873.152233351720497 ], [ 3951582.785823693033308, 879873.152233351720497 ], [ 3951545.361306344158947, 879873.152233351720497 ], [ 3951507.936788995284587, 879873.152233351720497 ], [ 3951470.512271646410227, 879873.152233351720497 ], [ 3951433.087754297535866, 879873.152233351720497 ], [ 3951395.663236948661506, 879873.152233351720497 ], [ 3951358.238719599787146, 879873.152233351720497 ], [ 3951358.238719599787146, 879910.576750700594857 ], [ 3951358.238719599787146, 879948.001268049469218 ], [ 3951358.238719599787146, 879985.425785398343578 ], [ 3951358.238719599787146, 880022.850302747217938 ], [ 3951331.77558959973976, 880049.313432747265324 ], [ 3951294.3510722508654, 880049.313432747265324 ], [ 3951256.92655490199104, 880049.313432747265324 ], [ 3951219.502037553116679, 880049.313432747265324 ], [ 3951182.077520204242319, 880049.313432747265324 ], [ 3951144.653002855367959, 880049.313432747265324 ], [ 3951107.228485506493598, 880049.313432747265324 ], [ 3951069.803968157619238, 880049.313432747265324 ], [ 3951032.379450808744878, 880049.313432747265324 ], [ 3950994.954933459870517, 880049.313432747265324 ], [ 3950957.530416110996157, 880049.313432747265324 ], [ 3950920.105898762121797, 880049.313432747265324 ], [ 3950882.681381413247436, 880049.313432747265324 ], [ 3950845.256864064373076, 880049.313432747265324 ], [ 3950807.832346715498716, 880049.313432747265324 ], [ 3950770.407829366624355, 880049.313432747265324 ], [ 3950732.983312017749995, 880049.313432747265324 ], [ 3950695.558794668875635, 880049.313432747265324 ], [ 3950695.558794668875635, 880086.737950096139684 ], [ 3950695.558794668875635, 880124.162467445014045 ], [ 3950695.558794668875635, 880161.586984793888405 ], [ 3950695.558794668875635, 880199.011502142762765 ], [ 3950658.134277320001274, 880199.011502142762765 ], [ 3950620.709759971126914, 880199.011502142762765 ], [ 3950583.285242622252554, 880199.011502142762765 ], [ 3950545.860725273378193, 880199.011502142762765 ], [ 3950545.860725273378193, 880236.436019491637126 ], [ 3950545.860725273378193, 880273.860536840511486 ], [ 3950545.860725273378193, 880311.285054189385846 ], [ 3950545.860725273378193, 880348.709571538260207 ], [ 3950519.397595273330808, 880375.172701538307592 ], [ 3950481.973077924456447, 880375.172701538307592 ], [ 3950444.548560575582087, 880375.172701538307592 ], [ 3950407.124043226707727, 880375.172701538307592 ], [ 3950369.699525877833366, 880375.172701538307592 ], [ 3950332.275008528959006, 880375.172701538307592 ], [ 3950294.850491180084646, 880375.172701538307592 ], [ 3950257.425973831210285, 880375.172701538307592 ], [ 3950220.001456482335925, 880375.172701538307592 ], [ 3950182.576939133461565, 880375.172701538307592 ], [ 3950145.152421784587204, 880375.172701538307592 ], [ 3950107.727904435712844, 880375.172701538307592 ], [ 3950070.303387086838484, 880375.172701538307592 ], [ 3950032.878869737964123, 880375.172701538307592 ], [ 3950032.878869737964123, 880412.597218887181953 ], [ 3950032.878869737964123, 880450.021736236056313 ], [ 3950032.878869737964123, 880487.446253584930673 ], [ 3950032.878869737964123, 880524.870770933805034 ], [ 3950006.415739737916738, 880551.333900933852419 ], [ 3949968.991222389042377, 880551.333900933852419 ], [ 3949931.566705040168017, 880551.333900933852419 ], [ 3949894.142187691293657, 880551.333900933852419 ], [ 3949894.142187691293657, 880588.75841828272678 ], [ 3949894.142187691293657, 880626.18293563160114 ], [ 3949894.142187691293657, 880663.6074529804755 ], [ 3949894.142187691293657, 880701.031970329349861 ], [ 3949856.717670342419297, 880701.031970329349861 ], [ 3949819.293152993544936, 880701.031970329349861 ], [ 3949781.868635644670576, 880701.031970329349861 ], [ 3949744.444118295796216, 880701.031970329349861 ], [ 3949707.019600946921855, 880701.031970329349861 ], [ 3949669.595083598047495, 880701.031970329349861 ], [ 3949632.170566249173135, 880701.031970329349861 ], [ 3949594.746048900298774, 880701.031970329349861 ], [ 3949557.321531551424414, 880701.031970329349861 ], [ 3949519.897014202550054, 880701.031970329349861 ], [ 3949482.472496853675693, 880701.031970329349861 ], [ 3949445.047979504801333, 880701.031970329349861 ], [ 3949407.623462155926973, 880701.031970329349861 ], [ 3949370.198944807052612, 880701.031970329349861 ], [ 3949343.735814807005227, 880674.568840329302475 ], [ 3949343.735814807005227, 880637.144322980428115 ], [ 3949343.735814807005227, 880599.719805631553754 ], [ 3949343.735814807005227, 880562.295288282679394 ], [ 3949317.272684806957841, 880535.832158282632008 ], [ 3949279.848167458083481, 880535.832158282632008 ], [ 3949242.42365010920912, 880535.832158282632008 ], [ 3949204.99913276033476, 880535.832158282632008 ], [ 3949204.99913276033476, 880498.407640933757648 ], [ 3949204.99913276033476, 880460.983123584883288 ], [ 3949204.99913276033476, 880423.558606236008927 ], [ 3949204.99913276033476, 880386.134088887134567 ], [ 3949167.5746154114604, 880386.134088887134567 ], [ 3949130.150098062586039, 880386.134088887134567 ], [ 3949092.725580713711679, 880386.134088887134567 ], [ 3949055.301063364837319, 880386.134088887134567 ], [ 3949028.837933364789933, 880359.670958887087181 ], [ 3949028.837933364789933, 880322.246441538212821 ], [ 3949028.837933364789933, 880284.821924189338461 ], [ 3949028.837933364789933, 880247.3974068404641 ], [ 3949028.837933364789933, 880209.97288949158974 ], [ 3949028.837933364789933, 880172.54837214271538 ], [ 3949028.837933364789933, 880135.123854793841019 ], [ 3949028.837933364789933, 880097.699337444966659 ], [ 3949028.837933364789933, 880060.274820096092299 ], [ 3949002.374803364742547, 880033.811690096044913 ], [ 3948964.950286015868187, 880033.811690096044913 ], [ 3948927.525768666993827, 880033.811690096044913 ], [ 3948890.101251318119466, 880033.811690096044913 ], [ 3948890.101251318119466, 879996.387172747170553 ], [ 3948890.101251318119466, 879958.962655398296192 ], [ 3948890.101251318119466, 879921.538138049421832 ], [ 3948890.101251318119466, 879884.113620700547472 ], [ 3948852.676733969245106, 879884.113620700547472 ], [ 3948815.252216620370746, 879884.113620700547472 ], [ 3948777.827699271496385, 879884.113620700547472 ], [ 3948740.403181922622025, 879884.113620700547472 ], [ 3948702.978664573747665, 879884.113620700547472 ], [ 3948702.978664573747665, 879846.689103351673111 ], [ 3948702.978664573747665, 879809.264586002798751 ], [ 3948702.978664573747665, 879771.840068653924391 ], [ 3948702.978664573747665, 879734.41555130505003 ], [ 3948702.978664573747665, 879696.99103395617567 ], [ 3948702.978664573747665, 879659.56651660730131 ], [ 3948702.978664573747665, 879622.141999258426949 ], [ 3948702.978664573747665, 879584.717481909552589 ], [ 3948702.978664573747665, 879547.292964560678229 ], [ 3948665.554147224873304, 879547.292964560678229 ], [ 3948628.129629875998944, 879547.292964560678229 ], [ 3948590.705112527124584, 879547.292964560678229 ], [ 3948553.280595178250223, 879547.292964560678229 ], [ 3948526.817465178202838, 879520.829834560630843 ], [ 3948526.817465178202838, 879483.405317211756483 ], [ 3948526.817465178202838, 879445.980799862882122 ], [ 3948526.817465178202838, 879408.556282514007762 ], [ 3948526.817465178202838, 879371.131765165133402 ], [ 3948489.392947829328477, 879371.131765165133402 ], [ 3948451.968430480454117, 879371.131765165133402 ], [ 3948414.543913131579757, 879371.131765165133402 ], [ 3948388.080783131532371, 879344.668635165086016 ], [ 3948388.080783131532371, 879307.244117816211656 ], [ 3948388.080783131532371, 879269.819600467337295 ], [ 3948388.080783131532371, 879232.395083118462935 ], [ 3948388.080783131532371, 879194.970565769588575 ], [ 3948388.080783131532371, 879157.546048420714214 ], [ 3948388.080783131532371, 879120.121531071839854 ], [ 3948388.080783131532371, 879082.697013722965494 ], [ 3948388.080783131532371, 879045.272496374091133 ], [ 3948350.656265782658011, 879045.272496374091133 ], [ 3948313.23174843378365, 879045.272496374091133 ], [ 3948275.80723108490929, 879045.272496374091133 ], [ 3948238.38271373603493, 879045.272496374091133 ], [ 3948211.919583735987544, 879018.809366374043748 ], [ 3948211.919583735987544, 878981.384849025169387 ], [ 3948211.919583735987544, 878943.960331676295027 ], [ 3948211.919583735987544, 878906.535814327420667 ], [ 3948211.919583735987544, 878869.111296978546306 ], [ 3948211.919583735987544, 878831.686779629671946 ], [ 3948211.919583735987544, 878794.262262280797586 ], [ 3948211.919583735987544, 878756.837744931923226 ], [ 3948211.919583735987544, 878719.413227583048865 ], [ 3948174.495066387113184, 878719.413227583048865 ], [ 3948137.070549038238823, 878719.413227583048865 ], [ 3948099.646031689364463, 878719.413227583048865 ], [ 3948062.221514340490103, 878719.413227583048865 ], [ 3948062.221514340490103, 878681.988710234174505 ], [ 3948062.221514340490103, 878644.564192885300145 ], [ 3948062.221514340490103, 878607.139675536425784 ], [ 3948062.221514340490103, 878569.715158187551424 ], [ 3948062.221514340490103, 878532.290640838677064 ], [ 3948062.221514340490103, 878494.866123489802703 ], [ 3948062.221514340490103, 878457.441606140928343 ], [ 3948062.221514340490103, 878420.017088792053983 ], [ 3948062.221514340490103, 878382.592571443179622 ], [ 3948024.796996991615742, 878382.592571443179622 ], [ 3947987.372479642741382, 878382.592571443179622 ], [ 3947949.947962293867022, 878382.592571443179622 ], [ 3947912.523444944992661, 878382.592571443179622 ], [ 3947886.060314944945276, 878356.129441443132237 ], [ 3947886.060314944945276, 878318.704924094257876 ], [ 3947886.060314944945276, 878281.280406745383516 ], [ 3947886.060314944945276, 878243.855889396509156 ], [ 3947886.060314944945276, 878206.431372047634795 ], [ 3947886.060314944945276, 878169.006854698760435 ], [ 3947886.060314944945276, 878131.582337349886075 ], [ 3947886.060314944945276, 878094.157820001011714 ], [ 3947886.060314944945276, 878056.733302652137354 ], [ 3947886.060314944945276, 878019.308785303262994 ], [ 3947886.060314944945276, 877981.884267954388633 ], [ 3947886.060314944945276, 877944.459750605514273 ], [ 3947886.060314944945276, 877907.035233256639913 ], [ 3947859.59718494489789, 877880.572103256592527 ], [ 3947822.17266759602353, 877880.572103256592527 ], [ 3947784.748150247149169, 877880.572103256592527 ], [ 3947747.323632898274809, 877880.572103256592527 ], [ 3947720.860502898227423, 877854.108973256545141 ], [ 3947720.860502898227423, 877816.684455907670781 ], [ 3947720.860502898227423, 877779.259938558796421 ], [ 3947720.860502898227423, 877741.83542120992206 ], [ 3947720.860502898227423, 877704.4109038610477 ], [ 3947720.860502898227423, 877666.98638651217334 ], [ 3947720.860502898227423, 877629.561869163298979 ], [ 3947720.860502898227423, 877592.137351814424619 ], [ 3947720.860502898227423, 877554.712834465550259 ], [ 3947683.435985549353063, 877554.712834465550259 ], [ 3947646.011468200478703, 877554.712834465550259 ], [ 3947608.586950851604342, 877554.712834465550259 ], [ 3947571.162433502729982, 877554.712834465550259 ], [ 3947544.699303502682596, 877528.249704465502873 ], [ 3947544.699303502682596, 877490.825187116628513 ], [ 3947544.699303502682596, 877453.400669767754152 ], [ 3947544.699303502682596, 877415.976152418879792 ], [ 3947544.699303502682596, 877378.551635070005432 ], [ 3947544.699303502682596, 877341.127117721131071 ], [ 3947544.699303502682596, 877303.702600372256711 ], [ 3947544.699303502682596, 877266.278083023382351 ], [ 3947544.699303502682596, 877228.85356567450799 ], [ 3947544.699303502682596, 877191.42904832563363 ], [ 3947544.699303502682596, 877154.00453097675927 ], [ 3947544.699303502682596, 877116.58001362788491 ], [ 3947544.699303502682596, 877079.155496279010549 ], [ 3947507.274786153808236, 877079.155496279010549 ], [ 3947469.850268804933876, 877079.155496279010549 ], [ 3947432.425751456059515, 877079.155496279010549 ], [ 3947405.96262145601213, 877052.692366278963163 ], [ 3947405.96262145601213, 877015.267848930088803 ], [ 3947405.96262145601213, 876977.843331581214443 ], [ 3947405.96262145601213, 876940.418814232340083 ], [ 3947405.96262145601213, 876902.994296883465722 ], [ 3947405.96262145601213, 876865.569779534591362 ], [ 3947405.96262145601213, 876828.145262185717002 ], [ 3947405.96262145601213, 876790.720744836842641 ], [ 3947405.96262145601213, 876753.296227487968281 ], [ 3947379.499491455964744, 876726.833097487920895 ], [ 3947342.074974107090384, 876726.833097487920895 ], [ 3947304.650456758216023, 876726.833097487920895 ], [ 3947267.225939409341663, 876726.833097487920895 ], [ 3947229.801422060467303, 876726.833097487920895 ], [ 3947203.338292060419917, 876700.36996748787351 ], [ 3947203.338292060419917, 876662.945450138999149 ], [ 3947203.338292060419917, 876625.520932790124789 ], [ 3947203.338292060419917, 876588.096415441250429 ], [ 3947176.875162060372531, 876561.633285441203043 ], [ 3947139.450644711498171, 876561.633285441203043 ], [ 3947102.026127362623811, 876561.633285441203043 ], [ 3947064.60161001374945, 876561.633285441203043 ], [ 3947064.60161001374945, 876524.208768092328683 ], [ 3947064.60161001374945, 876486.784250743454322 ], [ 3947064.60161001374945, 876449.359733394579962 ], [ 3947064.60161001374945, 876411.935216045705602 ], [ 3947064.60161001374945, 876374.510698696831241 ], [ 3947064.60161001374945, 876337.086181347956881 ], [ 3947064.60161001374945, 876299.661663999082521 ], [ 3947064.60161001374945, 876262.23714665020816 ], [ 3947038.138480013702065, 876235.774016650160775 ], [ 3947000.713962664827704, 876235.774016650160775 ], [ 3946963.289445315953344, 876235.774016650160775 ], [ 3946925.864927967078984, 876235.774016650160775 ], [ 3946899.401797967031598, 876209.310886650113389 ], [ 3946899.401797967031598, 876171.886369301239029 ], [ 3946899.401797967031598, 876134.461851952364668 ], [ 3946899.401797967031598, 876097.037334603490308 ], [ 3946872.938667966984212, 876070.574204603442922 ], [ 3946835.514150618109852, 876070.574204603442922 ], [ 3946798.089633269235492, 876070.574204603442922 ], [ 3946760.665115920361131, 876070.574204603442922 ], [ 3946734.201985920313746, 876044.111074603395537 ], [ 3946734.201985920313746, 876006.686557254521176 ], [ 3946734.201985920313746, 875969.262039905646816 ], [ 3946734.201985920313746, 875931.837522556772456 ], [ 3946734.201985920313746, 875894.413005207898095 ], [ 3946734.201985920313746, 875856.988487859023735 ], [ 3946734.201985920313746, 875819.563970510149375 ], [ 3946734.201985920313746, 875782.139453161275014 ], [ 3946734.201985920313746, 875744.714935812400654 ], [ 3946696.777468571439385, 875744.714935812400654 ], [ 3946659.352951222565025, 875744.714935812400654 ], [ 3946621.928433873690665, 875744.714935812400654 ], [ 3946584.503916524816304, 875744.714935812400654 ], [ 3946584.503916524816304, 875707.290418463526294 ], [ 3946584.503916524816304, 875669.865901114651933 ], [ 3946584.503916524816304, 875632.441383765777573 ], [ 3946584.503916524816304, 875595.016866416903213 ], [ 3946584.503916524816304, 875557.592349068028852 ], [ 3946584.503916524816304, 875520.167831719154492 ], [ 3946584.503916524816304, 875482.743314370280132 ], [ 3946584.503916524816304, 875445.318797021405771 ], [ 3946584.503916524816304, 875407.894279672531411 ], [ 3946547.079399175941944, 875407.894279672531411 ], [ 3946509.654881827067584, 875407.894279672531411 ], [ 3946472.230364478193223, 875407.894279672531411 ], [ 3946434.805847129318863, 875407.894279672531411 ], [ 3946397.381329780444503, 875407.894279672531411 ], [ 3946397.381329780444503, 875370.469762323657051 ], [ 3946397.381329780444503, 875333.04524497478269 ], [ 3946397.381329780444503, 875295.62072762590833 ], [ 3946397.381329780444503, 875258.19621027703397 ], [ 3946359.956812431570143, 875258.19621027703397 ], [ 3946322.532295082695782, 875258.19621027703397 ], [ 3946285.107777733821422, 875258.19621027703397 ], [ 3946247.683260384947062, 875258.19621027703397 ], [ 3946221.220130384899676, 875231.733080276986584 ], [ 3946221.220130384899676, 875194.308562928112224 ], [ 3946221.220130384899676, 875156.884045579237863 ], [ 3946221.220130384899676, 875119.459528230363503 ], [ 3946221.220130384899676, 875082.035010881489143 ], [ 3946183.795613036025316, 875082.035010881489143 ], [ 3946146.371095687150955, 875082.035010881489143 ], [ 3946108.946578338276595, 875082.035010881489143 ], [ 3946082.483448338229209, 875055.571880881441757 ], [ 3946082.483448338229209, 875018.147363532567397 ], [ 3946082.483448338229209, 874980.722846183693036 ], [ 3946082.483448338229209, 874943.298328834818676 ], [ 3946082.483448338229209, 874905.873811485944316 ], [ 3946045.058930989354849, 874905.873811485944316 ], [ 3946007.634413640480489, 874905.873811485944316 ], [ 3945970.209896291606128, 874905.873811485944316 ], [ 3945932.785378942731768, 874905.873811485944316 ], [ 3945906.322248942684382, 874879.41068148589693 ], [ 3945906.322248942684382, 874841.98616413702257 ], [ 3945906.322248942684382, 874804.561646788148209 ], [ 3945906.322248942684382, 874767.137129439273849 ], [ 3945879.859118942636997, 874740.673999439226463 ], [ 3945842.434601593762636, 874740.673999439226463 ], [ 3945805.010084244888276, 874740.673999439226463 ], [ 3945778.54695424484089, 874767.137129439273849 ], [ 3945778.54695424484089, 874804.561646788148209 ], [ 3945778.54695424484089, 874841.98616413702257 ], [ 3945778.54695424484089, 874879.41068148589693 ], [ 3945752.083824244793504, 874905.873811485944316 ], [ 3945714.659306895919144, 874905.873811485944316 ], [ 3945677.234789547044784, 874905.873811485944316 ], [ 3945639.810272198170424, 874905.873811485944316 ], [ 3945602.385754849296063, 874905.873811485944316 ], [ 3945575.922624849248677, 874879.41068148589693 ], [ 3945575.922624849248677, 874841.98616413702257 ], [ 3945575.922624849248677, 874804.561646788148209 ], [ 3945575.922624849248677, 874767.137129439273849 ], [ 3945549.459494849201292, 874740.673999439226463 ], [ 3945512.034977500326931, 874740.673999439226463 ], [ 3945474.610460151452571, 874740.673999439226463 ], [ 3945437.185942802578211, 874740.673999439226463 ], [ 3945399.761425453703851, 874740.673999439226463 ], [ 3945362.33690810482949, 874740.673999439226463 ], [ 3945324.91239075595513, 874740.673999439226463 ], [ 3945287.48787340708077, 874740.673999439226463 ], [ 3945250.063356058206409, 874740.673999439226463 ], [ 3945212.638838709332049, 874740.673999439226463 ], [ 3945175.214321360457689, 874740.673999439226463 ], [ 3945137.789804011583328, 874740.673999439226463 ], [ 3945100.365286662708968, 874740.673999439226463 ], [ 3945100.365286662708968, 874703.249482090352103 ], [ 3945100.365286662708968, 874665.824964741477743 ], [ 3945100.365286662708968, 874628.400447392603382 ], [ 3945100.365286662708968, 874590.975930043729022 ], [ 3945062.940769313834608, 874590.975930043729022 ], [ 3945025.516251964960247, 874590.975930043729022 ], [ 3944988.091734616085887, 874590.975930043729022 ], [ 3944950.667217267211527, 874590.975930043729022 ], [ 3944913.242699918337166, 874590.975930043729022 ], [ 3944875.818182569462806, 874590.975930043729022 ], [ 3944838.393665220588446, 874590.975930043729022 ], [ 3944800.969147871714085, 874590.975930043729022 ], [ 3944763.544630522839725, 874590.975930043729022 ], [ 3944726.120113173965365, 874590.975930043729022 ], [ 3944688.695595825091004, 874590.975930043729022 ], [ 3944651.271078476216644, 874590.975930043729022 ], [ 3944613.846561127342284, 874590.975930043729022 ], [ 3944587.383431127294898, 874564.512800043681636 ], [ 3944587.383431127294898, 874527.088282694807276 ], [ 3944587.383431127294898, 874489.663765345932916 ], [ 3944587.383431127294898, 874452.239247997058555 ], [ 3944587.383431127294898, 874414.814730648184195 ], [ 3944549.958913778420538, 874414.814730648184195 ], [ 3944512.534396429546177, 874414.814730648184195 ], [ 3944475.109879080671817, 874414.814730648184195 ], [ 3944437.685361731797457, 874414.814730648184195 ], [ 3944400.260844382923096, 874414.814730648184195 ], [ 3944362.836327034048736, 874414.814730648184195 ], [ 3944325.411809685174376, 874414.814730648184195 ], [ 3944287.987292336300015, 874414.814730648184195 ], [ 3944287.987292336300015, 874452.239247997058555 ], [ 3944287.987292336300015, 874489.663765345932916 ], [ 3944287.987292336300015, 874527.088282694807276 ], [ 3944287.987292336300015, 874564.512800043681636 ], [ 3944261.52416233625263, 874590.975930043729022 ], [ 3944224.099644987378269, 874590.975930043729022 ], [ 3944186.675127638503909, 874590.975930043729022 ], [ 3944149.250610289629549, 874590.975930043729022 ], [ 3944111.826092940755188, 874590.975930043729022 ], [ 3944074.401575591880828, 874590.975930043729022 ], [ 3944036.977058243006468, 874590.975930043729022 ], [ 3943999.552540894132107, 874590.975930043729022 ], [ 3943962.128023545257747, 874590.975930043729022 ], [ 3943962.128023545257747, 874628.400447392603382 ], [ 3943962.128023545257747, 874665.824964741477743 ], [ 3943962.128023545257747, 874703.249482090352103 ], [ 3943962.128023545257747, 874740.673999439226463 ], [ 3943924.703506196383387, 874740.673999439226463 ], [ 3943887.278988847509027, 874740.673999439226463 ], [ 3943849.854471498634666, 874740.673999439226463 ], [ 3943812.429954149760306, 874740.673999439226463 ], [ 3943775.005436800885946, 874740.673999439226463 ], [ 3943737.580919452011585, 874740.673999439226463 ], [ 3943700.156402103137225, 874740.673999439226463 ], [ 3943662.731884754262865, 874740.673999439226463 ], [ 3943625.307367405388504, 874740.673999439226463 ], [ 3943587.882850056514144, 874740.673999439226463 ], [ 3943550.458332707639784, 874740.673999439226463 ], [ 3943513.033815358765423, 874740.673999439226463 ], [ 3943475.609298009891063, 874740.673999439226463 ], [ 3943475.609298009891063, 874778.098516788100824 ], [ 3943475.609298009891063, 874815.523034136975184 ], [ 3943475.609298009891063, 874852.947551485849544 ], [ 3943475.609298009891063, 874890.372068834723905 ], [ 3943449.146168009843677, 874916.83519883477129 ], [ 3943411.721650660969317, 874916.83519883477129 ], [ 3943374.297133312094957, 874916.83519883477129 ], [ 3943336.872615963220596, 874916.83519883477129 ], [ 3943299.448098614346236, 874916.83519883477129 ], [ 3943272.98496861429885, 874890.372068834723905 ], [ 3943272.98496861429885, 874852.947551485849544 ], [ 3943272.98496861429885, 874815.523034136975184 ], [ 3943272.98496861429885, 874778.098516788100824 ], [ 3943272.98496861429885, 874740.673999439226463 ], [ 3943235.56045126542449, 874740.673999439226463 ], [ 3943198.13593391655013, 874740.673999439226463 ], [ 3943160.711416567675769, 874740.673999439226463 ], [ 3943134.248286567628384, 874767.137129439273849 ], [ 3943134.248286567628384, 874804.561646788148209 ], [ 3943134.248286567628384, 874841.98616413702257 ], [ 3943134.248286567628384, 874879.41068148589693 ], [ 3943107.785156567580998, 874905.873811485944316 ], [ 3943070.360639218706638, 874905.873811485944316 ], [ 3943032.936121869832277, 874905.873811485944316 ], [ 3942995.511604520957917, 874905.873811485944316 ], [ 3942958.087087172083557, 874905.873811485944316 ], [ 3942920.662569823209196, 874905.873811485944316 ], [ 3942883.238052474334836, 874905.873811485944316 ], [ 3942845.813535125460476, 874905.873811485944316 ], [ 3942808.389017776586115, 874905.873811485944316 ], [ 3942808.389017776586115, 874943.298328834818676 ], [ 3942808.389017776586115, 874980.722846183693036 ], [ 3942808.389017776586115, 875018.147363532567397 ], [ 3942808.389017776586115, 875055.571880881441757 ], [ 3942781.92588777653873, 875082.035010881489143 ], [ 3942744.501370427664369, 875082.035010881489143 ], [ 3942707.076853078790009, 875082.035010881489143 ], [ 3942669.652335729915649, 875082.035010881489143 ], [ 3942632.227818381041288, 875082.035010881489143 ], [ 3942594.803301032166928, 875082.035010881489143 ], [ 3942557.378783683292568, 875082.035010881489143 ], [ 3942519.954266334418207, 875082.035010881489143 ], [ 3942482.529748985543847, 875082.035010881489143 ], [ 3942445.105231636669487, 875082.035010881489143 ], [ 3942407.680714287795126, 875082.035010881489143 ], [ 3942370.256196938920766, 875082.035010881489143 ], [ 3942332.831679590046406, 875082.035010881489143 ], [ 3942295.407162241172045, 875082.035010881489143 ], [ 3942257.982644892297685, 875082.035010881489143 ], [ 3942220.558127543423325, 875082.035010881489143 ], [ 3942183.133610194548965, 875082.035010881489143 ], [ 3942145.709092845674604, 875082.035010881489143 ], [ 3942145.709092845674604, 875119.459528230363503 ], [ 3942145.709092845674604, 875156.884045579237863 ], [ 3942145.709092845674604, 875194.308562928112224 ], [ 3942145.709092845674604, 875231.733080276986584 ], [ 3942145.709092845674604, 875269.157597625860944 ], [ 3942145.709092845674604, 875306.582114974735305 ], [ 3942145.709092845674604, 875344.006632323609665 ], [ 3942145.709092845674604, 875381.431149672484025 ], [ 3942119.245962845627218, 875407.894279672531411 ], [ 3942081.821445496752858, 875407.894279672531411 ], [ 3942044.396928147878498, 875407.894279672531411 ], [ 3942006.972410799004138, 875407.894279672531411 ], [ 3941969.547893450129777, 875407.894279672531411 ], [ 3941932.123376101255417, 875407.894279672531411 ], [ 3941894.698858752381057, 875407.894279672531411 ], [ 3941857.274341403506696, 875407.894279672531411 ], [ 3941819.849824054632336, 875407.894279672531411 ], [ 3941819.849824054632336, 875445.318797021405771 ], [ 3941819.849824054632336, 875482.743314370280132 ], [ 3941819.849824054632336, 875520.167831719154492 ], [ 3941819.849824054632336, 875557.592349068028852 ], [ 3941793.38669405458495, 875584.055479068076238 ], [ 3941755.96217670571059, 875584.055479068076238 ], [ 3941718.53765935683623, 875584.055479068076238 ], [ 3941681.113142007961869, 875584.055479068076238 ], [ 3941643.688624659087509, 875584.055479068076238 ], [ 3941643.688624659087509, 875621.479996416950598 ], [ 3941643.688624659087509, 875658.904513765824959 ], [ 3941643.688624659087509, 875696.329031114699319 ], [ 3941643.688624659087509, 875733.753548463573679 ], [ 3941606.264107310213149, 875733.753548463573679 ], [ 3941568.839589961338788, 875733.753548463573679 ], [ 3941531.415072612464428, 875733.753548463573679 ], [ 3941493.990555263590068, 875733.753548463573679 ], [ 3941493.990555263590068, 875771.17806581244804 ], [ 3941493.990555263590068, 875808.6025831613224 ], [ 3941493.990555263590068, 875846.02710051019676 ], [ 3941493.990555263590068, 875883.451617859071121 ], [ 3941467.527425263542682, 875909.914747859118506 ], [ 3941430.102907914668322, 875909.914747859118506 ], [ 3941392.678390565793961, 875909.914747859118506 ], [ 3941355.253873216919601, 875909.914747859118506 ], [ 3941328.790743216872215, 875936.377877859165892 ], [ 3941328.790743216872215, 875973.802395208040252 ], [ 3941328.790743216872215, 876011.226912556914613 ], [ 3941328.790743216872215, 876048.651429905788973 ], [ 3941302.32761321682483, 876075.114559905836359 ], [ 3941264.903095867950469, 876075.114559905836359 ], [ 3941227.478578519076109, 876075.114559905836359 ], [ 3941190.054061170201749, 876075.114559905836359 ], [ 3941152.629543821327388, 876075.114559905836359 ], [ 3941115.205026472453028, 876075.114559905836359 ], [ 3941077.780509123578668, 876075.114559905836359 ], [ 3941040.355991774704307, 876075.114559905836359 ], [ 3941002.931474425829947, 876075.114559905836359 ], [ 3940965.506957076955587, 876075.114559905836359 ], [ 3940928.082439728081226, 876075.114559905836359 ], [ 3940890.657922379206866, 876075.114559905836359 ], [ 3940853.233405030332506, 876075.114559905836359 ], [ 3940815.808887681458145, 876075.114559905836359 ], [ 3940815.808887681458145, 876037.690042556961998 ], [ 3940815.808887681458145, 876000.265525208087638 ], [ 3940815.808887681458145, 875962.841007859213278 ], [ 3940815.808887681458145, 875925.416490510338917 ], [ 3940815.808887681458145, 875887.991973161464557 ], [ 3940815.808887681458145, 875850.567455812590197 ], [ 3940815.808887681458145, 875813.142938463715836 ], [ 3940815.808887681458145, 875775.718421114841476 ], [ 3940815.808887681458145, 875738.293903765967116 ], [ 3940778.384370332583785, 875738.293903765967116 ], [ 3940740.959852983709425, 875738.293903765967116 ], [ 3940703.535335634835064, 875738.293903765967116 ], [ 3940666.110818285960704, 875738.293903765967116 ], [ 3940639.647688285913318, 875711.83077376591973 ], [ 3940639.647688285913318, 875674.40625641704537 ], [ 3940639.647688285913318, 875636.981739068171009 ], [ 3940639.647688285913318, 875599.557221719296649 ], [ 3940613.184558285865933, 875573.094091719249263 ], [ 3940575.760040936991572, 875573.094091719249263 ], [ 3940538.335523588117212, 875573.094091719249263 ], [ 3940500.911006239242852, 875573.094091719249263 ], [ 3940500.911006239242852, 875535.669574370374903 ], [ 3940500.911006239242852, 875498.245057021500543 ], [ 3940500.911006239242852, 875460.820539672626182 ], [ 3940500.911006239242852, 875423.396022323751822 ], [ 3940500.911006239242852, 875385.971504974877462 ], [ 3940500.911006239242852, 875348.546987626003101 ], [ 3940500.911006239242852, 875311.122470277128741 ], [ 3940500.911006239242852, 875273.697952928254381 ], [ 3940500.911006239242852, 875236.27343557938002 ], [ 3940500.911006239242852, 875198.84891823050566 ], [ 3940500.911006239242852, 875161.4244008816313 ], [ 3940500.911006239242852, 875123.99988353275694 ], [ 3940500.911006239242852, 875086.575366183882579 ], [ 3940463.486488890368491, 875086.575366183882579 ], [ 3940426.061971541494131, 875086.575366183882579 ], [ 3940388.637454192619771, 875086.575366183882579 ], [ 3940351.21293684374541, 875086.575366183882579 ], [ 3940324.749806843698025, 875060.112236183835194 ], [ 3940324.749806843698025, 875022.687718834960833 ], [ 3940324.749806843698025, 874985.263201486086473 ], [ 3940324.749806843698025, 874947.838684137212113 ], [ 3940324.749806843698025, 874910.414166788337752 ], [ 3940287.325289494823664, 874910.414166788337752 ], [ 3940249.900772145949304, 874910.414166788337752 ], [ 3940212.476254797074944, 874910.414166788337752 ], [ 3940175.051737448200583, 874910.414166788337752 ], [ 3940148.588607448153198, 874883.951036788290367 ], [ 3940148.588607448153198, 874846.526519439416006 ], [ 3940148.588607448153198, 874809.102002090541646 ], [ 3940148.588607448153198, 874771.677484741667286 ], [ 3940148.588607448153198, 874734.252967392792925 ], [ 3940148.588607448153198, 874696.828450043918565 ], [ 3940148.588607448153198, 874659.403932695044205 ], [ 3940148.588607448153198, 874621.979415346169844 ], [ 3940148.588607448153198, 874584.554897997295484 ], [ 3940111.164090099278837, 874584.554897997295484 ], [ 3940073.739572750404477, 874584.554897997295484 ], [ 3940036.315055401530117, 874584.554897997295484 ], [ 3939998.890538052655756, 874584.554897997295484 ], [ 3939998.890538052655756, 874547.130380648421124 ], [ 3939998.890538052655756, 874509.705863299546763 ], [ 3939998.890538052655756, 874472.281345950672403 ], [ 3939998.890538052655756, 874434.856828601798043 ], [ 3939998.890538052655756, 874397.432311252923682 ], [ 3939998.890538052655756, 874360.007793904049322 ], [ 3939998.890538052655756, 874322.583276555174962 ], [ 3939998.890538052655756, 874285.158759206300601 ], [ 3939998.890538052655756, 874247.734241857426241 ], [ 3939998.890538052655756, 874210.309724508551881 ], [ 3939998.890538052655756, 874172.88520715967752 ], [ 3939998.890538052655756, 874135.46068981080316 ], [ 3939998.890538052655756, 874098.0361724619288 ], [ 3939998.890538052655756, 874060.611655113054439 ], [ 3939998.890538052655756, 874023.187137764180079 ], [ 3939998.890538052655756, 873985.762620415305719 ], [ 3939998.890538052655756, 873948.338103066431358 ], [ 3939972.427408052608371, 873921.874973066383973 ], [ 3939935.00289070373401, 873921.874973066383973 ], [ 3939897.57837335485965, 873921.874973066383973 ], [ 3939860.15385600598529, 873921.874973066383973 ], [ 3939833.690726005937904, 873895.411843066336587 ], [ 3939833.690726005937904, 873857.987325717462227 ], [ 3939833.690726005937904, 873820.562808368587866 ], [ 3939833.690726005937904, 873783.138291019713506 ], [ 3939833.690726005937904, 873745.713773670839146 ], [ 3939833.690726005937904, 873708.289256321964785 ], [ 3939833.690726005937904, 873670.864738973090425 ], [ 3939833.690726005937904, 873633.440221624216065 ], [ 3939833.690726005937904, 873596.015704275341704 ], [ 3939833.690726005937904, 873558.591186926467344 ], [ 3939833.690726005937904, 873521.166669577592984 ], [ 3939833.690726005937904, 873483.742152228718624 ], [ 3939833.690726005937904, 873446.317634879844263 ], [ 3939833.690726005937904, 873408.893117530969903 ], [ 3939833.690726005937904, 873371.468600182095543 ], [ 3939833.690726005937904, 873334.044082833221182 ], [ 3939833.690726005937904, 873296.619565484346822 ], [ 3939833.690726005937904, 873259.195048135472462 ], [ 3939833.690726005937904, 873221.770530786598101 ], [ 3939833.690726005937904, 873184.346013437723741 ], [ 3939833.690726005937904, 873146.921496088849381 ], [ 3939833.690726005937904, 873109.49697873997502 ], [ 3939833.690726005937904, 873072.07246139110066 ], [ 3939833.690726005937904, 873034.6479440422263 ], [ 3939833.690726005937904, 872997.223426693351939 ], [ 3939833.690726005937904, 872959.798909344477579 ], [ 3939833.690726005937904, 872922.374391995603219 ], [ 3939833.690726005937904, 872884.949874646728858 ], [ 3939833.690726005937904, 872847.525357297854498 ], [ 3939833.690726005937904, 872810.100839948980138 ], [ 3939833.690726005937904, 872772.676322600105777 ], [ 3939833.690726005937904, 872735.251805251231417 ], [ 3939833.690726005937904, 872697.827287902357057 ], [ 3939833.690726005937904, 872660.402770553482696 ], [ 3939833.690726005937904, 872622.978253204608336 ], [ 3939833.690726005937904, 872585.553735855733976 ], [ 3939833.690726005937904, 872548.129218506859615 ], [ 3939833.690726005937904, 872510.704701157985255 ], [ 3939833.690726005937904, 872473.280183809110895 ], [ 3939833.690726005937904, 872435.855666460236534 ], [ 3939833.690726005937904, 872398.431149111362174 ], [ 3939833.690726005937904, 872361.006631762487814 ], [ 3939833.690726005937904, 872323.582114413613454 ], [ 3939833.690726005937904, 872286.157597064739093 ], [ 3939833.690726005937904, 872248.733079715864733 ], [ 3939833.690726005937904, 872211.308562366990373 ], [ 3939833.690726005937904, 872173.884045018116012 ], [ 3939833.690726005937904, 872136.459527669241652 ], [ 3939833.690726005937904, 872099.035010320367292 ], [ 3939833.690726005937904, 872061.610492971492931 ], [ 3939833.690726005937904, 872024.185975622618571 ], [ 3939833.690726005937904, 871986.761458273744211 ], [ 3939833.690726005937904, 871949.33694092486985 ], [ 3939833.690726005937904, 871911.91242357599549 ], [ 3939833.690726005937904, 871874.48790622712113 ], [ 3939833.690726005937904, 871837.063388878246769 ], [ 3939833.690726005937904, 871799.638871529372409 ], [ 3939833.690726005937904, 871762.214354180498049 ], [ 3939833.690726005937904, 871724.789836831623688 ], [ 3939833.690726005937904, 871687.365319482749328 ], [ 3939833.690726005937904, 871649.940802133874968 ], [ 3939833.690726005937904, 871612.516284785000607 ], [ 3939833.690726005937904, 871575.091767436126247 ], [ 3939833.690726005937904, 871537.667250087251887 ], [ 3939833.690726005937904, 871500.242732738377526 ], [ 3939833.690726005937904, 871462.818215389503166 ], [ 3939833.690726005937904, 871425.393698040628806 ], [ 3939833.690726005937904, 871387.969180691754445 ], [ 3939833.690726005937904, 871350.544663342880085 ], [ 3939833.690726005937904, 871313.120145994005725 ], [ 3939833.690726005937904, 871275.695628645131364 ], [ 3939833.690726005937904, 871238.271111296257004 ], [ 3939833.690726005937904, 871200.846593947382644 ], [ 3939833.690726005937904, 871163.422076598508283 ], [ 3939833.690726005937904, 871125.997559249633923 ], [ 3939833.690726005937904, 871088.573041900759563 ], [ 3939833.690726005937904, 871051.148524551885203 ], [ 3939833.690726005937904, 871013.724007203010842 ], [ 3939833.690726005937904, 870976.299489854136482 ], [ 3939833.690726005937904, 870938.874972505262122 ], [ 3939833.690726005937904, 870901.450455156387761 ], [ 3939833.690726005937904, 870864.025937807513401 ], [ 3939833.690726005937904, 870826.601420458639041 ], [ 3939833.690726005937904, 870789.17690310976468 ], [ 3939833.690726005937904, 870751.75238576089032 ], [ 3939833.690726005937904, 870714.32786841201596 ], [ 3939833.690726005937904, 870676.903351063141599 ], [ 3939833.690726005937904, 870639.478833714267239 ], [ 3939833.690726005937904, 870602.054316365392879 ], [ 3939833.690726005937904, 870564.629799016518518 ], [ 3939833.690726005937904, 870527.205281667644158 ], [ 3939833.690726005937904, 870489.780764318769798 ], [ 3939833.690726005937904, 870452.356246969895437 ], [ 3939833.690726005937904, 870414.931729621021077 ], [ 3939833.690726005937904, 870377.507212272146717 ], [ 3939833.690726005937904, 870340.082694923272356 ], [ 3939833.690726005937904, 870302.658177574397996 ], [ 3939833.690726005937904, 870265.233660225523636 ], [ 3939833.690726005937904, 870227.809142876649275 ], [ 3939833.690726005937904, 870190.384625527774915 ], [ 3939833.690726005937904, 870152.960108178900555 ], [ 3939833.690726005937904, 870115.535590830026194 ], [ 3939833.690726005937904, 870078.111073481151834 ], [ 3939833.690726005937904, 870040.686556132277474 ], [ 3939833.690726005937904, 870003.262038783403113 ], [ 3939833.690726005937904, 869965.837521434528753 ], [ 3939833.690726005937904, 869928.413004085654393 ], [ 3939833.690726005937904, 869890.988486736780033 ], [ 3939833.690726005937904, 869853.563969387905672 ], [ 3939833.690726005937904, 869816.139452039031312 ], [ 3939833.690726005937904, 869778.714934690156952 ], [ 3939833.690726005937904, 869741.290417341282591 ], [ 3939833.690726005937904, 869703.865899992408231 ], [ 3939833.690726005937904, 869666.441382643533871 ], [ 3939833.690726005937904, 869629.01686529465951 ], [ 3939833.690726005937904, 869591.59234794578515 ], [ 3939833.690726005937904, 869554.16783059691079 ], [ 3939833.690726005937904, 869516.743313248036429 ], [ 3939833.690726005937904, 869479.318795899162069 ], [ 3939833.690726005937904, 869441.894278550287709 ], [ 3939833.690726005937904, 869404.469761201413348 ], [ 3939833.690726005937904, 869367.045243852538988 ], [ 3939833.690726005937904, 869329.620726503664628 ], [ 3939833.690726005937904, 869292.196209154790267 ], [ 3939833.690726005937904, 869254.771691805915907 ], [ 3939833.690726005937904, 869217.347174457041547 ], [ 3939833.690726005937904, 869179.922657108167186 ], [ 3939833.690726005937904, 869142.498139759292826 ], [ 3939833.690726005937904, 869105.073622410418466 ], [ 3939833.690726005937904, 869067.649105061544105 ], [ 3939833.690726005937904, 869030.224587712669745 ], [ 3939833.690726005937904, 868992.800070363795385 ], [ 3939833.690726005937904, 868955.375553014921024 ], [ 3939796.266208657063544, 868955.375553014921024 ], [ 3939758.841691308189183, 868955.375553014921024 ], [ 3939721.417173959314823, 868955.375553014921024 ], [ 3939683.992656610440463, 868955.375553014921024 ], [ 3939646.568139261566103, 868955.375553014921024 ], [ 3939609.143621912691742, 868955.375553014921024 ], [ 3939571.719104563817382, 868955.375553014921024 ], [ 3939534.294587214943022, 868955.375553014921024 ], [ 3939496.870069866068661, 868955.375553014921024 ], [ 3939496.870069866068661, 868917.951035666046664 ], [ 3939496.870069866068661, 868880.526518317172304 ], [ 3939496.870069866068661, 868843.102000968297943 ], [ 3939496.870069866068661, 868805.677483619423583 ], [ 3939459.445552517194301, 868805.677483619423583 ], [ 3939422.021035168319941, 868805.677483619423583 ], [ 3939384.59651781944558, 868805.677483619423583 ], [ 3939347.17200047057122, 868805.677483619423583 ], [ 3939320.708870470523834, 868779.214353619376197 ], [ 3939320.708870470523834, 868741.789836270501837 ], [ 3939320.708870470523834, 868704.365318921627477 ], [ 3939320.708870470523834, 868666.940801572753116 ], [ 3939320.708870470523834, 868629.516284223878756 ], [ 3939283.284353121649474, 868629.516284223878756 ], [ 3939245.859835772775114, 868629.516284223878756 ], [ 3939208.435318423900753, 868629.516284223878756 ], [ 3939171.010801075026393, 868629.516284223878756 ], [ 3939133.586283726152033, 868629.516284223878756 ], [ 3939096.161766377277672, 868629.516284223878756 ], [ 3939058.737249028403312, 868629.516284223878756 ], [ 3939021.312731679528952, 868629.516284223878756 ], [ 3939021.312731679528952, 868592.091766875004396 ], [ 3939021.312731679528952, 868554.667249526130036 ], [ 3939021.312731679528952, 868517.242732177255675 ], [ 3939021.312731679528952, 868479.818214828381315 ], [ 3938983.888214330654591, 868479.818214828381315 ], [ 3938946.463696981780231, 868479.818214828381315 ], [ 3938909.039179632905871, 868479.818214828381315 ], [ 3938871.61466228403151, 868479.818214828381315 ], [ 3938845.151532283984125, 868453.355084828333929 ], [ 3938845.151532283984125, 868415.930567479459569 ], [ 3938845.151532283984125, 868378.506050130585209 ], [ 3938845.151532283984125, 868341.081532781710848 ], [ 3938845.151532283984125, 868303.657015432836488 ], [ 3938807.727014935109764, 868303.657015432836488 ], [ 3938770.302497586235404, 868303.657015432836488 ], [ 3938732.877980237361044, 868303.657015432836488 ], [ 3938695.453462888486683, 868303.657015432836488 ], [ 3938658.028945539612323, 868303.657015432836488 ], [ 3938620.604428190737963, 868303.657015432836488 ], [ 3938583.179910841863602, 868303.657015432836488 ], [ 3938545.755393492989242, 868303.657015432836488 ], [ 3938508.330876144114882, 868303.657015432836488 ], [ 3938508.330876144114882, 868266.232498083962128 ], [ 3938508.330876144114882, 868228.807980735087767 ], [ 3938508.330876144114882, 868191.383463386213407 ], [ 3938508.330876144114882, 868153.958946037339047 ], [ 3938508.330876144114882, 868116.534428688464686 ], [ 3938508.330876144114882, 868079.109911339590326 ], [ 3938508.330876144114882, 868041.685393990715966 ], [ 3938508.330876144114882, 868004.260876641841605 ], [ 3938508.330876144114882, 867966.836359292967245 ], [ 3938470.906358795240521, 867966.836359292967245 ], [ 3938433.481841446366161, 867966.836359292967245 ], [ 3938396.057324097491801, 867966.836359292967245 ], [ 3938358.63280674861744, 867966.836359292967245 ], [ 3938321.20828939974308, 867966.836359292967245 ], [ 3938283.78377205086872, 867966.836359292967245 ], [ 3938246.359254701994359, 867966.836359292967245 ], [ 3938208.934737353119999, 867966.836359292967245 ], [ 3938182.471607353072613, 867940.373229292919859 ], [ 3938182.471607353072613, 867902.948711944045499 ], [ 3938182.471607353072613, 867865.524194595171139 ], [ 3938182.471607353072613, 867828.099677246296778 ], [ 3938156.008477353025228, 867801.636547246249393 ], [ 3938118.583960004150867, 867801.636547246249393 ], [ 3938081.159442655276507, 867801.636547246249393 ], [ 3938043.734925306402147, 867801.636547246249393 ], [ 3938017.271795306354761, 867775.173417246202007 ], [ 3938017.271795306354761, 867737.748899897327647 ], [ 3938017.271795306354761, 867700.324382548453286 ], [ 3938017.271795306354761, 867662.899865199578926 ], [ 3937990.808665306307375, 867636.43673519953154 ], [ 3937953.384147957433015, 867636.43673519953154 ], [ 3937915.959630608558655, 867636.43673519953154 ], [ 3937878.535113259684294, 867636.43673519953154 ], [ 3937841.110595910809934, 867636.43673519953154 ], [ 3937803.686078561935574, 867636.43673519953154 ], [ 3937766.261561213061213, 867636.43673519953154 ], [ 3937728.837043864186853, 867636.43673519953154 ], [ 3937691.412526515312493, 867636.43673519953154 ], [ 3937691.412526515312493, 867599.01221785065718 ], [ 3937691.412526515312493, 867561.58770050178282 ], [ 3937691.412526515312493, 867524.163183152908459 ], [ 3937691.412526515312493, 867486.738665804034099 ], [ 3937653.988009166438133, 867486.738665804034099 ], [ 3937616.563491817563772, 867486.738665804034099 ], [ 3937579.138974468689412, 867486.738665804034099 ], [ 3937541.714457119815052, 867486.738665804034099 ], [ 3937504.289939770940691, 867486.738665804034099 ], [ 3937466.865422422066331, 867486.738665804034099 ], [ 3937429.440905073191971, 867486.738665804034099 ], [ 3937392.01638772431761, 867486.738665804034099 ], [ 3937354.59187037544325, 867486.738665804034099 ], [ 3937317.16735302656889, 867486.738665804034099 ], [ 3937279.742835677694529, 867486.738665804034099 ], [ 3937242.318318328820169, 867486.738665804034099 ], [ 3937204.893800979945809, 867486.738665804034099 ], [ 3937167.469283631071448, 867486.738665804034099 ], [ 3937130.044766282197088, 867486.738665804034099 ], [ 3937092.620248933322728, 867486.738665804034099 ], [ 3937055.195731584448367, 867486.738665804034099 ], [ 3937017.771214235574007, 867486.738665804034099 ], [ 3936980.346696886699647, 867486.738665804034099 ], [ 3936942.922179537825286, 867486.738665804034099 ], [ 3936905.497662188950926, 867486.738665804034099 ], [ 3936868.073144840076566, 867486.738665804034099 ], [ 3936868.073144840076566, 867449.314148455159739 ], [ 3936868.073144840076566, 867411.889631106285378 ], [ 3936868.073144840076566, 867374.465113757411018 ], [ 3936868.073144840076566, 867337.040596408536658 ], [ 3936868.073144840076566, 867299.616079059662297 ], [ 3936830.648627491202205, 867299.616079059662297 ], [ 3936793.224110142327845, 867299.616079059662297 ], [ 3936755.799592793453485, 867299.616079059662297 ], [ 3936718.375075444579124, 867299.616079059662297 ], [ 3936680.950558095704764, 867299.616079059662297 ], [ 3936643.526040746830404, 867299.616079059662297 ], [ 3936606.101523397956043, 867299.616079059662297 ], [ 3936568.677006049081683, 867299.616079059662297 ], [ 3936531.252488700207323, 867299.616079059662297 ], [ 3936493.827971351332963, 867299.616079059662297 ], [ 3936456.403454002458602, 867299.616079059662297 ], [ 3936418.978936653584242, 867299.616079059662297 ], [ 3936381.554419304709882, 867299.616079059662297 ], [ 3936344.129901955835521, 867299.616079059662297 ], [ 3936306.705384606961161, 867299.616079059662297 ], [ 3936269.280867258086801, 867299.616079059662297 ], [ 3936231.85634990921244, 867299.616079059662297 ], [ 3936205.393219909165055, 867273.152949059614912 ], [ 3936205.393219909165055, 867235.728431710740551 ], [ 3936205.393219909165055, 867198.303914361866191 ], [ 3936205.393219909165055, 867160.879397012991831 ], [ 3936178.930089909117669, 867134.416267012944445 ], [ 3936141.505572560243309, 867134.416267012944445 ], [ 3936104.081055211368948, 867134.416267012944445 ], [ 3936066.656537862494588, 867134.416267012944445 ], [ 3936029.232020513620228, 867134.416267012944445 ], [ 3935991.807503164745867, 867134.416267012944445 ], [ 3935954.382985815871507, 867134.416267012944445 ], [ 3935916.958468466997147, 867134.416267012944445 ], [ 3935890.495338466949761, 867107.953137012897059 ], [ 3935890.495338466949761, 867070.528619664022699 ], [ 3935890.495338466949761, 867033.104102315148339 ], [ 3935890.495338466949761, 866995.679584966273978 ], [ 3935864.032208466902375, 866969.216454966226593 ], [ 3935826.607691118028015, 866969.216454966226593 ], [ 3935789.183173769153655, 866969.216454966226593 ], [ 3935751.758656420279294, 866969.216454966226593 ], [ 3935714.334139071404934, 866969.216454966226593 ], [ 3935676.909621722530574, 866969.216454966226593 ], [ 3935639.485104373656213, 866969.216454966226593 ], [ 3935602.060587024781853, 866969.216454966226593 ], [ 3935564.636069675907493, 866969.216454966226593 ], [ 3935527.211552327033132, 866969.216454966226593 ], [ 3935489.787034978158772, 866969.216454966226593 ], [ 3935452.362517629284412, 866969.216454966226593 ], [ 3935414.938000280410051, 866969.216454966226593 ], [ 3935388.474870280362666, 866942.753324966179207 ], [ 3935388.474870280362666, 866905.328807617304847 ], [ 3935388.474870280362666, 866867.904290268430486 ], [ 3935388.474870280362666, 866830.479772919556126 ], [ 3935362.01174028031528, 866804.01664291950874 ], [ 3935324.58722293144092, 866804.01664291950874 ], [ 3935287.162705582566559, 866804.01664291950874 ], [ 3935249.738188233692199, 866804.01664291950874 ], [ 3935223.275058233644813, 866777.553512919461355 ], [ 3935223.275058233644813, 866740.128995570586994 ], [ 3935223.275058233644813, 866702.704478221712634 ], [ 3935223.275058233644813, 866665.279960872838274 ], [ 3935196.811928233597428, 866638.816830872790888 ], [ 3935159.387410884723067, 866638.816830872790888 ], [ 3935121.962893535848707, 866638.816830872790888 ], [ 3935084.538376186974347, 866638.816830872790888 ], [ 3935047.113858838099986, 866638.816830872790888 ], [ 3935009.689341489225626, 866638.816830872790888 ], [ 3934972.264824140351266, 866638.816830872790888 ], [ 3934934.840306791476905, 866638.816830872790888 ], [ 3934897.415789442602545, 866638.816830872790888 ], [ 3934859.991272093728185, 866638.816830872790888 ], [ 3934822.566754744853824, 866638.816830872790888 ], [ 3934785.142237395979464, 866638.816830872790888 ], [ 3934747.717720047105104, 866638.816830872790888 ], [ 3934721.254590047057718, 866612.353700872743502 ], [ 3934721.254590047057718, 866574.929183523869142 ], [ 3934721.254590047057718, 866537.504666174994782 ], [ 3934721.254590047057718, 866500.080148826120421 ], [ 3934694.791460047010332, 866473.617018826073036 ], [ 3934657.366942698135972, 866473.617018826073036 ], [ 3934619.942425349261612, 866473.617018826073036 ], [ 3934582.517908000387251, 866473.617018826073036 ], [ 3934556.054778000339866, 866447.15388882602565 ], [ 3934556.054778000339866, 866409.72937147715129 ], [ 3934556.054778000339866, 866372.304854128276929 ], [ 3934556.054778000339866, 866334.880336779402569 ], [ 3934529.59164800029248, 866308.417206779355183 ], [ 3934492.16713065141812, 866308.417206779355183 ], [ 3934454.742613302543759, 866308.417206779355183 ], [ 3934417.318095953669399, 866308.417206779355183 ], [ 3934379.893578604795039, 866308.417206779355183 ], [ 3934342.469061255920678, 866308.417206779355183 ], [ 3934305.044543907046318, 866308.417206779355183 ], [ 3934267.620026558171958, 866308.417206779355183 ], [ 3934241.156896558124572, 866281.954076779307798 ], [ 3934241.156896558124572, 866244.529559430433437 ], [ 3934241.156896558124572, 866207.105042081559077 ], [ 3934241.156896558124572, 866169.680524732684717 ], [ 3934214.693766558077186, 866143.217394732637331 ], [ 3934177.269249209202826, 866143.217394732637331 ], [ 3934139.844731860328466, 866143.217394732637331 ], [ 3934102.420214511454105, 866143.217394732637331 ], [ 3934064.995697162579745, 866143.217394732637331 ], [ 3934064.995697162579745, 866105.792877383762971 ], [ 3934064.995697162579745, 866068.36836003488861 ], [ 3934064.995697162579745, 866030.94384268601425 ], [ 3934064.995697162579745, 865993.51932533713989 ], [ 3934064.995697162579745, 865956.094807988265529 ], [ 3934064.995697162579745, 865918.670290639391169 ], [ 3934064.995697162579745, 865881.245773290516809 ], [ 3934064.995697162579745, 865843.821255941642448 ], [ 3934064.995697162579745, 865806.396738592768088 ], [ 3934064.995697162579745, 865768.972221243893728 ], [ 3934064.995697162579745, 865731.547703895019367 ], [ 3934064.995697162579745, 865694.123186546145007 ], [ 3934064.995697162579745, 865656.698669197270647 ], [ 3934027.571179813705385, 865656.698669197270647 ], [ 3933990.146662464831024, 865656.698669197270647 ], [ 3933952.722145115956664, 865656.698669197270647 ], [ 3933915.297627767082304, 865656.698669197270647 ], [ 3933888.834497767034918, 865630.235539197223261 ], [ 3933888.834497767034918, 865592.811021848348901 ], [ 3933888.834497767034918, 865555.38650449947454 ], [ 3933888.834497767034918, 865517.96198715060018 ], [ 3933888.834497767034918, 865480.53746980172582 ], [ 3933851.409980418160558, 865480.53746980172582 ], [ 3933813.985463069286197, 865480.53746980172582 ], [ 3933776.560945720411837, 865480.53746980172582 ], [ 3933739.136428371537477, 865480.53746980172582 ], [ 3933701.711911022663116, 865480.53746980172582 ], [ 3933664.287393673788756, 865480.53746980172582 ], [ 3933626.862876324914396, 865480.53746980172582 ], [ 3933589.438358976040035, 865480.53746980172582 ], [ 3933552.013841627165675, 865480.53746980172582 ], [ 3933514.589324278291315, 865480.53746980172582 ], [ 3933477.164806929416955, 865480.53746980172582 ], [ 3933439.740289580542594, 865480.53746980172582 ], [ 3933413.277159580495209, 865454.074339801678434 ], [ 3933413.277159580495209, 865416.649822452804074 ], [ 3933413.277159580495209, 865379.225305103929713 ], [ 3933413.277159580495209, 865341.800787755055353 ], [ 3933386.814029580447823, 865315.337657755007967 ], [ 3933349.389512231573462, 865315.337657755007967 ], [ 3933311.964994882699102, 865315.337657755007967 ], [ 3933274.540477533824742, 865315.337657755007967 ], [ 3933248.077347533777356, 865288.874527754960582 ], [ 3933248.077347533777356, 865251.450010406086221 ], [ 3933248.077347533777356, 865214.025493057211861 ], [ 3933248.077347533777356, 865176.600975708337501 ], [ 3933248.077347533777356, 865139.17645835946314 ], [ 3933248.077347533777356, 865101.75194101058878 ], [ 3933248.077347533777356, 865064.32742366171442 ], [ 3933248.077347533777356, 865026.902906312840059 ], [ 3933248.077347533777356, 864989.478388963965699 ], [ 3933248.077347533777356, 864952.053871615091339 ], [ 3933248.077347533777356, 864914.629354266216978 ], [ 3933248.077347533777356, 864877.204836917342618 ], [ 3933248.077347533777356, 864839.780319568468258 ], [ 3933210.652830184902996, 864839.780319568468258 ], [ 3933173.228312836028636, 864839.780319568468258 ], [ 3933135.803795487154275, 864839.780319568468258 ], [ 3933098.379278138279915, 864839.780319568468258 ], [ 3933071.916148138232529, 864813.317189568420872 ], [ 3933071.916148138232529, 864775.892672219546512 ], [ 3933071.916148138232529, 864738.468154870672151 ], [ 3933071.916148138232529, 864701.043637521797791 ], [ 3933071.916148138232529, 864663.619120172923431 ], [ 3933071.916148138232529, 864626.19460282404907 ], [ 3933071.916148138232529, 864588.77008547517471 ], [ 3933071.916148138232529, 864551.34556812630035 ], [ 3933071.916148138232529, 864513.92105077742599 ], [ 3933071.916148138232529, 864476.496533428551629 ], [ 3933071.916148138232529, 864439.072016079677269 ], [ 3933071.916148138232529, 864401.647498730802909 ], [ 3933071.916148138232529, 864364.222981381928548 ], [ 3933071.916148138232529, 864326.798464033054188 ], [ 3933071.916148138232529, 864289.373946684179828 ], [ 3933071.916148138232529, 864251.949429335305467 ], [ 3933071.916148138232529, 864214.524911986431107 ], [ 3933071.916148138232529, 864177.100394637556747 ], [ 3933071.916148138232529, 864139.675877288682386 ], [ 3933071.916148138232529, 864102.251359939808026 ], [ 3933071.916148138232529, 864064.826842590933666 ], [ 3933071.916148138232529, 864027.402325242059305 ], [ 3933071.916148138232529, 863989.977807893184945 ], [ 3933071.916148138232529, 863952.553290544310585 ], [ 3933071.916148138232529, 863915.128773195436224 ], [ 3933071.916148138232529, 863877.704255846561864 ], [ 3933071.916148138232529, 863840.279738497687504 ], [ 3933034.491630789358169, 863840.279738497687504 ], [ 3932997.067113440483809, 863840.279738497687504 ], [ 3932959.642596091609448, 863840.279738497687504 ], [ 3932933.179466091562063, 863813.816608497640118 ], [ 3932933.179466091562063, 863776.392091148765758 ], [ 3932933.179466091562063, 863738.967573799891397 ], [ 3932933.179466091562063, 863701.543056451017037 ], [ 3932933.179466091562063, 863664.118539102142677 ], [ 3932933.179466091562063, 863626.694021753268316 ], [ 3932933.179466091562063, 863589.269504404393956 ], [ 3932933.179466091562063, 863551.844987055519596 ], [ 3932933.179466091562063, 863514.420469706645235 ], [ 3932933.179466091562063, 863476.995952357770875 ], [ 3932933.179466091562063, 863439.571435008896515 ], [ 3932933.179466091562063, 863402.146917660022154 ], [ 3932933.179466091562063, 863364.722400311147794 ], [ 3932933.179466091562063, 863327.297882962273434 ], [ 3932933.179466091562063, 863289.873365613399073 ], [ 3932933.179466091562063, 863252.448848264524713 ], [ 3932933.179466091562063, 863215.024330915650353 ], [ 3932933.179466091562063, 863177.599813566775993 ], [ 3932933.179466091562063, 863140.175296217901632 ], [ 3932933.179466091562063, 863102.750778869027272 ], [ 3932933.179466091562063, 863065.326261520152912 ], [ 3932933.179466091562063, 863027.901744171278551 ], [ 3932933.179466091562063, 862990.477226822404191 ], [ 3932933.179466091562063, 862953.052709473529831 ], [ 3932933.179466091562063, 862915.62819212465547 ], [ 3932933.179466091562063, 862878.20367477578111 ], [ 3932933.179466091562063, 862840.77915742690675 ], [ 3932959.642596091609448, 862814.316027426859364 ], [ 3932997.067113440483809, 862814.316027426859364 ], [ 3933034.491630789358169, 862814.316027426859364 ], [ 3933071.916148138232529, 862814.316027426859364 ], [ 3933071.916148138232529, 862776.891510077985004 ], [ 3933071.916148138232529, 862739.466992729110643 ], [ 3933071.916148138232529, 862702.042475380236283 ], [ 3933071.916148138232529, 862664.617958031361923 ], [ 3933071.916148138232529, 862627.193440682487562 ], [ 3933071.916148138232529, 862589.768923333613202 ], [ 3933071.916148138232529, 862552.344405984738842 ], [ 3933071.916148138232529, 862514.919888635864481 ], [ 3933098.379278138279915, 862488.456758635817096 ], [ 3933135.803795487154275, 862488.456758635817096 ], [ 3933173.228312836028636, 862488.456758635817096 ], [ 3933210.652830184902996, 862488.456758635817096 ], [ 3933248.077347533777356, 862488.456758635817096 ], [ 3933248.077347533777356, 862451.032241286942735 ], [ 3933248.077347533777356, 862413.607723938068375 ], [ 3933248.077347533777356, 862376.183206589194015 ], [ 3933248.077347533777356, 862338.758689240319654 ], [ 3933274.540477533824742, 862312.295559240272269 ], [ 3933311.964994882699102, 862312.295559240272269 ], [ 3933349.389512231573462, 862312.295559240272269 ], [ 3933386.814029580447823, 862312.295559240272269 ], [ 3933424.238546929322183, 862312.295559240272269 ], [ 3933424.238546929322183, 862274.871041891397908 ], [ 3933424.238546929322183, 862237.446524542523548 ], [ 3933424.238546929322183, 862200.022007193649188 ], [ 3933424.238546929322183, 862162.597489844774827 ], [ 3933461.663064278196543, 862162.597489844774827 ], [ 3933499.087581627070904, 862162.597489844774827 ], [ 3933536.512098975945264, 862162.597489844774827 ], [ 3933573.936616324819624, 862162.597489844774827 ], [ 3933573.936616324819624, 862125.172972495900467 ], [ 3933573.936616324819624, 862087.748455147026107 ], [ 3933573.936616324819624, 862050.323937798151746 ], [ 3933573.936616324819624, 862012.899420449277386 ], [ 3933600.39974632486701, 861986.43629044923 ], [ 3933637.82426367374137, 861986.43629044923 ], [ 3933675.248781022615731, 861986.43629044923 ], [ 3933712.673298371490091, 861986.43629044923 ], [ 3933750.097815720364451, 861986.43629044923 ], [ 3933750.097815720364451, 861949.01177310035564 ], [ 3933750.097815720364451, 861911.58725575148128 ], [ 3933750.097815720364451, 861874.162738402606919 ], [ 3933750.097815720364451, 861836.738221053732559 ], [ 3933787.522333069238812, 861836.738221053732559 ], [ 3933824.946850418113172, 861836.738221053732559 ], [ 3933862.371367766987532, 861836.738221053732559 ], [ 3933899.795885115861893, 861836.738221053732559 ], [ 3933899.795885115861893, 861799.313703704858199 ], [ 3933899.795885115861893, 861761.889186355983838 ], [ 3933899.795885115861893, 861724.464669007109478 ], [ 3933899.795885115861893, 861687.040151658235118 ], [ 3933899.795885115861893, 861649.615634309360757 ], [ 3933899.795885115861893, 861612.191116960486397 ], [ 3933899.795885115861893, 861574.766599611612037 ], [ 3933899.795885115861893, 861537.342082262737677 ], [ 3933899.795885115861893, 861499.917564913863316 ], [ 3933937.220402464736253, 861499.917564913863316 ], [ 3933974.644919813610613, 861499.917564913863316 ], [ 3934012.069437162484974, 861499.917564913863316 ], [ 3934049.493954511359334, 861499.917564913863316 ], [ 3934049.493954511359334, 861462.493047564988956 ], [ 3934049.493954511359334, 861425.068530216114596 ], [ 3934049.493954511359334, 861387.644012867240235 ], [ 3934049.493954511359334, 861350.219495518365875 ], [ 3934075.95708451140672, 861323.756365518318489 ], [ 3934113.38160186028108, 861323.756365518318489 ], [ 3934150.80611920915544, 861323.756365518318489 ], [ 3934188.230636558029801, 861323.756365518318489 ], [ 3934225.655153906904161, 861323.756365518318489 ], [ 3934252.118283906951547, 861297.293235518271104 ], [ 3934252.118283906951547, 861259.868718169396743 ], [ 3934252.118283906951547, 861222.444200820522383 ], [ 3934252.118283906951547, 861185.019683471648023 ], [ 3934278.581413906998932, 861158.556553471600637 ], [ 3934316.005931255873293, 861158.556553471600637 ], [ 3934353.430448604747653, 861158.556553471600637 ], [ 3934390.854965953622013, 861158.556553471600637 ], [ 3934390.854965953622013, 861121.132036122726277 ], [ 3934390.854965953622013, 861083.707518773851916 ], [ 3934390.854965953622013, 861046.283001424977556 ], [ 3934390.854965953622013, 861008.858484076103196 ], [ 3934428.279483302496374, 861008.858484076103196 ], [ 3934465.704000651370734, 861008.858484076103196 ], [ 3934503.128518000245094, 861008.858484076103196 ], [ 3934540.553035349119455, 861008.858484076103196 ], [ 3934567.01616534916684, 860982.39535407605581 ], [ 3934567.01616534916684, 860944.97083672718145 ], [ 3934567.01616534916684, 860907.546319378307089 ], [ 3934567.01616534916684, 860870.121802029432729 ], [ 3934567.01616534916684, 860832.697284680558369 ], [ 3934567.01616534916684, 860795.272767331684008 ], [ 3934567.01616534916684, 860757.848249982809648 ], [ 3934567.01616534916684, 860720.423732633935288 ], [ 3934567.01616534916684, 860682.999215285060927 ], [ 3934593.479295349214226, 860656.536085285013542 ], [ 3934630.903812698088586, 860656.536085285013542 ], [ 3934668.328330046962947, 860656.536085285013542 ], [ 3934705.752847395837307, 860656.536085285013542 ], [ 3934732.215977395884693, 860630.072955284966156 ], [ 3934732.215977395884693, 860592.648437936091796 ], [ 3934732.215977395884693, 860555.223920587217435 ], [ 3934732.215977395884693, 860517.799403238343075 ], [ 3934758.679107395932078, 860491.336273238295689 ], [ 3934796.103624744806439, 860491.336273238295689 ], [ 3934833.528142093680799, 860491.336273238295689 ], [ 3934870.952659442555159, 860491.336273238295689 ], [ 3934870.952659442555159, 860453.911755889421329 ], [ 3934870.952659442555159, 860416.487238540546969 ], [ 3934870.952659442555159, 860379.062721191672608 ], [ 3934870.952659442555159, 860341.638203842798248 ], [ 3934908.37717679142952, 860341.638203842798248 ], [ 3934945.80169414030388, 860341.638203842798248 ], [ 3934983.22621148917824, 860341.638203842798248 ], [ 3935020.650728838052601, 860341.638203842798248 ], [ 3935058.075246186926961, 860341.638203842798248 ], [ 3935058.075246186926961, 860304.213686493923888 ], [ 3935058.075246186926961, 860266.789169145049527 ], [ 3935058.075246186926961, 860229.364651796175167 ], [ 3935058.075246186926961, 860191.940134447300807 ], [ 3935084.538376186974347, 860165.477004447253421 ], [ 3935121.962893535848707, 860165.477004447253421 ], [ 3935159.387410884723067, 860165.477004447253421 ], [ 3935196.811928233597428, 860165.477004447253421 ], [ 3935234.236445582471788, 860165.477004447253421 ], [ 3935234.236445582471788, 860128.052487098379061 ], [ 3935234.236445582471788, 860090.6279697495047 ], [ 3935234.236445582471788, 860053.20345240063034 ], [ 3935234.236445582471788, 860015.77893505175598 ], [ 3935271.660962931346148, 860015.77893505175598 ], [ 3935309.085480280220509, 860015.77893505175598 ], [ 3935346.509997629094869, 860015.77893505175598 ], [ 3935383.934514977969229, 860015.77893505175598 ], [ 3935383.934514977969229, 859978.354417702881619 ], [ 3935383.934514977969229, 859940.929900354007259 ], [ 3935383.934514977969229, 859903.505383005132899 ], [ 3935383.934514977969229, 859866.080865656258538 ], [ 3935410.397644978016615, 859839.617735656211153 ], [ 3935447.822162326890975, 859839.617735656211153 ], [ 3935485.246679675765336, 859839.617735656211153 ], [ 3935522.671197024639696, 859839.617735656211153 ], [ 3935549.134327024687082, 859813.154605656163767 ], [ 3935549.134327024687082, 859775.730088307289407 ], [ 3935549.134327024687082, 859738.305570958415046 ], [ 3935549.134327024687082, 859700.881053609540686 ], [ 3935575.597457024734467, 859674.4179236094933 ], [ 3935613.021974373608828, 859674.4179236094933 ], [ 3935650.446491722483188, 859674.4179236094933 ], [ 3935687.871009071357548, 859674.4179236094933 ], [ 3935725.295526420231909, 859674.4179236094933 ], [ 3935725.295526420231909, 859636.99340626061894 ], [ 3935725.295526420231909, 859599.56888891174458 ], [ 3935725.295526420231909, 859562.144371562870219 ], [ 3935725.295526420231909, 859524.719854213995859 ], [ 3935751.758656420279294, 859498.256724213948473 ], [ 3935789.183173769153655, 859498.256724213948473 ], [ 3935826.607691118028015, 859498.256724213948473 ], [ 3935864.032208466902375, 859498.256724213948473 ], [ 3935890.495338466949761, 859471.793594213901088 ], [ 3935890.495338466949761, 859434.369076865026727 ], [ 3935890.495338466949761, 859396.944559516152367 ], [ 3935890.495338466949761, 859359.520042167278007 ], [ 3935916.958468466997147, 859333.056912167230621 ], [ 3935954.382985815871507, 859333.056912167230621 ], [ 3935991.807503164745867, 859333.056912167230621 ], [ 3936029.232020513620228, 859333.056912167230621 ], [ 3936055.695150513667613, 859306.593782167183235 ], [ 3936055.695150513667613, 859269.169264818308875 ], [ 3936055.695150513667613, 859231.744747469434515 ], [ 3936055.695150513667613, 859194.320230120560154 ], [ 3936082.158280513714999, 859167.857100120512769 ], [ 3936119.582797862589359, 859167.857100120512769 ], [ 3936157.00731521146372, 859167.857100120512769 ], [ 3936194.43183256033808, 859167.857100120512769 ], [ 3936194.43183256033808, 859130.432582771638408 ], [ 3936194.43183256033808, 859093.008065422764048 ], [ 3936194.43183256033808, 859055.583548073889688 ], [ 3936194.43183256033808, 859018.159030725015327 ], [ 3936231.85634990921244, 859018.159030725015327 ], [ 3936269.280867258086801, 859018.159030725015327 ], [ 3936306.705384606961161, 859018.159030725015327 ], [ 3936344.129901955835521, 859018.159030725015327 ], [ 3936370.593031955882907, 858991.695900724967942 ], [ 3936370.593031955882907, 858954.271383376093581 ], [ 3936370.593031955882907, 858916.846866027219221 ], [ 3936370.593031955882907, 858879.422348678344861 ], [ 3936397.056161955930293, 858852.959218678297475 ], [ 3936434.480679304804653, 858852.959218678297475 ], [ 3936471.905196653679013, 858852.959218678297475 ], [ 3936509.329714002553374, 858852.959218678297475 ], [ 3936546.754231351427734, 858852.959218678297475 ], [ 3936546.754231351427734, 858815.534701329423115 ], [ 3936546.754231351427734, 858778.110183980548754 ], [ 3936546.754231351427734, 858740.685666631674394 ], [ 3936546.754231351427734, 858703.261149282800034 ], [ 3936573.21736135147512, 858676.798019282752648 ], [ 3936610.64187870034948, 858676.798019282752648 ], [ 3936648.06639604922384, 858676.798019282752648 ], [ 3936685.490913398098201, 858676.798019282752648 ], [ 3936711.954043398145586, 858650.334889282705262 ], [ 3936711.954043398145586, 858612.910371933830902 ], [ 3936711.954043398145586, 858575.485854584956542 ], [ 3936711.954043398145586, 858538.061337236082181 ], [ 3936738.417173398192972, 858511.598207236034796 ], [ 3936775.841690747067332, 858511.598207236034796 ], [ 3936813.266208095941693, 858511.598207236034796 ], [ 3936850.690725444816053, 858511.598207236034796 ], [ 3936877.153855444863439, 858485.13507723598741 ], [ 3936877.153855444863439, 858447.71055988711305 ], [ 3936877.153855444863439, 858410.286042538238689 ], [ 3936877.153855444863439, 858372.861525189364329 ], [ 3936903.616985444910824, 858346.398395189316943 ], [ 3936941.041502793785185, 858346.398395189316943 ], [ 3936978.466020142659545, 858346.398395189316943 ], [ 3937015.890537491533905, 858346.398395189316943 ], [ 3937015.890537491533905, 858308.973877840442583 ], [ 3937015.890537491533905, 858271.549360491568223 ], [ 3937015.890537491533905, 858234.124843142693862 ], [ 3937015.890537491533905, 858196.700325793819502 ], [ 3937053.315054840408266, 858196.700325793819502 ], [ 3937090.739572189282626, 858196.700325793819502 ], [ 3937128.164089538156986, 858196.700325793819502 ], [ 3937165.588606887031347, 858196.700325793819502 ], [ 3937192.051736887078732, 858170.237195793772116 ], [ 3937192.051736887078732, 858132.812678444897756 ], [ 3937192.051736887078732, 858095.388161096023396 ], [ 3937192.051736887078732, 858057.963643747149035 ], [ 3937218.514866887126118, 858031.50051374710165 ], [ 3937255.939384236000478, 858031.50051374710165 ], [ 3937293.363901584874839, 858031.50051374710165 ], [ 3937330.788418933749199, 858031.50051374710165 ], [ 3937368.212936282623559, 858031.50051374710165 ], [ 3937368.212936282623559, 857994.075996398227289 ], [ 3937368.212936282623559, 857956.651479049352929 ], [ 3937368.212936282623559, 857919.226961700478569 ], [ 3937368.212936282623559, 857881.802444351604208 ], [ 3937394.676066282670945, 857855.339314351556823 ], [ 3937432.100583631545305, 857855.339314351556823 ], [ 3937469.525100980419666, 857855.339314351556823 ], [ 3937506.949618329294026, 857855.339314351556823 ], [ 3937533.412748329341412, 857828.876184351509437 ], [ 3937533.412748329341412, 857791.451667002635077 ], [ 3937533.412748329341412, 857754.027149653760716 ], [ 3937533.412748329341412, 857716.602632304886356 ], [ 3937559.875878329388797, 857690.13950230483897 ], [ 3937597.300395678263158, 857690.13950230483897 ], [ 3937634.724913027137518, 857690.13950230483897 ], [ 3937672.149430376011878, 857690.13950230483897 ], [ 3937672.149430376011878, 857652.71498495596461 ], [ 3937672.149430376011878, 857615.29046760709025 ], [ 3937672.149430376011878, 857577.865950258215889 ], [ 3937672.149430376011878, 857540.441432909341529 ], [ 3937698.612560376059264, 857513.978302909294143 ], [ 3937736.037077724933624, 857513.978302909294143 ], [ 3937773.461595073807985, 857513.978302909294143 ], [ 3937810.886112422682345, 857513.978302909294143 ], [ 3937848.310629771556705, 857513.978302909294143 ], [ 3937848.310629771556705, 857476.553785560419783 ], [ 3937848.310629771556705, 857439.129268211545423 ], [ 3937848.310629771556705, 857401.704750862671062 ], [ 3937848.310629771556705, 857364.280233513796702 ], [ 3937848.310629771556705, 857326.855716164922342 ], [ 3937848.310629771556705, 857289.431198816047981 ], [ 3937848.310629771556705, 857252.006681467173621 ], [ 3937848.310629771556705, 857214.582164118299261 ], [ 3937874.773759771604091, 857188.119034118251875 ], [ 3937912.198277120478451, 857188.119034118251875 ], [ 3937949.622794469352812, 857188.119034118251875 ], [ 3937987.047311818227172, 857188.119034118251875 ], [ 3938024.471829167101532, 857188.119034118251875 ], [ 3938024.471829167101532, 857150.694516769377515 ], [ 3938024.471829167101532, 857113.269999420503154 ], [ 3938024.471829167101532, 857075.845482071628794 ], [ 3938024.471829167101532, 857038.420964722754434 ], [ 3938061.896346515975893, 857038.420964722754434 ], [ 3938099.320863864850253, 857038.420964722754434 ], [ 3938136.745381213724613, 857038.420964722754434 ], [ 3938174.169898562598974, 857038.420964722754434 ], [ 3938200.633028562646359, 857011.957834722707048 ], [ 3938200.633028562646359, 856974.533317373832688 ], [ 3938200.633028562646359, 856937.108800024958327 ], [ 3938200.633028562646359, 856899.684282676083967 ], [ 3938227.096158562693745, 856873.221152676036581 ], [ 3938264.520675911568105, 856873.221152676036581 ], [ 3938301.945193260442466, 856873.221152676036581 ], [ 3938339.369710609316826, 856873.221152676036581 ], [ 3938339.369710609316826, 856835.796635327162221 ], [ 3938339.369710609316826, 856798.372117978287861 ], [ 3938339.369710609316826, 856760.9476006294135 ], [ 3938339.369710609316826, 856723.52308328053914 ], [ 3938365.832840609364212, 856697.059953280491754 ], [ 3938403.257357958238572, 856697.059953280491754 ], [ 3938440.681875307112932, 856697.059953280491754 ], [ 3938478.106392655987293, 856697.059953280491754 ], [ 3938515.530910004861653, 856697.059953280491754 ], [ 3938515.530910004861653, 856659.635435931617394 ], [ 3938515.530910004861653, 856622.210918582743034 ], [ 3938515.530910004861653, 856584.786401233868673 ], [ 3938515.530910004861653, 856547.361883884994313 ], [ 3938541.994040004909039, 856520.898753884946927 ], [ 3938579.418557353783399, 856520.898753884946927 ], [ 3938616.843074702657759, 856520.898753884946927 ], [ 3938654.26759205153212, 856520.898753884946927 ], [ 3938654.26759205153212, 856483.474236536072567 ], [ 3938654.26759205153212, 856446.049719187198207 ], [ 3938654.26759205153212, 856408.625201838323846 ], [ 3938654.26759205153212, 856371.200684489449486 ], [ 3938691.69210940040648, 856371.200684489449486 ], [ 3938729.11662674928084, 856371.200684489449486 ], [ 3938766.5411440981552, 856371.200684489449486 ], [ 3938803.965661447029561, 856371.200684489449486 ], [ 3938841.390178795903921, 856371.200684489449486 ], [ 3938841.390178795903921, 856333.776167140575126 ], [ 3938841.390178795903921, 856296.351649791700765 ], [ 3938841.390178795903921, 856258.927132442826405 ], [ 3938841.390178795903921, 856221.502615093952045 ], [ 3938867.853308795951307, 856195.039485093904659 ], [ 3938905.277826144825667, 856195.039485093904659 ], [ 3938942.702343493700027, 856195.039485093904659 ], [ 3938980.126860842574388, 856195.039485093904659 ], [ 3939017.551378191448748, 856195.039485093904659 ], [ 3939017.551378191448748, 856157.614967745030299 ], [ 3939017.551378191448748, 856120.190450396155939 ], [ 3939017.551378191448748, 856082.765933047281578 ], [ 3939017.551378191448748, 856045.341415698407218 ], [ 3939054.975895540323108, 856045.341415698407218 ], [ 3939092.400412889197469, 856045.341415698407218 ], [ 3939129.824930238071829, 856045.341415698407218 ], [ 3939167.249447586946189, 856045.341415698407218 ], [ 3939167.249447586946189, 856007.916898349532858 ], [ 3939167.249447586946189, 855970.492381000658497 ], [ 3939167.249447586946189, 855933.067863651784137 ], [ 3939167.249447586946189, 855895.643346302909777 ], [ 3939193.712577586993575, 855869.180216302862391 ], [ 3939231.137094935867935, 855869.180216302862391 ], [ 3939268.561612284742296, 855869.180216302862391 ], [ 3939305.986129633616656, 855869.180216302862391 ], [ 3939332.449259633664042, 855842.717086302815005 ], [ 3939332.449259633664042, 855805.292568953940645 ], [ 3939332.449259633664042, 855767.868051605066285 ], [ 3939332.449259633664042, 855730.443534256191924 ], [ 3939358.912389633711427, 855703.980404256144539 ], [ 3939396.336906982585788, 855703.980404256144539 ], [ 3939433.761424331460148, 855703.980404256144539 ], [ 3939471.185941680334508, 855703.980404256144539 ], [ 3939497.649071680381894, 855677.517274256097153 ], [ 3939497.649071680381894, 855640.092756907222793 ], [ 3939497.649071680381894, 855602.668239558348432 ], [ 3939497.649071680381894, 855565.243722209474072 ], [ 3939524.11220168042928, 855538.780592209426686 ], [ 3939561.53671902930364, 855538.780592209426686 ], [ 3939598.961236378178, 855538.780592209426686 ], [ 3939636.385753727052361, 855538.780592209426686 ], [ 3939673.810271075926721, 855538.780592209426686 ], [ 3939673.810271075926721, 855501.356074860552326 ], [ 3939673.810271075926721, 855463.931557511677966 ], [ 3939673.810271075926721, 855426.507040162803605 ], [ 3939673.810271075926721, 855389.082522813929245 ], [ 3939700.273401075974107, 855362.619392813881859 ], [ 3939737.697918424848467, 855362.619392813881859 ], [ 3939775.122435773722827, 855362.619392813881859 ], [ 3939812.546953122597188, 855362.619392813881859 ], [ 3939839.010083122644573, 855336.156262813834473 ], [ 3939839.010083122644573, 855298.731745464960113 ], [ 3939839.010083122644573, 855261.307228116085753 ], [ 3939839.010083122644573, 855223.882710767211393 ], [ 3939865.473213122691959, 855197.419580767164007 ], [ 3939902.897730471566319, 855197.419580767164007 ], [ 3939940.32224782044068, 855197.419580767164007 ], [ 3939977.74676516931504, 855197.419580767164007 ], [ 3939977.74676516931504, 855159.995063418289647 ], [ 3939977.74676516931504, 855122.570546069415286 ], [ 3939977.74676516931504, 855085.146028720540926 ], [ 3939977.74676516931504, 855047.721511371666566 ], [ 3940015.1712825181894, 855047.721511371666566 ], [ 3940052.595799867063761, 855047.721511371666566 ], [ 3940090.020317215938121, 855047.721511371666566 ], [ 3940127.444834564812481, 855047.721511371666566 ], [ 3940164.869351913686842, 855047.721511371666566 ], [ 3940202.293869262561202, 855047.721511371666566 ], [ 3940239.718386611435562, 855047.721511371666566 ], [ 3940277.142903960309923, 855047.721511371666566 ], [ 3940314.567421309184283, 855047.721511371666566 ], [ 3940341.030551309231669, 855021.25838137161918 ], [ 3940341.030551309231669, 854983.83386402274482 ], [ 3940341.030551309231669, 854946.409346673870459 ], [ 3940341.030551309231669, 854908.984829324996099 ], [ 3940367.493681309279054, 854882.521699324948713 ], [ 3940404.918198658153415, 854882.521699324948713 ], [ 3940442.342716007027775, 854882.521699324948713 ], [ 3940479.767233355902135, 854882.521699324948713 ], [ 3940517.191750704776496, 854882.521699324948713 ], [ 3940554.616268053650856, 854882.521699324948713 ], [ 3940592.040785402525216, 854882.521699324948713 ], [ 3940629.465302751399577, 854882.521699324948713 ], [ 3940666.889820100273937, 854882.521699324948713 ], [ 3940704.314337449148297, 854882.521699324948713 ], [ 3940741.738854798022658, 854882.521699324948713 ], [ 3940779.163372146897018, 854882.521699324948713 ], [ 3940816.587889495771378, 854882.521699324948713 ], [ 3940843.051019495818764, 854908.984829324996099 ], [ 3940843.051019495818764, 854946.409346673870459 ], [ 3940843.051019495818764, 854983.83386402274482 ], [ 3940843.051019495818764, 855021.25838137161918 ], [ 3940843.051019495818764, 855058.68289872049354 ], [ 3940843.051019495818764, 855096.1074160693679 ], [ 3940843.051019495818764, 855133.531933418242261 ], [ 3940843.051019495818764, 855170.956450767116621 ], [ 3940843.051019495818764, 855208.380968115990981 ], [ 3940880.475536844693124, 855208.380968115990981 ], [ 3940917.900054193567485, 855208.380968115990981 ], [ 3940955.324571542441845, 855208.380968115990981 ], [ 3940981.787701542489231, 855234.844098116038367 ], [ 3940981.787701542489231, 855272.268615464912727 ], [ 3940981.787701542489231, 855309.693132813787088 ], [ 3940981.787701542489231, 855347.117650162661448 ], [ 3940981.787701542489231, 855384.542167511535808 ], [ 3941019.212218891363591, 855384.542167511535808 ], [ 3941056.636736240237951, 855384.542167511535808 ], [ 3941094.061253589112312, 855384.542167511535808 ], [ 3941131.485770937986672, 855384.542167511535808 ], [ 3941168.910288286861032, 855384.542167511535808 ], [ 3941168.910288286861032, 855421.966684860410169 ], [ 3941168.910288286861032, 855459.391202209284529 ], [ 3941168.910288286861032, 855496.815719558158889 ], [ 3941168.910288286861032, 855534.24023690703325 ], [ 3941206.334805635735393, 855534.24023690703325 ], [ 3941243.759322984609753, 855534.24023690703325 ], [ 3941281.183840333484113, 855534.24023690703325 ], [ 3941318.608357682358474, 855534.24023690703325 ], [ 3941345.071487682405859, 855560.703366907080635 ], [ 3941345.071487682405859, 855598.127884255954996 ], [ 3941345.071487682405859, 855635.552401604829356 ], [ 3941345.071487682405859, 855672.976918953703716 ], [ 3941345.071487682405859, 855710.401436302578077 ], [ 3941382.49600503128022, 855710.401436302578077 ], [ 3941419.92052238015458, 855710.401436302578077 ], [ 3941457.34503972902894, 855710.401436302578077 ], [ 3941483.808169729076326, 855736.864566302625462 ], [ 3941483.808169729076326, 855774.289083651499823 ], [ 3941483.808169729076326, 855811.713601000374183 ], [ 3941483.808169729076326, 855849.138118349248543 ], [ 3941510.271299729123712, 855875.601248349295929 ], [ 3941547.695817077998072, 855875.601248349295929 ], [ 3941585.120334426872432, 855875.601248349295929 ], [ 3941622.544851775746793, 855875.601248349295929 ], [ 3941659.969369124621153, 855875.601248349295929 ], [ 3941697.393886473495513, 855875.601248349295929 ], [ 3941734.818403822369874, 855875.601248349295929 ], [ 3941772.242921171244234, 855875.601248349295929 ], [ 3941809.667438520118594, 855875.601248349295929 ], [ 3941809.667438520118594, 855913.025765698170289 ], [ 3941809.667438520118594, 855950.45028304704465 ], [ 3941809.667438520118594, 855987.87480039591901 ], [ 3941809.667438520118594, 856025.29931774479337 ], [ 3941847.091955868992954, 856025.29931774479337 ], [ 3941884.516473217867315, 856025.29931774479337 ], [ 3941921.940990566741675, 856025.29931774479337 ], [ 3941959.365507915616035, 856025.29931774479337 ], [ 3941985.828637915663421, 856051.762447744840756 ], [ 3941985.828637915663421, 856089.186965093715116 ], [ 3941985.828637915663421, 856126.611482442589477 ], [ 3941985.828637915663421, 856164.035999791463837 ], [ 3941985.828637915663421, 856201.460517140338197 ], [ 3942023.253155264537781, 856201.460517140338197 ], [ 3942060.677672613412142, 856201.460517140338197 ], [ 3942098.102189962286502, 856201.460517140338197 ], [ 3942135.526707311160862, 856201.460517140338197 ], [ 3942172.951224660035223, 856201.460517140338197 ], [ 3942210.375742008909583, 856201.460517140338197 ], [ 3942247.800259357783943, 856201.460517140338197 ], [ 3942285.224776706658304, 856201.460517140338197 ], [ 3942322.649294055532664, 856201.460517140338197 ], [ 3942360.073811404407024, 856201.460517140338197 ], [ 3942397.498328753281385, 856201.460517140338197 ], [ 3942434.922846102155745, 856201.460517140338197 ], [ 3942472.347363451030105, 856201.460517140338197 ], [ 3942509.771880799904466, 856201.460517140338197 ], [ 3942547.196398148778826, 856201.460517140338197 ], [ 3942584.620915497653186, 856201.460517140338197 ], [ 3942622.045432846527547, 856201.460517140338197 ], [ 3942659.469950195401907, 856201.460517140338197 ], [ 3942696.894467544276267, 856201.460517140338197 ], [ 3942734.318984893150628, 856201.460517140338197 ], [ 3942771.743502242024988, 856201.460517140338197 ], [ 3942809.168019590899348, 856201.460517140338197 ], [ 3942846.592536939773709, 856201.460517140338197 ], [ 3942884.017054288648069, 856201.460517140338197 ], [ 3942921.441571637522429, 856201.460517140338197 ], [ 3942958.86608898639679, 856201.460517140338197 ], [ 3942996.29060633527115, 856201.460517140338197 ], [ 3943033.71512368414551, 856201.460517140338197 ], [ 3943071.139641033019871, 856201.460517140338197 ], [ 3943108.564158381894231, 856201.460517140338197 ], [ 3943145.988675730768591, 856201.460517140338197 ], [ 3943183.413193079642951, 856201.460517140338197 ], [ 3943220.837710428517312, 856201.460517140338197 ], [ 3943258.262227777391672, 856201.460517140338197 ], [ 3943295.686745126266032, 856201.460517140338197 ], [ 3943333.111262475140393, 856201.460517140338197 ], [ 3943370.535779824014753, 856201.460517140338197 ], [ 3943407.960297172889113, 856201.460517140338197 ], [ 3943445.384814521763474, 856201.460517140338197 ], [ 3943482.809331870637834, 856201.460517140338197 ], [ 3943520.233849219512194, 856201.460517140338197 ], [ 3943557.658366568386555, 856201.460517140338197 ], [ 3943595.082883917260915, 856201.460517140338197 ], [ 3943632.507401266135275, 856201.460517140338197 ], [ 3943669.931918615009636, 856201.460517140338197 ], [ 3943707.356435963883996, 856201.460517140338197 ], [ 3943744.780953312758356, 856201.460517140338197 ], [ 3943782.205470661632717, 856201.460517140338197 ], [ 3943819.629988010507077, 856201.460517140338197 ], [ 3943857.054505359381437, 856201.460517140338197 ], [ 3943894.479022708255798, 856201.460517140338197 ], [ 3943931.903540057130158, 856201.460517140338197 ], [ 3943958.366670057177544, 856227.923647140385583 ], [ 3943958.366670057177544, 856265.348164489259943 ], [ 3943958.366670057177544, 856302.772681838134304 ], [ 3943958.366670057177544, 856340.197199187008664 ], [ 3943958.366670057177544, 856377.621716535883024 ], [ 3943958.366670057177544, 856415.046233884757385 ], [ 3943958.366670057177544, 856452.470751233631745 ], [ 3943958.366670057177544, 856489.895268582506105 ], [ 3943958.366670057177544, 856527.319785931380466 ], [ 3943958.366670057177544, 856564.744303280254826 ], [ 3943958.366670057177544, 856602.168820629129186 ], [ 3943958.366670057177544, 856639.593337978003547 ], [ 3943958.366670057177544, 856677.017855326877907 ], [ 3943984.829800057224929, 856703.480985326925293 ], [ 3944022.25431740609929, 856703.480985326925293 ], [ 3944059.67883475497365, 856703.480985326925293 ], [ 3944097.10335210384801, 856703.480985326925293 ] ] ] } }
]
}
