{
"type": "FeatureCollection",
"name": "Mena",
"crs": { "type": "name", "properties": { "name": "urn:ogc:def:crs:EPSG::3857" } },
"features": [
{ "type": "Feature", "properties": { }, "geometry": { "type": "Polygon", "coordinates": [ [ [ 4461546.281268372200429, 733832.520480829291046 ], [ 4461508.85675102379173, 733832.520480829291046 ], [ 4461471.432233675383031, 733832.520480829291046 ], [ 4461434.007716326974332, 733832.520480829291046 ], [ 4461396.583198978565633, 733832.520480829291046 ], [ 4461359.158681630156934, 733832.520480829291046 ], [ 4461321.734164281748235, 733832.520480829291046 ], [ 4461284.309646933339536, 733832.520480829291046 ], [ 4461246.885129584930837, 733832.520480829291046 ], [ 4461209.460612236522138, 733832.520480829291046 ], [ 4461172.036094888113439, 733832.520480829291046 ], [ 4461134.61157753970474, 733832.520480829291046 ], [ 4461097.187060191296041, 733832.520480829291046 ], [ 4461059.762542842887342, 733832.520480829291046 ], [ 4461022.338025494478643, 733832.520480829291046 ], [ 4460984.913508146069944, 733832.520480829291046 ], [ 4460947.488990797661245, 733832.520480829291046 ], [ 4460947.488990797661245, 733869.944998178165406 ], [ 4460947.488990797661245, 733907.369515527039766 ], [ 4460947.488990797661245, 733944.794032875914127 ], [ 4460947.488990797661245, 733982.218550224788487 ], [ 4460921.025860797613859, 734008.681680224835873 ], [ 4460883.60134344920516, 734008.681680224835873 ], [ 4460846.176826100796461, 734008.681680224835873 ], [ 4460808.752308752387762, 734008.681680224835873 ], [ 4460771.327791403979063, 734008.681680224835873 ], [ 4460733.903274055570364, 734008.681680224835873 ], [ 4460696.478756707161665, 734008.681680224835873 ], [ 4460659.054239358752966, 734008.681680224835873 ], [ 4460621.629722010344267, 734008.681680224835873 ], [ 4460621.629722010344267, 734046.106197573710233 ], [ 4460621.629722010344267, 734083.530714922584593 ], [ 4460621.629722010344267, 734120.955232271458954 ], [ 4460621.629722010344267, 734158.379749620333314 ], [ 4460595.166592010296881, 734184.8428796203807 ], [ 4460557.742074661888182, 734184.8428796203807 ], [ 4460520.317557313479483, 734184.8428796203807 ], [ 4460482.893039965070784, 734184.8428796203807 ], [ 4460445.468522616662085, 734184.8428796203807 ], [ 4460408.044005268253386, 734184.8428796203807 ], [ 4460370.619487919844687, 734184.8428796203807 ], [ 4460333.194970571435988, 734184.8428796203807 ], [ 4460295.770453223027289, 734184.8428796203807 ], [ 4460258.34593587461859, 734184.8428796203807 ], [ 4460220.921418526209891, 734184.8428796203807 ], [ 4460183.496901177801192, 734184.8428796203807 ], [ 4460146.072383829392493, 734184.8428796203807 ], [ 4460108.647866480983794, 734184.8428796203807 ], [ 4460071.223349132575095, 734184.8428796203807 ], [ 4460033.798831784166396, 734184.8428796203807 ], [ 4459996.374314435757697, 734184.8428796203807 ], [ 4459958.949797087348998, 734184.8428796203807 ], [ 4459958.949797087348998, 734222.26739696925506 ], [ 4459958.949797087348998, 734259.69191431812942 ], [ 4459958.949797087348998, 734297.116431667003781 ], [ 4459958.949797087348998, 734334.540949015878141 ], [ 4459921.525279738940299, 734334.540949015878141 ], [ 4459884.1007623905316, 734334.540949015878141 ], [ 4459846.6762450421229, 734334.540949015878141 ], [ 4459809.251727693714201, 734334.540949015878141 ], [ 4459771.827210345305502, 734334.540949015878141 ], [ 4459734.402692996896803, 734334.540949015878141 ], [ 4459696.978175648488104, 734334.540949015878141 ], [ 4459659.553658300079405, 734334.540949015878141 ], [ 4459633.09052830003202, 734361.004079015925527 ], [ 4459633.09052830003202, 734398.428596364799887 ], [ 4459633.09052830003202, 734435.853113713674247 ], [ 4459633.09052830003202, 734473.277631062548608 ], [ 4459606.627398299984634, 734499.740761062595993 ], [ 4459569.202880951575935, 734499.740761062595993 ], [ 4459531.778363603167236, 734499.740761062595993 ], [ 4459494.353846254758537, 734499.740761062595993 ], [ 4459456.929328906349838, 734499.740761062595993 ], [ 4459419.504811557941139, 734499.740761062595993 ], [ 4459382.08029420953244, 734499.740761062595993 ], [ 4459344.655776861123741, 734499.740761062595993 ], [ 4459307.231259512715042, 734499.740761062595993 ], [ 4459269.806742164306343, 734499.740761062595993 ], [ 4459232.382224815897644, 734499.740761062595993 ], [ 4459194.957707467488945, 734499.740761062595993 ], [ 4459157.533190119080245, 734499.740761062595993 ], [ 4459120.108672770671546, 734499.740761062595993 ], [ 4459082.684155422262847, 734499.740761062595993 ], [ 4459045.259638073854148, 734499.740761062595993 ], [ 4459007.835120725445449, 734499.740761062595993 ], [ 4458970.41060337703675, 734499.740761062595993 ], [ 4458970.41060337703675, 734537.165278411470354 ], [ 4458970.41060337703675, 734574.589795760344714 ], [ 4458970.41060337703675, 734612.014313109219074 ], [ 4458970.41060337703675, 734649.438830458093435 ], [ 4458943.947473376989365, 734675.90196045814082 ], [ 4458906.522956028580666, 734675.90196045814082 ], [ 4458869.098438680171967, 734675.90196045814082 ], [ 4458831.673921331763268, 734675.90196045814082 ], [ 4458794.249403983354568, 734675.90196045814082 ], [ 4458756.824886634945869, 734675.90196045814082 ], [ 4458719.40036928653717, 734675.90196045814082 ], [ 4458681.975851938128471, 734675.90196045814082 ], [ 4458644.551334589719772, 734675.90196045814082 ], [ 4458644.551334589719772, 734713.326477807015181 ], [ 4458644.551334589719772, 734750.750995155889541 ], [ 4458644.551334589719772, 734788.175512504763901 ], [ 4458644.551334589719772, 734825.600029853638262 ], [ 4458607.126817241311073, 734825.600029853638262 ], [ 4458569.702299892902374, 734825.600029853638262 ], [ 4458532.277782544493675, 734825.600029853638262 ], [ 4458494.853265196084976, 734825.600029853638262 ], [ 4458457.428747847676277, 734825.600029853638262 ], [ 4458420.004230499267578, 734825.600029853638262 ], [ 4458382.579713150858879, 734825.600029853638262 ], [ 4458345.15519580245018, 734825.600029853638262 ], [ 4458307.730678454041481, 734825.600029853638262 ], [ 4458270.306161105632782, 734825.600029853638262 ], [ 4458232.881643757224083, 734825.600029853638262 ], [ 4458195.457126408815384, 734825.600029853638262 ], [ 4458158.032609060406685, 734825.600029853638262 ], [ 4458158.032609060406685, 734863.024547202512622 ], [ 4458158.032609060406685, 734900.449064551386982 ], [ 4458158.032609060406685, 734937.873581900261343 ], [ 4458158.032609060406685, 734975.298099249135703 ], [ 4458131.569479060359299, 735001.761229249183089 ], [ 4458094.1449617119506, 735001.761229249183089 ], [ 4458056.720444363541901, 735001.761229249183089 ], [ 4458019.295927015133202, 735001.761229249183089 ], [ 4457981.871409666724503, 735001.761229249183089 ], [ 4457981.871409666724503, 735039.185746598057449 ], [ 4457981.871409666724503, 735076.610263946931809 ], [ 4457981.871409666724503, 735114.03478129580617 ], [ 4457981.871409666724503, 735151.45929864468053 ], [ 4457955.408279666677117, 735177.922428644727916 ], [ 4457917.983762318268418, 735177.922428644727916 ], [ 4457880.559244969859719, 735177.922428644727916 ], [ 4457843.13472762145102, 735177.922428644727916 ], [ 4457805.710210273042321, 735177.922428644727916 ], [ 4457768.285692924633622, 735177.922428644727916 ], [ 4457730.861175576224923, 735177.922428644727916 ], [ 4457693.436658227816224, 735177.922428644727916 ], [ 4457656.012140879407525, 735177.922428644727916 ], [ 4457618.587623530998826, 735177.922428644727916 ], [ 4457581.163106182590127, 735177.922428644727916 ], [ 4457543.738588834181428, 735177.922428644727916 ], [ 4457506.314071485772729, 735177.922428644727916 ], [ 4457506.314071485772729, 735215.346945993602276 ], [ 4457506.314071485772729, 735252.771463342476636 ], [ 4457506.314071485772729, 735290.195980691350996 ], [ 4457506.314071485772729, 735327.620498040225357 ], [ 4457468.88955413736403, 735327.620498040225357 ], [ 4457431.465036788955331, 735327.620498040225357 ], [ 4457394.040519440546632, 735327.620498040225357 ], [ 4457356.616002092137933, 735327.620498040225357 ], [ 4457319.191484743729234, 735327.620498040225357 ], [ 4457281.766967395320535, 735327.620498040225357 ], [ 4457244.342450046911836, 735327.620498040225357 ], [ 4457206.917932698503137, 735327.620498040225357 ], [ 4457169.493415350094438, 735327.620498040225357 ], [ 4457132.068898001685739, 735327.620498040225357 ], [ 4457094.64438065327704, 735327.620498040225357 ], [ 4457057.21986330486834, 735327.620498040225357 ], [ 4457019.795345956459641, 735327.620498040225357 ], [ 4456993.332215956412256, 735354.083628040272743 ], [ 4456993.332215956412256, 735391.508145389147103 ], [ 4456993.332215956412256, 735428.932662738021463 ], [ 4456993.332215956412256, 735466.357180086895823 ], [ 4456966.86908595636487, 735492.820310086943209 ], [ 4456929.444568607956171, 735492.820310086943209 ], [ 4456892.020051259547472, 735492.820310086943209 ], [ 4456854.595533911138773, 735492.820310086943209 ], [ 4456817.171016562730074, 735492.820310086943209 ], [ 4456779.746499214321375, 735492.820310086943209 ], [ 4456742.321981865912676, 735492.820310086943209 ], [ 4456704.897464517503977, 735492.820310086943209 ], [ 4456667.472947169095278, 735492.820310086943209 ], [ 4456667.472947169095278, 735530.244827435817569 ], [ 4456667.472947169095278, 735567.66934478469193 ], [ 4456667.472947169095278, 735605.09386213356629 ], [ 4456667.472947169095278, 735642.51837948244065 ], [ 4456641.009817169047892, 735668.981509482488036 ], [ 4456603.585299820639193, 735668.981509482488036 ], [ 4456566.160782472230494, 735668.981509482488036 ], [ 4456528.736265123821795, 735668.981509482488036 ], [ 4456491.311747775413096, 735668.981509482488036 ], [ 4456453.887230427004397, 735668.981509482488036 ], [ 4456416.462713078595698, 735668.981509482488036 ], [ 4456379.038195730186999, 735668.981509482488036 ], [ 4456341.6136783817783, 735668.981509482488036 ], [ 4456304.189161033369601, 735668.981509482488036 ], [ 4456266.764643684960902, 735668.981509482488036 ], [ 4456229.340126336552203, 735668.981509482488036 ], [ 4456191.915608988143504, 735668.981509482488036 ], [ 4456165.452478988096118, 735695.444639482535422 ], [ 4456165.452478988096118, 735732.869156831409782 ], [ 4456165.452478988096118, 735770.293674180284142 ], [ 4456165.452478988096118, 735807.718191529158503 ], [ 4456138.989348988048732, 735834.181321529205889 ], [ 4456101.564831639640033, 735834.181321529205889 ], [ 4456064.140314291231334, 735834.181321529205889 ], [ 4456026.715796942822635, 735834.181321529205889 ], [ 4455989.291279594413936, 735834.181321529205889 ], [ 4455951.866762246005237, 735834.181321529205889 ], [ 4455914.442244897596538, 735834.181321529205889 ], [ 4455877.017727549187839, 735834.181321529205889 ], [ 4455850.554597549140453, 735860.644451529253274 ], [ 4455850.554597549140453, 735898.068968878127635 ], [ 4455850.554597549140453, 735935.493486227001995 ], [ 4455850.554597549140453, 735972.918003575876355 ], [ 4455824.091467549093068, 735999.381133575923741 ], [ 4455786.666950200684369, 735999.381133575923741 ], [ 4455749.24243285227567, 735999.381133575923741 ], [ 4455711.817915503866971, 735999.381133575923741 ], [ 4455674.393398155458272, 735999.381133575923741 ], [ 4455636.968880807049572, 735999.381133575923741 ], [ 4455599.544363458640873, 735999.381133575923741 ], [ 4455562.119846110232174, 735999.381133575923741 ], [ 4455524.695328761823475, 735999.381133575923741 ], [ 4455487.270811413414776, 735999.381133575923741 ], [ 4455449.846294065006077, 735999.381133575923741 ], [ 4455412.421776716597378, 735999.381133575923741 ], [ 4455374.997259368188679, 735999.381133575923741 ], [ 4455348.534129368141294, 736025.844263575971127 ], [ 4455348.534129368141294, 736063.268780924845487 ], [ 4455348.534129368141294, 736100.693298273719847 ], [ 4455348.534129368141294, 736138.117815622594208 ], [ 4455322.070999368093908, 736164.580945622641593 ], [ 4455284.646482019685209, 736164.580945622641593 ], [ 4455247.22196467127651, 736164.580945622641593 ], [ 4455209.797447322867811, 736164.580945622641593 ], [ 4455172.372929974459112, 736164.580945622641593 ], [ 4455134.948412626050413, 736164.580945622641593 ], [ 4455097.523895277641714, 736164.580945622641593 ], [ 4455060.099377929233015, 736164.580945622641593 ], [ 4455033.636247929185629, 736191.044075622688979 ], [ 4455033.636247929185629, 736228.468592971563339 ], [ 4455033.636247929185629, 736265.8931103204377 ], [ 4455033.636247929185629, 736303.31762766931206 ], [ 4455007.173117929138243, 736329.780757669359446 ], [ 4454969.748600580729544, 736329.780757669359446 ], [ 4454932.324083232320845, 736329.780757669359446 ], [ 4454894.899565883912146, 736329.780757669359446 ], [ 4454857.475048535503447, 736329.780757669359446 ], [ 4454820.050531187094748, 736329.780757669359446 ], [ 4454782.626013838686049, 736329.780757669359446 ], [ 4454745.20149649027735, 736329.780757669359446 ], [ 4454707.776979141868651, 736329.780757669359446 ], [ 4454670.352461793459952, 736329.780757669359446 ], [ 4454632.927944445051253, 736329.780757669359446 ], [ 4454595.503427096642554, 736329.780757669359446 ], [ 4454558.078909748233855, 736329.780757669359446 ], [ 4454531.615779748186469, 736356.243887669406831 ], [ 4454531.615779748186469, 736393.668405018281192 ], [ 4454531.615779748186469, 736431.092922367155552 ], [ 4454531.615779748186469, 736468.517439716029912 ], [ 4454505.152649748139083, 736494.980569716077298 ], [ 4454467.728132399730384, 736494.980569716077298 ], [ 4454430.303615051321685, 736494.980569716077298 ], [ 4454392.879097702912986, 736494.980569716077298 ], [ 4454355.454580354504287, 736494.980569716077298 ], [ 4454318.030063006095588, 736494.980569716077298 ], [ 4454280.605545657686889, 736494.980569716077298 ], [ 4454243.18102830927819, 736494.980569716077298 ], [ 4454205.756510960869491, 736494.980569716077298 ], [ 4454168.331993612460792, 736494.980569716077298 ], [ 4454130.907476264052093, 736494.980569716077298 ], [ 4454093.482958915643394, 736494.980569716077298 ], [ 4454056.058441567234695, 736494.980569716077298 ], [ 4454029.595311567187309, 736521.443699716124684 ], [ 4454029.595311567187309, 736558.868217064999044 ], [ 4454029.595311567187309, 736596.292734413873404 ], [ 4454029.595311567187309, 736633.717251762747765 ], [ 4454003.132181567139924, 736660.18038176279515 ], [ 4453965.707664218731225, 736660.18038176279515 ], [ 4453928.283146870322526, 736660.18038176279515 ], [ 4453890.858629521913826, 736660.18038176279515 ], [ 4453864.395499521866441, 736686.643511762842536 ], [ 4453864.395499521866441, 736724.068029111716896 ], [ 4453864.395499521866441, 736761.492546460591257 ], [ 4453864.395499521866441, 736798.917063809465617 ], [ 4453864.395499521866441, 736836.341581158339977 ], [ 4453864.395499521866441, 736873.766098507214338 ], [ 4453864.395499521866441, 736911.190615856088698 ], [ 4453864.395499521866441, 736948.615133204963058 ], [ 4453837.932369521819055, 736975.078263205010444 ], [ 4453800.507852173410356, 736975.078263205010444 ], [ 4453763.083334825001657, 736975.078263205010444 ], [ 4453725.658817476592958, 736975.078263205010444 ], [ 4453725.658817476592958, 737012.502780553884804 ], [ 4453725.658817476592958, 737049.927297902759165 ], [ 4453725.658817476592958, 737087.351815251633525 ], [ 4453725.658817476592958, 737124.776332600507885 ], [ 4453699.195687476545572, 737151.239462600555271 ], [ 4453661.771170128136873, 737151.239462600555271 ], [ 4453624.346652779728174, 737151.239462600555271 ], [ 4453586.922135431319475, 737151.239462600555271 ], [ 4453549.497618082910776, 737151.239462600555271 ], [ 4453549.497618082910776, 737188.663979949429631 ], [ 4453549.497618082910776, 737226.088497298303992 ], [ 4453549.497618082910776, 737263.513014647178352 ], [ 4453549.497618082910776, 737300.937531996052712 ], [ 4453523.03448808286339, 737327.400661996100098 ], [ 4453485.609970734454691, 737327.400661996100098 ], [ 4453448.185453386045992, 737327.400661996100098 ], [ 4453410.760936037637293, 737327.400661996100098 ], [ 4453373.336418689228594, 737327.400661996100098 ], [ 4453373.336418689228594, 737364.825179344974458 ], [ 4453373.336418689228594, 737402.249696693848819 ], [ 4453373.336418689228594, 737439.674214042723179 ], [ 4453373.336418689228594, 737477.098731391597539 ], [ 4453373.336418689228594, 737514.5232487404719 ], [ 4453373.336418689228594, 737551.94776608934626 ], [ 4453373.336418689228594, 737589.37228343822062 ], [ 4453373.336418689228594, 737626.79680078709498 ], [ 4453346.873288689181209, 737653.259930787142366 ], [ 4453309.44877134077251, 737653.259930787142366 ], [ 4453272.024253992363811, 737653.259930787142366 ], [ 4453234.599736643955112, 737653.259930787142366 ], [ 4453208.136606643907726, 737679.723060787189752 ], [ 4453208.136606643907726, 737717.147578136064112 ], [ 4453208.136606643907726, 737754.572095484938473 ], [ 4453208.136606643907726, 737791.996612833812833 ], [ 4453181.67347664386034, 737818.459742833860219 ], [ 4453144.248959295451641, 737818.459742833860219 ], [ 4453106.824441947042942, 737818.459742833860219 ], [ 4453069.399924598634243, 737818.459742833860219 ], [ 4453042.936794598586857, 737844.922872833907604 ], [ 4453042.936794598586857, 737882.347390182781965 ], [ 4453042.936794598586857, 737919.771907531656325 ], [ 4453042.936794598586857, 737957.196424880530685 ], [ 4453016.473664598539472, 737983.659554880578071 ], [ 4452979.049147250130773, 737983.659554880578071 ], [ 4452941.624629901722074, 737983.659554880578071 ], [ 4452904.200112553313375, 737983.659554880578071 ], [ 4452904.200112553313375, 738021.084072229452431 ], [ 4452904.200112553313375, 738058.508589578326792 ], [ 4452904.200112553313375, 738095.933106927201152 ], [ 4452904.200112553313375, 738133.357624276075512 ], [ 4452866.775595204904675, 738133.357624276075512 ], [ 4452829.351077856495976, 738133.357624276075512 ], [ 4452791.926560508087277, 738133.357624276075512 ], [ 4452754.502043159678578, 738133.357624276075512 ], [ 4452728.038913159631193, 738159.820754276122898 ], [ 4452728.038913159631193, 738197.245271624997258 ], [ 4452728.038913159631193, 738234.669788973871619 ], [ 4452728.038913159631193, 738272.094306322745979 ], [ 4452701.575783159583807, 738298.557436322793365 ], [ 4452664.151265811175108, 738298.557436322793365 ], [ 4452626.726748462766409, 738298.557436322793365 ], [ 4452589.30223111435771, 738298.557436322793365 ], [ 4452551.877713765949011, 738298.557436322793365 ], [ 4452551.877713765949011, 738335.981953671667725 ], [ 4452551.877713765949011, 738373.406471020542085 ], [ 4452551.877713765949011, 738410.830988369416445 ], [ 4452551.877713765949011, 738448.255505718290806 ], [ 4452551.877713765949011, 738485.680023067165166 ], [ 4452551.877713765949011, 738523.104540416039526 ], [ 4452551.877713765949011, 738560.529057764913887 ], [ 4452551.877713765949011, 738597.953575113788247 ], [ 4452512.183018766343594, 738630.163366644061171 ], [ 4452472.488323766738176, 738628.691092560766265 ], [ 4452435.063806418329477, 738628.691092560766265 ], [ 4452397.639289069920778, 738628.691092560766265 ], [ 4452360.214771721512079, 738628.691092560766265 ], [ 4452322.79025437310338, 738628.691092560766265 ], [ 4452285.365737024694681, 738628.691092560766265 ], [ 4452247.941219676285982, 738628.691092560766265 ], [ 4452221.478089676238596, 738655.15422256081365 ], [ 4452221.478089676238596, 738692.578739909688011 ], [ 4452221.478089676238596, 738730.003257258562371 ], [ 4452221.478089676238596, 738767.427774607436731 ], [ 4452195.014959676191211, 738793.890904607484117 ], [ 4452157.590442327782512, 738793.890904607484117 ], [ 4452120.165924979373813, 738793.890904607484117 ], [ 4452082.741407630965114, 738793.890904607484117 ], [ 4452045.316890282556415, 738793.890904607484117 ], [ 4452007.892372934147716, 738793.890904607484117 ], [ 4451970.467855585739017, 738793.890904607484117 ], [ 4451933.043338237330317, 738793.890904607484117 ], [ 4451895.618820888921618, 738793.890904607484117 ], [ 4451895.618820888921618, 738831.315421956358477 ], [ 4451895.618820888921618, 738868.739939305232838 ], [ 4451895.618820888921618, 738906.164456654107198 ], [ 4451895.618820888921618, 738943.588974002981558 ], [ 4451895.618820888921618, 738981.013491351855919 ], [ 4451895.618820888921618, 739018.438008700730279 ], [ 4451895.618820888921618, 739055.862526049604639 ], [ 4451895.618820888921618, 739093.287043398479 ], [ 4451855.924125889316201, 739125.496834928751923 ], [ 4451816.229430889710784, 739127.767012580297887 ], [ 4451778.804913541302085, 739127.767012580297887 ], [ 4451741.380396192893386, 739127.767012580297887 ], [ 4451703.955878844484687, 739127.767012580297887 ], [ 4451666.531361496075988, 739127.767012580297887 ], [ 4451629.106844147667289, 739127.767012580297887 ], [ 4451591.68232679925859, 739127.767012580297887 ], [ 4451565.219196799211204, 739154.230142580345273 ], [ 4451565.219196799211204, 739191.654659929219633 ], [ 4451565.219196799211204, 739229.079177278093994 ], [ 4451565.219196799211204, 739266.503694626968354 ], [ 4451538.756066799163818, 739292.96682462701574 ], [ 4451501.331549450755119, 739292.96682462701574 ], [ 4451463.90703210234642, 739292.96682462701574 ], [ 4451426.482514753937721, 739292.96682462701574 ], [ 4451389.057997405529022, 739292.96682462701574 ], [ 4451351.633480057120323, 739292.96682462701574 ], [ 4451314.208962708711624, 739292.96682462701574 ], [ 4451276.784445360302925, 739292.96682462701574 ], [ 4451250.321315360255539, 739319.429954627063125 ], [ 4451250.321315360255539, 739356.854471975937486 ], [ 4451250.321315360255539, 739394.278989324811846 ], [ 4451250.321315360255539, 739431.703506673686206 ], [ 4451223.858185360208154, 739458.166636673733592 ], [ 4451186.433668011799455, 739458.166636673733592 ], [ 4451149.009150663390756, 739458.166636673733592 ], [ 4451111.584633314982057, 739458.166636673733592 ], [ 4451074.160115966573358, 739458.166636673733592 ], [ 4451074.160115966573358, 739495.591154022607952 ], [ 4451074.160115966573358, 739533.015671371482313 ], [ 4451074.160115966573358, 739570.440188720356673 ], [ 4451074.160115966573358, 739607.864706069231033 ], [ 4451034.46542096696794, 739621.362238925299607 ], [ 4450994.770725967362523, 739623.632416576845571 ], [ 4450957.346208618953824, 739623.632416576845571 ], [ 4450919.921691270545125, 739623.632416576845571 ], [ 4450882.497173922136426, 739623.632416576845571 ], [ 4450845.072656573727727, 739623.632416576845571 ], [ 4450807.648139225319028, 739623.632416576845571 ], [ 4450770.223621876910329, 739623.632416576845571 ], [ 4450743.760491876862943, 739650.095546576892957 ], [ 4450743.760491876862943, 739687.520063925767317 ], [ 4450743.760491876862943, 739724.944581274641678 ], [ 4450743.760491876862943, 739762.369098623516038 ], [ 4450704.065796877257526, 739787.093986684107222 ], [ 4450664.371101877652109, 739785.621712600812316 ], [ 4450626.94658452924341, 739785.621712600812316 ], [ 4450589.522067180834711, 739785.621712600812316 ], [ 4450589.522067180834711, 739823.046229949686676 ], [ 4450589.522067180834711, 739860.470747298561037 ], [ 4450589.522067180834711, 739897.895264647435397 ], [ 4450589.522067180834711, 739935.319781996309757 ], [ 4450589.522067180834711, 739972.744299345184118 ], [ 4450589.522067180834711, 740010.168816694058478 ], [ 4450589.522067180834711, 740047.593334042932838 ], [ 4450589.522067180834711, 740085.017851391807199 ], [ 4450589.522067180834711, 740122.442368740681559 ], [ 4450589.522067180834711, 740159.866886089555919 ], [ 4450589.522067180834711, 740197.291403438430279 ], [ 4450589.522067180834711, 740234.71592078730464 ], [ 4450589.522067180834711, 740272.140438136179 ], [ 4450563.058937180787325, 740298.603568136226386 ], [ 4450525.634419832378626, 740298.603568136226386 ], [ 4450488.209902483969927, 740298.603568136226386 ], [ 4450450.785385135561228, 740298.603568136226386 ], [ 4450424.322255135513842, 740325.066698136273772 ], [ 4450424.322255135513842, 740362.491215485148132 ], [ 4450424.322255135513842, 740399.915732834022492 ], [ 4450424.322255135513842, 740437.340250182896852 ], [ 4450424.322255135513842, 740474.764767531771213 ], [ 4450424.322255135513842, 740512.189284880645573 ], [ 4450424.322255135513842, 740549.613802229519933 ], [ 4450424.322255135513842, 740587.038319578394294 ], [ 4450424.322255135513842, 740624.462836927268654 ], [ 4450424.322255135513842, 740661.887354276143014 ], [ 4450424.322255135513842, 740699.311871625017375 ], [ 4450424.322255135513842, 740736.736388973891735 ], [ 4450424.322255135513842, 740774.160906322766095 ], [ 4450424.322255135513842, 740811.585423671640456 ], [ 4450424.322255135513842, 740849.009941020514816 ], [ 4450424.322255135513842, 740886.434458369389176 ], [ 4450424.322255135513842, 740923.858975718263537 ], [ 4450424.322255135513842, 740961.283493067137897 ], [ 4450424.322255135513842, 740998.708010416012257 ], [ 4450424.322255135513842, 741036.132527764886618 ], [ 4450424.322255135513842, 741073.557045113760978 ], [ 4450424.322255135513842, 741110.981562462635338 ], [ 4450424.322255135513842, 741148.406079811509699 ], [ 4450424.322255135513842, 741185.830597160384059 ], [ 4450424.322255135513842, 741223.255114509258419 ], [ 4450424.322255135513842, 741260.67963185813278 ], [ 4450424.322255135513842, 741298.10414920700714 ], [ 4450424.322255135513842, 741335.5286665558815 ], [ 4450424.322255135513842, 741372.953183904755861 ], [ 4450424.322255135513842, 741410.377701253630221 ], [ 4450424.322255135513842, 741447.802218602504581 ], [ 4450386.897737787105143, 741447.802218602504581 ], [ 4450349.473220438696444, 741447.802218602504581 ], [ 4450312.048703090287745, 741447.802218602504581 ], [ 4450274.624185741879046, 741447.802218602504581 ], [ 4450237.199668393470347, 741447.802218602504581 ], [ 4450237.199668393470347, 741485.226735951378942 ], [ 4450237.199668393470347, 741522.651253300253302 ], [ 4450237.199668393470347, 741560.075770649127662 ], [ 4450237.199668393470347, 741597.500287998002023 ], [ 4450237.199668393470347, 741634.924805346876383 ], [ 4450237.199668393470347, 741672.349322695750743 ], [ 4450237.199668393470347, 741709.773840044625103 ], [ 4450237.199668393470347, 741747.198357393499464 ], [ 4450237.199668393470347, 741784.622874742373824 ], [ 4450237.199668393470347, 741822.047392091248184 ], [ 4450237.199668393470347, 741859.471909440122545 ], [ 4450237.199668393470347, 741896.896426788996905 ], [ 4450237.199668393470347, 741934.320944137871265 ], [ 4450210.736538393422961, 741960.784074137918651 ], [ 4450173.312021045014262, 741960.784074137918651 ], [ 4450135.887503696605563, 741960.784074137918651 ], [ 4450098.462986348196864, 741960.784074137918651 ], [ 4450098.462986348196864, 741998.208591486793011 ], [ 4450098.462986348196864, 742035.633108835667372 ], [ 4450098.462986348196864, 742073.057626184541732 ], [ 4450098.462986348196864, 742110.482143533416092 ], [ 4450098.462986348196864, 742147.906660882290453 ], [ 4450098.462986348196864, 742185.331178231164813 ], [ 4450098.462986348196864, 742222.755695580039173 ], [ 4450098.462986348196864, 742260.180212928913534 ], [ 4450098.462986348196864, 742297.604730277787894 ], [ 4450098.462986348196864, 742335.029247626662254 ], [ 4450098.462986348196864, 742372.453764975536615 ], [ 4450098.462986348196864, 742409.878282324410975 ], [ 4450098.462986348196864, 742447.302799673285335 ], [ 4450098.462986348196864, 742484.727317022159696 ], [ 4450098.462986348196864, 742522.151834371034056 ], [ 4450098.462986348196864, 742559.576351719908416 ], [ 4450098.462986348196864, 742597.000869068782777 ], [ 4450098.462986348196864, 742634.425386417657137 ], [ 4450098.462986348196864, 742671.849903766531497 ], [ 4450098.462986348196864, 742709.274421115405858 ], [ 4450098.462986348196864, 742746.698938464280218 ], [ 4450098.462986348196864, 742784.123455813154578 ], [ 4450098.462986348196864, 742821.547973162028939 ], [ 4450098.462986348196864, 742858.972490510903299 ], [ 4450098.462986348196864, 742896.397007859777659 ], [ 4450098.462986348196864, 742933.82152520865202 ], [ 4450098.462986348196864, 742971.24604255752638 ], [ 4450098.462986348196864, 743008.67055990640074 ], [ 4450098.462986348196864, 743046.0950772552751 ], [ 4450098.462986348196864, 743083.519594604149461 ], [ 4450098.462986348196864, 743120.944111953023821 ], [ 4450098.462986348196864, 743158.368629301898181 ], [ 4450098.462986348196864, 743195.793146650772542 ], [ 4450098.462986348196864, 743233.217663999646902 ], [ 4450098.462986348196864, 743270.642181348521262 ], [ 4450098.462986348196864, 743308.066698697395623 ], [ 4450098.462986348196864, 743345.491216046269983 ], [ 4450098.462986348196864, 743382.915733395144343 ], [ 4450098.462986348196864, 743420.340250744018704 ], [ 4450098.462986348196864, 743457.764768092893064 ], [ 4450098.462986348196864, 743495.189285441767424 ], [ 4450098.462986348196864, 743532.613802790641785 ], [ 4450098.462986348196864, 743570.038320139516145 ], [ 4450098.462986348196864, 743607.462837488390505 ], [ 4450098.462986348196864, 743644.887354837264866 ], [ 4450098.462986348196864, 743682.311872186139226 ], [ 4450098.462986348196864, 743719.736389535013586 ], [ 4450098.462986348196864, 743757.160906883887947 ], [ 4450098.462986348196864, 743794.585424232762307 ], [ 4450098.462986348196864, 743832.009941581636667 ], [ 4450098.462986348196864, 743869.434458930511028 ], [ 4450098.462986348196864, 743906.858976279385388 ], [ 4450098.462986348196864, 743944.283493628259748 ], [ 4450098.462986348196864, 743981.708010977134109 ], [ 4450098.462986348196864, 744019.132528326008469 ], [ 4450098.462986348196864, 744056.557045674882829 ], [ 4450098.462986348196864, 744093.98156302375719 ], [ 4450098.462986348196864, 744131.40608037263155 ], [ 4450098.462986348196864, 744168.83059772150591 ], [ 4450098.462986348196864, 744206.25511507038027 ], [ 4450098.462986348196864, 744243.679632419254631 ], [ 4450098.462986348196864, 744281.104149768128991 ], [ 4450098.462986348196864, 744318.528667117003351 ], [ 4450098.462986348196864, 744355.953184465877712 ], [ 4450098.462986348196864, 744393.377701814752072 ], [ 4450135.887503696605563, 744393.377701814752072 ], [ 4450173.312021045014262, 744393.377701814752072 ], [ 4450210.736538393422961, 744393.377701814752072 ], [ 4450237.199668393470347, 744419.840831814799458 ], [ 4450237.199668393470347, 744457.265349163673818 ], [ 4450237.199668393470347, 744494.689866512548178 ], [ 4450237.199668393470347, 744532.114383861422539 ], [ 4450237.199668393470347, 744569.538901210296899 ], [ 4450237.199668393470347, 744606.963418559171259 ], [ 4450237.199668393470347, 744644.38793590804562 ], [ 4450237.199668393470347, 744681.81245325691998 ], [ 4450237.199668393470347, 744719.23697060579434 ], [ 4450237.199668393470347, 744756.661487954668701 ], [ 4450237.199668393470347, 744794.086005303543061 ], [ 4450237.199668393470347, 744831.510522652417421 ], [ 4450237.199668393470347, 744868.935040001291782 ], [ 4450237.199668393470347, 744906.359557350166142 ], [ 4450237.199668393470347, 744943.784074699040502 ], [ 4450237.199668393470347, 744981.208592047914863 ], [ 4450237.199668393470347, 745018.633109396789223 ], [ 4450237.199668393470347, 745056.057626745663583 ], [ 4450237.199668393470347, 745093.482144094537944 ], [ 4450237.199668393470347, 745130.906661443412304 ], [ 4450237.199668393470347, 745168.331178792286664 ], [ 4450237.199668393470347, 745205.755696141161025 ], [ 4450237.199668393470347, 745243.180213490035385 ], [ 4450274.624185741879046, 745243.180213490035385 ], [ 4450312.048703090287745, 745243.180213490035385 ], [ 4450349.473220438696444, 745243.180213490035385 ], [ 4450386.897737787105143, 745243.180213490035385 ], [ 4450424.322255135513842, 745243.180213490035385 ], [ 4450424.322255135513842, 745280.604730838909745 ], [ 4450424.322255135513842, 745318.029248187784106 ], [ 4450424.322255135513842, 745355.453765536658466 ], [ 4450424.322255135513842, 745392.878282885532826 ], [ 4450424.322255135513842, 745430.302800234407187 ], [ 4450424.322255135513842, 745467.727317583281547 ], [ 4450424.322255135513842, 745505.151834932155907 ], [ 4450424.322255135513842, 745542.576352281030267 ], [ 4450424.322255135513842, 745580.000869629904628 ], [ 4450424.322255135513842, 745617.425386978778988 ], [ 4450424.322255135513842, 745654.849904327653348 ], [ 4450424.322255135513842, 745692.274421676527709 ], [ 4450424.322255135513842, 745729.698939025402069 ], [ 4450424.322255135513842, 745767.123456374276429 ], [ 4450424.322255135513842, 745804.54797372315079 ], [ 4450424.322255135513842, 745841.97249107202515 ], [ 4450424.322255135513842, 745879.39700842089951 ], [ 4450424.322255135513842, 745916.821525769773871 ], [ 4450424.322255135513842, 745954.246043118648231 ], [ 4450424.322255135513842, 745991.670560467522591 ], [ 4450424.322255135513842, 746029.095077816396952 ], [ 4450424.322255135513842, 746066.519595165271312 ], [ 4450424.322255135513842, 746103.944112514145672 ], [ 4450424.322255135513842, 746141.368629863020033 ], [ 4450424.322255135513842, 746178.793147211894393 ], [ 4450424.322255135513842, 746216.217664560768753 ], [ 4450424.322255135513842, 746253.642181909643114 ], [ 4450424.322255135513842, 746291.066699258517474 ], [ 4450424.322255135513842, 746328.491216607391834 ], [ 4450424.322255135513842, 746365.915733956266195 ], [ 4450424.322255135513842, 746403.340251305140555 ], [ 4450424.322255135513842, 746440.764768654014915 ], [ 4450424.322255135513842, 746478.189286002889276 ], [ 4450424.322255135513842, 746515.613803351763636 ], [ 4450424.322255135513842, 746553.038320700637996 ], [ 4450424.322255135513842, 746590.462838049512357 ], [ 4450424.322255135513842, 746627.887355398386717 ], [ 4450424.322255135513842, 746665.311872747261077 ], [ 4450424.322255135513842, 746702.736390096135437 ], [ 4450424.322255135513842, 746740.160907445009798 ], [ 4450424.322255135513842, 746777.585424793884158 ], [ 4450424.322255135513842, 746815.009942142758518 ], [ 4450424.322255135513842, 746852.434459491632879 ], [ 4450424.322255135513842, 746889.858976840507239 ], [ 4450397.859125135466456, 746916.322106840554625 ], [ 4450360.434607787057757, 746916.322106840554625 ], [ 4450323.010090438649058, 746916.322106840554625 ], [ 4450285.585573090240359, 746916.322106840554625 ], [ 4450248.16105574183166, 746916.322106840554625 ], [ 4450248.16105574183166, 746953.746624189428985 ], [ 4450248.16105574183166, 746991.171141538303345 ], [ 4450248.16105574183166, 747028.595658887177706 ], [ 4450248.16105574183166, 747066.020176236052066 ], [ 4450248.16105574183166, 747103.444693584926426 ], [ 4450248.16105574183166, 747140.869210933800787 ], [ 4450248.16105574183166, 747178.293728282675147 ], [ 4450248.16105574183166, 747215.718245631549507 ], [ 4450248.16105574183166, 747253.142762980423868 ], [ 4450248.16105574183166, 747290.567280329298228 ], [ 4450248.16105574183166, 747327.991797678172588 ], [ 4450248.16105574183166, 747365.416315027046949 ], [ 4450248.16105574183166, 747402.840832375921309 ], [ 4450210.736538393422961, 747402.840832375921309 ], [ 4450173.312021045014262, 747402.840832375921309 ], [ 4450135.887503696605563, 747402.840832375921309 ], [ 4450098.462986348196864, 747402.840832375921309 ], [ 4450098.462986348196864, 747440.265349724795669 ], [ 4450098.462986348196864, 747477.68986707367003 ], [ 4450098.462986348196864, 747515.11438442254439 ], [ 4450098.462986348196864, 747552.53890177141875 ], [ 4450098.462986348196864, 747589.963419120293111 ], [ 4450098.462986348196864, 747627.387936469167471 ], [ 4450098.462986348196864, 747664.812453818041831 ], [ 4450098.462986348196864, 747702.236971166916192 ], [ 4450098.462986348196864, 747739.661488515790552 ], [ 4450098.462986348196864, 747777.086005864664912 ], [ 4450098.462986348196864, 747814.510523213539273 ], [ 4450098.462986348196864, 747851.935040562413633 ], [ 4450098.462986348196864, 747889.359557911287993 ], [ 4450061.038468999788165, 747889.359557911287993 ], [ 4450023.613951651379466, 747889.359557911287993 ], [ 4449986.189434302970767, 747889.359557911287993 ], [ 4449948.764916954562068, 747889.359557911287993 ], [ 4449922.301786954514682, 747915.822687911335379 ], [ 4449922.301786954514682, 747953.247205260209739 ], [ 4449922.301786954514682, 747990.6717226090841 ], [ 4449922.301786954514682, 748028.09623995795846 ], [ 4449922.301786954514682, 748065.52075730683282 ], [ 4449922.301786954514682, 748102.945274655707181 ], [ 4449922.301786954514682, 748140.369792004581541 ], [ 4449922.301786954514682, 748177.794309353455901 ], [ 4449922.301786954514682, 748215.218826702330261 ], [ 4449922.301786954514682, 748252.643344051204622 ], [ 4449922.301786954514682, 748290.067861400078982 ], [ 4449922.301786954514682, 748327.492378748953342 ], [ 4449922.301786954514682, 748364.916896097827703 ], [ 4449895.838656954467297, 748391.380026097875088 ], [ 4449858.414139606058598, 748391.380026097875088 ], [ 4449820.989622257649899, 748391.380026097875088 ], [ 4449783.565104909241199, 748391.380026097875088 ], [ 4449783.565104909241199, 748428.804543446749449 ], [ 4449783.565104909241199, 748466.229060795623809 ], [ 4449783.565104909241199, 748503.653578144498169 ], [ 4449783.565104909241199, 748541.07809549337253 ], [ 4449783.565104909241199, 748578.50261284224689 ], [ 4449783.565104909241199, 748615.92713019112125 ], [ 4449783.565104909241199, 748653.351647539995611 ], [ 4449783.565104909241199, 748690.776164888869971 ], [ 4449783.565104909241199, 748728.200682237744331 ], [ 4449783.565104909241199, 748765.625199586618692 ], [ 4449783.565104909241199, 748803.049716935493052 ], [ 4449783.565104909241199, 748840.474234284367412 ], [ 4449783.565104909241199, 748877.898751633241773 ], [ 4449783.565104909241199, 748915.323268982116133 ], [ 4449783.565104909241199, 748952.747786330990493 ], [ 4449783.565104909241199, 748990.172303679864854 ], [ 4449783.565104909241199, 749027.596821028739214 ], [ 4449757.101974909193814, 749054.0599510287866 ], [ 4449719.677457560785115, 749054.0599510287866 ], [ 4449682.252940212376416, 749054.0599510287866 ], [ 4449644.828422863967717, 749054.0599510287866 ], [ 4449607.403905515559018, 749054.0599510287866 ], [ 4449580.940775515511632, 749080.523081028833985 ], [ 4449580.940775515511632, 749117.947598377708346 ], [ 4449580.940775515511632, 749155.372115726582706 ], [ 4449580.940775515511632, 749192.796633075457066 ], [ 4449580.940775515511632, 749230.221150424331427 ], [ 4449580.940775515511632, 749267.645667773205787 ], [ 4449580.940775515511632, 749305.070185122080147 ], [ 4449580.940775515511632, 749342.494702470954508 ], [ 4449580.940775515511632, 749379.919219819828868 ], [ 4449543.516258167102933, 749379.919219819828868 ], [ 4449506.091740818694234, 749379.919219819828868 ], [ 4449468.667223470285535, 749379.919219819828868 ], [ 4449431.242706121876836, 749379.919219819828868 ], [ 4449393.818188773468137, 749379.919219819828868 ], [ 4449356.393671425059438, 749379.919219819828868 ], [ 4449318.969154076650739, 749379.919219819828868 ], [ 4449281.54463672824204, 749379.919219819828868 ], [ 4449281.54463672824204, 749417.343737168703228 ], [ 4449281.54463672824204, 749454.768254517577589 ], [ 4449281.54463672824204, 749492.192771866451949 ], [ 4449281.54463672824204, 749529.617289215326309 ], [ 4449255.081506728194654, 749556.080419215373695 ], [ 4449217.656989379785955, 749556.080419215373695 ], [ 4449180.232472031377256, 749556.080419215373695 ], [ 4449142.807954682968557, 749556.080419215373695 ], [ 4449105.383437334559858, 749556.080419215373695 ], [ 4449067.958919986151159, 749556.080419215373695 ], [ 4449030.53440263774246, 749556.080419215373695 ], [ 4448993.109885289333761, 749556.080419215373695 ], [ 4448955.685367940925062, 749556.080419215373695 ], [ 4448955.685367940925062, 749593.504936564248055 ], [ 4448955.685367940925062, 749630.929453913122416 ], [ 4448955.685367940925062, 749668.353971261996776 ], [ 4448955.685367940925062, 749705.778488610871136 ], [ 4448929.222237940877676, 749732.241618610918522 ], [ 4448891.797720592468977, 749732.241618610918522 ], [ 4448854.373203244060278, 749732.241618610918522 ], [ 4448816.948685895651579, 749732.241618610918522 ], [ 4448779.52416854724288, 749732.241618610918522 ], [ 4448779.52416854724288, 749769.666135959792882 ], [ 4448779.52416854724288, 749807.090653308667243 ], [ 4448779.52416854724288, 749844.515170657541603 ], [ 4448779.52416854724288, 749881.939688006415963 ], [ 4448742.099651198834181, 749881.939688006415963 ], [ 4448704.675133850425482, 749881.939688006415963 ], [ 4448667.250616502016783, 749881.939688006415963 ], [ 4448629.826099153608084, 749881.939688006415963 ], [ 4448592.401581805199385, 749881.939688006415963 ], [ 4448554.977064456790686, 749881.939688006415963 ], [ 4448517.552547108381987, 749881.939688006415963 ], [ 4448480.128029759973288, 749881.939688006415963 ], [ 4448442.703512411564589, 749881.939688006415963 ], [ 4448442.703512411564589, 749919.364205355290323 ], [ 4448442.703512411564589, 749956.788722704164684 ], [ 4448442.703512411564589, 749994.213240053039044 ], [ 4448442.703512411564589, 750031.637757401913404 ], [ 4448416.240382411517203, 750058.10088740196079 ], [ 4448378.815865063108504, 750058.10088740196079 ], [ 4448341.391347714699805, 750058.10088740196079 ], [ 4448303.966830366291106, 750058.10088740196079 ], [ 4448303.966830366291106, 750095.52540475083515 ], [ 4448303.966830366291106, 750132.949922099709511 ], [ 4448303.966830366291106, 750170.374439448583871 ], [ 4448303.966830366291106, 750207.798956797458231 ], [ 4448266.542313017882407, 750207.798956797458231 ], [ 4448229.117795669473708, 750207.798956797458231 ], [ 4448191.693278321065009, 750207.798956797458231 ], [ 4448154.26876097265631, 750207.798956797458231 ], [ 4448116.844243624247611, 750207.798956797458231 ], [ 4448079.419726275838912, 750207.798956797458231 ], [ 4448041.995208927430212, 750207.798956797458231 ], [ 4448004.570691579021513, 750207.798956797458231 ], [ 4447967.146174230612814, 750207.798956797458231 ], [ 4447940.683044230565429, 750234.262086797505617 ], [ 4447940.683044230565429, 750271.686604146379977 ], [ 4447940.683044230565429, 750309.111121495254338 ], [ 4447940.683044230565429, 750346.535638844128698 ], [ 4447914.219914230518043, 750372.998768844176084 ], [ 4447876.795396882109344, 750372.998768844176084 ], [ 4447839.370879533700645, 750372.998768844176084 ], [ 4447801.946362185291946, 750372.998768844176084 ], [ 4447775.48323218524456, 750399.461898844223469 ], [ 4447775.48323218524456, 750436.88641619309783 ], [ 4447775.48323218524456, 750474.31093354197219 ], [ 4447775.48323218524456, 750511.73545089084655 ], [ 4447749.020102185197175, 750538.198580890893936 ], [ 4447711.595584836788476, 750538.198580890893936 ], [ 4447674.171067488379776, 750538.198580890893936 ], [ 4447636.746550139971077, 750538.198580890893936 ], [ 4447599.322032791562378, 750538.198580890893936 ], [ 4447561.897515443153679, 750538.198580890893936 ], [ 4447524.47299809474498, 750538.198580890893936 ], [ 4447487.048480746336281, 750538.198580890893936 ], [ 4447449.623963397927582, 750538.198580890893936 ], [ 4447412.199446049518883, 750538.198580890893936 ], [ 4447374.774928701110184, 750538.198580890893936 ], [ 4447337.350411352701485, 750538.198580890893936 ], [ 4447299.925894004292786, 750538.198580890893936 ], [ 4447262.501376655884087, 750538.198580890893936 ], [ 4447225.076859307475388, 750538.198580890893936 ], [ 4447187.652341959066689, 750538.198580890893936 ], [ 4447150.22782461065799, 750538.198580890893936 ], [ 4447112.803307262249291, 750538.198580890893936 ], [ 4447075.378789913840592, 750538.198580890893936 ], [ 4447037.954272565431893, 750538.198580890893936 ], [ 4447000.529755217023194, 750538.198580890893936 ], [ 4446963.105237868614495, 750538.198580890893936 ], [ 4446925.680720520205796, 750538.198580890893936 ], [ 4446888.256203171797097, 750538.198580890893936 ], [ 4446850.831685823388398, 750538.198580890893936 ], [ 4446813.407168474979699, 750538.198580890893936 ], [ 4446775.982651126571, 750538.198580890893936 ], [ 4446738.558133778162301, 750538.198580890893936 ], [ 4446701.133616429753602, 750538.198580890893936 ], [ 4446663.709099081344903, 750538.198580890893936 ], [ 4446626.284581732936203, 750538.198580890893936 ], [ 4446588.860064384527504, 750538.198580890893936 ], [ 4446551.435547036118805, 750538.198580890893936 ], [ 4446514.011029687710106, 750538.198580890893936 ], [ 4446476.586512339301407, 750538.198580890893936 ], [ 4446439.161994990892708, 750538.198580890893936 ], [ 4446401.737477642484009, 750538.198580890893936 ], [ 4446364.31296029407531, 750538.198580890893936 ], [ 4446326.888442945666611, 750538.198580890893936 ], [ 4446289.463925597257912, 750538.198580890893936 ], [ 4446252.039408248849213, 750538.198580890893936 ], [ 4446214.614890900440514, 750538.198580890893936 ], [ 4446177.190373552031815, 750538.198580890893936 ], [ 4446139.765856203623116, 750538.198580890893936 ], [ 4446102.341338855214417, 750538.198580890893936 ], [ 4446064.916821506805718, 750538.198580890893936 ], [ 4446027.492304158397019, 750538.198580890893936 ], [ 4445990.06778680998832, 750538.198580890893936 ], [ 4445952.643269461579621, 750538.198580890893936 ], [ 4445915.218752113170922, 750538.198580890893936 ], [ 4445877.794234764762223, 750538.198580890893936 ], [ 4445840.369717416353524, 750538.198580890893936 ], [ 4445802.945200067944825, 750538.198580890893936 ], [ 4445765.520682719536126, 750538.198580890893936 ], [ 4445728.096165371127427, 750538.198580890893936 ], [ 4445690.671648022718728, 750538.198580890893936 ], [ 4445653.247130674310029, 750538.198580890893936 ], [ 4445615.82261332590133, 750538.198580890893936 ], [ 4445578.39809597749263, 750538.198580890893936 ], [ 4445540.973578629083931, 750538.198580890893936 ], [ 4445503.549061280675232, 750538.198580890893936 ], [ 4445466.124543932266533, 750538.198580890893936 ], [ 4445428.700026583857834, 750538.198580890893936 ], [ 4445391.275509235449135, 750538.198580890893936 ], [ 4445353.850991887040436, 750538.198580890893936 ], [ 4445316.426474538631737, 750538.198580890893936 ], [ 4445279.001957190223038, 750538.198580890893936 ], [ 4445241.577439841814339, 750538.198580890893936 ], [ 4445204.15292249340564, 750538.198580890893936 ], [ 4445166.728405144996941, 750538.198580890893936 ], [ 4445166.728405144996941, 750575.623098239768296 ], [ 4445166.728405144996941, 750613.047615588642657 ], [ 4445166.728405144996941, 750650.472132937517017 ], [ 4445166.728405144996941, 750687.896650286391377 ], [ 4445140.265275144949555, 750714.359780286438763 ], [ 4445102.840757796540856, 750714.359780286438763 ], [ 4445065.416240448132157, 750714.359780286438763 ], [ 4445027.991723099723458, 750714.359780286438763 ], [ 4444990.567205751314759, 750714.359780286438763 ], [ 4444953.14268840290606, 750714.359780286438763 ], [ 4444915.718171054497361, 750714.359780286438763 ], [ 4444878.293653706088662, 750714.359780286438763 ], [ 4444840.869136357679963, 750714.359780286438763 ], [ 4444803.444619009271264, 750714.359780286438763 ], [ 4444766.020101660862565, 750714.359780286438763 ], [ 4444728.595584312453866, 750714.359780286438763 ], [ 4444691.171066964045167, 750714.359780286438763 ], [ 4444653.746549615636468, 750714.359780286438763 ], [ 4444616.322032267227769, 750714.359780286438763 ], [ 4444578.89751491881907, 750714.359780286438763 ], [ 4444541.472997570410371, 750714.359780286438763 ], [ 4444504.048480222001672, 750714.359780286438763 ], [ 4444466.623962873592973, 750714.359780286438763 ], [ 4444429.199445525184274, 750714.359780286438763 ], [ 4444391.774928176775575, 750714.359780286438763 ], [ 4444354.350410828366876, 750714.359780286438763 ], [ 4444333.367974502965808, 750674.6650852864841 ], [ 4444334.84024858660996, 750634.970390286529437 ], [ 4444334.84024858660996, 750597.545872937655076 ], [ 4444334.84024858660996, 750560.121355588780716 ], [ 4444297.415731238201261, 750560.121355588780716 ], [ 4444259.991213889792562, 750560.121355588780716 ], [ 4444222.566696541383862, 750560.121355588780716 ], [ 4444185.142179192975163, 750560.121355588780716 ], [ 4444147.717661844566464, 750560.121355588780716 ], [ 4444110.293144496157765, 750560.121355588780716 ], [ 4444072.868627147749066, 750560.121355588780716 ], [ 4444035.444109799340367, 750560.121355588780716 ], [ 4443998.019592450931668, 750560.121355588780716 ], [ 4443960.595075102522969, 750560.121355588780716 ], [ 4443923.17055775411427, 750560.121355588780716 ], [ 4443885.746040405705571, 750560.121355588780716 ], [ 4443848.321523057296872, 750560.121355588780716 ], [ 4443810.897005708888173, 750560.121355588780716 ], [ 4443773.472488360479474, 750560.121355588780716 ], [ 4443736.047971012070775, 750560.121355588780716 ], [ 4443698.623453663662076, 750560.121355588780716 ], [ 4443661.198936315253377, 750560.121355588780716 ], [ 4443623.774418966844678, 750560.121355588780716 ], [ 4443586.349901618435979, 750560.121355588780716 ], [ 4443548.92538427002728, 750560.121355588780716 ], [ 4443511.500866921618581, 750560.121355588780716 ], [ 4443511.500866921618581, 750522.696838239906356 ], [ 4443511.500866921618581, 750485.272320891031995 ], [ 4443511.500866921618581, 750447.847803542157635 ], [ 4443511.500866921618581, 750410.423286193283275 ], [ 4443511.500866921618581, 750372.998768844408914 ], [ 4443474.076349573209882, 750372.998768844408914 ], [ 4443436.651832224801183, 750372.998768844408914 ], [ 4443399.227314876392484, 750372.998768844408914 ], [ 4443361.802797527983785, 750372.998768844408914 ], [ 4443324.378280179575086, 750372.998768844408914 ], [ 4443286.953762831166387, 750372.998768844408914 ], [ 4443249.529245482757688, 750372.998768844408914 ], [ 4443212.104728134348989, 750372.998768844408914 ], [ 4443174.680210785940289, 750372.998768844408914 ], [ 4443137.25569343753159, 750372.998768844408914 ], [ 4443099.831176089122891, 750372.998768844408914 ], [ 4443062.406658740714192, 750372.998768844408914 ], [ 4443024.982141392305493, 750372.998768844408914 ], [ 4442987.557624043896794, 750372.998768844408914 ], [ 4442950.133106695488095, 750372.998768844408914 ], [ 4442912.708589347079396, 750372.998768844408914 ], [ 4442875.284071998670697, 750372.998768844408914 ], [ 4442837.859554650261998, 750372.998768844408914 ], [ 4442800.435037301853299, 750372.998768844408914 ], [ 4442763.0105199534446, 750372.998768844408914 ], [ 4442725.586002605035901, 750372.998768844408914 ], [ 4442688.161485256627202, 750372.998768844408914 ], [ 4442650.736967908218503, 750372.998768844408914 ], [ 4442613.312450559809804, 750372.998768844408914 ], [ 4442575.887933211401105, 750372.998768844408914 ], [ 4442538.463415862992406, 750372.998768844408914 ], [ 4442501.038898514583707, 750372.998768844408914 ], [ 4442501.038898514583707, 750335.574251495534554 ], [ 4442501.038898514583707, 750298.149734146660194 ], [ 4442501.038898514583707, 750260.725216797785833 ], [ 4442501.038898514583707, 750223.300699448911473 ], [ 4442463.614381166175008, 750223.300699448911473 ], [ 4442426.189863817766309, 750223.300699448911473 ], [ 4442388.76534646935761, 750223.300699448911473 ], [ 4442351.340829120948911, 750223.300699448911473 ], [ 4442351.340829120948911, 750260.725216797785833 ], [ 4442351.340829120948911, 750298.149734146660194 ], [ 4442351.340829120948911, 750335.574251495534554 ], [ 4442351.340829120948911, 750372.998768844408914 ], [ 4442313.916311772540212, 750372.998768844408914 ], [ 4442276.491794424131513, 750372.998768844408914 ], [ 4442239.067277075722814, 750372.998768844408914 ], [ 4442201.642759727314115, 750372.998768844408914 ], [ 4442164.218242378905416, 750372.998768844408914 ], [ 4442126.793725030496716, 750372.998768844408914 ], [ 4442089.369207682088017, 750372.998768844408914 ], [ 4442051.944690333679318, 750372.998768844408914 ], [ 4442014.520172985270619, 750372.998768844408914 ], [ 4441977.09565563686192, 750372.998768844408914 ], [ 4441939.671138288453221, 750372.998768844408914 ], [ 4441902.246620940044522, 750372.998768844408914 ], [ 4441864.822103591635823, 750372.998768844408914 ], [ 4441864.822103591635823, 750410.423286193283275 ], [ 4441864.822103591635823, 750447.847803542157635 ], [ 4441864.822103591635823, 750485.272320891031995 ], [ 4441864.822103591635823, 750522.696838239906356 ], [ 4441838.358973591588438, 750549.159968239953741 ], [ 4441800.934456243179739, 750549.159968239953741 ], [ 4441763.509938894771039, 750549.159968239953741 ], [ 4441726.08542154636234, 750549.159968239953741 ], [ 4441688.660904197953641, 750549.159968239953741 ], [ 4441651.236386849544942, 750549.159968239953741 ], [ 4441613.811869501136243, 750549.159968239953741 ], [ 4441576.387352152727544, 750549.159968239953741 ], [ 4441538.962834804318845, 750549.159968239953741 ], [ 4441501.538317455910146, 750549.159968239953741 ], [ 4441464.113800107501447, 750549.159968239953741 ], [ 4441426.689282759092748, 750549.159968239953741 ], [ 4441389.264765410684049, 750549.159968239953741 ], [ 4441351.84024806227535, 750549.159968239953741 ], [ 4441314.415730713866651, 750549.159968239953741 ], [ 4441276.991213365457952, 750549.159968239953741 ], [ 4441239.566696017049253, 750549.159968239953741 ], [ 4441213.103566017001867, 750575.623098240001127 ], [ 4441213.103566017001867, 750613.047615588875487 ], [ 4441213.103566017001867, 750650.472132937749848 ], [ 4441213.103566017001867, 750687.896650286624208 ], [ 4441186.640436016954482, 750714.359780286671594 ], [ 4441149.215918668545783, 750714.359780286671594 ], [ 4441111.791401320137084, 750714.359780286671594 ], [ 4441074.366883971728384, 750714.359780286671594 ], [ 4441036.942366623319685, 750714.359780286671594 ], [ 4440999.517849274910986, 750714.359780286671594 ], [ 4440962.093331926502287, 750714.359780286671594 ], [ 4440924.668814578093588, 750714.359780286671594 ], [ 4440887.244297229684889, 750714.359780286671594 ], [ 4440849.81977988127619, 750714.359780286671594 ], [ 4440812.395262532867491, 750714.359780286671594 ], [ 4440774.970745184458792, 750714.359780286671594 ], [ 4440737.546227836050093, 750714.359780286671594 ], [ 4440700.121710487641394, 750714.359780286671594 ], [ 4440700.121710487641394, 750676.935262937797233 ], [ 4440700.121710487641394, 750639.510745588922873 ], [ 4440700.121710487641394, 750602.086228240048513 ], [ 4440700.121710487641394, 750564.661710891174152 ], [ 4440673.658580487594008, 750538.198580891126767 ], [ 4440636.234063139185309, 750538.198580891126767 ], [ 4440598.80954579077661, 750538.198580891126767 ], [ 4440561.385028442367911, 750538.198580891126767 ], [ 4440561.385028442367911, 750575.623098240001127 ], [ 4440561.385028442367911, 750613.047615588875487 ], [ 4440561.385028442367911, 750650.472132937749848 ], [ 4440561.385028442367911, 750687.896650286624208 ], [ 4440534.921898442320526, 750714.359780286671594 ], [ 4440497.497381093911827, 750714.359780286671594 ], [ 4440460.072863745503128, 750714.359780286671594 ], [ 4440422.648346397094429, 750714.359780286671594 ], [ 4440385.22382904868573, 750714.359780286671594 ], [ 4440347.79931170027703, 750714.359780286671594 ], [ 4440310.374794351868331, 750714.359780286671594 ], [ 4440272.950277003459632, 750714.359780286671594 ], [ 4440235.525759655050933, 750714.359780286671594 ], [ 4440198.101242306642234, 750714.359780286671594 ], [ 4440160.676724958233535, 750714.359780286671594 ], [ 4440123.252207609824836, 750714.359780286671594 ], [ 4440085.827690261416137, 750714.359780286671594 ], [ 4440048.403172913007438, 750714.359780286671594 ], [ 4440010.978655564598739, 750714.359780286671594 ], [ 4439973.55413821619004, 750714.359780286671594 ], [ 4439936.129620867781341, 750714.359780286671594 ], [ 4439898.705103519372642, 750714.359780286671594 ], [ 4439898.705103519372642, 750751.784297635545954 ], [ 4439898.705103519372642, 750789.208814984420314 ], [ 4439898.705103519372642, 750826.633332333294675 ], [ 4439898.705103519372642, 750864.057849682169035 ], [ 4439872.241973519325256, 750890.520979682216421 ], [ 4439834.817456170916557, 750890.520979682216421 ], [ 4439797.392938822507858, 750890.520979682216421 ], [ 4439759.968421474099159, 750890.520979682216421 ], [ 4439733.505291474051774, 750916.984109682263806 ], [ 4439733.505291474051774, 750954.408627031138167 ], [ 4439733.505291474051774, 750991.833144380012527 ], [ 4439733.505291474051774, 751029.257661728886887 ], [ 4439707.042161474004388, 751055.720791728934273 ], [ 4439669.617644125595689, 751055.720791728934273 ], [ 4439632.19312677718699, 751055.720791728934273 ], [ 4439594.768609428778291, 751055.720791728934273 ], [ 4439557.344092080369592, 751055.720791728934273 ], [ 4439557.344092080369592, 751093.145309077808633 ], [ 4439557.344092080369592, 751130.569826426682994 ], [ 4439557.344092080369592, 751167.994343775557354 ], [ 4439557.344092080369592, 751205.418861124431714 ], [ 4439519.919574731960893, 751205.418861124431714 ], [ 4439482.495057383552194, 751205.418861124431714 ], [ 4439445.070540035143495, 751205.418861124431714 ], [ 4439407.646022686734796, 751205.418861124431714 ], [ 4439407.646022686734796, 751242.843378473306075 ], [ 4439407.646022686734796, 751280.267895822180435 ], [ 4439407.646022686734796, 751317.692413171054795 ], [ 4439407.646022686734796, 751355.116930519929156 ], [ 4439381.18289268668741, 751381.580060519976541 ], [ 4439343.758375338278711, 751381.580060519976541 ], [ 4439306.333857989870012, 751381.580060519976541 ], [ 4439268.909340641461313, 751381.580060519976541 ], [ 4439231.484823293052614, 751381.580060519976541 ], [ 4439231.484823293052614, 751419.004577868850902 ], [ 4439231.484823293052614, 751456.429095217725262 ], [ 4439231.484823293052614, 751493.853612566599622 ], [ 4439231.484823293052614, 751531.278129915473983 ], [ 4439194.060305944643915, 751531.278129915473983 ], [ 4439156.635788596235216, 751531.278129915473983 ], [ 4439119.211271247826517, 751531.278129915473983 ], [ 4439081.786753899417818, 751531.278129915473983 ], [ 4439044.362236551009119, 751531.278129915473983 ], [ 4439006.93771920260042, 751531.278129915473983 ], [ 4438969.51320185419172, 751531.278129915473983 ], [ 4438932.088684505783021, 751531.278129915473983 ], [ 4438932.088684505783021, 751568.702647264348343 ], [ 4438932.088684505783021, 751606.127164613222703 ], [ 4438932.088684505783021, 751643.551681962097064 ], [ 4438932.088684505783021, 751680.976199310971424 ], [ 4438932.088684505783021, 751718.400716659845784 ], [ 4438932.088684505783021, 751755.825234008720145 ], [ 4438932.088684505783021, 751793.249751357594505 ], [ 4438932.088684505783021, 751830.674268706468865 ], [ 4438932.088684505783021, 751868.098786055343226 ], [ 4438894.664167157374322, 751868.098786055343226 ], [ 4438857.239649808965623, 751868.098786055343226 ], [ 4438819.815132460556924, 751868.098786055343226 ], [ 4438782.390615112148225, 751868.098786055343226 ], [ 4438744.966097763739526, 751868.098786055343226 ], [ 4438744.966097763739526, 751905.523303404217586 ], [ 4438744.966097763739526, 751942.947820753091946 ], [ 4438744.966097763739526, 751980.372338101966307 ], [ 4438744.966097763739526, 752017.796855450840667 ], [ 4438718.502967763692141, 752044.259985450888053 ], [ 4438681.078450415283442, 752044.259985450888053 ], [ 4438643.653933066874743, 752044.259985450888053 ], [ 4438606.229415718466043, 752044.259985450888053 ], [ 4438568.804898370057344, 752044.259985450888053 ], [ 4438531.380381021648645, 752044.259985450888053 ], [ 4438493.955863673239946, 752044.259985450888053 ], [ 4438456.531346324831247, 752044.259985450888053 ], [ 4438419.106828976422548, 752044.259985450888053 ], [ 4438419.106828976422548, 752081.684502799762413 ], [ 4438419.106828976422548, 752119.109020148636773 ], [ 4438419.106828976422548, 752156.533537497511134 ], [ 4438419.106828976422548, 752193.958054846385494 ], [ 4438381.682311628013849, 752193.958054846385494 ], [ 4438344.25779427960515, 752193.958054846385494 ], [ 4438306.833276931196451, 752193.958054846385494 ], [ 4438269.408759582787752, 752193.958054846385494 ], [ 4438269.408759582787752, 752231.382572195259854 ], [ 4438269.408759582787752, 752268.807089544134215 ], [ 4438269.408759582787752, 752306.231606893008575 ], [ 4438269.408759582787752, 752343.656124241882935 ], [ 4438242.945629582740366, 752370.119254241930321 ], [ 4438205.521112234331667, 752370.119254241930321 ], [ 4438168.096594885922968, 752370.119254241930321 ], [ 4438130.672077537514269, 752370.119254241930321 ], [ 4438093.24756018910557, 752370.119254241930321 ], [ 4438093.24756018910557, 752407.543771590804681 ], [ 4438093.24756018910557, 752444.968288939679042 ], [ 4438093.24756018910557, 752482.392806288553402 ], [ 4438093.24756018910557, 752519.817323637427762 ], [ 4438066.784430189058185, 752546.280453637475148 ], [ 4438029.359912840649486, 752546.280453637475148 ], [ 4437991.935395492240787, 752546.280453637475148 ], [ 4437954.510878143832088, 752546.280453637475148 ], [ 4437917.086360795423388, 752546.280453637475148 ], [ 4437917.086360795423388, 752583.704970986349508 ], [ 4437917.086360795423388, 752621.129488335223868 ], [ 4437917.086360795423388, 752658.554005684098229 ], [ 4437917.086360795423388, 752695.978523032972589 ], [ 4437879.661843447014689, 752695.978523032972589 ], [ 4437842.23732609860599, 752695.978523032972589 ], [ 4437804.812808750197291, 752695.978523032972589 ], [ 4437767.388291401788592, 752695.978523032972589 ], [ 4437767.388291401788592, 752733.403040381846949 ], [ 4437767.388291401788592, 752770.82755773072131 ], [ 4437767.388291401788592, 752808.25207507959567 ], [ 4437767.388291401788592, 752845.67659242847003 ], [ 4437740.925161401741207, 752872.139722428517416 ], [ 4437703.500644053332508, 752872.139722428517416 ], [ 4437666.076126704923809, 752872.139722428517416 ], [ 4437628.65160935651511, 752872.139722428517416 ], [ 4437591.227092008106411, 752872.139722428517416 ], [ 4437564.763962008059025, 752845.67659242847003 ], [ 4437564.763962008059025, 752808.25207507959567 ], [ 4437564.763962008059025, 752770.82755773072131 ], [ 4437564.763962008059025, 752733.403040381846949 ], [ 4437564.763962008059025, 752695.978523032972589 ], [ 4437527.339444659650326, 752695.978523032972589 ], [ 4437489.914927311241627, 752695.978523032972589 ], [ 4437452.490409962832928, 752695.978523032972589 ], [ 4437452.490409962832928, 752733.403040381846949 ], [ 4437452.490409962832928, 752770.82755773072131 ], [ 4437452.490409962832928, 752808.25207507959567 ], [ 4437452.490409962832928, 752845.67659242847003 ], [ 4437426.027279962785542, 752872.139722428517416 ], [ 4437388.602762614376843, 752872.139722428517416 ], [ 4437351.178245265968144, 752872.139722428517416 ], [ 4437313.753727917559445, 752872.139722428517416 ], [ 4437276.329210569150746, 752872.139722428517416 ], [ 4437249.86608056910336, 752898.602852428564802 ], [ 4437249.86608056910336, 752936.027369777439162 ], [ 4437249.86608056910336, 752973.451887126313522 ], [ 4437249.86608056910336, 753010.876404475187883 ], [ 4437223.402950569055974, 753037.339534475235268 ], [ 4437185.978433220647275, 753037.339534475235268 ], [ 4437148.553915872238576, 753037.339534475235268 ], [ 4437111.129398523829877, 753037.339534475235268 ], [ 4437073.704881175421178, 753037.339534475235268 ], [ 4437036.280363827012479, 753037.339534475235268 ], [ 4436998.85584647860378, 753037.339534475235268 ], [ 4436961.431329130195081, 753037.339534475235268 ], [ 4436934.968199130147696, 753063.802664475282654 ], [ 4436934.968199130147696, 753101.227181824157014 ], [ 4436934.968199130147696, 753138.651699173031375 ], [ 4436934.968199130147696, 753176.076216521905735 ], [ 4436934.968199130147696, 753213.500733870780095 ], [ 4436934.968199130147696, 753250.925251219654456 ], [ 4436934.968199130147696, 753288.349768568528816 ], [ 4436934.968199130147696, 753325.774285917403176 ], [ 4436908.50506913010031, 753352.237415917450562 ], [ 4436871.080551781691611, 753352.237415917450562 ], [ 4436833.656034433282912, 753352.237415917450562 ], [ 4436796.231517084874213, 753352.237415917450562 ], [ 4436758.806999736465514, 753352.237415917450562 ], [ 4436758.806999736465514, 753314.812898568576202 ], [ 4436758.806999736465514, 753277.388381219701841 ], [ 4436758.806999736465514, 753239.963863870827481 ], [ 4436758.806999736465514, 753202.539346521953121 ], [ 4436758.806999736465514, 753165.114829173078761 ], [ 4436758.806999736465514, 753127.6903118242044 ], [ 4436758.806999736465514, 753090.26579447533004 ], [ 4436758.806999736465514, 753052.84127712645568 ], [ 4436732.343869736418128, 753026.378147126408294 ], [ 4436694.919352388009429, 753026.378147126408294 ], [ 4436657.49483503960073, 753026.378147126408294 ], [ 4436620.070317691192031, 753026.378147126408294 ], [ 4436620.070317691192031, 753063.802664475282654 ], [ 4436620.070317691192031, 753101.227181824157014 ], [ 4436620.070317691192031, 753138.651699173031375 ], [ 4436620.070317691192031, 753176.076216521905735 ], [ 4436620.070317691192031, 753213.500733870780095 ], [ 4436620.070317691192031, 753250.925251219654456 ], [ 4436620.070317691192031, 753288.349768568528816 ], [ 4436620.070317691192031, 753325.774285917403176 ], [ 4436593.607187691144645, 753352.237415917450562 ], [ 4436556.182670342735946, 753352.237415917450562 ], [ 4436518.758152994327247, 753352.237415917450562 ], [ 4436481.333635645918548, 753352.237415917450562 ], [ 4436443.909118297509849, 753352.237415917450562 ], [ 4436443.909118297509849, 753389.661933266324922 ], [ 4436443.909118297509849, 753427.086450615199283 ], [ 4436443.909118297509849, 753464.510967964073643 ], [ 4436443.909118297509849, 753501.935485312948003 ], [ 4436417.445988297462463, 753528.398615312995389 ], [ 4436380.021470949053764, 753528.398615312995389 ], [ 4436342.596953600645065, 753528.398615312995389 ], [ 4436305.172436252236366, 753528.398615312995389 ], [ 4436267.747918903827667, 753528.398615312995389 ], [ 4436230.323401555418968, 753528.398615312995389 ], [ 4436192.898884207010269, 753528.398615312995389 ], [ 4436155.47436685860157, 753528.398615312995389 ], [ 4436118.049849510192871, 753528.398615312995389 ], [ 4436080.625332161784172, 753528.398615312995389 ], [ 4436043.200814813375473, 753528.398615312995389 ], [ 4436005.776297464966774, 753528.398615312995389 ], [ 4435968.351780116558075, 753528.398615312995389 ], [ 4435968.351780116558075, 753565.823132661869749 ], [ 4435968.351780116558075, 753603.24765001074411 ], [ 4435968.351780116558075, 753640.67216735961847 ], [ 4435968.351780116558075, 753678.09668470849283 ], [ 4435930.927262768149376, 753678.09668470849283 ], [ 4435893.502745419740677, 753678.09668470849283 ], [ 4435856.078228071331978, 753678.09668470849283 ], [ 4435818.653710722923279, 753678.09668470849283 ], [ 4435792.190580722875893, 753704.559814708540216 ], [ 4435792.190580722875893, 753741.984332057414576 ], [ 4435792.190580722875893, 753779.408849406288937 ], [ 4435792.190580722875893, 753816.833366755163297 ], [ 4435765.727450722828507, 753843.296496755210683 ], [ 4435728.302933374419808, 753843.296496755210683 ], [ 4435690.878416026011109, 753843.296496755210683 ], [ 4435653.45389867760241, 753843.296496755210683 ], [ 4435616.029381329193711, 753843.296496755210683 ], [ 4435578.604863980785012, 753843.296496755210683 ], [ 4435541.180346632376313, 753843.296496755210683 ], [ 4435503.755829283967614, 753843.296496755210683 ], [ 4435466.331311935558915, 753843.296496755210683 ], [ 4435428.906794587150216, 753843.296496755210683 ], [ 4435391.482277238741517, 753843.296496755210683 ], [ 4435354.057759890332818, 753843.296496755210683 ], [ 4435316.633242541924119, 753843.296496755210683 ], [ 4435279.20872519351542, 753843.296496755210683 ], [ 4435241.784207845106721, 753843.296496755210683 ], [ 4435204.359690496698022, 753843.296496755210683 ], [ 4435166.935173148289323, 753843.296496755210683 ], [ 4435129.510655799880624, 753843.296496755210683 ], [ 4435129.510655799880624, 753880.721014104085043 ], [ 4435129.510655799880624, 753918.145531452959403 ], [ 4435129.510655799880624, 753955.570048801833764 ], [ 4435129.510655799880624, 753992.994566150708124 ], [ 4435103.047525799833238, 754019.45769615075551 ], [ 4435065.623008451424539, 754019.45769615075551 ], [ 4435028.19849110301584, 754019.45769615075551 ], [ 4434990.773973754607141, 754019.45769615075551 ], [ 4434953.349456406198442, 754019.45769615075551 ], [ 4434953.349456406198442, 754056.88221349962987 ], [ 4434953.349456406198442, 754094.30673084850423 ], [ 4434953.349456406198442, 754131.731248197378591 ], [ 4434953.349456406198442, 754169.155765546252951 ], [ 4434926.886326406151056, 754195.618895546300337 ], [ 4434889.461809057742357, 754195.618895546300337 ], [ 4434852.037291709333658, 754195.618895546300337 ], [ 4434814.612774360924959, 754195.618895546300337 ], [ 4434777.18825701251626, 754195.618895546300337 ], [ 4434739.763739664107561, 754195.618895546300337 ], [ 4434702.339222315698862, 754195.618895546300337 ], [ 4434664.914704967290163, 754195.618895546300337 ], [ 4434627.490187618881464, 754195.618895546300337 ], [ 4434590.065670270472765, 754195.618895546300337 ], [ 4434552.641152922064066, 754195.618895546300337 ], [ 4434515.216635573655367, 754195.618895546300337 ], [ 4434477.792118225246668, 754195.618895546300337 ], [ 4434477.792118225246668, 754233.043412895174697 ], [ 4434477.792118225246668, 754270.467930244049057 ], [ 4434477.792118225246668, 754307.892447592923418 ], [ 4434477.792118225246668, 754345.316964941797778 ], [ 4434440.367600876837969, 754345.316964941797778 ], [ 4434402.94308352842927, 754345.316964941797778 ], [ 4434365.518566180020571, 754345.316964941797778 ], [ 4434328.094048831611872, 754345.316964941797778 ], [ 4434290.669531483203173, 754345.316964941797778 ], [ 4434253.245014134794474, 754345.316964941797778 ], [ 4434215.820496786385775, 754345.316964941797778 ], [ 4434178.395979437977076, 754345.316964941797778 ], [ 4434140.971462089568377, 754345.316964941797778 ], [ 4434140.971462089568377, 754382.741482290672138 ], [ 4434140.971462089568377, 754420.165999639546499 ], [ 4434140.971462089568377, 754457.590516988420859 ], [ 4434140.971462089568377, 754495.015034337295219 ], [ 4434114.508332089520991, 754521.478164337342605 ], [ 4434077.083814741112292, 754521.478164337342605 ], [ 4434039.659297392703593, 754521.478164337342605 ], [ 4434002.234780044294894, 754521.478164337342605 ], [ 4433964.810262695886195, 754521.478164337342605 ], [ 4433927.385745347477496, 754521.478164337342605 ], [ 4433889.961227999068797, 754521.478164337342605 ], [ 4433852.536710650660098, 754521.478164337342605 ], [ 4433815.112193302251399, 754521.478164337342605 ], [ 4433788.649063302204013, 754495.015034337295219 ], [ 4433788.649063302204013, 754457.590516988420859 ], [ 4433788.649063302204013, 754420.165999639546499 ], [ 4433788.649063302204013, 754382.741482290672138 ], [ 4433788.649063302204013, 754345.316964941797778 ], [ 4433788.649063302204013, 754307.892447592923418 ], [ 4433788.649063302204013, 754270.467930244049057 ], [ 4433788.649063302204013, 754233.043412895174697 ], [ 4433788.649063302204013, 754195.618895546300337 ], [ 4433751.224545953795314, 754195.618895546300337 ], [ 4433713.800028605386615, 754195.618895546300337 ], [ 4433676.375511256977916, 754195.618895546300337 ], [ 4433638.950993908569217, 754195.618895546300337 ], [ 4433638.950993908569217, 754158.194378197425976 ], [ 4433638.950993908569217, 754120.769860848551616 ], [ 4433638.950993908569217, 754083.345343499677256 ], [ 4433638.950993908569217, 754045.920826150802895 ], [ 4433638.950993908569217, 754008.496308801928535 ], [ 4433601.526476560160518, 754008.496308801928535 ], [ 4433564.101959211751819, 754008.496308801928535 ], [ 4433526.67744186334312, 754008.496308801928535 ], [ 4433489.252924514934421, 754008.496308801928535 ], [ 4433462.789794514887035, 753982.033178801881149 ], [ 4433462.789794514887035, 753944.608661453006789 ], [ 4433462.789794514887035, 753907.184144104132429 ], [ 4433462.789794514887035, 753869.759626755258068 ], [ 4433436.326664514839649, 753843.296496755210683 ], [ 4433398.90214716643095, 753843.296496755210683 ], [ 4433361.477629818022251, 753843.296496755210683 ], [ 4433324.053112469613552, 753843.296496755210683 ], [ 4433297.589982469566166, 753816.833366755163297 ], [ 4433297.589982469566166, 753779.408849406288937 ], [ 4433297.589982469566166, 753741.984332057414576 ], [ 4433297.589982469566166, 753704.559814708540216 ], [ 4433271.126852469518781, 753678.09668470849283 ], [ 4433233.702335121110082, 753678.09668470849283 ], [ 4433196.277817772701383, 753678.09668470849283 ], [ 4433158.853300424292684, 753678.09668470849283 ], [ 4433132.390170424245298, 753651.633554708445445 ], [ 4433132.390170424245298, 753614.209037359571084 ], [ 4433132.390170424245298, 753576.784520010696724 ], [ 4433132.390170424245298, 753539.360002661822364 ], [ 4433105.927040424197912, 753512.896872661774978 ], [ 4433068.502523075789213, 753512.896872661774978 ], [ 4433031.078005727380514, 753512.896872661774978 ], [ 4432993.653488378971815, 753512.896872661774978 ], [ 4432967.190358378924429, 753486.433742661727592 ], [ 4432967.190358378924429, 753449.009225312853232 ], [ 4432967.190358378924429, 753411.584707963978872 ], [ 4432967.190358378924429, 753374.160190615104511 ], [ 4432940.727228378877044, 753347.697060615057126 ], [ 4432903.302711030468345, 753347.697060615057126 ], [ 4432865.878193682059646, 753347.697060615057126 ], [ 4432828.453676333650947, 753347.697060615057126 ], [ 4432801.990546333603561, 753321.23393061500974 ], [ 4432801.990546333603561, 753283.80941326613538 ], [ 4432801.990546333603561, 753246.384895917261019 ], [ 4432801.990546333603561, 753208.960378568386659 ], [ 4432801.990546333603561, 753171.535861219512299 ], [ 4432801.990546333603561, 753134.111343870637938 ], [ 4432801.990546333603561, 753096.686826521763578 ], [ 4432801.990546333603561, 753059.262309172889218 ], [ 4432801.990546333603561, 753021.837791824014857 ], [ 4432764.566028985194862, 753021.837791824014857 ], [ 4432727.141511636786163, 753021.837791824014857 ], [ 4432689.716994288377464, 753021.837791824014857 ], [ 4432652.292476939968765, 753021.837791824014857 ], [ 4432625.829346939921379, 752995.374661823967472 ], [ 4432625.829346939921379, 752957.950144475093111 ], [ 4432625.829346939921379, 752920.525627126218751 ], [ 4432625.829346939921379, 752883.101109777344391 ], [ 4432599.366216939873993, 752856.637979777297005 ], [ 4432561.941699591465294, 752856.637979777297005 ], [ 4432524.517182243056595, 752856.637979777297005 ], [ 4432487.092664894647896, 752856.637979777297005 ], [ 4432460.629534894600511, 752830.174849777249619 ], [ 4432460.629534894600511, 752792.750332428375259 ], [ 4432460.629534894600511, 752755.325815079500899 ], [ 4432460.629534894600511, 752717.901297730626538 ], [ 4432434.166404894553125, 752691.438167730579153 ], [ 4432396.741887546144426, 752691.438167730579153 ], [ 4432359.317370197735727, 752691.438167730579153 ], [ 4432321.892852849327028, 752691.438167730579153 ], [ 4432295.429722849279642, 752664.975037730531767 ], [ 4432295.429722849279642, 752627.550520381657407 ], [ 4432295.429722849279642, 752590.126003032783046 ], [ 4432295.429722849279642, 752552.701485683908686 ], [ 4432268.966592849232256, 752526.2383556838613 ], [ 4432231.542075500823557, 752526.2383556838613 ], [ 4432194.117558152414858, 752526.2383556838613 ], [ 4432156.693040804006159, 752526.2383556838613 ], [ 4432156.693040804006159, 752488.81383833498694 ], [ 4432156.693040804006159, 752451.38932098611258 ], [ 4432156.693040804006159, 752413.964803637238219 ], [ 4432156.693040804006159, 752376.540286288363859 ], [ 4432156.693040804006159, 752339.115768939489499 ], [ 4432156.693040804006159, 752301.691251590615138 ], [ 4432156.693040804006159, 752264.266734241740778 ], [ 4432156.693040804006159, 752226.842216892866418 ], [ 4432156.693040804006159, 752189.417699543992057 ], [ 4432119.26852345559746, 752189.417699543992057 ], [ 4432081.844006107188761, 752189.417699543992057 ], [ 4432044.419488758780062, 752189.417699543992057 ], [ 4432006.994971410371363, 752189.417699543992057 ], [ 4431980.531841410323977, 752162.954569543944672 ], [ 4431980.531841410323977, 752125.530052195070311 ], [ 4431980.531841410323977, 752088.105534846195951 ], [ 4431980.531841410323977, 752050.681017497321591 ], [ 4431980.531841410323977, 752013.25650014844723 ], [ 4431980.531841410323977, 751975.83198279957287 ], [ 4431980.531841410323977, 751938.40746545069851 ], [ 4431980.531841410323977, 751900.982948101824149 ], [ 4431980.531841410323977, 751863.558430752949789 ], [ 4431943.107324061915278, 751863.558430752949789 ], [ 4431905.682806713506579, 751863.558430752949789 ], [ 4431868.25828936509788, 751863.558430752949789 ], [ 4431830.833772016689181, 751863.558430752949789 ], [ 4431804.370642016641796, 751837.095300752902403 ], [ 4431804.370642016641796, 751799.670783404028043 ], [ 4431804.370642016641796, 751762.246266055153683 ], [ 4431804.370642016641796, 751724.821748706279323 ], [ 4431804.370642016641796, 751687.397231357404962 ], [ 4431804.370642016641796, 751649.972714008530602 ], [ 4431804.370642016641796, 751612.548196659656242 ], [ 4431804.370642016641796, 751575.123679310781881 ], [ 4431804.370642016641796, 751537.699161961907521 ], [ 4431804.370642016641796, 751500.274644613033161 ], [ 4431804.370642016641796, 751462.8501272641588 ], [ 4431804.370642016641796, 751425.42560991528444 ], [ 4431804.370642016641796, 751388.00109256641008 ], [ 4431766.946124668233097, 751388.00109256641008 ], [ 4431729.521607319824398, 751388.00109256641008 ], [ 4431692.097089971415699, 751388.00109256641008 ], [ 4431654.672572623006999, 751388.00109256641008 ], [ 4431654.672572623006999, 751350.576575217535719 ], [ 4431654.672572623006999, 751313.152057868661359 ], [ 4431654.672572623006999, 751275.727540519786999 ], [ 4431654.672572623006999, 751238.303023170912638 ], [ 4431654.672572623006999, 751200.878505822038278 ], [ 4431654.672572623006999, 751163.453988473163918 ], [ 4431654.672572623006999, 751126.029471124289557 ], [ 4431654.672572623006999, 751088.604953775415197 ], [ 4431654.672572623006999, 751051.180436426540837 ], [ 4431617.2480552745983, 751051.180436426540837 ], [ 4431579.823537926189601, 751051.180436426540837 ], [ 4431542.399020577780902, 751051.180436426540837 ], [ 4431504.974503229372203, 751051.180436426540837 ], [ 4431478.511373229324818, 751024.717306426493451 ], [ 4431478.511373229324818, 750987.292789077619091 ], [ 4431478.511373229324818, 750949.86827172874473 ], [ 4431478.511373229324818, 750912.44375437987037 ], [ 4431478.511373229324818, 750875.01923703099601 ], [ 4431478.511373229324818, 750837.594719682121649 ], [ 4431478.511373229324818, 750800.170202333247289 ], [ 4431478.511373229324818, 750762.745684984372929 ], [ 4431478.511373229324818, 750725.321167635498568 ], [ 4431478.511373229324818, 750687.896650286624208 ], [ 4431478.511373229324818, 750650.472132937749848 ], [ 4431478.511373229324818, 750613.047615588875487 ], [ 4431478.511373229324818, 750575.623098240001127 ], [ 4431478.511373229324818, 750538.198580891126767 ], [ 4431441.086855880916119, 750538.198580891126767 ], [ 4431403.66233853250742, 750538.198580891126767 ], [ 4431366.237821184098721, 750538.198580891126767 ], [ 4431339.774691184051335, 750511.735450891079381 ], [ 4431339.774691184051335, 750474.310933542205021 ], [ 4431339.774691184051335, 750436.88641619333066 ], [ 4431339.774691184051335, 750399.4618988444563 ], [ 4431313.311561184003949, 750372.998768844408914 ], [ 4431275.88704383559525, 750372.998768844408914 ], [ 4431238.462526487186551, 750372.998768844408914 ], [ 4431201.038009138777852, 750372.998768844408914 ], [ 4431174.574879138730466, 750346.535638844361529 ], [ 4431174.574879138730466, 750309.111121495487168 ], [ 4431174.574879138730466, 750271.686604146612808 ], [ 4431174.574879138730466, 750234.262086797738448 ], [ 4431174.574879138730466, 750196.837569448864087 ], [ 4431174.574879138730466, 750159.413052099989727 ], [ 4431174.574879138730466, 750121.988534751115367 ], [ 4431174.574879138730466, 750084.564017402241006 ], [ 4431174.574879138730466, 750047.139500053366646 ], [ 4431174.574879138730466, 750009.714982704492286 ], [ 4431174.574879138730466, 749972.290465355617926 ], [ 4431174.574879138730466, 749934.865948006743565 ], [ 4431174.574879138730466, 749897.441430657869205 ], [ 4431174.574879138730466, 749860.016913308994845 ], [ 4431174.574879138730466, 749822.592395960120484 ], [ 4431174.574879138730466, 749785.167878611246124 ], [ 4431174.574879138730466, 749747.743361262371764 ], [ 4431174.574879138730466, 749710.318843913497403 ], [ 4431174.574879138730466, 749672.894326564623043 ], [ 4431174.574879138730466, 749635.469809215748683 ], [ 4431174.574879138730466, 749598.045291866874322 ], [ 4431174.574879138730466, 749560.620774517999962 ], [ 4431137.150361790321767, 749560.620774517999962 ], [ 4431099.725844441913068, 749560.620774517999962 ], [ 4431062.301327093504369, 749560.620774517999962 ], [ 4431024.87680974509567, 749560.620774517999962 ], [ 4430987.452292396686971, 749560.620774517999962 ], [ 4430987.452292396686971, 749523.196257169125602 ], [ 4430987.452292396686971, 749485.771739820251241 ], [ 4430987.452292396686971, 749448.347222471376881 ], [ 4430987.452292396686971, 749410.922705122502521 ], [ 4430987.452292396686971, 749373.49818777362816 ], [ 4430987.452292396686971, 749336.0736704247538 ], [ 4430987.452292396686971, 749298.64915307587944 ], [ 4430987.452292396686971, 749261.224635727005079 ], [ 4430987.452292396686971, 749223.800118378130719 ], [ 4430987.452292396686971, 749186.375601029256359 ], [ 4430987.452292396686971, 749148.951083680381998 ], [ 4430987.452292396686971, 749111.526566331507638 ], [ 4430987.452292396686971, 749074.102048982633278 ], [ 4430960.989162396639585, 749047.638918982585892 ], [ 4430923.564645048230886, 749047.638918982585892 ], [ 4430886.140127699822187, 749047.638918982585892 ], [ 4430848.715610351413488, 749047.638918982585892 ], [ 4430822.252480351366103, 749021.175788982538506 ], [ 4430822.252480351366103, 748983.751271633664146 ], [ 4430822.252480351366103, 748946.326754284789786 ], [ 4430822.252480351366103, 748908.902236935915425 ], [ 4430822.252480351366103, 748871.477719587041065 ], [ 4430822.252480351366103, 748834.053202238166705 ], [ 4430822.252480351366103, 748796.628684889292344 ], [ 4430822.252480351366103, 748759.204167540417984 ], [ 4430822.252480351366103, 748721.779650191543624 ], [ 4430822.252480351366103, 748684.355132842669263 ], [ 4430822.252480351366103, 748646.930615493794903 ], [ 4430822.252480351366103, 748609.506098144920543 ], [ 4430822.252480351366103, 748572.081580796046183 ], [ 4430822.252480351366103, 748534.657063447171822 ], [ 4430822.252480351366103, 748497.232546098297462 ], [ 4430822.252480351366103, 748459.808028749423102 ], [ 4430822.252480351366103, 748422.383511400548741 ], [ 4430795.789350351318717, 748395.920381400501356 ], [ 4430758.364833002910018, 748395.920381400501356 ], [ 4430720.940315654501319, 748395.920381400501356 ], [ 4430683.51579830609262, 748395.920381400501356 ], [ 4430657.052668306045234, 748369.45725140045397 ], [ 4430657.052668306045234, 748332.03273405157961 ], [ 4430657.052668306045234, 748294.608216702705249 ], [ 4430657.052668306045234, 748257.183699353830889 ], [ 4430657.052668306045234, 748219.759182004956529 ], [ 4430657.052668306045234, 748182.334664656082168 ], [ 4430657.052668306045234, 748144.910147307207808 ], [ 4430657.052668306045234, 748107.485629958333448 ], [ 4430657.052668306045234, 748070.061112609459087 ], [ 4430657.052668306045234, 748032.636595260584727 ], [ 4430657.052668306045234, 747995.212077911710367 ], [ 4430657.052668306045234, 747957.787560562836006 ], [ 4430657.052668306045234, 747920.363043213961646 ], [ 4430657.052668306045234, 747882.938525865087286 ], [ 4430657.052668306045234, 747845.514008516212925 ], [ 4430657.052668306045234, 747808.089491167338565 ], [ 4430657.052668306045234, 747770.664973818464205 ], [ 4430657.052668306045234, 747733.240456469589844 ], [ 4430619.628150957636535, 747733.240456469589844 ], [ 4430582.203633609227836, 747733.240456469589844 ], [ 4430544.779116260819137, 747733.240456469589844 ], [ 4430518.315986260771751, 747706.777326469542459 ], [ 4430518.315986260771751, 747669.352809120668098 ], [ 4430518.315986260771751, 747631.928291771793738 ], [ 4430518.315986260771751, 747594.503774422919378 ], [ 4430518.315986260771751, 747557.079257074045017 ], [ 4430518.315986260771751, 747519.654739725170657 ], [ 4430518.315986260771751, 747482.230222376296297 ], [ 4430518.315986260771751, 747444.805705027421936 ], [ 4430518.315986260771751, 747407.381187678547576 ], [ 4430518.315986260771751, 747369.956670329673216 ], [ 4430518.315986260771751, 747332.532152980798855 ], [ 4430518.315986260771751, 747295.107635631924495 ], [ 4430518.315986260771751, 747257.683118283050135 ], [ 4430518.315986260771751, 747220.258600934175774 ], [ 4430518.315986260771751, 747182.834083585301414 ], [ 4430518.315986260771751, 747145.409566236427054 ], [ 4430518.315986260771751, 747107.985048887552693 ], [ 4430518.315986260771751, 747070.560531538678333 ], [ 4430518.315986260771751, 747033.136014189803973 ], [ 4430518.315986260771751, 746995.711496840929613 ], [ 4430518.315986260771751, 746958.286979492055252 ], [ 4430518.315986260771751, 746920.862462143180892 ], [ 4430518.315986260771751, 746883.437944794306532 ], [ 4430518.315986260771751, 746846.013427445432171 ], [ 4430518.315986260771751, 746808.588910096557811 ], [ 4430518.315986260771751, 746771.164392747683451 ], [ 4430518.315986260771751, 746733.73987539880909 ], [ 4430480.891468912363052, 746733.73987539880909 ], [ 4430443.466951563954353, 746733.73987539880909 ], [ 4430406.042434215545654, 746733.73987539880909 ], [ 4430368.617916867136955, 746733.73987539880909 ], [ 4430331.193399518728256, 746733.73987539880909 ], [ 4430331.193399518728256, 746696.31535804993473 ], [ 4430331.193399518728256, 746658.89084070106037 ], [ 4430331.193399518728256, 746621.466323352186009 ], [ 4430331.193399518728256, 746584.041806003311649 ], [ 4430331.193399518728256, 746546.617288654437289 ], [ 4430331.193399518728256, 746509.192771305562928 ], [ 4430331.193399518728256, 746471.768253956688568 ], [ 4430331.193399518728256, 746434.343736607814208 ], [ 4430331.193399518728256, 746396.919219258939847 ], [ 4430331.193399518728256, 746359.494701910065487 ], [ 4430331.193399518728256, 746322.070184561191127 ], [ 4430331.193399518728256, 746284.645667212316766 ], [ 4430331.193399518728256, 746247.221149863442406 ], [ 4430331.193399518728256, 746209.796632514568046 ], [ 4430331.193399518728256, 746172.372115165693685 ], [ 4430331.193399518728256, 746134.947597816819325 ], [ 4430331.193399518728256, 746097.523080467944965 ], [ 4430331.193399518728256, 746060.098563119070604 ], [ 4430331.193399518728256, 746022.674045770196244 ], [ 4430331.193399518728256, 745985.249528421321884 ], [ 4430331.193399518728256, 745947.825011072447523 ], [ 4430331.193399518728256, 745910.400493723573163 ], [ 4430331.193399518728256, 745872.975976374698803 ], [ 4430331.193399518728256, 745835.551459025824443 ], [ 4430331.193399518728256, 745798.126941676950082 ], [ 4430331.193399518728256, 745760.702424328075722 ], [ 4430293.768882170319557, 745760.702424328075722 ], [ 4430256.344364821910858, 745760.702424328075722 ], [ 4430218.919847473502159, 745760.702424328075722 ], [ 4430181.49533012509346, 745760.702424328075722 ], [ 4430155.032200125046074, 745734.239294328028336 ], [ 4430155.032200125046074, 745696.814776979153976 ], [ 4430155.032200125046074, 745659.390259630279616 ], [ 4430155.032200125046074, 745621.965742281405255 ], [ 4430155.032200125046074, 745584.541224932530895 ], [ 4430155.032200125046074, 745547.116707583656535 ], [ 4430155.032200125046074, 745509.692190234782174 ], [ 4430155.032200125046074, 745472.267672885907814 ], [ 4430155.032200125046074, 745434.843155537033454 ], [ 4430155.032200125046074, 745397.418638188159093 ], [ 4430155.032200125046074, 745359.994120839284733 ], [ 4430155.032200125046074, 745322.569603490410373 ], [ 4430155.032200125046074, 745285.145086141536012 ], [ 4430155.032200125046074, 745247.720568792661652 ], [ 4430155.032200125046074, 745210.296051443787292 ], [ 4430155.032200125046074, 745172.871534094912931 ], [ 4430155.032200125046074, 745135.447016746038571 ], [ 4430155.032200125046074, 745098.022499397164211 ], [ 4430155.032200125046074, 745060.59798204828985 ], [ 4430155.032200125046074, 745023.17346469941549 ], [ 4430155.032200125046074, 744985.74894735054113 ], [ 4430155.032200125046074, 744948.324430001666769 ], [ 4430128.569070124998689, 744921.861300001619384 ], [ 4430091.14455277658999, 744921.861300001619384 ], [ 4430053.720035428181291, 744921.861300001619384 ], [ 4430016.295518079772592, 744921.861300001619384 ], [ 4430016.295518079772592, 744884.436782652745023 ], [ 4430016.295518079772592, 744847.012265303870663 ], [ 4430016.295518079772592, 744809.587747954996303 ], [ 4430016.295518079772592, 744772.163230606121942 ], [ 4430016.295518079772592, 744734.738713257247582 ], [ 4430016.295518079772592, 744697.314195908373222 ], [ 4430016.295518079772592, 744659.889678559498861 ], [ 4430016.295518079772592, 744622.465161210624501 ], [ 4430016.295518079772592, 744585.040643861750141 ], [ 4430016.295518079772592, 744547.61612651287578 ], [ 4430016.295518079772592, 744510.19160916400142 ], [ 4430016.295518079772592, 744472.76709181512706 ], [ 4430016.295518079772592, 744435.342574466252699 ], [ 4430016.295518079772592, 744397.918057117378339 ], [ 4430016.295518079772592, 744360.493539768503979 ], [ 4430016.295518079772592, 744323.069022419629619 ], [ 4430016.295518079772592, 744285.644505070755258 ], [ 4430016.295518079772592, 744248.219987721880898 ], [ 4430016.295518079772592, 744210.795470373006538 ], [ 4430016.295518079772592, 744173.370953024132177 ], [ 4430016.295518079772592, 744135.946435675257817 ], [ 4430016.295518079772592, 744098.521918326383457 ], [ 4430016.295518079772592, 744061.097400977509096 ], [ 4430016.295518079772592, 744023.672883628634736 ], [ 4430016.295518079772592, 743986.248366279760376 ], [ 4430016.295518079772592, 743948.823848930886015 ], [ 4430016.295518079772592, 743911.399331582011655 ], [ 4430016.295518079772592, 743873.974814233137295 ], [ 4430016.295518079772592, 743836.550296884262934 ], [ 4430016.295518079772592, 743799.125779535388574 ], [ 4430016.295518079772592, 743761.701262186514214 ], [ 4430016.295518079772592, 743724.276744837639853 ], [ 4430016.295518079772592, 743686.852227488765493 ], [ 4430016.295518079772592, 743649.427710139891133 ], [ 4430016.295518079772592, 743612.003192791016772 ], [ 4430016.295518079772592, 743574.578675442142412 ], [ 4430016.295518079772592, 743537.154158093268052 ], [ 4430016.295518079772592, 743499.729640744393691 ], [ 4430016.295518079772592, 743462.305123395519331 ], [ 4430016.295518079772592, 743424.880606046644971 ], [ 4430016.295518079772592, 743387.45608869777061 ], [ 4430016.295518079772592, 743350.03157134889625 ], [ 4430016.295518079772592, 743312.60705400002189 ], [ 4430016.295518079772592, 743275.182536651147529 ], [ 4429978.871000731363893, 743275.182536651147529 ], [ 4429941.446483382955194, 743275.182536651147529 ], [ 4429904.021966034546494, 743275.182536651147529 ], [ 4429866.597448686137795, 743275.182536651147529 ], [ 4429840.13431868609041, 743248.719406651100144 ], [ 4429840.13431868609041, 743211.294889302225783 ], [ 4429840.13431868609041, 743173.870371953351423 ], [ 4429840.13431868609041, 743136.445854604477063 ], [ 4429840.13431868609041, 743099.021337255602702 ], [ 4429840.13431868609041, 743061.596819906728342 ], [ 4429840.13431868609041, 743024.172302557853982 ], [ 4429840.13431868609041, 742986.747785208979622 ], [ 4429840.13431868609041, 742949.323267860105261 ], [ 4429840.13431868609041, 742911.898750511230901 ], [ 4429840.13431868609041, 742874.474233162356541 ], [ 4429840.13431868609041, 742837.04971581348218 ], [ 4429840.13431868609041, 742799.62519846460782 ], [ 4429840.13431868609041, 742762.20068111573346 ], [ 4429840.13431868609041, 742724.776163766859099 ], [ 4429840.13431868609041, 742687.351646417984739 ], [ 4429840.13431868609041, 742649.927129069110379 ], [ 4429840.13431868609041, 742612.502611720236018 ], [ 4429840.13431868609041, 742575.078094371361658 ], [ 4429840.13431868609041, 742537.653577022487298 ], [ 4429840.13431868609041, 742500.229059673612937 ], [ 4429840.13431868609041, 742462.804542324738577 ], [ 4429813.671188686043024, 742436.341412324691191 ], [ 4429776.246671337634325, 742436.341412324691191 ], [ 4429738.822153989225626, 742436.341412324691191 ], [ 4429701.397636640816927, 742436.341412324691191 ], [ 4429674.934506640769541, 742409.878282324643806 ], [ 4429674.934506640769541, 742372.453764975769445 ], [ 4429674.934506640769541, 742335.029247626895085 ], [ 4429674.934506640769541, 742297.604730278020725 ], [ 4429674.934506640769541, 742260.180212929146364 ], [ 4429674.934506640769541, 742222.755695580272004 ], [ 4429674.934506640769541, 742185.331178231397644 ], [ 4429674.934506640769541, 742147.906660882523283 ], [ 4429674.934506640769541, 742110.482143533648923 ], [ 4429674.934506640769541, 742073.057626184774563 ], [ 4429674.934506640769541, 742035.633108835900202 ], [ 4429674.934506640769541, 741998.208591487025842 ], [ 4429674.934506640769541, 741960.784074138151482 ], [ 4429674.934506640769541, 741923.359556789277121 ], [ 4429674.934506640769541, 741885.935039440402761 ], [ 4429674.934506640769541, 741848.510522091528401 ], [ 4429674.934506640769541, 741811.08600474265404 ], [ 4429674.934506640769541, 741773.66148739377968 ], [ 4429674.934506640769541, 741736.23697004490532 ], [ 4429674.934506640769541, 741698.812452696030959 ], [ 4429674.934506640769541, 741661.387935347156599 ], [ 4429674.934506640769541, 741623.963417998282239 ], [ 4429637.509989292360842, 741623.963417998282239 ], [ 4429600.085471943952143, 741623.963417998282239 ], [ 4429562.660954595543444, 741623.963417998282239 ], [ 4429525.236437247134745, 741623.963417998282239 ], [ 4429498.773307247087359, 741597.500287998234853 ], [ 4429498.773307247087359, 741560.075770649360493 ], [ 4429498.773307247087359, 741522.651253300486133 ], [ 4429498.773307247087359, 741485.226735951611772 ], [ 4429498.773307247087359, 741447.802218602737412 ], [ 4429461.34878989867866, 741447.802218602737412 ], [ 4429423.924272550269961, 741447.802218602737412 ], [ 4429386.499755201861262, 741447.802218602737412 ], [ 4429349.075237853452563, 741447.802218602737412 ], [ 4429349.075237853452563, 741410.377701253863052 ], [ 4429349.075237853452563, 741372.953183904988691 ], [ 4429349.075237853452563, 741335.528666556114331 ], [ 4429349.075237853452563, 741298.104149207239971 ], [ 4429349.075237853452563, 741260.67963185836561 ], [ 4429349.075237853452563, 741223.25511450949125 ], [ 4429349.075237853452563, 741185.83059716061689 ], [ 4429349.075237853452563, 741148.406079811742529 ], [ 4429349.075237853452563, 741110.981562462868169 ], [ 4429349.075237853452563, 741073.557045113993809 ], [ 4429349.075237853452563, 741036.132527765119448 ], [ 4429349.075237853452563, 740998.708010416245088 ], [ 4429349.075237853452563, 740961.283493067370728 ], [ 4429311.650720505043864, 740961.283493067370728 ], [ 4429274.226203156635165, 740961.283493067370728 ], [ 4429236.801685808226466, 740961.283493067370728 ], [ 4429199.377168459817767, 740961.283493067370728 ], [ 4429172.914038459770381, 740934.820363067323342 ], [ 4429172.914038459770381, 740897.395845718448982 ], [ 4429172.914038459770381, 740859.971328369574621 ], [ 4429172.914038459770381, 740822.546811020700261 ], [ 4429172.914038459770381, 740785.122293671825901 ], [ 4429172.914038459770381, 740747.69777632295154 ], [ 4429172.914038459770381, 740710.27325897407718 ], [ 4429172.914038459770381, 740672.84874162520282 ], [ 4429172.914038459770381, 740635.424224276328459 ], [ 4429172.914038459770381, 740597.999706927454099 ], [ 4429172.914038459770381, 740560.575189578579739 ], [ 4429172.914038459770381, 740523.150672229705378 ], [ 4429172.914038459770381, 740485.726154880831018 ], [ 4429172.914038459770381, 740448.301637531956658 ], [ 4429135.489521111361682, 740448.301637531956658 ], [ 4429098.065003762952983, 740448.301637531956658 ], [ 4429060.640486414544284, 740448.301637531956658 ], [ 4429034.177356414496899, 740421.838507531909272 ], [ 4429034.177356414496899, 740384.413990183034912 ], [ 4429034.177356414496899, 740346.989472834160551 ], [ 4429034.177356414496899, 740309.564955485286191 ], [ 4429034.177356414496899, 740272.140438136411831 ], [ 4429034.177356414496899, 740234.71592078753747 ], [ 4429034.177356414496899, 740197.29140343866311 ], [ 4429034.177356414496899, 740159.86688608978875 ], [ 4429034.177356414496899, 740122.442368740914389 ], [ 4429034.177356414496899, 740085.017851392040029 ], [ 4429034.177356414496899, 740047.593334043165669 ], [ 4429034.177356414496899, 740010.168816694291309 ], [ 4429034.177356414496899, 739972.744299345416948 ], [ 4429034.177356414496899, 739935.319781996542588 ], [ 4429034.177356414496899, 739897.895264647668228 ], [ 4429034.177356414496899, 739860.470747298793867 ], [ 4429034.177356414496899, 739823.046229949919507 ], [ 4429034.177356414496899, 739785.621712601045147 ], [ 4428996.7528390660882, 739785.621712601045147 ], [ 4428959.328321717679501, 739785.621712601045147 ], [ 4428921.903804369270802, 739785.621712601045147 ], [ 4428884.479287020862103, 739785.621712601045147 ], [ 4428858.016157020814717, 739759.158582600997761 ], [ 4428858.016157020814717, 739721.734065252123401 ], [ 4428858.016157020814717, 739684.30954790324904 ], [ 4428858.016157020814717, 739646.88503055437468 ], [ 4428831.553027020767331, 739620.421900554327294 ], [ 4428794.128509672358632, 739620.421900554327294 ], [ 4428756.703992323949933, 739620.421900554327294 ], [ 4428719.279474975541234, 739620.421900554327294 ], [ 4428692.816344975493848, 739593.958770554279909 ], [ 4428692.816344975493848, 739556.534253205405548 ], [ 4428692.816344975493848, 739519.109735856531188 ], [ 4428692.816344975493848, 739481.685218507656828 ], [ 4428692.816344975493848, 739444.260701158782467 ], [ 4428692.816344975493848, 739406.836183809908107 ], [ 4428692.816344975493848, 739369.411666461033747 ], [ 4428692.816344975493848, 739331.987149112159386 ], [ 4428692.816344975493848, 739294.562631763285026 ], [ 4428692.816344975493848, 739257.138114414410666 ], [ 4428692.816344975493848, 739219.713597065536305 ], [ 4428692.816344975493848, 739182.289079716661945 ], [ 4428692.816344975493848, 739144.864562367787585 ], [ 4428655.391827627085149, 739144.864562367787585 ], [ 4428617.96731027867645, 739144.864562367787585 ], [ 4428580.542792930267751, 739144.864562367787585 ], [ 4428543.118275581859052, 739144.864562367787585 ], [ 4428516.655145581811666, 739118.401432367740199 ], [ 4428516.655145581811666, 739080.976915018865839 ], [ 4428516.655145581811666, 739043.552397669991478 ], [ 4428516.655145581811666, 739006.127880321117118 ], [ 4428516.655145581811666, 738968.703362972242758 ], [ 4428516.655145581811666, 738931.278845623368397 ], [ 4428516.655145581811666, 738893.854328274494037 ], [ 4428516.655145581811666, 738856.429810925619677 ], [ 4428516.655145581811666, 738819.005293576745316 ], [ 4428516.655145581811666, 738781.580776227870956 ], [ 4428516.655145581811666, 738744.156258878996596 ], [ 4428516.655145581811666, 738706.731741530122235 ], [ 4428516.655145581811666, 738669.307224181247875 ], [ 4428516.655145581811666, 738631.882706832373515 ], [ 4428479.230628233402967, 738631.882706832373515 ], [ 4428441.806110884994268, 738631.882706832373515 ], [ 4428404.381593536585569, 738631.882706832373515 ], [ 4428366.95707618817687, 738631.882706832373515 ], [ 4428366.95707618817687, 738594.458189483499154 ], [ 4428366.95707618817687, 738557.033672134624794 ], [ 4428366.95707618817687, 738519.609154785750434 ], [ 4428366.95707618817687, 738482.184637436876073 ], [ 4428366.95707618817687, 738444.760120088001713 ], [ 4428366.95707618817687, 738407.335602739127353 ], [ 4428366.95707618817687, 738369.911085390252993 ], [ 4428366.95707618817687, 738332.486568041378632 ], [ 4428340.493946188129485, 738306.023438041331246 ], [ 4428303.069428839720786, 738306.023438041331246 ], [ 4428265.644911491312087, 738306.023438041331246 ], [ 4428228.220394142903388, 738306.023438041331246 ], [ 4428201.757264142856002, 738279.560308041283861 ], [ 4428201.757264142856002, 738242.1357906924095 ], [ 4428201.757264142856002, 738204.71127334353514 ], [ 4428201.757264142856002, 738167.28675599466078 ], [ 4428175.294134142808616, 738140.823625994613394 ], [ 4428137.869616794399917, 738140.823625994613394 ], [ 4428100.445099445991218, 738140.823625994613394 ], [ 4428063.020582097582519, 738140.823625994613394 ], [ 4428025.59606474917382, 738140.823625994613394 ], [ 4427988.171547400765121, 738140.823625994613394 ], [ 4427950.747030052356422, 738140.823625994613394 ], [ 4427913.322512703947723, 738140.823625994613394 ], [ 4427875.897995355539024, 738140.823625994613394 ], [ 4427849.434865355491638, 738114.360495994566008 ], [ 4427849.434865355491638, 738076.935978645691648 ], [ 4427849.434865355491638, 738039.511461296817288 ], [ 4427849.434865355491638, 738002.086943947942927 ], [ 4427822.971735355444252, 737975.623813947895542 ], [ 4427785.547218007035553, 737975.623813947895542 ], [ 4427748.122700658626854, 737975.623813947895542 ], [ 4427710.698183310218155, 737975.623813947895542 ], [ 4427673.273665961809456, 737975.623813947895542 ], [ 4427635.849148613400757, 737975.623813947895542 ], [ 4427598.424631264992058, 737975.623813947895542 ], [ 4427561.000113916583359, 737975.623813947895542 ], [ 4427534.536983916535974, 737949.160683947848156 ], [ 4427534.536983916535974, 737911.736166598973796 ], [ 4427534.536983916535974, 737874.311649250099435 ], [ 4427534.536983916535974, 737836.887131901225075 ], [ 4427508.073853916488588, 737810.424001901177689 ], [ 4427470.649336568079889, 737810.424001901177689 ], [ 4427433.22481921967119, 737810.424001901177689 ], [ 4427395.800301871262491, 737810.424001901177689 ], [ 4427358.375784522853792, 737810.424001901177689 ], [ 4427320.951267174445093, 737810.424001901177689 ], [ 4427283.526749826036394, 737810.424001901177689 ], [ 4427246.102232477627695, 737810.424001901177689 ], [ 4427208.677715129218996, 737810.424001901177689 ], [ 4427208.677715129218996, 737772.999484552303329 ], [ 4427208.677715129218996, 737735.574967203428969 ], [ 4427208.677715129218996, 737698.150449854554608 ], [ 4427208.677715129218996, 737660.725932505680248 ], [ 4427171.253197780810297, 737660.725932505680248 ], [ 4427133.828680432401597, 737660.725932505680248 ], [ 4427096.404163083992898, 737660.725932505680248 ], [ 4427058.979645735584199, 737660.725932505680248 ], [ 4427032.516515735536814, 737634.262802505632862 ], [ 4427032.516515735536814, 737596.838285156758502 ], [ 4427032.516515735536814, 737559.413767807884142 ], [ 4427032.516515735536814, 737521.989250459009781 ], [ 4427032.516515735536814, 737484.564733110135421 ], [ 4426995.091998387128115, 737484.564733110135421 ], [ 4426957.667481038719416, 737484.564733110135421 ], [ 4426920.242963690310717, 737484.564733110135421 ], [ 4426882.818446341902018, 737484.564733110135421 ], [ 4426845.393928993493319, 737484.564733110135421 ], [ 4426807.96941164508462, 737484.564733110135421 ], [ 4426770.54489429667592, 737484.564733110135421 ], [ 4426733.120376948267221, 737484.564733110135421 ], [ 4426695.695859599858522, 737484.564733110135421 ], [ 4426658.271342251449823, 737484.564733110135421 ], [ 4426620.846824903041124, 737484.564733110135421 ], [ 4426583.422307554632425, 737484.564733110135421 ], [ 4426556.95917755458504, 737458.101603110088035 ], [ 4426556.95917755458504, 737420.677085761213675 ], [ 4426556.95917755458504, 737383.252568412339315 ], [ 4426556.95917755458504, 737345.828051063464954 ], [ 4426556.95917755458504, 737308.403533714590594 ], [ 4426519.534660206176341, 737308.403533714590594 ], [ 4426482.110142857767642, 737308.403533714590594 ], [ 4426444.685625509358943, 737308.403533714590594 ], [ 4426407.261108160950243, 737308.403533714590594 ], [ 4426380.797978160902858, 737281.940403714543208 ], [ 4426380.797978160902858, 737244.515886365668848 ], [ 4426380.797978160902858, 737207.091369016794488 ], [ 4426380.797978160902858, 737169.666851667920128 ], [ 4426354.334848160855472, 737143.203721667872742 ], [ 4426316.910330812446773, 737143.203721667872742 ], [ 4426279.485813464038074, 737143.203721667872742 ], [ 4426242.061296115629375, 737143.203721667872742 ], [ 4426215.598166115581989, 737116.740591667825356 ], [ 4426215.598166115581989, 737079.316074318950996 ], [ 4426215.598166115581989, 737041.891556970076635 ], [ 4426215.598166115581989, 737004.467039621202275 ], [ 4426189.135036115534604, 736978.003909621154889 ], [ 4426151.710518767125905, 736978.003909621154889 ], [ 4426114.286001418717206, 736978.003909621154889 ], [ 4426076.861484070308506, 736978.003909621154889 ], [ 4426039.436966721899807, 736978.003909621154889 ], [ 4426002.012449373491108, 736978.003909621154889 ], [ 4425964.587932025082409, 736978.003909621154889 ], [ 4425927.16341467667371, 736978.003909621154889 ], [ 4425889.738897328265011, 736978.003909621154889 ], [ 4425852.314379979856312, 736978.003909621154889 ], [ 4425814.889862631447613, 736978.003909621154889 ], [ 4425777.465345283038914, 736978.003909621154889 ], [ 4425740.040827934630215, 736978.003909621154889 ], [ 4425713.577697934582829, 736951.540779621107504 ], [ 4425713.577697934582829, 736914.116262272233143 ], [ 4425713.577697934582829, 736876.691744923358783 ], [ 4425713.577697934582829, 736839.267227574484423 ], [ 4425687.114567934535444, 736812.804097574437037 ], [ 4425649.690050586126745, 736812.804097574437037 ], [ 4425612.265533237718046, 736812.804097574437037 ], [ 4425574.841015889309347, 736812.804097574437037 ], [ 4425548.377885889261961, 736786.340967574389651 ], [ 4425548.377885889261961, 736748.916450225515291 ], [ 4425548.377885889261961, 736711.491932876640931 ], [ 4425548.377885889261961, 736674.06741552776657 ], [ 4425521.914755889214575, 736647.604285527719185 ], [ 4425484.490238540805876, 736647.604285527719185 ], [ 4425447.065721192397177, 736647.604285527719185 ], [ 4425409.641203843988478, 736647.604285527719185 ], [ 4425372.216686495579779, 736647.604285527719185 ], [ 4425334.79216914717108, 736647.604285527719185 ], [ 4425297.367651798762381, 736647.604285527719185 ], [ 4425259.943134450353682, 736647.604285527719185 ], [ 4425233.480004450306296, 736621.141155527671799 ], [ 4425233.480004450306296, 736583.716638178797439 ], [ 4425233.480004450306296, 736546.292120829923078 ], [ 4425233.480004450306296, 736508.867603481048718 ], [ 4425207.016874450258911, 736482.404473481001332 ], [ 4425169.592357101850212, 736482.404473481001332 ], [ 4425132.167839753441513, 736482.404473481001332 ], [ 4425094.743322405032814, 736482.404473481001332 ], [ 4425094.743322405032814, 736444.979956132126972 ], [ 4425094.743322405032814, 736407.555438783252612 ], [ 4425094.743322405032814, 736370.130921434378251 ], [ 4425094.743322405032814, 736332.706404085503891 ], [ 4425057.318805056624115, 736332.706404085503891 ], [ 4425019.894287708215415, 736332.706404085503891 ], [ 4424982.469770359806716, 736332.706404085503891 ], [ 4424945.045253011398017, 736332.706404085503891 ], [ 4424907.620735662989318, 736332.706404085503891 ], [ 4424870.196218314580619, 736332.706404085503891 ], [ 4424832.77170096617192, 736332.706404085503891 ], [ 4424795.347183617763221, 736332.706404085503891 ], [ 4424757.922666269354522, 736332.706404085503891 ], [ 4424731.459536269307137, 736306.243274085456505 ], [ 4424731.459536269307137, 736268.818756736582145 ], [ 4424731.459536269307137, 736231.394239387707785 ], [ 4424731.459536269307137, 736193.969722038833424 ], [ 4424731.459536269307137, 736156.545204689959064 ], [ 4424694.035018920898438, 736156.545204689959064 ], [ 4424656.610501572489738, 736156.545204689959064 ], [ 4424619.185984224081039, 736156.545204689959064 ], [ 4424592.722854224033654, 736130.082074689911678 ], [ 4424592.722854224033654, 736092.657557341037318 ], [ 4424592.722854224033654, 736055.233039992162958 ], [ 4424592.722854224033654, 736017.808522643288597 ], [ 4424566.259724223986268, 735991.345392643241212 ], [ 4424528.835206875577569, 735991.345392643241212 ], [ 4424491.41068952716887, 735991.345392643241212 ], [ 4424453.986172178760171, 735991.345392643241212 ], [ 4424427.523042178712785, 735964.882262643193826 ], [ 4424427.523042178712785, 735927.457745294319466 ], [ 4424427.523042178712785, 735890.033227945445105 ], [ 4424427.523042178712785, 735852.608710596570745 ], [ 4424401.0599121786654, 735826.145580596523359 ], [ 4424363.635394830256701, 735826.145580596523359 ], [ 4424326.210877481848001, 735826.145580596523359 ], [ 4424288.786360133439302, 735826.145580596523359 ], [ 4424251.361842785030603, 735826.145580596523359 ], [ 4424213.937325436621904, 735826.145580596523359 ], [ 4424176.512808088213205, 735826.145580596523359 ], [ 4424139.088290739804506, 735826.145580596523359 ], [ 4424101.663773391395807, 735826.145580596523359 ], [ 4424075.200643391348422, 735799.682450596475974 ], [ 4424075.200643391348422, 735762.257933247601613 ], [ 4424075.200643391348422, 735724.833415898727253 ], [ 4424075.200643391348422, 735687.408898549852893 ], [ 4424048.737513391301036, 735660.945768549805507 ], [ 4424011.312996042892337, 735660.945768549805507 ], [ 4423973.888478694483638, 735660.945768549805507 ], [ 4423936.463961346074939, 735660.945768549805507 ], [ 4423899.03944399766624, 735660.945768549805507 ], [ 4423861.614926649257541, 735660.945768549805507 ], [ 4423824.190409300848842, 735660.945768549805507 ], [ 4423786.765891952440143, 735660.945768549805507 ], [ 4423760.302761952392757, 735634.482638549758121 ], [ 4423760.302761952392757, 735597.058121200883761 ], [ 4423760.302761952392757, 735559.633603852009401 ], [ 4423760.302761952392757, 735522.20908650313504 ], [ 4423733.839631952345371, 735495.745956503087655 ], [ 4423696.415114603936672, 735495.745956503087655 ], [ 4423658.990597255527973, 735495.745956503087655 ], [ 4423621.566079907119274, 735495.745956503087655 ], [ 4423621.566079907119274, 735533.170473851962015 ], [ 4423621.566079907119274, 735570.594991200836375 ], [ 4423621.566079907119274, 735608.019508549710736 ], [ 4423621.566079907119274, 735645.444025898585096 ], [ 4423595.102949907071888, 735671.907155898632482 ], [ 4423557.678432558663189, 735671.907155898632482 ], [ 4423520.25391521025449, 735671.907155898632482 ], [ 4423482.829397861845791, 735671.907155898632482 ], [ 4423445.404880513437092, 735671.907155898632482 ], [ 4423445.404880513437092, 735709.331673247506842 ], [ 4423445.404880513437092, 735746.756190596381202 ], [ 4423445.404880513437092, 735784.180707945255563 ], [ 4423445.404880513437092, 735821.605225294129923 ], [ 4423407.980363165028393, 735821.605225294129923 ], [ 4423370.555845816619694, 735821.605225294129923 ], [ 4423333.131328468210995, 735821.605225294129923 ], [ 4423295.706811119802296, 735821.605225294129923 ], [ 4423295.706811119802296, 735859.029742643004283 ], [ 4423295.706811119802296, 735896.454259991878644 ], [ 4423295.706811119802296, 735933.878777340753004 ], [ 4423295.706811119802296, 735971.303294689627364 ], [ 4423269.24368111975491, 735997.76642468967475 ], [ 4423231.819163771346211, 735997.76642468967475 ], [ 4423194.394646422937512, 735997.76642468967475 ], [ 4423156.970129074528813, 735997.76642468967475 ], [ 4423119.545611726120114, 735997.76642468967475 ], [ 4423082.121094377711415, 735997.76642468967475 ], [ 4423044.696577029302716, 735997.76642468967475 ], [ 4423007.272059680894017, 735997.76642468967475 ], [ 4422969.847542332485318, 735997.76642468967475 ], [ 4422932.423024984076619, 735997.76642468967475 ], [ 4422894.99850763566792, 735997.76642468967475 ], [ 4422857.573990287259221, 735997.76642468967475 ], [ 4422820.149472938850522, 735997.76642468967475 ], [ 4422820.149472938850522, 736035.19094203854911 ], [ 4422820.149472938850522, 736072.615459387423471 ], [ 4422820.149472938850522, 736110.039976736297831 ], [ 4422820.149472938850522, 736147.464494085172191 ], [ 4422820.149472938850522, 736184.889011434046552 ], [ 4422820.149472938850522, 736222.313528782920912 ], [ 4422820.149472938850522, 736259.738046131795272 ], [ 4422820.149472938850522, 736297.162563480669633 ], [ 4422793.686342938803136, 736323.625693480717018 ], [ 4422756.261825590394437, 736323.625693480717018 ], [ 4422718.837308241985738, 736323.625693480717018 ], [ 4422681.412790893577039, 736323.625693480717018 ], [ 4422643.98827354516834, 736323.625693480717018 ], [ 4422606.563756196759641, 736323.625693480717018 ], [ 4422569.139238848350942, 736323.625693480717018 ], [ 4422531.714721499942243, 736323.625693480717018 ], [ 4422494.290204151533544, 736323.625693480717018 ], [ 4422456.865686803124845, 736323.625693480717018 ], [ 4422419.441169454716146, 736323.625693480717018 ], [ 4422382.016652106307447, 736323.625693480717018 ], [ 4422344.592134757898748, 736323.625693480717018 ], [ 4422307.167617409490049, 736323.625693480717018 ], [ 4422307.167617409490049, 736361.050210829591379 ], [ 4422307.167617409490049, 736398.474728178465739 ], [ 4422307.167617409490049, 736435.899245527340099 ], [ 4422307.167617409490049, 736473.32376287621446 ], [ 4422307.167617409490049, 736510.74828022508882 ], [ 4422307.167617409490049, 736548.17279757396318 ], [ 4422307.167617409490049, 736585.597314922837541 ], [ 4422307.167617409490049, 736623.021832271711901 ], [ 4422267.472922409884632, 736644.004268597462215 ], [ 4422227.778227410279214, 736646.274446249008179 ], [ 4422190.353710061870515, 736646.274446249008179 ], [ 4422152.929192713461816, 736646.274446249008179 ], [ 4422115.504675365053117, 736646.274446249008179 ], [ 4422078.080158016644418, 736646.274446249008179 ], [ 4422040.655640668235719, 736646.274446249008179 ], [ 4422003.23112331982702, 736646.274446249008179 ], [ 4421965.806605971418321, 736646.274446249008179 ], [ 4421928.382088623009622, 736646.274446249008179 ], [ 4421890.957571274600923, 736646.274446249008179 ], [ 4421853.533053926192224, 736646.274446249008179 ], [ 4421816.108536577783525, 736646.274446249008179 ], [ 4421778.684019229374826, 736646.274446249008179 ], [ 4421778.684019229374826, 736608.849928900133818 ], [ 4421778.684019229374826, 736571.425411551259458 ], [ 4421778.684019229374826, 736534.000894202385098 ], [ 4421778.684019229374826, 736496.576376853510737 ], [ 4421778.684019229374826, 736459.151859504636377 ], [ 4421778.684019229374826, 736421.727342155762017 ], [ 4421778.684019229374826, 736384.302824806887656 ], [ 4421778.684019229374826, 736346.878307458013296 ], [ 4421752.22088922932744, 736320.41517745796591 ], [ 4421714.796371880918741, 736320.41517745796591 ], [ 4421677.371854532510042, 736320.41517745796591 ], [ 4421639.947337184101343, 736320.41517745796591 ], [ 4421613.484207184053957, 736293.952047457918525 ], [ 4421613.484207184053957, 736256.527530109044164 ], [ 4421613.484207184053957, 736219.103012760169804 ], [ 4421613.484207184053957, 736181.678495411295444 ], [ 4421587.021077184006572, 736155.215365411248058 ], [ 4421549.596559835597873, 736155.215365411248058 ], [ 4421512.172042487189174, 736155.215365411248058 ], [ 4421474.747525138780475, 736155.215365411248058 ], [ 4421448.284395138733089, 736128.752235411200672 ], [ 4421448.284395138733089, 736091.327718062326312 ], [ 4421448.284395138733089, 736053.903200713451952 ], [ 4421448.284395138733089, 736016.478683364577591 ], [ 4421448.284395138733089, 735979.054166015703231 ], [ 4421448.284395138733089, 735941.629648666828871 ], [ 4421448.284395138733089, 735904.20513131795451 ], [ 4421448.284395138733089, 735866.78061396908015 ], [ 4421448.284395138733089, 735829.35609662020579 ], [ 4421448.284395138733089, 735791.931579271331429 ], [ 4421448.284395138733089, 735754.507061922457069 ], [ 4421448.284395138733089, 735717.082544573582709 ], [ 4421448.284395138733089, 735679.658027224708349 ], [ 4421421.821265138685703, 735653.194897224660963 ], [ 4421384.396747790277004, 735653.194897224660963 ], [ 4421346.972230441868305, 735653.194897224660963 ], [ 4421309.547713093459606, 735653.194897224660963 ], [ 4421309.547713093459606, 735615.770379875786602 ], [ 4421309.547713093459606, 735578.345862526912242 ], [ 4421309.547713093459606, 735540.921345178037882 ], [ 4421309.547713093459606, 735503.496827829163522 ], [ 4421309.547713093459606, 735466.072310480289161 ], [ 4421309.547713093459606, 735428.647793131414801 ], [ 4421309.547713093459606, 735391.223275782540441 ], [ 4421309.547713093459606, 735353.79875843366608 ], [ 4421283.08458309341222, 735327.335628433618695 ], [ 4421245.660065745003521, 735327.335628433618695 ], [ 4421208.235548396594822, 735327.335628433618695 ], [ 4421170.811031048186123, 735327.335628433618695 ], [ 4421133.386513699777424, 735327.335628433618695 ], [ 4421106.923383699730039, 735300.872498433571309 ], [ 4421106.923383699730039, 735263.447981084696949 ], [ 4421106.923383699730039, 735226.023463735822588 ], [ 4421106.923383699730039, 735188.598946386948228 ], [ 4421106.923383699730039, 735151.174429038073868 ], [ 4421106.923383699730039, 735113.749911689199507 ], [ 4421106.923383699730039, 735076.325394340325147 ], [ 4421106.923383699730039, 735038.900876991450787 ], [ 4421106.923383699730039, 735001.476359642576426 ], [ 4421069.49886635132134, 735001.476359642576426 ], [ 4421032.074349002912641, 735001.476359642576426 ], [ 4420994.649831654503942, 735001.476359642576426 ], [ 4420957.225314306095243, 735001.476359642576426 ], [ 4420957.225314306095243, 734964.051842293702066 ], [ 4420957.225314306095243, 734926.627324944827706 ], [ 4420957.225314306095243, 734889.202807595953345 ], [ 4420957.225314306095243, 734851.778290247078985 ], [ 4420957.225314306095243, 734814.353772898204625 ], [ 4420957.225314306095243, 734776.929255549330264 ], [ 4420957.225314306095243, 734739.504738200455904 ], [ 4420957.225314306095243, 734702.080220851581544 ], [ 4420957.225314306095243, 734664.655703502707183 ], [ 4420919.800796957686543, 734664.655703502707183 ], [ 4420882.376279609277844, 734664.655703502707183 ], [ 4420844.951762260869145, 734664.655703502707183 ], [ 4420807.527244912460446, 734664.655703502707183 ], [ 4420807.527244912460446, 734627.231186153832823 ], [ 4420807.527244912460446, 734589.806668804958463 ], [ 4420807.527244912460446, 734552.382151456084102 ], [ 4420807.527244912460446, 734514.957634107209742 ], [ 4420807.527244912460446, 734477.533116758335382 ], [ 4420807.527244912460446, 734440.108599409461021 ], [ 4420807.527244912460446, 734402.684082060586661 ], [ 4420807.527244912460446, 734365.259564711712301 ], [ 4420781.064114912413061, 734338.796434711664915 ], [ 4420743.639597564004362, 734338.796434711664915 ], [ 4420706.215080215595663, 734338.796434711664915 ], [ 4420668.790562867186964, 734338.796434711664915 ], [ 4420642.327432867139578, 734312.333304711617529 ], [ 4420642.327432867139578, 734274.908787362743169 ], [ 4420642.327432867139578, 734237.484270013868809 ], [ 4420642.327432867139578, 734200.059752664994448 ], [ 4420642.327432867139578, 734162.635235316120088 ], [ 4420642.327432867139578, 734125.210717967245728 ], [ 4420642.327432867139578, 734087.786200618371367 ], [ 4420642.327432867139578, 734050.361683269497007 ], [ 4420642.327432867139578, 734012.937165920622647 ], [ 4420604.902915518730879, 734012.937165920622647 ], [ 4420567.47839817032218, 734012.937165920622647 ], [ 4420530.053880821913481, 734012.937165920622647 ], [ 4420492.629363473504782, 734012.937165920622647 ], [ 4420466.166233473457396, 733986.474035920575261 ], [ 4420466.166233473457396, 733949.049518571700901 ], [ 4420466.166233473457396, 733911.62500122282654 ], [ 4420466.166233473457396, 733874.20048387395218 ], [ 4420466.166233473457396, 733836.77596652507782 ], [ 4420466.166233473457396, 733799.35144917620346 ], [ 4420466.166233473457396, 733761.926931827329099 ], [ 4420466.166233473457396, 733724.502414478454739 ], [ 4420466.166233473457396, 733687.077897129580379 ], [ 4420428.741716125048697, 733687.077897129580379 ], [ 4420391.317198776639998, 733687.077897129580379 ], [ 4420353.892681428231299, 733687.077897129580379 ], [ 4420316.4681640798226, 733687.077897129580379 ], [ 4420290.005034079775214, 733660.614767129532993 ], [ 4420290.005034079775214, 733623.190249780658633 ], [ 4420290.005034079775214, 733585.765732431784272 ], [ 4420290.005034079775214, 733548.341215082909912 ], [ 4420290.005034079775214, 733510.916697734035552 ], [ 4420290.005034079775214, 733473.492180385161191 ], [ 4420290.005034079775214, 733436.067663036286831 ], [ 4420290.005034079775214, 733398.643145687412471 ], [ 4420290.005034079775214, 733361.21862833853811 ], [ 4420252.580516731366515, 733361.21862833853811 ], [ 4420215.155999382957816, 733361.21862833853811 ], [ 4420177.731482034549117, 733361.21862833853811 ], [ 4420140.306964686140418, 733361.21862833853811 ], [ 4420140.306964686140418, 733323.79411098966375 ], [ 4420140.306964686140418, 733286.36959364078939 ], [ 4420140.306964686140418, 733248.945076291915029 ], [ 4420140.306964686140418, 733211.520558943040669 ], [ 4420140.306964686140418, 733174.096041594166309 ], [ 4420140.306964686140418, 733136.671524245291948 ], [ 4420140.306964686140418, 733099.247006896417588 ], [ 4420140.306964686140418, 733061.822489547543228 ], [ 4420140.306964686140418, 733024.397972198668867 ], [ 4420102.882447337731719, 733024.397972198668867 ], [ 4420065.45792998932302, 733024.397972198668867 ], [ 4420028.033412640914321, 733024.397972198668867 ], [ 4419990.608895292505622, 733024.397972198668867 ], [ 4419964.145765292458236, 732997.934842198621482 ], [ 4419964.145765292458236, 732960.510324849747121 ], [ 4419964.145765292458236, 732923.085807500872761 ], [ 4419964.145765292458236, 732885.661290151998401 ], [ 4419964.145765292458236, 732848.23677280312404 ], [ 4419964.145765292458236, 732810.81225545424968 ], [ 4419964.145765292458236, 732773.38773810537532 ], [ 4419964.145765292458236, 732735.963220756500959 ], [ 4419964.145765292458236, 732698.538703407626599 ], [ 4419926.721247944049537, 732698.538703407626599 ], [ 4419889.296730595640838, 732698.538703407626599 ], [ 4419851.872213247232139, 732698.538703407626599 ], [ 4419825.409083247184753, 732672.075573407579213 ], [ 4419825.409083247184753, 732634.651056058704853 ], [ 4419825.409083247184753, 732597.226538709830493 ], [ 4419825.409083247184753, 732559.802021360956132 ], [ 4419825.409083247184753, 732522.377504012081772 ], [ 4419825.409083247184753, 732484.952986663207412 ], [ 4419825.409083247184753, 732447.528469314333051 ], [ 4419825.409083247184753, 732410.103951965458691 ], [ 4419825.409083247184753, 732372.679434616584331 ], [ 4419798.945953247137368, 732346.216304616536945 ], [ 4419761.521435898728669, 732346.216304616536945 ], [ 4419724.09691855031997, 732346.216304616536945 ], [ 4419686.672401201911271, 732346.216304616536945 ], [ 4419660.209271201863885, 732319.753174616489559 ], [ 4419660.209271201863885, 732282.328657267615199 ], [ 4419660.209271201863885, 732244.904139918740839 ], [ 4419660.209271201863885, 732207.479622569866478 ], [ 4419660.209271201863885, 732170.055105220992118 ], [ 4419660.209271201863885, 732132.630587872117758 ], [ 4419660.209271201863885, 732095.206070523243397 ], [ 4419660.209271201863885, 732057.781553174369037 ], [ 4419660.209271201863885, 732020.357035825494677 ], [ 4419660.209271201863885, 731982.932518476620317 ], [ 4419660.209271201863885, 731945.508001127745956 ], [ 4419660.209271201863885, 731908.083483778871596 ], [ 4419660.209271201863885, 731870.658966429997236 ], [ 4419622.784753853455186, 731870.658966429997236 ], [ 4419585.360236505046487, 731870.658966429997236 ], [ 4419547.935719156637788, 731870.658966429997236 ], [ 4419510.511201808229089, 731870.658966429997236 ], [ 4419484.048071808181703, 731844.19583642994985 ], [ 4419484.048071808181703, 731806.77131908107549 ], [ 4419484.048071808181703, 731769.346801732201129 ], [ 4419484.048071808181703, 731731.922284383326769 ], [ 4419484.048071808181703, 731694.497767034452409 ], [ 4419484.048071808181703, 731657.073249685578048 ], [ 4419484.048071808181703, 731619.648732336703688 ], [ 4419484.048071808181703, 731582.224214987829328 ], [ 4419484.048071808181703, 731544.799697638954967 ], [ 4419457.584941808134317, 731518.336567638907582 ], [ 4419420.160424459725618, 731518.336567638907582 ], [ 4419382.735907111316919, 731518.336567638907582 ], [ 4419345.31138976290822, 731518.336567638907582 ], [ 4419318.848259762860835, 731491.873437638860196 ], [ 4419318.848259762860835, 731454.448920289985836 ], [ 4419318.848259762860835, 731417.024402941111475 ], [ 4419318.848259762860835, 731379.599885592237115 ], [ 4419318.848259762860835, 731342.175368243362755 ], [ 4419356.272777111269534, 731342.175368243362755 ], [ 4419393.697294459678233, 731342.175368243362755 ], [ 4419431.121811808086932, 731342.175368243362755 ], [ 4419468.546329156495631, 731342.175368243362755 ], [ 4419468.546329156495631, 731304.750850894488394 ], [ 4419468.546329156495631, 731267.326333545614034 ], [ 4419468.546329156495631, 731229.901816196739674 ], [ 4419468.546329156495631, 731192.477298847865313 ], [ 4419495.009459156543016, 731166.014168847817928 ], [ 4419532.433976504951715, 731166.014168847817928 ], [ 4419569.858493853360415, 731166.014168847817928 ], [ 4419607.283011201769114, 731166.014168847817928 ], [ 4419644.707528550177813, 731166.014168847817928 ], [ 4419671.170658550225198, 731139.551038847770542 ], [ 4419671.170658550225198, 731102.126521498896182 ], [ 4419671.170658550225198, 731064.702004150021821 ], [ 4419671.170658550225198, 731027.277486801147461 ], [ 4419671.170658550225198, 730989.852969452273101 ], [ 4419671.170658550225198, 730952.42845210339874 ], [ 4419671.170658550225198, 730915.00393475452438 ], [ 4419671.170658550225198, 730877.57941740565002 ], [ 4419697.633788550272584, 730851.116287405602634 ], [ 4419735.058305898681283, 730851.116287405602634 ], [ 4419772.482823247089982, 730851.116287405602634 ], [ 4419809.907340595498681, 730851.116287405602634 ], [ 4419809.907340595498681, 730813.691770056728274 ], [ 4419809.907340595498681, 730776.267252707853913 ], [ 4419809.907340595498681, 730738.842735358979553 ], [ 4419809.907340595498681, 730701.418218010105193 ], [ 4419836.370470595546067, 730674.955088010057807 ], [ 4419873.794987943954766, 730674.955088010057807 ], [ 4419911.219505292363465, 730674.955088010057807 ], [ 4419948.644022640772164, 730674.955088010057807 ], [ 4419986.068539989180863, 730674.955088010057807 ], [ 4419986.068539989180863, 730637.530570661183447 ], [ 4419986.068539989180863, 730600.106053312309086 ], [ 4419986.068539989180863, 730562.681535963434726 ], [ 4419986.068539989180863, 730525.257018614560366 ], [ 4419986.068539989180863, 730487.832501265686005 ], [ 4419986.068539989180863, 730450.407983916811645 ], [ 4419986.068539989180863, 730412.983466567937285 ], [ 4419986.068539989180863, 730375.558949219062924 ], [ 4420012.531669989228249, 730349.095819219015539 ], [ 4420049.956187337636948, 730349.095819219015539 ], [ 4420087.380704686045647, 730349.095819219015539 ], [ 4420124.805222034454346, 730349.095819219015539 ], [ 4420124.805222034454346, 730311.671301870141178 ], [ 4420124.805222034454346, 730274.246784521266818 ], [ 4420124.805222034454346, 730236.822267172392458 ], [ 4420124.805222034454346, 730199.397749823518097 ], [ 4420124.805222034454346, 730161.973232474643737 ], [ 4420124.805222034454346, 730124.548715125769377 ], [ 4420124.805222034454346, 730087.124197776895016 ], [ 4420124.805222034454346, 730049.699680428020656 ], [ 4420151.268352034501731, 730023.23655042797327 ], [ 4420188.69286938291043, 730023.23655042797327 ], [ 4420226.117386731319129, 730023.23655042797327 ], [ 4420263.541904079727829, 730023.23655042797327 ], [ 4420300.966421428136528, 730023.23655042797327 ], [ 4420300.966421428136528, 729985.81203307909891 ], [ 4420300.966421428136528, 729948.38751573022455 ], [ 4420300.966421428136528, 729910.962998381350189 ], [ 4420300.966421428136528, 729873.538481032475829 ], [ 4420327.429551428183913, 729847.075351032428443 ], [ 4420364.854068776592612, 729847.075351032428443 ], [ 4420402.278586125001311, 729847.075351032428443 ], [ 4420439.70310347341001, 729847.075351032428443 ], [ 4420477.127620821818709, 729847.075351032428443 ], [ 4420477.127620821818709, 729809.650833683554083 ], [ 4420477.127620821818709, 729772.226316334679723 ], [ 4420477.127620821818709, 729734.801798985805362 ], [ 4420477.127620821818709, 729697.377281636931002 ], [ 4420477.127620821818709, 729659.952764288056642 ], [ 4420477.127620821818709, 729622.528246939182281 ], [ 4420477.127620821818709, 729585.103729590307921 ], [ 4420477.127620821818709, 729547.679212241433561 ], [ 4420477.127620821818709, 729510.254694892559201 ], [ 4420477.127620821818709, 729472.83017754368484 ], [ 4420477.127620821818709, 729435.40566019481048 ], [ 4420477.127620821818709, 729397.98114284593612 ], [ 4420477.127620821818709, 729360.556625497061759 ], [ 4420477.127620821818709, 729323.132108148187399 ], [ 4420477.127620821818709, 729285.707590799313039 ], [ 4420477.127620821818709, 729248.283073450438678 ], [ 4420477.127620821818709, 729210.858556101564318 ], [ 4420503.590750821866095, 729184.395426101516932 ], [ 4420541.015268170274794, 729184.395426101516932 ], [ 4420578.439785518683493, 729184.395426101516932 ], [ 4420615.864302867092192, 729184.395426101516932 ], [ 4420642.327432867139578, 729157.932296101469547 ], [ 4420642.327432867139578, 729120.507778752595186 ], [ 4420642.327432867139578, 729083.083261403720826 ], [ 4420642.327432867139578, 729045.658744054846466 ], [ 4420642.327432867139578, 729008.234226705972105 ], [ 4420642.327432867139578, 728970.809709357097745 ], [ 4420642.327432867139578, 728933.385192008223385 ], [ 4420642.327432867139578, 728895.960674659349024 ], [ 4420642.327432867139578, 728858.536157310474664 ], [ 4420642.327432867139578, 728821.111639961600304 ], [ 4420642.327432867139578, 728783.687122612725943 ], [ 4420642.327432867139578, 728746.262605263851583 ], [ 4420642.327432867139578, 728708.838087914977223 ], [ 4420668.790562867186964, 728682.374957914929837 ], [ 4420706.215080215595663, 728682.374957914929837 ], [ 4420743.639597564004362, 728682.374957914929837 ], [ 4420781.064114912413061, 728682.374957914929837 ], [ 4420807.527244912460446, 728655.911827914882451 ], [ 4420807.527244912460446, 728618.487310566008091 ], [ 4420807.527244912460446, 728581.062793217133731 ], [ 4420807.527244912460446, 728543.63827586825937 ], [ 4420807.527244912460446, 728506.21375851938501 ], [ 4420807.527244912460446, 728468.78924117051065 ], [ 4420807.527244912460446, 728431.364723821636289 ], [ 4420807.527244912460446, 728393.940206472761929 ], [ 4420807.527244912460446, 728356.515689123887569 ], [ 4420807.527244912460446, 728319.091171775013208 ], [ 4420807.527244912460446, 728281.666654426138848 ], [ 4420807.527244912460446, 728244.242137077264488 ], [ 4420807.527244912460446, 728206.817619728390127 ], [ 4420807.527244912460446, 728169.393102379515767 ], [ 4420807.527244912460446, 728131.968585030641407 ], [ 4420807.527244912460446, 728094.544067681767046 ], [ 4420807.527244912460446, 728057.119550332892686 ], [ 4420807.527244912460446, 728019.695032984018326 ], [ 4420807.527244912460446, 727982.270515635143965 ], [ 4420807.527244912460446, 727944.845998286269605 ], [ 4420807.527244912460446, 727907.421480937395245 ], [ 4420807.527244912460446, 727869.996963588520885 ], [ 4420844.951762260869145, 727869.996963588520885 ], [ 4420882.376279609277844, 727869.996963588520885 ], [ 4420919.800796957686543, 727869.996963588520885 ], [ 4420957.225314306095243, 727869.996963588520885 ], [ 4420957.225314306095243, 727832.572446239646524 ], [ 4420957.225314306095243, 727795.147928890772164 ], [ 4420957.225314306095243, 727757.723411541897804 ], [ 4420957.225314306095243, 727720.298894193023443 ], [ 4420983.688444306142628, 727693.835764192976058 ], [ 4421021.112961654551327, 727693.835764192976058 ], [ 4421058.537479002960026, 727693.835764192976058 ], [ 4421095.961996351368725, 727693.835764192976058 ], [ 4421122.425126351416111, 727667.372634192928672 ], [ 4421122.425126351416111, 727629.948116844054312 ], [ 4421122.425126351416111, 727592.523599495179951 ], [ 4421122.425126351416111, 727555.099082146305591 ], [ 4421148.888256351463497, 727528.635952146258205 ], [ 4421186.312773699872196, 727528.635952146258205 ], [ 4421223.737291048280895, 727528.635952146258205 ], [ 4421261.161808396689594, 727528.635952146258205 ], [ 4421298.586325745098293, 727528.635952146258205 ], [ 4421298.586325745098293, 727491.211434797383845 ], [ 4421298.586325745098293, 727453.786917448509485 ], [ 4421298.586325745098293, 727416.362400099635124 ], [ 4421298.586325745098293, 727378.937882750760764 ], [ 4421336.010843093506992, 727378.937882750760764 ], [ 4421373.435360441915691, 727378.937882750760764 ], [ 4421410.85987779032439, 727378.937882750760764 ], [ 4421448.284395138733089, 727378.937882750760764 ], [ 4421448.284395138733089, 727341.513365401886404 ], [ 4421448.284395138733089, 727304.088848053012043 ], [ 4421448.284395138733089, 727266.664330704137683 ], [ 4421448.284395138733089, 727229.239813355263323 ], [ 4421474.747525138780475, 727202.776683355215937 ], [ 4421512.172042487189174, 727202.776683355215937 ], [ 4421549.596559835597873, 727202.776683355215937 ], [ 4421587.021077184006572, 727202.776683355215937 ], [ 4421624.445594532415271, 727202.776683355215937 ], [ 4421624.445594532415271, 727165.352166006341577 ], [ 4421624.445594532415271, 727127.927648657467216 ], [ 4421624.445594532415271, 727090.503131308592856 ], [ 4421624.445594532415271, 727053.078613959718496 ], [ 4421624.445594532415271, 727015.654096610844135 ], [ 4421624.445594532415271, 726978.229579261969775 ], [ 4421624.445594532415271, 726940.805061913095415 ], [ 4421624.445594532415271, 726903.380544564221054 ], [ 4421650.908724532462656, 726876.917414564173669 ], [ 4421688.333241880871356, 726876.917414564173669 ], [ 4421725.757759229280055, 726876.917414564173669 ], [ 4421763.182276577688754, 726876.917414564173669 ], [ 4421763.182276577688754, 726839.492897215299308 ], [ 4421763.182276577688754, 726802.068379866424948 ], [ 4421763.182276577688754, 726764.643862517550588 ], [ 4421763.182276577688754, 726727.219345168676227 ], [ 4421789.645406577736139, 726700.756215168628842 ], [ 4421827.069923926144838, 726700.756215168628842 ], [ 4421864.494441274553537, 726700.756215168628842 ], [ 4421901.918958622962236, 726700.756215168628842 ], [ 4421939.343475971370935, 726700.756215168628842 ], [ 4421965.806605971418321, 726674.293085168581456 ], [ 4421965.806605971418321, 726636.868567819707096 ], [ 4421965.806605971418321, 726599.444050470832735 ], [ 4421965.806605971418321, 726562.019533121958375 ], [ 4421992.269735971465707, 726535.556403121910989 ], [ 4422029.694253319874406, 726535.556403121910989 ], [ 4422067.118770668283105, 726535.556403121910989 ], [ 4422104.543288016691804, 726535.556403121910989 ], [ 4422131.00641801673919, 726509.093273121863604 ], [ 4422131.00641801673919, 726471.668755772989243 ], [ 4422131.00641801673919, 726434.244238424114883 ], [ 4422131.00641801673919, 726396.819721075240523 ], [ 4422157.469548016786575, 726370.356591075193137 ], [ 4422194.894065365195274, 726370.356591075193137 ], [ 4422232.318582713603973, 726370.356591075193137 ], [ 4422269.743100062012672, 726370.356591075193137 ], [ 4422269.743100062012672, 726332.932073726318777 ], [ 4422269.743100062012672, 726295.507556377444416 ], [ 4422269.743100062012672, 726258.083039028570056 ], [ 4422269.743100062012672, 726220.658521679695696 ], [ 4422307.167617410421371, 726220.658521679695696 ], [ 4422344.59213475883007, 726220.658521679695696 ], [ 4422382.01665210723877, 726220.658521679695696 ], [ 4422419.441169455647469, 726220.658521679695696 ], [ 4422445.904299455694854, 726194.19539167964831 ], [ 4422445.904299455694854, 726156.77087433077395 ], [ 4422445.904299455694854, 726119.346356981899589 ], [ 4422445.904299455694854, 726081.921839633025229 ], [ 4422472.36742945574224, 726055.458709632977843 ], [ 4422509.791946804150939, 726055.458709632977843 ], [ 4422547.216464152559638, 726055.458709632977843 ], [ 4422584.640981500968337, 726055.458709632977843 ], [ 4422584.640981500968337, 726018.034192284103483 ], [ 4422584.640981500968337, 725980.609674935229123 ], [ 4422584.640981500968337, 725943.185157586354762 ], [ 4422584.640981500968337, 725905.760640237480402 ], [ 4422611.104111501015723, 725879.297510237433016 ], [ 4422648.528628849424422, 725879.297510237433016 ], [ 4422685.953146197833121, 725879.297510237433016 ], [ 4422723.37766354624182, 725879.297510237433016 ], [ 4422760.802180894650519, 725879.297510237433016 ], [ 4422787.265310894697905, 725852.834380237385631 ], [ 4422787.265310894697905, 725815.40986288851127 ], [ 4422787.265310894697905, 725777.98534553963691 ], [ 4422787.265310894697905, 725740.56082819076255 ], [ 4422813.72844089474529, 725714.097698190715164 ], [ 4422851.152958243153989, 725714.097698190715164 ], [ 4422888.577475591562688, 725714.097698190715164 ], [ 4422926.001992939971387, 725714.097698190715164 ], [ 4422952.465122940018773, 725687.634568190667778 ], [ 4422952.465122940018773, 725650.210050841793418 ], [ 4422952.465122940018773, 725612.785533492919058 ], [ 4422952.465122940018773, 725575.361016144044697 ], [ 4422978.928252940066159, 725548.897886143997312 ], [ 4423016.352770288474858, 725548.897886143997312 ], [ 4423053.777287636883557, 725548.897886143997312 ], [ 4423091.201804985292256, 725548.897886143997312 ], [ 4423091.201804985292256, 725511.473368795122951 ], [ 4423091.201804985292256, 725474.048851446248591 ], [ 4423091.201804985292256, 725436.624334097374231 ], [ 4423091.201804985292256, 725399.19981674849987 ], [ 4423117.664934985339642, 725372.736686748452485 ], [ 4423155.089452333748341, 725372.736686748452485 ], [ 4423192.51396968215704, 725372.736686748452485 ], [ 4423229.938487030565739, 725372.736686748452485 ], [ 4423267.363004378974438, 725372.736686748452485 ], [ 4423267.363004378974438, 725335.312169399578124 ], [ 4423267.363004378974438, 725297.887652050703764 ], [ 4423267.363004378974438, 725260.463134701829404 ], [ 4423267.363004378974438, 725223.038617352955043 ], [ 4423304.787521727383137, 725223.038617352955043 ], [ 4423342.212039075791836, 725223.038617352955043 ], [ 4423379.636556424200535, 725223.038617352955043 ], [ 4423417.061073772609234, 725223.038617352955043 ], [ 4423417.061073772609234, 725185.614100004080683 ], [ 4423417.061073772609234, 725148.189582655206323 ], [ 4423417.061073772609234, 725110.765065306331962 ], [ 4423417.061073772609234, 725073.340547957457602 ], [ 4423443.52420377265662, 725046.877417957410216 ], [ 4423480.948721121065319, 725046.877417957410216 ], [ 4423518.373238469474018, 725046.877417957410216 ], [ 4423555.797755817882717, 725046.877417957410216 ], [ 4423593.222273166291416, 725046.877417957410216 ], [ 4423593.222273166291416, 725009.452900608535856 ], [ 4423593.222273166291416, 724972.028383259661496 ], [ 4423593.222273166291416, 724934.603865910787135 ], [ 4423593.222273166291416, 724897.179348561912775 ], [ 4423630.646790514700115, 724897.179348561912775 ], [ 4423668.071307863108814, 724897.179348561912775 ], [ 4423705.495825211517513, 724897.179348561912775 ], [ 4423742.920342559926212, 724897.179348561912775 ], [ 4423769.383472559973598, 724870.716218561865389 ], [ 4423769.383472559973598, 724833.291701212991029 ], [ 4423769.383472559973598, 724795.867183864116669 ], [ 4423769.383472559973598, 724758.442666515242308 ], [ 4423769.383472559973598, 724721.018149166367948 ], [ 4423769.383472559973598, 724683.593631817493588 ], [ 4423769.383472559973598, 724646.169114468619227 ], [ 4423769.383472559973598, 724608.744597119744867 ], [ 4423769.383472559973598, 724571.320079770870507 ], [ 4423769.383472559973598, 724533.895562421996146 ], [ 4423769.383472559973598, 724496.471045073121786 ], [ 4423769.383472559973598, 724459.046527724247426 ], [ 4423769.383472559973598, 724421.622010375373065 ], [ 4423769.383472559973598, 724384.197493026498705 ], [ 4423769.383472559973598, 724346.772975677624345 ], [ 4423769.383472559973598, 724309.348458328749985 ], [ 4423769.383472559973598, 724271.923940979875624 ], [ 4423769.383472559973598, 724234.499423631001264 ], [ 4423769.383472559973598, 724197.074906282126904 ], [ 4423769.383472559973598, 724159.650388933252543 ], [ 4423769.383472559973598, 724122.225871584378183 ], [ 4423769.383472559973598, 724084.801354235503823 ], [ 4423731.958955211564898, 724084.801354235503823 ], [ 4423694.534437863156199, 724084.801354235503823 ], [ 4423657.1099205147475, 724084.801354235503823 ], [ 4423619.685403166338801, 724084.801354235503823 ], [ 4423593.222273166291416, 724058.338224235456437 ], [ 4423593.222273166291416, 724020.913706886582077 ], [ 4423593.222273166291416, 723983.489189537707716 ], [ 4423593.222273166291416, 723946.064672188833356 ], [ 4423593.222273166291416, 723908.640154839958996 ], [ 4423593.222273166291416, 723871.215637491084635 ], [ 4423593.222273166291416, 723833.791120142210275 ], [ 4423593.222273166291416, 723796.366602793335915 ], [ 4423593.222273166291416, 723758.942085444461554 ], [ 4423593.222273166291416, 723721.517568095587194 ], [ 4423593.222273166291416, 723684.093050746712834 ], [ 4423593.222273166291416, 723646.668533397838473 ], [ 4423593.222273166291416, 723609.244016048964113 ], [ 4423593.222273166291416, 723571.819498700089753 ], [ 4423593.222273166291416, 723534.394981351215392 ], [ 4423593.222273166291416, 723496.970464002341032 ], [ 4423593.222273166291416, 723459.545946653466672 ], [ 4423593.222273166291416, 723422.121429304592311 ], [ 4423593.222273166291416, 723384.696911955717951 ], [ 4423593.222273166291416, 723347.272394606843591 ], [ 4423593.222273166291416, 723309.84787725796923 ], [ 4423593.222273166291416, 723272.42335990909487 ], [ 4423593.222273166291416, 723234.99884256022051 ], [ 4423593.222273166291416, 723197.574325211346149 ], [ 4423593.222273166291416, 723160.149807862471789 ], [ 4423593.222273166291416, 723122.725290513597429 ], [ 4423593.222273166291416, 723085.300773164723068 ], [ 4423593.222273166291416, 723047.876255815848708 ], [ 4423593.222273166291416, 723010.451738466974348 ], [ 4423593.222273166291416, 722973.027221118099988 ], [ 4423593.222273166291416, 722935.602703769225627 ], [ 4423593.222273166291416, 722898.178186420351267 ], [ 4423593.222273166291416, 722860.753669071476907 ], [ 4423593.222273166291416, 722823.329151722602546 ], [ 4423593.222273166291416, 722785.904634373728186 ], [ 4423593.222273166291416, 722748.480117024853826 ], [ 4423593.222273166291416, 722711.055599675979465 ], [ 4423593.222273166291416, 722673.631082327105105 ], [ 4423593.222273166291416, 722636.206564978230745 ], [ 4423593.222273166291416, 722598.782047629356384 ], [ 4423593.222273166291416, 722561.357530280482024 ], [ 4423593.222273166291416, 722523.933012931607664 ], [ 4423593.222273166291416, 722486.508495582733303 ], [ 4423593.222273166291416, 722449.083978233858943 ], [ 4423566.75914316624403, 722422.620848233811557 ], [ 4423529.334625817835331, 722422.620848233811557 ], [ 4423491.910108469426632, 722422.620848233811557 ], [ 4423454.485591121017933, 722422.620848233811557 ], [ 4423428.022461120970547, 722396.157718233764172 ], [ 4423428.022461120970547, 722358.733200884889811 ], [ 4423428.022461120970547, 722321.308683536015451 ], [ 4423428.022461120970547, 722283.884166187141091 ], [ 4423428.022461120970547, 722246.45964883826673 ], [ 4423428.022461120970547, 722209.03513148939237 ], [ 4423428.022461120970547, 722171.61061414051801 ], [ 4423428.022461120970547, 722134.186096791643649 ], [ 4423428.022461120970547, 722096.761579442769289 ], [ 4423428.022461120970547, 722059.337062093894929 ], [ 4423428.022461120970547, 722021.912544745020568 ], [ 4423428.022461120970547, 721984.488027396146208 ], [ 4423428.022461120970547, 721947.063510047271848 ], [ 4423428.022461120970547, 721909.638992698397487 ], [ 4423428.022461120970547, 721872.214475349523127 ], [ 4423428.022461120970547, 721834.789958000648767 ], [ 4423428.022461120970547, 721797.365440651774406 ], [ 4423428.022461120970547, 721759.940923302900046 ], [ 4423428.022461120970547, 721722.516405954025686 ], [ 4423428.022461120970547, 721685.091888605151325 ], [ 4423428.022461120970547, 721647.667371256276965 ], [ 4423428.022461120970547, 721610.242853907402605 ], [ 4423428.022461120970547, 721572.818336558528244 ], [ 4423428.022461120970547, 721535.393819209653884 ], [ 4423428.022461120970547, 721497.969301860779524 ], [ 4423428.022461120970547, 721460.544784511905164 ], [ 4423401.559331120923162, 721434.081654511857778 ], [ 4423364.134813772514462, 721434.081654511857778 ], [ 4423326.710296424105763, 721434.081654511857778 ], [ 4423289.285779075697064, 721434.081654511857778 ], [ 4423262.822649075649679, 721407.618524511810392 ], [ 4423262.822649075649679, 721370.194007162936032 ], [ 4423262.822649075649679, 721332.769489814061671 ], [ 4423262.822649075649679, 721295.344972465187311 ], [ 4423262.822649075649679, 721257.920455116312951 ], [ 4423262.822649075649679, 721220.495937767438591 ], [ 4423262.822649075649679, 721183.07142041856423 ], [ 4423262.822649075649679, 721145.64690306968987 ], [ 4423262.822649075649679, 721108.22238572081551 ], [ 4423262.822649075649679, 721070.797868371941149 ], [ 4423262.822649075649679, 721033.373351023066789 ], [ 4423262.822649075649679, 720995.948833674192429 ], [ 4423262.822649075649679, 720958.524316325318068 ], [ 4423262.822649075649679, 720921.099798976443708 ], [ 4423262.822649075649679, 720883.675281627569348 ], [ 4423262.822649075649679, 720846.250764278694987 ], [ 4423262.822649075649679, 720808.826246929820627 ], [ 4423262.822649075649679, 720771.401729580946267 ], [ 4423262.822649075649679, 720733.977212232071906 ], [ 4423262.822649075649679, 720696.552694883197546 ], [ 4423262.822649075649679, 720659.128177534323186 ], [ 4423262.822649075649679, 720621.703660185448825 ], [ 4423262.822649075649679, 720584.279142836574465 ], [ 4423262.822649075649679, 720546.854625487700105 ], [ 4423262.822649075649679, 720509.430108138825744 ], [ 4423262.822649075649679, 720472.005590789951384 ], [ 4423262.822649075649679, 720434.581073441077024 ], [ 4423262.822649075649679, 720397.156556092202663 ], [ 4423262.822649075649679, 720359.732038743328303 ], [ 4423262.822649075649679, 720322.307521394453943 ], [ 4423262.822649075649679, 720284.883004045579582 ], [ 4423262.822649075649679, 720247.458486696705222 ], [ 4423262.822649075649679, 720210.033969347830862 ], [ 4423262.822649075649679, 720172.609451998956501 ], [ 4423262.822649075649679, 720135.184934650082141 ], [ 4423262.822649075649679, 720097.760417301207781 ], [ 4423262.822649075649679, 720060.335899952333421 ], [ 4423262.822649075649679, 720022.91138260345906 ], [ 4423262.822649075649679, 719985.4868652545847 ], [ 4423262.822649075649679, 719948.06234790571034 ], [ 4423262.822649075649679, 719910.637830556835979 ], [ 4423262.822649075649679, 719873.213313207961619 ], [ 4423262.822649075649679, 719835.788795859087259 ], [ 4423262.822649075649679, 719798.364278510212898 ], [ 4423262.822649075649679, 719760.939761161338538 ], [ 4423262.822649075649679, 719723.515243812464178 ], [ 4423262.822649075649679, 719686.090726463589817 ], [ 4423262.822649075649679, 719648.666209114715457 ], [ 4423262.822649075649679, 719611.241691765841097 ], [ 4423262.822649075649679, 719573.817174416966736 ], [ 4423262.822649075649679, 719536.392657068092376 ], [ 4423262.822649075649679, 719498.968139719218016 ], [ 4423262.822649075649679, 719461.543622370343655 ], [ 4423262.822649075649679, 719424.119105021469295 ], [ 4423262.822649075649679, 719386.694587672594935 ], [ 4423262.822649075649679, 719349.270070323720574 ], [ 4423262.822649075649679, 719311.845552974846214 ], [ 4423262.822649075649679, 719274.421035625971854 ], [ 4423300.247166424058378, 719274.421035625971854 ], [ 4423337.671683772467077, 719274.421035625971854 ], [ 4423375.096201120875776, 719274.421035625971854 ], [ 4423412.520718469284475, 719274.421035625971854 ], [ 4423412.520718469284475, 719236.996518277097493 ], [ 4423412.520718469284475, 719199.572000928223133 ], [ 4423412.520718469284475, 719162.147483579348773 ], [ 4423412.520718469284475, 719124.722966230474412 ], [ 4423412.520718469284475, 719087.298448881600052 ], [ 4423412.520718469284475, 719049.873931532725692 ], [ 4423412.520718469284475, 719012.449414183851331 ], [ 4423412.520718469284475, 718975.024896834976971 ], [ 4423412.520718469284475, 718937.600379486102611 ], [ 4423412.520718469284475, 718900.175862137228251 ], [ 4423412.520718469284475, 718862.75134478835389 ], [ 4423412.520718469284475, 718825.32682743947953 ], [ 4423412.520718469284475, 718787.90231009060517 ], [ 4423412.520718469284475, 718750.477792741730809 ], [ 4423412.520718469284475, 718713.053275392856449 ], [ 4423412.520718469284475, 718675.628758043982089 ], [ 4423412.520718469284475, 718638.204240695107728 ], [ 4423412.520718469284475, 718600.779723346233368 ], [ 4423412.520718469284475, 718563.355205997359008 ], [ 4423412.520718469284475, 718525.930688648484647 ], [ 4423412.520718469284475, 718488.506171299610287 ], [ 4423412.520718469284475, 718451.081653950735927 ], [ 4423449.945235817693174, 718451.081653950735927 ], [ 4423487.369753166101873, 718451.081653950735927 ], [ 4423524.794270514510572, 718451.081653950735927 ], [ 4423562.218787862919271, 718451.081653950735927 ], [ 4423599.64330521132797, 718451.081653950735927 ], [ 4423599.64330521132797, 718413.657136601861566 ], [ 4423599.64330521132797, 718376.232619252987206 ], [ 4423599.64330521132797, 718338.808101904112846 ], [ 4423599.64330521132797, 718301.383584555238485 ], [ 4423599.64330521132797, 718263.959067206364125 ], [ 4423599.64330521132797, 718226.534549857489765 ], [ 4423599.64330521132797, 718189.110032508615404 ], [ 4423599.64330521132797, 718151.685515159741044 ], [ 4423599.64330521132797, 718114.260997810866684 ], [ 4423599.64330521132797, 718076.836480461992323 ], [ 4423599.64330521132797, 718039.411963113117963 ], [ 4423599.64330521132797, 718001.987445764243603 ], [ 4423599.64330521132797, 717964.562928415369242 ], [ 4423599.64330521132797, 717927.138411066494882 ], [ 4423599.64330521132797, 717889.713893717620522 ], [ 4423599.64330521132797, 717852.289376368746161 ], [ 4423599.64330521132797, 717814.864859019871801 ], [ 4423599.64330521132797, 717777.440341670997441 ], [ 4423599.64330521132797, 717740.01582432212308 ], [ 4423599.64330521132797, 717702.59130697324872 ], [ 4423599.64330521132797, 717665.16678962437436 ], [ 4423599.64330521132797, 717627.7422722755 ], [ 4423599.64330521132797, 717590.317754926625639 ], [ 4423599.64330521132797, 717552.893237577751279 ], [ 4423599.64330521132797, 717515.468720228876919 ], [ 4423599.64330521132797, 717478.044202880002558 ], [ 4423599.64330521132797, 717440.619685531128198 ], [ 4423599.64330521132797, 717403.195168182253838 ], [ 4423599.64330521132797, 717365.770650833379477 ], [ 4423599.64330521132797, 717328.346133484505117 ], [ 4423599.64330521132797, 717290.921616135630757 ], [ 4423637.067822559736669, 717290.921616135630757 ], [ 4423674.492339908145368, 717290.921616135630757 ], [ 4423711.916857256554067, 717290.921616135630757 ], [ 4423749.341374604962766, 717290.921616135630757 ], [ 4423749.341374604962766, 717253.497098786756396 ], [ 4423749.341374604962766, 717216.072581437882036 ], [ 4423749.341374604962766, 717178.648064089007676 ], [ 4423749.341374604962766, 717141.223546740133315 ], [ 4423749.341374604962766, 717103.799029391258955 ], [ 4423749.341374604962766, 717066.374512042384595 ], [ 4423749.341374604962766, 717028.949994693510234 ], [ 4423749.341374604962766, 716991.525477344635874 ], [ 4423749.341374604962766, 716954.100959995761514 ], [ 4423749.341374604962766, 716916.676442646887153 ], [ 4423749.341374604962766, 716879.251925298012793 ], [ 4423749.341374604962766, 716841.827407949138433 ], [ 4423749.341374604962766, 716804.402890600264072 ], [ 4423749.341374604962766, 716766.978373251389712 ], [ 4423749.341374604962766, 716729.553855902515352 ], [ 4423749.341374604962766, 716692.129338553640991 ], [ 4423749.341374604962766, 716654.704821204766631 ], [ 4423749.341374604962766, 716617.280303855892271 ], [ 4423749.341374604962766, 716579.85578650701791 ], [ 4423749.341374604962766, 716542.43126915814355 ], [ 4423749.341374604962766, 716505.00675180926919 ], [ 4423749.341374604962766, 716467.58223446039483 ], [ 4423775.804504605010152, 716441.119104460347444 ], [ 4423813.229021953418851, 716441.119104460347444 ], [ 4423850.65353930182755, 716441.119104460347444 ], [ 4423888.078056650236249, 716441.119104460347444 ], [ 4423925.502573998644948, 716441.119104460347444 ], [ 4423925.502573998644948, 716403.694587111473083 ], [ 4423925.502573998644948, 716366.270069762598723 ], [ 4423925.502573998644948, 716328.845552413724363 ], [ 4423925.502573998644948, 716291.421035064850003 ], [ 4423925.502573998644948, 716253.996517715975642 ], [ 4423925.502573998644948, 716216.572000367101282 ], [ 4423925.502573998644948, 716179.147483018226922 ], [ 4423925.502573998644948, 716141.722965669352561 ], [ 4423925.502573998644948, 716104.298448320478201 ], [ 4423925.502573998644948, 716066.873930971603841 ], [ 4423925.502573998644948, 716029.44941362272948 ], [ 4423925.502573998644948, 715992.02489627385512 ], [ 4423925.502573998644948, 715954.60037892498076 ], [ 4423925.502573998644948, 715917.175861576106399 ], [ 4423925.502573998644948, 715879.751344227232039 ], [ 4423925.502573998644948, 715842.326826878357679 ], [ 4423925.502573998644948, 715804.902309529483318 ], [ 4423925.502573998644948, 715767.477792180608958 ], [ 4423925.502573998644948, 715730.053274831734598 ], [ 4423925.502573998644948, 715692.628757482860237 ], [ 4423925.502573998644948, 715655.204240133985877 ], [ 4423925.502573998644948, 715617.779722785111517 ], [ 4423925.502573998644948, 715580.355205436237156 ], [ 4423925.502573998644948, 715542.930688087362796 ], [ 4423925.502573998644948, 715505.506170738488436 ], [ 4423925.502573998644948, 715468.081653389614075 ], [ 4423925.502573998644948, 715430.657136040739715 ], [ 4423925.502573998644948, 715393.232618691865355 ], [ 4423925.502573998644948, 715355.808101342990994 ], [ 4423925.502573998644948, 715318.383583994116634 ], [ 4423925.502573998644948, 715280.959066645242274 ], [ 4423925.502573998644948, 715243.534549296367913 ], [ 4423925.502573998644948, 715206.110031947493553 ], [ 4423925.502573998644948, 715168.685514598619193 ], [ 4423925.502573998644948, 715131.260997249744833 ], [ 4423925.502573998644948, 715093.836479900870472 ], [ 4423925.502573998644948, 715056.411962551996112 ], [ 4423925.502573998644948, 715018.987445203121752 ], [ 4423925.502573998644948, 714981.562927854247391 ], [ 4423925.502573998644948, 714944.138410505373031 ], [ 4423925.502573998644948, 714906.713893156498671 ], [ 4423925.502573998644948, 714869.28937580762431 ], [ 4423925.502573998644948, 714831.86485845874995 ], [ 4423951.965703998692334, 714805.401728458702564 ], [ 4423989.390221347101033, 714805.401728458702564 ], [ 4424026.814738695509732, 714805.401728458702564 ], [ 4424064.239256043918431, 714805.401728458702564 ], [ 4424090.702386043965816, 714778.938598458655179 ], [ 4424090.702386043965816, 714741.514081109780818 ], [ 4424090.702386043965816, 714704.089563760906458 ], [ 4424090.702386043965816, 714666.665046412032098 ], [ 4424090.702386043965816, 714629.240529063157737 ], [ 4424090.702386043965816, 714591.816011714283377 ], [ 4424090.702386043965816, 714554.391494365409017 ], [ 4424090.702386043965816, 714516.966977016534656 ], [ 4424090.702386043965816, 714479.542459667660296 ], [ 4424128.126903392374516, 714479.542459667660296 ], [ 4424165.551420740783215, 714479.542459667660296 ], [ 4424202.975938089191914, 714479.542459667660296 ], [ 4424240.400455437600613, 714479.542459667660296 ], [ 4424266.863585437647998, 714453.07932966761291 ], [ 4424266.863585437647998, 714415.65481231873855 ], [ 4424266.863585437647998, 714378.23029496986419 ], [ 4424266.863585437647998, 714340.805777620989829 ], [ 4424293.326715437695384, 714314.342647620942444 ], [ 4424330.751232786104083, 714314.342647620942444 ], [ 4424368.175750134512782, 714314.342647620942444 ], [ 4424405.600267482921481, 714314.342647620942444 ], [ 4424432.063397482968867, 714287.879517620895058 ], [ 4424432.063397482968867, 714250.455000272020698 ], [ 4424432.063397482968867, 714213.030482923146337 ], [ 4424432.063397482968867, 714175.605965574271977 ], [ 4424458.526527483016253, 714149.142835574224591 ], [ 4424495.951044831424952, 714149.142835574224591 ], [ 4424533.375562179833651, 714149.142835574224591 ], [ 4424570.80007952824235, 714149.142835574224591 ], [ 4424570.80007952824235, 714111.718318225350231 ], [ 4424570.80007952824235, 714074.293800876475871 ], [ 4424570.80007952824235, 714036.86928352760151 ], [ 4424570.80007952824235, 713999.44476617872715 ], [ 4424570.80007952824235, 713962.02024882985279 ], [ 4424570.80007952824235, 713924.595731480978429 ], [ 4424570.80007952824235, 713887.171214132104069 ], [ 4424570.80007952824235, 713849.746696783229709 ], [ 4424570.80007952824235, 713812.322179434355348 ], [ 4424608.224596876651049, 713812.322179434355348 ], [ 4424645.649114225059748, 713812.322179434355348 ], [ 4424683.073631573468447, 713812.322179434355348 ], [ 4424720.498148921877146, 713812.322179434355348 ], [ 4424746.961278921924531, 713785.859049434307963 ], [ 4424746.961278921924531, 713748.434532085433602 ], [ 4424746.961278921924531, 713711.010014736559242 ], [ 4424746.961278921924531, 713673.585497387684882 ], [ 4424773.424408921971917, 713647.122367387637496 ], [ 4424810.848926270380616, 713647.122367387637496 ], [ 4424848.273443618789315, 713647.122367387637496 ], [ 4424885.697960967198014, 713647.122367387637496 ], [ 4424885.697960967198014, 713609.697850038763136 ], [ 4424885.697960967198014, 713572.273332689888775 ], [ 4424885.697960967198014, 713534.848815341014415 ], [ 4424885.697960967198014, 713497.424297992140055 ], [ 4424912.1610909672454, 713470.961167992092669 ], [ 4424949.585608315654099, 713470.961167992092669 ], [ 4424987.010125664062798, 713470.961167992092669 ], [ 4425024.434643012471497, 713470.961167992092669 ], [ 4425061.859160360880196, 713470.961167992092669 ], [ 4425088.322290360927582, 713444.498037992045283 ], [ 4425088.322290360927582, 713407.073520643170923 ], [ 4425088.322290360927582, 713369.649003294296563 ], [ 4425088.322290360927582, 713332.224485945422202 ], [ 4425114.785420360974967, 713305.761355945374817 ], [ 4425152.209937709383667, 713305.761355945374817 ], [ 4425189.634455057792366, 713305.761355945374817 ], [ 4425227.058972406201065, 713305.761355945374817 ], [ 4425253.52210240624845, 713279.298225945327431 ], [ 4425253.52210240624845, 713241.873708596453071 ], [ 4425253.52210240624845, 713204.44919124757871 ], [ 4425253.52210240624845, 713167.02467389870435 ], [ 4425279.985232406295836, 713140.561543898656964 ], [ 4425317.409749754704535, 713140.561543898656964 ], [ 4425354.834267103113234, 713140.561543898656964 ], [ 4425392.258784451521933, 713140.561543898656964 ], [ 4425392.258784451521933, 713103.137026549782604 ], [ 4425392.258784451521933, 713065.712509200908244 ], [ 4425392.258784451521933, 713028.287991852033883 ], [ 4425392.258784451521933, 712990.863474503159523 ], [ 4425429.683301799930632, 712990.863474503159523 ], [ 4425467.107819148339331, 712990.863474503159523 ], [ 4425504.53233649674803, 712990.863474503159523 ], [ 4425541.956853845156729, 712990.863474503159523 ], [ 4425568.419983845204115, 712964.400344503112137 ], [ 4425568.419983845204115, 712926.975827154237777 ], [ 4425568.419983845204115, 712889.551309805363417 ], [ 4425568.419983845204115, 712852.126792456489056 ], [ 4425594.883113845251501, 712825.663662456441671 ], [ 4425632.3076311936602, 712825.663662456441671 ], [ 4425669.732148542068899, 712825.663662456441671 ], [ 4425707.156665890477598, 712825.663662456441671 ], [ 4425707.156665890477598, 712788.23914510756731 ], [ 4425707.156665890477598, 712750.81462775869295 ], [ 4425707.156665890477598, 712713.39011040981859 ], [ 4425707.156665890477598, 712675.965593060944229 ], [ 4425733.619795890524983, 712649.502463060896844 ], [ 4425771.044313238933682, 712649.502463060896844 ], [ 4425808.468830587342381, 712649.502463060896844 ], [ 4425845.893347935751081, 712649.502463060896844 ], [ 4425883.31786528415978, 712649.502463060896844 ], [ 4425909.780995284207165, 712623.039333060849458 ], [ 4425909.780995284207165, 712585.614815711975098 ], [ 4425909.780995284207165, 712548.190298363100737 ], [ 4425909.780995284207165, 712510.765781014226377 ], [ 4425936.244125284254551, 712484.302651014178991 ], [ 4425973.66864263266325, 712484.302651014178991 ], [ 4426011.093159981071949, 712484.302651014178991 ], [ 4426048.517677329480648, 712484.302651014178991 ], [ 4426074.980807329528034, 712457.839521014131606 ], [ 4426074.980807329528034, 712420.415003665257245 ], [ 4426074.980807329528034, 712382.990486316382885 ], [ 4426074.980807329528034, 712345.565968967508525 ], [ 4426074.980807329528034, 712308.141451618634164 ], [ 4426074.980807329528034, 712270.716934269759804 ], [ 4426074.980807329528034, 712233.292416920885444 ], [ 4426074.980807329528034, 712195.867899572011083 ], [ 4426074.980807329528034, 712158.443382223136723 ], [ 4426074.980807329528034, 712121.018864874262363 ], [ 4426074.980807329528034, 712083.594347525388002 ], [ 4426074.980807329528034, 712046.169830176513642 ], [ 4426074.980807329528034, 712008.745312827639282 ], [ 4426101.443937329575419, 711982.282182827591896 ], [ 4426138.868454677984118, 711982.282182827591896 ], [ 4426176.292972026392817, 711982.282182827591896 ], [ 4426213.717489374801517, 711982.282182827591896 ], [ 4426213.717489374801517, 711944.857665478717536 ], [ 4426213.717489374801517, 711907.433148129843175 ], [ 4426213.717489374801517, 711870.008630780968815 ], [ 4426213.717489374801517, 711832.584113432094455 ], [ 4426213.717489374801517, 711795.159596083220094 ], [ 4426213.717489374801517, 711757.735078734345734 ], [ 4426213.717489374801517, 711720.310561385471374 ], [ 4426213.717489374801517, 711682.886044036597013 ], [ 4426213.717489374801517, 711645.461526687722653 ], [ 4426213.717489374801517, 711608.037009338848293 ], [ 4426213.717489374801517, 711570.612491989973933 ], [ 4426213.717489374801517, 711533.187974641099572 ], [ 4426213.717489374801517, 711495.763457292225212 ], [ 4426213.717489374801517, 711458.338939943350852 ], [ 4426213.717489374801517, 711420.914422594476491 ], [ 4426213.717489374801517, 711383.489905245602131 ], [ 4426213.717489374801517, 711346.065387896727771 ], [ 4426240.180619374848902, 711319.602257896680385 ], [ 4426277.605136723257601, 711319.602257896680385 ], [ 4426315.0296540716663, 711319.602257896680385 ], [ 4426352.454171420074999, 711319.602257896680385 ], [ 4426389.878688768483698, 711319.602257896680385 ], [ 4426389.878688768483698, 711282.177740547806025 ], [ 4426389.878688768483698, 711244.753223198931664 ], [ 4426389.878688768483698, 711207.328705850057304 ], [ 4426389.878688768483698, 711169.904188501182944 ], [ 4426389.878688768483698, 711132.479671152308583 ], [ 4426389.878688768483698, 711095.055153803434223 ], [ 4426389.878688768483698, 711057.630636454559863 ], [ 4426389.878688768483698, 711020.206119105685502 ], [ 4426416.341818768531084, 710993.742989105638117 ], [ 4426453.766336116939783, 710993.742989105638117 ], [ 4426491.190853465348482, 710993.742989105638117 ], [ 4426528.615370813757181, 710993.742989105638117 ], [ 4426566.03988816216588, 710993.742989105638117 ], [ 4426566.03988816216588, 710956.318471756763756 ], [ 4426566.03988816216588, 710918.893954407889396 ], [ 4426566.03988816216588, 710881.469437059015036 ], [ 4426566.03988816216588, 710844.044919710140675 ], [ 4426566.03988816216588, 710806.620402361266315 ], [ 4426566.03988816216588, 710769.195885012391955 ], [ 4426566.03988816216588, 710731.771367663517594 ], [ 4426566.03988816216588, 710694.346850314643234 ], [ 4426566.03988816216588, 710656.922332965768874 ], [ 4426566.03988816216588, 710619.497815616894513 ], [ 4426566.03988816216588, 710582.073298268020153 ], [ 4426566.03988816216588, 710544.648780919145793 ], [ 4426566.03988816216588, 710507.224263570271432 ], [ 4426566.03988816216588, 710469.799746221397072 ], [ 4426566.03988816216588, 710432.375228872522712 ], [ 4426566.03988816216588, 710394.950711523648351 ], [ 4426566.03988816216588, 710357.526194174773991 ], [ 4426592.503018162213266, 710331.063064174726605 ], [ 4426629.927535510621965, 710331.063064174726605 ], [ 4426667.352052859030664, 710331.063064174726605 ], [ 4426704.776570207439363, 710331.063064174726605 ], [ 4426731.239700207486749, 710304.59993417467922 ], [ 4426731.239700207486749, 710267.175416825804859 ], [ 4426731.239700207486749, 710229.750899476930499 ], [ 4426731.239700207486749, 710192.326382128056139 ], [ 4426731.239700207486749, 710154.901864779181778 ], [ 4426731.239700207486749, 710117.477347430307418 ], [ 4426731.239700207486749, 710080.052830081433058 ], [ 4426731.239700207486749, 710042.628312732558697 ], [ 4426731.239700207486749, 710005.203795383684337 ], [ 4426731.239700207486749, 709967.779278034809977 ], [ 4426731.239700207486749, 709930.354760685935616 ], [ 4426731.239700207486749, 709892.930243337061256 ], [ 4426731.239700207486749, 709855.505725988186896 ], [ 4426731.239700207486749, 709818.081208639312536 ], [ 4426731.239700207486749, 709780.656691290438175 ], [ 4426731.239700207486749, 709743.232173941563815 ], [ 4426731.239700207486749, 709705.807656592689455 ], [ 4426731.239700207486749, 709668.383139243815094 ], [ 4426731.239700207486749, 709630.958621894940734 ], [ 4426731.239700207486749, 709593.534104546066374 ], [ 4426731.239700207486749, 709556.109587197192013 ], [ 4426731.239700207486749, 709518.685069848317653 ], [ 4426731.239700207486749, 709481.260552499443293 ], [ 4426731.239700207486749, 709443.836035150568932 ], [ 4426731.239700207486749, 709406.411517801694572 ], [ 4426731.239700207486749, 709368.987000452820212 ], [ 4426731.239700207486749, 709331.562483103945851 ], [ 4426731.239700207486749, 709294.137965755071491 ], [ 4426731.239700207486749, 709256.713448406197131 ], [ 4426731.239700207486749, 709219.28893105732277 ], [ 4426731.239700207486749, 709181.86441370844841 ], [ 4426731.239700207486749, 709144.43989635957405 ], [ 4426731.239700207486749, 709107.015379010699689 ], [ 4426731.239700207486749, 709069.590861661825329 ], [ 4426731.239700207486749, 709032.166344312950969 ], [ 4426731.239700207486749, 708994.741826964076608 ], [ 4426731.239700207486749, 708957.317309615202248 ], [ 4426731.239700207486749, 708919.892792266327888 ], [ 4426731.239700207486749, 708882.468274917453527 ], [ 4426731.239700207486749, 708845.043757568579167 ], [ 4426731.239700207486749, 708807.619240219704807 ], [ 4426731.239700207486749, 708770.194722870830446 ], [ 4426731.239700207486749, 708732.770205521956086 ], [ 4426731.239700207486749, 708695.345688173081726 ], [ 4426731.239700207486749, 708657.921170824207366 ], [ 4426731.239700207486749, 708620.496653475333005 ], [ 4426731.239700207486749, 708583.072136126458645 ], [ 4426731.239700207486749, 708545.647618777584285 ], [ 4426731.239700207486749, 708508.223101428709924 ], [ 4426731.239700207486749, 708470.798584079835564 ], [ 4426731.239700207486749, 708433.374066730961204 ], [ 4426731.239700207486749, 708395.949549382086843 ], [ 4426731.239700207486749, 708358.525032033212483 ], [ 4426731.239700207486749, 708321.100514684338123 ], [ 4426731.239700207486749, 708283.675997335463762 ], [ 4426731.239700207486749, 708246.251479986589402 ], [ 4426731.239700207486749, 708208.826962637715042 ], [ 4426731.239700207486749, 708171.402445288840681 ], [ 4426731.239700207486749, 708133.977927939966321 ], [ 4426731.239700207486749, 708096.553410591091961 ], [ 4426731.239700207486749, 708059.1288932422176 ], [ 4426731.239700207486749, 708021.70437589334324 ], [ 4426731.239700207486749, 707984.27985854446888 ], [ 4426731.239700207486749, 707946.855341195594519 ], [ 4426731.239700207486749, 707909.430823846720159 ], [ 4426731.239700207486749, 707872.006306497845799 ], [ 4426731.239700207486749, 707834.581789148971438 ], [ 4426731.239700207486749, 707797.157271800097078 ], [ 4426731.239700207486749, 707759.732754451222718 ], [ 4426731.239700207486749, 707722.308237102348357 ], [ 4426731.239700207486749, 707684.883719753473997 ], [ 4426731.239700207486749, 707647.459202404599637 ], [ 4426731.239700207486749, 707610.034685055725276 ], [ 4426731.239700207486749, 707572.610167706850916 ], [ 4426731.239700207486749, 707535.185650357976556 ], [ 4426731.239700207486749, 707497.761133009102196 ], [ 4426731.239700207486749, 707460.336615660227835 ], [ 4426731.239700207486749, 707422.912098311353475 ], [ 4426731.239700207486749, 707385.487580962479115 ], [ 4426731.239700207486749, 707348.063063613604754 ], [ 4426731.239700207486749, 707310.638546264730394 ], [ 4426731.239700207486749, 707273.214028915856034 ], [ 4426731.239700207486749, 707235.789511566981673 ], [ 4426731.239700207486749, 707198.364994218107313 ], [ 4426731.239700207486749, 707160.940476869232953 ], [ 4426731.239700207486749, 707123.515959520358592 ], [ 4426731.239700207486749, 707086.091442171484232 ], [ 4426731.239700207486749, 707048.666924822609872 ], [ 4426757.702830207534134, 707022.203794822562486 ], [ 4426795.127347555942833, 707022.203794822562486 ], [ 4426832.551864904351532, 707022.203794822562486 ], [ 4426869.976382252760231, 707022.203794822562486 ], [ 4426869.976382252760231, 706984.779277473688126 ], [ 4426869.976382252760231, 706947.354760124813765 ], [ 4426869.976382252760231, 706909.930242775939405 ], [ 4426869.976382252760231, 706872.505725427065045 ], [ 4426869.976382252760231, 706835.081208078190684 ], [ 4426869.976382252760231, 706797.656690729316324 ], [ 4426869.976382252760231, 706760.232173380441964 ], [ 4426869.976382252760231, 706722.807656031567603 ], [ 4426869.976382252760231, 706685.383138682693243 ], [ 4426869.976382252760231, 706647.958621333818883 ], [ 4426869.976382252760231, 706610.534103984944522 ], [ 4426869.976382252760231, 706573.109586636070162 ], [ 4426869.976382252760231, 706535.685069287195802 ], [ 4426869.976382252760231, 706498.260551938321441 ], [ 4426869.976382252760231, 706460.836034589447081 ], [ 4426869.976382252760231, 706423.411517240572721 ], [ 4426869.976382252760231, 706385.98699989169836 ], [ 4426896.439512252807617, 706359.523869891650975 ], [ 4426933.864029601216316, 706359.523869891650975 ], [ 4426971.288546949625015, 706359.523869891650975 ], [ 4427008.713064298033714, 706359.523869891650975 ], [ 4427046.137581646442413, 706359.523869891650975 ], [ 4427046.137581646442413, 706322.099352542776614 ], [ 4427046.137581646442413, 706284.674835193902254 ], [ 4427046.137581646442413, 706247.250317845027894 ], [ 4427046.137581646442413, 706209.825800496153533 ], [ 4427046.137581646442413, 706172.401283147279173 ], [ 4427046.137581646442413, 706134.976765798404813 ], [ 4427046.137581646442413, 706097.552248449530452 ], [ 4427046.137581646442413, 706060.127731100656092 ], [ 4427046.137581646442413, 706022.703213751781732 ], [ 4427046.137581646442413, 705985.278696402907372 ], [ 4427046.137581646442413, 705947.854179054033011 ], [ 4427046.137581646442413, 705910.429661705158651 ], [ 4427046.137581646442413, 705873.005144356284291 ], [ 4427083.562098994851112, 705873.005144356284291 ], [ 4427120.986616343259811, 705873.005144356284291 ], [ 4427158.41113369166851, 705873.005144356284291 ], [ 4427195.835651040077209, 705873.005144356284291 ], [ 4427195.835651040077209, 705835.58062700740993 ], [ 4427195.835651040077209, 705798.15610965853557 ], [ 4427195.835651040077209, 705760.73159230966121 ], [ 4427195.835651040077209, 705723.307074960786849 ], [ 4427195.835651040077209, 705685.882557611912489 ], [ 4427195.835651040077209, 705648.458040263038129 ], [ 4427195.835651040077209, 705611.033522914163768 ], [ 4427195.835651040077209, 705573.609005565289408 ], [ 4427195.835651040077209, 705536.184488216415048 ], [ 4427195.835651040077209, 705498.759970867540687 ], [ 4427195.835651040077209, 705461.335453518666327 ], [ 4427195.835651040077209, 705423.910936169791967 ], [ 4427195.835651040077209, 705386.486418820917606 ], [ 4427195.835651040077209, 705349.061901472043246 ], [ 4427195.835651040077209, 705311.637384123168886 ], [ 4427195.835651040077209, 705274.212866774294525 ], [ 4427195.835651040077209, 705236.788349425420165 ], [ 4427195.835651040077209, 705199.363832076545805 ], [ 4427195.835651040077209, 705161.939314727671444 ], [ 4427195.835651040077209, 705124.514797378797084 ], [ 4427195.835651040077209, 705087.090280029922724 ], [ 4427195.835651040077209, 705049.665762681048363 ], [ 4427195.835651040077209, 705012.241245332174003 ], [ 4427195.835651040077209, 704974.816727983299643 ], [ 4427195.835651040077209, 704937.392210634425282 ], [ 4427195.835651040077209, 704899.967693285550922 ], [ 4427222.298781040124595, 704873.504563285503536 ], [ 4427259.723298388533294, 704873.504563285503536 ], [ 4427297.147815736941993, 704873.504563285503536 ], [ 4427334.572333085350692, 704873.504563285503536 ], [ 4427371.996850433759391, 704873.504563285503536 ], [ 4427398.459980433806777, 704847.041433285456151 ], [ 4427398.459980433806777, 704809.61691593658179 ], [ 4427398.459980433806777, 704772.19239858770743 ], [ 4427398.459980433806777, 704734.76788123883307 ], [ 4427398.459980433806777, 704697.343363889958709 ], [ 4427398.459980433806777, 704659.918846541084349 ], [ 4427398.459980433806777, 704622.494329192209989 ], [ 4427398.459980433806777, 704585.069811843335629 ], [ 4427398.459980433806777, 704547.645294494461268 ], [ 4427398.459980433806777, 704510.220777145586908 ], [ 4427398.459980433806777, 704472.796259796712548 ], [ 4427398.459980433806777, 704435.371742447838187 ], [ 4427398.459980433806777, 704397.947225098963827 ], [ 4427398.459980433806777, 704360.522707750089467 ], [ 4427398.459980433806777, 704323.098190401215106 ], [ 4427398.459980433806777, 704285.673673052340746 ], [ 4427398.459980433806777, 704248.249155703466386 ], [ 4427398.459980433806777, 704210.824638354592025 ], [ 4427398.459980433806777, 704173.400121005717665 ], [ 4427398.459980433806777, 704135.975603656843305 ], [ 4427398.459980433806777, 704098.551086307968944 ], [ 4427398.459980433806777, 704061.126568959094584 ], [ 4427435.884497782215476, 704061.126568959094584 ], [ 4427473.309015130624175, 704061.126568959094584 ], [ 4427510.733532479032874, 704061.126568959094584 ], [ 4427548.158049827441573, 704061.126568959094584 ], [ 4427548.158049827441573, 704023.702051610220224 ], [ 4427548.158049827441573, 703986.277534261345863 ], [ 4427548.158049827441573, 703948.853016912471503 ], [ 4427548.158049827441573, 703911.428499563597143 ], [ 4427548.158049827441573, 703874.003982214722782 ], [ 4427548.158049827441573, 703836.579464865848422 ], [ 4427548.158049827441573, 703799.154947516974062 ], [ 4427548.158049827441573, 703761.730430168099701 ], [ 4427548.158049827441573, 703724.305912819225341 ], [ 4427548.158049827441573, 703686.881395470350981 ], [ 4427548.158049827441573, 703649.45687812147662 ], [ 4427548.158049827441573, 703612.03236077260226 ], [ 4427548.158049827441573, 703574.6078434237279 ], [ 4427548.158049827441573, 703537.183326074853539 ], [ 4427548.158049827441573, 703499.758808725979179 ], [ 4427548.158049827441573, 703462.334291377104819 ], [ 4427548.158049827441573, 703424.909774028230458 ], [ 4427548.158049827441573, 703387.485256679356098 ], [ 4427548.158049827441573, 703350.060739330481738 ], [ 4427548.158049827441573, 703312.636221981607378 ], [ 4427548.158049827441573, 703275.211704632733017 ], [ 4427548.158049827441573, 703237.787187283858657 ], [ 4427548.158049827441573, 703200.362669934984297 ], [ 4427548.158049827441573, 703162.938152586109936 ], [ 4427548.158049827441573, 703125.513635237235576 ], [ 4427548.158049827441573, 703088.089117888361216 ], [ 4427548.158049827441573, 703050.664600539486855 ], [ 4427548.158049827441573, 703013.240083190612495 ], [ 4427548.158049827441573, 702975.815565841738135 ], [ 4427548.158049827441573, 702938.391048492863774 ], [ 4427548.158049827441573, 702900.966531143989414 ], [ 4427548.158049827441573, 702863.542013795115054 ], [ 4427548.158049827441573, 702826.117496446240693 ], [ 4427548.158049827441573, 702788.692979097366333 ], [ 4427548.158049827441573, 702751.268461748491973 ], [ 4427548.158049827441573, 702713.843944399617612 ], [ 4427548.158049827441573, 702676.419427050743252 ], [ 4427548.158049827441573, 702638.994909701868892 ], [ 4427548.158049827441573, 702601.570392352994531 ], [ 4427548.158049827441573, 702564.145875004120171 ], [ 4427548.158049827441573, 702526.721357655245811 ], [ 4427548.158049827441573, 702489.29684030637145 ], [ 4427548.158049827441573, 702451.87232295749709 ], [ 4427548.158049827441573, 702414.44780560862273 ], [ 4427548.158049827441573, 702377.023288259748369 ], [ 4427548.158049827441573, 702339.598770910874009 ], [ 4427548.158049827441573, 702302.174253561999649 ], [ 4427548.158049827441573, 702264.749736213125288 ], [ 4427548.158049827441573, 702227.325218864250928 ], [ 4427548.158049827441573, 702189.900701515376568 ], [ 4427548.158049827441573, 702152.476184166502208 ], [ 4427548.158049827441573, 702115.051666817627847 ], [ 4427521.694919827394187, 702088.588536817580462 ], [ 4427484.270402478985488, 702088.588536817580462 ], [ 4427446.845885130576789, 702088.588536817580462 ], [ 4427409.42136778216809, 702088.588536817580462 ], [ 4427382.958237782120705, 702062.125406817533076 ], [ 4427382.958237782120705, 702024.700889468658715 ], [ 4427382.958237782120705, 701987.276372119784355 ], [ 4427382.958237782120705, 701949.851854770909995 ], [ 4427382.958237782120705, 701912.427337422035635 ], [ 4427382.958237782120705, 701875.002820073161274 ], [ 4427382.958237782120705, 701837.578302724286914 ], [ 4427382.958237782120705, 701800.153785375412554 ], [ 4427382.958237782120705, 701762.729268026538193 ], [ 4427345.533720433712006, 701762.729268026538193 ], [ 4427308.109203085303307, 701762.729268026538193 ], [ 4427270.684685736894608, 701762.729268026538193 ], [ 4427233.260168388485909, 701762.729268026538193 ], [ 4427206.797038388438523, 701736.266138026490808 ], [ 4427206.797038388438523, 701698.841620677616447 ], [ 4427206.797038388438523, 701661.417103328742087 ], [ 4427206.797038388438523, 701623.992585979867727 ], [ 4427206.797038388438523, 701586.568068630993366 ], [ 4427206.797038388438523, 701549.143551282119006 ], [ 4427206.797038388438523, 701511.719033933244646 ], [ 4427206.797038388438523, 701474.294516584370285 ], [ 4427206.797038388438523, 701436.869999235495925 ], [ 4427169.372521040029824, 701436.869999235495925 ], [ 4427131.948003691621125, 701436.869999235495925 ], [ 4427094.523486343212426, 701436.869999235495925 ], [ 4427057.098968994803727, 701436.869999235495925 ], [ 4427030.635838994756341, 701410.406869235448539 ], [ 4427030.635838994756341, 701372.982351886574179 ], [ 4427030.635838994756341, 701335.557834537699819 ], [ 4427030.635838994756341, 701298.133317188825458 ], [ 4427030.635838994756341, 701260.708799839951098 ], [ 4427030.635838994756341, 701223.284282491076738 ], [ 4427030.635838994756341, 701185.859765142202377 ], [ 4427030.635838994756341, 701148.435247793328017 ], [ 4427030.635838994756341, 701111.010730444453657 ], [ 4427030.635838994756341, 701073.586213095579296 ], [ 4427030.635838994756341, 701036.161695746704936 ], [ 4427030.635838994756341, 700998.737178397830576 ], [ 4427030.635838994756341, 700961.312661048956215 ], [ 4427030.635838994756341, 700923.888143700081855 ], [ 4427030.635838994756341, 700886.463626351207495 ], [ 4427030.635838994756341, 700849.039109002333134 ], [ 4427030.635838994756341, 700811.614591653458774 ], [ 4427030.635838994756341, 700774.190074304584414 ], [ 4426993.211321646347642, 700774.190074304584414 ], [ 4426955.786804297938943, 700774.190074304584414 ], [ 4426918.362286949530244, 700774.190074304584414 ], [ 4426891.899156949482858, 700747.726944304537028 ], [ 4426891.899156949482858, 700710.302426955662668 ], [ 4426891.899156949482858, 700672.877909606788307 ], [ 4426891.899156949482858, 700635.453392257913947 ], [ 4426891.899156949482858, 700598.028874909039587 ], [ 4426891.899156949482858, 700560.604357560165226 ], [ 4426891.899156949482858, 700523.179840211290866 ], [ 4426891.899156949482858, 700485.755322862416506 ], [ 4426891.899156949482858, 700448.330805513542145 ], [ 4426891.899156949482858, 700410.906288164667785 ], [ 4426891.899156949482858, 700373.481770815793425 ], [ 4426891.899156949482858, 700336.057253466919065 ], [ 4426891.899156949482858, 700298.632736118044704 ], [ 4426891.899156949482858, 700261.208218769170344 ], [ 4426891.899156949482858, 700223.783701420295984 ], [ 4426891.899156949482858, 700186.359184071421623 ], [ 4426891.899156949482858, 700148.934666722547263 ], [ 4426891.899156949482858, 700111.510149373672903 ], [ 4426891.899156949482858, 700074.085632024798542 ], [ 4426891.899156949482858, 700036.661114675924182 ], [ 4426891.899156949482858, 699999.236597327049822 ], [ 4426891.899156949482858, 699961.812079978175461 ], [ 4426891.899156949482858, 699924.387562629301101 ], [ 4426891.899156949482858, 699886.963045280426741 ], [ 4426891.899156949482858, 699849.53852793155238 ], [ 4426891.899156949482858, 699812.11401058267802 ], [ 4426891.899156949482858, 699774.68949323380366 ], [ 4426918.362286949530244, 699748.226363233756274 ], [ 4426955.786804297938943, 699748.226363233756274 ], [ 4426993.211321646347642, 699748.226363233756274 ], [ 4427030.635838994756341, 699748.226363233756274 ], [ 4427030.635838994756341, 699710.801845884881914 ], [ 4427030.635838994756341, 699673.377328536007553 ], [ 4427030.635838994756341, 699635.952811187133193 ], [ 4427030.635838994756341, 699598.528293838258833 ], [ 4427057.098968994803727, 699572.065163838211447 ], [ 4427094.523486343212426, 699572.065163838211447 ], [ 4427131.948003691621125, 699572.065163838211447 ], [ 4427169.372521040029824, 699572.065163838211447 ], [ 4427206.797038388438523, 699572.065163838211447 ], [ 4427206.797038388438523, 699534.640646489337087 ], [ 4427206.797038388438523, 699497.216129140462726 ], [ 4427206.797038388438523, 699459.791611791588366 ], [ 4427206.797038388438523, 699422.367094442714006 ], [ 4427244.221555736847222, 699422.367094442714006 ], [ 4427281.646073085255921, 699422.367094442714006 ], [ 4427319.07059043366462, 699422.367094442714006 ], [ 4427356.495107782073319, 699422.367094442714006 ], [ 4427393.919625130482018, 699422.367094442714006 ], [ 4427393.919625130482018, 699384.942577093839645 ], [ 4427393.919625130482018, 699347.518059744965285 ], [ 4427393.919625130482018, 699310.093542396090925 ], [ 4427393.919625130482018, 699272.669025047216564 ], [ 4427420.382755130529404, 699246.205895047169179 ], [ 4427457.807272478938103, 699246.205895047169179 ], [ 4427495.231789827346802, 699246.205895047169179 ], [ 4427532.656307175755501, 699246.205895047169179 ], [ 4427532.656307175755501, 699208.781377698294818 ], [ 4427532.656307175755501, 699171.356860349420458 ], [ 4427532.656307175755501, 699133.932343000546098 ], [ 4427532.656307175755501, 699096.507825651671737 ], [ 4427570.0808245241642, 699096.507825651671737 ], [ 4427607.505341872572899, 699096.507825651671737 ], [ 4427644.929859220981598, 699096.507825651671737 ], [ 4427682.354376569390297, 699096.507825651671737 ], [ 4427708.817506569437683, 699070.044695651624352 ], [ 4427708.817506569437683, 699032.620178302749991 ], [ 4427708.817506569437683, 698995.195660953875631 ], [ 4427708.817506569437683, 698957.771143605001271 ], [ 4427735.280636569485068, 698931.308013604953885 ], [ 4427772.705153917893767, 698931.308013604953885 ], [ 4427810.129671266302466, 698931.308013604953885 ], [ 4427847.554188614711165, 698931.308013604953885 ], [ 4427874.017318614758551, 698904.844883604906499 ], [ 4427874.017318614758551, 698867.420366256032139 ], [ 4427874.017318614758551, 698829.995848907157779 ], [ 4427874.017318614758551, 698792.571331558283418 ], [ 4427900.480448614805937, 698766.108201558236033 ], [ 4427937.904965963214636, 698766.108201558236033 ], [ 4427975.329483311623335, 698766.108201558236033 ], [ 4428012.754000660032034, 698766.108201558236033 ], [ 4428012.754000660032034, 698728.683684209361672 ], [ 4428012.754000660032034, 698691.259166860487312 ], [ 4428012.754000660032034, 698653.834649511612952 ], [ 4428012.754000660032034, 698616.410132162738591 ], [ 4428039.21713066007942, 698589.947002162691206 ], [ 4428076.641648008488119, 698589.947002162691206 ], [ 4428114.066165356896818, 698589.947002162691206 ], [ 4428151.490682705305517, 698589.947002162691206 ], [ 4428188.915200053714216, 698589.947002162691206 ], [ 4428215.378330053761601, 698563.48387216264382 ], [ 4428215.378330053761601, 698526.05935481376946 ], [ 4428215.378330053761601, 698488.634837464895099 ], [ 4428215.378330053761601, 698451.210320116020739 ], [ 4428241.841460053808987, 698424.747190115973353 ], [ 4428279.265977402217686, 698424.747190115973353 ], [ 4428316.690494750626385, 698424.747190115973353 ], [ 4428354.115012099035084, 698424.747190115973353 ], [ 4428354.115012099035084, 698387.322672767098993 ], [ 4428354.115012099035084, 698349.898155418224633 ], [ 4428354.115012099035084, 698312.473638069350272 ], [ 4428354.115012099035084, 698275.049120720475912 ], [ 4428380.57814209908247, 698248.585990720428526 ], [ 4428418.002659447491169, 698248.585990720428526 ], [ 4428455.427176795899868, 698248.585990720428526 ], [ 4428492.851694144308567, 698248.585990720428526 ], [ 4428530.276211492717266, 698248.585990720428526 ], [ 4428530.276211492717266, 698211.161473371554166 ], [ 4428530.276211492717266, 698173.736956022679806 ], [ 4428530.276211492717266, 698136.312438673805445 ], [ 4428530.276211492717266, 698098.887921324931085 ], [ 4428567.700728841125965, 698098.887921324931085 ], [ 4428605.125246189534664, 698098.887921324931085 ], [ 4428642.549763537943363, 698098.887921324931085 ], [ 4428679.974280886352062, 698098.887921324931085 ], [ 4428679.974280886352062, 698061.463403976056725 ], [ 4428679.974280886352062, 698024.038886627182364 ], [ 4428679.974280886352062, 697986.614369278308004 ], [ 4428679.974280886352062, 697949.189851929433644 ], [ 4428706.437410886399448, 697922.726721929386258 ], [ 4428743.861928234808147, 697922.726721929386258 ], [ 4428781.286445583216846, 697922.726721929386258 ], [ 4428818.710962931625545, 697922.726721929386258 ], [ 4428856.135480280034244, 697922.726721929386258 ], [ 4428856.135480280034244, 697885.302204580511898 ], [ 4428856.135480280034244, 697847.877687231637537 ], [ 4428856.135480280034244, 697810.453169882763177 ], [ 4428856.135480280034244, 697773.028652533888817 ], [ 4428893.559997628442943, 697773.028652533888817 ], [ 4428930.984514976851642, 697773.028652533888817 ], [ 4428968.409032325260341, 697773.028652533888817 ], [ 4429005.83354967366904, 697773.028652533888817 ], [ 4429032.296679673716426, 697746.565522533841431 ], [ 4429032.296679673716426, 697709.141005184967071 ], [ 4429032.296679673716426, 697671.71648783609271 ], [ 4429032.296679673716426, 697634.29197048721835 ], [ 4429032.296679673716426, 697596.86745313834399 ], [ 4429032.296679673716426, 697559.44293578946963 ], [ 4429032.296679673716426, 697522.018418440595269 ], [ 4429032.296679673716426, 697484.593901091720909 ], [ 4429032.296679673716426, 697447.169383742846549 ], [ 4429069.721197022125125, 697447.169383742846549 ], [ 4429107.145714370533824, 697447.169383742846549 ], [ 4429144.570231718942523, 697447.169383742846549 ], [ 4429181.994749067351222, 697447.169383742846549 ], [ 4429181.994749067351222, 697409.744866393972188 ], [ 4429181.994749067351222, 697372.320349045097828 ], [ 4429181.994749067351222, 697334.895831696223468 ], [ 4429181.994749067351222, 697297.471314347349107 ], [ 4429208.457879067398608, 697271.008184347301722 ], [ 4429245.882396415807307, 697271.008184347301722 ], [ 4429283.306913764216006, 697271.008184347301722 ], [ 4429320.731431112624705, 697271.008184347301722 ], [ 4429347.194561112672091, 697244.545054347254336 ], [ 4429347.194561112672091, 697207.120536998379976 ], [ 4429347.194561112672091, 697169.696019649505615 ], [ 4429347.194561112672091, 697132.271502300631255 ], [ 4429347.194561112672091, 697094.846984951756895 ], [ 4429347.194561112672091, 697057.422467602882534 ], [ 4429347.194561112672091, 697019.997950254008174 ], [ 4429347.194561112672091, 696982.573432905133814 ], [ 4429347.194561112672091, 696945.148915556259453 ], [ 4429384.61907846108079, 696945.148915556259453 ], [ 4429422.043595809489489, 696945.148915556259453 ], [ 4429459.468113157898188, 696945.148915556259453 ], [ 4429496.892630506306887, 696945.148915556259453 ], [ 4429496.892630506306887, 696907.724398207385093 ], [ 4429496.892630506306887, 696870.299880858510733 ], [ 4429496.892630506306887, 696832.875363509636372 ], [ 4429496.892630506306887, 696795.450846160762012 ], [ 4429523.355760506354272, 696768.987716160714626 ], [ 4429560.780277854762971, 696768.987716160714626 ], [ 4429598.20479520317167, 696768.987716160714626 ], [ 4429635.629312551580369, 696768.987716160714626 ], [ 4429673.053829899989069, 696768.987716160714626 ], [ 4429699.516959900036454, 696742.524586160667241 ], [ 4429699.516959900036454, 696705.10006881179288 ], [ 4429699.516959900036454, 696667.67555146291852 ], [ 4429699.516959900036454, 696630.25103411404416 ], [ 4429725.98008990008384, 696603.787904113996774 ], [ 4429763.404607248492539, 696603.787904113996774 ], [ 4429800.829124596901238, 696603.787904113996774 ], [ 4429838.253641945309937, 696603.787904113996774 ], [ 4429838.253641945309937, 696566.363386765122414 ], [ 4429838.253641945309937, 696528.938869416248053 ], [ 4429838.253641945309937, 696491.514352067373693 ], [ 4429838.253641945309937, 696454.089834718499333 ], [ 4429838.253641945309937, 696416.665317369624972 ], [ 4429838.253641945309937, 696379.240800020750612 ], [ 4429838.253641945309937, 696341.816282671876252 ], [ 4429838.253641945309937, 696304.391765323001891 ], [ 4429864.716771945357323, 696277.928635322954506 ], [ 4429902.141289293766022, 696277.928635322954506 ], [ 4429939.565806642174721, 696277.928635322954506 ], [ 4429976.99032399058342, 696277.928635322954506 ], [ 4430014.414841338992119, 696277.928635322954506 ], [ 4430051.839358687400818, 696277.928635322954506 ], [ 4430089.263876035809517, 696277.928635322954506 ], [ 4430126.688393384218216, 696277.928635322954506 ], [ 4430164.112910732626915, 696277.928635322954506 ], [ 4430201.537428081035614, 696277.928635322954506 ], [ 4430238.961945429444313, 696277.928635322954506 ], [ 4430276.386462777853012, 696277.928635322954506 ], [ 4430313.810980126261711, 696277.928635322954506 ], [ 4430313.810980126261711, 696240.504117974080145 ], [ 4430313.810980126261711, 696203.079600625205785 ], [ 4430313.810980126261711, 696165.655083276331425 ], [ 4430313.810980126261711, 696128.230565927457064 ], [ 4430340.274110126309097, 696101.767435927409679 ], [ 4430377.698627474717796, 696101.767435927409679 ], [ 4430415.123144823126495, 696101.767435927409679 ], [ 4430452.547662171535194, 696101.767435927409679 ], [ 4430489.972179519943893, 696101.767435927409679 ], [ 4430516.435309519991279, 696075.304305927362293 ], [ 4430516.435309519991279, 696037.879788578487933 ], [ 4430516.435309519991279, 696000.455271229613572 ], [ 4430516.435309519991279, 695963.030753880739212 ], [ 4430556.130004519596696, 695957.018124494352378 ], [ 4430595.824699519202113, 695958.490398577647284 ], [ 4430633.249216867610812, 695958.490398577647284 ], [ 4430670.673734216019511, 695958.490398577647284 ], [ 4430697.136864216066897, 695984.953528577694669 ], [ 4430697.136864216066897, 696022.37804592656903 ], [ 4430697.136864216066897, 696059.80256327544339 ], [ 4430697.136864216066897, 696097.22708062431775 ], [ 4430723.599994216114283, 696123.690210624365136 ], [ 4430761.024511564522982, 696123.690210624365136 ], [ 4430798.449028912931681, 696123.690210624365136 ], [ 4430835.87354626134038, 696123.690210624365136 ], [ 4430835.87354626134038, 696086.265693275490776 ], [ 4430835.87354626134038, 696048.841175926616415 ], [ 4430835.87354626134038, 696011.416658577742055 ], [ 4430835.87354626134038, 695973.992141228867695 ], [ 4430862.336676261387765, 695947.529011228820309 ], [ 4430899.761193609796464, 695947.529011228820309 ], [ 4430937.185710958205163, 695947.529011228820309 ], [ 4430974.610228306613863, 695947.529011228820309 ], [ 4430974.610228306613863, 695910.104493879945949 ], [ 4430974.610228306613863, 695872.679976531071588 ], [ 4430974.610228306613863, 695835.255459182197228 ], [ 4430974.610228306613863, 695797.830941833322868 ], [ 4431001.073358306661248, 695771.367811833275482 ], [ 4431038.497875655069947, 695771.367811833275482 ], [ 4431075.922393003478646, 695771.367811833275482 ], [ 4431113.346910351887345, 695771.367811833275482 ], [ 4431150.771427700296044, 695771.367811833275482 ], [ 4431188.195945048704743, 695771.367811833275482 ], [ 4431225.620462397113442, 695771.367811833275482 ], [ 4431263.044979745522141, 695771.367811833275482 ], [ 4431300.46949709393084, 695771.367811833275482 ], [ 4431337.89401444233954, 695771.367811833275482 ], [ 4431375.318531790748239, 695771.367811833275482 ], [ 4431412.743049139156938, 695771.367811833275482 ], [ 4431450.167566487565637, 695771.367811833275482 ], [ 4431487.592083835974336, 695771.367811833275482 ], [ 4431487.592083835974336, 695733.943294484401122 ], [ 4431487.592083835974336, 695696.518777135526761 ], [ 4431487.592083835974336, 695659.094259786652401 ], [ 4431487.592083835974336, 695621.669742437778041 ], [ 4431525.016601184383035, 695621.669742437778041 ], [ 4431562.441118532791734, 695621.669742437778041 ], [ 4431599.865635881200433, 695621.669742437778041 ], [ 4431637.290153229609132, 695621.669742437778041 ], [ 4431674.714670578017831, 695621.669742437778041 ], [ 4431712.13918792642653, 695621.669742437778041 ], [ 4431749.563705274835229, 695621.669742437778041 ], [ 4431786.988222623243928, 695621.669742437778041 ], [ 4431813.451352623291314, 695595.206612437730655 ], [ 4431813.451352623291314, 695557.782095088856295 ], [ 4431813.451352623291314, 695520.357577739981934 ], [ 4431813.451352623291314, 695482.933060391107574 ], [ 4431839.914482623338699, 695456.469930391060188 ], [ 4431877.338999971747398, 695456.469930391060188 ], [ 4431914.763517320156097, 695456.469930391060188 ], [ 4431952.188034668564796, 695456.469930391060188 ], [ 4431989.612552016973495, 695456.469930391060188 ], [ 4432027.037069365382195, 695456.469930391060188 ], [ 4432064.461586713790894, 695456.469930391060188 ], [ 4432101.886104062199593, 695456.469930391060188 ], [ 4432139.310621410608292, 695456.469930391060188 ], [ 4432176.735138759016991, 695456.469930391060188 ], [ 4432214.15965610742569, 695456.469930391060188 ], [ 4432251.584173455834389, 695456.469930391060188 ], [ 4432289.008690804243088, 695456.469930391060188 ], [ 4432326.433208152651787, 695456.469930391060188 ], [ 4432363.857725501060486, 695456.469930391060188 ], [ 4432401.282242849469185, 695456.469930391060188 ], [ 4432438.706760197877884, 695456.469930391060188 ], [ 4432476.131277546286583, 695456.469930391060188 ], [ 4432476.131277546286583, 695419.045413042185828 ], [ 4432476.131277546286583, 695381.620895693311468 ], [ 4432476.131277546286583, 695344.196378344437107 ], [ 4432476.131277546286583, 695306.771860995562747 ], [ 4432502.594407546333969, 695280.308730995515361 ], [ 4432540.018924894742668, 695280.308730995515361 ], [ 4432577.443442243151367, 695280.308730995515361 ], [ 4432614.867959591560066, 695280.308730995515361 ], [ 4432614.867959591560066, 695242.884213646641001 ], [ 4432614.867959591560066, 695205.459696297766641 ], [ 4432614.867959591560066, 695168.03517894889228 ], [ 4432614.867959591560066, 695130.61066160001792 ], [ 4432652.292476939968765, 695130.61066160001792 ], [ 4432689.716994288377464, 695130.61066160001792 ], [ 4432727.141511636786163, 695130.61066160001792 ], [ 4432764.566028985194862, 695130.61066160001792 ], [ 4432801.990546333603561, 695130.61066160001792 ], [ 4432839.41506368201226, 695130.61066160001792 ], [ 4432876.839581030420959, 695130.61066160001792 ], [ 4432914.264098378829658, 695130.61066160001792 ], [ 4432951.688615727238357, 695130.61066160001792 ], [ 4432989.113133075647056, 695130.61066160001792 ], [ 4433026.537650424055755, 695130.61066160001792 ], [ 4433063.962167772464454, 695130.61066160001792 ], [ 4433101.386685120873153, 695130.61066160001792 ], [ 4433138.811202469281852, 695130.61066160001792 ], [ 4433176.235719817690551, 695130.61066160001792 ], [ 4433213.66023716609925, 695130.61066160001792 ], [ 4433251.084754514507949, 695130.61066160001792 ], [ 4433288.509271862916648, 695130.61066160001792 ], [ 4433288.509271862916648, 695093.18614425114356 ], [ 4433288.509271862916648, 695055.761626902269199 ], [ 4433288.509271862916648, 695018.337109553394839 ], [ 4433288.509271862916648, 694980.912592204520479 ], [ 4433314.972401862964034, 694954.449462204473093 ], [ 4433352.396919211372733, 694954.449462204473093 ], [ 4433389.821436559781432, 694954.449462204473093 ], [ 4433427.245953908190131, 694954.449462204473093 ], [ 4433464.67047125659883, 694954.449462204473093 ], [ 4433502.094988605007529, 694954.449462204473093 ], [ 4433539.519505953416228, 694954.449462204473093 ], [ 4433576.944023301824927, 694954.449462204473093 ], [ 4433614.368540650233626, 694954.449462204473093 ], [ 4433640.831670650281012, 694927.986332204425707 ], [ 4433640.831670650281012, 694890.561814855551347 ], [ 4433640.831670650281012, 694853.137297506676987 ], [ 4433640.831670650281012, 694815.712780157802626 ], [ 4433667.294800650328398, 694789.249650157755241 ], [ 4433704.719317998737097, 694789.249650157755241 ], [ 4433742.143835347145796, 694789.249650157755241 ], [ 4433779.568352695554495, 694789.249650157755241 ], [ 4433816.992870043963194, 694789.249650157755241 ], [ 4433854.417387392371893, 694789.249650157755241 ], [ 4433891.841904740780592, 694789.249650157755241 ], [ 4433929.266422089189291, 694789.249650157755241 ], [ 4433966.69093943759799, 694789.249650157755241 ], [ 4434004.115456786006689, 694789.249650157755241 ], [ 4434041.539974134415388, 694789.249650157755241 ], [ 4434078.964491482824087, 694789.249650157755241 ], [ 4434116.389008831232786, 694789.249650157755241 ], [ 4434116.389008831232786, 694751.82513280888088 ], [ 4434116.389008831232786, 694714.40061546000652 ], [ 4434116.389008831232786, 694676.97609811113216 ], [ 4434116.389008831232786, 694639.5515807622578 ], [ 4434142.852138831280172, 694613.088450762210414 ], [ 4434180.276656179688871, 694613.088450762210414 ], [ 4434217.70117352809757, 694613.088450762210414 ], [ 4434255.125690876506269, 694613.088450762210414 ], [ 4434292.550208224914968, 694613.088450762210414 ], [ 4434329.974725573323667, 694613.088450762210414 ], [ 4434367.399242921732366, 694613.088450762210414 ], [ 4434404.823760270141065, 694613.088450762210414 ], [ 4434442.248277618549764, 694613.088450762210414 ], [ 4434442.248277618549764, 694575.663933413336053 ], [ 4434442.248277618549764, 694538.239416064461693 ], [ 4434442.248277618549764, 694500.814898715587333 ], [ 4434481.942972618155181, 694468.605107185314409 ], [ 4434521.637667617760599, 694470.077381268609315 ], [ 4434559.062184966169298, 694470.077381268609315 ], [ 4434596.486702314577997, 694470.077381268609315 ], [ 4434633.911219662986696, 694470.077381268609315 ], [ 4434671.335737011395395, 694470.077381268609315 ], [ 4434708.760254359804094, 694470.077381268609315 ], [ 4434746.184771708212793, 694470.077381268609315 ], [ 4434783.609289056621492, 694470.077381268609315 ], [ 4434821.033806405030191, 694470.077381268609315 ], [ 4434858.45832375343889, 694470.077381268609315 ], [ 4434895.882841101847589, 694470.077381268609315 ], [ 4434933.307358450256288, 694470.077381268609315 ], [ 4434970.731875798664987, 694470.077381268609315 ], [ 4435008.156393147073686, 694470.077381268609315 ], [ 4435045.580910495482385, 694470.077381268609315 ], [ 4435083.005427843891084, 694470.077381268609315 ], [ 4435120.429945192299783, 694470.077381268609315 ], [ 4435120.429945192299783, 694432.652863919734955 ], [ 4435120.429945192299783, 694395.228346570860595 ], [ 4435120.429945192299783, 694357.803829221986234 ], [ 4435120.429945192299783, 694320.379311873111874 ], [ 4435146.893075192347169, 694293.916181873064488 ], [ 4435184.317592540755868, 694293.916181873064488 ], [ 4435221.742109889164567, 694293.916181873064488 ], [ 4435259.166627237573266, 694293.916181873064488 ], [ 4435296.591144585981965, 694293.916181873064488 ], [ 4435334.015661934390664, 694293.916181873064488 ], [ 4435371.440179282799363, 694293.916181873064488 ], [ 4435408.864696631208062, 694293.916181873064488 ], [ 4435446.289213979616761, 694293.916181873064488 ], [ 4435483.71373132802546, 694293.916181873064488 ], [ 4435521.138248676434159, 694293.916181873064488 ], [ 4435558.562766024842858, 694293.916181873064488 ], [ 4435595.987283373251557, 694293.916181873064488 ], [ 4435633.411800721660256, 694293.916181873064488 ], [ 4435670.836318070068955, 694293.916181873064488 ], [ 4435708.260835418477654, 694293.916181873064488 ], [ 4435745.685352766886353, 694293.916181873064488 ], [ 4435783.109870115295053, 694293.916181873064488 ], [ 4435820.534387463703752, 694293.916181873064488 ], [ 4435857.958904812112451, 694293.916181873064488 ], [ 4435895.38342216052115, 694293.916181873064488 ], [ 4435932.807939508929849, 694293.916181873064488 ], [ 4435932.807939508929849, 694256.491664524190128 ], [ 4435932.807939508929849, 694219.067147175315768 ], [ 4435932.807939508929849, 694181.642629826441407 ], [ 4435932.807939508929849, 694144.218112477567047 ], [ 4435959.271069508977234, 694117.754982477519661 ], [ 4435996.695586857385933, 694117.754982477519661 ], [ 4436034.120104205794632, 694117.754982477519661 ], [ 4436071.544621554203331, 694117.754982477519661 ], [ 4436098.007751554250717, 694091.291852477472275 ], [ 4436098.007751554250717, 694053.867335128597915 ], [ 4436098.007751554250717, 694016.442817779723555 ], [ 4436098.007751554250717, 693979.018300430849195 ], [ 4436124.470881554298103, 693952.555170430801809 ], [ 4436161.895398902706802, 693952.555170430801809 ], [ 4436199.319916251115501, 693952.555170430801809 ], [ 4436236.7444335995242, 693952.555170430801809 ], [ 4436274.168950947932899, 693952.555170430801809 ], [ 4436311.593468296341598, 693952.555170430801809 ], [ 4436349.017985644750297, 693952.555170430801809 ], [ 4436386.442502993158996, 693952.555170430801809 ], [ 4436423.867020341567695, 693952.555170430801809 ], [ 4436461.291537689976394, 693952.555170430801809 ], [ 4436498.716055038385093, 693952.555170430801809 ], [ 4436536.140572386793792, 693952.555170430801809 ], [ 4436573.565089735202491, 693952.555170430801809 ], [ 4436600.028219735249877, 693926.092040430754423 ], [ 4436600.028219735249877, 693888.667523081880063 ], [ 4436600.028219735249877, 693851.243005733005702 ], [ 4436600.028219735249877, 693813.818488384131342 ], [ 4436626.491349735297263, 693787.355358384083956 ], [ 4436663.915867083705962, 693787.355358384083956 ], [ 4436701.340384432114661, 693787.355358384083956 ], [ 4436738.76490178052336, 693787.355358384083956 ], [ 4436765.228031780570745, 693760.892228384036571 ], [ 4436765.228031780570745, 693723.46771103516221 ], [ 4436765.228031780570745, 693686.04319368628785 ], [ 4436765.228031780570745, 693648.61867633741349 ], [ 4436791.691161780618131, 693622.155546337366104 ], [ 4436829.11567912902683, 693622.155546337366104 ], [ 4436866.540196477435529, 693622.155546337366104 ], [ 4436903.964713825844228, 693622.155546337366104 ], [ 4436941.389231174252927, 693622.155546337366104 ], [ 4436978.813748522661626, 693622.155546337366104 ], [ 4437016.238265871070325, 693622.155546337366104 ], [ 4437053.662783219479024, 693622.155546337366104 ], [ 4437091.087300567887723, 693622.155546337366104 ], [ 4437128.511817916296422, 693622.155546337366104 ], [ 4437165.936335264705122, 693622.155546337366104 ], [ 4437203.360852613113821, 693622.155546337366104 ], [ 4437240.78536996152252, 693622.155546337366104 ], [ 4437240.78536996152252, 693584.731028988491744 ], [ 4437240.78536996152252, 693547.306511639617383 ], [ 4437240.78536996152252, 693509.881994290743023 ], [ 4437240.78536996152252, 693472.457476941868663 ], [ 4437240.78536996152252, 693435.032959592994303 ], [ 4437240.78536996152252, 693397.608442244119942 ], [ 4437240.78536996152252, 693360.183924895245582 ], [ 4437240.78536996152252, 693322.759407546371222 ], [ 4437280.480064961127937, 693309.261874690302648 ], [ 4437320.174759960733354, 693310.734148773597553 ], [ 4437357.599277309142053, 693310.734148773597553 ], [ 4437395.023794657550752, 693310.734148773597553 ], [ 4437432.448312005959451, 693310.734148773597553 ], [ 4437469.87282935436815, 693310.734148773597553 ], [ 4437507.297346702776849, 693310.734148773597553 ], [ 4437544.721864051185548, 693310.734148773597553 ], [ 4437582.146381399594247, 693310.734148773597553 ], [ 4437619.570898748002946, 693310.734148773597553 ], [ 4437656.995416096411645, 693310.734148773597553 ], [ 4437694.419933444820344, 693310.734148773597553 ], [ 4437731.844450793229043, 693310.734148773597553 ], [ 4437731.844450793229043, 693273.309631424723193 ], [ 4437731.844450793229043, 693235.885114075848833 ], [ 4437731.844450793229043, 693198.460596726974472 ], [ 4437731.844450793229043, 693161.036079378100112 ], [ 4437758.307580793276429, 693134.572949378052726 ], [ 4437795.732098141685128, 693134.572949378052726 ], [ 4437833.156615490093827, 693134.572949378052726 ], [ 4437870.581132838502526, 693134.572949378052726 ], [ 4437897.044262838549912, 693108.109819378005341 ], [ 4437897.044262838549912, 693070.68530202913098 ], [ 4437897.044262838549912, 693033.26078468025662 ], [ 4437897.044262838549912, 692995.83626733138226 ], [ 4437923.507392838597298, 692969.373137331334874 ], [ 4437960.931910187005997, 692969.373137331334874 ], [ 4437998.356427535414696, 692969.373137331334874 ], [ 4438035.780944883823395, 692969.373137331334874 ], [ 4438073.205462232232094, 692969.373137331334874 ], [ 4438110.629979580640793, 692969.373137331334874 ], [ 4438148.054496929049492, 692969.373137331334874 ], [ 4438185.479014277458191, 692969.373137331334874 ], [ 4438222.90353162586689, 692969.373137331334874 ], [ 4438260.328048974275589, 692969.373137331334874 ], [ 4438297.752566322684288, 692969.373137331334874 ], [ 4438335.177083671092987, 692969.373137331334874 ], [ 4438372.601601019501686, 692969.373137331334874 ], [ 4438399.064731019549072, 692942.910007331287488 ], [ 4438399.064731019549072, 692905.485489982413128 ], [ 4438399.064731019549072, 692868.060972633538768 ], [ 4438399.064731019549072, 692830.636455284664407 ], [ 4438425.527861019596457, 692804.173325284617022 ], [ 4438462.952378368005157, 692804.173325284617022 ], [ 4438500.376895716413856, 692804.173325284617022 ], [ 4438537.801413064822555, 692804.173325284617022 ], [ 4438564.26454306486994, 692777.710195284569636 ], [ 4438564.26454306486994, 692740.285677935695276 ], [ 4438564.26454306486994, 692702.861160586820915 ], [ 4438564.26454306486994, 692665.436643237946555 ], [ 4438590.727673064917326, 692638.973513237899169 ], [ 4438628.152190413326025, 692638.973513237899169 ], [ 4438665.576707761734724, 692638.973513237899169 ], [ 4438703.001225110143423, 692638.973513237899169 ], [ 4438740.425742458552122, 692638.973513237899169 ], [ 4438777.850259806960821, 692638.973513237899169 ], [ 4438815.27477715536952, 692638.973513237899169 ], [ 4438852.699294503778219, 692638.973513237899169 ], [ 4438890.123811852186918, 692638.973513237899169 ], [ 4438927.548329200595617, 692638.973513237899169 ], [ 4438964.972846549004316, 692638.973513237899169 ], [ 4439002.397363897413015, 692638.973513237899169 ], [ 4439039.821881245821714, 692638.973513237899169 ], [ 4439066.2850112458691, 692612.510383237851784 ], [ 4439066.2850112458691, 692575.085865888977423 ], [ 4439066.2850112458691, 692537.661348540103063 ], [ 4439066.2850112458691, 692500.236831191228703 ], [ 4439092.748141245916486, 692473.773701191181317 ], [ 4439130.172658594325185, 692473.773701191181317 ], [ 4439167.597175942733884, 692473.773701191181317 ], [ 4439205.021693291142583, 692473.773701191181317 ], [ 4439242.446210639551282, 692473.773701191181317 ], [ 4439279.870727987959981, 692473.773701191181317 ], [ 4439317.29524533636868, 692473.773701191181317 ], [ 4439354.719762684777379, 692473.773701191181317 ], [ 4439381.182892684824765, 692447.310571191133931 ], [ 4439381.182892684824765, 692409.886053842259571 ], [ 4439381.182892684824765, 692372.461536493385211 ], [ 4439381.182892684824765, 692335.03701914451085 ], [ 4439407.64602268487215, 692308.573889144463465 ], [ 4439445.070540033280849, 692308.573889144463465 ], [ 4439482.495057381689548, 692308.573889144463465 ], [ 4439519.919574730098248, 692308.573889144463465 ], [ 4439519.919574730098248, 692271.149371795589104 ], [ 4439519.919574730098248, 692233.724854446714744 ], [ 4439519.919574730098248, 692196.300337097840384 ], [ 4439519.919574730098248, 692158.875819748966023 ], [ 4439546.382704730145633, 692132.412689748918638 ], [ 4439583.807222078554332, 692132.412689748918638 ], [ 4439621.231739426963031, 692132.412689748918638 ], [ 4439658.65625677537173, 692132.412689748918638 ], [ 4439696.080774123780429, 692132.412689748918638 ], [ 4439722.543904123827815, 692105.949559748871252 ], [ 4439722.543904123827815, 692068.525042399996892 ], [ 4439722.543904123827815, 692031.100525051122531 ], [ 4439722.543904123827815, 691993.676007702248171 ], [ 4439749.007034123875201, 691967.212877702200785 ], [ 4439786.4315514722839, 691967.212877702200785 ], [ 4439823.856068820692599, 691967.212877702200785 ], [ 4439861.280586169101298, 691967.212877702200785 ], [ 4439898.705103517509997, 691967.212877702200785 ], [ 4439936.129620865918696, 691967.212877702200785 ], [ 4439973.554138214327395, 691967.212877702200785 ], [ 4440010.978655562736094, 691967.212877702200785 ], [ 4440048.403172911144793, 691967.212877702200785 ], [ 4440085.827690259553492, 691967.212877702200785 ], [ 4440123.252207607962191, 691967.212877702200785 ], [ 4440160.67672495637089, 691967.212877702200785 ], [ 4440198.101242304779589, 691967.212877702200785 ], [ 4440198.101242304779589, 691929.788360353326425 ], [ 4440198.101242304779589, 691892.363843004452065 ], [ 4440198.101242304779589, 691854.939325655577704 ], [ 4440198.101242304779589, 691817.514808306703344 ], [ 4440235.525759653188288, 691817.514808306703344 ], [ 4440272.950277001596987, 691817.514808306703344 ], [ 4440310.374794350005686, 691817.514808306703344 ], [ 4440347.799311698414385, 691817.514808306703344 ], [ 4440385.223829046823084, 691817.514808306703344 ], [ 4440422.648346395231783, 691817.514808306703344 ], [ 4440460.072863743640482, 691817.514808306703344 ], [ 4440497.497381092049181, 691817.514808306703344 ], [ 4440534.92189844045788, 691817.514808306703344 ], [ 4440534.92189844045788, 691780.090290957828984 ], [ 4440534.92189844045788, 691742.665773608954623 ], [ 4440534.92189844045788, 691705.241256260080263 ], [ 4440534.92189844045788, 691667.816738911205903 ], [ 4440561.385028440505266, 691641.353608911158517 ], [ 4440598.809545788913965, 691641.353608911158517 ], [ 4440636.234063137322664, 691641.353608911158517 ], [ 4440673.658580485731363, 691641.353608911158517 ], [ 4440700.121710485778749, 691614.890478911111131 ], [ 4440700.121710485778749, 691577.465961562236771 ], [ 4440700.121710485778749, 691540.041444213362411 ], [ 4440700.121710485778749, 691502.61692686448805 ], [ 4440726.584840485826135, 691476.153796864440665 ], [ 4440764.009357834234834, 691476.153796864440665 ], [ 4440801.433875182643533, 691476.153796864440665 ], [ 4440838.858392531052232, 691476.153796864440665 ], [ 4440876.282909879460931, 691476.153796864440665 ], [ 4440913.70742722786963, 691476.153796864440665 ], [ 4440951.131944576278329, 691476.153796864440665 ], [ 4440988.556461924687028, 691476.153796864440665 ], [ 4441025.980979273095727, 691476.153796864440665 ], [ 4441063.405496621504426, 691476.153796864440665 ], [ 4441100.830013969913125, 691476.153796864440665 ], [ 4441138.254531318321824, 691476.153796864440665 ], [ 4441175.679048666730523, 691476.153796864440665 ], [ 4441202.142178666777909, 691449.690666864393279 ], [ 4441202.142178666777909, 691412.266149515518919 ], [ 4441202.142178666777909, 691374.841632166644558 ], [ 4441202.142178666777909, 691337.417114817770198 ], [ 4441228.605308666825294, 691310.953984817722812 ], [ 4441266.029826015233994, 691310.953984817722812 ], [ 4441303.454343363642693, 691310.953984817722812 ], [ 4441340.878860712051392, 691310.953984817722812 ], [ 4441378.303378060460091, 691310.953984817722812 ], [ 4441415.72789540886879, 691310.953984817722812 ], [ 4441453.152412757277489, 691310.953984817722812 ], [ 4441490.576930105686188, 691310.953984817722812 ], [ 4441528.001447454094887, 691310.953984817722812 ], [ 4441528.001447454094887, 691273.529467468848452 ], [ 4441528.001447454094887, 691236.104950119974092 ], [ 4441528.001447454094887, 691198.680432771099731 ], [ 4441528.001447454094887, 691161.255915422225371 ], [ 4441565.425964802503586, 691161.255915422225371 ], [ 4441602.850482150912285, 691161.255915422225371 ], [ 4441640.274999499320984, 691161.255915422225371 ], [ 4441677.699516847729683, 691161.255915422225371 ], [ 4441677.699516847729683, 691123.831398073351011 ], [ 4441677.699516847729683, 691086.40688072447665 ], [ 4441677.699516847729683, 691048.98236337560229 ], [ 4441677.699516847729683, 691011.55784602672793 ], [ 4441704.162646847777069, 690985.094716026680544 ], [ 4441741.587164196185768, 690985.094716026680544 ], [ 4441779.011681544594467, 690985.094716026680544 ], [ 4441816.436198893003166, 690985.094716026680544 ], [ 4441842.899328893050551, 690958.631586026633158 ], [ 4441842.899328893050551, 690921.207068677758798 ], [ 4441842.899328893050551, 690883.782551328884438 ], [ 4441842.899328893050551, 690846.358033980010077 ], [ 4441869.362458893097937, 690819.894903979962692 ], [ 4441906.786976241506636, 690819.894903979962692 ], [ 4441944.211493589915335, 690819.894903979962692 ], [ 4441981.636010938324034, 690819.894903979962692 ], [ 4442019.060528286732733, 690819.894903979962692 ], [ 4442019.060528286732733, 690782.470386631088331 ], [ 4442019.060528286732733, 690745.045869282213971 ], [ 4442019.060528286732733, 690707.621351933339611 ], [ 4442019.060528286732733, 690670.19683458446525 ], [ 4442045.523658286780119, 690643.733704584417865 ], [ 4442082.948175635188818, 690643.733704584417865 ], [ 4442120.372692983597517, 690643.733704584417865 ], [ 4442157.797210332006216, 690643.733704584417865 ], [ 4442184.260340332053602, 690617.270574584370479 ], [ 4442184.260340332053602, 690579.846057235496119 ], [ 4442184.260340332053602, 690542.421539886621758 ], [ 4442184.260340332053602, 690504.997022537747398 ], [ 4442210.723470332100987, 690478.533892537700012 ], [ 4442248.147987680509686, 690478.533892537700012 ], [ 4442285.572505028918386, 690478.533892537700012 ], [ 4442322.997022377327085, 690478.533892537700012 ], [ 4442349.46015237737447, 690452.070762537652627 ], [ 4442349.46015237737447, 690414.646245188778266 ], [ 4442349.46015237737447, 690377.221727839903906 ], [ 4442349.46015237737447, 690339.797210491029546 ], [ 4442375.923282377421856, 690313.33408049098216 ], [ 4442413.347799725830555, 690313.33408049098216 ], [ 4442450.772317074239254, 690313.33408049098216 ], [ 4442488.196834422647953, 690313.33408049098216 ], [ 4442488.196834422647953, 690275.9095631421078 ], [ 4442488.196834422647953, 690238.485045793233439 ], [ 4442488.196834422647953, 690201.060528444359079 ], [ 4442488.196834422647953, 690163.636011095484719 ], [ 4442525.621351771056652, 690163.636011095484719 ], [ 4442563.045869119465351, 690163.636011095484719 ], [ 4442600.47038646787405, 690163.636011095484719 ], [ 4442637.894903816282749, 690163.636011095484719 ], [ 4442664.358033816330135, 690137.172881095437333 ], [ 4442664.358033816330135, 690099.748363746562973 ], [ 4442664.358033816330135, 690062.323846397688612 ], [ 4442664.358033816330135, 690024.899329048814252 ], [ 4442664.358033816330135, 689987.474811699939892 ], [ 4442664.358033816330135, 689950.050294351065531 ], [ 4442664.358033816330135, 689912.625777002191171 ], [ 4442664.358033816330135, 689875.201259653316811 ], [ 4442664.358033816330135, 689837.77674230444245 ], [ 4442701.782551164738834, 689837.77674230444245 ], [ 4442739.207068513147533, 689837.77674230444245 ], [ 4442776.631585861556232, 689837.77674230444245 ], [ 4442814.056103209964931, 689837.77674230444245 ], [ 4442851.48062055837363, 689837.77674230444245 ], [ 4442851.48062055837363, 689800.35222495556809 ], [ 4442851.48062055837363, 689762.92770760669373 ], [ 4442851.48062055837363, 689725.503190257819369 ], [ 4442851.48062055837363, 689688.078672908945009 ], [ 4442877.943750558421016, 689661.615542908897623 ], [ 4442915.368267906829715, 689661.615542908897623 ], [ 4442952.792785255238414, 689661.615542908897623 ], [ 4442990.217302603647113, 689661.615542908897623 ], [ 4442990.217302603647113, 689624.191025560023263 ], [ 4442990.217302603647113, 689586.766508211148903 ], [ 4442990.217302603647113, 689549.341990862274542 ], [ 4442990.217302603647113, 689511.917473513400182 ], [ 4443016.680432603694499, 689485.454343513352796 ], [ 4443054.104949952103198, 689485.454343513352796 ], [ 4443091.529467300511897, 689485.454343513352796 ], [ 4443128.953984648920596, 689485.454343513352796 ], [ 4443166.378501997329295, 689485.454343513352796 ], [ 4443166.378501997329295, 689448.029826164478436 ], [ 4443166.378501997329295, 689410.605308815604076 ], [ 4443166.378501997329295, 689373.180791466729715 ], [ 4443166.378501997329295, 689335.756274117855355 ], [ 4443166.378501997329295, 689298.331756768980995 ], [ 4443166.378501997329295, 689260.907239420106634 ], [ 4443166.378501997329295, 689223.482722071232274 ], [ 4443166.378501997329295, 689186.058204722357914 ], [ 4443192.84163199737668, 689159.595074722310528 ], [ 4443230.266149345785379, 689159.595074722310528 ], [ 4443267.690666694194078, 689159.595074722310528 ], [ 4443305.115184042602777, 689159.595074722310528 ], [ 4443305.115184042602777, 689122.170557373436168 ], [ 4443305.115184042602777, 689084.746040024561808 ], [ 4443305.115184042602777, 689047.321522675687447 ], [ 4443305.115184042602777, 689009.897005326813087 ], [ 4443342.539701391011477, 689009.897005326813087 ], [ 4443379.964218739420176, 689009.897005326813087 ], [ 4443417.388736087828875, 689009.897005326813087 ], [ 4443454.813253436237574, 689009.897005326813087 ], [ 4443492.237770784646273, 689009.897005326813087 ], [ 4443492.237770784646273, 688972.472487977938727 ], [ 4443492.237770784646273, 688935.047970629064366 ], [ 4443492.237770784646273, 688897.623453280190006 ], [ 4443492.237770784646273, 688860.198935931315646 ], [ 4443518.700900784693658, 688833.73580593126826 ], [ 4443556.125418133102357, 688833.73580593126826 ], [ 4443593.549935481511056, 688833.73580593126826 ], [ 4443630.974452829919755, 688833.73580593126826 ], [ 4443668.398970178328454, 688833.73580593126826 ], [ 4443668.398970178328454, 688796.3112885823939 ], [ 4443668.398970178328454, 688758.886771233519539 ], [ 4443668.398970178328454, 688721.462253884645179 ], [ 4443668.398970178328454, 688684.037736535770819 ], [ 4443694.86210017837584, 688657.574606535723433 ], [ 4443732.286617526784539, 688657.574606535723433 ], [ 4443769.711134875193238, 688657.574606535723433 ], [ 4443807.135652223601937, 688657.574606535723433 ], [ 4443807.135652223601937, 688620.150089186849073 ], [ 4443807.135652223601937, 688582.725571837974712 ], [ 4443807.135652223601937, 688545.301054489100352 ], [ 4443807.135652223601937, 688507.876537140225992 ], [ 4443807.135652223601937, 688470.452019791351631 ], [ 4443807.135652223601937, 688433.027502442477271 ], [ 4443807.135652223601937, 688395.602985093602911 ], [ 4443807.135652223601937, 688358.17846774472855 ], [ 4443833.598782223649323, 688331.715337744681165 ], [ 4443871.023299572058022, 688331.715337744681165 ], [ 4443908.447816920466721, 688331.715337744681165 ], [ 4443945.87233426887542, 688331.715337744681165 ], [ 4443983.296851617284119, 688331.715337744681165 ], [ 4443983.296851617284119, 688294.290820395806804 ], [ 4443983.296851617284119, 688256.866303046932444 ], [ 4443983.296851617284119, 688219.441785698058084 ], [ 4443983.296851617284119, 688182.017268349183723 ], [ 4443983.296851617284119, 688144.592751000309363 ], [ 4443983.296851617284119, 688107.168233651435003 ], [ 4443983.296851617284119, 688069.743716302560642 ], [ 4443983.296851617284119, 688032.319198953686282 ], [ 4444009.759981617331505, 688005.856068953638896 ], [ 4444047.184498965740204, 688005.856068953638896 ], [ 4444084.609016314148903, 688005.856068953638896 ], [ 4444122.033533662557602, 688005.856068953638896 ], [ 4444148.496663662604988, 687979.392938953591511 ], [ 4444148.496663662604988, 687941.96842160471715 ], [ 4444148.496663662604988, 687904.54390425584279 ], [ 4444148.496663662604988, 687867.11938690696843 ], [ 4444148.496663662604988, 687829.694869558094069 ], [ 4444148.496663662604988, 687792.270352209219709 ], [ 4444148.496663662604988, 687754.845834860345349 ], [ 4444148.496663662604988, 687717.421317511470988 ], [ 4444148.496663662604988, 687679.996800162596628 ], [ 4444185.921181011013687, 687679.996800162596628 ], [ 4444223.345698359422386, 687679.996800162596628 ], [ 4444260.770215707831085, 687679.996800162596628 ], [ 4444298.194733056239784, 687679.996800162596628 ], [ 4444324.657863056287169, 687653.533670162549242 ], [ 4444324.657863056287169, 687616.109152813674882 ], [ 4444324.657863056287169, 687578.684635464800522 ], [ 4444324.657863056287169, 687541.260118115926161 ], [ 4444324.657863056287169, 687503.835600767051801 ], [ 4444324.657863056287169, 687466.411083418177441 ], [ 4444324.657863056287169, 687428.98656606930308 ], [ 4444324.657863056287169, 687391.56204872042872 ], [ 4444324.657863056287169, 687354.13753137155436 ], [ 4444362.082380404695868, 687354.13753137155436 ], [ 4444399.506897753104568, 687354.13753137155436 ], [ 4444436.931415101513267, 687354.13753137155436 ], [ 4444474.355932449921966, 687354.13753137155436 ], [ 4444474.355932449921966, 687316.713014022679999 ], [ 4444474.355932449921966, 687279.288496673805639 ], [ 4444474.355932449921966, 687241.863979324931279 ], [ 4444474.355932449921966, 687204.439461976056919 ], [ 4444474.355932449921966, 687167.014944627182558 ], [ 4444474.355932449921966, 687129.590427278308198 ], [ 4444474.355932449921966, 687092.165909929433838 ], [ 4444474.355932449921966, 687054.741392580559477 ], [ 4444500.819062449969351, 687028.278262580512092 ], [ 4444538.24357979837805, 687028.278262580512092 ], [ 4444575.668097146786749, 687028.278262580512092 ], [ 4444613.092614495195448, 687028.278262580512092 ], [ 4444650.517131843604147, 687028.278262580512092 ], [ 4444650.517131843604147, 686990.853745231637731 ], [ 4444650.517131843604147, 686953.429227882763371 ], [ 4444650.517131843604147, 686916.004710533889011 ], [ 4444650.517131843604147, 686878.58019318501465 ], [ 4444676.980261843651533, 686852.117063184967265 ], [ 4444714.404779192060232, 686852.117063184967265 ], [ 4444751.829296540468931, 686852.117063184967265 ], [ 4444789.25381388887763, 686852.117063184967265 ], [ 4444789.25381388887763, 686814.692545836092904 ], [ 4444789.25381388887763, 686777.268028487218544 ], [ 4444789.25381388887763, 686739.843511138344184 ], [ 4444789.25381388887763, 686702.418993789469823 ], [ 4444815.716943888925016, 686675.955863789422438 ], [ 4444853.141461237333715, 686675.955863789422438 ], [ 4444890.565978585742414, 686675.955863789422438 ], [ 4444927.990495934151113, 686675.955863789422438 ], [ 4444965.415013282559812, 686675.955863789422438 ], [ 4444965.415013282559812, 686638.531346440548077 ], [ 4444965.415013282559812, 686601.106829091673717 ], [ 4444965.415013282559812, 686563.682311742799357 ], [ 4444965.415013282559812, 686526.257794393924996 ], [ 4444965.415013282559812, 686488.833277045050636 ], [ 4444965.415013282559812, 686451.408759696176276 ], [ 4444965.415013282559812, 686413.984242347301915 ], [ 4444965.415013282559812, 686376.559724998427555 ], [ 4444965.415013282559812, 686339.135207649553195 ], [ 4444965.415013282559812, 686301.710690300678834 ], [ 4444965.415013282559812, 686264.286172951804474 ], [ 4444965.415013282559812, 686226.861655602930114 ], [ 4444991.878143282607198, 686200.398525602882728 ], [ 4445029.302660631015897, 686200.398525602882728 ], [ 4445066.727177979424596, 686200.398525602882728 ], [ 4445104.151695327833295, 686200.398525602882728 ], [ 4445141.576212676241994, 686200.398525602882728 ], [ 4445141.576212676241994, 686162.974008254008368 ], [ 4445141.576212676241994, 686125.549490905134007 ], [ 4445141.576212676241994, 686088.124973556259647 ], [ 4445141.576212676241994, 686050.700456207385287 ], [ 4445168.03934267628938, 686024.237326207337901 ], [ 4445205.463860024698079, 686024.237326207337901 ], [ 4445242.888377373106778, 686024.237326207337901 ], [ 4445280.312894721515477, 686024.237326207337901 ], [ 4445306.776024721562862, 685997.774196207290515 ], [ 4445306.776024721562862, 685960.349678858416155 ], [ 4445306.776024721562862, 685922.925161509541795 ], [ 4445306.776024721562862, 685885.500644160667434 ], [ 4445333.239154721610248, 685859.037514160620049 ], [ 4445370.663672070018947, 685859.037514160620049 ], [ 4445408.088189418427646, 685859.037514160620049 ], [ 4445445.512706766836345, 685859.037514160620049 ], [ 4445471.975836766883731, 685832.574384160572663 ], [ 4445471.975836766883731, 685795.149866811698303 ], [ 4445471.975836766883731, 685757.725349462823942 ], [ 4445471.975836766883731, 685720.300832113949582 ], [ 4445471.975836766883731, 685682.876314765075222 ], [ 4445471.975836766883731, 685645.451797416200861 ], [ 4445471.975836766883731, 685608.027280067326501 ], [ 4445471.975836766883731, 685570.602762718452141 ], [ 4445471.975836766883731, 685533.17824536957778 ], [ 4445471.975836766883731, 685495.75372802070342 ], [ 4445471.975836766883731, 685458.32921067182906 ], [ 4445471.975836766883731, 685420.904693322954699 ], [ 4445471.975836766883731, 685383.480175974080339 ], [ 4445471.975836766883731, 685346.055658625205979 ], [ 4445471.975836766883731, 685308.631141276331618 ], [ 4445471.975836766883731, 685271.206623927457258 ], [ 4445471.975836766883731, 685233.782106578582898 ], [ 4445471.975836766883731, 685196.357589229708537 ], [ 4445471.975836766883731, 685158.933071880834177 ], [ 4445471.975836766883731, 685121.508554531959817 ], [ 4445471.975836766883731, 685084.084037183085456 ], [ 4445471.975836766883731, 685046.659519834211096 ], [ 4445471.975836766883731, 685009.235002485336736 ], [ 4445471.975836766883731, 684971.810485136462376 ], [ 4445471.975836766883731, 684934.385967787588015 ], [ 4445471.975836766883731, 684896.961450438713655 ], [ 4445471.975836766883731, 684859.536933089839295 ], [ 4445471.975836766883731, 684822.112415740964934 ], [ 4445471.975836766883731, 684784.687898392090574 ], [ 4445471.975836766883731, 684747.263381043216214 ], [ 4445471.975836766883731, 684709.838863694341853 ], [ 4445471.975836766883731, 684672.414346345467493 ], [ 4445471.975836766883731, 684634.989828996593133 ], [ 4445471.975836766883731, 684597.565311647718772 ], [ 4445471.975836766883731, 684560.140794298844412 ], [ 4445434.551319418475032, 684560.140794298844412 ], [ 4445397.126802070066333, 684560.140794298844412 ], [ 4445359.702284721657634, 684560.140794298844412 ], [ 4445322.277767373248935, 684560.140794298844412 ], [ 4445295.814637373201549, 684533.677664298797026 ], [ 4445295.814637373201549, 684496.253146949922666 ], [ 4445295.814637373201549, 684458.828629601048306 ], [ 4445295.814637373201549, 684421.404112252173945 ], [ 4445295.814637373201549, 684383.979594903299585 ], [ 4445295.814637373201549, 684346.555077554425225 ], [ 4445295.814637373201549, 684309.130560205550864 ], [ 4445295.814637373201549, 684271.706042856676504 ], [ 4445295.814637373201549, 684234.281525507802144 ], [ 4445295.814637373201549, 684196.857008158927783 ], [ 4445295.814637373201549, 684159.432490810053423 ], [ 4445295.814637373201549, 684122.007973461179063 ], [ 4445295.814637373201549, 684084.583456112304702 ], [ 4445295.814637373201549, 684047.158938763430342 ], [ 4445295.814637373201549, 684009.734421414555982 ], [ 4445295.814637373201549, 683972.309904065681621 ], [ 4445295.814637373201549, 683934.885386716807261 ], [ 4445295.814637373201549, 683897.460869367932901 ], [ 4445295.814637373201549, 683860.03635201905854 ], [ 4445295.814637373201549, 683822.61183467018418 ], [ 4445295.814637373201549, 683785.18731732130982 ], [ 4445295.814637373201549, 683747.762799972435459 ], [ 4445295.814637373201549, 683710.338282623561099 ], [ 4445295.814637373201549, 683672.913765274686739 ], [ 4445295.814637373201549, 683635.489247925812379 ], [ 4445295.814637373201549, 683598.064730576938018 ], [ 4445295.814637373201549, 683560.640213228063658 ], [ 4445295.814637373201549, 683523.215695879189298 ], [ 4445295.814637373201549, 683485.791178530314937 ], [ 4445295.814637373201549, 683448.366661181440577 ], [ 4445295.814637373201549, 683410.942143832566217 ], [ 4445258.39012002479285, 683410.942143832566217 ], [ 4445220.965602676384151, 683410.942143832566217 ], [ 4445183.541085327975452, 683410.942143832566217 ], [ 4445146.116567979566753, 683410.942143832566217 ], [ 4445146.116567979566753, 683373.517626483691856 ], [ 4445146.116567979566753, 683336.093109134817496 ], [ 4445146.116567979566753, 683298.668591785943136 ], [ 4445146.116567979566753, 683261.244074437068775 ], [ 4445146.116567979566753, 683223.819557088194415 ], [ 4445146.116567979566753, 683186.395039739320055 ], [ 4445146.116567979566753, 683148.970522390445694 ], [ 4445146.116567979566753, 683111.546005041571334 ], [ 4445146.116567979566753, 683074.121487692696974 ], [ 4445146.116567979566753, 683036.696970343822613 ], [ 4445146.116567979566753, 682999.272452994948253 ], [ 4445146.116567979566753, 682961.847935646073893 ], [ 4445146.116567979566753, 682924.423418297199532 ], [ 4445146.116567979566753, 682886.998900948325172 ], [ 4445146.116567979566753, 682849.574383599450812 ], [ 4445146.116567979566753, 682812.149866250576451 ], [ 4445146.116567979566753, 682774.725348901702091 ], [ 4445146.116567979566753, 682737.300831552827731 ], [ 4445108.692050631158054, 682737.300831552827731 ], [ 4445071.267533282749355, 682737.300831552827731 ], [ 4445033.843015934340656, 682737.300831552827731 ], [ 4444996.418498585931957, 682737.300831552827731 ], [ 4444969.955368585884571, 682710.837701552780345 ], [ 4444969.955368585884571, 682673.413184203905985 ], [ 4444969.955368585884571, 682635.988666855031624 ], [ 4444969.955368585884571, 682598.564149506157264 ], [ 4444969.955368585884571, 682561.139632157282904 ], [ 4444969.955368585884571, 682523.715114808408543 ], [ 4444969.955368585884571, 682486.290597459534183 ], [ 4444969.955368585884571, 682448.866080110659823 ], [ 4444969.955368585884571, 682411.441562761785462 ], [ 4444969.955368585884571, 682374.017045412911102 ], [ 4444969.955368585884571, 682336.592528064036742 ], [ 4444969.955368585884571, 682299.168010715162382 ], [ 4444969.955368585884571, 682261.743493366288021 ], [ 4444943.492238585837185, 682235.280363366240636 ], [ 4444906.067721237428486, 682235.280363366240636 ], [ 4444868.643203889019787, 682235.280363366240636 ], [ 4444831.218686540611088, 682235.280363366240636 ], [ 4444804.755556540563703, 682208.81723336619325 ], [ 4444804.755556540563703, 682171.392716017318889 ], [ 4444804.755556540563703, 682133.968198668444529 ], [ 4444804.755556540563703, 682096.543681319570169 ], [ 4444804.755556540563703, 682059.119163970695809 ], [ 4444804.755556540563703, 682021.694646621821448 ], [ 4444804.755556540563703, 681984.270129272947088 ], [ 4444804.755556540563703, 681946.845611924072728 ], [ 4444804.755556540563703, 681909.421094575198367 ], [ 4444767.331039192155004, 681909.421094575198367 ], [ 4444729.906521843746305, 681909.421094575198367 ], [ 4444692.482004495337605, 681909.421094575198367 ], [ 4444655.057487146928906, 681909.421094575198367 ], [ 4444628.594357146881521, 681882.957964575150982 ], [ 4444628.594357146881521, 681845.533447226276621 ], [ 4444628.594357146881521, 681808.108929877402261 ], [ 4444628.594357146881521, 681770.684412528527901 ], [ 4444628.594357146881521, 681733.25989517965354 ], [ 4444628.594357146881521, 681695.83537783077918 ], [ 4444628.594357146881521, 681658.41086048190482 ], [ 4444628.594357146881521, 681620.986343133030459 ], [ 4444628.594357146881521, 681583.561825784156099 ], [ 4444591.169839798472822, 681583.561825784156099 ], [ 4444553.745322450064123, 681583.561825784156099 ], [ 4444516.320805101655424, 681583.561825784156099 ], [ 4444489.857675101608038, 681557.098695784108713 ], [ 4444489.857675101608038, 681519.674178435234353 ], [ 4444489.857675101608038, 681482.249661086359993 ], [ 4444489.857675101608038, 681444.825143737485632 ], [ 4444489.857675101608038, 681407.400626388611272 ], [ 4444452.433157753199339, 681407.400626388611272 ], [ 4444415.00864040479064, 681407.400626388611272 ], [ 4444377.584123056381941, 681407.400626388611272 ], [ 4444340.159605707973242, 681407.400626388611272 ], [ 4444313.696475707925856, 681380.937496388563886 ], [ 4444313.696475707925856, 681343.512979039689526 ], [ 4444313.696475707925856, 681306.088461690815166 ], [ 4444313.696475707925856, 681268.663944341940805 ], [ 4444313.696475707925856, 681231.239426993066445 ], [ 4444313.696475707925856, 681193.814909644192085 ], [ 4444313.696475707925856, 681156.390392295317724 ], [ 4444313.696475707925856, 681118.965874946443364 ], [ 4444313.696475707925856, 681081.541357597569004 ], [ 4444276.271958359517157, 681081.541357597569004 ], [ 4444238.847441011108458, 681081.541357597569004 ], [ 4444201.422923662699759, 681081.541357597569004 ], [ 4444163.99840631429106, 681081.541357597569004 ], [ 4444137.535276314243674, 681055.078227597521618 ], [ 4444137.535276314243674, 681017.653710248647258 ], [ 4444137.535276314243674, 680980.229192899772897 ], [ 4444137.535276314243674, 680942.804675550898537 ], [ 4444111.072146314196289, 680916.341545550851151 ], [ 4444073.64762896578759, 680916.341545550851151 ], [ 4444036.223111617378891, 680916.341545550851151 ], [ 4443998.798594268970191, 680916.341545550851151 ], [ 4443972.335464268922806, 680889.878415550803766 ], [ 4443972.335464268922806, 680852.453898201929405 ], [ 4443972.335464268922806, 680815.029380853055045 ], [ 4443972.335464268922806, 680777.604863504180685 ], [ 4443972.335464268922806, 680740.180346155306324 ], [ 4443972.335464268922806, 680702.755828806431964 ], [ 4443972.335464268922806, 680665.331311457557604 ], [ 4443972.335464268922806, 680627.906794108683243 ], [ 4443972.335464268922806, 680590.482276759808883 ], [ 4443934.910946920514107, 680590.482276759808883 ], [ 4443897.486429572105408, 680590.482276759808883 ], [ 4443860.061912223696709, 680590.482276759808883 ], [ 4443822.63739487528801, 680590.482276759808883 ], [ 4443822.63739487528801, 680553.057759410934523 ], [ 4443822.63739487528801, 680515.633242062060162 ], [ 4443822.63739487528801, 680478.208724713185802 ], [ 4443822.63739487528801, 680440.784207364311442 ], [ 4443822.63739487528801, 680403.359690015437081 ], [ 4443822.63739487528801, 680365.935172666562721 ], [ 4443822.63739487528801, 680328.510655317688361 ], [ 4443822.63739487528801, 680291.086137968814 ], [ 4443822.63739487528801, 680253.66162061993964 ], [ 4443785.212877526879311, 680253.66162061993964 ], [ 4443747.788360178470612, 680253.66162061993964 ], [ 4443710.363842830061913, 680253.66162061993964 ], [ 4443672.939325481653214, 680253.66162061993964 ], [ 4443672.939325481653214, 680216.23710327106528 ], [ 4443672.939325481653214, 680178.81258592219092 ], [ 4443672.939325481653214, 680141.388068573316559 ], [ 4443672.939325481653214, 680103.963551224442199 ], [ 4443635.514808133244514, 680103.963551224442199 ], [ 4443598.090290784835815, 680103.963551224442199 ], [ 4443560.665773436427116, 680103.963551224442199 ], [ 4443523.241256088018417, 680103.963551224442199 ], [ 4443496.778126087971032, 680077.500421224394813 ], [ 4443496.778126087971032, 680040.075903875520453 ], [ 4443496.778126087971032, 680002.651386526646093 ], [ 4443496.778126087971032, 679965.226869177771732 ], [ 4443496.778126087971032, 679927.802351828897372 ], [ 4443496.778126087971032, 679890.377834480023012 ], [ 4443496.778126087971032, 679852.953317131148651 ], [ 4443496.778126087971032, 679815.528799782274291 ], [ 4443496.778126087971032, 679778.104282433399931 ], [ 4443470.314996087923646, 679751.641152433352545 ], [ 4443432.890478739514947, 679751.641152433352545 ], [ 4443395.465961391106248, 679751.641152433352545 ], [ 4443358.041444042697549, 679751.641152433352545 ], [ 4443320.61692669428885, 679751.641152433352545 ], [ 4443320.61692669428885, 679714.216635084478185 ], [ 4443320.61692669428885, 679676.792117735603824 ], [ 4443320.61692669428885, 679639.367600386729464 ], [ 4443320.61692669428885, 679601.943083037855104 ], [ 4443283.192409345880151, 679601.943083037855104 ], [ 4443245.767891997471452, 679601.943083037855104 ], [ 4443208.343374649062753, 679601.943083037855104 ], [ 4443170.918857300654054, 679601.943083037855104 ], [ 4443144.455727300606668, 679575.479953037807718 ], [ 4443144.455727300606668, 679538.055435688933358 ], [ 4443144.455727300606668, 679500.630918340058997 ], [ 4443144.455727300606668, 679463.206400991184637 ], [ 4443144.455727300606668, 679425.781883642310277 ], [ 4443144.455727300606668, 679388.357366293435916 ], [ 4443144.455727300606668, 679350.932848944561556 ], [ 4443144.455727300606668, 679313.508331595687196 ], [ 4443144.455727300606668, 679276.083814246812835 ], [ 4443107.031209952197969, 679276.083814246812835 ], [ 4443069.60669260378927, 679276.083814246812835 ], [ 4443032.182175255380571, 679276.083814246812835 ], [ 4443005.719045255333185, 679249.62068424676545 ], [ 4443005.719045255333185, 679212.196166897891089 ], [ 4443005.719045255333185, 679174.771649549016729 ], [ 4443005.719045255333185, 679137.347132200142369 ], [ 4443005.719045255333185, 679099.922614851268008 ], [ 4442968.294527906924486, 679099.922614851268008 ], [ 4442930.870010558515787, 679099.922614851268008 ], [ 4442893.445493210107088, 679099.922614851268008 ], [ 4442856.020975861698389, 679099.922614851268008 ], [ 4442829.557845861651003, 679073.459484851220623 ], [ 4442829.557845861651003, 679036.034967502346262 ], [ 4442829.557845861651003, 678998.610450153471902 ], [ 4442829.557845861651003, 678961.185932804597542 ], [ 4442829.557845861651003, 678923.761415455723181 ], [ 4442829.557845861651003, 678886.336898106848821 ], [ 4442829.557845861651003, 678848.912380757974461 ], [ 4442829.557845861651003, 678811.4878634091001 ], [ 4442829.557845861651003, 678774.06334606022574 ], [ 4442792.133328513242304, 678774.06334606022574 ], [ 4442754.708811164833605, 678774.06334606022574 ], [ 4442717.284293816424906, 678774.06334606022574 ], [ 4442679.859776468016207, 678774.06334606022574 ], [ 4442653.396646467968822, 678747.600216060178354 ], [ 4442653.396646467968822, 678710.175698711303994 ], [ 4442653.396646467968822, 678672.751181362429634 ], [ 4442653.396646467968822, 678635.326664013555273 ], [ 4442653.396646467968822, 678597.902146664680913 ], [ 4442615.972129119560122, 678597.902146664680913 ], [ 4442578.547611771151423, 678597.902146664680913 ], [ 4442541.123094422742724, 678597.902146664680913 ], [ 4442503.698577074334025, 678597.902146664680913 ], [ 4442503.698577074334025, 678560.477629315806553 ], [ 4442503.698577074334025, 678523.053111966932192 ], [ 4442503.698577074334025, 678485.628594618057832 ], [ 4442503.698577074334025, 678448.204077269183472 ], [ 4442466.274059725925326, 678448.204077269183472 ], [ 4442428.849542377516627, 678448.204077269183472 ], [ 4442391.425025029107928, 678448.204077269183472 ], [ 4442354.000507680699229, 678448.204077269183472 ], [ 4442327.537377680651844, 678421.740947269136086 ], [ 4442327.537377680651844, 678384.316429920261726 ], [ 4442327.537377680651844, 678346.891912571387365 ], [ 4442327.537377680651844, 678309.467395222513005 ], [ 4442327.537377680651844, 678272.042877873638645 ], [ 4442290.112860332243145, 678272.042877873638645 ], [ 4442252.688342983834445, 678272.042877873638645 ], [ 4442215.263825635425746, 678272.042877873638645 ], [ 4442188.800695635378361, 678245.579747873591259 ], [ 4442188.800695635378361, 678208.155230524716899 ], [ 4442188.800695635378361, 678170.730713175842538 ], [ 4442188.800695635378361, 678133.306195826968178 ], [ 4442162.337565635330975, 678106.843065826920792 ], [ 4442124.913048286922276, 678106.843065826920792 ], [ 4442087.488530938513577, 678106.843065826920792 ], [ 4442050.064013590104878, 678106.843065826920792 ], [ 4442023.600883590057492, 678080.379935826873407 ], [ 4442023.600883590057492, 678042.955418477999046 ], [ 4442023.600883590057492, 678005.530901129124686 ], [ 4442023.600883590057492, 677968.106383780250326 ], [ 4442023.600883590057492, 677930.681866431375965 ], [ 4442023.600883590057492, 677893.257349082501605 ], [ 4442023.600883590057492, 677855.832831733627245 ], [ 4442023.600883590057492, 677818.408314384752885 ], [ 4442023.600883590057492, 677780.983797035878524 ], [ 4441986.176366241648793, 677780.983797035878524 ], [ 4441948.751848893240094, 677780.983797035878524 ], [ 4441911.327331544831395, 677780.983797035878524 ], [ 4441873.902814196422696, 677780.983797035878524 ], [ 4441847.43968419637531, 677754.520667035831138 ], [ 4441847.43968419637531, 677717.096149686956778 ], [ 4441847.43968419637531, 677679.671632338082418 ], [ 4441847.43968419637531, 677642.247114989208058 ], [ 4441847.43968419637531, 677604.822597640333697 ], [ 4441810.015166847966611, 677604.822597640333697 ], [ 4441772.590649499557912, 677604.822597640333697 ], [ 4441735.166132151149213, 677604.822597640333697 ], [ 4441697.741614802740514, 677604.822597640333697 ], [ 4441671.278484802693129, 677578.359467640286312 ], [ 4441671.278484802693129, 677540.934950291411951 ], [ 4441671.278484802693129, 677503.510432942537591 ], [ 4441671.278484802693129, 677466.085915593663231 ], [ 4441671.278484802693129, 677428.66139824478887 ], [ 4441671.278484802693129, 677391.23688089591451 ], [ 4441671.278484802693129, 677353.81236354704015 ], [ 4441671.278484802693129, 677316.387846198165789 ], [ 4441671.278484802693129, 677278.963328849291429 ], [ 4441633.85396745428443, 677278.963328849291429 ], [ 4441596.429450105875731, 677278.963328849291429 ], [ 4441559.004932757467031, 677278.963328849291429 ], [ 4441521.580415409058332, 677278.963328849291429 ], [ 4441521.580415409058332, 677241.538811500417069 ], [ 4441521.580415409058332, 677204.114294151542708 ], [ 4441521.580415409058332, 677166.689776802668348 ], [ 4441521.580415409058332, 677129.265259453793988 ], [ 4441484.155898060649633, 677129.265259453793988 ], [ 4441446.731380712240934, 677129.265259453793988 ], [ 4441409.306863363832235, 677129.265259453793988 ], [ 4441371.882346015423536, 677129.265259453793988 ], [ 4441345.419216015376151, 677102.802129453746602 ], [ 4441345.419216015376151, 677065.377612104872242 ], [ 4441345.419216015376151, 677027.953094755997881 ], [ 4441345.419216015376151, 676990.528577407123521 ], [ 4441345.419216015376151, 676953.104060058249161 ], [ 4441307.994698666967452, 676953.104060058249161 ], [ 4441270.570181318558753, 676953.104060058249161 ], [ 4441233.145663970150054, 676953.104060058249161 ], [ 4441206.682533970102668, 676926.640930058201775 ], [ 4441206.682533970102668, 676889.216412709327415 ], [ 4441206.682533970102668, 676851.791895360453054 ], [ 4441206.682533970102668, 676814.367378011578694 ], [ 4441206.682533970102668, 676776.942860662704334 ], [ 4441169.258016621693969, 676776.942860662704334 ], [ 4441131.83349927328527, 676776.942860662704334 ], [ 4441094.408981924876571, 676776.942860662704334 ], [ 4441056.984464576467872, 676776.942860662704334 ], [ 4441019.559947228059173, 676776.942860662704334 ], [ 4441019.559947228059173, 676739.518343313829973 ], [ 4441019.559947228059173, 676702.093825964955613 ], [ 4441019.559947228059173, 676664.669308616081253 ], [ 4441019.559947228059173, 676627.244791267206892 ], [ 4441019.559947228059173, 676589.820273918332532 ], [ 4441019.559947228059173, 676552.395756569458172 ], [ 4441019.559947228059173, 676514.971239220583811 ], [ 4441019.559947228059173, 676477.546721871709451 ], [ 4440993.096817228011787, 676451.083591871662065 ], [ 4440955.672299879603088, 676451.083591871662065 ], [ 4440918.247782531194389, 676451.083591871662065 ], [ 4440880.82326518278569, 676451.083591871662065 ], [ 4440854.360135182738304, 676424.62046187161468 ], [ 4440854.360135182738304, 676387.195944522740319 ], [ 4440854.360135182738304, 676349.771427173865959 ], [ 4440854.360135182738304, 676312.346909824991599 ], [ 4440827.897005182690918, 676285.883779824944213 ], [ 4440790.472487834282219, 676285.883779824944213 ], [ 4440753.04797048587352, 676285.883779824944213 ], [ 4440715.623453137464821, 676285.883779824944213 ], [ 4440689.160323137417436, 676259.420649824896827 ], [ 4440689.160323137417436, 676221.996132476022467 ], [ 4440689.160323137417436, 676184.571615127148107 ], [ 4440689.160323137417436, 676147.147097778273746 ], [ 4440662.69719313737005, 676120.683967778226361 ], [ 4440625.272675788961351, 676120.683967778226361 ], [ 4440587.848158440552652, 676120.683967778226361 ], [ 4440550.423641092143953, 676120.683967778226361 ], [ 4440550.423641092143953, 676083.259450429352 ], [ 4440550.423641092143953, 676045.83493308047764 ], [ 4440550.423641092143953, 676008.41041573160328 ], [ 4440550.423641092143953, 675970.985898382728919 ], [ 4440550.423641092143953, 675933.561381033854559 ], [ 4440550.423641092143953, 675896.136863684980199 ], [ 4440550.423641092143953, 675858.712346336105838 ], [ 4440550.423641092143953, 675821.287828987231478 ], [ 4440550.423641092143953, 675783.863311638357118 ], [ 4440512.999123743735254, 675783.863311638357118 ], [ 4440475.574606395326555, 675783.863311638357118 ], [ 4440438.150089046917856, 675783.863311638357118 ], [ 4440400.725571698509157, 675783.863311638357118 ], [ 4440374.262441698461771, 675757.400181638309732 ], [ 4440374.262441698461771, 675719.975664289435372 ], [ 4440374.262441698461771, 675682.551146940561011 ], [ 4440374.262441698461771, 675645.126629591686651 ], [ 4440374.262441698461771, 675607.702112242812291 ], [ 4440374.262441698461771, 675570.27759489393793 ], [ 4440374.262441698461771, 675532.85307754506357 ], [ 4440374.262441698461771, 675495.42856019618921 ], [ 4440374.262441698461771, 675458.004042847314849 ], [ 4440336.837924350053072, 675458.004042847314849 ], [ 4440299.413407001644373, 675458.004042847314849 ], [ 4440261.988889653235674, 675458.004042847314849 ], [ 4440224.564372304826975, 675458.004042847314849 ], [ 4440198.101242304779589, 675431.540912847267464 ], [ 4440198.101242304779589, 675394.116395498393103 ], [ 4440198.101242304779589, 675356.691878149518743 ], [ 4440198.101242304779589, 675319.267360800644383 ], [ 4440198.101242304779589, 675281.842843451770023 ], [ 4440198.101242304779589, 675244.418326102895662 ], [ 4440198.101242304779589, 675206.993808754021302 ], [ 4440198.101242304779589, 675169.569291405146942 ], [ 4440198.101242304779589, 675132.144774056272581 ], [ 4440160.67672495637089, 675132.144774056272581 ], [ 4440123.252207607962191, 675132.144774056272581 ], [ 4440085.827690259553492, 675132.144774056272581 ], [ 4440048.403172911144793, 675132.144774056272581 ], [ 4440021.940042911097407, 675105.681644056225196 ], [ 4440021.940042911097407, 675068.257126707350835 ], [ 4440021.940042911097407, 675030.832609358476475 ], [ 4440021.940042911097407, 674993.408092009602115 ], [ 4440021.940042911097407, 674955.983574660727754 ], [ 4440021.940042911097407, 674918.559057311853394 ], [ 4440021.940042911097407, 674881.134539962979034 ], [ 4440021.940042911097407, 674843.710022614104673 ], [ 4440021.940042911097407, 674806.285505265230313 ], [ 4439984.515525562688708, 674806.285505265230313 ], [ 4439947.091008214280009, 674806.285505265230313 ], [ 4439909.66649086587131, 674806.285505265230313 ], [ 4439883.203360865823925, 674779.822375265182927 ], [ 4439883.203360865823925, 674742.397857916308567 ], [ 4439883.203360865823925, 674704.973340567434207 ], [ 4439883.203360865823925, 674667.548823218559846 ], [ 4439883.203360865823925, 674630.124305869685486 ], [ 4439845.778843517415226, 674630.124305869685486 ], [ 4439808.354326169006526, 674630.124305869685486 ], [ 4439770.929808820597827, 674630.124305869685486 ], [ 4439733.505291472189128, 674630.124305869685486 ], [ 4439707.042161472141743, 674603.6611758696381 ], [ 4439707.042161472141743, 674566.23665852076374 ], [ 4439707.042161472141743, 674528.81214117188938 ], [ 4439707.042161472141743, 674491.387623823015019 ], [ 4439707.042161472141743, 674453.963106474140659 ], [ 4439707.042161472141743, 674416.538589125266299 ], [ 4439707.042161472141743, 674379.114071776391938 ], [ 4439707.042161472141743, 674341.689554427517578 ], [ 4439707.042161472141743, 674304.265037078643218 ], [ 4439669.617644123733044, 674304.265037078643218 ], [ 4439632.193126775324345, 674304.265037078643218 ], [ 4439594.768609426915646, 674304.265037078643218 ], [ 4439557.344092078506947, 674304.265037078643218 ], [ 4439530.880962078459561, 674277.801907078595832 ], [ 4439530.880962078459561, 674240.377389729721472 ], [ 4439530.880962078459561, 674202.952872380847111 ], [ 4439530.880962078459561, 674165.528355031972751 ], [ 4439530.880962078459561, 674128.103837683098391 ], [ 4439530.880962078459561, 674090.67932033422403 ], [ 4439530.880962078459561, 674053.25480298534967 ], [ 4439530.880962078459561, 674015.83028563647531 ], [ 4439530.880962078459561, 673978.405768287600949 ], [ 4439493.456444730050862, 673978.405768287600949 ], [ 4439456.031927381642163, 673978.405768287600949 ], [ 4439418.607410033233464, 673978.405768287600949 ], [ 4439381.182892684824765, 673978.405768287600949 ], [ 4439381.182892684824765, 673940.981250938726589 ], [ 4439381.182892684824765, 673903.556733589852229 ], [ 4439381.182892684824765, 673866.132216240977868 ], [ 4439381.182892684824765, 673828.707698892103508 ], [ 4439381.182892684824765, 673791.283181543229148 ], [ 4439381.182892684824765, 673753.858664194354787 ], [ 4439381.182892684824765, 673716.434146845480427 ], [ 4439381.182892684824765, 673679.009629496606067 ], [ 4439381.182892684824765, 673641.585112147731707 ], [ 4439381.182892684824765, 673604.160594798857346 ], [ 4439381.182892684824765, 673566.736077449982986 ], [ 4439381.182892684824765, 673529.311560101108626 ], [ 4439381.182892684824765, 673491.887042752234265 ], [ 4439381.182892684824765, 673454.462525403359905 ], [ 4439381.182892684824765, 673417.038008054485545 ], [ 4439381.182892684824765, 673379.613490705611184 ], [ 4439381.182892684824765, 673342.188973356736824 ], [ 4439381.182892684824765, 673304.764456007862464 ], [ 4439381.182892684824765, 673267.339938658988103 ], [ 4439381.182892684824765, 673229.915421310113743 ], [ 4439381.182892684824765, 673192.490903961239383 ], [ 4439381.182892684824765, 673155.066386612365022 ], [ 4439381.182892684824765, 673117.641869263490662 ], [ 4439381.182892684824765, 673080.217351914616302 ], [ 4439381.182892684824765, 673042.792834565741941 ], [ 4439381.182892684824765, 673005.368317216867581 ], [ 4439381.182892684824765, 672967.943799867993221 ], [ 4439381.182892684824765, 672930.51928251911886 ], [ 4439381.182892684824765, 672893.0947651702445 ], [ 4439381.182892684824765, 672855.67024782137014 ], [ 4439381.182892684824765, 672818.245730472495779 ], [ 4439407.64602268487215, 672791.782600472448394 ], [ 4439445.070540033280849, 672791.782600472448394 ], [ 4439482.495057381689548, 672791.782600472448394 ], [ 4439519.919574730098248, 672791.782600472448394 ], [ 4439519.919574730098248, 672754.358083123574033 ], [ 4439519.919574730098248, 672716.933565774699673 ], [ 4439519.919574730098248, 672679.509048425825313 ], [ 4439519.919574730098248, 672642.084531076950952 ], [ 4439519.919574730098248, 672604.660013728076592 ], [ 4439519.919574730098248, 672567.235496379202232 ], [ 4439519.919574730098248, 672529.810979030327871 ], [ 4439519.919574730098248, 672492.386461681453511 ], [ 4439519.919574730098248, 672454.961944332579151 ], [ 4439519.919574730098248, 672417.53742698370479 ], [ 4439519.919574730098248, 672380.11290963483043 ], [ 4439519.919574730098248, 672342.68839228595607 ], [ 4439519.919574730098248, 672305.26387493708171 ], [ 4439519.919574730098248, 672267.839357588207349 ], [ 4439519.919574730098248, 672230.414840239332989 ], [ 4439519.919574730098248, 672192.990322890458629 ], [ 4439519.919574730098248, 672155.565805541584268 ], [ 4439546.382704730145633, 672129.102675541536883 ], [ 4439583.807222078554332, 672129.102675541536883 ], [ 4439621.231739426963031, 672129.102675541536883 ], [ 4439658.65625677537173, 672129.102675541536883 ], [ 4439696.080774123780429, 672129.102675541536883 ], [ 4439722.543904123827815, 672102.639545541489497 ], [ 4439722.543904123827815, 672065.215028192615137 ], [ 4439722.543904123827815, 672027.790510843740776 ], [ 4439722.543904123827815, 671990.365993494866416 ], [ 4439722.543904123827815, 671952.941476145992056 ], [ 4439722.543904123827815, 671915.516958797117695 ], [ 4439722.543904123827815, 671878.092441448243335 ], [ 4439722.543904123827815, 671840.667924099368975 ], [ 4439722.543904123827815, 671803.243406750494614 ], [ 4439722.543904123827815, 671765.818889401620254 ], [ 4439722.543904123827815, 671728.394372052745894 ], [ 4439722.543904123827815, 671690.969854703871533 ], [ 4439722.543904123827815, 671653.545337354997173 ], [ 4439722.543904123827815, 671616.120820006122813 ], [ 4439722.543904123827815, 671578.696302657248452 ], [ 4439722.543904123827815, 671541.271785308374092 ], [ 4439722.543904123827815, 671503.847267959499732 ], [ 4439722.543904123827815, 671466.422750610625371 ], [ 4439722.543904123827815, 671428.998233261751011 ], [ 4439722.543904123827815, 671391.573715912876651 ], [ 4439722.543904123827815, 671354.14919856400229 ], [ 4439722.543904123827815, 671316.72468121512793 ], [ 4439722.543904123827815, 671279.30016386625357 ], [ 4439722.543904123827815, 671241.875646517379209 ], [ 4439722.543904123827815, 671204.451129168504849 ], [ 4439722.543904123827815, 671167.026611819630489 ], [ 4439722.543904123827815, 671129.602094470756128 ], [ 4439722.543904123827815, 671092.177577121881768 ], [ 4439722.543904123827815, 671054.753059773007408 ], [ 4439722.543904123827815, 671017.328542424133047 ], [ 4439722.543904123827815, 670979.904025075258687 ], [ 4439759.968421472236514, 670979.904025075258687 ], [ 4439797.392938820645213, 670979.904025075258687 ], [ 4439834.817456169053912, 670979.904025075258687 ], [ 4439872.241973517462611, 670979.904025075258687 ], [ 4439872.241973517462611, 670942.479507726384327 ], [ 4439872.241973517462611, 670905.054990377509966 ], [ 4439872.241973517462611, 670867.630473028635606 ], [ 4439872.241973517462611, 670830.205955679761246 ], [ 4439872.241973517462611, 670792.781438330886886 ], [ 4439872.241973517462611, 670755.356920982012525 ], [ 4439872.241973517462611, 670717.932403633138165 ], [ 4439872.241973517462611, 670680.507886284263805 ], [ 4439872.241973517462611, 670643.083368935389444 ], [ 4439872.241973517462611, 670605.658851586515084 ], [ 4439872.241973517462611, 670568.234334237640724 ], [ 4439872.241973517462611, 670530.809816888766363 ], [ 4439872.241973517462611, 670493.385299539892003 ], [ 4439872.241973517462611, 670455.960782191017643 ], [ 4439872.241973517462611, 670418.536264842143282 ], [ 4439872.241973517462611, 670381.111747493268922 ], [ 4439872.241973517462611, 670343.687230144394562 ], [ 4439898.705103517509997, 670317.224100144347176 ], [ 4439936.129620865918696, 670317.224100144347176 ], [ 4439973.554138214327395, 670317.224100144347176 ], [ 4440010.978655562736094, 670317.224100144347176 ], [ 4440037.44178556278348, 670290.76097014429979 ], [ 4440037.44178556278348, 670253.33645279542543 ], [ 4440037.44178556278348, 670215.91193544655107 ], [ 4440037.44178556278348, 670178.487418097676709 ], [ 4440037.44178556278348, 670141.062900748802349 ], [ 4440037.44178556278348, 670103.638383399927989 ], [ 4440037.44178556278348, 670066.213866051053628 ], [ 4440037.44178556278348, 670028.789348702179268 ], [ 4440037.44178556278348, 669991.364831353304908 ], [ 4440037.44178556278348, 669953.940314004430547 ], [ 4440037.44178556278348, 669916.515796655556187 ], [ 4440037.44178556278348, 669879.091279306681827 ], [ 4440037.44178556278348, 669841.666761957807466 ], [ 4440037.44178556278348, 669804.242244608933106 ], [ 4440037.44178556278348, 669766.817727260058746 ], [ 4440037.44178556278348, 669729.393209911184385 ], [ 4440037.44178556278348, 669691.968692562310025 ], [ 4440037.44178556278348, 669654.544175213435665 ], [ 4440037.44178556278348, 669617.119657864561304 ], [ 4440037.44178556278348, 669579.695140515686944 ], [ 4440037.44178556278348, 669542.270623166812584 ], [ 4440037.44178556278348, 669504.846105817938223 ], [ 4440037.44178556278348, 669467.421588469063863 ], [ 4440037.44178556278348, 669429.997071120189503 ], [ 4440037.44178556278348, 669392.572553771315143 ], [ 4440037.44178556278348, 669355.148036422440782 ], [ 4440037.44178556278348, 669317.723519073566422 ], [ 4440037.44178556278348, 669280.299001724692062 ], [ 4440037.44178556278348, 669242.874484375817701 ], [ 4440037.44178556278348, 669205.449967026943341 ], [ 4440037.44178556278348, 669168.025449678068981 ], [ 4440063.904915562830865, 669141.562319678021595 ], [ 4440101.329432911239564, 669141.562319678021595 ], [ 4440138.753950259648263, 669141.562319678021595 ], [ 4440176.178467608056962, 669141.562319678021595 ], [ 4440202.641597608104348, 669115.099189677974209 ], [ 4440202.641597608104348, 669077.674672329099849 ], [ 4440202.641597608104348, 669040.250154980225489 ], [ 4440202.641597608104348, 669002.825637631351128 ], [ 4440202.641597608104348, 668965.401120282476768 ], [ 4440202.641597608104348, 668927.976602933602408 ], [ 4440202.641597608104348, 668890.552085584728047 ], [ 4440202.641597608104348, 668853.127568235853687 ], [ 4440229.104727608151734, 668826.664438235806301 ], [ 4440266.529244956560433, 668826.664438235806301 ], [ 4440303.953762304969132, 668826.664438235806301 ], [ 4440341.378279653377831, 668826.664438235806301 ], [ 4440378.80279700178653, 668826.664438235806301 ], [ 4440378.80279700178653, 668789.239920886931941 ], [ 4440378.80279700178653, 668751.815403538057581 ], [ 4440378.80279700178653, 668714.39088618918322 ], [ 4440378.80279700178653, 668676.96636884030886 ], [ 4440378.80279700178653, 668639.5418514914345 ], [ 4440378.80279700178653, 668602.117334142560139 ], [ 4440378.80279700178653, 668564.692816793685779 ], [ 4440378.80279700178653, 668527.268299444811419 ], [ 4440378.80279700178653, 668489.843782095937058 ], [ 4440378.80279700178653, 668452.419264747062698 ], [ 4440378.80279700178653, 668414.994747398188338 ], [ 4440378.80279700178653, 668377.570230049313977 ], [ 4440378.80279700178653, 668340.145712700439617 ], [ 4440416.227314350195229, 668340.145712700439617 ], [ 4440453.651831698603928, 668340.145712700439617 ], [ 4440491.076349047012627, 668340.145712700439617 ], [ 4440528.500866395421326, 668340.145712700439617 ], [ 4440528.500866395421326, 668302.721195351565257 ], [ 4440528.500866395421326, 668265.296678002690896 ], [ 4440528.500866395421326, 668227.872160653816536 ], [ 4440528.500866395421326, 668190.447643304942176 ], [ 4440528.500866395421326, 668153.023125956067815 ], [ 4440528.500866395421326, 668115.598608607193455 ], [ 4440528.500866395421326, 668078.174091258319095 ], [ 4440528.500866395421326, 668040.749573909444734 ], [ 4440528.500866395421326, 668003.325056560570374 ], [ 4440565.925383743830025, 668003.325056560570374 ], [ 4440603.349901092238724, 668003.325056560570374 ], [ 4440640.774418440647423, 668003.325056560570374 ], [ 4440678.198935789056122, 668003.325056560570374 ], [ 4440704.662065789103508, 667976.861926560522988 ], [ 4440704.662065789103508, 667939.437409211648628 ], [ 4440704.662065789103508, 667902.012891862774268 ], [ 4440704.662065789103508, 667864.588374513899907 ], [ 4440704.662065789103508, 667827.163857165025547 ], [ 4440704.662065789103508, 667789.739339816151187 ], [ 4440704.662065789103508, 667752.314822467276827 ], [ 4440704.662065789103508, 667714.890305118402466 ], [ 4440704.662065789103508, 667677.465787769528106 ], [ 4440704.662065789103508, 667640.041270420653746 ], [ 4440704.662065789103508, 667602.616753071779385 ], [ 4440704.662065789103508, 667565.192235722905025 ], [ 4440704.662065789103508, 667527.767718374030665 ], [ 4440731.125195789150894, 667501.304588373983279 ], [ 4440768.549713137559593, 667501.304588373983279 ], [ 4440805.974230485968292, 667501.304588373983279 ], [ 4440843.398747834376991, 667501.304588373983279 ], [ 4440843.398747834376991, 667463.880071025108919 ], [ 4440843.398747834376991, 667426.455553676234558 ], [ 4440843.398747834376991, 667389.031036327360198 ], [ 4440843.398747834376991, 667351.606518978485838 ], [ 4440843.398747834376991, 667314.182001629611477 ], [ 4440843.398747834376991, 667276.757484280737117 ], [ 4440843.398747834376991, 667239.332966931862757 ], [ 4440843.398747834376991, 667201.908449582988396 ], [ 4440869.861877834424376, 667175.445319582941011 ], [ 4440907.286395182833076, 667175.445319582941011 ], [ 4440944.710912531241775, 667175.445319582941011 ], [ 4440982.135429879650474, 667175.445319582941011 ], [ 4441019.559947228059173, 667175.445319582941011 ], [ 4441019.559947228059173, 667138.02080223406665 ], [ 4441019.559947228059173, 667100.59628488519229 ], [ 4441019.559947228059173, 667063.17176753631793 ], [ 4441019.559947228059173, 667025.747250187443569 ], [ 4441019.559947228059173, 666988.322732838569209 ], [ 4441019.559947228059173, 666950.898215489694849 ], [ 4441019.559947228059173, 666913.473698140820488 ], [ 4441019.559947228059173, 666876.049180791946128 ], [ 4441019.559947228059173, 666838.624663443071768 ], [ 4441019.559947228059173, 666801.200146094197407 ], [ 4441019.559947228059173, 666763.775628745323047 ], [ 4441019.559947228059173, 666726.351111396448687 ], [ 4441019.559947228059173, 666688.926594047574326 ], [ 4441046.023077228106558, 666662.463464047526941 ], [ 4441083.447594576515257, 666662.463464047526941 ], [ 4441120.872111924923956, 666662.463464047526941 ], [ 4441158.296629273332655, 666662.463464047526941 ], [ 4441195.721146621741354, 666662.463464047526941 ], [ 4441195.721146621741354, 666625.03894669865258 ], [ 4441195.721146621741354, 666587.61442934977822 ], [ 4441195.721146621741354, 666550.18991200090386 ], [ 4441195.721146621741354, 666512.765394652029499 ], [ 4441195.721146621741354, 666475.340877303155139 ], [ 4441195.721146621741354, 666437.916359954280779 ], [ 4441195.721146621741354, 666400.491842605406418 ], [ 4441195.721146621741354, 666363.067325256532058 ], [ 4441195.721146621741354, 666325.642807907657698 ], [ 4441195.721146621741354, 666288.218290558783337 ], [ 4441195.721146621741354, 666250.793773209908977 ], [ 4441195.721146621741354, 666213.369255861034617 ], [ 4441222.18427662178874, 666186.906125860987231 ], [ 4441259.608793970197439, 666186.906125860987231 ], [ 4441297.033311318606138, 666186.906125860987231 ], [ 4441334.457828667014837, 666186.906125860987231 ], [ 4441360.920958667062223, 666160.442995860939845 ], [ 4441360.920958667062223, 666123.018478512065485 ], [ 4441360.920958667062223, 666085.593961163191125 ], [ 4441360.920958667062223, 666048.169443814316764 ], [ 4441360.920958667062223, 666010.744926465442404 ], [ 4441360.920958667062223, 665973.320409116568044 ], [ 4441360.920958667062223, 665935.895891767693684 ], [ 4441360.920958667062223, 665898.471374418819323 ], [ 4441360.920958667062223, 665861.046857069944963 ], [ 4441387.384088667109609, 665834.583727069897577 ], [ 4441424.808606015518308, 665834.583727069897577 ], [ 4441462.233123363927007, 665834.583727069897577 ], [ 4441499.657640712335706, 665834.583727069897577 ], [ 4441526.120770712383091, 665808.120597069850191 ], [ 4441526.120770712383091, 665770.696079720975831 ], [ 4441526.120770712383091, 665733.271562372101471 ], [ 4441526.120770712383091, 665695.847045023227111 ], [ 4441552.583900712430477, 665669.383915023179725 ], [ 4441590.008418060839176, 665669.383915023179725 ], [ 4441627.432935409247875, 665669.383915023179725 ], [ 4441664.857452757656574, 665669.383915023179725 ], [ 4441702.281970106065273, 665669.383915023179725 ], [ 4441739.706487454473972, 665669.383915023179725 ], [ 4441777.131004802882671, 665669.383915023179725 ], [ 4441814.55552215129137, 665669.383915023179725 ], [ 4441841.018652151338756, 665642.920785023132339 ], [ 4441841.018652151338756, 665605.496267674257979 ], [ 4441841.018652151338756, 665568.071750325383618 ], [ 4441841.018652151338756, 665530.647232976509258 ], [ 4441867.481782151386142, 665504.184102976461872 ], [ 4441904.906299499794841, 665504.184102976461872 ], [ 4441942.33081684820354, 665504.184102976461872 ], [ 4441979.755334196612239, 665504.184102976461872 ], [ 4442017.179851545020938, 665504.184102976461872 ], [ 4442017.179851545020938, 665466.759585627587512 ], [ 4442017.179851545020938, 665429.335068278713152 ], [ 4442017.179851545020938, 665391.910550929838791 ], [ 4442017.179851545020938, 665354.486033580964431 ], [ 4442054.604368893429637, 665354.486033580964431 ], [ 4442092.028886241838336, 665354.486033580964431 ], [ 4442129.453403590247035, 665354.486033580964431 ], [ 4442166.877920938655734, 665354.486033580964431 ], [ 4442204.302438287064433, 665354.486033580964431 ], [ 4442241.726955635473132, 665354.486033580964431 ], [ 4442279.151472983881831, 665354.486033580964431 ], [ 4442316.57599033229053, 665354.486033580964431 ], [ 4442343.039120332337916, 665328.022903580917045 ], [ 4442343.039120332337916, 665290.598386232042685 ], [ 4442343.039120332337916, 665253.173868883168325 ], [ 4442343.039120332337916, 665215.749351534293965 ], [ 4442369.502250332385302, 665189.286221534246579 ], [ 4442406.926767680794001, 665189.286221534246579 ], [ 4442444.3512850292027, 665189.286221534246579 ], [ 4442481.775802377611399, 665189.286221534246579 ], [ 4442508.238932377658784, 665162.823091534199193 ], [ 4442508.238932377658784, 665125.398574185324833 ], [ 4442508.238932377658784, 665087.974056836450472 ], [ 4442508.238932377658784, 665050.549539487576112 ], [ 4442534.70206237770617, 665024.086409487528726 ], [ 4442572.126579726114869, 665024.086409487528726 ], [ 4442609.551097074523568, 665024.086409487528726 ], [ 4442646.975614422932267, 665024.086409487528726 ], [ 4442684.400131771340966, 665024.086409487528726 ], [ 4442721.824649119749665, 665024.086409487528726 ], [ 4442759.249166468158364, 665024.086409487528726 ], [ 4442796.673683816567063, 665024.086409487528726 ], [ 4442834.098201164975762, 665024.086409487528726 ], [ 4442834.098201164975762, 664986.661892138654366 ], [ 4442834.098201164975762, 664949.237374789780006 ], [ 4442834.098201164975762, 664911.812857440905645 ], [ 4442834.098201164975762, 664874.388340092031285 ], [ 4442860.561331165023148, 664847.925210091983899 ], [ 4442897.985848513431847, 664847.925210091983899 ], [ 4442935.410365861840546, 664847.925210091983899 ], [ 4442972.834883210249245, 664847.925210091983899 ], [ 4443010.259400558657944, 664847.925210091983899 ], [ 4443010.259400558657944, 664810.500692743109539 ], [ 4443010.259400558657944, 664773.076175394235179 ], [ 4443010.259400558657944, 664735.651658045360819 ], [ 4443010.259400558657944, 664698.227140696486458 ], [ 4443047.683917907066643, 664698.227140696486458 ], [ 4443085.108435255475342, 664698.227140696486458 ], [ 4443122.532952603884041, 664698.227140696486458 ], [ 4443159.95746995229274, 664698.227140696486458 ], [ 4443197.381987300701439, 664698.227140696486458 ], [ 4443234.806504649110138, 664698.227140696486458 ], [ 4443272.231021997518837, 664698.227140696486458 ], [ 4443309.655539345927536, 664698.227140696486458 ], [ 4443309.655539345927536, 664660.802623347612098 ], [ 4443309.655539345927536, 664623.378105998737738 ], [ 4443309.655539345927536, 664585.953588649863377 ], [ 4443309.655539345927536, 664548.529071300989017 ], [ 4443336.118669345974922, 664522.065941300941631 ], [ 4443373.543186694383621, 664522.065941300941631 ], [ 4443410.96770404279232, 664522.065941300941631 ], [ 4443448.392221391201019, 664522.065941300941631 ], [ 4443485.816738739609718, 664522.065941300941631 ], [ 4443512.279868739657104, 664495.602811300894246 ], [ 4443512.279868739657104, 664458.178293952019885 ], [ 4443512.279868739657104, 664420.753776603145525 ], [ 4443512.279868739657104, 664383.329259254271165 ], [ 4443538.74299873970449, 664356.866129254223779 ], [ 4443576.167516088113189, 664356.866129254223779 ], [ 4443613.592033436521888, 664356.866129254223779 ], [ 4443651.016550784930587, 664356.866129254223779 ], [ 4443651.016550784930587, 664319.441611905349419 ], [ 4443651.016550784930587, 664282.017094556475058 ], [ 4443651.016550784930587, 664244.592577207600698 ], [ 4443690.711245784536004, 664204.897882207646035 ], [ 4443730.405940784141421, 664202.62770455610007 ], [ 4443767.83045813255012, 664202.62770455610007 ], [ 4443805.254975480958819, 664202.62770455610007 ], [ 4443842.679492829367518, 664202.62770455610007 ], [ 4443880.104010177776217, 664202.62770455610007 ], [ 4443917.528527526184916, 664202.62770455610007 ], [ 4443954.953044874593616, 664202.62770455610007 ], [ 4443981.416174874641001, 664176.164574556052685 ], [ 4443981.416174874641001, 664138.740057207178324 ], [ 4443981.416174874641001, 664101.315539858303964 ], [ 4443981.416174874641001, 664063.891022509429604 ], [ 4444007.879304874688387, 664037.427892509382218 ], [ 4444045.303822223097086, 664037.427892509382218 ], [ 4444082.728339571505785, 664037.427892509382218 ], [ 4444120.152856919914484, 664037.427892509382218 ], [ 4444157.577374268323183, 664037.427892509382218 ], [ 4444195.001891616731882, 664037.427892509382218 ], [ 4444232.426408965140581, 664037.427892509382218 ], [ 4444269.85092631354928, 664037.427892509382218 ], [ 4444307.275443661957979, 664037.427892509382218 ], [ 4444333.738573662005365, 664010.964762509334832 ], [ 4444333.738573662005365, 663973.540245160460472 ], [ 4444333.738573662005365, 663936.115727811586112 ], [ 4444333.738573662005365, 663898.691210462711751 ], [ 4444360.201703662052751, 663872.228080462664366 ], [ 4444397.62622101046145, 663872.228080462664366 ], [ 4444435.050738358870149, 663872.228080462664366 ], [ 4444472.475255707278848, 663872.228080462664366 ], [ 4444509.899773055687547, 663872.228080462664366 ], [ 4444547.324290404096246, 663872.228080462664366 ], [ 4444584.748807752504945, 663872.228080462664366 ], [ 4444622.173325100913644, 663872.228080462664366 ], [ 4444648.63645510096103, 663845.76495046261698 ], [ 4444648.63645510096103, 663808.34043311374262 ], [ 4444648.63645510096103, 663770.915915764868259 ], [ 4444648.63645510096103, 663733.491398415993899 ], [ 4444675.099585101008415, 663707.028268415946513 ], [ 4444712.524102449417114, 663707.028268415946513 ], [ 4444749.948619797825813, 663707.028268415946513 ], [ 4444787.373137146234512, 663707.028268415946513 ], [ 4444787.373137146234512, 663669.603751067072153 ], [ 4444787.373137146234512, 663632.179233718197793 ], [ 4444787.373137146234512, 663594.754716369323432 ], [ 4444787.373137146234512, 663557.330199020449072 ], [ 4444813.836267146281898, 663530.867069020401686 ], [ 4444851.260784494690597, 663530.867069020401686 ], [ 4444888.685301843099296, 663530.867069020401686 ], [ 4444926.109819191507995, 663530.867069020401686 ], [ 4444963.534336539916694, 663530.867069020401686 ], [ 4445000.958853888325393, 663530.867069020401686 ], [ 4445038.383371236734092, 663530.867069020401686 ], [ 4445075.807888585142791, 663530.867069020401686 ], [ 4445113.23240593355149, 663530.867069020401686 ], [ 4445150.656923281960189, 663530.867069020401686 ], [ 4445188.081440630368888, 663530.867069020401686 ], [ 4445225.505957978777587, 663530.867069020401686 ], [ 4445262.930475327186286, 663530.867069020401686 ], [ 4445300.354992675594985, 663530.867069020401686 ], [ 4445300.354992675594985, 663493.442551671527326 ], [ 4445300.354992675594985, 663456.018034322652966 ], [ 4445300.354992675594985, 663418.593516973778605 ], [ 4445300.354992675594985, 663381.168999624904245 ], [ 4445300.354992675594985, 663343.744482276029885 ], [ 4445300.354992675594985, 663306.319964927155524 ], [ 4445300.354992675594985, 663268.895447578281164 ], [ 4445300.354992675594985, 663231.470930229406804 ], [ 4445326.818122675642371, 663205.007800229359418 ], [ 4445364.24264002405107, 663205.007800229359418 ], [ 4445401.667157372459769, 663205.007800229359418 ], [ 4445439.091674720868468, 663205.007800229359418 ], [ 4445476.516192069277167, 663205.007800229359418 ], [ 4445513.940709417685866, 663205.007800229359418 ], [ 4445551.365226766094565, 663205.007800229359418 ], [ 4445588.789744114503264, 663205.007800229359418 ], [ 4445626.214261462911963, 663205.007800229359418 ], [ 4445663.638778811320662, 663205.007800229359418 ], [ 4445701.063296159729362, 663205.007800229359418 ], [ 4445738.487813508138061, 663205.007800229359418 ], [ 4445775.91233085654676, 663205.007800229359418 ], [ 4445813.336848204955459, 663205.007800229359418 ], [ 4445813.336848204955459, 663167.583282880485058 ], [ 4445813.336848204955459, 663130.158765531610698 ], [ 4445813.336848204955459, 663092.734248182736337 ], [ 4445813.336848204955459, 663055.309730833861977 ], [ 4445813.336848204955459, 663017.885213484987617 ], [ 4445813.336848204955459, 662980.460696136113256 ], [ 4445813.336848204955459, 662943.036178787238896 ], [ 4445813.336848204955459, 662905.611661438364536 ], [ 4445853.031543204560876, 662880.886773377773352 ], [ 4445892.726238204166293, 662882.359047461068258 ], [ 4445930.150755552574992, 662882.359047461068258 ], [ 4445967.575272900983691, 662882.359047461068258 ], [ 4446004.99979024939239, 662882.359047461068258 ], [ 4446042.424307597801089, 662882.359047461068258 ], [ 4446079.848824946209788, 662882.359047461068258 ], [ 4446117.273342294618487, 662882.359047461068258 ], [ 4446154.697859643027186, 662882.359047461068258 ], [ 4446192.122376991435885, 662882.359047461068258 ], [ 4446229.546894339844584, 662882.359047461068258 ], [ 4446266.971411688253284, 662882.359047461068258 ], [ 4446266.971411688253284, 662844.934530112193897 ], [ 4446266.971411688253284, 662807.510012763319537 ], [ 4446266.971411688253284, 662770.085495414445177 ], [ 4446266.971411688253284, 662732.660978065570816 ], [ 4446293.434541688300669, 662706.197848065523431 ], [ 4446330.859059036709368, 662706.197848065523431 ], [ 4446368.283576385118067, 662706.197848065523431 ], [ 4446405.708093733526766, 662706.197848065523431 ], [ 4446443.132611081935465, 662706.197848065523431 ], [ 4446443.132611081935465, 662668.77333071664907 ], [ 4446443.132611081935465, 662631.34881336777471 ], [ 4446443.132611081935465, 662593.92429601890035 ], [ 4446443.132611081935465, 662556.499778670025989 ], [ 4446469.595741081982851, 662530.036648669978604 ], [ 4446507.02025843039155, 662530.036648669978604 ], [ 4446544.444775778800249, 662530.036648669978604 ], [ 4446581.869293127208948, 662530.036648669978604 ], [ 4446619.293810475617647, 662530.036648669978604 ], [ 4446656.718327824026346, 662530.036648669978604 ], [ 4446694.142845172435045, 662530.036648669978604 ], [ 4446731.567362520843744, 662530.036648669978604 ], [ 4446768.991879869252443, 662530.036648669978604 ], [ 4446806.416397217661142, 662530.036648669978604 ], [ 4446843.840914566069841, 662530.036648669978604 ], [ 4446881.26543191447854, 662530.036648669978604 ], [ 4446918.689949262887239, 662530.036648669978604 ], [ 4446945.153079262934625, 662503.573518669931218 ], [ 4446945.153079262934625, 662466.149001321056858 ], [ 4446945.153079262934625, 662428.724483972182497 ], [ 4446945.153079262934625, 662391.299966623308137 ], [ 4446945.153079262934625, 662353.875449274433777 ], [ 4446945.153079262934625, 662316.450931925559416 ], [ 4446945.153079262934625, 662279.026414576685056 ], [ 4446945.153079262934625, 662241.601897227810696 ], [ 4446971.616209262982011, 662215.13876722776331 ], [ 4447009.04072661139071, 662215.13876722776331 ], [ 4447046.465243959799409, 662215.13876722776331 ], [ 4447083.889761308208108, 662215.13876722776331 ], [ 4447121.314278656616807, 662215.13876722776331 ], [ 4447158.738796005025506, 662215.13876722776331 ], [ 4447196.163313353434205, 662215.13876722776331 ], [ 4447233.587830701842904, 662215.13876722776331 ], [ 4447271.012348050251603, 662215.13876722776331 ], [ 4447308.436865398660302, 662215.13876722776331 ], [ 4447345.861382747069001, 662215.13876722776331 ], [ 4447383.2859000954777, 662215.13876722776331 ], [ 4447420.710417443886399, 662215.13876722776331 ], [ 4447447.173547443933785, 662188.675637227715924 ], [ 4447447.173547443933785, 662151.251119878841564 ], [ 4447447.173547443933785, 662113.826602529967204 ], [ 4447447.173547443933785, 662076.402085181092843 ], [ 4447473.636677443981171, 662049.938955181045458 ], [ 4447511.06119479238987, 662049.938955181045458 ], [ 4447548.485712140798569, 662049.938955181045458 ], [ 4447585.910229489207268, 662049.938955181045458 ], [ 4447612.373359489254653, 662023.475825180998072 ], [ 4447612.373359489254653, 661986.051307832123712 ], [ 4447612.373359489254653, 661948.626790483249351 ], [ 4447612.373359489254653, 661911.202273134374991 ], [ 4447612.373359489254653, 661873.777755785500631 ], [ 4447612.373359489254653, 661836.35323843662627 ], [ 4447612.373359489254653, 661798.92872108775191 ], [ 4447612.373359489254653, 661761.50420373887755 ], [ 4447612.373359489254653, 661724.079686390003189 ], [ 4447649.797876837663352, 661724.079686390003189 ], [ 4447687.222394186072052, 661724.079686390003189 ], [ 4447724.646911534480751, 661724.079686390003189 ], [ 4447762.07142888288945, 661724.079686390003189 ], [ 4447799.495946231298149, 661724.079686390003189 ], [ 4447836.920463579706848, 661724.079686390003189 ], [ 4447874.344980928115547, 661724.079686390003189 ], [ 4447911.769498276524246, 661724.079686390003189 ], [ 4447911.769498276524246, 661686.655169041128829 ], [ 4447911.769498276524246, 661649.230651692254469 ], [ 4447911.769498276524246, 661611.806134343380108 ], [ 4447911.769498276524246, 661574.381616994505748 ], [ 4447938.232628276571631, 661547.918486994458362 ], [ 4447975.65714562498033, 661547.918486994458362 ], [ 4448013.08166297338903, 661547.918486994458362 ], [ 4448050.506180321797729, 661547.918486994458362 ], [ 4448087.930697670206428, 661547.918486994458362 ], [ 4448125.355215018615127, 661547.918486994458362 ], [ 4448162.779732367023826, 661547.918486994458362 ], [ 4448200.204249715432525, 661547.918486994458362 ], [ 4448237.628767063841224, 661547.918486994458362 ], [ 4448275.053284412249923, 661547.918486994458362 ], [ 4448275.053284412249923, 661510.493969645584002 ], [ 4448275.053284412249923, 661473.069452296709642 ], [ 4448275.053284412249923, 661435.644934947835281 ], [ 4448275.053284412249923, 661398.220417598960921 ], [ 4448301.516414412297308, 661371.757287598913535 ], [ 4448338.940931760706007, 661371.757287598913535 ], [ 4448376.365449109114707, 661371.757287598913535 ], [ 4448413.789966457523406, 661371.757287598913535 ], [ 4448413.789966457523406, 661334.332770250039175 ], [ 4448413.789966457523406, 661296.908252901164815 ], [ 4448413.789966457523406, 661259.483735552290455 ], [ 4448413.789966457523406, 661222.059218203416094 ], [ 4448451.214483805932105, 661222.059218203416094 ], [ 4448488.639001154340804, 661222.059218203416094 ], [ 4448526.063518502749503, 661222.059218203416094 ], [ 4448563.488035851158202, 661222.059218203416094 ], [ 4448600.912553199566901, 661222.059218203416094 ], [ 4448638.3370705479756, 661222.059218203416094 ], [ 4448675.761587896384299, 661222.059218203416094 ], [ 4448713.186105244792998, 661222.059218203416094 ], [ 4448750.610622593201697, 661222.059218203416094 ], [ 4448750.610622593201697, 661184.634700854541734 ], [ 4448750.610622593201697, 661147.210183505667374 ], [ 4448750.610622593201697, 661109.785666156793013 ], [ 4448750.610622593201697, 661072.361148807918653 ], [ 4448777.073752593249083, 661045.898018807871267 ], [ 4448814.498269941657782, 661045.898018807871267 ], [ 4448851.922787290066481, 661045.898018807871267 ], [ 4448889.34730463847518, 661045.898018807871267 ], [ 4448926.771821986883879, 661045.898018807871267 ], [ 4448926.771821986883879, 661008.473501458996907 ], [ 4448926.771821986883879, 660971.048984110122547 ], [ 4448926.771821986883879, 660933.624466761248186 ], [ 4448926.771821986883879, 660896.199949412373826 ], [ 4448964.196339335292578, 660896.199949412373826 ], [ 4449001.620856683701277, 660896.199949412373826 ], [ 4449039.045374032109976, 660896.199949412373826 ], [ 4449076.469891380518675, 660896.199949412373826 ], [ 4449113.894408728927374, 660896.199949412373826 ], [ 4449151.318926077336073, 660896.199949412373826 ], [ 4449188.743443425744772, 660896.199949412373826 ], [ 4449226.167960774153471, 660896.199949412373826 ], [ 4449252.631090774200857, 660869.73681941232644 ], [ 4449252.631090774200857, 660832.31230206345208 ], [ 4449252.631090774200857, 660794.88778471457772 ], [ 4449252.631090774200857, 660757.463267365703359 ], [ 4449279.094220774248242, 660731.000137365655974 ], [ 4449316.518738122656941, 660731.000137365655974 ], [ 4449353.94325547106564, 660731.000137365655974 ], [ 4449391.367772819474339, 660731.000137365655974 ], [ 4449428.792290167883039, 660731.000137365655974 ], [ 4449466.216807516291738, 660731.000137365655974 ], [ 4449503.641324864700437, 660731.000137365655974 ], [ 4449541.065842213109136, 660731.000137365655974 ], [ 4449567.528972213156521, 660704.537007365608588 ], [ 4449567.528972213156521, 660667.112490016734228 ], [ 4449567.528972213156521, 660629.687972667859867 ], [ 4449567.528972213156521, 660592.263455318985507 ], [ 4449593.992102213203907, 660565.800325318938121 ], [ 4449631.416619561612606, 660565.800325318938121 ], [ 4449668.841136910021305, 660565.800325318938121 ], [ 4449706.265654258430004, 660565.800325318938121 ], [ 4449743.690171606838703, 660565.800325318938121 ], [ 4449781.114688955247402, 660565.800325318938121 ], [ 4449818.539206303656101, 660565.800325318938121 ], [ 4449855.9637236520648, 660565.800325318938121 ], [ 4449893.388241000473499, 660565.800325318938121 ], [ 4449893.388241000473499, 660528.375807970063761 ], [ 4449893.388241000473499, 660490.951290621189401 ], [ 4449893.388241000473499, 660453.52677327231504 ], [ 4449893.388241000473499, 660416.10225592344068 ], [ 4449919.851371000520885, 660389.639125923393294 ], [ 4449957.275888348929584, 660389.639125923393294 ], [ 4449994.700405697338283, 660389.639125923393294 ], [ 4450032.124923045746982, 660389.639125923393294 ], [ 4450069.549440394155681, 660389.639125923393294 ], [ 4450069.549440394155681, 660352.214608574518934 ], [ 4450069.549440394155681, 660314.790091225644574 ], [ 4450069.549440394155681, 660277.365573876770213 ], [ 4450069.549440394155681, 660239.941056527895853 ], [ 4450096.012570394203067, 660213.477926527848467 ], [ 4450133.437087742611766, 660213.477926527848467 ], [ 4450170.861605091020465, 660213.477926527848467 ], [ 4450208.286122439429164, 660213.477926527848467 ], [ 4450245.710639787837863, 660213.477926527848467 ], [ 4450283.135157136246562, 660213.477926527848467 ], [ 4450320.559674484655261, 660213.477926527848467 ], [ 4450357.98419183306396, 660213.477926527848467 ], [ 4450395.408709181472659, 660213.477926527848467 ], [ 4450395.408709181472659, 660176.053409178974107 ], [ 4450395.408709181472659, 660138.628891830099747 ], [ 4450395.408709181472659, 660101.204374481225386 ], [ 4450395.408709181472659, 660063.779857132351026 ], [ 4450432.833226529881358, 660063.779857132351026 ], [ 4450470.257743878290057, 660063.779857132351026 ], [ 4450507.682261226698756, 660063.779857132351026 ], [ 4450545.106778575107455, 660063.779857132351026 ], [ 4450571.569908575154841, 660037.31672713230364 ], [ 4450571.569908575154841, 659999.89220978342928 ], [ 4450571.569908575154841, 659962.46769243455492 ], [ 4450571.569908575154841, 659925.043175085680559 ], [ 4450598.033038575202227, 659898.580045085633174 ], [ 4450635.457555923610926, 659898.580045085633174 ], [ 4450672.882073272019625, 659898.580045085633174 ], [ 4450710.306590620428324, 659898.580045085633174 ], [ 4450736.769720620475709, 659872.116915085585788 ], [ 4450736.769720620475709, 659834.692397736711428 ], [ 4450736.769720620475709, 659797.267880387837067 ], [ 4450736.769720620475709, 659759.843363038962707 ], [ 4450736.769720620475709, 659722.418845690088347 ], [ 4450736.769720620475709, 659684.994328341213986 ], [ 4450736.769720620475709, 659647.569810992339626 ], [ 4450736.769720620475709, 659610.145293643465266 ], [ 4450736.769720620475709, 659572.720776294590905 ], [ 4450774.194237968884408, 659572.720776294590905 ], [ 4450811.618755317293108, 659572.720776294590905 ], [ 4450849.043272665701807, 659572.720776294590905 ], [ 4450886.467790014110506, 659572.720776294590905 ], [ 4450923.892307362519205, 659572.720776294590905 ], [ 4450961.316824710927904, 659572.720776294590905 ], [ 4450998.741342059336603, 659572.720776294590905 ], [ 4451036.165859407745302, 659572.720776294590905 ], [ 4451073.590376756154001, 659572.720776294590905 ], [ 4451111.0148941045627, 659572.720776294590905 ], [ 4451148.439411452971399, 659572.720776294590905 ], [ 4451185.863928801380098, 659572.720776294590905 ], [ 4451223.288446149788797, 659572.720776294590905 ], [ 4451223.288446149788797, 659535.296258945716545 ], [ 4451223.288446149788797, 659497.871741596842185 ], [ 4451223.288446149788797, 659460.447224247967824 ], [ 4451223.288446149788797, 659423.022706899093464 ], [ 4451249.751576149836183, 659396.559576899046078 ], [ 4451287.176093498244882, 659396.559576899046078 ], [ 4451324.600610846653581, 659396.559576899046078 ], [ 4451362.02512819506228, 659396.559576899046078 ], [ 4451399.449645543470979, 659396.559576899046078 ], [ 4451399.449645543470979, 659359.135059550171718 ], [ 4451399.449645543470979, 659321.710542201297358 ], [ 4451399.449645543470979, 659284.286024852422997 ], [ 4451399.449645543470979, 659246.861507503548637 ], [ 4451425.912775543518364, 659220.398377503501251 ], [ 4451463.337292891927063, 659220.398377503501251 ], [ 4451500.761810240335763, 659220.398377503501251 ], [ 4451538.186327588744462, 659220.398377503501251 ], [ 4451538.186327588744462, 659182.973860154626891 ], [ 4451538.186327588744462, 659145.549342805752531 ], [ 4451538.186327588744462, 659108.12482545687817 ], [ 4451538.186327588744462, 659070.70030810800381 ], [ 4451538.186327588744462, 659033.27579075912945 ], [ 4451538.186327588744462, 658995.851273410255089 ], [ 4451538.186327588744462, 658958.426756061380729 ], [ 4451538.186327588744462, 658921.002238712506369 ], [ 4451564.649457588791847, 658894.539108712458983 ], [ 4451602.073974937200546, 658894.539108712458983 ], [ 4451639.498492285609245, 658894.539108712458983 ], [ 4451676.923009634017944, 658894.539108712458983 ], [ 4451714.347526982426643, 658894.539108712458983 ], [ 4451751.772044330835342, 658894.539108712458983 ], [ 4451789.196561679244041, 658894.539108712458983 ], [ 4451826.62107902765274, 658894.539108712458983 ], [ 4451864.04559637606144, 658894.539108712458983 ], [ 4451864.04559637606144, 658857.114591363584623 ], [ 4451864.04559637606144, 658819.690074014710262 ], [ 4451864.04559637606144, 658782.265556665835902 ], [ 4451864.04559637606144, 658744.841039316961542 ], [ 4451901.470113724470139, 658744.841039316961542 ], [ 4451938.894631072878838, 658744.841039316961542 ], [ 4451976.319148421287537, 658744.841039316961542 ], [ 4452013.743665769696236, 658744.841039316961542 ], [ 4452051.168183118104935, 658744.841039316961542 ], [ 4452051.168183118104935, 658707.416521968087181 ], [ 4452051.168183118104935, 658669.992004619212821 ], [ 4452051.168183118104935, 658632.567487270338461 ], [ 4452051.168183118104935, 658595.1429699214641 ], [ 4452077.63131311815232, 658568.679839921416715 ], [ 4452115.055830466561019, 658568.679839921416715 ], [ 4452152.480347814969718, 658568.679839921416715 ], [ 4452189.904865163378417, 658568.679839921416715 ], [ 4452216.367995163425803, 658542.216709921369329 ], [ 4452216.367995163425803, 658504.792192572494969 ], [ 4452216.367995163425803, 658467.367675223620608 ], [ 4452216.367995163425803, 658429.943157874746248 ], [ 4452242.831125163473189, 658403.480027874698862 ], [ 4452280.255642511881888, 658403.480027874698862 ], [ 4452317.680159860290587, 658403.480027874698862 ], [ 4452355.104677208699286, 658403.480027874698862 ], [ 4452355.104677208699286, 658366.055510525824502 ], [ 4452355.104677208699286, 658328.630993176950142 ], [ 4452355.104677208699286, 658291.206475828075781 ], [ 4452355.104677208699286, 658253.781958479201421 ], [ 4452381.567807208746672, 658227.318828479154035 ], [ 4452418.992324557155371, 658227.318828479154035 ], [ 4452456.41684190556407, 658227.318828479154035 ], [ 4452493.841359253972769, 658227.318828479154035 ], [ 4452531.265876602381468, 658227.318828479154035 ], [ 4452531.265876602381468, 658189.894311130279675 ], [ 4452531.265876602381468, 658152.469793781405315 ], [ 4452531.265876602381468, 658115.045276432530954 ], [ 4452531.265876602381468, 658077.620759083656594 ], [ 4452568.690393950790167, 658077.620759083656594 ], [ 4452606.114911299198866, 658077.620759083656594 ], [ 4452643.539428647607565, 658077.620759083656594 ], [ 4452680.963945996016264, 658077.620759083656594 ], [ 4452718.388463344424963, 658077.620759083656594 ], [ 4452755.812980692833662, 658077.620759083656594 ], [ 4452793.237498041242361, 658077.620759083656594 ], [ 4452830.66201538965106, 658077.620759083656594 ], [ 4452868.086532738059759, 658077.620759083656594 ], [ 4452868.086532738059759, 658040.196241734782234 ], [ 4452868.086532738059759, 658002.771724385907874 ], [ 4452868.086532738059759, 657965.347207037033513 ], [ 4452868.086532738059759, 657927.922689688159153 ], [ 4452907.781227737665176, 657918.167608566931449 ], [ 4452947.475922737270594, 657919.639882650226355 ], [ 4452984.900440085679293, 657919.639882650226355 ], [ 4453022.324957434087992, 657919.639882650226355 ], [ 4453059.749474782496691, 657919.639882650226355 ], [ 4453097.17399213090539, 657919.639882650226355 ], [ 4453134.598509479314089, 657919.639882650226355 ], [ 4453172.023026827722788, 657919.639882650226355 ], [ 4453198.486156827770174, 657893.176752650178969 ], [ 4453198.486156827770174, 657855.752235301304609 ], [ 4453198.486156827770174, 657818.327717952430248 ], [ 4453198.486156827770174, 657780.903200603555888 ], [ 4453224.949286827817559, 657754.440070603508502 ], [ 4453262.373804176226258, 657754.440070603508502 ], [ 4453299.798321524634957, 657754.440070603508502 ], [ 4453337.222838873043656, 657754.440070603508502 ], [ 4453374.647356221452355, 657754.440070603508502 ], [ 4453412.071873569861054, 657754.440070603508502 ], [ 4453449.496390918269753, 657754.440070603508502 ], [ 4453486.920908266678452, 657754.440070603508502 ], [ 4453524.345425615087152, 657754.440070603508502 ], [ 4453524.345425615087152, 657717.015553254634142 ], [ 4453524.345425615087152, 657679.591035905759782 ], [ 4453524.345425615087152, 657642.166518556885421 ], [ 4453524.345425615087152, 657604.742001208011061 ], [ 4453550.808555615134537, 657578.278871207963675 ], [ 4453588.233072963543236, 657578.278871207963675 ], [ 4453625.657590311951935, 657578.278871207963675 ], [ 4453663.082107660360634, 657578.278871207963675 ], [ 4453700.506625008769333, 657578.278871207963675 ], [ 4453737.931142357178032, 657578.278871207963675 ], [ 4453775.355659705586731, 657578.278871207963675 ], [ 4453812.78017705399543, 657578.278871207963675 ], [ 4453850.20469440240413, 657578.278871207963675 ], [ 4453850.20469440240413, 657540.854353859089315 ], [ 4453850.20469440240413, 657503.429836510214955 ], [ 4453850.20469440240413, 657466.005319161340594 ], [ 4453850.20469440240413, 657428.580801812466234 ], [ 4453876.667824402451515, 657402.117671812418848 ], [ 4453914.092341750860214, 657402.117671812418848 ], [ 4453951.516859099268913, 657402.117671812418848 ], [ 4453988.941376447677612, 657402.117671812418848 ], [ 4454015.404506447724998, 657375.654541812371463 ], [ 4454015.404506447724998, 657338.230024463497102 ], [ 4454015.404506447724998, 657300.805507114622742 ], [ 4454015.404506447724998, 657263.380989765748382 ], [ 4454055.099201447330415, 657257.368360379361548 ], [ 4454094.793896446935833, 657258.840634462656453 ], [ 4454132.218413795344532, 657258.840634462656453 ], [ 4454169.642931143753231, 657258.840634462656453 ], [ 4454207.06744849216193, 657258.840634462656453 ], [ 4454244.491965840570629, 657258.840634462656453 ], [ 4454281.916483188979328, 657258.840634462656453 ], [ 4454319.341000537388027, 657258.840634462656453 ], [ 4454356.765517885796726, 657258.840634462656453 ], [ 4454394.190035234205425, 657258.840634462656453 ], [ 4454431.614552582614124, 657258.840634462656453 ], [ 4454469.039069931022823, 657258.840634462656453 ], [ 4454506.463587279431522, 657258.840634462656453 ], [ 4454506.463587279431522, 657221.416117113782093 ], [ 4454506.463587279431522, 657183.991599764907733 ], [ 4454506.463587279431522, 657146.567082416033372 ], [ 4454506.463587279431522, 657109.142565067159012 ], [ 4454532.926717279478908, 657082.679435067111626 ], [ 4454570.351234627887607, 657082.679435067111626 ], [ 4454607.775751976296306, 657082.679435067111626 ], [ 4454645.200269324705005, 657082.679435067111626 ], [ 4454682.624786673113704, 657082.679435067111626 ], [ 4454720.049304021522403, 657082.679435067111626 ], [ 4454757.473821369931102, 657082.679435067111626 ], [ 4454794.898338718339801, 657082.679435067111626 ], [ 4454832.3228560667485, 657082.679435067111626 ], [ 4454832.3228560667485, 657045.254917718237266 ], [ 4454832.3228560667485, 657007.830400369362906 ], [ 4454832.3228560667485, 656970.405883020488545 ], [ 4454832.3228560667485, 656932.981365671614185 ], [ 4454858.785986066795886, 656906.518235671566799 ], [ 4454896.210503415204585, 656906.518235671566799 ], [ 4454933.635020763613284, 656906.518235671566799 ], [ 4454971.059538112021983, 656906.518235671566799 ], [ 4455008.484055460430682, 656906.518235671566799 ], [ 4455008.484055460430682, 656869.093718322692439 ], [ 4455008.484055460430682, 656831.669200973818079 ], [ 4455008.484055460430682, 656794.244683624943718 ], [ 4455008.484055460430682, 656756.820166276069358 ], [ 4455045.908572808839381, 656756.820166276069358 ], [ 4455083.33309015724808, 656756.820166276069358 ], [ 4455120.757607505656779, 656756.820166276069358 ], [ 4455158.182124854065478, 656756.820166276069358 ], [ 4455195.606642202474177, 656756.820166276069358 ], [ 4455233.031159550882876, 656756.820166276069358 ], [ 4455270.455676899291575, 656756.820166276069358 ], [ 4455307.880194247700274, 656756.820166276069358 ], [ 4455334.34332424774766, 656730.357036276021972 ], [ 4455334.34332424774766, 656692.932518927147612 ], [ 4455334.34332424774766, 656655.508001578273252 ], [ 4455334.34332424774766, 656618.083484229398891 ], [ 4455360.806454247795045, 656591.620354229351506 ], [ 4455398.230971596203744, 656591.620354229351506 ], [ 4455435.655488944612443, 656591.620354229351506 ], [ 4455473.080006293021142, 656591.620354229351506 ], [ 4455510.504523641429842, 656591.620354229351506 ], [ 4455547.929040989838541, 656591.620354229351506 ], [ 4455585.35355833824724, 656591.620354229351506 ], [ 4455622.778075686655939, 656591.620354229351506 ], [ 4455660.202593035064638, 656591.620354229351506 ], [ 4455660.202593035064638, 656554.195836880477145 ], [ 4455660.202593035064638, 656516.771319531602785 ], [ 4455660.202593035064638, 656479.346802182728425 ], [ 4455660.202593035064638, 656441.922284833854064 ], [ 4455686.665723035112023, 656415.459154833806679 ], [ 4455724.090240383520722, 656415.459154833806679 ], [ 4455761.514757731929421, 656415.459154833806679 ], [ 4455798.93927508033812, 656415.459154833806679 ], [ 4455836.363792428746819, 656415.459154833806679 ], [ 4455836.363792428746819, 656378.034637484932318 ], [ 4455836.363792428746819, 656340.610120136057958 ], [ 4455836.363792428746819, 656303.185602787183598 ], [ 4455836.363792428746819, 656265.761085438309237 ], [ 4455873.788309777155519, 656265.761085438309237 ], [ 4455911.212827125564218, 656265.761085438309237 ], [ 4455948.637344473972917, 656265.761085438309237 ], [ 4455986.061861822381616, 656265.761085438309237 ], [ 4456023.486379170790315, 656265.761085438309237 ], [ 4456060.910896519199014, 656265.761085438309237 ], [ 4456098.335413867607713, 656265.761085438309237 ], [ 4456135.759931216016412, 656265.761085438309237 ], [ 4456173.184448564425111, 656265.761085438309237 ], [ 4456210.60896591283381, 656265.761085438309237 ], [ 4456248.033483261242509, 656265.761085438309237 ], [ 4456285.458000609651208, 656265.761085438309237 ], [ 4456322.882517958059907, 656265.761085438309237 ], [ 4456322.882517958059907, 656228.336568089434877 ], [ 4456322.882517958059907, 656190.912050740560517 ], [ 4456322.882517958059907, 656153.487533391686156 ], [ 4456322.882517958059907, 656116.063016042811796 ], [ 4456349.345647958107293, 656089.59988604276441 ], [ 4456386.770165306515992, 656089.59988604276441 ], [ 4456424.194682654924691, 656089.59988604276441 ], [ 4456461.61920000333339, 656089.59988604276441 ], [ 4456499.043717351742089, 656089.59988604276441 ], [ 4456536.468234700150788, 656089.59988604276441 ], [ 4456573.892752048559487, 656089.59988604276441 ], [ 4456611.317269396968186, 656089.59988604276441 ], [ 4456648.741786745376885, 656089.59988604276441 ], [ 4456648.741786745376885, 656052.17536869389005 ], [ 4456648.741786745376885, 656014.75085134501569 ], [ 4456648.741786745376885, 655977.326333996141329 ], [ 4456648.741786745376885, 655939.901816647266969 ], [ 4456675.204916745424271, 655913.438686647219583 ], [ 4456712.62943409383297, 655913.438686647219583 ], [ 4456750.053951442241669, 655913.438686647219583 ], [ 4456787.478468790650368, 655913.438686647219583 ], [ 4456824.902986139059067, 655913.438686647219583 ], [ 4456862.327503487467766, 655913.438686647219583 ], [ 4456899.752020835876465, 655913.438686647219583 ], [ 4456937.176538184285164, 655913.438686647219583 ], [ 4456974.601055532693863, 655913.438686647219583 ], [ 4457012.025572881102562, 655913.438686647219583 ], [ 4457049.450090229511261, 655913.438686647219583 ], [ 4457086.87460757791996, 655913.438686647219583 ], [ 4457124.299124926328659, 655913.438686647219583 ], [ 4457124.299124926328659, 655876.014169298345223 ], [ 4457124.299124926328659, 655838.589651949470863 ], [ 4457124.299124926328659, 655801.165134600596502 ], [ 4457124.299124926328659, 655763.740617251722142 ], [ 4457161.723642274737358, 655763.740617251722142 ], [ 4457199.148159623146057, 655763.740617251722142 ], [ 4457236.572676971554756, 655763.740617251722142 ], [ 4457273.997194319963455, 655763.740617251722142 ], [ 4457311.421711668372154, 655763.740617251722142 ], [ 4457348.846229016780853, 655763.740617251722142 ], [ 4457386.270746365189552, 655763.740617251722142 ], [ 4457423.695263713598251, 655763.740617251722142 ], [ 4457461.11978106200695, 655763.740617251722142 ], [ 4457461.11978106200695, 655726.316099902847782 ], [ 4457461.11978106200695, 655688.891582553973421 ], [ 4457461.11978106200695, 655651.467065205099061 ], [ 4457461.11978106200695, 655614.042547856224701 ], [ 4457487.582911062054336, 655587.579417856177315 ], [ 4457525.007428410463035, 655587.579417856177315 ], [ 4457562.431945758871734, 655587.579417856177315 ], [ 4457599.856463107280433, 655587.579417856177315 ], [ 4457637.280980455689132, 655587.579417856177315 ], [ 4457674.705497804097831, 655587.579417856177315 ], [ 4457712.13001515250653, 655587.579417856177315 ], [ 4457749.554532500915229, 655587.579417856177315 ], [ 4457786.979049849323928, 655587.579417856177315 ], [ 4457824.403567197732627, 655587.579417856177315 ], [ 4457861.828084546141326, 655587.579417856177315 ], [ 4457899.252601894550025, 655587.579417856177315 ], [ 4457936.677119242958724, 655587.579417856177315 ], [ 4457974.101636591367424, 655587.579417856177315 ], [ 4458011.526153939776123, 655587.579417856177315 ], [ 4458048.950671288184822, 655587.579417856177315 ], [ 4458086.375188636593521, 655587.579417856177315 ], [ 4458123.79970598500222, 655587.579417856177315 ], [ 4458123.79970598500222, 655550.154900507302955 ], [ 4458123.79970598500222, 655512.730383158428594 ], [ 4458123.79970598500222, 655475.305865809554234 ], [ 4458123.79970598500222, 655437.881348460679874 ], [ 4458161.224223333410919, 655437.881348460679874 ], [ 4458198.648740681819618, 655437.881348460679874 ], [ 4458236.073258030228317, 655437.881348460679874 ], [ 4458273.497775378637016, 655437.881348460679874 ], [ 4458310.922292727045715, 655437.881348460679874 ], [ 4458348.346810075454414, 655437.881348460679874 ], [ 4458385.771327423863113, 655437.881348460679874 ], [ 4458423.195844772271812, 655437.881348460679874 ], [ 4458460.620362120680511, 655437.881348460679874 ], [ 4458460.620362120680511, 655400.456831111805514 ], [ 4458460.620362120680511, 655363.032313762931153 ], [ 4458460.620362120680511, 655325.607796414056793 ], [ 4458460.620362120680511, 655288.183279065182433 ], [ 4458487.083492120727897, 655261.720149065135047 ], [ 4458524.508009469136596, 655261.720149065135047 ], [ 4458561.932526817545295, 655261.720149065135047 ], [ 4458599.357044165953994, 655261.720149065135047 ], [ 4458636.781561514362693, 655261.720149065135047 ], [ 4458674.206078862771392, 655261.720149065135047 ], [ 4458711.630596211180091, 655261.720149065135047 ], [ 4458749.05511355958879, 655261.720149065135047 ], [ 4458786.479630907997489, 655261.720149065135047 ], [ 4458823.904148256406188, 655261.720149065135047 ], [ 4458861.328665604814887, 655261.720149065135047 ], [ 4458898.753182953223586, 655261.720149065135047 ], [ 4458936.177700301632285, 655261.720149065135047 ], [ 4458962.640830301679671, 655235.257019065087661 ], [ 4458962.640830301679671, 655197.832501716213301 ], [ 4458962.640830301679671, 655160.407984367338941 ], [ 4458962.640830301679671, 655122.98346701846458 ], [ 4458989.103960301727057, 655096.520337018417194 ], [ 4459026.528477650135756, 655096.520337018417194 ], [ 4459063.952994998544455, 655096.520337018417194 ], [ 4459101.377512346953154, 655096.520337018417194 ], [ 4459138.802029695361853, 655096.520337018417194 ], [ 4459176.226547043770552, 655096.520337018417194 ], [ 4459213.651064392179251, 655096.520337018417194 ], [ 4459251.07558174058795, 655096.520337018417194 ], [ 4459277.538711740635335, 655070.057207018369809 ], [ 4459277.538711740635335, 655032.632689669495448 ], [ 4459277.538711740635335, 654995.208172320621088 ], [ 4459277.538711740635335, 654957.783654971746728 ], [ 4459317.233406740240753, 654940.543670380837284 ], [ 4459356.92810173984617, 654942.01594446413219 ], [ 4459394.352619088254869, 654942.01594446413219 ], [ 4459431.777136436663568, 654942.01594446413219 ], [ 4459469.201653785072267, 654942.01594446413219 ], [ 4459506.626171133480966, 654942.01594446413219 ], [ 4459544.050688481889665, 654942.01594446413219 ], [ 4459581.475205830298364, 654942.01594446413219 ], [ 4459618.899723178707063, 654942.01594446413219 ], [ 4459656.324240527115762, 654942.01594446413219 ], [ 4459693.748757875524461, 654942.01594446413219 ], [ 4459731.17327522393316, 654942.01594446413219 ], [ 4459768.597792572341859, 654942.01594446413219 ], [ 4459806.022309920750558, 654942.01594446413219 ], [ 4459843.446827269159257, 654942.01594446413219 ], [ 4459880.871344617567956, 654942.01594446413219 ], [ 4459918.295861965976655, 654942.01594446413219 ], [ 4459944.758991966024041, 654915.552814464084804 ], [ 4459944.758991966024041, 654878.128297115210444 ], [ 4459944.758991966024041, 654840.703779766336083 ], [ 4459944.758991966024041, 654803.279262417461723 ], [ 4459971.222121966071427, 654776.816132417414337 ], [ 4460008.646639314480126, 654776.816132417414337 ], [ 4460046.071156662888825, 654776.816132417414337 ], [ 4460083.495674011297524, 654776.816132417414337 ], [ 4460120.920191359706223, 654776.816132417414337 ], [ 4460158.344708708114922, 654776.816132417414337 ], [ 4460195.769226056523621, 654776.816132417414337 ], [ 4460233.19374340493232, 654776.816132417414337 ], [ 4460270.618260753341019, 654776.816132417414337 ], [ 4460308.042778101749718, 654776.816132417414337 ], [ 4460345.467295450158417, 654776.816132417414337 ], [ 4460382.891812798567116, 654776.816132417414337 ], [ 4460420.316330146975815, 654776.816132417414337 ], [ 4460457.740847495384514, 654776.816132417414337 ], [ 4460495.165364843793213, 654776.816132417414337 ], [ 4460532.589882192201912, 654776.816132417414337 ], [ 4460570.014399540610611, 654776.816132417414337 ], [ 4460607.43891688901931, 654776.816132417414337 ], [ 4460607.43891688901931, 654739.391615068539977 ], [ 4460607.43891688901931, 654701.967097719665617 ], [ 4460607.43891688901931, 654664.542580370791256 ], [ 4460607.43891688901931, 654627.118063021916896 ], [ 4460633.902046889066696, 654600.65493302186951 ], [ 4460671.326564237475395, 654600.65493302186951 ], [ 4460708.751081585884094, 654600.65493302186951 ], [ 4460746.175598934292793, 654600.65493302186951 ], [ 4460783.600116282701492, 654600.65493302186951 ], [ 4460821.024633631110191, 654600.65493302186951 ], [ 4460858.44915097951889, 654600.65493302186951 ], [ 4460895.873668327927589, 654600.65493302186951 ], [ 4460933.298185676336288, 654600.65493302186951 ], [ 4460970.722703024744987, 654600.65493302186951 ], [ 4461008.147220373153687, 654600.65493302186951 ], [ 4461045.571737721562386, 654600.65493302186951 ], [ 4461082.996255069971085, 654600.65493302186951 ], [ 4461120.420772418379784, 654600.65493302186951 ], [ 4461157.845289766788483, 654600.65493302186951 ], [ 4461195.269807115197182, 654600.65493302186951 ], [ 4461232.694324463605881, 654600.65493302186951 ], [ 4461270.11884181201458, 654600.65493302186951 ], [ 4461296.581971812061965, 654627.118063021916896 ], [ 4461296.581971812061965, 654664.542580370791256 ], [ 4461296.581971812061965, 654701.967097719665617 ], [ 4461296.581971812061965, 654739.391615068539977 ], [ 4461296.581971812061965, 654776.816132417414337 ], [ 4461334.006489160470665, 654776.816132417414337 ], [ 4461371.431006508879364, 654776.816132417414337 ], [ 4461408.855523857288063, 654776.816132417414337 ], [ 4461408.855523857288063, 654739.391615068539977 ], [ 4461408.855523857288063, 654701.967097719665617 ], [ 4461408.855523857288063, 654664.542580370791256 ], [ 4461408.855523857288063, 654627.118063021916896 ], [ 4461435.318653857335448, 654600.65493302186951 ], [ 4461472.743171205744147, 654600.65493302186951 ], [ 4461510.167688554152846, 654600.65493302186951 ], [ 4461547.592205902561545, 654600.65493302186951 ], [ 4461585.016723250970244, 654600.65493302186951 ], [ 4461622.441240599378943, 654600.65493302186951 ], [ 4461659.865757947787642, 654600.65493302186951 ], [ 4461697.290275296196342, 654600.65493302186951 ], [ 4461734.714792644605041, 654600.65493302186951 ], [ 4461772.13930999301374, 654600.65493302186951 ], [ 4461809.563827341422439, 654600.65493302186951 ], [ 4461846.988344689831138, 654600.65493302186951 ], [ 4461884.412862038239837, 654600.65493302186951 ], [ 4461921.837379386648536, 654600.65493302186951 ], [ 4461959.261896735057235, 654600.65493302186951 ], [ 4461996.686414083465934, 654600.65493302186951 ], [ 4462034.110931431874633, 654600.65493302186951 ], [ 4462071.535448780283332, 654600.65493302186951 ], [ 4462071.535448780283332, 654563.23041567299515 ], [ 4462071.535448780283332, 654525.80589832412079 ], [ 4462071.535448780283332, 654488.381380975246429 ], [ 4462071.535448780283332, 654450.956863626372069 ], [ 4462097.998578780330718, 654424.493733626324683 ], [ 4462135.423096128739417, 654424.493733626324683 ], [ 4462172.847613477148116, 654424.493733626324683 ], [ 4462210.272130825556815, 654424.493733626324683 ], [ 4462247.696648173965514, 654424.493733626324683 ], [ 4462285.121165522374213, 654424.493733626324683 ], [ 4462322.545682870782912, 654424.493733626324683 ], [ 4462359.970200219191611, 654424.493733626324683 ], [ 4462397.39471756760031, 654424.493733626324683 ], [ 4462434.819234916009009, 654424.493733626324683 ], [ 4462472.243752264417708, 654424.493733626324683 ], [ 4462509.668269612826407, 654424.493733626324683 ], [ 4462547.092786961235106, 654424.493733626324683 ], [ 4462584.517304309643805, 654424.493733626324683 ], [ 4462621.941821658052504, 654424.493733626324683 ], [ 4462659.366339006461203, 654424.493733626324683 ], [ 4462696.790856354869902, 654424.493733626324683 ], [ 4462734.215373703278601, 654424.493733626324683 ], [ 4462771.6398910516873, 654424.493733626324683 ], [ 4462809.064408400095999, 654424.493733626324683 ], [ 4462846.488925748504698, 654424.493733626324683 ], [ 4462883.913443096913397, 654424.493733626324683 ], [ 4462921.337960445322096, 654424.493733626324683 ], [ 4462958.762477793730795, 654424.493733626324683 ], [ 4462996.186995142139494, 654424.493733626324683 ], [ 4463033.611512490548193, 654424.493733626324683 ], [ 4463060.074642490595579, 654398.030603626277298 ], [ 4463060.074642490595579, 654360.606086277402937 ], [ 4463060.074642490595579, 654323.181568928528577 ], [ 4463060.074642490595579, 654285.757051579654217 ], [ 4463086.537772490642965, 654259.293921579606831 ], [ 4463123.962289839051664, 654259.293921579606831 ], [ 4463161.386807187460363, 654259.293921579606831 ], [ 4463198.811324535869062, 654259.293921579606831 ], [ 4463236.235841884277761, 654259.293921579606831 ], [ 4463273.66035923268646, 654259.293921579606831 ], [ 4463311.084876581095159, 654259.293921579606831 ], [ 4463348.509393929503858, 654259.293921579606831 ], [ 4463385.933911277912557, 654259.293921579606831 ], [ 4463423.358428626321256, 654259.293921579606831 ], [ 4463460.782945974729955, 654259.293921579606831 ], [ 4463498.207463323138654, 654259.293921579606831 ], [ 4463535.631980671547353, 654259.293921579606831 ], [ 4463573.056498019956052, 654259.293921579606831 ], [ 4463599.519628020003438, 654285.757051579654217 ], [ 4463599.519628020003438, 654323.181568928528577 ], [ 4463599.519628020003438, 654360.606086277402937 ], [ 4463599.519628020003438, 654398.030603626277298 ], [ 4463599.519628020003438, 654435.455120975151658 ], [ 4463636.944145368412137, 654435.455120975151658 ], [ 4463674.368662716820836, 654435.455120975151658 ], [ 4463711.793180065229535, 654435.455120975151658 ], [ 4463711.793180065229535, 654398.030603626277298 ], [ 4463711.793180065229535, 654360.606086277402937 ], [ 4463711.793180065229535, 654323.181568928528577 ], [ 4463711.793180065229535, 654285.757051579654217 ], [ 4463738.256310065276921, 654259.293921579606831 ], [ 4463775.68082741368562, 654259.293921579606831 ], [ 4463813.105344762094319, 654259.293921579606831 ], [ 4463850.529862110503018, 654259.293921579606831 ], [ 4463887.954379458911717, 654259.293921579606831 ], [ 4463925.378896807320416, 654259.293921579606831 ], [ 4463962.803414155729115, 654259.293921579606831 ], [ 4464000.227931504137814, 654259.293921579606831 ], [ 4464037.652448852546513, 654259.293921579606831 ], [ 4464075.076966200955212, 654259.293921579606831 ], [ 4464112.501483549363911, 654259.293921579606831 ], [ 4464149.92600089777261, 654259.293921579606831 ], [ 4464187.350518246181309, 654259.293921579606831 ], [ 4464224.775035594590008, 654259.293921579606831 ], [ 4464262.199552942998707, 654259.293921579606831 ], [ 4464299.624070291407406, 654259.293921579606831 ], [ 4464337.048587639816105, 654259.293921579606831 ], [ 4464374.473104988224804, 654259.293921579606831 ], [ 4464411.897622336633503, 654259.293921579606831 ], [ 4464449.322139685042202, 654259.293921579606831 ], [ 4464486.746657033450902, 654259.293921579606831 ], [ 4464524.171174381859601, 654259.293921579606831 ], [ 4464550.634304381906986, 654232.830791579559445 ], [ 4464550.634304381906986, 654195.406274230685085 ], [ 4464550.634304381906986, 654157.981756881810725 ], [ 4464550.634304381906986, 654120.557239532936364 ], [ 4464577.097434381954372, 654094.094109532888979 ], [ 4464614.521951730363071, 654094.094109532888979 ], [ 4464651.94646907877177, 654094.094109532888979 ], [ 4464689.370986427180469, 654094.094109532888979 ], [ 4464726.795503775589168, 654094.094109532888979 ], [ 4464764.220021123997867, 654094.094109532888979 ], [ 4464801.644538472406566, 654094.094109532888979 ], [ 4464839.069055820815265, 654094.094109532888979 ], [ 4464876.493573169223964, 654094.094109532888979 ], [ 4464913.918090517632663, 654094.094109532888979 ], [ 4464951.342607866041362, 654094.094109532888979 ], [ 4464988.767125214450061, 654094.094109532888979 ], [ 4465026.19164256285876, 654094.094109532888979 ], [ 4465063.616159911267459, 654094.094109532888979 ], [ 4465101.040677259676158, 654094.094109532888979 ], [ 4465138.465194608084857, 654094.094109532888979 ], [ 4465175.889711956493556, 654094.094109532888979 ], [ 4465213.314229304902256, 654094.094109532888979 ], [ 4465250.738746653310955, 654094.094109532888979 ], [ 4465288.163264001719654, 654094.094109532888979 ], [ 4465325.587781350128353, 654094.094109532888979 ], [ 4465363.012298698537052, 654094.094109532888979 ], [ 4465400.436816046945751, 654094.094109532888979 ], [ 4465437.86133339535445, 654094.094109532888979 ], [ 4465475.285850743763149, 654094.094109532888979 ], [ 4465512.710368092171848, 654094.094109532888979 ], [ 4465550.134885440580547, 654094.094109532888979 ], [ 4465587.559402788989246, 654094.094109532888979 ], [ 4465624.983920137397945, 654094.094109532888979 ], [ 4465662.408437485806644, 654094.094109532888979 ], [ 4465688.87156748585403, 654067.630979532841593 ], [ 4465688.87156748585403, 654030.206462183967233 ], [ 4465688.87156748585403, 653992.781944835092872 ], [ 4465688.87156748585403, 653955.357427486218512 ], [ 4465715.334697485901415, 653928.894297486171126 ], [ 4465752.759214834310114, 653928.894297486171126 ], [ 4465790.183732182718813, 653928.894297486171126 ], [ 4465827.608249531127512, 653928.894297486171126 ], [ 4465865.032766879536211, 653928.894297486171126 ], [ 4465902.457284227944911, 653928.894297486171126 ], [ 4465939.88180157635361, 653928.894297486171126 ], [ 4465977.306318924762309, 653928.894297486171126 ], [ 4466014.730836273171008, 653928.894297486171126 ], [ 4466052.155353621579707, 653928.894297486171126 ], [ 4466089.579870969988406, 653928.894297486171126 ], [ 4466127.004388318397105, 653928.894297486171126 ], [ 4466164.428905666805804, 653928.894297486171126 ], [ 4466190.892035666853189, 653902.431167486123741 ], [ 4466190.892035666853189, 653865.00665013724938 ], [ 4466190.892035666853189, 653827.58213278837502 ], [ 4466190.892035666853189, 653790.15761543950066 ], [ 4466217.355165666900575, 653763.694485439453274 ], [ 4466254.779683015309274, 653763.694485439453274 ], [ 4466292.204200363717973, 653763.694485439453274 ], [ 4466329.628717712126672, 653763.694485439453274 ], [ 4466367.053235060535371, 653763.694485439453274 ], [ 4466404.47775240894407, 653763.694485439453274 ], [ 4466441.902269757352769, 653763.694485439453274 ], [ 4466479.326787105761468, 653763.694485439453274 ], [ 4466516.751304454170167, 653763.694485439453274 ], [ 4466554.175821802578866, 653763.694485439453274 ], [ 4466591.600339150987566, 653763.694485439453274 ], [ 4466629.024856499396265, 653763.694485439453274 ], [ 4466666.449373847804964, 653763.694485439453274 ], [ 4466703.873891196213663, 653763.694485439453274 ], [ 4466741.298408544622362, 653763.694485439453274 ], [ 4466778.722925893031061, 653763.694485439453274 ], [ 4466816.14744324143976, 653763.694485439453274 ], [ 4466853.571960589848459, 653763.694485439453274 ], [ 4466890.996477938257158, 653763.694485439453274 ], [ 4466928.420995286665857, 653763.694485439453274 ], [ 4466965.845512635074556, 653763.694485439453274 ], [ 4467003.270029983483255, 653763.694485439453274 ], [ 4467040.694547331891954, 653763.694485439453274 ], [ 4467078.119064680300653, 653763.694485439453274 ], [ 4467115.543582028709352, 653763.694485439453274 ], [ 4467152.968099377118051, 653763.694485439453274 ], [ 4467152.968099377118051, 653726.269968090578914 ], [ 4467152.968099377118051, 653688.845450741704553 ], [ 4467152.968099377118051, 653651.420933392830193 ], [ 4467152.968099377118051, 653613.996416043955833 ], [ 4467190.39261672552675, 653613.996416043955833 ], [ 4467227.817134073935449, 653613.996416043955833 ], [ 4467265.241651422344148, 653613.996416043955833 ], [ 4467302.666168770752847, 653613.996416043955833 ], [ 4467340.090686119161546, 653613.996416043955833 ], [ 4467377.515203467570245, 653613.996416043955833 ], [ 4467414.939720815978944, 653613.996416043955833 ], [ 4467452.364238164387643, 653613.996416043955833 ], [ 4467489.788755512796342, 653613.996416043955833 ], [ 4467527.213272861205041, 653613.996416043955833 ], [ 4467564.63779020961374, 653613.996416043955833 ], [ 4467602.062307558022439, 653613.996416043955833 ], [ 4467639.486824906431139, 653613.996416043955833 ], [ 4467676.911342254839838, 653613.996416043955833 ], [ 4467714.335859603248537, 653613.996416043955833 ], [ 4467751.760376951657236, 653613.996416043955833 ], [ 4467789.184894300065935, 653613.996416043955833 ], [ 4467826.609411648474634, 653613.996416043955833 ], [ 4467826.609411648474634, 653576.571898695081472 ], [ 4467826.609411648474634, 653539.147381346207112 ], [ 4467826.609411648474634, 653501.722863997332752 ], [ 4467826.609411648474634, 653464.298346648458391 ], [ 4467853.072541648522019, 653437.835216648411006 ], [ 4467890.497058996930718, 653437.835216648411006 ], [ 4467927.921576345339417, 653437.835216648411006 ], [ 4467965.346093693748116, 653437.835216648411006 ], [ 4468002.770611042156816, 653437.835216648411006 ], [ 4468040.195128390565515, 653437.835216648411006 ], [ 4468077.619645738974214, 653437.835216648411006 ], [ 4468115.044163087382913, 653437.835216648411006 ], [ 4468152.468680435791612, 653437.835216648411006 ], [ 4468189.893197784200311, 653437.835216648411006 ], [ 4468227.31771513260901, 653437.835216648411006 ], [ 4468264.742232481017709, 653437.835216648411006 ], [ 4468302.166749829426408, 653437.835216648411006 ], [ 4468339.591267177835107, 653437.835216648411006 ], [ 4468377.015784526243806, 653437.835216648411006 ], [ 4468414.440301874652505, 653437.835216648411006 ], [ 4468451.864819223061204, 653437.835216648411006 ], [ 4468489.289336571469903, 653437.835216648411006 ], [ 4468526.713853919878602, 653437.835216648411006 ], [ 4468564.138371268287301, 653437.835216648411006 ], [ 4468601.562888616696, 653437.835216648411006 ], [ 4468638.987405965104699, 653437.835216648411006 ], [ 4468676.411923313513398, 653437.835216648411006 ], [ 4468713.836440661922097, 653437.835216648411006 ], [ 4468751.260958010330796, 653437.835216648411006 ], [ 4468788.685475358739495, 653437.835216648411006 ], [ 4468788.685475358739495, 653400.410699299536645 ], [ 4468788.685475358739495, 653362.986181950662285 ], [ 4468788.685475358739495, 653325.561664601787925 ], [ 4468788.685475358739495, 653288.137147252913564 ], [ 4468826.109992707148194, 653288.137147252913564 ], [ 4468863.534510055556893, 653288.137147252913564 ], [ 4468900.959027403965592, 653288.137147252913564 ], [ 4468938.383544752374291, 653288.137147252913564 ], [ 4468975.80806210078299, 653288.137147252913564 ], [ 4469013.232579449191689, 653288.137147252913564 ], [ 4469050.657096797600389, 653288.137147252913564 ], [ 4469088.081614146009088, 653288.137147252913564 ], [ 4469125.506131494417787, 653288.137147252913564 ], [ 4469162.930648842826486, 653288.137147252913564 ], [ 4469200.355166191235185, 653288.137147252913564 ], [ 4469237.779683539643884, 653288.137147252913564 ], [ 4469275.204200888052583, 653288.137147252913564 ], [ 4469312.628718236461282, 653288.137147252913564 ], [ 4469312.628718236461282, 653250.712629904039204 ], [ 4469312.628718236461282, 653213.288112555164844 ], [ 4469312.628718236461282, 653175.863595206290483 ], [ 4469312.628718236461282, 653138.439077857416123 ], [ 4469352.323413236066699, 653124.941545001347549 ], [ 4469392.018108235672116, 653122.671367349801585 ], [ 4469429.442625584080815, 653122.671367349801585 ], [ 4469466.867142932489514, 653122.671367349801585 ], [ 4469504.291660280898213, 653122.671367349801585 ], [ 4469541.716177629306912, 653122.671367349801585 ], [ 4469579.140694977715611, 653122.671367349801585 ], [ 4469616.56521232612431, 653122.671367349801585 ], [ 4469653.98972967453301, 653122.671367349801585 ], [ 4469691.414247022941709, 653122.671367349801585 ], [ 4469728.838764371350408, 653122.671367349801585 ], [ 4469766.263281719759107, 653122.671367349801585 ], [ 4469803.687799068167806, 653122.671367349801585 ], [ 4469841.112316416576505, 653122.671367349801585 ], [ 4469878.536833764985204, 653122.671367349801585 ], [ 4469915.961351113393903, 653122.671367349801585 ], [ 4469953.385868461802602, 653122.671367349801585 ], [ 4469990.810385810211301, 653122.671367349801585 ], [ 4470028.23490315862, 653122.671367349801585 ], [ 4470065.659420507028699, 653122.671367349801585 ], [ 4470103.083937855437398, 653122.671367349801585 ], [ 4470140.508455203846097, 653122.671367349801585 ], [ 4470177.932972552254796, 653122.671367349801585 ], [ 4470215.357489900663495, 653122.671367349801585 ], [ 4470252.782007249072194, 653122.671367349801585 ], [ 4470290.206524597480893, 653122.671367349801585 ], [ 4470290.206524597480893, 653085.246850000927225 ], [ 4470290.206524597480893, 653047.822332652052864 ], [ 4470290.206524597480893, 653010.397815303178504 ], [ 4470290.206524597480893, 652972.973297954304144 ], [ 4470316.669654597528279, 652946.510167954256758 ], [ 4470354.094171945936978, 652946.510167954256758 ], [ 4470391.518689294345677, 652946.510167954256758 ], [ 4470428.943206642754376, 652946.510167954256758 ], [ 4470466.367723991163075, 652946.510167954256758 ], [ 4470503.792241339571774, 652946.510167954256758 ], [ 4470541.216758687980473, 652946.510167954256758 ], [ 4470578.641276036389172, 652946.510167954256758 ], [ 4470616.065793384797871, 652946.510167954256758 ], [ 4470653.49031073320657, 652946.510167954256758 ], [ 4470690.914828081615269, 652946.510167954256758 ], [ 4470728.339345430023968, 652946.510167954256758 ], [ 4470765.763862778432667, 652946.510167954256758 ], [ 4470792.226992778480053, 652920.047037954209372 ], [ 4470792.226992778480053, 652882.622520605335012 ], [ 4470792.226992778480053, 652845.198003256460652 ], [ 4470792.226992778480053, 652807.773485907586291 ], [ 4470831.92168777808547, 652790.533501316676848 ], [ 4470871.616382777690887, 652792.005775399971753 ], [ 4470909.040900126099586, 652792.005775399971753 ], [ 4470946.465417474508286, 652792.005775399971753 ], [ 4470983.889934822916985, 652792.005775399971753 ], [ 4471021.314452171325684, 652792.005775399971753 ], [ 4471058.738969519734383, 652792.005775399971753 ], [ 4471096.163486868143082, 652792.005775399971753 ], [ 4471133.588004216551781, 652792.005775399971753 ], [ 4471171.01252156496048, 652792.005775399971753 ], [ 4471208.437038913369179, 652792.005775399971753 ], [ 4471245.861556261777878, 652792.005775399971753 ], [ 4471283.286073610186577, 652792.005775399971753 ], [ 4471320.710590958595276, 652792.005775399971753 ], [ 4471358.135108307003975, 652792.005775399971753 ], [ 4471395.559625655412674, 652792.005775399971753 ], [ 4471432.984143003821373, 652792.005775399971753 ], [ 4471470.408660352230072, 652792.005775399971753 ], [ 4471507.833177700638771, 652792.005775399971753 ], [ 4471545.25769504904747, 652792.005775399971753 ], [ 4471582.682212397456169, 652792.005775399971753 ], [ 4471620.106729745864868, 652792.005775399971753 ], [ 4471657.531247094273567, 652792.005775399971753 ], [ 4471694.955764442682266, 652792.005775399971753 ], [ 4471732.380281791090965, 652792.005775399971753 ], [ 4471769.804799139499664, 652792.005775399971753 ], [ 4471769.804799139499664, 652754.581258051097393 ], [ 4471769.804799139499664, 652717.156740702223033 ], [ 4471769.804799139499664, 652679.732223353348672 ], [ 4471769.804799139499664, 652642.307706004474312 ], [ 4471796.26792913954705, 652615.844576004426926 ], [ 4471833.692446487955749, 652615.844576004426926 ], [ 4471871.116963836364448, 652615.844576004426926 ], [ 4471908.541481184773147, 652615.844576004426926 ], [ 4471945.965998533181846, 652615.844576004426926 ], [ 4471983.390515881590545, 652615.844576004426926 ], [ 4472020.815033229999244, 652615.844576004426926 ], [ 4472058.239550578407943, 652615.844576004426926 ], [ 4472095.664067926816642, 652615.844576004426926 ], [ 4472095.664067926816642, 652578.420058655552566 ], [ 4472095.664067926816642, 652540.995541306678206 ], [ 4472095.664067926816642, 652503.571023957803845 ], [ 4472095.664067926816642, 652466.146506608929485 ], [ 4472135.35876292642206, 652460.133877222542651 ], [ 4472175.053457926027477, 652461.606151305837557 ], [ 4472212.477975274436176, 652461.606151305837557 ], [ 4472249.902492622844875, 652461.606151305837557 ], [ 4472287.327009971253574, 652461.606151305837557 ], [ 4472324.751527319662273, 652461.606151305837557 ], [ 4472362.176044668070972, 652461.606151305837557 ], [ 4472399.600562016479671, 652461.606151305837557 ], [ 4472437.02507936488837, 652461.606151305837557 ], [ 4472463.488209364935756, 652488.069281305884942 ], [ 4472463.488209364935756, 652525.493798654759303 ], [ 4472463.488209364935756, 652562.918316003633663 ], [ 4472463.488209364935756, 652600.342833352508023 ], [ 4472489.951339364983141, 652626.805963352555409 ], [ 4472527.37585671339184, 652626.805963352555409 ], [ 4472564.800374061800539, 652626.805963352555409 ], [ 4472591.263504061847925, 652600.342833352508023 ], [ 4472591.263504061847925, 652562.918316003633663 ], [ 4472591.263504061847925, 652525.493798654759303 ], [ 4472591.263504061847925, 652488.069281305884942 ], [ 4472617.726634061895311, 652461.606151305837557 ], [ 4472655.15115141030401, 652461.606151305837557 ], [ 4472692.575668758712709, 652461.606151305837557 ], [ 4472730.000186107121408, 652461.606151305837557 ], [ 4472767.424703455530107, 652461.606151305837557 ], [ 4472804.849220803938806, 652461.606151305837557 ], [ 4472842.273738152347505, 652461.606151305837557 ], [ 4472879.698255500756204, 652461.606151305837557 ], [ 4472917.122772849164903, 652461.606151305837557 ], [ 4472954.547290197573602, 652461.606151305837557 ], [ 4472991.971807545982301, 652461.606151305837557 ], [ 4473029.396324894391, 652461.606151305837557 ], [ 4473066.820842242799699, 652461.606151305837557 ], [ 4473104.245359591208398, 652461.606151305837557 ], [ 4473141.669876939617097, 652461.606151305837557 ], [ 4473179.094394288025796, 652461.606151305837557 ], [ 4473216.518911636434495, 652461.606151305837557 ], [ 4473253.943428984843194, 652461.606151305837557 ], [ 4473291.367946333251894, 652461.606151305837557 ], [ 4473328.792463681660593, 652461.606151305837557 ], [ 4473366.216981030069292, 652461.606151305837557 ], [ 4473403.641498378477991, 652461.606151305837557 ], [ 4473441.06601572688669, 652461.606151305837557 ], [ 4473478.490533075295389, 652461.606151305837557 ], [ 4473515.915050423704088, 652461.606151305837557 ], [ 4473553.339567772112787, 652461.606151305837557 ], [ 4473590.764085120521486, 652461.606151305837557 ], [ 4473590.764085120521486, 652424.181633956963196 ], [ 4473590.764085120521486, 652386.757116608088836 ], [ 4473590.764085120521486, 652349.332599259214476 ], [ 4473590.764085120521486, 652311.908081910340115 ], [ 4473617.227215120568871, 652285.44495191029273 ], [ 4473654.651732468977571, 652285.44495191029273 ], [ 4473692.07624981738627, 652285.44495191029273 ], [ 4473729.500767165794969, 652285.44495191029273 ], [ 4473766.925284514203668, 652285.44495191029273 ], [ 4473804.349801862612367, 652285.44495191029273 ], [ 4473841.774319211021066, 652285.44495191029273 ], [ 4473879.198836559429765, 652285.44495191029273 ], [ 4473916.623353907838464, 652285.44495191029273 ], [ 4473954.047871256247163, 652285.44495191029273 ], [ 4473991.472388604655862, 652285.44495191029273 ], [ 4474028.896905953064561, 652285.44495191029273 ], [ 4474066.32142330147326, 652285.44495191029273 ], [ 4474103.745940649881959, 652285.44495191029273 ], [ 4474141.170457998290658, 652285.44495191029273 ], [ 4474178.594975346699357, 652285.44495191029273 ], [ 4474216.019492695108056, 652285.44495191029273 ], [ 4474253.444010043516755, 652285.44495191029273 ], [ 4474290.868527391925454, 652285.44495191029273 ], [ 4474328.293044740334153, 652285.44495191029273 ], [ 4474365.717562088742852, 652285.44495191029273 ], [ 4474403.142079437151551, 652285.44495191029273 ], [ 4474440.56659678556025, 652285.44495191029273 ], [ 4474477.991114133968949, 652285.44495191029273 ], [ 4474515.415631482377648, 652285.44495191029273 ], [ 4474552.840148830786347, 652285.44495191029273 ], [ 4474590.264666179195046, 652285.44495191029273 ], [ 4474627.689183527603745, 652285.44495191029273 ], [ 4474665.113700876012444, 652285.44495191029273 ], [ 4474702.538218224421144, 652285.44495191029273 ], [ 4474739.962735572829843, 652285.44495191029273 ], [ 4474777.387252921238542, 652285.44495191029273 ], [ 4474814.811770269647241, 652285.44495191029273 ], [ 4474852.23628761805594, 652285.44495191029273 ], [ 4474889.660804966464639, 652285.44495191029273 ], [ 4474927.085322314873338, 652285.44495191029273 ], [ 4474964.509839663282037, 652285.44495191029273 ], [ 4475001.934357011690736, 652285.44495191029273 ], [ 4475039.358874360099435, 652285.44495191029273 ], [ 4475076.783391708508134, 652285.44495191029273 ], [ 4475114.207909056916833, 652285.44495191029273 ], [ 4475151.632426405325532, 652285.44495191029273 ], [ 4475189.056943753734231, 652285.44495191029273 ], [ 4475226.48146110214293, 652285.44495191029273 ], [ 4475263.905978450551629, 652285.44495191029273 ], [ 4475301.330495798960328, 652285.44495191029273 ], [ 4475338.755013147369027, 652285.44495191029273 ], [ 4475376.179530495777726, 652285.44495191029273 ], [ 4475413.604047844186425, 652285.44495191029273 ], [ 4475451.028565192595124, 652285.44495191029273 ], [ 4475488.453082541003823, 652285.44495191029273 ], [ 4475525.877599889412522, 652285.44495191029273 ], [ 4475552.340729889459908, 652258.981821910245344 ], [ 4475552.340729889459908, 652221.557304561370984 ], [ 4475552.340729889459908, 652184.132787212496623 ], [ 4475552.340729889459908, 652146.708269863622263 ], [ 4475578.803859889507294, 652120.245139863574877 ], [ 4475616.228377237915993, 652120.245139863574877 ], [ 4475653.652894586324692, 652120.245139863574877 ], [ 4475691.077411934733391, 652120.245139863574877 ], [ 4475728.50192928314209, 652120.245139863574877 ], [ 4475765.926446631550789, 652120.245139863574877 ], [ 4475803.350963979959488, 652120.245139863574877 ], [ 4475840.775481328368187, 652120.245139863574877 ], [ 4475878.199998676776886, 652120.245139863574877 ], [ 4475915.624516025185585, 652120.245139863574877 ], [ 4475953.049033373594284, 652120.245139863574877 ], [ 4475990.473550722002983, 652120.245139863574877 ], [ 4476027.898068070411682, 652120.245139863574877 ], [ 4476065.322585418820381, 652120.245139863574877 ], [ 4476102.74710276722908, 652120.245139863574877 ], [ 4476140.171620115637779, 652120.245139863574877 ], [ 4476177.596137464046478, 652120.245139863574877 ], [ 4476215.020654812455177, 652120.245139863574877 ], [ 4476252.445172160863876, 652120.245139863574877 ], [ 4476289.869689509272575, 652120.245139863574877 ], [ 4476327.294206857681274, 652120.245139863574877 ], [ 4476364.718724206089973, 652120.245139863574877 ], [ 4476402.143241554498672, 652120.245139863574877 ], [ 4476439.567758902907372, 652120.245139863574877 ], [ 4476476.992276251316071, 652120.245139863574877 ], [ 4476514.41679359972477, 652120.245139863574877 ], [ 4476551.841310948133469, 652120.245139863574877 ], [ 4476589.265828296542168, 652120.245139863574877 ], [ 4476626.690345644950867, 652120.245139863574877 ], [ 4476664.114862993359566, 652120.245139863574877 ], [ 4476701.539380341768265, 652120.245139863574877 ], [ 4476738.963897690176964, 652120.245139863574877 ], [ 4476776.388415038585663, 652120.245139863574877 ], [ 4476813.812932386994362, 652120.245139863574877 ], [ 4476851.237449735403061, 652120.245139863574877 ], [ 4476888.66196708381176, 652120.245139863574877 ], [ 4476926.086484432220459, 652120.245139863574877 ], [ 4476963.511001780629158, 652120.245139863574877 ], [ 4477000.935519129037857, 652120.245139863574877 ], [ 4477038.360036477446556, 652120.245139863574877 ], [ 4477075.784553825855255, 652120.245139863574877 ], [ 4477113.209071174263954, 652120.245139863574877 ], [ 4477150.633588522672653, 652120.245139863574877 ], [ 4477188.058105871081352, 652120.245139863574877 ], [ 4477225.482623219490051, 652120.245139863574877 ], [ 4477262.90714056789875, 652120.245139863574877 ], [ 4477300.331657916307449, 652120.245139863574877 ], [ 4477337.756175264716148, 652120.245139863574877 ], [ 4477375.180692613124847, 652120.245139863574877 ], [ 4477412.605209961533546, 652120.245139863574877 ], [ 4477450.029727309942245, 652120.245139863574877 ], [ 4477487.454244658350945, 652120.245139863574877 ], [ 4477524.878762006759644, 652120.245139863574877 ], [ 4477562.303279355168343, 652120.245139863574877 ], [ 4477599.727796703577042, 652120.245139863574877 ], [ 4477637.152314051985741, 652120.245139863574877 ], [ 4477674.57683140039444, 652120.245139863574877 ], [ 4477712.001348748803139, 652120.245139863574877 ], [ 4477749.425866097211838, 652120.245139863574877 ], [ 4477786.850383445620537, 652120.245139863574877 ], [ 4477824.274900794029236, 652120.245139863574877 ], [ 4477861.699418142437935, 652120.245139863574877 ], [ 4477888.162548142485321, 652146.708269863622263 ], [ 4477888.162548142485321, 652184.132787212496623 ], [ 4477888.162548142485321, 652221.557304561370984 ], [ 4477888.162548142485321, 652258.981821910245344 ], [ 4477888.162548142485321, 652296.406339259119704 ], [ 4477925.58706549089402, 652296.406339259119704 ], [ 4477963.011582839302719, 652296.406339259119704 ], [ 4478000.436100187711418, 652296.406339259119704 ], [ 4478000.436100187711418, 652258.981821910245344 ], [ 4478000.436100187711418, 652221.557304561370984 ], [ 4478000.436100187711418, 652184.132787212496623 ], [ 4478000.436100187711418, 652146.708269863622263 ], [ 4478026.899230187758803, 652120.245139863574877 ], [ 4478064.323747536167502, 652120.245139863574877 ], [ 4478101.748264884576201, 652120.245139863574877 ], [ 4478139.1727822329849, 652120.245139863574877 ], [ 4478176.5972995813936, 652120.245139863574877 ], [ 4478214.021816929802299, 652120.245139863574877 ], [ 4478251.446334278210998, 652120.245139863574877 ], [ 4478288.870851626619697, 652120.245139863574877 ], [ 4478326.295368975028396, 652120.245139863574877 ], [ 4478363.719886323437095, 652120.245139863574877 ], [ 4478390.18301632348448, 652146.708269863622263 ], [ 4478390.18301632348448, 652184.132787212496623 ], [ 4478390.18301632348448, 652221.557304561370984 ], [ 4478390.18301632348448, 652258.981821910245344 ], [ 4478390.18301632348448, 652296.406339259119704 ], [ 4478427.607533671893179, 652296.406339259119704 ], [ 4478465.032051020301878, 652296.406339259119704 ], [ 4478502.456568368710577, 652296.406339259119704 ], [ 4478539.881085717119277, 652296.406339259119704 ], [ 4478577.305603065527976, 652296.406339259119704 ], [ 4478614.730120413936675, 652296.406339259119704 ], [ 4478652.154637762345374, 652296.406339259119704 ], [ 4478689.579155110754073, 652296.406339259119704 ], [ 4478727.003672459162772, 652296.406339259119704 ], [ 4478764.428189807571471, 652296.406339259119704 ], [ 4478801.85270715598017, 652296.406339259119704 ], [ 4478839.277224504388869, 652296.406339259119704 ], [ 4478876.701741852797568, 652296.406339259119704 ], [ 4478876.701741852797568, 652333.830856607994065 ], [ 4478876.701741852797568, 652371.255373956868425 ], [ 4478876.701741852797568, 652408.679891305742785 ], [ 4478876.701741852797568, 652446.104408654617146 ], [ 4478914.126259201206267, 652446.104408654617146 ], [ 4478951.550776549614966, 652446.104408654617146 ], [ 4478988.975293898023665, 652446.104408654617146 ], [ 4479026.399811246432364, 652446.104408654617146 ], [ 4479063.824328594841063, 652446.104408654617146 ], [ 4479101.248845943249762, 652446.104408654617146 ], [ 4479138.673363291658461, 652446.104408654617146 ], [ 4479176.09788064006716, 652446.104408654617146 ], [ 4479213.522397988475859, 652446.104408654617146 ], [ 4479250.946915336884558, 652446.104408654617146 ], [ 4479288.371432685293257, 652446.104408654617146 ], [ 4479325.795950033701956, 652446.104408654617146 ], [ 4479363.220467382110655, 652446.104408654617146 ], [ 4479400.644984730519354, 652446.104408654617146 ], [ 4479438.069502078928053, 652446.104408654617146 ], [ 4479475.494019427336752, 652446.104408654617146 ], [ 4479512.918536775745451, 652446.104408654617146 ], [ 4479550.34305412415415, 652446.104408654617146 ], [ 4479587.76757147256285, 652446.104408654617146 ], [ 4479625.192088820971549, 652446.104408654617146 ], [ 4479662.616606169380248, 652446.104408654617146 ], [ 4479700.041123517788947, 652446.104408654617146 ], [ 4479737.465640866197646, 652446.104408654617146 ], [ 4479774.890158214606345, 652446.104408654617146 ], [ 4479812.314675563015044, 652446.104408654617146 ], [ 4479849.739192911423743, 652446.104408654617146 ], [ 4479849.739192911423743, 652483.528926003491506 ], [ 4479849.739192911423743, 652520.953443352365866 ], [ 4479849.739192911423743, 652558.377960701240227 ], [ 4479849.739192911423743, 652595.802478050114587 ], [ 4479876.202322911471128, 652622.265608050161973 ], [ 4479913.626840259879827, 652622.265608050161973 ], [ 4479951.051357608288527, 652622.265608050161973 ], [ 4479988.475874956697226, 652622.265608050161973 ], [ 4480025.900392305105925, 652622.265608050161973 ], [ 4480063.324909653514624, 652622.265608050161973 ], [ 4480100.749427001923323, 652622.265608050161973 ], [ 4480138.173944350332022, 652622.265608050161973 ], [ 4480175.598461698740721, 652622.265608050161973 ], [ 4480213.02297904714942, 652622.265608050161973 ], [ 4480250.447496395558119, 652622.265608050161973 ], [ 4480287.872013743966818, 652622.265608050161973 ], [ 4480325.296531092375517, 652622.265608050161973 ], [ 4480325.296531092375517, 652659.690125399036333 ], [ 4480325.296531092375517, 652697.114642747910693 ], [ 4480325.296531092375517, 652734.539160096785054 ], [ 4480325.296531092375517, 652771.963677445659414 ], [ 4480362.721048440784216, 652771.963677445659414 ], [ 4480400.145565789192915, 652771.963677445659414 ], [ 4480437.570083137601614, 652771.963677445659414 ], [ 4480474.994600486010313, 652771.963677445659414 ], [ 4480512.419117834419012, 652771.963677445659414 ], [ 4480549.843635182827711, 652771.963677445659414 ], [ 4480587.26815253123641, 652771.963677445659414 ], [ 4480624.692669879645109, 652771.963677445659414 ], [ 4480662.117187228053808, 652771.963677445659414 ], [ 4480699.541704576462507, 652771.963677445659414 ], [ 4480736.966221924871206, 652771.963677445659414 ], [ 4480774.390739273279905, 652771.963677445659414 ], [ 4480811.815256621688604, 652771.963677445659414 ], [ 4480849.239773970097303, 652771.963677445659414 ], [ 4480886.664291318506002, 652771.963677445659414 ], [ 4480924.088808666914701, 652771.963677445659414 ], [ 4480961.5133260153234, 652771.963677445659414 ], [ 4480998.9378433637321, 652771.963677445659414 ], [ 4481036.362360712140799, 652771.963677445659414 ], [ 4481073.786878060549498, 652771.963677445659414 ], [ 4481111.211395408958197, 652771.963677445659414 ], [ 4481148.635912757366896, 652771.963677445659414 ], [ 4481186.060430105775595, 652771.963677445659414 ], [ 4481223.484947454184294, 652771.963677445659414 ], [ 4481260.909464802592993, 652771.963677445659414 ], [ 4481298.333982151001692, 652771.963677445659414 ], [ 4481334.286225415766239, 652811.658372445614077 ], [ 4481332.813951332122087, 652851.35306744556874 ], [ 4481332.813951332122087, 652888.777584794443101 ], [ 4481332.813951332122087, 652926.202102143317461 ], [ 4481359.277081332169473, 652952.665232143364847 ], [ 4481396.701598680578172, 652952.665232143364847 ], [ 4481434.126116028986871, 652952.665232143364847 ], [ 4481471.55063337739557, 652952.665232143364847 ], [ 4481508.975150725804269, 652952.665232143364847 ], [ 4481546.399668074212968, 652952.665232143364847 ], [ 4481583.824185422621667, 652952.665232143364847 ], [ 4481621.248702771030366, 652952.665232143364847 ], [ 4481658.673220119439065, 652952.665232143364847 ], [ 4481696.097737467847764, 652952.665232143364847 ], [ 4481733.522254816256464, 652952.665232143364847 ], [ 4481770.946772164665163, 652952.665232143364847 ], [ 4481808.371289513073862, 652952.665232143364847 ], [ 4481808.371289513073862, 652990.089749492239207 ], [ 4481808.371289513073862, 653027.514266841113567 ], [ 4481808.371289513073862, 653064.938784189987928 ], [ 4481808.371289513073862, 653102.363301538862288 ], [ 4481845.795806861482561, 653102.363301538862288 ], [ 4481883.22032420989126, 653102.363301538862288 ], [ 4481920.644841558299959, 653102.363301538862288 ], [ 4481958.069358906708658, 653102.363301538862288 ], [ 4481995.493876255117357, 653102.363301538862288 ], [ 4482032.918393603526056, 653102.363301538862288 ], [ 4482070.342910951934755, 653102.363301538862288 ], [ 4482107.767428300343454, 653102.363301538862288 ], [ 4482145.191945648752153, 653102.363301538862288 ], [ 4482182.616462997160852, 653102.363301538862288 ], [ 4482220.040980345569551, 653102.363301538862288 ], [ 4482257.46549769397825, 653102.363301538862288 ], [ 4482294.890015042386949, 653102.363301538862288 ], [ 4482332.314532390795648, 653102.363301538862288 ], [ 4482369.739049739204347, 653102.363301538862288 ], [ 4482407.163567087613046, 653102.363301538862288 ], [ 4482444.588084436021745, 653102.363301538862288 ], [ 4482469.312972496263683, 653142.057996538816951 ], [ 4482471.583150147460401, 653181.752691538771614 ], [ 4482471.583150147460401, 653219.177208887645975 ], [ 4482471.583150147460401, 653256.601726236520335 ], [ 4482498.046280147507787, 653283.064856236567721 ], [ 4482535.470797495916486, 653283.064856236567721 ], [ 4482572.895314844325185, 653283.064856236567721 ], [ 4482610.319832192733884, 653283.064856236567721 ], [ 4482647.744349541142583, 653283.064856236567721 ], [ 4482685.168866889551282, 653283.064856236567721 ], [ 4482722.593384237959981, 653283.064856236567721 ], [ 4482760.01790158636868, 653283.064856236567721 ], [ 4482797.442418934777379, 653283.064856236567721 ], [ 4482834.866936283186078, 653283.064856236567721 ], [ 4482872.291453631594777, 653283.064856236567721 ], [ 4482909.715970980003476, 653283.064856236567721 ], [ 4482947.140488328412175, 653283.064856236567721 ], [ 4482973.603618328459561, 653309.527986236615106 ], [ 4482973.603618328459561, 653346.952503585489467 ], [ 4482973.603618328459561, 653384.377020934363827 ], [ 4482973.603618328459561, 653421.801538283238187 ], [ 4483000.066748328506947, 653448.264668283285573 ], [ 4483037.491265676915646, 653448.264668283285573 ], [ 4483074.915783025324345, 653448.264668283285573 ], [ 4483112.340300373733044, 653448.264668283285573 ], [ 4483149.764817722141743, 653448.264668283285573 ], [ 4483187.189335070550442, 653448.264668283285573 ], [ 4483224.613852418959141, 653448.264668283285573 ], [ 4483262.03836976736784, 653448.264668283285573 ], [ 4483299.462887115776539, 653448.264668283285573 ], [ 4483336.887404464185238, 653448.264668283285573 ], [ 4483374.311921812593937, 653448.264668283285573 ], [ 4483411.736439161002636, 653448.264668283285573 ], [ 4483449.160956509411335, 653448.264668283285573 ], [ 4483486.585473857820034, 653448.264668283285573 ], [ 4483524.009991206228733, 653448.264668283285573 ], [ 4483561.434508554637432, 653448.264668283285573 ], [ 4483598.859025903046131, 653448.264668283285573 ], [ 4483636.28354325145483, 653448.264668283285573 ], [ 4483636.28354325145483, 653485.689185632159933 ], [ 4483636.28354325145483, 653523.113702981034294 ], [ 4483636.28354325145483, 653560.538220329908654 ], [ 4483636.28354325145483, 653597.962737678783014 ], [ 4483673.708060599863529, 653597.962737678783014 ], [ 4483711.132577948272228, 653597.962737678783014 ], [ 4483748.557095296680927, 653597.962737678783014 ], [ 4483785.981612645089626, 653597.962737678783014 ], [ 4483823.406129993498325, 653597.962737678783014 ], [ 4483860.830647341907024, 653597.962737678783014 ], [ 4483898.255164690315723, 653597.962737678783014 ], [ 4483935.679682038724422, 653597.962737678783014 ], [ 4483973.104199387133121, 653597.962737678783014 ], [ 4484010.528716735541821, 653597.962737678783014 ], [ 4484047.95323408395052, 653597.962737678783014 ], [ 4484085.377751432359219, 653597.962737678783014 ], [ 4484111.840881432406604, 653624.4258676788304 ], [ 4484111.840881432406604, 653661.85038502770476 ], [ 4484111.840881432406604, 653699.274902376579121 ], [ 4484111.840881432406604, 653736.699419725453481 ], [ 4484111.840881432406604, 653774.123937074327841 ], [ 4484149.265398780815303, 653774.123937074327841 ], [ 4484186.689916129224002, 653774.123937074327841 ], [ 4484224.114433477632701, 653774.123937074327841 ], [ 4484261.5389508260414, 653774.123937074327841 ], [ 4484298.963468174450099, 653774.123937074327841 ], [ 4484336.387985522858799, 653774.123937074327841 ], [ 4484373.812502871267498, 653774.123937074327841 ], [ 4484411.237020219676197, 653774.123937074327841 ], [ 4484448.661537568084896, 653774.123937074327841 ], [ 4484486.086054916493595, 653774.123937074327841 ], [ 4484523.510572264902294, 653774.123937074327841 ], [ 4484560.935089613310993, 653774.123937074327841 ], [ 4484598.359606961719692, 653774.123937074327841 ], [ 4484635.784124310128391, 653774.123937074327841 ], [ 4484673.20864165853709, 653774.123937074327841 ], [ 4484710.633159006945789, 653774.123937074327841 ], [ 4484748.057676355354488, 653774.123937074327841 ], [ 4484785.482193703763187, 653774.123937074327841 ], [ 4484822.906711052171886, 653774.123937074327841 ], [ 4484860.331228400580585, 653774.123937074327841 ], [ 4484897.755745748989284, 653774.123937074327841 ], [ 4484935.180263097397983, 653774.123937074327841 ], [ 4484935.180263097397983, 653811.548454423202202 ], [ 4484935.180263097397983, 653848.972971772076562 ], [ 4484935.180263097397983, 653886.397489120950922 ], [ 4484935.180263097397983, 653923.822006469825283 ], [ 4484961.643393097445369, 653950.285136469872668 ], [ 4484999.067910445854068, 653950.285136469872668 ], [ 4485036.492427794262767, 653950.285136469872668 ], [ 4485073.916945142671466, 653950.285136469872668 ], [ 4485111.341462491080165, 653950.285136469872668 ], [ 4485148.765979839488864, 653950.285136469872668 ], [ 4485186.190497187897563, 653950.285136469872668 ], [ 4485223.615014536306262, 653950.285136469872668 ], [ 4485261.039531884714961, 653950.285136469872668 ], [ 4485287.502661884762347, 653976.748266469920054 ], [ 4485287.502661884762347, 654014.172783818794414 ], [ 4485287.502661884762347, 654051.597301167668775 ], [ 4485287.502661884762347, 654089.021818516543135 ], [ 4485313.965791884809732, 654115.484948516590521 ], [ 4485351.390309233218431, 654115.484948516590521 ], [ 4485388.814826581627131, 654115.484948516590521 ], [ 4485426.23934393003583, 654115.484948516590521 ], [ 4485463.663861278444529, 654115.484948516590521 ], [ 4485501.088378626853228, 654115.484948516590521 ], [ 4485538.512895975261927, 654115.484948516590521 ], [ 4485575.937413323670626, 654115.484948516590521 ], [ 4485613.361930672079325, 654115.484948516590521 ], [ 4485650.786448020488024, 654115.484948516590521 ], [ 4485688.210965368896723, 654115.484948516590521 ], [ 4485725.635482717305422, 654115.484948516590521 ], [ 4485763.060000065714121, 654115.484948516590521 ], [ 4485800.48451741412282, 654115.484948516590521 ], [ 4485837.909034762531519, 654115.484948516590521 ], [ 4485875.333552110940218, 654115.484948516590521 ], [ 4485912.758069459348917, 654115.484948516590521 ], [ 4485939.221199459396303, 654141.948078516637906 ], [ 4485939.221199459396303, 654179.372595865512267 ], [ 4485939.221199459396303, 654216.797113214386627 ], [ 4485939.221199459396303, 654254.221630563260987 ], [ 4485965.684329459443688, 654280.684760563308373 ], [ 4486003.108846807852387, 654280.684760563308373 ], [ 4486040.533364156261086, 654280.684760563308373 ], [ 4486077.957881504669785, 654280.684760563308373 ], [ 4486115.382398853078485, 654280.684760563308373 ], [ 4486152.806916201487184, 654280.684760563308373 ], [ 4486190.231433549895883, 654280.684760563308373 ], [ 4486227.655950898304582, 654280.684760563308373 ], [ 4486265.080468246713281, 654280.684760563308373 ], [ 4486302.50498559512198, 654280.684760563308373 ], [ 4486339.929502943530679, 654280.684760563308373 ], [ 4486377.354020291939378, 654280.684760563308373 ], [ 4486414.778537640348077, 654280.684760563308373 ], [ 4486414.778537640348077, 654318.109277912182733 ], [ 4486414.778537640348077, 654355.533795261057094 ], [ 4486414.778537640348077, 654392.958312609931454 ], [ 4486414.778537640348077, 654430.382829958805814 ], [ 4486452.203054988756776, 654430.382829958805814 ], [ 4486489.627572337165475, 654430.382829958805814 ], [ 4486527.052089685574174, 654430.382829958805814 ], [ 4486564.476607033982873, 654430.382829958805814 ], [ 4486590.939737034030259, 654403.919699958758429 ], [ 4486590.939737034030259, 654366.495182609884068 ], [ 4486590.939737034030259, 654329.070665261009708 ], [ 4486590.939737034030259, 654291.646147912135348 ], [ 4486617.402867034077644, 654265.183017912087962 ], [ 4486654.827384382486343, 654265.183017912087962 ], [ 4486692.251901730895042, 654265.183017912087962 ], [ 4486729.676419079303741, 654265.183017912087962 ], [ 4486767.10093642771244, 654265.183017912087962 ], [ 4486804.52545377612114, 654265.183017912087962 ], [ 4486841.949971124529839, 654265.183017912087962 ], [ 4486879.374488472938538, 654265.183017912087962 ], [ 4486916.799005821347237, 654265.183017912087962 ], [ 4486954.223523169755936, 654265.183017912087962 ], [ 4486991.648040518164635, 654265.183017912087962 ], [ 4487029.072557866573334, 654265.183017912087962 ], [ 4487066.497075214982033, 654265.183017912087962 ], [ 4487092.960205215029418, 654291.646147912135348 ], [ 4487092.960205215029418, 654329.070665261009708 ], [ 4487092.960205215029418, 654366.495182609884068 ], [ 4487092.960205215029418, 654403.919699958758429 ], [ 4487092.960205215029418, 654441.344217307632789 ], [ 4487130.384722563438118, 654441.344217307632789 ], [ 4487167.809239911846817, 654441.344217307632789 ], [ 4487205.233757260255516, 654441.344217307632789 ], [ 4487242.658274608664215, 654441.344217307632789 ], [ 4487280.082791957072914, 654441.344217307632789 ], [ 4487317.507309305481613, 654441.344217307632789 ], [ 4487354.931826653890312, 654441.344217307632789 ], [ 4487392.356344002299011, 654441.344217307632789 ], [ 4487429.78086135070771, 654441.344217307632789 ], [ 4487467.205378699116409, 654441.344217307632789 ], [ 4487504.629896047525108, 654441.344217307632789 ], [ 4487542.054413395933807, 654441.344217307632789 ], [ 4487579.478930744342506, 654441.344217307632789 ], [ 4487616.903448092751205, 654441.344217307632789 ], [ 4487654.327965441159904, 654441.344217307632789 ], [ 4487691.752482789568603, 654441.344217307632789 ], [ 4487729.177000137977302, 654441.344217307632789 ], [ 4487766.601517486386001, 654441.344217307632789 ], [ 4487804.0260348347947, 654441.344217307632789 ], [ 4487841.450552183203399, 654441.344217307632789 ], [ 4487878.875069531612098, 654441.344217307632789 ], [ 4487905.338199531659484, 654467.807347307680175 ], [ 4487905.338199531659484, 654505.231864656554535 ], [ 4487905.338199531659484, 654542.656382005428895 ], [ 4487905.338199531659484, 654580.080899354303256 ], [ 4487931.80132953170687, 654606.544029354350641 ], [ 4487969.225846880115569, 654606.544029354350641 ], [ 4488006.650364228524268, 654606.544029354350641 ], [ 4488044.074881576932967, 654606.544029354350641 ], [ 4488081.499398925341666, 654606.544029354350641 ], [ 4488118.923916273750365, 654606.544029354350641 ], [ 4488156.348433622159064, 654606.544029354350641 ], [ 4488193.772950970567763, 654606.544029354350641 ], [ 4488231.197468318976462, 654606.544029354350641 ], [ 4488268.621985667385161, 654606.544029354350641 ], [ 4488306.04650301579386, 654606.544029354350641 ], [ 4488343.471020364202559, 654606.544029354350641 ], [ 4488380.895537712611258, 654606.544029354350641 ], [ 4488418.320055061019957, 654606.544029354350641 ], [ 4488455.744572409428656, 654606.544029354350641 ], [ 4488493.169089757837355, 654606.544029354350641 ], [ 4488530.593607106246054, 654606.544029354350641 ], [ 4488557.05673710629344, 654633.007159354398027 ], [ 4488557.05673710629344, 654670.431676703272387 ], [ 4488557.05673710629344, 654707.856194052146748 ], [ 4488557.05673710629344, 654745.280711401021108 ], [ 4488583.519867106340826, 654771.743841401068494 ], [ 4488620.944384454749525, 654771.743841401068494 ], [ 4488658.368901803158224, 654771.743841401068494 ], [ 4488695.793419151566923, 654771.743841401068494 ], [ 4488695.793419151566923, 654734.319324052194133 ], [ 4488695.793419151566923, 654696.894806703319773 ], [ 4488695.793419151566923, 654659.470289354445413 ], [ 4488695.793419151566923, 654622.045772005571052 ], [ 4488722.256549151614308, 654595.582642005523667 ], [ 4488759.681066500023007, 654595.582642005523667 ], [ 4488797.105583848431706, 654595.582642005523667 ], [ 4488834.530101196840405, 654595.582642005523667 ], [ 4488871.954618545249104, 654595.582642005523667 ], [ 4488909.379135893657804, 654595.582642005523667 ], [ 4488946.803653242066503, 654595.582642005523667 ], [ 4488984.228170590475202, 654595.582642005523667 ], [ 4489021.652687938883901, 654595.582642005523667 ], [ 4489059.0772052872926, 654595.582642005523667 ], [ 4489096.501722635701299, 654595.582642005523667 ], [ 4489133.926239984109998, 654595.582642005523667 ], [ 4489171.350757332518697, 654595.582642005523667 ], [ 4489208.775274680927396, 654595.582642005523667 ], [ 4489246.199792029336095, 654595.582642005523667 ], [ 4489283.624309377744794, 654595.582642005523667 ], [ 4489321.048826726153493, 654595.582642005523667 ], [ 4489358.473344074562192, 654595.582642005523667 ], [ 4489384.936474074609578, 654622.045772005571052 ], [ 4489384.936474074609578, 654659.470289354445413 ], [ 4489384.936474074609578, 654696.894806703319773 ], [ 4489384.936474074609578, 654734.319324052194133 ], [ 4489384.936474074609578, 654771.743841401068494 ], [ 4489422.360991423018277, 654771.743841401068494 ], [ 4489459.785508771426976, 654771.743841401068494 ], [ 4489497.210026119835675, 654771.743841401068494 ], [ 4489534.634543468244374, 654771.743841401068494 ], [ 4489572.059060816653073, 654771.743841401068494 ], [ 4489609.483578165061772, 654771.743841401068494 ], [ 4489646.908095513470471, 654771.743841401068494 ], [ 4489684.33261286187917, 654771.743841401068494 ], [ 4489721.757130210287869, 654771.743841401068494 ], [ 4489759.181647558696568, 654771.743841401068494 ], [ 4489796.606164907105267, 654771.743841401068494 ], [ 4489834.030682255513966, 654771.743841401068494 ], [ 4489871.455199603922665, 654771.743841401068494 ], [ 4489908.879716952331364, 654771.743841401068494 ], [ 4489946.304234300740063, 654771.743841401068494 ], [ 4489983.728751649148762, 654771.743841401068494 ], [ 4490021.153268997557461, 654771.743841401068494 ], [ 4490047.616398997604847, 654798.206971401115879 ], [ 4490047.616398997604847, 654835.63148874999024 ], [ 4490047.616398997604847, 654873.0560060988646 ], [ 4490047.616398997604847, 654910.48052344773896 ], [ 4490074.079528997652233, 654936.943653447786346 ], [ 4490111.504046346060932, 654936.943653447786346 ], [ 4490148.928563694469631, 654936.943653447786346 ], [ 4490186.35308104287833, 654936.943653447786346 ], [ 4490223.777598391287029, 654936.943653447786346 ], [ 4490261.202115739695728, 654936.943653447786346 ], [ 4490298.626633088104427, 654936.943653447786346 ], [ 4490336.051150436513126, 654936.943653447786346 ], [ 4490373.475667784921825, 654936.943653447786346 ], [ 4490410.900185133330524, 654936.943653447786346 ], [ 4490448.324702481739223, 654936.943653447786346 ], [ 4490485.749219830147922, 654936.943653447786346 ], [ 4490523.173737178556621, 654936.943653447786346 ], [ 4490560.59825452696532, 654936.943653447786346 ], [ 4490598.022771875374019, 654936.943653447786346 ], [ 4490635.447289223782718, 654936.943653447786346 ], [ 4490672.871806572191417, 654936.943653447786346 ], [ 4490710.296323920600116, 654936.943653447786346 ], [ 4490747.720841269008815, 654936.943653447786346 ], [ 4490785.145358617417514, 654936.943653447786346 ], [ 4490822.569875965826213, 654936.943653447786346 ], [ 4490859.994393314234912, 654936.943653447786346 ], [ 4490897.418910662643611, 654936.943653447786346 ], [ 4490934.84342801105231, 654936.943653447786346 ], [ 4490972.26794535946101, 654936.943653447786346 ], [ 4491009.692462707869709, 654936.943653447786346 ], [ 4491047.116980056278408, 654936.943653447786346 ], [ 4491084.541497404687107, 654936.943653447786346 ], [ 4491121.966014753095806, 654936.943653447786346 ], [ 4491159.390532101504505, 654936.943653447786346 ], [ 4491196.815049449913204, 654936.943653447786346 ], [ 4491234.239566798321903, 654936.943653447786346 ], [ 4491271.664084146730602, 654936.943653447786346 ], [ 4491309.088601495139301, 654936.943653447786346 ], [ 4491346.513118843548, 654936.943653447786346 ], [ 4491383.937636191956699, 654936.943653447786346 ], [ 4491421.362153540365398, 654936.943653447786346 ], [ 4491458.786670888774097, 654936.943653447786346 ], [ 4491496.211188237182796, 654936.943653447786346 ], [ 4491522.674318237230182, 654963.406783447833732 ], [ 4491522.674318237230182, 655000.831300796708092 ], [ 4491522.674318237230182, 655038.255818145582452 ], [ 4491522.674318237230182, 655075.680335494456813 ], [ 4491549.137448237277567, 655102.143465494504198 ], [ 4491586.561965585686266, 655102.143465494504198 ], [ 4491623.986482934094965, 655102.143465494504198 ], [ 4491661.411000282503664, 655102.143465494504198 ], [ 4491698.835517630912364, 655102.143465494504198 ], [ 4491736.260034979321063, 655102.143465494504198 ], [ 4491773.684552327729762, 655102.143465494504198 ], [ 4491811.109069676138461, 655102.143465494504198 ], [ 4491848.53358702454716, 655102.143465494504198 ], [ 4491885.958104372955859, 655102.143465494504198 ], [ 4491923.382621721364558, 655102.143465494504198 ], [ 4491960.807139069773257, 655102.143465494504198 ], [ 4491998.231656418181956, 655102.143465494504198 ], [ 4492035.656173766590655, 655102.143465494504198 ], [ 4492073.080691114999354, 655102.143465494504198 ], [ 4492110.505208463408053, 655102.143465494504198 ], [ 4492147.929725811816752, 655102.143465494504198 ], [ 4492185.354243160225451, 655102.143465494504198 ], [ 4492185.354243160225451, 655139.567982843378559 ], [ 4492185.354243160225451, 655176.992500192252919 ], [ 4492185.354243160225451, 655214.417017541127279 ], [ 4492185.354243160225451, 655251.84153489000164 ], [ 4492222.77876050863415, 655251.84153489000164 ], [ 4492260.203277857042849, 655251.84153489000164 ], [ 4492297.627795205451548, 655251.84153489000164 ], [ 4492335.052312553860247, 655251.84153489000164 ], [ 4492372.476829902268946, 655251.84153489000164 ], [ 4492409.901347250677645, 655251.84153489000164 ], [ 4492447.325864599086344, 655251.84153489000164 ], [ 4492484.750381947495043, 655251.84153489000164 ], [ 4492522.174899295903742, 655251.84153489000164 ], [ 4492559.599416644312441, 655251.84153489000164 ], [ 4492597.02393399272114, 655251.84153489000164 ], [ 4492634.448451341129839, 655251.84153489000164 ], [ 4492671.872968689538538, 655251.84153489000164 ], [ 4492709.297486037947237, 655251.84153489000164 ], [ 4492746.722003386355937, 655251.84153489000164 ], [ 4492784.146520734764636, 655251.84153489000164 ], [ 4492821.571038083173335, 655251.84153489000164 ], [ 4492858.995555431582034, 655251.84153489000164 ], [ 4492896.420072779990733, 655251.84153489000164 ], [ 4492933.844590128399432, 655251.84153489000164 ], [ 4492971.269107476808131, 655251.84153489000164 ], [ 4493008.69362482521683, 655251.84153489000164 ], [ 4493046.118142173625529, 655251.84153489000164 ], [ 4493083.542659522034228, 655251.84153489000164 ], [ 4493120.967176870442927, 655251.84153489000164 ], [ 4493158.391694218851626, 655251.84153489000164 ], [ 4493195.816211567260325, 655251.84153489000164 ], [ 4493233.240728915669024, 655251.84153489000164 ], [ 4493270.665246264077723, 655251.84153489000164 ], [ 4493308.089763612486422, 655251.84153489000164 ], [ 4493345.514280960895121, 655251.84153489000164 ], [ 4493382.93879830930382, 655251.84153489000164 ], [ 4493420.363315657712519, 655251.84153489000164 ], [ 4493457.787833006121218, 655251.84153489000164 ], [ 4493495.212350354529917, 655251.84153489000164 ], [ 4493532.636867702938616, 655251.84153489000164 ], [ 4493570.061385051347315, 655251.84153489000164 ], [ 4493607.485902399756014, 655251.84153489000164 ], [ 4493644.910419748164713, 655251.84153489000164 ], [ 4493682.334937096573412, 655251.84153489000164 ], [ 4493719.759454444982111, 655251.84153489000164 ], [ 4493757.18397179339081, 655251.84153489000164 ], [ 4493794.60848914179951, 655251.84153489000164 ], [ 4493832.033006490208209, 655251.84153489000164 ], [ 4493832.033006490208209, 655289.266052238876 ], [ 4493832.033006490208209, 655326.69056958775036 ], [ 4493832.033006490208209, 655364.115086936624721 ], [ 4493832.033006490208209, 655401.539604285499081 ], [ 4493832.033006490208209, 655438.964121634373441 ], [ 4493869.457523838616908, 655438.964121634373441 ], [ 4493906.882041187025607, 655438.964121634373441 ], [ 4493944.306558535434306, 655438.964121634373441 ], [ 4493981.731075883843005, 655438.964121634373441 ], [ 4494019.155593232251704, 655438.964121634373441 ], [ 4494056.580110580660403, 655438.964121634373441 ], [ 4494094.004627929069102, 655438.964121634373441 ], [ 4494131.429145277477801, 655438.964121634373441 ], [ 4494168.8536626258865, 655438.964121634373441 ], [ 4494206.278179974295199, 655438.964121634373441 ], [ 4494243.702697322703898, 655438.964121634373441 ], [ 4494281.127214671112597, 655438.964121634373441 ], [ 4494318.551732019521296, 655438.964121634373441 ], [ 4494355.976249367929995, 655438.964121634373441 ], [ 4494393.400766716338694, 655438.964121634373441 ], [ 4494430.825284064747393, 655438.964121634373441 ], [ 4494468.249801413156092, 655438.964121634373441 ], [ 4494505.674318761564791, 655438.964121634373441 ], [ 4494543.09883610997349, 655438.964121634373441 ], [ 4494580.523353458382189, 655438.964121634373441 ], [ 4494617.947870806790888, 655438.964121634373441 ], [ 4494655.372388155199587, 655438.964121634373441 ], [ 4494692.796905503608286, 655438.964121634373441 ], [ 4494730.221422852016985, 655438.964121634373441 ], [ 4494767.645940200425684, 655438.964121634373441 ], [ 4494805.070457548834383, 655438.964121634373441 ], [ 4494842.494974897243083, 655438.964121634373441 ], [ 4494879.919492245651782, 655438.964121634373441 ], [ 4494917.344009594060481, 655438.964121634373441 ], [ 4494954.76852694246918, 655438.964121634373441 ], [ 4494981.231656942516565, 655465.427251634420827 ], [ 4494981.231656942516565, 655502.851768983295187 ], [ 4494981.231656942516565, 655540.276286332169548 ], [ 4494981.231656942516565, 655577.700803681043908 ], [ 4495007.694786942563951, 655604.163933681091294 ], [ 4495045.11930429097265, 655604.163933681091294 ], [ 4495082.543821639381349, 655604.163933681091294 ], [ 4495119.968338987790048, 655604.163933681091294 ], [ 4495157.392856336198747, 655604.163933681091294 ], [ 4495194.817373684607446, 655604.163933681091294 ], [ 4495232.241891033016145, 655604.163933681091294 ], [ 4495269.666408381424844, 655604.163933681091294 ], [ 4495307.090925729833543, 655604.163933681091294 ], [ 4495344.515443078242242, 655604.163933681091294 ], [ 4495381.939960426650941, 655604.163933681091294 ], [ 4495419.36447777505964, 655604.163933681091294 ], [ 4495456.788995123468339, 655604.163933681091294 ], [ 4495494.213512471877038, 655604.163933681091294 ], [ 4495531.638029820285738, 655604.163933681091294 ], [ 4495569.062547168694437, 655604.163933681091294 ], [ 4495606.487064517103136, 655604.163933681091294 ], [ 4495643.911581865511835, 655604.163933681091294 ], [ 4495681.336099213920534, 655604.163933681091294 ], [ 4495718.760616562329233, 655604.163933681091294 ], [ 4495756.185133910737932, 655604.163933681091294 ], [ 4495793.609651259146631, 655604.163933681091294 ], [ 4495831.03416860755533, 655604.163933681091294 ], [ 4495868.458685955964029, 655604.163933681091294 ], [ 4495905.883203304372728, 655604.163933681091294 ], [ 4495943.307720652781427, 655604.163933681091294 ], [ 4495980.732238001190126, 655604.163933681091294 ], [ 4496018.156755349598825, 655604.163933681091294 ], [ 4496055.581272698007524, 655604.163933681091294 ], [ 4496093.005790046416223, 655604.163933681091294 ], [ 4496130.430307394824922, 655604.163933681091294 ], [ 4496167.854824743233621, 655604.163933681091294 ], [ 4496205.27934209164232, 655604.163933681091294 ], [ 4496242.703859440051019, 655604.163933681091294 ], [ 4496280.128376788459718, 655604.163933681091294 ], [ 4496317.552894136868417, 655604.163933681091294 ], [ 4496354.977411485277116, 655604.163933681091294 ], [ 4496392.401928833685815, 655604.163933681091294 ], [ 4496429.826446182094514, 655604.163933681091294 ], [ 4496467.250963530503213, 655604.163933681091294 ], [ 4496504.675480878911912, 655604.163933681091294 ], [ 4496542.099998227320611, 655604.163933681091294 ], [ 4496579.524515575729311, 655604.163933681091294 ], [ 4496616.94903292413801, 655604.163933681091294 ], [ 4496654.373550272546709, 655604.163933681091294 ], [ 4496691.798067620955408, 655604.163933681091294 ], [ 4496729.222584969364107, 655604.163933681091294 ], [ 4496766.647102317772806, 655604.163933681091294 ], [ 4496804.071619666181505, 655604.163933681091294 ], [ 4496841.496137014590204, 655604.163933681091294 ], [ 4496878.920654362998903, 655604.163933681091294 ], [ 4496916.345171711407602, 655604.163933681091294 ], [ 4496953.769689059816301, 655604.163933681091294 ], [ 4496953.769689059816301, 655641.588451029965654 ], [ 4496953.769689059816301, 655679.012968378840014 ], [ 4496953.769689059816301, 655716.437485727714375 ], [ 4496953.769689059816301, 655753.862003076588735 ], [ 4496991.194206408225, 655753.862003076588735 ], [ 4497028.618723756633699, 655753.862003076588735 ], [ 4497066.043241105042398, 655753.862003076588735 ], [ 4497103.467758453451097, 655753.862003076588735 ], [ 4497140.892275801859796, 655753.862003076588735 ], [ 4497178.316793150268495, 655753.862003076588735 ], [ 4497215.741310498677194, 655753.862003076588735 ], [ 4497253.165827847085893, 655753.862003076588735 ], [ 4497290.590345195494592, 655753.862003076588735 ], [ 4497328.014862543903291, 655753.862003076588735 ], [ 4497365.43937989231199, 655753.862003076588735 ], [ 4497402.863897240720689, 655753.862003076588735 ], [ 4497440.288414589129388, 655753.862003076588735 ], [ 4497477.712931937538087, 655753.862003076588735 ], [ 4497515.137449285946786, 655753.862003076588735 ], [ 4497552.561966634355485, 655753.862003076588735 ], [ 4497589.986483982764184, 655753.862003076588735 ], [ 4497627.411001331172884, 655753.862003076588735 ], [ 4497664.835518679581583, 655753.862003076588735 ], [ 4497702.260036027990282, 655753.862003076588735 ], [ 4497739.684553376398981, 655753.862003076588735 ], [ 4497777.10907072480768, 655753.862003076588735 ], [ 4497814.533588073216379, 655753.862003076588735 ], [ 4497851.958105421625078, 655753.862003076588735 ], [ 4497889.382622770033777, 655753.862003076588735 ], [ 4497926.807140118442476, 655753.862003076588735 ], [ 4497926.807140118442476, 655791.286520425463095 ], [ 4497926.807140118442476, 655828.711037774337456 ], [ 4497926.807140118442476, 655866.135555123211816 ], [ 4497926.807140118442476, 655903.560072472086176 ], [ 4497953.270270118489861, 655930.023202472133562 ], [ 4497990.694787466898561, 655930.023202472133562 ], [ 4498028.11930481530726, 655930.023202472133562 ], [ 4498065.543822163715959, 655930.023202472133562 ], [ 4498102.968339512124658, 655930.023202472133562 ], [ 4498140.392856860533357, 655930.023202472133562 ], [ 4498177.817374208942056, 655930.023202472133562 ], [ 4498215.241891557350755, 655930.023202472133562 ], [ 4498252.666408905759454, 655930.023202472133562 ], [ 4498290.090926254168153, 655930.023202472133562 ], [ 4498327.515443602576852, 655930.023202472133562 ], [ 4498364.939960950985551, 655930.023202472133562 ], [ 4498402.36447829939425, 655930.023202472133562 ], [ 4498439.788995647802949, 655930.023202472133562 ], [ 4498477.213512996211648, 655930.023202472133562 ], [ 4498514.638030344620347, 655930.023202472133562 ], [ 4498552.062547693029046, 655930.023202472133562 ], [ 4498578.525677693076432, 655903.560072472086176 ], [ 4498578.525677693076432, 655866.135555123211816 ], [ 4498578.525677693076432, 655828.711037774337456 ], [ 4498578.525677693076432, 655791.286520425463095 ], [ 4498604.988807693123817, 655764.82339042541571 ], [ 4498642.413325041532516, 655764.82339042541571 ], [ 4498679.837842389941216, 655764.82339042541571 ], [ 4498717.262359738349915, 655764.82339042541571 ], [ 4498754.686877086758614, 655764.82339042541571 ], [ 4498792.111394435167313, 655764.82339042541571 ], [ 4498829.535911783576012, 655764.82339042541571 ], [ 4498866.960429131984711, 655764.82339042541571 ], [ 4498904.38494648039341, 655764.82339042541571 ], [ 4498941.809463828802109, 655764.82339042541571 ], [ 4498979.233981177210808, 655764.82339042541571 ], [ 4499016.658498525619507, 655764.82339042541571 ], [ 4499054.083015874028206, 655764.82339042541571 ], [ 4499091.507533222436905, 655764.82339042541571 ], [ 4499128.932050570845604, 655764.82339042541571 ], [ 4499166.356567919254303, 655764.82339042541571 ], [ 4499203.781085267663002, 655764.82339042541571 ], [ 4499241.205602616071701, 655764.82339042541571 ], [ 4499241.205602616071701, 655727.398873076541349 ], [ 4499241.205602616071701, 655689.974355727666989 ], [ 4499241.205602616071701, 655652.549838378792629 ], [ 4499241.205602616071701, 655615.125321029918268 ], [ 4499267.668732616119087, 655588.662191029870883 ], [ 4499305.093249964527786, 655588.662191029870883 ], [ 4499342.517767312936485, 655588.662191029870883 ], [ 4499379.942284661345184, 655588.662191029870883 ], [ 4499417.366802009753883, 655588.662191029870883 ], [ 4499454.791319358162582, 655588.662191029870883 ], [ 4499492.215836706571281, 655588.662191029870883 ], [ 4499529.64035405497998, 655588.662191029870883 ], [ 4499567.064871403388679, 655588.662191029870883 ], [ 4499604.489388751797378, 655588.662191029870883 ], [ 4499641.913906100206077, 655588.662191029870883 ], [ 4499679.338423448614776, 655588.662191029870883 ], [ 4499716.762940797023475, 655588.662191029870883 ], [ 4499754.187458145432174, 655588.662191029870883 ], [ 4499791.611975493840873, 655588.662191029870883 ], [ 4499829.036492842249572, 655588.662191029870883 ], [ 4499866.461010190658271, 655588.662191029870883 ], [ 4499903.88552753906697, 655588.662191029870883 ], [ 4499941.310044887475669, 655588.662191029870883 ], [ 4499978.734562235884368, 655588.662191029870883 ], [ 4500016.159079584293067, 655588.662191029870883 ], [ 4500053.583596932701766, 655588.662191029870883 ], [ 4500091.008114281110466, 655588.662191029870883 ], [ 4500128.432631629519165, 655588.662191029870883 ], [ 4500165.857148977927864, 655588.662191029870883 ], [ 4500203.281666326336563, 655588.662191029870883 ], [ 4500240.706183674745262, 655588.662191029870883 ], [ 4500278.130701023153961, 655588.662191029870883 ], [ 4500315.55521837156266, 655588.662191029870883 ], [ 4500352.979735719971359, 655588.662191029870883 ], [ 4500390.404253068380058, 655588.662191029870883 ], [ 4500427.828770416788757, 655588.662191029870883 ], [ 4500465.253287765197456, 655588.662191029870883 ], [ 4500502.677805113606155, 655588.662191029870883 ], [ 4500540.102322462014854, 655588.662191029870883 ], [ 4500577.526839810423553, 655588.662191029870883 ], [ 4500614.951357158832252, 655588.662191029870883 ], [ 4500652.375874507240951, 655588.662191029870883 ], [ 4500689.80039185564965, 655588.662191029870883 ], [ 4500727.224909204058349, 655588.662191029870883 ], [ 4500764.649426552467048, 655588.662191029870883 ], [ 4500802.073943900875747, 655588.662191029870883 ], [ 4500839.498461249284446, 655588.662191029870883 ], [ 4500876.922978597693145, 655588.662191029870883 ], [ 4500876.922978597693145, 655551.237673680996522 ], [ 4500876.922978597693145, 655513.813156332122162 ], [ 4500876.922978597693145, 655476.388638983247802 ], [ 4500876.922978597693145, 655438.964121634373441 ], [ 4500914.347495946101844, 655438.964121634373441 ], [ 4500951.772013294510543, 655438.964121634373441 ], [ 4500989.196530642919242, 655438.964121634373441 ], [ 4501026.621047991327941, 655438.964121634373441 ], [ 4501064.04556533973664, 655438.964121634373441 ], [ 4501101.470082688145339, 655438.964121634373441 ], [ 4501138.894600036554039, 655438.964121634373441 ], [ 4501176.319117384962738, 655438.964121634373441 ], [ 4501213.743634733371437, 655438.964121634373441 ], [ 4501251.168152081780136, 655438.964121634373441 ], [ 4501288.592669430188835, 655438.964121634373441 ], [ 4501326.017186778597534, 655438.964121634373441 ], [ 4501363.441704127006233, 655438.964121634373441 ], [ 4501400.866221475414932, 655438.964121634373441 ], [ 4501438.290738823823631, 655438.964121634373441 ], [ 4501475.71525617223233, 655438.964121634373441 ], [ 4501513.139773520641029, 655438.964121634373441 ], [ 4501550.564290869049728, 655438.964121634373441 ], [ 4501587.988808217458427, 655438.964121634373441 ], [ 4501625.413325565867126, 655438.964121634373441 ], [ 4501662.837842914275825, 655438.964121634373441 ], [ 4501700.262360262684524, 655438.964121634373441 ], [ 4501700.262360262684524, 655401.539604285499081 ], [ 4501700.262360262684524, 655364.115086936624721 ], [ 4501700.262360262684524, 655326.69056958775036 ], [ 4501700.262360262684524, 655289.266052238876 ], [ 4501726.72549026273191, 655262.802922238828614 ], [ 4501764.150007611140609, 655262.802922238828614 ], [ 4501801.574524959549308, 655262.802922238828614 ], [ 4501838.999042307958007, 655262.802922238828614 ], [ 4501876.423559656366706, 655262.802922238828614 ], [ 4501913.848077004775405, 655262.802922238828614 ], [ 4501951.272594353184104, 655262.802922238828614 ], [ 4501988.697111701592803, 655262.802922238828614 ], [ 4502026.121629050001502, 655262.802922238828614 ], [ 4502063.546146398410201, 655262.802922238828614 ], [ 4502100.9706637468189, 655262.802922238828614 ], [ 4502138.395181095227599, 655262.802922238828614 ], [ 4502175.819698443636298, 655262.802922238828614 ], [ 4502213.244215792044997, 655262.802922238828614 ], [ 4502250.668733140453696, 655262.802922238828614 ], [ 4502288.093250488862395, 655262.802922238828614 ], [ 4502325.517767837271094, 655262.802922238828614 ], [ 4502362.942285185679793, 655262.802922238828614 ], [ 4502400.366802534088492, 655262.802922238828614 ], [ 4502437.791319882497191, 655262.802922238828614 ], [ 4502475.21583723090589, 655262.802922238828614 ], [ 4502512.64035457931459, 655262.802922238828614 ], [ 4502550.064871927723289, 655262.802922238828614 ], [ 4502587.489389276131988, 655262.802922238828614 ], [ 4502624.913906624540687, 655262.802922238828614 ], [ 4502662.338423972949386, 655262.802922238828614 ], [ 4502699.762941321358085, 655262.802922238828614 ], [ 4502737.187458669766784, 655262.802922238828614 ], [ 4502774.611976018175483, 655262.802922238828614 ], [ 4502812.036493366584182, 655262.802922238828614 ], [ 4502849.461010714992881, 655262.802922238828614 ], [ 4502886.88552806340158, 655262.802922238828614 ], [ 4502924.310045411810279, 655262.802922238828614 ], [ 4502961.734562760218978, 655262.802922238828614 ], [ 4502999.159080108627677, 655262.802922238828614 ], [ 4503036.583597457036376, 655262.802922238828614 ], [ 4503074.008114805445075, 655262.802922238828614 ], [ 4503111.432632153853774, 655262.802922238828614 ], [ 4503148.857149502262473, 655262.802922238828614 ], [ 4503186.281666850671172, 655262.802922238828614 ], [ 4503186.281666850671172, 655225.378404889954254 ], [ 4503186.281666850671172, 655187.953887541079894 ], [ 4503186.281666850671172, 655150.529370192205533 ], [ 4503186.281666850671172, 655113.104852843331173 ], [ 4503212.744796850718558, 655086.641722843283787 ], [ 4503250.169314199127257, 655086.641722843283787 ], [ 4503287.593831547535956, 655086.641722843283787 ], [ 4503325.018348895944655, 655086.641722843283787 ], [ 4503362.442866244353354, 655086.641722843283787 ], [ 4503399.867383592762053, 655086.641722843283787 ], [ 4503437.291900941170752, 655086.641722843283787 ], [ 4503474.716418289579451, 655086.641722843283787 ], [ 4503512.14093563798815, 655086.641722843283787 ], [ 4503549.565452986396849, 655086.641722843283787 ], [ 4503586.989970334805548, 655086.641722843283787 ], [ 4503624.414487683214247, 655086.641722843283787 ], [ 4503661.839005031622946, 655086.641722843283787 ], [ 4503699.263522380031645, 655086.641722843283787 ], [ 4503736.688039728440344, 655086.641722843283787 ], [ 4503774.112557076849043, 655086.641722843283787 ], [ 4503811.537074425257742, 655086.641722843283787 ], [ 4503848.961591773666441, 655086.641722843283787 ], [ 4503886.38610912207514, 655086.641722843283787 ], [ 4503923.81062647048384, 655086.641722843283787 ], [ 4503961.235143818892539, 655086.641722843283787 ], [ 4503998.659661167301238, 655086.641722843283787 ], [ 4504036.084178515709937, 655086.641722843283787 ], [ 4504073.508695864118636, 655086.641722843283787 ], [ 4504110.933213212527335, 655086.641722843283787 ], [ 4504148.357730560936034, 655086.641722843283787 ], [ 4504185.782247909344733, 655086.641722843283787 ], [ 4504223.206765257753432, 655086.641722843283787 ], [ 4504260.631282606162131, 655086.641722843283787 ], [ 4504298.05579995457083, 655086.641722843283787 ], [ 4504335.480317302979529, 655086.641722843283787 ], [ 4504372.904834651388228, 655086.641722843283787 ], [ 4504410.329351999796927, 655086.641722843283787 ], [ 4504447.753869348205626, 655086.641722843283787 ], [ 4504485.178386696614325, 655086.641722843283787 ], [ 4504511.641516696661711, 655060.178592843236402 ], [ 4504511.641516696661711, 655022.754075494362041 ], [ 4504511.641516696661711, 654985.329558145487681 ], [ 4504511.641516696661711, 654947.905040796613321 ], [ 4504538.104646696709096, 654921.441910796565935 ], [ 4504575.529164045117795, 654921.441910796565935 ], [ 4504612.953681393526495, 654921.441910796565935 ], [ 4504650.378198741935194, 654921.441910796565935 ], [ 4504687.802716090343893, 654921.441910796565935 ], [ 4504725.227233438752592, 654921.441910796565935 ], [ 4504762.651750787161291, 654921.441910796565935 ], [ 4504800.07626813556999, 654921.441910796565935 ], [ 4504837.500785483978689, 654921.441910796565935 ], [ 4504874.925302832387388, 654921.441910796565935 ], [ 4504912.349820180796087, 654921.441910796565935 ], [ 4504949.774337529204786, 654921.441910796565935 ], [ 4504987.198854877613485, 654921.441910796565935 ], [ 4505024.623372226022184, 654921.441910796565935 ], [ 4505062.047889574430883, 654921.441910796565935 ], [ 4505099.472406922839582, 654921.441910796565935 ], [ 4505136.896924271248281, 654921.441910796565935 ], [ 4505174.32144161965698, 654921.441910796565935 ], [ 4505211.745958968065679, 654921.441910796565935 ], [ 4505249.170476316474378, 654921.441910796565935 ], [ 4505286.594993664883077, 654921.441910796565935 ], [ 4505324.019511013291776, 654921.441910796565935 ], [ 4505361.444028361700475, 654921.441910796565935 ], [ 4505398.868545710109174, 654921.441910796565935 ], [ 4505436.293063058517873, 654921.441910796565935 ], [ 4505473.717580406926572, 654921.441910796565935 ], [ 4505511.142097755335271, 654921.441910796565935 ], [ 4505548.56661510374397, 654921.441910796565935 ], [ 4505585.991132452152669, 654921.441910796565935 ], [ 4505623.415649800561368, 654921.441910796565935 ], [ 4505660.840167148970068, 654921.441910796565935 ], [ 4505698.264684497378767, 654921.441910796565935 ], [ 4505735.689201845787466, 654921.441910796565935 ], [ 4505773.113719194196165, 654921.441910796565935 ], [ 4505810.538236542604864, 654921.441910796565935 ], [ 4505847.962753891013563, 654921.441910796565935 ], [ 4505885.387271239422262, 654921.441910796565935 ], [ 4505922.811788587830961, 654921.441910796565935 ], [ 4505960.23630593623966, 654921.441910796565935 ], [ 4505997.660823284648359, 654921.441910796565935 ], [ 4506035.085340633057058, 654921.441910796565935 ], [ 4506072.509857981465757, 654921.441910796565935 ], [ 4506109.934375329874456, 654921.441910796565935 ], [ 4506147.358892678283155, 654921.441910796565935 ], [ 4506184.783410026691854, 654921.441910796565935 ], [ 4506222.207927375100553, 654921.441910796565935 ], [ 4506259.632444723509252, 654921.441910796565935 ], [ 4506297.056962071917951, 654921.441910796565935 ], [ 4506334.48147942032665, 654921.441910796565935 ], [ 4506371.905996768735349, 654921.441910796565935 ], [ 4506409.330514117144048, 654921.441910796565935 ], [ 4506446.755031465552747, 654921.441910796565935 ], [ 4506484.179548813961446, 654921.441910796565935 ], [ 4506521.604066162370145, 654921.441910796565935 ], [ 4506559.028583510778844, 654921.441910796565935 ], [ 4506596.453100859187543, 654921.441910796565935 ], [ 4506633.877618207596242, 654921.441910796565935 ], [ 4506671.302135556004941, 654921.441910796565935 ], [ 4506708.72665290441364, 654921.441910796565935 ], [ 4506746.15117025282234, 654921.441910796565935 ], [ 4506783.575687601231039, 654921.441910796565935 ], [ 4506821.000204949639738, 654921.441910796565935 ], [ 4506858.424722298048437, 654921.441910796565935 ], [ 4506895.849239646457136, 654921.441910796565935 ], [ 4506933.273756994865835, 654921.441910796565935 ], [ 4506970.698274343274534, 654921.441910796565935 ], [ 4507008.122791691683233, 654921.441910796565935 ], [ 4507045.547309040091932, 654921.441910796565935 ], [ 4507082.971826388500631, 654921.441910796565935 ], [ 4507120.39634373690933, 654921.441910796565935 ], [ 4507120.39634373690933, 654884.017393447691575 ], [ 4507120.39634373690933, 654846.592876098817214 ], [ 4507120.39634373690933, 654809.168358749942854 ], [ 4507120.39634373690933, 654771.743841401068494 ], [ 4507157.820861085318029, 654771.743841401068494 ], [ 4507195.245378433726728, 654771.743841401068494 ], [ 4507232.669895782135427, 654771.743841401068494 ], [ 4507270.094413130544126, 654771.743841401068494 ], [ 4507307.518930478952825, 654771.743841401068494 ], [ 4507307.518930478952825, 654734.319324052194133 ], [ 4507307.518930478952825, 654696.894806703319773 ], [ 4507307.518930478952825, 654659.470289354445413 ], [ 4507307.518930478952825, 654622.045772005571052 ], [ 4507347.213625478558242, 654612.290690884343348 ], [ 4507386.90832047816366, 654610.020513232797384 ], [ 4507424.332837826572359, 654610.020513232797384 ], [ 4507461.757355174981058, 654610.020513232797384 ], [ 4507499.181872523389757, 654610.020513232797384 ], [ 4507536.606389871798456, 654610.020513232797384 ], [ 4507574.030907220207155, 654610.020513232797384 ], [ 4507611.455424568615854, 654610.020513232797384 ], [ 4507648.879941917024553, 654610.020513232797384 ], [ 4507686.304459265433252, 654610.020513232797384 ], [ 4507723.728976613841951, 654610.020513232797384 ], [ 4507761.15349396225065, 654610.020513232797384 ], [ 4507798.578011310659349, 654610.020513232797384 ], [ 4507798.578011310659349, 654647.445030581671745 ], [ 4507798.578011310659349, 654684.869547930546105 ], [ 4507798.578011310659349, 654722.294065279420465 ], [ 4507798.578011310659349, 654759.718582628294826 ], [ 4507798.578011310659349, 654797.143099977169186 ], [ 4507798.578011310659349, 654834.567617326043546 ], [ 4507798.578011310659349, 654871.992134674917907 ], [ 4507798.578011310659349, 654909.416652023792267 ], [ 4507798.578011310659349, 654946.841169372666627 ], [ 4507798.578011310659349, 654984.265686721540987 ], [ 4507798.578011310659349, 655021.690204070415348 ], [ 4507798.578011310659349, 655059.114721419289708 ], [ 4507798.578011310659349, 655096.539238768164068 ], [ 4507772.114881310611963, 655123.002368768211454 ], [ 4507734.690363962203264, 655123.002368768211454 ], [ 4507697.265846613794565, 655123.002368768211454 ], [ 4507659.841329265385866, 655123.002368768211454 ], [ 4507659.841329265385866, 655160.426886117085814 ], [ 4507659.841329265385866, 655197.851403465960175 ], [ 4507659.841329265385866, 655235.275920814834535 ], [ 4507659.841329265385866, 655272.700438163708895 ], [ 4507659.841329265385866, 655310.124955512583256 ], [ 4507659.841329265385866, 655347.549472861457616 ], [ 4507659.841329265385866, 655384.973990210331976 ], [ 4507659.841329265385866, 655422.398507559206337 ], [ 4507659.841329265385866, 655459.823024908080697 ], [ 4507659.841329265385866, 655497.247542256955057 ], [ 4507659.841329265385866, 655534.672059605829418 ], [ 4507659.841329265385866, 655572.096576954703778 ], [ 4507659.841329265385866, 655609.521094303578138 ], [ 4507659.841329265385866, 655646.945611652452499 ], [ 4507659.841329265385866, 655684.370129001326859 ], [ 4507659.841329265385866, 655721.794646350201219 ], [ 4507659.841329265385866, 655759.21916369907558 ], [ 4507659.841329265385866, 655796.64368104794994 ], [ 4507659.841329265385866, 655834.0681983968243 ], [ 4507659.841329265385866, 655871.492715745698661 ], [ 4507659.841329265385866, 655908.917233094573021 ], [ 4507659.841329265385866, 655946.341750443447381 ], [ 4507659.841329265385866, 655983.766267792321742 ], [ 4507659.841329265385866, 656021.190785141196102 ], [ 4507659.841329265385866, 656058.615302490070462 ], [ 4507659.841329265385866, 656096.039819838944823 ], [ 4507659.841329265385866, 656133.464337187819183 ], [ 4507659.841329265385866, 656170.888854536693543 ], [ 4507659.841329265385866, 656208.313371885567904 ], [ 4507659.841329265385866, 656245.737889234442264 ], [ 4507659.841329265385866, 656283.162406583316624 ], [ 4507659.841329265385866, 656320.586923932190984 ], [ 4507659.841329265385866, 656358.011441281065345 ], [ 4507659.841329265385866, 656395.435958629939705 ], [ 4507659.841329265385866, 656432.860475978814065 ], [ 4507659.841329265385866, 656470.284993327688426 ], [ 4507659.841329265385866, 656507.709510676562786 ], [ 4507659.841329265385866, 656545.134028025437146 ], [ 4507659.841329265385866, 656582.558545374311507 ], [ 4507659.841329265385866, 656619.983062723185867 ], [ 4507659.841329265385866, 656657.407580072060227 ], [ 4507659.841329265385866, 656694.832097420934588 ], [ 4507659.841329265385866, 656732.256614769808948 ], [ 4507659.841329265385866, 656769.681132118683308 ], [ 4507659.841329265385866, 656807.105649467557669 ], [ 4507659.841329265385866, 656844.530166816432029 ], [ 4507659.841329265385866, 656881.954684165306389 ], [ 4507659.841329265385866, 656919.37920151418075 ], [ 4507659.841329265385866, 656956.80371886305511 ], [ 4507659.841329265385866, 656994.22823621192947 ], [ 4507659.841329265385866, 657031.652753560803831 ], [ 4507659.841329265385866, 657069.077270909678191 ], [ 4507659.841329265385866, 657106.501788258552551 ], [ 4507659.841329265385866, 657143.926305607426912 ], [ 4507659.841329265385866, 657181.350822956301272 ], [ 4507659.841329265385866, 657218.775340305175632 ], [ 4507659.841329265385866, 657256.199857654049993 ], [ 4507659.841329265385866, 657293.624375002924353 ], [ 4507659.841329265385866, 657331.048892351798713 ], [ 4507659.841329265385866, 657368.473409700673074 ], [ 4507659.841329265385866, 657405.897927049547434 ], [ 4507633.37819926533848, 657432.36105704959482 ], [ 4507595.953681916929781, 657432.36105704959482 ], [ 4507558.529164568521082, 657432.36105704959482 ], [ 4507521.104647220112383, 657432.36105704959482 ], [ 4507483.680129871703684, 657432.36105704959482 ], [ 4507483.680129871703684, 657469.78557439846918 ], [ 4507483.680129871703684, 657507.21009174734354 ], [ 4507483.680129871703684, 657544.634609096217901 ], [ 4507483.680129871703684, 657582.059126445092261 ], [ 4507483.680129871703684, 657619.483643793966621 ], [ 4507483.680129871703684, 657656.908161142840981 ], [ 4507483.680129871703684, 657694.332678491715342 ], [ 4507483.680129871703684, 657731.757195840589702 ], [ 4507457.216999871656299, 657758.220325840637088 ], [ 4507419.7924825232476, 657758.220325840637088 ], [ 4507382.367965174838901, 657758.220325840637088 ], [ 4507344.943447826430202, 657758.220325840637088 ], [ 4507318.480317826382816, 657784.683455840684474 ], [ 4507318.480317826382816, 657822.107973189558834 ], [ 4507318.480317826382816, 657859.532490538433194 ], [ 4507318.480317826382816, 657896.957007887307554 ], [ 4507292.01718782633543, 657923.42013788735494 ], [ 4507254.592670477926731, 657923.42013788735494 ], [ 4507217.168153129518032, 657923.42013788735494 ], [ 4507179.743635781109333, 657923.42013788735494 ], [ 4507142.319118432700634, 657923.42013788735494 ], [ 4507142.319118432700634, 657960.8446552362293 ], [ 4507142.319118432700634, 657998.269172585103661 ], [ 4507142.319118432700634, 658035.693689933978021 ], [ 4507142.319118432700634, 658073.118207282852381 ], [ 4507115.855988432653248, 658099.581337282899767 ], [ 4507078.431471084244549, 658099.581337282899767 ], [ 4507041.00695373583585, 658099.581337282899767 ], [ 4507003.582436387427151, 658099.581337282899767 ], [ 4506977.119306387379766, 658126.044467282947153 ], [ 4506977.119306387379766, 658163.468984631821513 ], [ 4506977.119306387379766, 658200.893501980695873 ], [ 4506977.119306387379766, 658238.318019329570234 ], [ 4506977.119306387379766, 658275.742536678444594 ], [ 4506977.119306387379766, 658313.167054027318954 ], [ 4506977.119306387379766, 658350.591571376193315 ], [ 4506977.119306387379766, 658388.016088725067675 ], [ 4506977.119306387379766, 658425.440606073942035 ], [ 4506939.694789038971066, 658425.440606073942035 ], [ 4506902.270271690562367, 658425.440606073942035 ], [ 4506864.845754342153668, 658425.440606073942035 ], [ 4506827.421236993744969, 658425.440606073942035 ], [ 4506827.421236993744969, 658462.865123422816396 ], [ 4506827.421236993744969, 658500.289640771690756 ], [ 4506827.421236993744969, 658537.714158120565116 ], [ 4506827.421236993744969, 658575.138675469439477 ], [ 4506827.421236993744969, 658612.563192818313837 ], [ 4506827.421236993744969, 658649.987710167188197 ], [ 4506827.421236993744969, 658687.412227516062558 ], [ 4506827.421236993744969, 658724.836744864936918 ], [ 4506800.958106993697584, 658751.299874864984304 ], [ 4506763.533589645288885, 658751.299874864984304 ], [ 4506726.109072296880186, 658751.299874864984304 ], [ 4506688.684554948471487, 658751.299874864984304 ], [ 4506662.221424948424101, 658777.763004865031689 ], [ 4506662.221424948424101, 658815.18752221390605 ], [ 4506662.221424948424101, 658852.61203956278041 ], [ 4506662.221424948424101, 658890.03655691165477 ], [ 4506635.758294948376715, 658916.499686911702156 ], [ 4506598.333777599968016, 658916.499686911702156 ], [ 4506560.909260251559317, 658916.499686911702156 ], [ 4506523.484742903150618, 658916.499686911702156 ], [ 4506486.060225554741919, 658916.499686911702156 ], [ 4506486.060225554741919, 658953.924204260576516 ], [ 4506486.060225554741919, 658991.348721609450877 ], [ 4506486.060225554741919, 659028.773238958325237 ], [ 4506486.060225554741919, 659066.197756307199597 ], [ 4506459.597095554694533, 659092.660886307246983 ], [ 4506422.172578206285834, 659092.660886307246983 ], [ 4506384.748060857877135, 659092.660886307246983 ], [ 4506347.323543509468436, 659092.660886307246983 ], [ 4506320.860413509421051, 659119.124016307294369 ], [ 4506320.860413509421051, 659156.548533656168729 ], [ 4506320.860413509421051, 659193.973051005043089 ], [ 4506320.860413509421051, 659231.39756835391745 ], [ 4506320.860413509421051, 659268.82208570279181 ], [ 4506320.860413509421051, 659306.24660305166617 ], [ 4506320.860413509421051, 659343.671120400540531 ], [ 4506320.860413509421051, 659381.095637749414891 ], [ 4506320.860413509421051, 659418.520155098289251 ], [ 4506283.435896161012352, 659418.520155098289251 ], [ 4506246.011378812603652, 659418.520155098289251 ], [ 4506208.586861464194953, 659418.520155098289251 ], [ 4506171.162344115786254, 659418.520155098289251 ], [ 4506171.162344115786254, 659455.944672447163612 ], [ 4506171.162344115786254, 659493.369189796037972 ], [ 4506171.162344115786254, 659530.793707144912332 ], [ 4506171.162344115786254, 659568.218224493786693 ], [ 4506144.699214115738869, 659594.681354493834078 ], [ 4506107.27469676733017, 659594.681354493834078 ], [ 4506069.850179418921471, 659594.681354493834078 ], [ 4506032.425662070512772, 659594.681354493834078 ], [ 4505995.001144722104073, 659594.681354493834078 ], [ 4505995.001144722104073, 659632.105871842708439 ], [ 4505995.001144722104073, 659669.530389191582799 ], [ 4505995.001144722104073, 659706.954906540457159 ], [ 4505995.001144722104073, 659744.37942388933152 ], [ 4505957.576627373695374, 659744.37942388933152 ], [ 4505920.152110025286674, 659744.37942388933152 ], [ 4505882.727592676877975, 659744.37942388933152 ], [ 4505845.303075328469276, 659744.37942388933152 ], [ 4505845.303075328469276, 659781.80394123820588 ], [ 4505845.303075328469276, 659819.22845858708024 ], [ 4505845.303075328469276, 659856.652975935954601 ], [ 4505845.303075328469276, 659894.077493284828961 ], [ 4505818.839945328421891, 659920.540623284876347 ], [ 4505781.415427980013192, 659920.540623284876347 ], [ 4505743.990910631604493, 659920.540623284876347 ], [ 4505706.566393283195794, 659920.540623284876347 ], [ 4505669.141875934787095, 659920.540623284876347 ], [ 4505669.141875934787095, 659957.965140633750707 ], [ 4505669.141875934787095, 659995.389657982625067 ], [ 4505669.141875934787095, 660032.814175331499428 ], [ 4505669.141875934787095, 660070.238692680373788 ], [ 4505642.678745934739709, 660096.701822680421174 ], [ 4505605.25422858633101, 660096.701822680421174 ], [ 4505567.829711237922311, 660096.701822680421174 ], [ 4505530.405193889513612, 660096.701822680421174 ], [ 4505492.980676541104913, 660096.701822680421174 ], [ 4505492.980676541104913, 660134.126340029295534 ], [ 4505492.980676541104913, 660171.550857378169894 ], [ 4505492.980676541104913, 660208.975374727044255 ], [ 4505492.980676541104913, 660246.399892075918615 ], [ 4505455.556159192696214, 660246.399892075918615 ], [ 4505418.131641844287515, 660246.399892075918615 ], [ 4505380.707124495878816, 660246.399892075918615 ], [ 4505343.282607147470117, 660246.399892075918615 ], [ 4505343.282607147470117, 660283.824409424792975 ], [ 4505343.282607147470117, 660321.248926773667336 ], [ 4505343.282607147470117, 660358.673444122541696 ], [ 4505343.282607147470117, 660396.097961471416056 ], [ 4505316.819477147422731, 660422.561091471463442 ], [ 4505279.394959799014032, 660422.561091471463442 ], [ 4505241.970442450605333, 660422.561091471463442 ], [ 4505204.545925102196634, 660422.561091471463442 ], [ 4505178.082795102149248, 660449.024221471510828 ], [ 4505178.082795102149248, 660486.448738820385188 ], [ 4505178.082795102149248, 660523.873256169259548 ], [ 4505178.082795102149248, 660561.297773518133909 ], [ 4505151.619665102101862, 660587.760903518181294 ], [ 4505114.195147753693163, 660587.760903518181294 ], [ 4505076.770630405284464, 660587.760903518181294 ], [ 4505039.346113056875765, 660587.760903518181294 ], [ 4505039.346113056875765, 660625.185420867055655 ], [ 4505039.346113056875765, 660662.609938215930015 ], [ 4505039.346113056875765, 660700.034455564804375 ], [ 4505039.346113056875765, 660737.458972913678735 ], [ 4505001.921595708467066, 660737.458972913678735 ], [ 4504964.497078360058367, 660737.458972913678735 ], [ 4504927.072561011649668, 660737.458972913678735 ], [ 4504889.648043663240969, 660737.458972913678735 ], [ 4504852.22352631483227, 660737.458972913678735 ], [ 4504852.22352631483227, 660774.883490262553096 ], [ 4504852.22352631483227, 660812.308007611427456 ], [ 4504852.22352631483227, 660849.732524960301816 ], [ 4504852.22352631483227, 660887.157042309176177 ], [ 4504825.760396314784884, 660913.620172309223562 ], [ 4504788.335878966376185, 660913.620172309223562 ], [ 4504750.911361617967486, 660913.620172309223562 ], [ 4504713.486844269558787, 660913.620172309223562 ], [ 4504676.062326921150088, 660913.620172309223562 ], [ 4504676.062326921150088, 660951.044689658097923 ], [ 4504676.062326921150088, 660988.469207006972283 ], [ 4504676.062326921150088, 661025.893724355846643 ], [ 4504676.062326921150088, 661063.318241704721004 ], [ 4504649.599196921102703, 661089.781371704768389 ], [ 4504612.174679572694004, 661089.781371704768389 ], [ 4504574.750162224285305, 661089.781371704768389 ], [ 4504537.325644875876606, 661089.781371704768389 ], [ 4504499.901127527467906, 661089.781371704768389 ], [ 4504462.476610179059207, 661089.781371704768389 ], [ 4504425.052092830650508, 661089.781371704768389 ], [ 4504387.627575482241809, 661089.781371704768389 ], [ 4504361.164445482194424, 661116.244501704815775 ], [ 4504361.164445482194424, 661153.669019053690135 ], [ 4504361.164445482194424, 661191.093536402564496 ], [ 4504361.164445482194424, 661228.518053751438856 ], [ 4504334.701315482147038, 661254.981183751486242 ], [ 4504297.276798133738339, 661254.981183751486242 ], [ 4504259.85228078532964, 661254.981183751486242 ], [ 4504222.427763436920941, 661254.981183751486242 ], [ 4504185.003246088512242, 661254.981183751486242 ], [ 4504185.003246088512242, 661292.405701100360602 ], [ 4504185.003246088512242, 661329.830218449234962 ], [ 4504185.003246088512242, 661367.254735798109323 ], [ 4504185.003246088512242, 661404.679253146983683 ], [ 4504147.578728740103543, 661404.679253146983683 ], [ 4504110.154211391694844, 661404.679253146983683 ], [ 4504072.729694043286145, 661404.679253146983683 ], [ 4504035.305176694877446, 661404.679253146983683 ], [ 4504035.305176694877446, 661442.103770495858043 ], [ 4504035.305176694877446, 661479.528287844732404 ], [ 4504035.305176694877446, 661516.952805193606764 ], [ 4504035.305176694877446, 661554.377322542481124 ], [ 4504035.305176694877446, 661591.801839891355485 ], [ 4504035.305176694877446, 661629.226357240229845 ], [ 4504035.305176694877446, 661666.650874589104205 ], [ 4504035.305176694877446, 661704.075391937978566 ], [ 4504035.305176694877446, 661741.499909286852926 ], [ 4504035.305176694877446, 661778.924426635727286 ], [ 4504035.305176694877446, 661816.348943984601647 ], [ 4504035.305176694877446, 661853.773461333476007 ], [ 4504035.305176694877446, 661891.197978682350367 ], [ 4504035.305176694877446, 661928.622496031224728 ], [ 4504035.305176694877446, 661966.047013380099088 ], [ 4504035.305176694877446, 662003.471530728973448 ], [ 4504035.305176694877446, 662040.896048077847809 ], [ 4504035.305176694877446, 662078.320565426722169 ], [ 4504035.305176694877446, 662115.745082775596529 ], [ 4504035.305176694877446, 662153.16960012447089 ], [ 4504035.305176694877446, 662190.59411747334525 ], [ 4504035.305176694877446, 662228.01863482221961 ], [ 4504035.305176694877446, 662265.443152171093971 ], [ 4504035.305176694877446, 662302.867669519968331 ], [ 4504035.305176694877446, 662340.292186868842691 ], [ 4504035.305176694877446, 662377.716704217717052 ], [ 4504008.84204669483006, 662404.179834217764437 ], [ 4503971.417529346421361, 662404.179834217764437 ], [ 4503933.993011998012662, 662404.179834217764437 ], [ 4503896.568494649603963, 662404.179834217764437 ], [ 4503859.143977301195264, 662404.179834217764437 ], [ 4503859.143977301195264, 662441.604351566638798 ], [ 4503859.143977301195264, 662479.028868915513158 ], [ 4503859.143977301195264, 662516.453386264387518 ], [ 4503859.143977301195264, 662553.877903613261878 ], [ 4503859.143977301195264, 662591.302420962136239 ], [ 4503859.143977301195264, 662628.726938311010599 ], [ 4503859.143977301195264, 662666.151455659884959 ], [ 4503859.143977301195264, 662703.57597300875932 ], [ 4503859.143977301195264, 662741.00049035763368 ], [ 4503859.143977301195264, 662778.42500770650804 ], [ 4503859.143977301195264, 662815.849525055382401 ], [ 4503859.143977301195264, 662853.274042404256761 ], [ 4503859.143977301195264, 662890.698559753131121 ], [ 4503859.143977301195264, 662928.123077102005482 ], [ 4503859.143977301195264, 662965.547594450879842 ], [ 4503859.143977301195264, 663002.972111799754202 ], [ 4503859.143977301195264, 663040.396629148628563 ], [ 4503859.143977301195264, 663077.821146497502923 ], [ 4503859.143977301195264, 663115.245663846377283 ], [ 4503859.143977301195264, 663152.670181195251644 ], [ 4503859.143977301195264, 663190.094698544126004 ], [ 4503859.143977301195264, 663227.519215893000364 ], [ 4503859.143977301195264, 663264.943733241874725 ], [ 4503859.143977301195264, 663302.368250590749085 ], [ 4503859.143977301195264, 663339.792767939623445 ], [ 4503859.143977301195264, 663377.217285288497806 ], [ 4503859.143977301195264, 663414.641802637372166 ], [ 4503859.143977301195264, 663452.066319986246526 ], [ 4503859.143977301195264, 663489.490837335120887 ], [ 4503859.143977301195264, 663526.915354683995247 ], [ 4503859.143977301195264, 663564.339872032869607 ], [ 4503859.143977301195264, 663601.764389381743968 ], [ 4503859.143977301195264, 663639.188906730618328 ], [ 4503859.143977301195264, 663676.613424079492688 ], [ 4503859.143977301195264, 663714.037941428367049 ], [ 4503859.143977301195264, 663751.462458777241409 ], [ 4503859.143977301195264, 663788.886976126115769 ], [ 4503859.143977301195264, 663826.311493474990129 ], [ 4503859.143977301195264, 663863.73601082386449 ], [ 4503832.680847301147878, 663890.199140823911875 ], [ 4503795.256329952739179, 663890.199140823911875 ], [ 4503757.83181260433048, 663890.199140823911875 ], [ 4503720.407295255921781, 663890.199140823911875 ], [ 4503693.944165255874395, 663916.662270823959261 ], [ 4503693.944165255874395, 663954.086788172833622 ], [ 4503693.944165255874395, 663991.511305521707982 ], [ 4503693.944165255874395, 664028.935822870582342 ], [ 4503693.944165255874395, 664066.360340219456702 ], [ 4503693.944165255874395, 664103.784857568331063 ], [ 4503693.944165255874395, 664141.209374917205423 ], [ 4503693.944165255874395, 664178.633892266079783 ], [ 4503693.944165255874395, 664216.058409614954144 ], [ 4503656.519647907465696, 664216.058409614954144 ], [ 4503619.095130559056997, 664216.058409614954144 ], [ 4503581.670613210648298, 664216.058409614954144 ], [ 4503544.246095862239599, 664216.058409614954144 ], [ 4503544.246095862239599, 664253.482926963828504 ], [ 4503544.246095862239599, 664290.907444312702864 ], [ 4503544.246095862239599, 664328.331961661577225 ], [ 4503544.246095862239599, 664365.756479010451585 ], [ 4503544.246095862239599, 664403.180996359325945 ], [ 4503544.246095862239599, 664440.605513708200306 ], [ 4503544.246095862239599, 664478.030031057074666 ], [ 4503544.246095862239599, 664515.454548405949026 ], [ 4503517.782965862192214, 664541.917678405996412 ], [ 4503480.358448513783514, 664541.917678405996412 ], [ 4503442.933931165374815, 664541.917678405996412 ], [ 4503405.509413816966116, 664541.917678405996412 ], [ 4503368.084896468557417, 664541.917678405996412 ], [ 4503368.084896468557417, 664579.342195754870772 ], [ 4503368.084896468557417, 664616.766713103745133 ], [ 4503368.084896468557417, 664654.191230452619493 ], [ 4503368.084896468557417, 664691.615747801493853 ], [ 4503341.621766468510032, 664718.078877801541239 ], [ 4503304.197249120101333, 664718.078877801541239 ], [ 4503266.772731771692634, 664718.078877801541239 ], [ 4503229.348214423283935, 664718.078877801541239 ], [ 4503191.923697074875236, 664718.078877801541239 ], [ 4503191.923697074875236, 664755.503395150415599 ], [ 4503191.923697074875236, 664792.92791249928996 ], [ 4503191.923697074875236, 664830.35242984816432 ], [ 4503191.923697074875236, 664867.77694719703868 ], [ 4503191.923697074875236, 664905.201464545913041 ], [ 4503191.923697074875236, 664942.625981894787401 ], [ 4503191.923697074875236, 664980.050499243661761 ], [ 4503191.923697074875236, 665017.475016592536122 ], [ 4503165.46056707482785, 665043.938146592583507 ], [ 4503128.036049726419151, 665043.938146592583507 ], [ 4503090.611532378010452, 665043.938146592583507 ], [ 4503053.187015029601753, 665043.938146592583507 ], [ 4503053.187015029601753, 665081.362663941457868 ], [ 4503053.187015029601753, 665118.787181290332228 ], [ 4503053.187015029601753, 665156.211698639206588 ], [ 4503053.187015029601753, 665193.636215988080949 ], [ 4503053.187015029601753, 665231.060733336955309 ], [ 4503053.187015029601753, 665268.485250685829669 ], [ 4503053.187015029601753, 665305.90976803470403 ], [ 4503053.187015029601753, 665343.33428538357839 ], [ 4503026.723885029554367, 665369.797415383625776 ], [ 4502989.299367681145668, 665369.797415383625776 ], [ 4502951.874850332736969, 665369.797415383625776 ], [ 4502914.45033298432827, 665369.797415383625776 ], [ 4502877.025815635919571, 665369.797415383625776 ], [ 4502877.025815635919571, 665407.221932732500136 ], [ 4502877.025815635919571, 665444.646450081374496 ], [ 4502877.025815635919571, 665482.070967430248857 ], [ 4502877.025815635919571, 665519.495484779123217 ], [ 4502850.562685635872185, 665545.958614779170603 ], [ 4502813.138168287463486, 665545.958614779170603 ], [ 4502775.713650939054787, 665545.958614779170603 ], [ 4502738.289133590646088, 665545.958614779170603 ], [ 4502738.289133590646088, 665583.383132128044963 ], [ 4502738.289133590646088, 665620.807649476919323 ], [ 4502738.289133590646088, 665658.232166825793684 ], [ 4502738.289133590646088, 665695.656684174668044 ], [ 4502738.289133590646088, 665733.081201523542404 ], [ 4502738.289133590646088, 665770.505718872416764 ], [ 4502738.289133590646088, 665807.930236221291125 ], [ 4502738.289133590646088, 665845.354753570165485 ], [ 4502711.826003590598702, 665871.817883570212871 ], [ 4502674.401486242190003, 665871.817883570212871 ], [ 4502636.976968893781304, 665871.817883570212871 ], [ 4502599.552451545372605, 665871.817883570212871 ], [ 4502562.127934196963906, 665871.817883570212871 ], [ 4502535.664804196916521, 665898.281013570260257 ], [ 4502535.664804196916521, 665935.705530919134617 ], [ 4502535.664804196916521, 665973.130048268008977 ], [ 4502535.664804196916521, 666010.554565616883337 ], [ 4502509.201674196869135, 666037.017695616930723 ], [ 4502471.777156848460436, 666037.017695616930723 ], [ 4502434.352639500051737, 666037.017695616930723 ], [ 4502396.928122151643038, 666037.017695616930723 ], [ 4502370.464992151595652, 666063.480825616978109 ], [ 4502370.464992151595652, 666100.905342965852469 ], [ 4502370.464992151595652, 666138.32986031472683 ], [ 4502370.464992151595652, 666175.75437766360119 ], [ 4502344.001862151548266, 666202.217507663648576 ], [ 4502306.577344803139567, 666202.217507663648576 ], [ 4502269.152827454730868, 666202.217507663648576 ], [ 4502231.728310106322169, 666202.217507663648576 ], [ 4502231.728310106322169, 666239.642025012522936 ], [ 4502231.728310106322169, 666277.066542361397296 ], [ 4502231.728310106322169, 666314.491059710271657 ], [ 4502231.728310106322169, 666351.915577059146017 ], [ 4502205.265180106274784, 666378.378707059193403 ], [ 4502167.840662757866085, 666378.378707059193403 ], [ 4502130.416145409457386, 666378.378707059193403 ], [ 4502092.991628061048687, 666378.378707059193403 ], [ 4502055.567110712639987, 666378.378707059193403 ], [ 4502055.567110712639987, 666415.803224408067763 ], [ 4502055.567110712639987, 666453.227741756942123 ], [ 4502055.567110712639987, 666490.652259105816483 ], [ 4502055.567110712639987, 666528.076776454690844 ], [ 4502018.142593364231288, 666528.076776454690844 ], [ 4501980.718076015822589, 666528.076776454690844 ], [ 4501943.29355866741389, 666528.076776454690844 ], [ 4501905.869041319005191, 666528.076776454690844 ], [ 4501868.444523970596492, 666528.076776454690844 ], [ 4501868.444523970596492, 666565.501293803565204 ], [ 4501868.444523970596492, 666602.925811152439564 ], [ 4501868.444523970596492, 666640.350328501313925 ], [ 4501868.444523970596492, 666677.774845850188285 ], [ 4501841.981393970549107, 666704.237975850235671 ], [ 4501804.556876622140408, 666704.237975850235671 ], [ 4501767.132359273731709, 666704.237975850235671 ], [ 4501729.707841925323009, 666704.237975850235671 ], [ 4501729.707841925323009, 666741.662493199110031 ], [ 4501729.707841925323009, 666779.087010547984391 ], [ 4501729.707841925323009, 666816.511527896858752 ], [ 4501729.707841925323009, 666853.936045245733112 ], [ 4501692.28332457691431, 666853.936045245733112 ], [ 4501654.858807228505611, 666853.936045245733112 ], [ 4501617.434289880096912, 666853.936045245733112 ], [ 4501580.009772531688213, 666853.936045245733112 ], [ 4501553.546642531640828, 666880.399175245780498 ], [ 4501553.546642531640828, 666917.823692594654858 ], [ 4501553.546642531640828, 666955.248209943529218 ], [ 4501553.546642531640828, 666992.672727292403579 ], [ 4501527.083512531593442, 667019.135857292450964 ], [ 4501489.658995183184743, 667019.135857292450964 ], [ 4501452.234477834776044, 667019.135857292450964 ], [ 4501414.809960486367345, 667019.135857292450964 ], [ 4501414.809960486367345, 667056.560374641325325 ], [ 4501414.809960486367345, 667093.984891990199685 ], [ 4501414.809960486367345, 667131.409409339074045 ], [ 4501414.809960486367345, 667168.833926687948406 ], [ 4501414.809960486367345, 667206.258444036822766 ], [ 4501414.809960486367345, 667243.682961385697126 ], [ 4501414.809960486367345, 667281.107478734571487 ], [ 4501414.809960486367345, 667318.531996083445847 ], [ 4501414.809960486367345, 667355.956513432320207 ], [ 4501377.385443137958646, 667355.956513432320207 ], [ 4501339.960925789549947, 667355.956513432320207 ], [ 4501302.536408441141248, 667355.956513432320207 ], [ 4501265.111891092732549, 667355.956513432320207 ], [ 4501238.648761092685163, 667382.419643432367593 ], [ 4501238.648761092685163, 667419.844160781241953 ], [ 4501238.648761092685163, 667457.268678130116314 ], [ 4501238.648761092685163, 667494.693195478990674 ], [ 4501212.185631092637777, 667521.15632547903806 ], [ 4501174.761113744229078, 667521.15632547903806 ], [ 4501137.336596395820379, 667521.15632547903806 ], [ 4501099.91207904741168, 667521.15632547903806 ], [ 4501062.487561699002981, 667521.15632547903806 ], [ 4501062.487561699002981, 667558.58084282791242 ], [ 4501062.487561699002981, 667596.00536017678678 ], [ 4501062.487561699002981, 667633.429877525661141 ], [ 4501062.487561699002981, 667670.854394874535501 ], [ 4501036.024431698955595, 667697.317524874582887 ], [ 4500998.599914350546896, 667697.317524874582887 ], [ 4500961.175397002138197, 667697.317524874582887 ], [ 4500923.750879653729498, 667697.317524874582887 ], [ 4500897.287749653682113, 667723.780654874630272 ], [ 4500897.287749653682113, 667761.205172223504633 ], [ 4500897.287749653682113, 667798.629689572378993 ], [ 4500897.287749653682113, 667836.054206921253353 ], [ 4500870.824619653634727, 667862.517336921300739 ], [ 4500833.400102305226028, 667862.517336921300739 ], [ 4500795.975584956817329, 667862.517336921300739 ], [ 4500758.55106760840863, 667862.517336921300739 ], [ 4500732.087937608361244, 667888.980466921348125 ], [ 4500732.087937608361244, 667926.404984270222485 ], [ 4500732.087937608361244, 667963.829501619096845 ], [ 4500732.087937608361244, 668001.254018967971206 ], [ 4500732.087937608361244, 668038.678536316845566 ], [ 4500732.087937608361244, 668076.103053665719926 ], [ 4500732.087937608361244, 668113.527571014594287 ], [ 4500732.087937608361244, 668150.952088363468647 ], [ 4500732.087937608361244, 668188.376605712343007 ], [ 4500732.087937608361244, 668225.801123061217368 ], [ 4500732.087937608361244, 668263.225640410091728 ], [ 4500732.087937608361244, 668300.650157758966088 ], [ 4500732.087937608361244, 668338.074675107840449 ], [ 4500732.087937608361244, 668375.499192456714809 ], [ 4500732.087937608361244, 668412.923709805589169 ], [ 4500732.087937608361244, 668450.34822715446353 ], [ 4500732.087937608361244, 668487.77274450333789 ], [ 4500705.624807608313859, 668514.235874503385276 ], [ 4500668.200290259905159, 668514.235874503385276 ], [ 4500630.77577291149646, 668514.235874503385276 ], [ 4500593.351255563087761, 668514.235874503385276 ], [ 4500593.351255563087761, 668551.660391852259636 ], [ 4500593.351255563087761, 668589.084909201133996 ], [ 4500593.351255563087761, 668626.509426550008357 ], [ 4500593.351255563087761, 668663.933943898882717 ], [ 4500593.351255563087761, 668701.358461247757077 ], [ 4500593.351255563087761, 668738.782978596631438 ], [ 4500593.351255563087761, 668776.207495945505798 ], [ 4500593.351255563087761, 668813.632013294380158 ], [ 4500566.888125563040376, 668840.095143294427544 ], [ 4500529.463608214631677, 668840.095143294427544 ], [ 4500492.039090866222978, 668840.095143294427544 ], [ 4500454.614573517814279, 668840.095143294427544 ], [ 4500417.19005616940558, 668840.095143294427544 ], [ 4500417.19005616940558, 668877.519660643301904 ], [ 4500417.19005616940558, 668914.944177992176265 ], [ 4500417.19005616940558, 668952.368695341050625 ], [ 4500417.19005616940558, 668989.793212689924985 ], [ 4500417.19005616940558, 669027.217730038799345 ], [ 4500417.19005616940558, 669064.642247387673706 ], [ 4500417.19005616940558, 669102.066764736548066 ], [ 4500417.19005616940558, 669139.491282085422426 ], [ 4500417.19005616940558, 669176.915799434296787 ], [ 4500417.19005616940558, 669214.340316783171147 ], [ 4500417.19005616940558, 669251.764834132045507 ], [ 4500417.19005616940558, 669289.189351480919868 ], [ 4500417.19005616940558, 669326.613868829794228 ], [ 4500417.19005616940558, 669364.038386178668588 ], [ 4500417.19005616940558, 669401.462903527542949 ], [ 4500417.19005616940558, 669438.887420876417309 ], [ 4500417.19005616940558, 669476.311938225291669 ], [ 4500390.726926169358194, 669502.775068225339055 ], [ 4500353.302408820949495, 669502.775068225339055 ], [ 4500315.877891472540796, 669502.775068225339055 ], [ 4500278.453374124132097, 669502.775068225339055 ], [ 4500241.028856775723398, 669502.775068225339055 ], [ 4500241.028856775723398, 669540.199585574213415 ], [ 4500241.028856775723398, 669577.624102923087776 ], [ 4500241.028856775723398, 669615.048620271962136 ], [ 4500241.028856775723398, 669652.473137620836496 ], [ 4500241.028856775723398, 669689.897654969710857 ], [ 4500241.028856775723398, 669727.322172318585217 ], [ 4500241.028856775723398, 669764.746689667459577 ], [ 4500241.028856775723398, 669802.171207016333938 ], [ 4500241.028856775723398, 669839.595724365208298 ], [ 4500241.028856775723398, 669877.020241714082658 ], [ 4500241.028856775723398, 669914.444759062957019 ], [ 4500241.028856775723398, 669951.869276411831379 ], [ 4500241.028856775723398, 669989.293793760705739 ], [ 4500214.565726775676012, 670015.756923760753125 ], [ 4500177.141209427267313, 670015.756923760753125 ], [ 4500139.716692078858614, 670015.756923760753125 ], [ 4500102.292174730449915, 670015.756923760753125 ], [ 4500075.829044730402529, 670042.220053760800511 ], [ 4500075.829044730402529, 670079.644571109674871 ], [ 4500075.829044730402529, 670117.069088458549231 ], [ 4500075.829044730402529, 670154.493605807423592 ], [ 4500075.829044730402529, 670191.918123156297952 ], [ 4500075.829044730402529, 670229.342640505172312 ], [ 4500075.829044730402529, 670266.767157854046673 ], [ 4500075.829044730402529, 670304.191675202921033 ], [ 4500075.829044730402529, 670341.616192551795393 ], [ 4500075.829044730402529, 670379.040709900669754 ], [ 4500075.829044730402529, 670416.465227249544114 ], [ 4500075.829044730402529, 670453.889744598418474 ], [ 4500075.829044730402529, 670491.314261947292835 ], [ 4500038.40452738199383, 670491.314261947292835 ], [ 4500000.980010033585131, 670491.314261947292835 ], [ 4499963.555492685176432, 670491.314261947292835 ], [ 4499926.130975336767733, 670491.314261947292835 ], [ 4499926.130975336767733, 670528.738779296167195 ], [ 4499926.130975336767733, 670566.163296645041555 ], [ 4499926.130975336767733, 670603.587813993915915 ], [ 4499926.130975336767733, 670641.012331342790276 ], [ 4499926.130975336767733, 670678.436848691664636 ], [ 4499926.130975336767733, 670715.861366040538996 ], [ 4499926.130975336767733, 670753.285883389413357 ], [ 4499926.130975336767733, 670790.710400738287717 ], [ 4499926.130975336767733, 670828.134918087162077 ], [ 4499926.130975336767733, 670865.559435436036438 ], [ 4499926.130975336767733, 670902.983952784910798 ], [ 4499926.130975336767733, 670940.408470133785158 ], [ 4499926.130975336767733, 670977.832987482659519 ], [ 4499899.667845336720347, 671004.296117482706904 ], [ 4499862.243327988311648, 671004.296117482706904 ], [ 4499824.818810639902949, 671004.296117482706904 ], [ 4499787.39429329149425, 671004.296117482706904 ], [ 4499749.969775943085551, 671004.296117482706904 ], [ 4499749.969775943085551, 671041.720634831581265 ], [ 4499749.969775943085551, 671079.145152180455625 ], [ 4499749.969775943085551, 671116.569669529329985 ], [ 4499749.969775943085551, 671153.994186878204346 ], [ 4499712.545258594676852, 671153.994186878204346 ], [ 4499675.120741246268153, 671153.994186878204346 ], [ 4499637.696223897859454, 671153.994186878204346 ], [ 4499600.271706549450755, 671153.994186878204346 ], [ 4499573.808576549403369, 671180.457316878251731 ], [ 4499573.808576549403369, 671217.881834227126092 ], [ 4499573.808576549403369, 671255.306351576000452 ], [ 4499573.808576549403369, 671292.730868924874812 ], [ 4499573.808576549403369, 671330.155386273749173 ], [ 4499573.808576549403369, 671367.579903622623533 ], [ 4499573.808576549403369, 671405.004420971497893 ], [ 4499573.808576549403369, 671442.428938320372254 ], [ 4499573.808576549403369, 671479.853455669246614 ], [ 4499573.808576549403369, 671517.277973018120974 ], [ 4499573.808576549403369, 671554.702490366995335 ], [ 4499573.808576549403369, 671592.127007715869695 ], [ 4499573.808576549403369, 671629.551525064744055 ], [ 4499547.345446549355984, 671656.014655064791441 ], [ 4499509.920929200947285, 671656.014655064791441 ], [ 4499472.496411852538586, 671656.014655064791441 ], [ 4499435.071894504129887, 671656.014655064791441 ], [ 4499408.608764504082501, 671682.477785064838827 ], [ 4499408.608764504082501, 671719.902302413713187 ], [ 4499408.608764504082501, 671757.326819762587547 ], [ 4499408.608764504082501, 671794.751337111461908 ], [ 4499382.145634504035115, 671821.214467111509293 ], [ 4499344.721117155626416, 671821.214467111509293 ], [ 4499307.296599807217717, 671821.214467111509293 ], [ 4499269.872082458809018, 671821.214467111509293 ], [ 4499269.872082458809018, 671858.638984460383654 ], [ 4499269.872082458809018, 671896.063501809258014 ], [ 4499269.872082458809018, 671933.488019158132374 ], [ 4499269.872082458809018, 671970.912536507006735 ], [ 4499269.872082458809018, 672008.337053855881095 ], [ 4499269.872082458809018, 672045.761571204755455 ], [ 4499269.872082458809018, 672083.186088553629816 ], [ 4499269.872082458809018, 672120.610605902504176 ], [ 4499269.872082458809018, 672158.035123251378536 ], [ 4499269.872082458809018, 672195.459640600252897 ], [ 4499269.872082458809018, 672232.884157949127257 ], [ 4499269.872082458809018, 672270.308675298001617 ], [ 4499269.872082458809018, 672307.733192646875978 ], [ 4499243.408952458761632, 672334.196322646923363 ], [ 4499205.984435110352933, 672334.196322646923363 ], [ 4499168.559917761944234, 672334.196322646923363 ], [ 4499131.135400413535535, 672334.196322646923363 ], [ 4499093.710883065126836, 672334.196322646923363 ], [ 4499093.710883065126836, 672371.620839995797724 ], [ 4499093.710883065126836, 672409.045357344672084 ], [ 4499093.710883065126836, 672446.469874693546444 ], [ 4499093.710883065126836, 672483.894392042420805 ], [ 4499093.710883065126836, 672521.318909391295165 ], [ 4499093.710883065126836, 672558.743426740169525 ], [ 4499093.710883065126836, 672596.167944089043885 ], [ 4499093.710883065126836, 672633.592461437918246 ], [ 4499067.247753065079451, 672660.055591437965631 ], [ 4499029.823235716670752, 672660.055591437965631 ], [ 4498992.398718368262053, 672660.055591437965631 ], [ 4498954.974201019853354, 672660.055591437965631 ], [ 4498954.974201019853354, 672697.480108786839992 ], [ 4498954.974201019853354, 672734.904626135714352 ], [ 4498954.974201019853354, 672772.329143484588712 ], [ 4498954.974201019853354, 672809.753660833463073 ], [ 4498954.974201019853354, 672847.178178182337433 ], [ 4498954.974201019853354, 672884.602695531211793 ], [ 4498954.974201019853354, 672922.027212880086154 ], [ 4498954.974201019853354, 672959.451730228960514 ], [ 4498928.511071019805968, 672985.9148602290079 ], [ 4498891.086553671397269, 672985.9148602290079 ], [ 4498853.66203632298857, 672985.9148602290079 ], [ 4498816.237518974579871, 672985.9148602290079 ], [ 4498778.813001626171172, 672985.9148602290079 ], [ 4498752.349871626123786, 673012.377990229055285 ], [ 4498752.349871626123786, 673049.802507577929646 ], [ 4498752.349871626123786, 673087.227024926804006 ], [ 4498752.349871626123786, 673124.651542275678366 ], [ 4498752.349871626123786, 673162.076059624552727 ], [ 4498752.349871626123786, 673199.500576973427087 ], [ 4498752.349871626123786, 673236.925094322301447 ], [ 4498752.349871626123786, 673274.349611671175808 ], [ 4498752.349871626123786, 673311.774129020050168 ], [ 4498714.925354277715087, 673311.774129020050168 ], [ 4498677.500836929306388, 673311.774129020050168 ], [ 4498640.076319580897689, 673311.774129020050168 ], [ 4498602.65180223248899, 673311.774129020050168 ], [ 4498602.65180223248899, 673349.198646368924528 ], [ 4498602.65180223248899, 673386.623163717798889 ], [ 4498602.65180223248899, 673424.047681066673249 ], [ 4498602.65180223248899, 673461.472198415547609 ], [ 4498602.65180223248899, 673498.89671576442197 ], [ 4498602.65180223248899, 673536.32123311329633 ], [ 4498602.65180223248899, 673573.74575046217069 ], [ 4498602.65180223248899, 673611.170267811045051 ], [ 4498576.188672232441604, 673637.633397811092436 ], [ 4498538.764154884032905, 673637.633397811092436 ], [ 4498501.339637535624206, 673637.633397811092436 ], [ 4498463.915120187215507, 673637.633397811092436 ], [ 4498426.490602838806808, 673637.633397811092436 ], [ 4498426.490602838806808, 673675.057915159966797 ], [ 4498426.490602838806808, 673712.482432508841157 ], [ 4498426.490602838806808, 673749.906949857715517 ], [ 4498426.490602838806808, 673787.331467206589878 ], [ 4498426.490602838806808, 673824.755984555464238 ], [ 4498426.490602838806808, 673862.180501904338598 ], [ 4498426.490602838806808, 673899.605019253212959 ], [ 4498426.490602838806808, 673937.029536602087319 ], [ 4498400.027472838759422, 673963.492666602134705 ], [ 4498362.602955490350723, 673963.492666602134705 ], [ 4498325.178438141942024, 673963.492666602134705 ], [ 4498287.753920793533325, 673963.492666602134705 ], [ 4498287.753920793533325, 674000.917183951009065 ], [ 4498287.753920793533325, 674038.341701299883425 ], [ 4498287.753920793533325, 674075.766218648757786 ], [ 4498287.753920793533325, 674113.190735997632146 ], [ 4498287.753920793533325, 674150.615253346506506 ], [ 4498287.753920793533325, 674188.039770695380867 ], [ 4498287.753920793533325, 674225.464288044255227 ], [ 4498287.753920793533325, 674262.888805393129587 ], [ 4498287.753920793533325, 674300.313322742003947 ], [ 4498250.329403445124626, 674300.313322742003947 ], [ 4498212.904886096715927, 674300.313322742003947 ], [ 4498175.480368748307228, 674300.313322742003947 ], [ 4498138.055851399898529, 674300.313322742003947 ], [ 4498111.592721399851143, 674326.776452742051333 ], [ 4498111.592721399851143, 674364.200970090925694 ], [ 4498111.592721399851143, 674401.625487439800054 ], [ 4498111.592721399851143, 674439.050004788674414 ], [ 4498111.592721399851143, 674476.474522137548774 ], [ 4498111.592721399851143, 674513.899039486423135 ], [ 4498111.592721399851143, 674551.323556835297495 ], [ 4498111.592721399851143, 674588.748074184171855 ], [ 4498111.592721399851143, 674626.172591533046216 ], [ 4498074.168204051442444, 674626.172591533046216 ], [ 4498036.743686703033745, 674626.172591533046216 ], [ 4497999.319169354625046, 674626.172591533046216 ], [ 4497961.894652006216347, 674626.172591533046216 ], [ 4497924.470134657807648, 674626.172591533046216 ], [ 4497887.045617309398949, 674626.172591533046216 ], [ 4497849.62109996099025, 674626.172591533046216 ], [ 4497812.196582612581551, 674626.172591533046216 ], [ 4497774.772065264172852, 674626.172591533046216 ], [ 4497774.772065264172852, 674663.597108881920576 ], [ 4497774.772065264172852, 674701.021626230794936 ], [ 4497774.772065264172852, 674738.446143579669297 ], [ 4497774.772065264172852, 674775.870660928543657 ], [ 4497774.772065264172852, 674813.295178277418017 ], [ 4497774.772065264172852, 674850.719695626292378 ], [ 4497774.772065264172852, 674888.144212975166738 ], [ 4497774.772065264172852, 674925.568730324041098 ], [ 4497774.772065264172852, 674962.993247672915459 ], [ 4497774.772065264172852, 675000.417765021789819 ], [ 4497774.772065264172852, 675037.842282370664179 ], [ 4497774.772065264172852, 675075.26679971953854 ], [ 4497774.772065264172852, 675112.6913170684129 ], [ 4497735.077370264567435, 675122.446398189640604 ], [ 4497695.382675264962018, 675120.974124106345698 ], [ 4497657.958157916553319, 675120.974124106345698 ], [ 4497620.533640568144619, 675120.974124106345698 ], [ 4497583.10912321973592, 675120.974124106345698 ], [ 4497545.684605871327221, 675120.974124106345698 ], [ 4497508.260088522918522, 675120.974124106345698 ], [ 4497470.835571174509823, 675120.974124106345698 ], [ 4497433.411053826101124, 675120.974124106345698 ], [ 4497395.986536477692425, 675120.974124106345698 ], [ 4497358.562019129283726, 675120.974124106345698 ], [ 4497321.137501780875027, 675120.974124106345698 ], [ 4497283.712984432466328, 675120.974124106345698 ], [ 4497283.712984432466328, 675158.398641455220059 ], [ 4497283.712984432466328, 675195.823158804094419 ], [ 4497283.712984432466328, 675233.247676152968779 ], [ 4497283.712984432466328, 675270.67219350184314 ], [ 4497257.249854432418942, 675297.135323501890525 ], [ 4497219.825337084010243, 675297.135323501890525 ], [ 4497182.400819735601544, 675297.135323501890525 ], [ 4497144.976302387192845, 675297.135323501890525 ], [ 4497107.551785038784146, 675297.135323501890525 ], [ 4497107.551785038784146, 675334.559840850764886 ], [ 4497107.551785038784146, 675371.984358199639246 ], [ 4497107.551785038784146, 675409.408875548513606 ], [ 4497107.551785038784146, 675446.833392897387967 ], [ 4497081.088655038736761, 675473.296522897435352 ], [ 4497043.664137690328062, 675473.296522897435352 ], [ 4497006.239620341919363, 675473.296522897435352 ], [ 4496968.815102993510664, 675473.296522897435352 ], [ 4496931.390585645101964, 675473.296522897435352 ], [ 4496893.966068296693265, 675473.296522897435352 ], [ 4496856.541550948284566, 675473.296522897435352 ], [ 4496819.117033599875867, 675473.296522897435352 ], [ 4496792.653903599828482, 675499.759652897482738 ], [ 4496792.653903599828482, 675537.184170246357098 ], [ 4496792.653903599828482, 675574.608687595231459 ], [ 4496792.653903599828482, 675612.033204944105819 ], [ 4496766.190773599781096, 675638.496334944153205 ], [ 4496728.766256251372397, 675638.496334944153205 ], [ 4496691.341738902963698, 675638.496334944153205 ], [ 4496653.917221554554999, 675638.496334944153205 ], [ 4496627.454091554507613, 675664.95946494420059 ], [ 4496627.454091554507613, 675702.383982293074951 ], [ 4496627.454091554507613, 675739.808499641949311 ], [ 4496627.454091554507613, 675777.233016990823671 ], [ 4496600.990961554460227, 675803.696146990871057 ], [ 4496563.566444206051528, 675803.696146990871057 ], [ 4496526.141926857642829, 675803.696146990871057 ], [ 4496488.71740950923413, 675803.696146990871057 ], [ 4496451.292892160825431, 675803.696146990871057 ], [ 4496413.868374812416732, 675803.696146990871057 ], [ 4496376.443857464008033, 675803.696146990871057 ], [ 4496339.019340115599334, 675803.696146990871057 ], [ 4496301.594822767190635, 675803.696146990871057 ], [ 4496301.594822767190635, 675841.120664339745417 ], [ 4496301.594822767190635, 675878.545181688619778 ], [ 4496301.594822767190635, 675915.969699037494138 ], [ 4496301.594822767190635, 675953.394216386368498 ], [ 4496264.170305418781936, 675953.394216386368498 ], [ 4496226.745788070373237, 675953.394216386368498 ], [ 4496189.321270721964538, 675953.394216386368498 ], [ 4496151.896753373555839, 675953.394216386368498 ], [ 4496114.47223602514714, 675953.394216386368498 ], [ 4496077.047718676738441, 675953.394216386368498 ], [ 4496039.623201328329742, 675953.394216386368498 ], [ 4496002.198683979921043, 675953.394216386368498 ], [ 4495964.774166631512344, 675953.394216386368498 ], [ 4495964.774166631512344, 675990.818733735242859 ], [ 4495964.774166631512344, 676028.243251084117219 ], [ 4495964.774166631512344, 676065.667768432991579 ], [ 4495964.774166631512344, 676103.092285781865939 ], [ 4495938.311036631464958, 676129.555415781913325 ], [ 4495900.886519283056259, 676129.555415781913325 ], [ 4495863.46200193464756, 676129.555415781913325 ], [ 4495826.037484586238861, 676129.555415781913325 ], [ 4495826.037484586238861, 676166.979933130787686 ], [ 4495826.037484586238861, 676204.404450479662046 ], [ 4495826.037484586238861, 676241.828967828536406 ], [ 4495826.037484586238861, 676279.253485177410766 ], [ 4495788.612967237830162, 676279.253485177410766 ], [ 4495751.188449889421463, 676279.253485177410766 ], [ 4495713.763932541012764, 676279.253485177410766 ], [ 4495676.339415192604065, 676279.253485177410766 ], [ 4495638.914897844195366, 676279.253485177410766 ], [ 4495601.490380495786667, 676279.253485177410766 ], [ 4495564.065863147377968, 676279.253485177410766 ], [ 4495526.641345798969269, 676279.253485177410766 ], [ 4495489.21682845056057, 676279.253485177410766 ], [ 4495462.753698450513184, 676305.716615177458152 ], [ 4495462.753698450513184, 676343.141132526332512 ], [ 4495462.753698450513184, 676380.565649875206873 ], [ 4495462.753698450513184, 676417.990167224081233 ], [ 4495436.290568450465798, 676444.453297224128619 ], [ 4495398.866051102057099, 676444.453297224128619 ], [ 4495361.4415337536484, 676444.453297224128619 ], [ 4495324.017016405239701, 676444.453297224128619 ], [ 4495324.017016405239701, 676481.877814573002979 ], [ 4495324.017016405239701, 676519.302331921877339 ], [ 4495324.017016405239701, 676556.7268492707517 ], [ 4495324.017016405239701, 676594.15136661962606 ], [ 4495297.553886405192316, 676620.614496619673446 ], [ 4495260.129369056783617, 676620.614496619673446 ], [ 4495222.704851708374918, 676620.614496619673446 ], [ 4495185.280334359966218, 676620.614496619673446 ], [ 4495147.855817011557519, 676620.614496619673446 ], [ 4495110.43129966314882, 676620.614496619673446 ], [ 4495073.006782314740121, 676620.614496619673446 ], [ 4495035.582264966331422, 676620.614496619673446 ], [ 4494998.157747617922723, 676620.614496619673446 ], [ 4494960.733230269514024, 676620.614496619673446 ], [ 4494960.733230269514024, 676658.039013968547806 ], [ 4494960.733230269514024, 676695.463531317422166 ], [ 4494960.733230269514024, 676732.888048666296527 ], [ 4494960.733230269514024, 676770.312566015170887 ], [ 4494934.270100269466639, 676796.775696015218273 ], [ 4494896.84558292105794, 676796.775696015218273 ], [ 4494859.42106557264924, 676796.775696015218273 ], [ 4494821.996548224240541, 676796.775696015218273 ], [ 4494821.996548224240541, 676834.200213364092633 ], [ 4494821.996548224240541, 676871.624730712966993 ], [ 4494821.996548224240541, 676909.049248061841354 ], [ 4494821.996548224240541, 676946.473765410715714 ], [ 4494784.572030875831842, 676946.473765410715714 ], [ 4494747.147513527423143, 676946.473765410715714 ], [ 4494709.722996179014444, 676946.473765410715714 ], [ 4494672.298478830605745, 676946.473765410715714 ], [ 4494645.83534883055836, 676972.9368954107631 ], [ 4494645.83534883055836, 677010.36141275963746 ], [ 4494645.83534883055836, 677047.78593010851182 ], [ 4494645.83534883055836, 677085.210447457386181 ], [ 4494645.83534883055836, 677122.634964806260541 ], [ 4494645.83534883055836, 677160.059482155134901 ], [ 4494645.83534883055836, 677197.483999504009262 ], [ 4494645.83534883055836, 677234.908516852883622 ], [ 4494645.83534883055836, 677272.333034201757982 ], [ 4494608.410831482149661, 677272.333034201757982 ], [ 4494570.986314133740962, 677272.333034201757982 ], [ 4494533.561796785332263, 677272.333034201757982 ], [ 4494496.137279436923563, 677272.333034201757982 ], [ 4494496.137279436923563, 677309.757551550632343 ], [ 4494496.137279436923563, 677347.182068899506703 ], [ 4494496.137279436923563, 677384.606586248381063 ], [ 4494496.137279436923563, 677422.031103597255424 ], [ 4494469.674149436876178, 677448.494233597302809 ], [ 4494432.249632088467479, 677448.494233597302809 ], [ 4494394.82511474005878, 677448.494233597302809 ], [ 4494357.400597391650081, 677448.494233597302809 ], [ 4494319.976080043241382, 677448.494233597302809 ], [ 4494282.551562694832683, 677448.494233597302809 ], [ 4494245.127045346423984, 677448.494233597302809 ], [ 4494207.702527998015285, 677448.494233597302809 ], [ 4494170.278010649606586, 677448.494233597302809 ], [ 4494143.8148806495592, 677474.957363597350195 ], [ 4494143.8148806495592, 677512.381880946224555 ], [ 4494143.8148806495592, 677549.806398295098916 ], [ 4494143.8148806495592, 677587.230915643973276 ], [ 4494117.351750649511814, 677613.694045644020662 ], [ 4494079.927233301103115, 677613.694045644020662 ], [ 4494042.502715952694416, 677613.694045644020662 ], [ 4494005.078198604285717, 677613.694045644020662 ], [ 4493967.653681255877018, 677613.694045644020662 ], [ 4493930.229163907468319, 677613.694045644020662 ], [ 4493892.80464655905962, 677613.694045644020662 ], [ 4493855.380129210650921, 677613.694045644020662 ], [ 4493817.955611862242222, 677613.694045644020662 ], [ 4493780.531094513833523, 677613.694045644020662 ], [ 4493743.106577165424824, 677613.694045644020662 ], [ 4493705.682059817016125, 677613.694045644020662 ], [ 4493668.257542468607426, 677613.694045644020662 ], [ 4493668.257542468607426, 677651.118562992895022 ], [ 4493668.257542468607426, 677688.543080341769382 ], [ 4493668.257542468607426, 677725.967597690643743 ], [ 4493668.257542468607426, 677763.392115039518103 ], [ 4493641.79441246856004, 677789.855245039565489 ], [ 4493604.369895120151341, 677789.855245039565489 ], [ 4493566.945377771742642, 677789.855245039565489 ], [ 4493529.520860423333943, 677789.855245039565489 ], [ 4493492.096343074925244, 677789.855245039565489 ], [ 4493454.671825726516545, 677789.855245039565489 ], [ 4493417.247308378107846, 677789.855245039565489 ], [ 4493379.822791029699147, 677789.855245039565489 ], [ 4493342.398273681290448, 677789.855245039565489 ], [ 4493342.398273681290448, 677827.279762388439849 ], [ 4493342.398273681290448, 677864.704279737314209 ], [ 4493342.398273681290448, 677902.12879708618857 ], [ 4493342.398273681290448, 677939.55331443506293 ], [ 4493304.973756332881749, 677939.55331443506293 ], [ 4493267.54923898447305, 677939.55331443506293 ], [ 4493230.124721636064351, 677939.55331443506293 ], [ 4493192.700204287655652, 677939.55331443506293 ], [ 4493155.275686939246953, 677939.55331443506293 ], [ 4493117.851169590838253, 677939.55331443506293 ], [ 4493080.426652242429554, 677939.55331443506293 ], [ 4493043.002134894020855, 677939.55331443506293 ], [ 4493005.577617545612156, 677939.55331443506293 ], [ 4492968.153100197203457, 677939.55331443506293 ], [ 4492930.728582848794758, 677939.55331443506293 ], [ 4492893.304065500386059, 677939.55331443506293 ], [ 4492855.87954815197736, 677939.55331443506293 ], [ 4492818.455030803568661, 677939.55331443506293 ], [ 4492781.030513455159962, 677939.55331443506293 ], [ 4492743.605996106751263, 677939.55331443506293 ], [ 4492706.181478758342564, 677939.55331443506293 ], [ 4492668.756961409933865, 677939.55331443506293 ], [ 4492668.756961409933865, 677976.97783178393729 ], [ 4492668.756961409933865, 678014.402349132811651 ], [ 4492668.756961409933865, 678051.826866481686011 ], [ 4492668.756961409933865, 678089.251383830560371 ], [ 4492642.293831409886479, 678115.714513830607757 ], [ 4492604.86931406147778, 678115.714513830607757 ], [ 4492567.444796713069081, 678115.714513830607757 ], [ 4492530.020279364660382, 678115.714513830607757 ], [ 4492503.557149364612997, 678142.177643830655143 ], [ 4492503.557149364612997, 678179.602161179529503 ], [ 4492503.557149364612997, 678217.026678528403863 ], [ 4492503.557149364612997, 678254.451195877278224 ], [ 4492477.094019364565611, 678280.914325877325609 ], [ 4492439.669502016156912, 678280.914325877325609 ], [ 4492402.244984667748213, 678280.914325877325609 ], [ 4492364.820467319339514, 678280.914325877325609 ], [ 4492327.395949970930815, 678280.914325877325609 ], [ 4492289.971432622522116, 678280.914325877325609 ], [ 4492252.546915274113417, 678280.914325877325609 ], [ 4492215.122397925704718, 678280.914325877325609 ], [ 4492177.697880577296019, 678280.914325877325609 ], [ 4492140.27336322888732, 678280.914325877325609 ], [ 4492102.848845880478621, 678280.914325877325609 ], [ 4492065.424328532069921, 678280.914325877325609 ], [ 4492027.999811183661222, 678280.914325877325609 ], [ 4491990.575293835252523, 678280.914325877325609 ], [ 4491953.150776486843824, 678280.914325877325609 ], [ 4491915.726259138435125, 678280.914325877325609 ], [ 4491878.301741790026426, 678280.914325877325609 ], [ 4491840.877224441617727, 678280.914325877325609 ], [ 4491840.877224441617727, 678318.33884322619997 ], [ 4491840.877224441617727, 678355.76336057507433 ], [ 4491840.877224441617727, 678393.18787792394869 ], [ 4491840.877224441617727, 678430.612395272823051 ], [ 4491803.452707093209028, 678430.612395272823051 ], [ 4491766.028189744800329, 678430.612395272823051 ], [ 4491728.60367239639163, 678430.612395272823051 ], [ 4491691.179155047982931, 678430.612395272823051 ], [ 4491653.754637699574232, 678430.612395272823051 ], [ 4491616.330120351165533, 678430.612395272823051 ], [ 4491578.905603002756834, 678430.612395272823051 ], [ 4491541.481085654348135, 678430.612395272823051 ], [ 4491541.481085654348135, 678468.036912621697411 ], [ 4491541.481085654348135, 678505.461429970571771 ], [ 4491541.481085654348135, 678542.885947319446132 ], [ 4491541.481085654348135, 678580.310464668320492 ], [ 4491501.786390654742718, 678597.550449259229936 ], [ 4491462.0916956551373, 678596.07817517593503 ], [ 4491424.667178306728601, 678596.07817517593503 ], [ 4491387.242660958319902, 678596.07817517593503 ], [ 4491349.818143609911203, 678596.07817517593503 ], [ 4491312.393626261502504, 678596.07817517593503 ], [ 4491274.969108913093805, 678596.07817517593503 ], [ 4491237.544591564685106, 678596.07817517593503 ], [ 4491200.120074216276407, 678596.07817517593503 ], [ 4491162.695556867867708, 678596.07817517593503 ], [ 4491125.271039519459009, 678596.07817517593503 ], [ 4491087.84652217105031, 678596.07817517593503 ], [ 4491050.422004822641611, 678596.07817517593503 ], [ 4491023.958874822594225, 678622.541305175982416 ], [ 4491023.958874822594225, 678659.965822524856776 ], [ 4491023.958874822594225, 678697.390339873731136 ], [ 4491023.958874822594225, 678734.814857222605497 ], [ 4490997.49574482254684, 678761.277987222652882 ], [ 4490960.071227474138141, 678761.277987222652882 ], [ 4490922.646710125729442, 678761.277987222652882 ], [ 4490885.222192777320743, 678761.277987222652882 ], [ 4490847.797675428912044, 678761.277987222652882 ], [ 4490810.373158080503345, 678761.277987222652882 ], [ 4490772.948640732094646, 678761.277987222652882 ], [ 4490735.524123383685946, 678761.277987222652882 ], [ 4490709.060993383638561, 678787.741117222700268 ], [ 4490709.060993383638561, 678825.165634571574628 ], [ 4490709.060993383638561, 678862.590151920448989 ], [ 4490709.060993383638561, 678900.014669269323349 ], [ 4490669.366298384033144, 678924.739557329914533 ], [ 4490629.671603384427726, 678927.009734981460497 ], [ 4490592.247086036019027, 678927.009734981460497 ], [ 4490554.822568687610328, 678927.009734981460497 ], [ 4490528.359438687562943, 678900.546604981413111 ], [ 4490528.359438687562943, 678863.122087632538751 ], [ 4490528.359438687562943, 678825.69757028366439 ], [ 4490528.359438687562943, 678788.27305293479003 ], [ 4490501.896308687515557, 678761.809922934742644 ], [ 4490464.471791339106858, 678761.809922934742644 ], [ 4490427.047273990698159, 678761.809922934742644 ], [ 4490389.62275664228946, 678761.809922934742644 ], [ 4490363.159626642242074, 678788.27305293479003 ], [ 4490363.159626642242074, 678825.69757028366439 ], [ 4490363.159626642242074, 678863.122087632538751 ], [ 4490363.159626642242074, 678900.546604981413111 ], [ 4490363.159626642242074, 678937.971122330287471 ], [ 4490363.159626642242074, 678975.395639679161832 ], [ 4490363.159626642242074, 679012.820157028036192 ], [ 4490363.159626642242074, 679050.244674376910552 ], [ 4490363.159626642242074, 679087.669191725784913 ], [ 4490336.696496642194688, 679114.132321725832298 ], [ 4490299.271979293785989, 679114.132321725832298 ], [ 4490261.84746194537729, 679114.132321725832298 ], [ 4490224.422944596968591, 679114.132321725832298 ], [ 4490197.959814596921206, 679140.595451725879684 ], [ 4490197.959814596921206, 679178.019969074754044 ], [ 4490197.959814596921206, 679215.444486423628405 ], [ 4490197.959814596921206, 679252.869003772502765 ], [ 4490197.959814596921206, 679290.293521121377125 ], [ 4490197.959814596921206, 679327.718038470251486 ], [ 4490197.959814596921206, 679365.142555819125846 ], [ 4490197.959814596921206, 679402.567073168000206 ], [ 4490171.49668459687382, 679429.030203168047592 ], [ 4490134.072167248465121, 679429.030203168047592 ], [ 4490096.647649900056422, 679429.030203168047592 ], [ 4490059.223132551647723, 679429.030203168047592 ], [ 4490059.223132551647723, 679466.454720516921952 ], [ 4490059.223132551647723, 679503.879237865796313 ], [ 4490059.223132551647723, 679541.303755214670673 ], [ 4490059.223132551647723, 679578.728272563545033 ], [ 4490032.760002551600337, 679605.191402563592419 ], [ 4489995.335485203191638, 679605.191402563592419 ], [ 4489957.910967854782939, 679605.191402563592419 ], [ 4489920.48645050637424, 679605.191402563592419 ], [ 4489883.061933157965541, 679605.191402563592419 ], [ 4489883.061933157965541, 679642.615919912466779 ], [ 4489883.061933157965541, 679680.04043726134114 ], [ 4489883.061933157965541, 679717.4649546102155 ], [ 4489883.061933157965541, 679754.88947195908986 ], [ 4489883.061933157965541, 679792.313989307964221 ], [ 4489883.061933157965541, 679829.738506656838581 ], [ 4489883.061933157965541, 679867.163024005712941 ], [ 4489883.061933157965541, 679904.587541354587302 ], [ 4489856.598803157918155, 679931.050671354634687 ], [ 4489819.174285809509456, 679931.050671354634687 ], [ 4489781.749768461100757, 679931.050671354634687 ], [ 4489744.325251112692058, 679931.050671354634687 ], [ 4489744.325251112692058, 679968.475188703509048 ], [ 4489744.325251112692058, 680005.899706052383408 ], [ 4489744.325251112692058, 680043.324223401257768 ], [ 4489744.325251112692058, 680080.748740750132129 ], [ 4489744.325251112692058, 680118.173258099006489 ], [ 4489744.325251112692058, 680155.597775447880849 ], [ 4489744.325251112692058, 680193.02229279675521 ], [ 4489744.325251112692058, 680230.44681014562957 ], [ 4489717.862121112644672, 680256.909940145676956 ], [ 4489680.437603764235973, 680256.909940145676956 ], [ 4489643.013086415827274, 680256.909940145676956 ], [ 4489605.588569067418575, 680256.909940145676956 ], [ 4489568.164051719009876, 680256.909940145676956 ], [ 4489541.700921718962491, 680283.373070145724341 ], [ 4489541.700921718962491, 680320.797587494598702 ], [ 4489541.700921718962491, 680358.222104843473062 ], [ 4489541.700921718962491, 680395.646622192347422 ], [ 4489541.700921718962491, 680433.071139541221783 ], [ 4489541.700921718962491, 680470.495656890096143 ], [ 4489541.700921718962491, 680507.920174238970503 ], [ 4489541.700921718962491, 680545.344691587844864 ], [ 4489541.700921718962491, 680582.769208936719224 ], [ 4489504.276404370553792, 680582.769208936719224 ], [ 4489466.851887022145092, 680582.769208936719224 ], [ 4489429.427369673736393, 680582.769208936719224 ], [ 4489392.002852325327694, 680582.769208936719224 ], [ 4489392.002852325327694, 680620.193726285593584 ], [ 4489392.002852325327694, 680657.618243634467945 ], [ 4489392.002852325327694, 680695.042760983342305 ], [ 4489392.002852325327694, 680732.467278332216665 ], [ 4489365.539722325280309, 680758.930408332264051 ], [ 4489328.11520497687161, 680758.930408332264051 ], [ 4489290.690687628462911, 680758.930408332264051 ], [ 4489253.266170280054212, 680758.930408332264051 ], [ 4489226.803040280006826, 680785.393538332311437 ], [ 4489226.803040280006826, 680822.818055681185797 ], [ 4489226.803040280006826, 680860.242573030060157 ], [ 4489226.803040280006826, 680897.667090378934518 ], [ 4489226.803040280006826, 680935.091607727808878 ], [ 4489226.803040280006826, 680972.516125076683238 ], [ 4489226.803040280006826, 681009.940642425557598 ], [ 4489226.803040280006826, 681047.365159774431959 ], [ 4489226.803040280006826, 681084.789677123306319 ], [ 4489226.803040280006826, 681122.214194472180679 ], [ 4489226.803040280006826, 681159.63871182105504 ], [ 4489226.803040280006826, 681197.0632291699294 ], [ 4489226.803040280006826, 681234.48774651880376 ], [ 4489200.33991027995944, 681260.950876518851146 ], [ 4489162.915392931550741, 681260.950876518851146 ], [ 4489125.490875583142042, 681260.950876518851146 ], [ 4489088.066358234733343, 681260.950876518851146 ], [ 4489061.603228234685957, 681287.414006518898532 ], [ 4489061.603228234685957, 681324.838523867772892 ], [ 4489061.603228234685957, 681362.263041216647252 ], [ 4489061.603228234685957, 681399.687558565521613 ], [ 4489035.140098234638572, 681426.150688565568998 ], [ 4488997.715580886229873, 681426.150688565568998 ], [ 4488960.291063537821174, 681426.150688565568998 ], [ 4488922.866546189412475, 681426.150688565568998 ], [ 4488922.866546189412475, 681463.575205914443359 ], [ 4488922.866546189412475, 681500.999723263317719 ], [ 4488922.866546189412475, 681538.424240612192079 ], [ 4488922.866546189412475, 681575.84875796106644 ], [ 4488922.866546189412475, 681613.2732753099408 ], [ 4488922.866546189412475, 681650.69779265881516 ], [ 4488922.866546189412475, 681688.122310007689521 ], [ 4488922.866546189412475, 681725.546827356563881 ], [ 4488896.403416189365089, 681752.009957356611267 ], [ 4488858.97889884095639, 681752.009957356611267 ], [ 4488821.554381492547691, 681752.009957356611267 ], [ 4488784.129864144138992, 681752.009957356611267 ], [ 4488746.705346795730293, 681752.009957356611267 ], [ 4488720.242216795682907, 681778.473087356658652 ], [ 4488720.242216795682907, 681815.897604705533013 ], [ 4488720.242216795682907, 681853.322122054407373 ], [ 4488720.242216795682907, 681890.746639403281733 ], [ 4488720.242216795682907, 681928.171156752156094 ], [ 4488720.242216795682907, 681965.595674101030454 ], [ 4488720.242216795682907, 682003.020191449904814 ], [ 4488720.242216795682907, 682040.444708798779175 ], [ 4488720.242216795682907, 682077.869226147653535 ], [ 4488682.817699447274208, 682077.869226147653535 ], [ 4488645.393182098865509, 682077.869226147653535 ], [ 4488607.96866475045681, 682077.869226147653535 ], [ 4488570.544147402048111, 682077.869226147653535 ], [ 4488570.544147402048111, 682115.293743496527895 ], [ 4488570.544147402048111, 682152.718260845402256 ], [ 4488570.544147402048111, 682190.142778194276616 ], [ 4488570.544147402048111, 682227.567295543150976 ], [ 4488570.544147402048111, 682264.991812892025337 ], [ 4488570.544147402048111, 682302.416330240899697 ], [ 4488570.544147402048111, 682339.840847589774057 ], [ 4488570.544147402048111, 682377.265364938648418 ], [ 4488544.081017402000725, 682403.728494938695803 ], [ 4488506.656500053592026, 682403.728494938695803 ], [ 4488469.231982705183327, 682403.728494938695803 ], [ 4488431.807465356774628, 682403.728494938695803 ], [ 4488405.344335356727242, 682430.191624938743189 ], [ 4488405.344335356727242, 682467.616142287617549 ], [ 4488405.344335356727242, 682505.04065963649191 ], [ 4488405.344335356727242, 682542.46517698536627 ], [ 4488405.344335356727242, 682579.88969433424063 ], [ 4488405.344335356727242, 682617.314211683114991 ], [ 4488405.344335356727242, 682654.738729031989351 ], [ 4488405.344335356727242, 682692.163246380863711 ], [ 4488405.344335356727242, 682729.587763729738072 ], [ 4488367.919818008318543, 682729.587763729738072 ], [ 4488330.495300659909844, 682729.587763729738072 ], [ 4488293.070783311501145, 682729.587763729738072 ], [ 4488255.646265963092446, 682729.587763729738072 ], [ 4488255.646265963092446, 682767.012281078612432 ], [ 4488255.646265963092446, 682804.436798427486792 ], [ 4488255.646265963092446, 682841.861315776361153 ], [ 4488255.646265963092446, 682879.285833125235513 ], [ 4488255.646265963092446, 682916.710350474109873 ], [ 4488255.646265963092446, 682954.134867822984233 ], [ 4488255.646265963092446, 682991.559385171858594 ], [ 4488255.646265963092446, 683028.983902520732954 ], [ 4488255.646265963092446, 683066.408419869607314 ], [ 4488218.221748614683747, 683066.408419869607314 ], [ 4488180.797231266275048, 683066.408419869607314 ], [ 4488143.372713917866349, 683066.408419869607314 ], [ 4488105.94819656945765, 683066.408419869607314 ], [ 4488068.523679221048951, 683066.408419869607314 ], [ 4488068.523679221048951, 683103.832937218481675 ], [ 4488068.523679221048951, 683141.257454567356035 ], [ 4488068.523679221048951, 683178.681971916230395 ], [ 4488068.523679221048951, 683216.106489265104756 ], [ 4488068.523679221048951, 683253.531006613979116 ], [ 4488068.523679221048951, 683290.955523962853476 ], [ 4488068.523679221048951, 683328.380041311727837 ], [ 4488068.523679221048951, 683365.804558660602197 ], [ 4488042.060549221001565, 683392.267688660649583 ], [ 4488004.636031872592866, 683392.267688660649583 ], [ 4487967.211514524184167, 683392.267688660649583 ], [ 4487929.786997175775468, 683392.267688660649583 ], [ 4487903.323867175728083, 683418.730818660696968 ], [ 4487903.323867175728083, 683456.155336009571329 ], [ 4487903.323867175728083, 683493.579853358445689 ], [ 4487903.323867175728083, 683531.004370707320049 ], [ 4487903.323867175728083, 683568.42888805619441 ], [ 4487903.323867175728083, 683605.85340540506877 ], [ 4487903.323867175728083, 683643.27792275394313 ], [ 4487903.323867175728083, 683680.702440102817491 ], [ 4487903.323867175728083, 683718.126957451691851 ], [ 4487876.860737175680697, 683744.590087451739237 ], [ 4487839.436219827271998, 683744.590087451739237 ], [ 4487802.011702478863299, 683744.590087451739237 ], [ 4487764.5871851304546, 683744.590087451739237 ], [ 4487738.124055130407214, 683771.053217451786622 ], [ 4487738.124055130407214, 683808.477734800660983 ], [ 4487738.124055130407214, 683845.902252149535343 ], [ 4487738.124055130407214, 683883.326769498409703 ], [ 4487738.124055130407214, 683920.751286847284064 ], [ 4487738.124055130407214, 683958.175804196158424 ], [ 4487738.124055130407214, 683995.600321545032784 ], [ 4487738.124055130407214, 684033.024838893907145 ], [ 4487711.660925130359828, 684059.48796889395453 ], [ 4487674.236407781951129, 684059.48796889395453 ], [ 4487636.81189043354243, 684059.48796889395453 ], [ 4487599.387373085133731, 684059.48796889395453 ], [ 4487599.387373085133731, 684096.912486242828891 ], [ 4487599.387373085133731, 684134.337003591703251 ], [ 4487599.387373085133731, 684171.761520940577611 ], [ 4487599.387373085133731, 684209.186038289451972 ], [ 4487599.387373085133731, 684246.610555638326332 ], [ 4487599.387373085133731, 684284.035072987200692 ], [ 4487599.387373085133731, 684321.459590336075053 ], [ 4487599.387373085133731, 684358.884107684949413 ], [ 4487572.924243085086346, 684385.347237684996799 ], [ 4487535.499725736677647, 684385.347237684996799 ], [ 4487498.075208388268948, 684385.347237684996799 ], [ 4487460.650691039860249, 684385.347237684996799 ], [ 4487423.22617369145155, 684385.347237684996799 ], [ 4487423.22617369145155, 684422.771755033871159 ], [ 4487423.22617369145155, 684460.196272382745519 ], [ 4487423.22617369145155, 684497.62078973161988 ], [ 4487423.22617369145155, 684535.04530708049424 ], [ 4487423.22617369145155, 684572.4698244293686 ], [ 4487423.22617369145155, 684609.894341778242961 ], [ 4487423.22617369145155, 684647.318859127117321 ], [ 4487423.22617369145155, 684684.743376475991681 ], [ 4487423.22617369145155, 684722.167893824866042 ], [ 4487385.80165634304285, 684722.167893824866042 ], [ 4487348.377138994634151, 684722.167893824866042 ], [ 4487310.952621646225452, 684722.167893824866042 ], [ 4487273.528104297816753, 684722.167893824866042 ], [ 4487236.103586949408054, 684722.167893824866042 ], [ 4487236.103586949408054, 684759.592411173740402 ], [ 4487236.103586949408054, 684797.016928522614762 ], [ 4487236.103586949408054, 684834.441445871489123 ], [ 4487236.103586949408054, 684871.865963220363483 ], [ 4487236.103586949408054, 684909.290480569237843 ], [ 4487236.103586949408054, 684946.714997918112203 ], [ 4487236.103586949408054, 684984.139515266986564 ], [ 4487236.103586949408054, 685021.564032615860924 ], [ 4487209.640456949360669, 685048.02716261590831 ], [ 4487172.21593960095197, 685048.02716261590831 ], [ 4487134.791422252543271, 685048.02716261590831 ], [ 4487097.366904904134572, 685048.02716261590831 ], [ 4487097.366904904134572, 685085.45167996478267 ], [ 4487097.366904904134572, 685122.87619731365703 ], [ 4487097.366904904134572, 685160.300714662531391 ], [ 4487097.366904904134572, 685197.725232011405751 ], [ 4487097.366904904134572, 685235.149749360280111 ], [ 4487097.366904904134572, 685272.574266709154472 ], [ 4487097.366904904134572, 685309.998784058028832 ], [ 4487097.366904904134572, 685347.423301406903192 ], [ 4487097.366904904134572, 685384.847818755777553 ], [ 4487059.942387555725873, 685384.847818755777553 ], [ 4487022.517870207317173, 685384.847818755777553 ], [ 4486985.093352858908474, 685384.847818755777553 ], [ 4486947.668835510499775, 685384.847818755777553 ], [ 4486921.20570551045239, 685411.310948755824938 ], [ 4486921.20570551045239, 685448.735466104699299 ], [ 4486921.20570551045239, 685486.159983453573659 ], [ 4486921.20570551045239, 685523.584500802448019 ], [ 4486921.20570551045239, 685561.00901815132238 ], [ 4486921.20570551045239, 685598.43353550019674 ], [ 4486921.20570551045239, 685635.8580528490711 ], [ 4486921.20570551045239, 685673.282570197945461 ], [ 4486921.20570551045239, 685710.707087546819821 ], [ 4486883.781188162043691, 685710.707087546819821 ], [ 4486846.356670813634992, 685710.707087546819821 ], [ 4486808.932153465226293, 685710.707087546819821 ], [ 4486771.507636116817594, 685710.707087546819821 ], [ 4486771.507636116817594, 685748.131604895694181 ], [ 4486771.507636116817594, 685785.556122244568542 ], [ 4486771.507636116817594, 685822.980639593442902 ], [ 4486771.507636116817594, 685860.405156942317262 ], [ 4486771.507636116817594, 685897.829674291191623 ], [ 4486771.507636116817594, 685935.254191640065983 ], [ 4486771.507636116817594, 685972.678708988940343 ], [ 4486771.507636116817594, 686010.103226337814704 ], [ 4486771.507636116817594, 686047.527743686689064 ], [ 4486771.507636116817594, 686084.952261035563424 ], [ 4486771.507636116817594, 686122.376778384437785 ], [ 4486771.507636116817594, 686159.801295733312145 ], [ 4486771.507636116817594, 686197.225813082186505 ], [ 4486745.044506116770208, 686223.688943082233891 ], [ 4486707.619988768361509, 686223.688943082233891 ], [ 4486670.19547141995281, 686223.688943082233891 ], [ 4486632.770954071544111, 686223.688943082233891 ], [ 4486606.307824071496725, 686250.152073082281277 ], [ 4486606.307824071496725, 686287.576590431155637 ], [ 4486606.307824071496725, 686325.001107780029997 ], [ 4486606.307824071496725, 686362.425625128904358 ], [ 4486606.307824071496725, 686399.850142477778718 ], [ 4486606.307824071496725, 686437.274659826653078 ], [ 4486606.307824071496725, 686474.699177175527439 ], [ 4486606.307824071496725, 686512.123694524401799 ], [ 4486579.844694071449339, 686538.586824524449185 ], [ 4486542.42017672304064, 686538.586824524449185 ], [ 4486504.995659374631941, 686538.586824524449185 ], [ 4486467.571142026223242, 686538.586824524449185 ], [ 4486430.146624677814543, 686538.586824524449185 ], [ 4486430.146624677814543, 686576.011341873323545 ], [ 4486430.146624677814543, 686613.435859222197905 ], [ 4486430.146624677814543, 686650.860376571072266 ], [ 4486430.146624677814543, 686688.284893919946626 ], [ 4486430.146624677814543, 686725.709411268820986 ], [ 4486430.146624677814543, 686763.133928617695346 ], [ 4486430.146624677814543, 686800.558445966569707 ], [ 4486430.146624677814543, 686837.982963315444067 ], [ 4486403.683494677767158, 686864.446093315491453 ], [ 4486366.258977329358459, 686864.446093315491453 ], [ 4486328.834459980949759, 686864.446093315491453 ], [ 4486291.40994263254106, 686864.446093315491453 ], [ 4486253.985425284132361, 686864.446093315491453 ], [ 4486253.985425284132361, 686901.870610664365813 ], [ 4486253.985425284132361, 686939.295128013240173 ], [ 4486253.985425284132361, 686976.719645362114534 ], [ 4486253.985425284132361, 687014.144162710988894 ], [ 4486253.985425284132361, 687051.568680059863254 ], [ 4486253.985425284132361, 687088.993197408737615 ], [ 4486253.985425284132361, 687126.417714757611975 ], [ 4486253.985425284132361, 687163.842232106486335 ], [ 4486253.985425284132361, 687201.266749455360696 ], [ 4486253.985425284132361, 687238.691266804235056 ], [ 4486253.985425284132361, 687276.115784153109416 ], [ 4486253.985425284132361, 687313.540301501983777 ], [ 4486253.985425284132361, 687350.964818850858137 ], [ 4486227.522295284084976, 687377.427948850905523 ], [ 4486190.097777935676277, 687377.427948850905523 ], [ 4486152.673260587267578, 687377.427948850905523 ], [ 4486115.248743238858879, 687377.427948850905523 ], [ 4486115.248743238858879, 687414.852466199779883 ], [ 4486115.248743238858879, 687452.276983548654243 ], [ 4486115.248743238858879, 687489.701500897528604 ], [ 4486115.248743238858879, 687527.126018246402964 ], [ 4486115.248743238858879, 687564.550535595277324 ], [ 4486115.248743238858879, 687601.975052944151685 ], [ 4486115.248743238858879, 687639.399570293026045 ], [ 4486115.248743238858879, 687676.824087641900405 ], [ 4486088.785613238811493, 687703.287217641947791 ], [ 4486051.361095890402794, 687703.287217641947791 ], [ 4486013.936578541994095, 687703.287217641947791 ], [ 4485976.512061193585396, 687703.287217641947791 ], [ 4485939.087543845176697, 687703.287217641947791 ], [ 4485939.087543845176697, 687740.711734990822151 ], [ 4485939.087543845176697, 687778.136252339696512 ], [ 4485939.087543845176697, 687815.560769688570872 ], [ 4485939.087543845176697, 687852.985287037445232 ], [ 4485939.087543845176697, 687890.409804386319593 ], [ 4485939.087543845176697, 687927.834321735193953 ], [ 4485939.087543845176697, 687965.258839084068313 ], [ 4485939.087543845176697, 688002.683356432942674 ], [ 4485939.087543845176697, 688040.107873781817034 ], [ 4485939.087543845176697, 688077.532391130691394 ], [ 4485939.087543845176697, 688114.956908479565755 ], [ 4485939.087543845176697, 688152.381425828440115 ], [ 4485939.087543845176697, 688189.805943177314475 ], [ 4485901.663026496767998, 688189.805943177314475 ], [ 4485864.238509148359299, 688189.805943177314475 ], [ 4485826.8139917999506, 688189.805943177314475 ], [ 4485789.389474451541901, 688189.805943177314475 ], [ 4485789.389474451541901, 688227.230460526188836 ], [ 4485789.389474451541901, 688264.654977875063196 ], [ 4485789.389474451541901, 688302.079495223937556 ], [ 4485789.389474451541901, 688339.504012572811916 ], [ 4485789.389474451541901, 688376.928529921686277 ], [ 4485789.389474451541901, 688414.353047270560637 ], [ 4485789.389474451541901, 688451.777564619434997 ], [ 4485789.389474451541901, 688489.202081968309358 ], [ 4485789.389474451541901, 688526.626599317183718 ], [ 4485789.389474451541901, 688564.051116666058078 ], [ 4485789.389474451541901, 688601.475634014932439 ], [ 4485789.389474451541901, 688638.900151363806799 ], [ 4485789.389474451541901, 688676.324668712681159 ], [ 4485762.926344451494515, 688702.787798712728545 ], [ 4485725.501827103085816, 688702.787798712728545 ], [ 4485688.077309754677117, 688702.787798712728545 ], [ 4485650.652792406268418, 688702.787798712728545 ], [ 4485613.228275057859719, 688702.787798712728545 ], [ 4485613.228275057859719, 688740.212316061602905 ], [ 4485613.228275057859719, 688777.636833410477266 ], [ 4485613.228275057859719, 688815.061350759351626 ], [ 4485613.228275057859719, 688852.485868108225986 ], [ 4485613.228275057859719, 688889.910385457100347 ], [ 4485613.228275057859719, 688927.334902805974707 ], [ 4485613.228275057859719, 688964.759420154849067 ], [ 4485613.228275057859719, 689002.183937503723428 ], [ 4485650.652792406268418, 689002.183937503723428 ], [ 4485688.077309754677117, 689002.183937503723428 ], [ 4485725.501827103085816, 689002.183937503723428 ], [ 4485762.926344451494515, 689002.183937503723428 ], [ 4485789.389474451541901, 689028.647067503770813 ], [ 4485789.389474451541901, 689066.071584852645174 ], [ 4485789.389474451541901, 689103.496102201519534 ], [ 4485789.389474451541901, 689140.920619550393894 ], [ 4485789.389474451541901, 689178.345136899268255 ], [ 4485789.389474451541901, 689215.769654248142615 ], [ 4485789.389474451541901, 689253.194171597016975 ], [ 4485789.389474451541901, 689290.618688945891336 ], [ 4485789.389474451541901, 689328.043206294765696 ], [ 4485789.389474451541901, 689365.467723643640056 ], [ 4485789.389474451541901, 689402.892240992514417 ], [ 4485789.389474451541901, 689440.316758341388777 ], [ 4485789.389474451541901, 689477.741275690263137 ], [ 4485789.389474451541901, 689515.165793039137498 ], [ 4485789.389474451541901, 689552.590310388011858 ], [ 4485789.389474451541901, 689590.014827736886218 ], [ 4485789.389474451541901, 689627.439345085760579 ], [ 4485789.389474451541901, 689664.863862434634939 ], [ 4485789.389474451541901, 689702.288379783509299 ], [ 4485789.389474451541901, 689739.712897132383659 ], [ 4485789.389474451541901, 689777.13741448125802 ], [ 4485789.389474451541901, 689814.56193183013238 ], [ 4485789.389474451541901, 689851.98644917900674 ], [ 4485789.389474451541901, 689889.410966527881101 ], [ 4485789.389474451541901, 689926.835483876755461 ], [ 4485789.389474451541901, 689964.260001225629821 ], [ 4485789.389474451541901, 690001.684518574504182 ], [ 4485789.389474451541901, 690039.109035923378542 ], [ 4485789.389474451541901, 690076.533553272252902 ], [ 4485789.389474451541901, 690113.958070621127263 ], [ 4485789.389474451541901, 690151.382587970001623 ], [ 4485789.389474451541901, 690188.807105318875983 ], [ 4485789.389474451541901, 690226.231622667750344 ], [ 4485789.389474451541901, 690263.656140016624704 ], [ 4485789.389474451541901, 690301.080657365499064 ], [ 4485815.852604451589286, 690327.54378736554645 ], [ 4485853.277121799997985, 690327.54378736554645 ], [ 4485890.701639148406684, 690327.54378736554645 ], [ 4485928.126156496815383, 690327.54378736554645 ], [ 4485954.589286496862769, 690354.006917365593836 ], [ 4485954.589286496862769, 690391.431434714468196 ], [ 4485954.589286496862769, 690428.855952063342556 ], [ 4485954.589286496862769, 690466.280469412216917 ], [ 4485954.589286496862769, 690503.704986761091277 ], [ 4485954.589286496862769, 690541.129504109965637 ], [ 4485954.589286496862769, 690578.554021458839998 ], [ 4485954.589286496862769, 690615.978538807714358 ], [ 4485954.589286496862769, 690653.403056156588718 ], [ 4485954.589286496862769, 690690.827573505463079 ], [ 4485954.589286496862769, 690728.252090854337439 ], [ 4485954.589286496862769, 690765.676608203211799 ], [ 4485954.589286496862769, 690803.10112555208616 ], [ 4485954.589286496862769, 690840.52564290096052 ], [ 4485954.589286496862769, 690877.95016024983488 ], [ 4485954.589286496862769, 690915.374677598709241 ], [ 4485954.589286496862769, 690952.799194947583601 ], [ 4485954.589286496862769, 690990.223712296457961 ], [ 4485992.013803845271468, 690990.223712296457961 ], [ 4486029.438321193680167, 690990.223712296457961 ], [ 4486066.862838542088866, 690990.223712296457961 ], [ 4486104.287355890497565, 690990.223712296457961 ], [ 4486104.287355890497565, 691027.648229645332322 ], [ 4486104.287355890497565, 691065.072746994206682 ], [ 4486104.287355890497565, 691102.497264343081042 ], [ 4486104.287355890497565, 691139.921781691955402 ], [ 4486104.287355890497565, 691177.346299040829763 ], [ 4486104.287355890497565, 691214.770816389704123 ], [ 4486104.287355890497565, 691252.195333738578483 ], [ 4486104.287355890497565, 691289.619851087452844 ], [ 4486104.287355890497565, 691327.044368436327204 ], [ 4486104.287355890497565, 691364.468885785201564 ], [ 4486104.287355890497565, 691401.893403134075925 ], [ 4486104.287355890497565, 691439.317920482950285 ], [ 4486104.287355890497565, 691476.742437831824645 ], [ 4486104.287355890497565, 691514.166955180699006 ], [ 4486104.287355890497565, 691551.591472529573366 ], [ 4486104.287355890497565, 691589.015989878447726 ], [ 4486104.287355890497565, 691626.440507227322087 ], [ 4486104.287355890497565, 691663.865024576196447 ], [ 4486104.287355890497565, 691701.289541925070807 ], [ 4486104.287355890497565, 691738.714059273945168 ], [ 4486104.287355890497565, 691776.138576622819528 ], [ 4486104.287355890497565, 691813.563093971693888 ], [ 4486104.287355890497565, 691850.987611320568249 ], [ 4486104.287355890497565, 691888.412128669442609 ], [ 4486104.287355890497565, 691925.836646018316969 ], [ 4486104.287355890497565, 691963.26116336719133 ], [ 4486104.287355890497565, 692000.68568071606569 ], [ 4486104.287355890497565, 692038.11019806494005 ], [ 4486104.287355890497565, 692075.534715413814411 ], [ 4486104.287355890497565, 692112.959232762688771 ], [ 4486104.287355890497565, 692150.383750111563131 ], [ 4486104.287355890497565, 692187.808267460437492 ], [ 4486104.287355890497565, 692225.232784809311852 ], [ 4486104.287355890497565, 692262.657302158186212 ], [ 4486104.287355890497565, 692300.081819507060573 ], [ 4486104.287355890497565, 692337.506336855934933 ], [ 4486104.287355890497565, 692374.930854204809293 ], [ 4486104.287355890497565, 692412.355371553683653 ], [ 4486104.287355890497565, 692449.779888902558014 ], [ 4486130.750485890544951, 692476.243018902605399 ], [ 4486168.17500323895365, 692476.243018902605399 ], [ 4486205.599520587362349, 692476.243018902605399 ], [ 4486243.024037935771048, 692476.243018902605399 ], [ 4486269.487167935818434, 692502.706148902652785 ], [ 4486269.487167935818434, 692540.130666251527146 ], [ 4486269.487167935818434, 692577.555183600401506 ], [ 4486269.487167935818434, 692614.979700949275866 ], [ 4486269.487167935818434, 692652.404218298150226 ], [ 4486269.487167935818434, 692689.828735647024587 ], [ 4486269.487167935818434, 692727.253252995898947 ], [ 4486269.487167935818434, 692764.677770344773307 ], [ 4486269.487167935818434, 692802.102287693647668 ], [ 4486269.487167935818434, 692839.526805042522028 ], [ 4486269.487167935818434, 692876.951322391396388 ], [ 4486269.487167935818434, 692914.375839740270749 ], [ 4486269.487167935818434, 692951.800357089145109 ], [ 4486269.487167935818434, 692989.224874438019469 ], [ 4486269.487167935818434, 693026.64939178689383 ], [ 4486269.487167935818434, 693064.07390913576819 ], [ 4486269.487167935818434, 693101.49842648464255 ], [ 4486269.487167935818434, 693138.922943833516911 ], [ 4486269.487167935818434, 693176.347461182391271 ], [ 4486269.487167935818434, 693213.771978531265631 ], [ 4486269.487167935818434, 693251.196495880139992 ], [ 4486269.487167935818434, 693288.621013229014352 ], [ 4486269.487167935818434, 693326.045530577888712 ], [ 4486269.487167935818434, 693363.470047926763073 ], [ 4486269.487167935818434, 693400.894565275637433 ], [ 4486269.487167935818434, 693438.319082624511793 ], [ 4486269.487167935818434, 693475.743599973386154 ], [ 4486269.487167935818434, 693513.168117322260514 ], [ 4486269.487167935818434, 693550.592634671134874 ], [ 4486269.487167935818434, 693588.017152020009235 ], [ 4486269.487167935818434, 693625.441669368883595 ], [ 4486269.487167935818434, 693662.866186717757955 ], [ 4486269.487167935818434, 693700.290704066632316 ], [ 4486269.487167935818434, 693737.715221415506676 ], [ 4486269.487167935818434, 693775.139738764381036 ], [ 4486269.487167935818434, 693812.564256113255396 ], [ 4486269.487167935818434, 693849.988773462129757 ], [ 4486269.487167935818434, 693887.413290811004117 ], [ 4486269.487167935818434, 693924.837808159878477 ], [ 4486269.487167935818434, 693962.262325508752838 ], [ 4486269.487167935818434, 693999.686842857627198 ], [ 4486269.487167935818434, 694037.111360206501558 ], [ 4486269.487167935818434, 694074.535877555375919 ], [ 4486269.487167935818434, 694111.960394904250279 ], [ 4486269.487167935818434, 694149.384912253124639 ], [ 4486269.487167935818434, 694186.809429601999 ], [ 4486269.487167935818434, 694224.23394695087336 ], [ 4486269.487167935818434, 694261.65846429974772 ], [ 4486269.487167935818434, 694299.082981648622081 ], [ 4486306.911685284227133, 694299.082981648622081 ], [ 4486344.336202632635832, 694299.082981648622081 ], [ 4486381.760719981044531, 694299.082981648622081 ], [ 4486419.18523732945323, 694299.082981648622081 ], [ 4486419.18523732945323, 694336.507498997496441 ], [ 4486419.18523732945323, 694373.932016346370801 ], [ 4486419.18523732945323, 694411.356533695245162 ], [ 4486419.18523732945323, 694448.781051044119522 ], [ 4486419.18523732945323, 694486.205568392993882 ], [ 4486419.18523732945323, 694523.630085741868243 ], [ 4486419.18523732945323, 694561.054603090742603 ], [ 4486419.18523732945323, 694598.479120439616963 ], [ 4486419.18523732945323, 694635.903637788491324 ], [ 4486419.18523732945323, 694673.328155137365684 ], [ 4486419.18523732945323, 694710.752672486240044 ], [ 4486419.18523732945323, 694748.177189835114405 ], [ 4486419.18523732945323, 694785.601707183988765 ], [ 4486419.18523732945323, 694823.026224532863125 ], [ 4486419.18523732945323, 694860.450741881737486 ], [ 4486419.18523732945323, 694897.875259230611846 ], [ 4486419.18523732945323, 694935.299776579486206 ], [ 4486419.18523732945323, 694972.724293928360566 ], [ 4486419.18523732945323, 695010.148811277234927 ], [ 4486419.18523732945323, 695047.573328626109287 ], [ 4486419.18523732945323, 695084.997845974983647 ], [ 4486419.18523732945323, 695122.422363323858008 ], [ 4486419.18523732945323, 695159.846880672732368 ], [ 4486419.18523732945323, 695197.271398021606728 ], [ 4486419.18523732945323, 695234.695915370481089 ], [ 4486419.18523732945323, 695272.120432719355449 ], [ 4486419.18523732945323, 695309.544950068229809 ], [ 4486419.18523732945323, 695346.96946741710417 ], [ 4486419.18523732945323, 695384.39398476597853 ], [ 4486419.18523732945323, 695421.81850211485289 ], [ 4486419.18523732945323, 695459.243019463727251 ], [ 4486419.18523732945323, 695496.667536812601611 ], [ 4486419.18523732945323, 695534.092054161475971 ], [ 4486419.18523732945323, 695571.516571510350332 ], [ 4486419.18523732945323, 695608.941088859224692 ], [ 4486419.18523732945323, 695646.365606208099052 ], [ 4486419.18523732945323, 695683.790123556973413 ], [ 4486419.18523732945323, 695721.214640905847773 ], [ 4486419.18523732945323, 695758.639158254722133 ], [ 4486419.18523732945323, 695796.063675603596494 ], [ 4486419.18523732945323, 695833.488192952470854 ], [ 4486419.18523732945323, 695870.912710301345214 ], [ 4486419.18523732945323, 695908.337227650219575 ], [ 4486419.18523732945323, 695945.761744999093935 ], [ 4486419.18523732945323, 695983.186262347968295 ], [ 4486419.18523732945323, 696020.610779696842656 ], [ 4486419.18523732945323, 696058.035297045717016 ], [ 4486419.18523732945323, 696095.459814394591376 ], [ 4486419.18523732945323, 696132.884331743465737 ], [ 4486419.18523732945323, 696170.308849092340097 ], [ 4486419.18523732945323, 696207.733366441214457 ], [ 4486419.18523732945323, 696245.157883790088817 ], [ 4486419.18523732945323, 696282.582401138963178 ], [ 4486419.18523732945323, 696320.006918487837538 ], [ 4486419.18523732945323, 696357.431435836711898 ], [ 4486419.18523732945323, 696394.855953185586259 ], [ 4486419.18523732945323, 696432.280470534460619 ], [ 4486419.18523732945323, 696469.704987883334979 ], [ 4486419.18523732945323, 696507.12950523220934 ], [ 4486419.18523732945323, 696544.5540225810837 ], [ 4486419.18523732945323, 696581.97853992995806 ], [ 4486419.18523732945323, 696619.403057278832421 ], [ 4486419.18523732945323, 696656.827574627706781 ], [ 4486419.18523732945323, 696694.252091976581141 ], [ 4486419.18523732945323, 696731.676609325455502 ], [ 4486419.18523732945323, 696769.101126674329862 ], [ 4486419.18523732945323, 696806.525644023204222 ], [ 4486419.18523732945323, 696843.950161372078583 ], [ 4486419.18523732945323, 696881.374678720952943 ], [ 4486419.18523732945323, 696918.799196069827303 ], [ 4486419.18523732945323, 696956.223713418701664 ], [ 4486419.18523732945323, 696993.648230767576024 ], [ 4486419.18523732945323, 697031.072748116450384 ], [ 4486419.18523732945323, 697068.497265465324745 ], [ 4486419.18523732945323, 697105.921782814199105 ], [ 4486419.18523732945323, 697143.346300163073465 ], [ 4486419.18523732945323, 697180.770817511947826 ], [ 4486419.18523732945323, 697218.195334860822186 ], [ 4486419.18523732945323, 697255.619852209696546 ], [ 4486419.18523732945323, 697293.044369558570907 ], [ 4486419.18523732945323, 697330.468886907445267 ], [ 4486419.18523732945323, 697367.893404256319627 ], [ 4486419.18523732945323, 697405.317921605193987 ], [ 4486419.18523732945323, 697442.742438954068348 ], [ 4486419.18523732945323, 697480.166956302942708 ], [ 4486419.18523732945323, 697517.591473651817068 ], [ 4486419.18523732945323, 697555.015991000691429 ], [ 4486419.18523732945323, 697592.440508349565789 ], [ 4486419.18523732945323, 697629.865025698440149 ], [ 4486419.18523732945323, 697667.28954304731451 ], [ 4486419.18523732945323, 697704.71406039618887 ], [ 4486419.18523732945323, 697742.13857774506323 ], [ 4486419.18523732945323, 697779.563095093937591 ], [ 4486419.18523732945323, 697816.987612442811951 ], [ 4486419.18523732945323, 697854.412129791686311 ], [ 4486419.18523732945323, 697891.836647140560672 ], [ 4486419.18523732945323, 697929.261164489435032 ], [ 4486419.18523732945323, 697966.685681838309392 ], [ 4486419.18523732945323, 698004.110199187183753 ], [ 4486419.18523732945323, 698041.534716536058113 ], [ 4486419.18523732945323, 698078.959233884932473 ], [ 4486419.18523732945323, 698116.383751233806834 ], [ 4486419.18523732945323, 698153.808268582681194 ], [ 4486419.18523732945323, 698191.232785931555554 ], [ 4486419.18523732945323, 698228.657303280429915 ], [ 4486419.18523732945323, 698266.081820629304275 ], [ 4486419.18523732945323, 698303.506337978178635 ], [ 4486419.18523732945323, 698340.930855327052996 ], [ 4486419.18523732945323, 698378.355372675927356 ], [ 4486419.18523732945323, 698415.779890024801716 ], [ 4486419.18523732945323, 698453.204407373676077 ], [ 4486419.18523732945323, 698490.628924722550437 ], [ 4486419.18523732945323, 698528.053442071424797 ], [ 4486419.18523732945323, 698565.477959420299158 ], [ 4486419.18523732945323, 698602.902476769173518 ], [ 4486419.18523732945323, 698640.326994118047878 ], [ 4486419.18523732945323, 698677.751511466922238 ], [ 4486419.18523732945323, 698715.176028815796599 ], [ 4486419.18523732945323, 698752.600546164670959 ], [ 4486419.18523732945323, 698790.025063513545319 ], [ 4486419.18523732945323, 698827.44958086241968 ], [ 4486419.18523732945323, 698864.87409821129404 ], [ 4486419.18523732945323, 698902.2986155601684 ], [ 4486419.18523732945323, 698939.723132909042761 ], [ 4486419.18523732945323, 698977.147650257917121 ], [ 4486419.18523732945323, 699014.572167606791481 ], [ 4486419.18523732945323, 699051.996684955665842 ], [ 4486419.18523732945323, 699089.421202304540202 ], [ 4486419.18523732945323, 699126.845719653414562 ], [ 4486419.18523732945323, 699164.270237002288923 ], [ 4486419.18523732945323, 699201.694754351163283 ], [ 4486419.18523732945323, 699239.119271700037643 ], [ 4486419.18523732945323, 699276.543789048912004 ], [ 4486381.760719981044531, 699276.543789048912004 ], [ 4486344.336202632635832, 699276.543789048912004 ], [ 4486306.911685284227133, 699276.543789048912004 ], [ 4486269.487167935818434, 699276.543789048912004 ], [ 4486269.487167935818434, 699313.968306397786364 ], [ 4486269.487167935818434, 699351.392823746660724 ], [ 4486269.487167935818434, 699388.817341095535085 ], [ 4486269.487167935818434, 699426.241858444409445 ], [ 4486269.487167935818434, 699463.666375793283805 ], [ 4486269.487167935818434, 699501.090893142158166 ], [ 4486269.487167935818434, 699538.515410491032526 ], [ 4486269.487167935818434, 699575.939927839906886 ], [ 4486269.487167935818434, 699613.364445188781247 ], [ 4486269.487167935818434, 699650.788962537655607 ], [ 4486269.487167935818434, 699688.213479886529967 ], [ 4486269.487167935818434, 699725.637997235404328 ], [ 4486269.487167935818434, 699763.062514584278688 ], [ 4486269.487167935818434, 699800.487031933153048 ], [ 4486269.487167935818434, 699837.911549282027408 ], [ 4486269.487167935818434, 699875.336066630901769 ], [ 4486269.487167935818434, 699912.760583979776129 ], [ 4486269.487167935818434, 699950.185101328650489 ], [ 4486269.487167935818434, 699987.60961867752485 ], [ 4486269.487167935818434, 700025.03413602639921 ], [ 4486269.487167935818434, 700062.45865337527357 ], [ 4486269.487167935818434, 700099.883170724147931 ], [ 4486269.487167935818434, 700137.307688073022291 ], [ 4486269.487167935818434, 700174.732205421896651 ], [ 4486269.487167935818434, 700212.156722770771012 ], [ 4486269.487167935818434, 700249.581240119645372 ], [ 4486269.487167935818434, 700287.005757468519732 ], [ 4486269.487167935818434, 700324.430274817394093 ], [ 4486269.487167935818434, 700361.854792166268453 ], [ 4486269.487167935818434, 700399.279309515142813 ], [ 4486243.024037935771048, 700425.742439515190199 ], [ 4486205.599520587362349, 700425.742439515190199 ], [ 4486168.17500323895365, 700425.742439515190199 ], [ 4486130.750485890544951, 700425.742439515190199 ], [ 4486104.287355890497565, 700452.205569515237585 ], [ 4486104.287355890497565, 700489.630086864111945 ], [ 4486104.287355890497565, 700527.054604212986305 ], [ 4486104.287355890497565, 700564.479121561860666 ], [ 4486104.287355890497565, 700601.903638910735026 ], [ 4486104.287355890497565, 700639.328156259609386 ], [ 4486104.287355890497565, 700676.752673608483747 ], [ 4486104.287355890497565, 700714.177190957358107 ], [ 4486104.287355890497565, 700751.601708306232467 ], [ 4486104.287355890497565, 700789.026225655106828 ], [ 4486104.287355890497565, 700826.450743003981188 ], [ 4486104.287355890497565, 700863.875260352855548 ], [ 4486104.287355890497565, 700901.299777701729909 ], [ 4486104.287355890497565, 700938.724295050604269 ], [ 4486104.287355890497565, 700976.148812399478629 ], [ 4486104.287355890497565, 701013.57332974835299 ], [ 4486104.287355890497565, 701050.99784709722735 ], [ 4486104.287355890497565, 701088.42236444610171 ], [ 4486104.287355890497565, 701125.846881794976071 ], [ 4486104.287355890497565, 701163.271399143850431 ], [ 4486104.287355890497565, 701200.695916492724791 ], [ 4486104.287355890497565, 701238.120433841599151 ], [ 4486104.287355890497565, 701275.544951190473512 ], [ 4486104.287355890497565, 701312.969468539347872 ], [ 4486104.287355890497565, 701350.393985888222232 ], [ 4486104.287355890497565, 701387.818503237096593 ], [ 4486104.287355890497565, 701425.243020585970953 ], [ 4486104.287355890497565, 701462.667537934845313 ], [ 4486104.287355890497565, 701500.092055283719674 ], [ 4486104.287355890497565, 701537.516572632594034 ], [ 4486104.287355890497565, 701574.941089981468394 ], [ 4486104.287355890497565, 701612.365607330342755 ], [ 4486104.287355890497565, 701649.790124679217115 ], [ 4486104.287355890497565, 701687.214642028091475 ], [ 4486104.287355890497565, 701724.639159376965836 ], [ 4486104.287355890497565, 701762.063676725840196 ], [ 4486104.287355890497565, 701799.488194074714556 ], [ 4486104.287355890497565, 701836.912711423588917 ], [ 4486104.287355890497565, 701874.337228772463277 ], [ 4486104.287355890497565, 701911.761746121337637 ], [ 4486104.287355890497565, 701949.186263470211998 ], [ 4486104.287355890497565, 701986.610780819086358 ], [ 4486104.287355890497565, 702024.035298167960718 ], [ 4486104.287355890497565, 702061.459815516835079 ], [ 4486104.287355890497565, 702098.884332865709439 ], [ 4486104.287355890497565, 702136.308850214583799 ], [ 4486104.287355890497565, 702173.73336756345816 ], [ 4486104.287355890497565, 702211.15788491233252 ], [ 4486104.287355890497565, 702248.58240226120688 ], [ 4486104.287355890497565, 702286.006919610081241 ], [ 4486104.287355890497565, 702323.431436958955601 ], [ 4486104.287355890497565, 702360.855954307829961 ], [ 4486104.287355890497565, 702398.280471656704322 ], [ 4486141.711873238906264, 702398.280471656704322 ], [ 4486179.136390587314963, 702398.280471656704322 ], [ 4486216.560907935723662, 702398.280471656704322 ], [ 4486253.985425284132361, 702398.280471656704322 ], [ 4486253.985425284132361, 702435.704989005578682 ], [ 4486253.985425284132361, 702473.129506354453042 ], [ 4486253.985425284132361, 702510.554023703327402 ], [ 4486253.985425284132361, 702547.978541052201763 ], [ 4486253.985425284132361, 702585.403058401076123 ], [ 4486253.985425284132361, 702622.827575749950483 ], [ 4486253.985425284132361, 702660.252093098824844 ], [ 4486253.985425284132361, 702697.676610447699204 ], [ 4486253.985425284132361, 702735.101127796573564 ], [ 4486253.985425284132361, 702772.525645145447925 ], [ 4486253.985425284132361, 702809.950162494322285 ], [ 4486253.985425284132361, 702847.374679843196645 ], [ 4486253.985425284132361, 702884.799197192071006 ], [ 4486291.40994263254106, 702884.799197192071006 ], [ 4486328.834459980949759, 702884.799197192071006 ], [ 4486366.258977329358459, 702884.799197192071006 ], [ 4486403.683494677767158, 702884.799197192071006 ], [ 4486430.146624677814543, 702911.262327192118391 ], [ 4486430.146624677814543, 702948.686844540992752 ], [ 4486430.146624677814543, 702986.111361889867112 ], [ 4486430.146624677814543, 703023.535879238741472 ], [ 4486430.146624677814543, 703060.960396587615833 ], [ 4486430.146624677814543, 703098.384913936490193 ], [ 4486430.146624677814543, 703135.809431285364553 ], [ 4486430.146624677814543, 703173.233948634238914 ], [ 4486430.146624677814543, 703210.658465983113274 ], [ 4486430.146624677814543, 703248.082983331987634 ], [ 4486430.146624677814543, 703285.507500680861995 ], [ 4486430.146624677814543, 703322.932018029736355 ], [ 4486430.146624677814543, 703360.356535378610715 ], [ 4486430.146624677814543, 703397.781052727485076 ], [ 4486430.146624677814543, 703435.205570076359436 ], [ 4486430.146624677814543, 703472.630087425233796 ], [ 4486430.146624677814543, 703510.054604774108157 ], [ 4486430.146624677814543, 703547.479122122982517 ], [ 4486430.146624677814543, 703584.903639471856877 ], [ 4486430.146624677814543, 703622.328156820731238 ], [ 4486430.146624677814543, 703659.752674169605598 ], [ 4486430.146624677814543, 703697.177191518479958 ], [ 4486456.609754677861929, 703723.640321518527344 ], [ 4486494.034272026270628, 703723.640321518527344 ], [ 4486531.458789374679327, 703723.640321518527344 ], [ 4486568.883306723088026, 703723.640321518527344 ], [ 4486606.307824071496725, 703723.640321518527344 ], [ 4486606.307824071496725, 703761.064838867401704 ], [ 4486606.307824071496725, 703798.489356216276065 ], [ 4486606.307824071496725, 703835.913873565150425 ], [ 4486606.307824071496725, 703873.338390914024785 ], [ 4486606.307824071496725, 703910.762908262899145 ], [ 4486606.307824071496725, 703948.187425611773506 ], [ 4486606.307824071496725, 703985.611942960647866 ], [ 4486606.307824071496725, 704023.036460309522226 ], [ 4486606.307824071496725, 704060.460977658396587 ], [ 4486606.307824071496725, 704097.885495007270947 ], [ 4486606.307824071496725, 704135.310012356145307 ], [ 4486606.307824071496725, 704172.734529705019668 ], [ 4486606.307824071496725, 704210.159047053894028 ], [ 4486643.732341419905424, 704210.159047053894028 ], [ 4486681.156858768314123, 704210.159047053894028 ], [ 4486718.581376116722822, 704210.159047053894028 ], [ 4486756.005893465131521, 704210.159047053894028 ], [ 4486756.005893465131521, 704247.583564402768388 ], [ 4486756.005893465131521, 704285.008081751642749 ], [ 4486756.005893465131521, 704322.432599100517109 ], [ 4486756.005893465131521, 704359.857116449391469 ], [ 4486756.005893465131521, 704397.28163379826583 ], [ 4486756.005893465131521, 704434.70615114714019 ], [ 4486756.005893465131521, 704472.13066849601455 ], [ 4486756.005893465131521, 704509.555185844888911 ], [ 4486756.005893465131521, 704546.979703193763271 ], [ 4486756.005893465131521, 704584.404220542637631 ], [ 4486756.005893465131521, 704621.828737891511992 ], [ 4486756.005893465131521, 704659.253255240386352 ], [ 4486756.005893465131521, 704696.677772589260712 ], [ 4486756.005893465131521, 704734.102289938135073 ], [ 4486756.005893465131521, 704771.526807287009433 ], [ 4486756.005893465131521, 704808.951324635883793 ], [ 4486756.005893465131521, 704846.375841984758154 ], [ 4486756.005893465131521, 704883.800359333632514 ], [ 4486793.43041081354022, 704883.800359333632514 ], [ 4486830.854928161948919, 704883.800359333632514 ], [ 4486868.279445510357618, 704883.800359333632514 ], [ 4486905.703962858766317, 704883.800359333632514 ], [ 4486932.167092858813703, 704910.2634893336799 ], [ 4486932.167092858813703, 704947.68800668255426 ], [ 4486932.167092858813703, 704985.11252403142862 ], [ 4486932.167092858813703, 705022.537041380302981 ], [ 4486932.167092858813703, 705059.961558729177341 ], [ 4486932.167092858813703, 705097.386076078051701 ], [ 4486932.167092858813703, 705134.810593426926062 ], [ 4486932.167092858813703, 705172.235110775800422 ], [ 4486932.167092858813703, 705209.659628124674782 ], [ 4486969.591610207222402, 705209.659628124674782 ], [ 4487007.016127555631101, 705209.659628124674782 ], [ 4487044.4406449040398, 705209.659628124674782 ], [ 4487081.865162252448499, 705209.659628124674782 ], [ 4487081.865162252448499, 705247.084145473549142 ], [ 4487081.865162252448499, 705284.508662822423503 ], [ 4487081.865162252448499, 705321.933180171297863 ], [ 4487081.865162252448499, 705359.357697520172223 ], [ 4487108.328292252495885, 705385.820827520219609 ], [ 4487145.752809600904584, 705385.820827520219609 ], [ 4487183.177326949313283, 705385.820827520219609 ], [ 4487220.601844297721982, 705385.820827520219609 ], [ 4487247.064974297769368, 705412.283957520266995 ], [ 4487247.064974297769368, 705449.708474869141355 ], [ 4487247.064974297769368, 705487.132992218015715 ], [ 4487247.064974297769368, 705524.557509566890076 ], [ 4487273.528104297816753, 705551.020639566937461 ], [ 4487310.952621646225452, 705551.020639566937461 ], [ 4487348.377138994634151, 705551.020639566937461 ], [ 4487385.80165634304285, 705551.020639566937461 ], [ 4487423.22617369145155, 705551.020639566937461 ], [ 4487423.22617369145155, 705588.445156915811822 ], [ 4487423.22617369145155, 705625.869674264686182 ], [ 4487423.22617369145155, 705663.294191613560542 ], [ 4487423.22617369145155, 705700.718708962434903 ], [ 4487460.650691039860249, 705700.718708962434903 ], [ 4487498.075208388268948, 705700.718708962434903 ], [ 4487535.499725736677647, 705700.718708962434903 ], [ 4487572.924243085086346, 705700.718708962434903 ], [ 4487599.387373085133731, 705727.181838962482288 ], [ 4487599.387373085133731, 705764.606356311356649 ], [ 4487599.387373085133731, 705802.030873660231009 ], [ 4487599.387373085133731, 705839.455391009105369 ], [ 4487599.387373085133731, 705876.87990835797973 ], [ 4487636.81189043354243, 705876.87990835797973 ], [ 4487674.236407781951129, 705876.87990835797973 ], [ 4487711.660925130359828, 705876.87990835797973 ], [ 4487738.124055130407214, 705903.343038358027115 ], [ 4487738.124055130407214, 705940.767555706901476 ], [ 4487738.124055130407214, 705978.192073055775836 ], [ 4487738.124055130407214, 706015.616590404650196 ], [ 4487764.5871851304546, 706042.079720404697582 ], [ 4487802.011702478863299, 706042.079720404697582 ], [ 4487839.436219827271998, 706042.079720404697582 ], [ 4487876.860737175680697, 706042.079720404697582 ], [ 4487914.285254524089396, 706042.079720404697582 ], [ 4487951.709771872498095, 706042.079720404697582 ], [ 4487989.134289220906794, 706042.079720404697582 ], [ 4488026.558806569315493, 706042.079720404697582 ], [ 4488053.021936569362879, 706068.542850404744968 ], [ 4488053.021936569362879, 706105.967367753619328 ], [ 4488053.021936569362879, 706143.391885102493688 ], [ 4488053.021936569362879, 706180.816402451368049 ], [ 4488079.485066569410264, 706207.279532451415434 ], [ 4488116.909583917818964, 706207.279532451415434 ], [ 4488154.334101266227663, 706207.279532451415434 ], [ 4488191.758618614636362, 706207.279532451415434 ], [ 4488229.183135963045061, 706207.279532451415434 ], [ 4488255.646265963092446, 706233.74266245146282 ], [ 4488255.646265963092446, 706271.16717980033718 ], [ 4488255.646265963092446, 706308.591697149211541 ], [ 4488255.646265963092446, 706346.016214498085901 ], [ 4488282.109395963139832, 706372.479344498133287 ], [ 4488319.533913311548531, 706372.479344498133287 ], [ 4488356.95843065995723, 706372.479344498133287 ], [ 4488394.382948008365929, 706372.479344498133287 ], [ 4488420.846078008413315, 706398.942474498180673 ], [ 4488420.846078008413315, 706436.366991847055033 ], [ 4488420.846078008413315, 706473.791509195929393 ], [ 4488420.846078008413315, 706511.216026544803753 ], [ 4488447.309208008460701, 706537.679156544851139 ], [ 4488484.7337253568694, 706537.679156544851139 ], [ 4488522.158242705278099, 706537.679156544851139 ], [ 4488559.582760053686798, 706537.679156544851139 ], [ 4488559.582760053686798, 706575.1036738937255 ], [ 4488559.582760053686798, 706612.52819124259986 ], [ 4488559.582760053686798, 706649.95270859147422 ], [ 4488559.582760053686798, 706687.37722594034858 ], [ 4488597.007277402095497, 706687.37722594034858 ], [ 4488634.431794750504196, 706687.37722594034858 ], [ 4488671.856312098912895, 706687.37722594034858 ], [ 4488709.280829447321594, 706687.37722594034858 ], [ 4488735.743959447368979, 706713.840355940395966 ], [ 4488735.743959447368979, 706751.264873289270326 ], [ 4488735.743959447368979, 706788.689390638144687 ], [ 4488735.743959447368979, 706826.113907987019047 ], [ 4488735.743959447368979, 706863.538425335893407 ], [ 4488773.168476795777678, 706863.538425335893407 ], [ 4488810.592994144186378, 706863.538425335893407 ], [ 4488848.017511492595077, 706863.538425335893407 ], [ 4488885.442028841003776, 706863.538425335893407 ], [ 4488911.905158841051161, 706890.001555335940793 ], [ 4488911.905158841051161, 706927.426072684815153 ], [ 4488911.905158841051161, 706964.850590033689514 ], [ 4488911.905158841051161, 707002.275107382563874 ], [ 4488911.905158841051161, 707039.699624731438234 ], [ 4488949.32967618945986, 707039.699624731438234 ], [ 4488986.754193537868559, 707039.699624731438234 ], [ 4489024.178710886277258, 707039.699624731438234 ], [ 4489061.603228234685957, 707039.699624731438234 ], [ 4489061.603228234685957, 707077.124142080312595 ], [ 4489061.603228234685957, 707114.548659429186955 ], [ 4489061.603228234685957, 707151.973176778061315 ], [ 4489061.603228234685957, 707189.397694126935676 ], [ 4489099.027745583094656, 707189.397694126935676 ], [ 4489136.452262931503356, 707189.397694126935676 ], [ 4489173.876780279912055, 707189.397694126935676 ], [ 4489211.301297628320754, 707189.397694126935676 ], [ 4489237.764427628368139, 707215.860824126983061 ], [ 4489237.764427628368139, 707253.285341475857422 ], [ 4489237.764427628368139, 707290.709858824731782 ], [ 4489237.764427628368139, 707328.134376173606142 ], [ 4489237.764427628368139, 707365.558893522480503 ], [ 4489275.188944976776838, 707365.558893522480503 ], [ 4489312.613462325185537, 707365.558893522480503 ], [ 4489350.037979673594236, 707365.558893522480503 ], [ 4489376.501109673641622, 707392.022023522527888 ], [ 4489376.501109673641622, 707429.446540871402249 ], [ 4489376.501109673641622, 707466.871058220276609 ], [ 4489376.501109673641622, 707504.295575569150969 ], [ 4489402.964239673689008, 707530.758705569198355 ], [ 4489440.388757022097707, 707530.758705569198355 ], [ 4489477.813274370506406, 707530.758705569198355 ], [ 4489515.237791718915105, 707530.758705569198355 ], [ 4489541.700921718962491, 707557.221835569245741 ], [ 4489541.700921718962491, 707594.646352918120101 ], [ 4489541.700921718962491, 707632.070870266994461 ], [ 4489541.700921718962491, 707669.495387615868822 ], [ 4489568.164051719009876, 707695.958517615916207 ], [ 4489605.588569067418575, 707695.958517615916207 ], [ 4489643.013086415827274, 707695.958517615916207 ], [ 4489680.437603764235973, 707695.958517615916207 ], [ 4489717.862121112644672, 707695.958517615916207 ], [ 4489744.325251112692058, 707722.421647615963593 ], [ 4489744.325251112692058, 707759.846164964837953 ], [ 4489744.325251112692058, 707797.270682313712314 ], [ 4489744.325251112692058, 707834.695199662586674 ], [ 4489770.788381112739444, 707861.15832966263406 ], [ 4489808.212898461148143, 707861.15832966263406 ], [ 4489845.637415809556842, 707861.15832966263406 ], [ 4489883.061933157965541, 707861.15832966263406 ], [ 4489883.061933157965541, 707898.58284701150842 ], [ 4489883.061933157965541, 707936.00736436038278 ], [ 4489883.061933157965541, 707973.431881709257141 ], [ 4489883.061933157965541, 708010.856399058131501 ], [ 4489920.48645050637424, 708010.856399058131501 ], [ 4489957.910967854782939, 708010.856399058131501 ], [ 4489995.335485203191638, 708010.856399058131501 ], [ 4490032.760002551600337, 708010.856399058131501 ], [ 4490059.223132551647723, 708037.319529058178887 ], [ 4490059.223132551647723, 708074.744046407053247 ], [ 4490059.223132551647723, 708112.168563755927607 ], [ 4490059.223132551647723, 708149.593081104801968 ], [ 4490059.223132551647723, 708187.017598453676328 ], [ 4490096.647649900056422, 708187.017598453676328 ], [ 4490134.072167248465121, 708187.017598453676328 ], [ 4490171.49668459687382, 708187.017598453676328 ], [ 4490197.959814596921206, 708213.480728453723714 ], [ 4490197.959814596921206, 708250.905245802598074 ], [ 4490197.959814596921206, 708288.329763151472434 ], [ 4490197.959814596921206, 708325.754280500346795 ], [ 4490224.422944596968591, 708352.21741050039418 ], [ 4490261.84746194537729, 708352.21741050039418 ], [ 4490299.271979293785989, 708352.21741050039418 ], [ 4490336.696496642194688, 708352.21741050039418 ], [ 4490363.159626642242074, 708378.680540500441566 ], [ 4490363.159626642242074, 708416.105057849315926 ], [ 4490363.159626642242074, 708453.529575198190287 ], [ 4490363.159626642242074, 708490.954092547064647 ], [ 4490363.159626642242074, 708528.378609895939007 ], [ 4490363.159626642242074, 708565.803127244813368 ], [ 4490363.159626642242074, 708603.227644593687728 ], [ 4490363.159626642242074, 708640.652161942562088 ], [ 4490363.159626642242074, 708678.076679291436449 ], [ 4490400.584143990650773, 708678.076679291436449 ], [ 4490438.008661339059472, 708678.076679291436449 ], [ 4490475.433178687468171, 708678.076679291436449 ], [ 4490512.85769603587687, 708678.076679291436449 ], [ 4490550.282213384285569, 708678.076679291436449 ], [ 4490550.282213384285569, 708715.501196640310809 ], [ 4490550.282213384285569, 708752.925713989185169 ], [ 4490550.282213384285569, 708790.35023133805953 ], [ 4490550.282213384285569, 708827.77474868693389 ], [ 4490550.282213384285569, 708865.19926603580825 ], [ 4490550.282213384285569, 708902.623783384682611 ], [ 4490550.282213384285569, 708940.048300733556971 ], [ 4490550.282213384285569, 708977.472818082431331 ], [ 4490550.282213384285569, 709014.897335431305692 ], [ 4490587.706730732694268, 709014.897335431305692 ], [ 4490625.131248081102967, 709014.897335431305692 ], [ 4490662.555765429511666, 709014.897335431305692 ], [ 4490699.980282777920365, 709014.897335431305692 ], [ 4490699.980282777920365, 709052.321852780180052 ], [ 4490699.980282777920365, 709089.746370129054412 ], [ 4490699.980282777920365, 709127.170887477928773 ], [ 4490699.980282777920365, 709164.595404826803133 ], [ 4490699.980282777920365, 709202.019922175677493 ], [ 4490699.980282777920365, 709239.444439524551854 ], [ 4490699.980282777920365, 709276.868956873426214 ], [ 4490699.980282777920365, 709314.293474222300574 ], [ 4490699.980282777920365, 709351.717991571174935 ], [ 4490737.404800126329064, 709351.717991571174935 ], [ 4490774.829317474737763, 709351.717991571174935 ], [ 4490812.253834823146462, 709351.717991571174935 ], [ 4490849.678352171555161, 709351.717991571174935 ], [ 4490876.141482171602547, 709378.18112157122232 ], [ 4490876.141482171602547, 709415.605638920096681 ], [ 4490876.141482171602547, 709453.030156268971041 ], [ 4490876.141482171602547, 709490.454673617845401 ], [ 4490876.141482171602547, 709527.879190966719761 ], [ 4490876.141482171602547, 709565.303708315594122 ], [ 4490876.141482171602547, 709602.728225664468482 ], [ 4490876.141482171602547, 709640.152743013342842 ], [ 4490876.141482171602547, 709677.577260362217203 ], [ 4490913.565999520011246, 709677.577260362217203 ], [ 4490950.990516868419945, 709677.577260362217203 ], [ 4490988.415034216828644, 709677.577260362217203 ], [ 4491025.839551565237343, 709677.577260362217203 ], [ 4491025.839551565237343, 709715.001777711091563 ], [ 4491025.839551565237343, 709752.426295059965923 ], [ 4491025.839551565237343, 709789.850812408840284 ], [ 4491025.839551565237343, 709827.275329757714644 ], [ 4491025.839551565237343, 709864.699847106589004 ], [ 4491025.839551565237343, 709902.124364455463365 ], [ 4491025.839551565237343, 709939.548881804337725 ], [ 4491025.839551565237343, 709976.973399153212085 ], [ 4491025.839551565237343, 710014.397916502086446 ], [ 4491025.839551565237343, 710051.822433850960806 ], [ 4491025.839551565237343, 710089.246951199835166 ], [ 4491025.839551565237343, 710126.671468548709527 ], [ 4491025.839551565237343, 710164.095985897583887 ], [ 4491063.264068913646042, 710164.095985897583887 ], [ 4491100.688586262054741, 710164.095985897583887 ], [ 4491138.11310361046344, 710164.095985897583887 ], [ 4491175.537620958872139, 710164.095985897583887 ], [ 4491202.000750958919525, 710190.559115897631273 ], [ 4491202.000750958919525, 710227.983633246505633 ], [ 4491202.000750958919525, 710265.408150595379993 ], [ 4491202.000750958919525, 710302.832667944254354 ], [ 4491202.000750958919525, 710340.257185293128714 ], [ 4491239.425268307328224, 710340.257185293128714 ], [ 4491276.849785655736923, 710340.257185293128714 ], [ 4491314.274303004145622, 710340.257185293128714 ], [ 4491351.698820352554321, 710340.257185293128714 ], [ 4491378.161950352601707, 710366.7203152931761 ], [ 4491378.161950352601707, 710404.14483264205046 ], [ 4491378.161950352601707, 710441.56934999092482 ], [ 4491378.161950352601707, 710478.993867339799181 ], [ 4491378.161950352601707, 710516.418384688673541 ], [ 4491378.161950352601707, 710553.842902037547901 ], [ 4491378.161950352601707, 710591.267419386422262 ], [ 4491378.161950352601707, 710628.691936735296622 ], [ 4491378.161950352601707, 710666.116454084170982 ], [ 4491378.161950352601707, 710703.540971433045343 ], [ 4491378.161950352601707, 710740.965488781919703 ], [ 4491378.161950352601707, 710778.390006130794063 ], [ 4491378.161950352601707, 710815.814523479668424 ], [ 4491404.625080352649093, 710842.277653479715809 ], [ 4491442.049597701057792, 710842.277653479715809 ], [ 4491479.474115049466491, 710842.277653479715809 ], [ 4491516.89863239787519, 710842.277653479715809 ], [ 4491543.361762397922575, 710868.740783479763195 ], [ 4491543.361762397922575, 710906.165300828637555 ], [ 4491543.361762397922575, 710943.589818177511916 ], [ 4491543.361762397922575, 710981.014335526386276 ], [ 4491543.361762397922575, 711018.438852875260636 ], [ 4491543.361762397922575, 711055.863370224134997 ], [ 4491543.361762397922575, 711093.287887573009357 ], [ 4491543.361762397922575, 711130.712404921883717 ], [ 4491543.361762397922575, 711168.136922270758078 ], [ 4491580.786279746331275, 711168.136922270758078 ], [ 4491618.210797094739974, 711168.136922270758078 ], [ 4491655.635314443148673, 711168.136922270758078 ], [ 4491682.098444443196058, 711194.600052270805463 ], [ 4491682.098444443196058, 711232.024569619679824 ], [ 4491682.098444443196058, 711269.449086968554184 ], [ 4491682.098444443196058, 711306.873604317428544 ], [ 4491682.098444443196058, 711344.298121666302904 ], [ 4491682.098444443196058, 711381.722639015177265 ], [ 4491682.098444443196058, 711419.147156364051625 ], [ 4491682.098444443196058, 711456.571673712925985 ], [ 4491682.098444443196058, 711493.996191061800346 ], [ 4491719.522961791604757, 711493.996191061800346 ], [ 4491756.947479140013456, 711493.996191061800346 ], [ 4491794.371996488422155, 711493.996191061800346 ], [ 4491831.796513836830854, 711493.996191061800346 ], [ 4491858.25964383687824, 711520.459321061847731 ], [ 4491858.25964383687824, 711557.883838410722092 ], [ 4491858.25964383687824, 711595.308355759596452 ], [ 4491858.25964383687824, 711632.732873108470812 ], [ 4491858.25964383687824, 711670.157390457345173 ], [ 4491858.25964383687824, 711707.581907806219533 ], [ 4491858.25964383687824, 711745.006425155093893 ], [ 4491858.25964383687824, 711782.430942503968254 ], [ 4491858.25964383687824, 711819.855459852842614 ], [ 4491858.25964383687824, 711857.279977201716974 ], [ 4491858.25964383687824, 711894.704494550591335 ], [ 4491858.25964383687824, 711932.129011899465695 ], [ 4491858.25964383687824, 711969.553529248340055 ], [ 4491858.25964383687824, 712006.978046597214416 ], [ 4491858.25964383687824, 712044.402563946088776 ], [ 4491858.25964383687824, 712081.827081294963136 ], [ 4491858.25964383687824, 712119.251598643837497 ], [ 4491858.25964383687824, 712156.676115992711857 ], [ 4491858.25964383687824, 712194.100633341586217 ], [ 4491858.25964383687824, 712231.525150690460578 ], [ 4491858.25964383687824, 712268.949668039334938 ], [ 4491858.25964383687824, 712306.374185388209298 ], [ 4491858.25964383687824, 712343.798702737083659 ], [ 4491858.25964383687824, 712381.223220085958019 ], [ 4491858.25964383687824, 712418.647737434832379 ], [ 4491858.25964383687824, 712456.07225478370674 ], [ 4491858.25964383687824, 712493.4967721325811 ], [ 4491895.684161185286939, 712493.4967721325811 ], [ 4491933.108678533695638, 712493.4967721325811 ], [ 4491970.533195882104337, 712493.4967721325811 ], [ 4492007.957713230513036, 712493.4967721325811 ], [ 4492034.420843230560422, 712519.959902132628486 ], [ 4492034.420843230560422, 712557.384419481502846 ], [ 4492034.420843230560422, 712594.808936830377206 ], [ 4492034.420843230560422, 712632.233454179251567 ], [ 4492034.420843230560422, 712669.657971528125927 ], [ 4492034.420843230560422, 712707.082488877000287 ], [ 4492034.420843230560422, 712744.507006225874647 ], [ 4492034.420843230560422, 712781.931523574749008 ], [ 4492034.420843230560422, 712819.356040923623368 ], [ 4492034.420843230560422, 712856.780558272497728 ], [ 4492034.420843230560422, 712894.205075621372089 ], [ 4492034.420843230560422, 712931.629592970246449 ], [ 4492034.420843230560422, 712969.054110319120809 ], [ 4492034.420843230560422, 713006.47862766799517 ], [ 4492034.420843230560422, 713043.90314501686953 ], [ 4492034.420843230560422, 713081.32766236574389 ], [ 4492034.420843230560422, 713118.752179714618251 ], [ 4492034.420843230560422, 713156.176697063492611 ], [ 4492071.845360578969121, 713156.176697063492611 ], [ 4492109.26987792737782, 713156.176697063492611 ], [ 4492146.694395275786519, 713156.176697063492611 ], [ 4492184.118912624195218, 713156.176697063492611 ], [ 4492184.118912624195218, 713193.601214412366971 ], [ 4492184.118912624195218, 713231.025731761241332 ], [ 4492184.118912624195218, 713268.450249110115692 ], [ 4492184.118912624195218, 713305.874766458990052 ], [ 4492184.118912624195218, 713343.299283807864413 ], [ 4492184.118912624195218, 713380.723801156738773 ], [ 4492184.118912624195218, 713418.148318505613133 ], [ 4492184.118912624195218, 713455.572835854487494 ], [ 4492184.118912624195218, 713492.997353203361854 ], [ 4492184.118912624195218, 713530.421870552236214 ], [ 4492184.118912624195218, 713567.846387901110575 ], [ 4492184.118912624195218, 713605.270905249984935 ], [ 4492184.118912624195218, 713642.695422598859295 ], [ 4492184.118912624195218, 713680.119939947733656 ], [ 4492184.118912624195218, 713717.544457296608016 ], [ 4492184.118912624195218, 713754.968974645482376 ], [ 4492184.118912624195218, 713792.393491994356737 ], [ 4492184.118912624195218, 713829.818009343231097 ], [ 4492184.118912624195218, 713867.242526692105457 ], [ 4492184.118912624195218, 713904.667044040979818 ], [ 4492184.118912624195218, 713942.091561389854178 ], [ 4492184.118912624195218, 713979.516078738728538 ], [ 4492184.118912624195218, 714016.940596087602898 ], [ 4492184.118912624195218, 714054.365113436477259 ], [ 4492184.118912624195218, 714091.789630785351619 ], [ 4492184.118912624195218, 714129.214148134225979 ], [ 4492184.118912624195218, 714166.63866548310034 ], [ 4492184.118912624195218, 714204.0631828319747 ], [ 4492184.118912624195218, 714241.48770018084906 ], [ 4492184.118912624195218, 714278.912217529723421 ], [ 4492184.118912624195218, 714316.336734878597781 ], [ 4492221.543429972603917, 714316.336734878597781 ], [ 4492258.967947321012616, 714316.336734878597781 ], [ 4492296.392464669421315, 714316.336734878597781 ], [ 4492333.816982017830014, 714316.336734878597781 ], [ 4492360.2801120178774, 714342.799864878645167 ], [ 4492360.2801120178774, 714380.224382227519527 ], [ 4492360.2801120178774, 714417.648899576393887 ], [ 4492360.2801120178774, 714455.073416925268248 ], [ 4492360.2801120178774, 714492.497934274142608 ], [ 4492360.2801120178774, 714529.922451623016968 ], [ 4492360.2801120178774, 714567.346968971891329 ], [ 4492360.2801120178774, 714604.771486320765689 ], [ 4492360.2801120178774, 714642.196003669640049 ], [ 4492360.2801120178774, 714679.62052101851441 ], [ 4492360.2801120178774, 714717.04503836738877 ], [ 4492360.2801120178774, 714754.46955571626313 ], [ 4492360.2801120178774, 714791.894073065137491 ], [ 4492360.2801120178774, 714829.318590414011851 ], [ 4492360.2801120178774, 714866.743107762886211 ], [ 4492360.2801120178774, 714904.167625111760572 ], [ 4492360.2801120178774, 714941.592142460634932 ], [ 4492386.743242017924786, 714968.055272460682318 ], [ 4492424.167759366333485, 714968.055272460682318 ], [ 4492461.592276714742184, 714968.055272460682318 ], [ 4492499.016794063150883, 714968.055272460682318 ], [ 4492499.016794063150883, 715005.479789809556678 ], [ 4492499.016794063150883, 715042.904307158431038 ], [ 4492499.016794063150883, 715080.328824507305399 ], [ 4492499.016794063150883, 715117.753341856179759 ], [ 4492499.016794063150883, 715155.177859205054119 ], [ 4492499.016794063150883, 715192.60237655392848 ], [ 4492499.016794063150883, 715230.02689390280284 ], [ 4492499.016794063150883, 715267.4514112516772 ], [ 4492499.016794063150883, 715304.875928600551561 ], [ 4492499.016794063150883, 715342.300445949425921 ], [ 4492499.016794063150883, 715379.724963298300281 ], [ 4492499.016794063150883, 715417.149480647174641 ], [ 4492499.016794063150883, 715454.573997996049002 ], [ 4492499.016794063150883, 715491.998515344923362 ], [ 4492499.016794063150883, 715529.423032693797722 ], [ 4492499.016794063150883, 715566.847550042672083 ], [ 4492499.016794063150883, 715604.272067391546443 ], [ 4492499.016794063150883, 715641.696584740420803 ], [ 4492499.016794063150883, 715679.121102089295164 ], [ 4492499.016794063150883, 715716.545619438169524 ], [ 4492499.016794063150883, 715753.970136787043884 ], [ 4492499.016794063150883, 715791.394654135918245 ], [ 4492499.016794063150883, 715828.819171484792605 ], [ 4492499.016794063150883, 715866.243688833666965 ], [ 4492499.016794063150883, 715903.668206182541326 ], [ 4492499.016794063150883, 715941.092723531415686 ], [ 4492499.016794063150883, 715978.517240880290046 ], [ 4492461.592276714742184, 715978.517240880290046 ], [ 4492424.167759366333485, 715978.517240880290046 ], [ 4492386.743242017924786, 715978.517240880290046 ], [ 4492349.318724669516087, 715978.517240880290046 ], [ 4492349.318724669516087, 716015.941758229164407 ], [ 4492349.318724669516087, 716053.366275578038767 ], [ 4492349.318724669516087, 716090.790792926913127 ], [ 4492349.318724669516087, 716128.215310275787488 ], [ 4492349.318724669516087, 716165.639827624661848 ], [ 4492349.318724669516087, 716203.064344973536208 ], [ 4492349.318724669516087, 716240.488862322410569 ], [ 4492349.318724669516087, 716277.913379671284929 ], [ 4492349.318724669516087, 716315.337897020159289 ], [ 4492349.318724669516087, 716352.76241436903365 ], [ 4492349.318724669516087, 716390.18693171790801 ], [ 4492349.318724669516087, 716427.61144906678237 ], [ 4492349.318724669516087, 716465.035966415656731 ], [ 4492349.318724669516087, 716502.460483764531091 ], [ 4492349.318724669516087, 716539.885001113405451 ], [ 4492349.318724669516087, 716577.309518462279812 ], [ 4492349.318724669516087, 716614.734035811154172 ], [ 4492349.318724669516087, 716652.158553160028532 ], [ 4492349.318724669516087, 716689.583070508902892 ], [ 4492349.318724669516087, 716727.007587857777253 ], [ 4492349.318724669516087, 716764.432105206651613 ], [ 4492349.318724669516087, 716801.856622555525973 ], [ 4492349.318724669516087, 716839.281139904400334 ], [ 4492349.318724669516087, 716876.705657253274694 ], [ 4492349.318724669516087, 716914.130174602149054 ], [ 4492349.318724669516087, 716951.554691951023415 ], [ 4492349.318724669516087, 716988.979209299897775 ], [ 4492349.318724669516087, 717026.403726648772135 ], [ 4492349.318724669516087, 717063.828243997646496 ], [ 4492349.318724669516087, 717101.252761346520856 ], [ 4492349.318724669516087, 717138.677278695395216 ], [ 4492349.318724669516087, 717176.101796044269577 ], [ 4492349.318724669516087, 717213.526313393143937 ], [ 4492349.318724669516087, 717250.950830742018297 ], [ 4492349.318724669516087, 717288.375348090892658 ], [ 4492349.318724669516087, 717325.799865439767018 ], [ 4492349.318724669516087, 717363.224382788641378 ], [ 4492349.318724669516087, 717400.648900137515739 ], [ 4492349.318724669516087, 717438.073417486390099 ], [ 4492322.855594669468701, 717464.536547486437485 ], [ 4492285.431077321060002, 717464.536547486437485 ], [ 4492248.006559972651303, 717464.536547486437485 ], [ 4492210.582042624242604, 717464.536547486437485 ], [ 4492184.118912624195218, 717490.99967748648487 ], [ 4492184.118912624195218, 717528.424194835359231 ], [ 4492184.118912624195218, 717565.848712184233591 ], [ 4492184.118912624195218, 717603.273229533107951 ], [ 4492184.118912624195218, 717640.697746881982312 ], [ 4492184.118912624195218, 717678.122264230856672 ], [ 4492184.118912624195218, 717715.546781579731032 ], [ 4492184.118912624195218, 717752.971298928605393 ], [ 4492184.118912624195218, 717790.395816277479753 ], [ 4492146.694395275786519, 717790.395816277479753 ], [ 4492109.26987792737782, 717790.395816277479753 ], [ 4492071.845360578969121, 717790.395816277479753 ], [ 4492034.420843230560422, 717790.395816277479753 ], [ 4492034.420843230560422, 717827.820333626354113 ], [ 4492034.420843230560422, 717865.244850975228474 ], [ 4492034.420843230560422, 717902.669368324102834 ], [ 4492034.420843230560422, 717940.093885672977194 ], [ 4492007.957713230513036, 717966.55701567302458 ], [ 4491970.533195882104337, 717966.55701567302458 ], [ 4491933.108678533695638, 717966.55701567302458 ], [ 4491895.684161185286939, 717966.55701567302458 ], [ 4491858.25964383687824, 717966.55701567302458 ], [ 4491858.25964383687824, 718003.98153302189894 ], [ 4491858.25964383687824, 718041.406050370773301 ], [ 4491858.25964383687824, 718078.830567719647661 ], [ 4491858.25964383687824, 718116.255085068522021 ], [ 4491831.796513836830854, 718142.718215068569407 ], [ 4491794.371996488422155, 718142.718215068569407 ], [ 4491756.947479140013456, 718142.718215068569407 ], [ 4491719.522961791604757, 718142.718215068569407 ], [ 4491682.098444443196058, 718142.718215068569407 ], [ 4491682.098444443196058, 718180.142732417443767 ], [ 4491682.098444443196058, 718217.567249766318128 ], [ 4491682.098444443196058, 718254.991767115192488 ], [ 4491682.098444443196058, 718292.416284464066848 ], [ 4491682.098444443196058, 718329.840801812941208 ], [ 4491682.098444443196058, 718367.265319161815569 ], [ 4491682.098444443196058, 718404.689836510689929 ], [ 4491682.098444443196058, 718442.114353859564289 ], [ 4491655.635314443148673, 718468.577483859611675 ], [ 4491618.210797094739974, 718468.577483859611675 ], [ 4491580.786279746331275, 718468.577483859611675 ], [ 4491543.361762397922575, 718468.577483859611675 ], [ 4491543.361762397922575, 718506.002001208486035 ], [ 4491543.361762397922575, 718543.426518557360396 ], [ 4491543.361762397922575, 718580.851035906234756 ], [ 4491543.361762397922575, 718618.275553255109116 ], [ 4491505.937245049513876, 718618.275553255109116 ], [ 4491468.512727701105177, 718618.275553255109116 ], [ 4491431.088210352696478, 718618.275553255109116 ], [ 4491393.663693004287779, 718618.275553255109116 ], [ 4491367.200563004240394, 718644.738683255156502 ], [ 4491367.200563004240394, 718682.163200604030862 ], [ 4491367.200563004240394, 718719.587717952905223 ], [ 4491367.200563004240394, 718757.012235301779583 ], [ 4491367.200563004240394, 718794.436752650653943 ], [ 4491367.200563004240394, 718831.861269999528304 ], [ 4491367.200563004240394, 718869.285787348402664 ], [ 4491367.200563004240394, 718906.710304697277024 ], [ 4491367.200563004240394, 718944.134822046151385 ], [ 4491340.737433004193008, 718970.59795204619877 ], [ 4491303.312915655784309, 718970.59795204619877 ], [ 4491265.88839830737561, 718970.59795204619877 ], [ 4491228.463880958966911, 718970.59795204619877 ], [ 4491202.000750958919525, 718997.061082046246156 ], [ 4491202.000750958919525, 719034.485599395120516 ], [ 4491202.000750958919525, 719071.910116743994877 ], [ 4491202.000750958919525, 719109.334634092869237 ], [ 4491175.537620958872139, 719135.797764092916623 ], [ 4491138.11310361046344, 719135.797764092916623 ], [ 4491100.688586262054741, 719135.797764092916623 ], [ 4491063.264068913646042, 719135.797764092916623 ], [ 4491025.839551565237343, 719135.797764092916623 ], [ 4491025.839551565237343, 719173.222281441790983 ], [ 4491025.839551565237343, 719210.646798790665343 ], [ 4491025.839551565237343, 719248.071316139539704 ], [ 4491025.839551565237343, 719285.495833488414064 ], [ 4491025.839551565237343, 719322.920350837288424 ], [ 4491025.839551565237343, 719360.344868186162785 ], [ 4491025.839551565237343, 719397.769385535037145 ], [ 4491025.839551565237343, 719435.193902883911505 ], [ 4490999.376421565189958, 719461.657032883958891 ], [ 4490961.951904216781259, 719461.657032883958891 ], [ 4490924.52738686837256, 719461.657032883958891 ], [ 4490887.102869519963861, 719461.657032883958891 ], [ 4490860.639739519916475, 719488.120162884006277 ], [ 4490860.639739519916475, 719525.544680232880637 ], [ 4490860.639739519916475, 719562.969197581754997 ], [ 4490860.639739519916475, 719600.393714930629358 ], [ 4490860.639739519916475, 719637.818232279503718 ], [ 4490860.639739519916475, 719675.242749628378078 ], [ 4490860.639739519916475, 719712.667266977252439 ], [ 4490860.639739519916475, 719750.091784326126799 ], [ 4490834.176609519869089, 719776.554914326174185 ], [ 4490796.75209217146039, 719776.554914326174185 ], [ 4490759.327574823051691, 719776.554914326174185 ], [ 4490721.903057474642992, 719776.554914326174185 ], [ 4490721.903057474642992, 719813.979431675048545 ], [ 4490721.903057474642992, 719851.403949023922905 ], [ 4490721.903057474642992, 719888.828466372797266 ], [ 4490721.903057474642992, 719926.252983721671626 ], [ 4490721.903057474642992, 719963.677501070545986 ], [ 4490721.903057474642992, 720001.102018419420347 ], [ 4490721.903057474642992, 720038.526535768294707 ], [ 4490721.903057474642992, 720075.951053117169067 ], [ 4490721.903057474642992, 720113.375570466043428 ], [ 4490684.478540126234293, 720113.375570466043428 ], [ 4490647.054022777825594, 720113.375570466043428 ], [ 4490609.629505429416895, 720113.375570466043428 ], [ 4490572.204988081008196, 720113.375570466043428 ], [ 4490545.74185808096081, 720139.838700466090813 ], [ 4490545.74185808096081, 720177.263217814965174 ], [ 4490545.74185808096081, 720214.687735163839534 ], [ 4490545.74185808096081, 720252.112252512713894 ], [ 4490545.74185808096081, 720289.536769861588255 ], [ 4490545.74185808096081, 720326.961287210462615 ], [ 4490545.74185808096081, 720364.385804559336975 ], [ 4490545.74185808096081, 720401.810321908211336 ], [ 4490545.74185808096081, 720439.234839257085696 ], [ 4490508.317340732552111, 720439.234839257085696 ], [ 4490470.892823384143412, 720439.234839257085696 ], [ 4490433.468306035734713, 720439.234839257085696 ], [ 4490396.043788687326014, 720439.234839257085696 ], [ 4490358.619271338917315, 720439.234839257085696 ], [ 4490358.619271338917315, 720476.659356605960056 ], [ 4490358.619271338917315, 720514.083873954834417 ], [ 4490358.619271338917315, 720551.508391303708777 ], [ 4490358.619271338917315, 720588.932908652583137 ], [ 4490332.156141338869929, 720615.396038652630523 ], [ 4490294.73162399046123, 720615.396038652630523 ], [ 4490257.307106642052531, 720615.396038652630523 ], [ 4490219.882589293643832, 720615.396038652630523 ], [ 4490219.882589293643832, 720652.820556001504883 ], [ 4490219.882589293643832, 720690.245073350379243 ], [ 4490219.882589293643832, 720727.669590699253604 ], [ 4490219.882589293643832, 720765.094108048127964 ], [ 4490193.419459293596447, 720791.55723804817535 ], [ 4490155.994941945187747, 720791.55723804817535 ], [ 4490118.570424596779048, 720791.55723804817535 ], [ 4490081.145907248370349, 720791.55723804817535 ], [ 4490043.72138989996165, 720791.55723804817535 ], [ 4490043.72138989996165, 720828.98175539704971 ], [ 4490043.72138989996165, 720866.40627274592407 ], [ 4490043.72138989996165, 720903.830790094798431 ], [ 4490043.72138989996165, 720941.255307443672791 ], [ 4490006.296872551552951, 720941.255307443672791 ], [ 4489968.872355203144252, 720941.255307443672791 ], [ 4489931.447837854735553, 720941.255307443672791 ], [ 4489894.023320506326854, 720941.255307443672791 ], [ 4489894.023320506326854, 720978.679824792547151 ], [ 4489894.023320506326854, 721016.104342141421512 ], [ 4489894.023320506326854, 721053.528859490295872 ], [ 4489894.023320506326854, 721090.953376839170232 ], [ 4489894.023320506326854, 721128.377894188044593 ], [ 4489894.023320506326854, 721165.802411536918953 ], [ 4489894.023320506326854, 721203.226928885793313 ], [ 4489894.023320506326854, 721240.651446234667674 ], [ 4489867.560190506279469, 721267.114576234715059 ], [ 4489830.13567315787077, 721267.114576234715059 ], [ 4489792.71115580946207, 721267.114576234715059 ], [ 4489755.286638461053371, 721267.114576234715059 ], [ 4489728.823508461005986, 721293.577706234762445 ], [ 4489728.823508461005986, 721331.002223583636805 ], [ 4489728.823508461005986, 721368.426740932511166 ], [ 4489728.823508461005986, 721405.851258281385526 ], [ 4489702.3603784609586, 721432.314388281432912 ], [ 4489664.935861112549901, 721432.314388281432912 ], [ 4489627.511343764141202, 721432.314388281432912 ], [ 4489590.086826415732503, 721432.314388281432912 ], [ 4489552.662309067323804, 721432.314388281432912 ], [ 4489552.662309067323804, 721469.738905630307272 ], [ 4489552.662309067323804, 721507.163422979181632 ], [ 4489552.662309067323804, 721544.587940328055993 ], [ 4489552.662309067323804, 721582.012457676930353 ], [ 4489526.199179067276418, 721608.475587676977739 ], [ 4489488.774661718867719, 721608.475587676977739 ], [ 4489451.35014437045902, 721608.475587676977739 ], [ 4489413.925627022050321, 721608.475587676977739 ], [ 4489376.501109673641622, 721608.475587676977739 ], [ 4489376.501109673641622, 721645.900105025852099 ], [ 4489376.501109673641622, 721683.324622374726459 ], [ 4489376.501109673641622, 721720.74913972360082 ], [ 4489376.501109673641622, 721758.17365707247518 ], [ 4489350.037979673594236, 721784.636787072522566 ], [ 4489312.613462325185537, 721784.636787072522566 ], [ 4489275.188944976776838, 721784.636787072522566 ], [ 4489237.764427628368139, 721784.636787072522566 ], [ 4489237.764427628368139, 721822.061304421396926 ], [ 4489237.764427628368139, 721859.485821770271286 ], [ 4489237.764427628368139, 721896.910339119145647 ], [ 4489237.764427628368139, 721934.334856468020007 ], [ 4489237.764427628368139, 721971.759373816894367 ], [ 4489237.764427628368139, 722009.183891165768728 ], [ 4489237.764427628368139, 722046.608408514643088 ], [ 4489237.764427628368139, 722084.032925863517448 ], [ 4489211.301297628320754, 722110.496055863564834 ], [ 4489173.876780279912055, 722110.496055863564834 ], [ 4489136.452262931503356, 722110.496055863564834 ], [ 4489099.027745583094656, 722110.496055863564834 ], [ 4489061.603228234685957, 722110.496055863564834 ], [ 4489061.603228234685957, 722147.920573212439194 ], [ 4489061.603228234685957, 722185.345090561313555 ], [ 4489061.603228234685957, 722222.769607910187915 ], [ 4489061.603228234685957, 722260.194125259062275 ], [ 4489024.178710886277258, 722260.194125259062275 ], [ 4488986.754193537868559, 722260.194125259062275 ], [ 4488949.32967618945986, 722260.194125259062275 ], [ 4488911.905158841051161, 722260.194125259062275 ], [ 4488911.905158841051161, 722297.618642607936636 ], [ 4488911.905158841051161, 722335.043159956810996 ], [ 4488911.905158841051161, 722372.467677305685356 ], [ 4488911.905158841051161, 722409.892194654559717 ], [ 4488885.442028841003776, 722436.355324654607102 ], [ 4488848.017511492595077, 722436.355324654607102 ], [ 4488810.592994144186378, 722436.355324654607102 ], [ 4488773.168476795777678, 722436.355324654607102 ], [ 4488735.743959447368979, 722436.355324654607102 ], [ 4488735.743959447368979, 722473.779842003481463 ], [ 4488735.743959447368979, 722511.204359352355823 ], [ 4488735.743959447368979, 722548.628876701230183 ], [ 4488735.743959447368979, 722586.053394050104544 ], [ 4488698.31944209896028, 722586.053394050104544 ], [ 4488660.894924750551581, 722586.053394050104544 ], [ 4488623.470407402142882, 722586.053394050104544 ], [ 4488586.045890053734183, 722586.053394050104544 ], [ 4488559.582760053686798, 722612.516524050151929 ], [ 4488559.582760053686798, 722649.94104139902629 ], [ 4488559.582760053686798, 722687.36555874790065 ], [ 4488559.582760053686798, 722724.79007609677501 ], [ 4488559.582760053686798, 722762.214593445649371 ], [ 4488559.582760053686798, 722799.639110794523731 ], [ 4488559.582760053686798, 722837.063628143398091 ], [ 4488559.582760053686798, 722874.488145492272452 ], [ 4488559.582760053686798, 722911.912662841146812 ], [ 4488533.119630053639412, 722938.375792841194198 ], [ 4488495.695112705230713, 722938.375792841194198 ], [ 4488458.270595356822014, 722938.375792841194198 ], [ 4488420.846078008413315, 722938.375792841194198 ], [ 4488420.846078008413315, 722975.800310190068558 ], [ 4488420.846078008413315, 723013.224827538942918 ], [ 4488420.846078008413315, 723050.649344887817279 ], [ 4488420.846078008413315, 723088.073862236691639 ], [ 4488383.421560660004616, 723088.073862236691639 ], [ 4488345.997043311595917, 723088.073862236691639 ], [ 4488308.572525963187218, 723088.073862236691639 ], [ 4488271.148008614778519, 723088.073862236691639 ], [ 4488244.684878614731133, 723114.536992236739025 ], [ 4488244.684878614731133, 723151.961509585613385 ], [ 4488244.684878614731133, 723189.386026934487745 ], [ 4488244.684878614731133, 723226.810544283362105 ], [ 4488218.221748614683747, 723253.273674283409491 ], [ 4488180.797231266275048, 723253.273674283409491 ], [ 4488143.372713917866349, 723253.273674283409491 ], [ 4488105.94819656945765, 723253.273674283409491 ], [ 4488068.523679221048951, 723253.273674283409491 ], [ 4488068.523679221048951, 723290.698191632283852 ], [ 4488068.523679221048951, 723328.122708981158212 ], [ 4488068.523679221048951, 723365.547226330032572 ], [ 4488068.523679221048951, 723402.971743678906932 ], [ 4488068.523679221048951, 723440.396261027781293 ], [ 4488068.523679221048951, 723477.820778376655653 ], [ 4488068.523679221048951, 723515.245295725530013 ], [ 4488068.523679221048951, 723552.669813074404374 ], [ 4488042.060549221001565, 723579.132943074451759 ], [ 4488004.636031872592866, 723579.132943074451759 ], [ 4487967.211514524184167, 723579.132943074451759 ], [ 4487929.786997175775468, 723579.132943074451759 ], [ 4487903.323867175728083, 723605.596073074499145 ], [ 4487903.323867175728083, 723643.020590423373505 ], [ 4487903.323867175728083, 723680.445107772247866 ], [ 4487903.323867175728083, 723717.869625121122226 ], [ 4487903.323867175728083, 723755.294142469996586 ], [ 4487903.323867175728083, 723792.718659818870947 ], [ 4487903.323867175728083, 723830.143177167745307 ], [ 4487903.323867175728083, 723867.567694516619667 ], [ 4487903.323867175728083, 723904.992211865494028 ], [ 4487876.860737175680697, 723931.455341865541413 ], [ 4487839.436219827271998, 723931.455341865541413 ], [ 4487802.011702478863299, 723931.455341865541413 ], [ 4487764.5871851304546, 723931.455341865541413 ], [ 4487738.124055130407214, 723957.918471865588799 ], [ 4487738.124055130407214, 723995.342989214463159 ], [ 4487738.124055130407214, 724032.76750656333752 ], [ 4487738.124055130407214, 724070.19202391221188 ], [ 4487711.660925130359828, 724096.655153912259266 ], [ 4487674.236407781951129, 724096.655153912259266 ], [ 4487636.81189043354243, 724096.655153912259266 ], [ 4487599.387373085133731, 724096.655153912259266 ], [ 4487599.387373085133731, 724134.079671261133626 ], [ 4487599.387373085133731, 724171.504188610007986 ], [ 4487599.387373085133731, 724208.928705958882347 ], [ 4487599.387373085133731, 724246.353223307756707 ], [ 4487561.962855736725032, 724246.353223307756707 ], [ 4487524.538338388316333, 724246.353223307756707 ], [ 4487487.113821039907634, 724246.353223307756707 ], [ 4487449.689303691498935, 724246.353223307756707 ], [ 4487423.22617369145155, 724272.816353307804093 ], [ 4487423.22617369145155, 724310.240870656678453 ], [ 4487423.22617369145155, 724347.665388005552813 ], [ 4487423.22617369145155, 724385.089905354427174 ], [ 4487423.22617369145155, 724422.514422703301534 ], [ 4487423.22617369145155, 724459.938940052175894 ], [ 4487423.22617369145155, 724497.363457401050255 ], [ 4487423.22617369145155, 724534.787974749924615 ], [ 4487423.22617369145155, 724572.212492098798975 ], [ 4487385.80165634304285, 724572.212492098798975 ], [ 4487348.377138994634151, 724572.212492098798975 ], [ 4487310.952621646225452, 724572.212492098798975 ], [ 4487273.528104297816753, 724572.212492098798975 ], [ 4487236.103586949408054, 724572.212492098798975 ], [ 4487236.103586949408054, 724609.637009447673336 ], [ 4487236.103586949408054, 724647.061526796547696 ], [ 4487236.103586949408054, 724684.486044145422056 ], [ 4487236.103586949408054, 724721.910561494296417 ], [ 4487209.640456949360669, 724748.373691494343802 ], [ 4487172.21593960095197, 724748.373691494343802 ], [ 4487134.791422252543271, 724748.373691494343802 ], [ 4487097.366904904134572, 724748.373691494343802 ], [ 4487097.366904904134572, 724785.798208843218163 ], [ 4487097.366904904134572, 724823.222726192092523 ], [ 4487097.366904904134572, 724860.647243540966883 ], [ 4487097.366904904134572, 724898.071760889841244 ], [ 4487097.366904904134572, 724935.496278238715604 ], [ 4487097.366904904134572, 724972.920795587589964 ], [ 4487097.366904904134572, 725010.345312936464325 ], [ 4487097.366904904134572, 725047.769830285338685 ], [ 4487070.903774904087186, 725074.232960285386071 ], [ 4487033.479257555678487, 725074.232960285386071 ], [ 4486996.054740207269788, 725074.232960285386071 ], [ 4486958.630222858861089, 725074.232960285386071 ], [ 4486921.20570551045239, 725074.232960285386071 ], [ 4486921.20570551045239, 725111.657477634260431 ], [ 4486921.20570551045239, 725149.081994983134791 ], [ 4486921.20570551045239, 725186.506512332009152 ], [ 4486921.20570551045239, 725223.931029680883512 ], [ 4486894.742575510405004, 725250.394159680930898 ], [ 4486857.318058161996305, 725250.394159680930898 ], [ 4486819.893540813587606, 725250.394159680930898 ], [ 4486782.469023465178907, 725250.394159680930898 ], [ 4486756.005893465131521, 725276.857289680978283 ], [ 4486756.005893465131521, 725314.281807029852644 ], [ 4486756.005893465131521, 725351.706324378727004 ], [ 4486756.005893465131521, 725389.130841727601364 ], [ 4486729.542763465084136, 725415.59397172764875 ], [ 4486692.118246116675436, 725415.59397172764875 ], [ 4486654.693728768266737, 725415.59397172764875 ], [ 4486617.269211419858038, 725415.59397172764875 ], [ 4486617.269211419858038, 725453.01848907652311 ], [ 4486617.269211419858038, 725490.443006425397471 ], [ 4486617.269211419858038, 725527.867523774271831 ], [ 4486617.269211419858038, 725565.292041123146191 ], [ 4486579.844694071449339, 725565.292041123146191 ], [ 4486542.42017672304064, 725565.292041123146191 ], [ 4486504.995659374631941, 725565.292041123146191 ], [ 4486467.571142026223242, 725565.292041123146191 ], [ 4486430.146624677814543, 725565.292041123146191 ], [ 4486430.146624677814543, 725602.716558472020552 ], [ 4486430.146624677814543, 725640.141075820894912 ], [ 4486430.146624677814543, 725677.565593169769272 ], [ 4486430.146624677814543, 725714.990110518643633 ], [ 4486403.683494677767158, 725741.453240518691018 ], [ 4486366.258977329358459, 725741.453240518691018 ], [ 4486328.834459980949759, 725741.453240518691018 ], [ 4486291.40994263254106, 725741.453240518691018 ], [ 4486253.985425284132361, 725741.453240518691018 ], [ 4486253.985425284132361, 725778.877757867565379 ], [ 4486253.985425284132361, 725816.302275216439739 ], [ 4486253.985425284132361, 725853.726792565314099 ], [ 4486253.985425284132361, 725891.15130991418846 ], [ 4486227.522295284084976, 725917.614439914235845 ], [ 4486190.097777935676277, 725917.614439914235845 ], [ 4486152.673260587267578, 725917.614439914235845 ], [ 4486115.248743238858879, 725917.614439914235845 ], [ 4486115.248743238858879, 725955.038957263110206 ], [ 4486115.248743238858879, 725992.463474611984566 ], [ 4486115.248743238858879, 726029.887991960858926 ], [ 4486115.248743238858879, 726067.312509309733286 ], [ 4486077.82422589045018, 726067.312509309733286 ], [ 4486040.399708542041481, 726067.312509309733286 ], [ 4486002.975191193632782, 726067.312509309733286 ], [ 4485965.550673845224082, 726067.312509309733286 ], [ 4485939.087543845176697, 726093.775639309780672 ], [ 4485939.087543845176697, 726131.200156658655033 ], [ 4485939.087543845176697, 726168.624674007529393 ], [ 4485939.087543845176697, 726206.049191356403753 ], [ 4485939.087543845176697, 726243.473708705278113 ], [ 4485939.087543845176697, 726280.898226054152474 ], [ 4485939.087543845176697, 726318.322743403026834 ], [ 4485939.087543845176697, 726355.747260751901194 ], [ 4485939.087543845176697, 726393.171778100775555 ], [ 4485901.663026496767998, 726393.171778100775555 ], [ 4485864.238509148359299, 726393.171778100775555 ], [ 4485826.8139917999506, 726393.171778100775555 ], [ 4485789.389474451541901, 726393.171778100775555 ], [ 4485751.964957103133202, 726393.171778100775555 ], [ 4485714.540439754724503, 726393.171778100775555 ], [ 4485677.115922406315804, 726393.171778100775555 ], [ 4485639.691405057907104, 726393.171778100775555 ], [ 4485602.266887709498405, 726393.171778100775555 ], [ 4485602.266887709498405, 726430.596295449649915 ], [ 4485602.266887709498405, 726468.020812798524275 ], [ 4485602.266887709498405, 726505.445330147398636 ], [ 4485602.266887709498405, 726542.869847496272996 ], [ 4485575.80375770945102, 726569.332977496320382 ], [ 4485538.379240361042321, 726569.332977496320382 ], [ 4485500.954723012633622, 726569.332977496320382 ], [ 4485463.530205664224923, 726569.332977496320382 ], [ 4485437.067075664177537, 726595.796107496367767 ], [ 4485437.067075664177537, 726633.220624845242128 ], [ 4485437.067075664177537, 726670.645142194116488 ], [ 4485437.067075664177537, 726708.069659542990848 ], [ 4485410.603945664130151, 726734.532789543038234 ], [ 4485373.179428315721452, 726734.532789543038234 ], [ 4485335.754910967312753, 726734.532789543038234 ], [ 4485298.330393618904054, 726734.532789543038234 ], [ 4485298.330393618904054, 726771.957306891912594 ], [ 4485298.330393618904054, 726809.381824240786955 ], [ 4485298.330393618904054, 726846.806341589661315 ], [ 4485298.330393618904054, 726884.230858938535675 ], [ 4485271.867263618856668, 726910.693988938583061 ], [ 4485234.442746270447969, 726910.693988938583061 ], [ 4485197.01822892203927, 726910.693988938583061 ], [ 4485159.593711573630571, 726910.693988938583061 ], [ 4485122.169194225221872, 726910.693988938583061 ], [ 4485122.169194225221872, 726948.118506287457421 ], [ 4485122.169194225221872, 726985.543023636331782 ], [ 4485122.169194225221872, 727022.967540985206142 ], [ 4485122.169194225221872, 727060.392058334080502 ], [ 4485122.169194225221872, 727097.816575682954863 ], [ 4485122.169194225221872, 727135.241093031829223 ], [ 4485122.169194225221872, 727172.665610380703583 ], [ 4485122.169194225221872, 727210.090127729577944 ], [ 4485095.706064225174487, 727236.553257729625329 ], [ 4485058.281546876765788, 727236.553257729625329 ], [ 4485020.857029528357089, 727236.553257729625329 ], [ 4484983.43251217994839, 727236.553257729625329 ], [ 4484946.00799483153969, 727236.553257729625329 ], [ 4484946.00799483153969, 727273.97777507849969 ], [ 4484946.00799483153969, 727311.40229242737405 ], [ 4484946.00799483153969, 727348.82680977624841 ], [ 4484946.00799483153969, 727386.251327125122771 ], [ 4484908.583477483130991, 727386.251327125122771 ], [ 4484871.158960134722292, 727386.251327125122771 ], [ 4484833.734442786313593, 727386.251327125122771 ], [ 4484796.309925437904894, 727386.251327125122771 ], [ 4484758.885408089496195, 727386.251327125122771 ], [ 4484721.460890741087496, 727386.251327125122771 ], [ 4484684.036373392678797, 727386.251327125122771 ], [ 4484646.611856044270098, 727386.251327125122771 ], [ 4484620.148726044222713, 727412.714457125170156 ], [ 4484620.148726044222713, 727450.138974474044517 ], [ 4484620.148726044222713, 727487.563491822918877 ], [ 4484620.148726044222713, 727524.988009171793237 ], [ 4484593.685596044175327, 727551.451139171840623 ], [ 4484556.261078695766628, 727551.451139171840623 ], [ 4484518.836561347357929, 727551.451139171840623 ], [ 4484481.41204399894923, 727551.451139171840623 ], [ 4484454.948913998901844, 727577.914269171888009 ], [ 4484454.948913998901844, 727615.338786520762369 ], [ 4484454.948913998901844, 727652.763303869636729 ], [ 4484454.948913998901844, 727690.18782121851109 ], [ 4484428.485783998854458, 727716.650951218558475 ], [ 4484391.061266650445759, 727716.650951218558475 ], [ 4484353.63674930203706, 727716.650951218558475 ], [ 4484316.212231953628361, 727716.650951218558475 ], [ 4484316.212231953628361, 727754.075468567432836 ], [ 4484316.212231953628361, 727791.499985916307196 ], [ 4484316.212231953628361, 727828.924503265181556 ], [ 4484316.212231953628361, 727866.349020614055917 ], [ 4484289.749101953580976, 727892.812150614103302 ], [ 4484252.324584605172276, 727892.812150614103302 ], [ 4484214.900067256763577, 727892.812150614103302 ], [ 4484177.475549908354878, 727892.812150614103302 ], [ 4484140.051032559946179, 727892.812150614103302 ], [ 4484102.62651521153748, 727892.812150614103302 ], [ 4484065.201997863128781, 727892.812150614103302 ], [ 4484027.777480514720082, 727892.812150614103302 ], [ 4483990.352963166311383, 727892.812150614103302 ], [ 4483952.928445817902684, 727892.812150614103302 ], [ 4483915.503928469493985, 727892.812150614103302 ], [ 4483878.079411121085286, 727892.812150614103302 ], [ 4483840.654893772676587, 727892.812150614103302 ], [ 4483803.230376424267888, 727892.812150614103302 ], [ 4483765.805859075859189, 727892.812150614103302 ], [ 4483728.38134172745049, 727892.812150614103302 ], [ 4483690.956824379041791, 727892.812150614103302 ], [ 4483653.532307030633092, 727892.812150614103302 ], [ 4483616.107789682224393, 727892.812150614103302 ], [ 4483578.683272333815694, 727892.812150614103302 ], [ 4483541.258754985406995, 727892.812150614103302 ], [ 4483503.834237636998296, 727892.812150614103302 ], [ 4483466.409720288589597, 727892.812150614103302 ], [ 4483428.985202940180898, 727892.812150614103302 ], [ 4483391.560685591772199, 727892.812150614103302 ], [ 4483354.1361682433635, 727892.812150614103302 ], [ 4483316.711650894954801, 727892.812150614103302 ], [ 4483279.287133546546102, 727892.812150614103302 ], [ 4483241.862616198137403, 727892.812150614103302 ], [ 4483204.438098849728703, 727892.812150614103302 ], [ 4483167.013581501320004, 727892.812150614103302 ], [ 4483129.589064152911305, 727892.812150614103302 ], [ 4483092.164546804502606, 727892.812150614103302 ], [ 4483054.740029456093907, 727892.812150614103302 ], [ 4483017.315512107685208, 727892.812150614103302 ], [ 4482979.890994759276509, 727892.812150614103302 ], [ 4482942.46647741086781, 727892.812150614103302 ], [ 4482905.041960062459111, 727892.812150614103302 ], [ 4482867.617442714050412, 727892.812150614103302 ], [ 4482830.192925365641713, 727892.812150614103302 ], [ 4482792.768408017233014, 727892.812150614103302 ], [ 4482755.343890668824315, 727892.812150614103302 ], [ 4482717.919373320415616, 727892.812150614103302 ], [ 4482680.494855972006917, 727892.812150614103302 ], [ 4482643.070338623598218, 727892.812150614103302 ], [ 4482605.645821275189519, 727892.812150614103302 ], [ 4482568.22130392678082, 727892.812150614103302 ], [ 4482530.796786578372121, 727892.812150614103302 ], [ 4482493.372269229963422, 727892.812150614103302 ], [ 4482455.947751881554723, 727892.812150614103302 ], [ 4482418.523234533146024, 727892.812150614103302 ], [ 4482381.098717184737325, 727892.812150614103302 ], [ 4482343.674199836328626, 727892.812150614103302 ], [ 4482306.249682487919927, 727892.812150614103302 ], [ 4482268.825165139511228, 727892.812150614103302 ], [ 4482231.400647791102529, 727892.812150614103302 ], [ 4482193.97613044269383, 727892.812150614103302 ], [ 4482156.551613094285131, 727892.812150614103302 ], [ 4482119.127095745876431, 727892.812150614103302 ], [ 4482081.702578397467732, 727892.812150614103302 ], [ 4482044.278061049059033, 727892.812150614103302 ], [ 4482006.853543700650334, 727892.812150614103302 ], [ 4481969.429026352241635, 727892.812150614103302 ], [ 4481932.004509003832936, 727892.812150614103302 ], [ 4481894.579991655424237, 727892.812150614103302 ], [ 4481857.155474307015538, 727892.812150614103302 ], [ 4481819.730956958606839, 727892.812150614103302 ], [ 4481782.30643961019814, 727892.812150614103302 ], [ 4481744.881922261789441, 727892.812150614103302 ], [ 4481707.457404913380742, 727892.812150614103302 ], [ 4481670.032887564972043, 727892.812150614103302 ], [ 4481632.608370216563344, 727892.812150614103302 ], [ 4481595.183852868154645, 727892.812150614103302 ], [ 4481557.759335519745946, 727892.812150614103302 ], [ 4481520.334818171337247, 727892.812150614103302 ], [ 4481482.910300822928548, 727892.812150614103302 ], [ 4481445.485783474519849, 727892.812150614103302 ], [ 4481408.06126612611115, 727892.812150614103302 ], [ 4481370.636748777702451, 727892.812150614103302 ], [ 4481333.212231429293752, 727892.812150614103302 ], [ 4481306.749101429246366, 727866.349020614055917 ], [ 4481306.749101429246366, 727828.924503265181556 ], [ 4481306.749101429246366, 727791.499985916307196 ], [ 4481306.749101429246366, 727754.075468567432836 ], [ 4481306.749101429246366, 727716.650951218558475 ], [ 4481269.324584080837667, 727716.650951218558475 ], [ 4481231.900066732428968, 727716.650951218558475 ], [ 4481194.475549384020269, 727716.650951218558475 ], [ 4481157.05103203561157, 727716.650951218558475 ], [ 4481119.626514687202871, 727716.650951218558475 ], [ 4481082.201997338794172, 727716.650951218558475 ], [ 4481044.777479990385473, 727716.650951218558475 ], [ 4481007.352962641976774, 727716.650951218558475 ], [ 4480969.928445293568075, 727716.650951218558475 ], [ 4480932.503927945159376, 727716.650951218558475 ], [ 4480895.079410596750677, 727716.650951218558475 ], [ 4480857.654893248341978, 727716.650951218558475 ], [ 4480820.230375899933279, 727716.650951218558475 ], [ 4480782.80585855152458, 727716.650951218558475 ], [ 4480745.38134120311588, 727716.650951218558475 ], [ 4480707.956823854707181, 727716.650951218558475 ], [ 4480670.532306506298482, 727716.650951218558475 ], [ 4480670.532306506298482, 727754.075468567432836 ], [ 4480670.532306506298482, 727791.499985916307196 ], [ 4480670.532306506298482, 727828.924503265181556 ], [ 4480670.532306506298482, 727866.349020614055917 ], [ 4480644.069176506251097, 727892.812150614103302 ], [ 4480606.644659157842398, 727892.812150614103302 ], [ 4480569.220141809433699, 727892.812150614103302 ], [ 4480531.795624461025, 727892.812150614103302 ], [ 4480494.371107112616301, 727892.812150614103302 ], [ 4480456.946589764207602, 727892.812150614103302 ], [ 4480419.522072415798903, 727892.812150614103302 ], [ 4480382.097555067390203, 727892.812150614103302 ], [ 4480344.673037718981504, 727892.812150614103302 ], [ 4480307.248520370572805, 727892.812150614103302 ], [ 4480269.824003022164106, 727892.812150614103302 ], [ 4480232.399485673755407, 727892.812150614103302 ], [ 4480194.974968325346708, 727892.812150614103302 ], [ 4480157.550450976938009, 727892.812150614103302 ], [ 4480120.12593362852931, 727892.812150614103302 ], [ 4480082.701416280120611, 727892.812150614103302 ], [ 4480045.276898931711912, 727892.812150614103302 ], [ 4480007.852381583303213, 727892.812150614103302 ], [ 4480007.852381583303213, 727930.236667962977663 ], [ 4480007.852381583303213, 727967.661185311852023 ], [ 4480007.852381583303213, 728005.085702660726383 ], [ 4480007.852381583303213, 728042.510220009600744 ], [ 4479981.389251583255827, 728068.973350009648129 ], [ 4479943.964734234847128, 728068.973350009648129 ], [ 4479906.540216886438429, 728068.973350009648129 ], [ 4479869.11569953802973, 728068.973350009648129 ], [ 4479831.691182189621031, 728068.973350009648129 ], [ 4479794.266664841212332, 728068.973350009648129 ], [ 4479756.842147492803633, 728068.973350009648129 ], [ 4479719.417630144394934, 728068.973350009648129 ], [ 4479681.993112795986235, 728068.973350009648129 ], [ 4479644.568595447577536, 728068.973350009648129 ], [ 4479607.144078099168837, 728068.973350009648129 ], [ 4479569.719560750760138, 728068.973350009648129 ], [ 4479532.295043402351439, 728068.973350009648129 ], [ 4479494.87052605394274, 728068.973350009648129 ], [ 4479457.446008705534041, 728068.973350009648129 ], [ 4479420.021491357125342, 728068.973350009648129 ], [ 4479382.596974008716643, 728068.973350009648129 ], [ 4479345.172456660307944, 728068.973350009648129 ], [ 4479307.747939311899245, 728068.973350009648129 ], [ 4479270.323421963490546, 728068.973350009648129 ], [ 4479232.898904615081847, 728068.973350009648129 ], [ 4479195.474387266673148, 728068.973350009648129 ], [ 4479158.049869918264449, 728068.973350009648129 ], [ 4479120.62535256985575, 728068.973350009648129 ], [ 4479083.200835221447051, 728068.973350009648129 ], [ 4479045.776317873038352, 728068.973350009648129 ], [ 4479045.776317873038352, 728106.39786735852249 ], [ 4479045.776317873038352, 728143.82238470739685 ], [ 4479045.776317873038352, 728181.24690205627121 ], [ 4479045.776317873038352, 728218.671419405145571 ], [ 4479008.351800524629653, 728218.671419405145571 ], [ 4478970.927283176220953, 728218.671419405145571 ], [ 4478933.502765827812254, 728218.671419405145571 ], [ 4478896.078248479403555, 728218.671419405145571 ], [ 4478858.653731130994856, 728218.671419405145571 ], [ 4478821.229213782586157, 728218.671419405145571 ], [ 4478783.804696434177458, 728218.671419405145571 ], [ 4478746.380179085768759, 728218.671419405145571 ], [ 4478708.95566173736006, 728218.671419405145571 ], [ 4478708.95566173736006, 728256.095936754019931 ], [ 4478708.95566173736006, 728293.520454102894291 ], [ 4478708.95566173736006, 728330.944971451768652 ], [ 4478708.95566173736006, 728368.369488800643012 ], [ 4478669.260966737754643, 728374.382118187029846 ], [ 4478629.566271738149226, 728376.65229583857581 ], [ 4478592.141754389740527, 728376.65229583857581 ], [ 4478554.717237041331828, 728376.65229583857581 ], [ 4478517.292719692923129, 728376.65229583857581 ], [ 4478479.86820234451443, 728376.65229583857581 ], [ 4478442.443684996105731, 728376.65229583857581 ], [ 4478405.019167647697031, 728376.65229583857581 ], [ 4478367.594650299288332, 728376.65229583857581 ], [ 4478330.170132950879633, 728376.65229583857581 ], [ 4478292.745615602470934, 728376.65229583857581 ], [ 4478255.321098254062235, 728376.65229583857581 ], [ 4478217.896580905653536, 728376.65229583857581 ], [ 4478180.472063557244837, 728376.65229583857581 ], [ 4478143.047546208836138, 728376.65229583857581 ], [ 4478105.623028860427439, 728376.65229583857581 ], [ 4478068.19851151201874, 728376.65229583857581 ], [ 4478030.773994163610041, 728376.65229583857581 ], [ 4478030.773994163610041, 728414.076813187450171 ], [ 4478030.773994163610041, 728451.501330536324531 ], [ 4478030.773994163610041, 728488.925847885198891 ], [ 4478030.773994163610041, 728526.350365234073251 ], [ 4478004.310864163562655, 728552.813495234120637 ], [ 4477966.886346815153956, 728552.813495234120637 ], [ 4477929.461829466745257, 728552.813495234120637 ], [ 4477892.037312118336558, 728552.813495234120637 ], [ 4477854.612794769927859, 728552.813495234120637 ], [ 4477817.18827742151916, 728552.813495234120637 ], [ 4477779.763760073110461, 728552.813495234120637 ], [ 4477742.339242724701762, 728552.813495234120637 ], [ 4477715.876112724654377, 728579.276625234168023 ], [ 4477715.876112724654377, 728616.701142583042383 ], [ 4477715.876112724654377, 728654.125659931916744 ], [ 4477715.876112724654377, 728691.550177280791104 ], [ 4477689.412982724606991, 728718.01330728083849 ], [ 4477651.988465376198292, 728718.01330728083849 ], [ 4477614.563948027789593, 728718.01330728083849 ], [ 4477577.139430679380894, 728718.01330728083849 ], [ 4477550.676300679333508, 728744.476437280885875 ], [ 4477550.676300679333508, 728781.900954629760236 ], [ 4477550.676300679333508, 728819.325471978634596 ], [ 4477550.676300679333508, 728856.749989327508956 ], [ 4477524.213170679286122, 728883.213119327556342 ], [ 4477486.788653330877423, 728883.213119327556342 ], [ 4477449.364135982468724, 728883.213119327556342 ], [ 4477411.939618634060025, 728883.213119327556342 ], [ 4477411.939618634060025, 728920.637636676430702 ], [ 4477411.939618634060025, 728958.062154025305063 ], [ 4477411.939618634060025, 728995.486671374179423 ], [ 4477411.939618634060025, 729032.911188723053783 ], [ 4477385.47648863401264, 729059.374318723101169 ], [ 4477348.05197128560394, 729059.374318723101169 ], [ 4477310.627453937195241, 729059.374318723101169 ], [ 4477273.202936588786542, 729059.374318723101169 ], [ 4477235.778419240377843, 729059.374318723101169 ], [ 4477209.315289240330458, 729085.837448723148555 ], [ 4477209.315289240330458, 729123.261966072022915 ], [ 4477209.315289240330458, 729160.686483420897275 ], [ 4477209.315289240330458, 729198.111000769771636 ], [ 4477182.852159240283072, 729224.574130769819021 ], [ 4477145.427641891874373, 729224.574130769819021 ], [ 4477108.003124543465674, 729224.574130769819021 ], [ 4477070.578607195056975, 729224.574130769819021 ], [ 4477033.154089846648276, 729224.574130769819021 ], [ 4476995.729572498239577, 729224.574130769819021 ], [ 4476958.305055149830878, 729224.574130769819021 ], [ 4476920.880537801422179, 729224.574130769819021 ], [ 4476894.417407801374793, 729251.037260769866407 ], [ 4476894.417407801374793, 729288.461778118740767 ], [ 4476894.417407801374793, 729325.886295467615128 ], [ 4476894.417407801374793, 729363.310812816489488 ], [ 4476867.954277801327407, 729389.773942816536874 ], [ 4476830.529760452918708, 729389.773942816536874 ], [ 4476793.105243104510009, 729389.773942816536874 ], [ 4476755.68072575610131, 729389.773942816536874 ], [ 4476729.217595756053925, 729416.237072816584259 ], [ 4476729.217595756053925, 729453.66159016545862 ], [ 4476729.217595756053925, 729491.08610751433298 ], [ 4476729.217595756053925, 729528.51062486320734 ], [ 4476702.754465756006539, 729554.973754863254726 ], [ 4476665.32994840759784, 729554.973754863254726 ], [ 4476627.905431059189141, 729554.973754863254726 ], [ 4476590.480913710780442, 729554.973754863254726 ], [ 4476590.480913710780442, 729592.398272212129086 ], [ 4476590.480913710780442, 729629.822789561003447 ], [ 4476590.480913710780442, 729667.247306909877807 ], [ 4476590.480913710780442, 729704.671824258752167 ], [ 4476553.056396362371743, 729704.671824258752167 ], [ 4476515.631879013963044, 729704.671824258752167 ], [ 4476478.207361665554345, 729704.671824258752167 ], [ 4476440.782844317145646, 729704.671824258752167 ], [ 4476403.358326968736947, 729704.671824258752167 ], [ 4476403.358326968736947, 729742.096341607626528 ], [ 4476403.358326968736947, 729779.520858956500888 ], [ 4476403.358326968736947, 729816.945376305375248 ], [ 4476403.358326968736947, 729854.369893654249609 ], [ 4476403.358326968736947, 729891.794411003123969 ], [ 4476403.358326968736947, 729929.218928351998329 ], [ 4476403.358326968736947, 729966.643445700872689 ], [ 4476403.358326968736947, 730004.06796304974705 ], [ 4476376.895196968689561, 730030.531093049794436 ], [ 4476339.470679620280862, 730030.531093049794436 ], [ 4476302.046162271872163, 730030.531093049794436 ], [ 4476264.621644923463464, 730030.531093049794436 ], [ 4476227.197127575054765, 730030.531093049794436 ], [ 4476189.772610226646066, 730030.531093049794436 ], [ 4476152.348092878237367, 730030.531093049794436 ], [ 4476114.923575529828668, 730030.531093049794436 ], [ 4476077.499058181419969, 730030.531093049794436 ], [ 4476077.499058181419969, 730067.955610398668796 ], [ 4476077.499058181419969, 730105.380127747543156 ], [ 4476077.499058181419969, 730142.804645096417516 ], [ 4476077.499058181419969, 730180.229162445291877 ], [ 4476051.035928181372583, 730206.692292445339262 ], [ 4476013.611410832963884, 730206.692292445339262 ], [ 4475976.186893484555185, 730206.692292445339262 ], [ 4475938.762376136146486, 730206.692292445339262 ], [ 4475912.2992461360991, 730233.155422445386648 ], [ 4475912.2992461360991, 730270.579939794261009 ], [ 4475912.2992461360991, 730308.004457143135369 ], [ 4475912.2992461360991, 730345.428974492009729 ], [ 4475885.836116136051714, 730371.892104492057115 ], [ 4475848.411598787643015, 730371.892104492057115 ], [ 4475810.987081439234316, 730371.892104492057115 ], [ 4475773.562564090825617, 730371.892104492057115 ], [ 4475736.138046742416918, 730371.892104492057115 ], [ 4475736.138046742416918, 730409.316621840931475 ], [ 4475736.138046742416918, 730446.741139189805835 ], [ 4475736.138046742416918, 730484.165656538680196 ], [ 4475736.138046742416918, 730521.590173887554556 ], [ 4475709.674916742369533, 730548.053303887601942 ], [ 4475672.250399393960834, 730548.053303887601942 ], [ 4475634.825882045552135, 730548.053303887601942 ], [ 4475597.401364697143435, 730548.053303887601942 ], [ 4475559.976847348734736, 730548.053303887601942 ], [ 4475522.552330000326037, 730548.053303887601942 ], [ 4475485.127812651917338, 730548.053303887601942 ], [ 4475447.703295303508639, 730548.053303887601942 ], [ 4475410.27877795509994, 730548.053303887601942 ], [ 4475372.854260606691241, 730548.053303887601942 ], [ 4475335.429743258282542, 730548.053303887601942 ], [ 4475298.005225909873843, 730548.053303887601942 ], [ 4475260.580708561465144, 730548.053303887601942 ], [ 4475223.156191213056445, 730548.053303887601942 ], [ 4475185.731673864647746, 730548.053303887601942 ], [ 4475148.307156516239047, 730548.053303887601942 ], [ 4475110.882639167830348, 730548.053303887601942 ], [ 4475110.882639167830348, 730585.477821236476302 ], [ 4475110.882639167830348, 730622.902338585350662 ], [ 4475110.882639167830348, 730660.326855934225023 ], [ 4475110.882639167830348, 730697.751373283099383 ], [ 4475073.458121819421649, 730697.751373283099383 ], [ 4475036.03360447101295, 730697.751373283099383 ], [ 4474998.609087122604251, 730697.751373283099383 ], [ 4474961.184569774195552, 730697.751373283099383 ], [ 4474923.760052425786853, 730697.751373283099383 ], [ 4474886.335535077378154, 730697.751373283099383 ], [ 4474848.911017728969455, 730697.751373283099383 ], [ 4474811.486500380560756, 730697.751373283099383 ], [ 4474774.061983032152057, 730697.751373283099383 ], [ 4474747.598853032104671, 730724.214503283146769 ], [ 4474747.598853032104671, 730761.639020632021129 ], [ 4474747.598853032104671, 730799.063537980895489 ], [ 4474747.598853032104671, 730836.48805532976985 ], [ 4474721.135723032057285, 730862.951185329817235 ], [ 4474683.711205683648586, 730862.951185329817235 ], [ 4474646.286688335239887, 730862.951185329817235 ], [ 4474608.862170986831188, 730862.951185329817235 ], [ 4474571.437653638422489, 730862.951185329817235 ], [ 4474534.01313629001379, 730862.951185329817235 ], [ 4474496.588618941605091, 730862.951185329817235 ], [ 4474459.164101593196392, 730862.951185329817235 ], [ 4474421.739584244787693, 730862.951185329817235 ], [ 4474384.315066896378994, 730862.951185329817235 ], [ 4474346.890549547970295, 730862.951185329817235 ], [ 4474309.466032199561596, 730862.951185329817235 ], [ 4474272.041514851152897, 730862.951185329817235 ], [ 4474272.041514851152897, 730900.375702678691596 ], [ 4474272.041514851152897, 730937.800220027565956 ], [ 4474272.041514851152897, 730975.224737376440316 ], [ 4474272.041514851152897, 731012.649254725314677 ], [ 4474245.578384851105511, 731039.112384725362062 ], [ 4474208.153867502696812, 731039.112384725362062 ], [ 4474170.729350154288113, 731039.112384725362062 ], [ 4474133.304832805879414, 731039.112384725362062 ], [ 4474095.880315457470715, 731039.112384725362062 ], [ 4474058.455798109062016, 731039.112384725362062 ], [ 4474021.031280760653317, 731039.112384725362062 ], [ 4473983.606763412244618, 731039.112384725362062 ], [ 4473946.182246063835919, 731039.112384725362062 ], [ 4473946.182246063835919, 731076.536902074236423 ], [ 4473946.182246063835919, 731113.961419423110783 ], [ 4473946.182246063835919, 731151.385936771985143 ], [ 4473906.487551064230502, 731187.338180037098937 ], [ 4473866.792856064625084, 731185.865905953804031 ], [ 4473829.368338716216385, 731185.865905953804031 ], [ 4473791.943821367807686, 731185.865905953804031 ], [ 4473754.519304019398987, 731185.865905953804031 ], [ 4473754.519304019398987, 731148.441388604929671 ], [ 4473754.519304019398987, 731111.01687125605531 ], [ 4473754.519304019398987, 731073.59235390718095 ], [ 4473754.519304019398987, 731036.16783655830659 ], [ 4473717.094786670990288, 731036.16783655830659 ], [ 4473679.670269322581589, 731036.16783655830659 ], [ 4473642.24575197417289, 731036.16783655830659 ], [ 4473604.821234625764191, 731036.16783655830659 ], [ 4473604.821234625764191, 731073.59235390718095 ], [ 4473604.821234625764191, 731111.01687125605531 ], [ 4473604.821234625764191, 731148.441388604929671 ], [ 4473604.821234625764191, 731185.865905953804031 ], [ 4473567.396717277355492, 731185.865905953804031 ], [ 4473529.972199928946793, 731185.865905953804031 ], [ 4473492.547682580538094, 731185.865905953804031 ], [ 4473455.123165232129395, 731185.865905953804031 ], [ 4473417.698647883720696, 731185.865905953804031 ], [ 4473380.274130535311997, 731185.865905953804031 ], [ 4473342.849613186903298, 731185.865905953804031 ], [ 4473305.425095838494599, 731185.865905953804031 ], [ 4473268.0005784900859, 731185.865905953804031 ], [ 4473268.0005784900859, 731223.290423302678391 ], [ 4473268.0005784900859, 731260.714940651552752 ], [ 4473268.0005784900859, 731298.139458000427112 ], [ 4473268.0005784900859, 731335.563975349301472 ], [ 4473241.537448490038514, 731362.027105349348858 ], [ 4473204.112931141629815, 731362.027105349348858 ], [ 4473166.688413793221116, 731362.027105349348858 ], [ 4473129.263896444812417, 731362.027105349348858 ], [ 4473091.839379096403718, 731362.027105349348858 ], [ 4473054.414861747995019, 731362.027105349348858 ], [ 4473016.99034439958632, 731362.027105349348858 ], [ 4472979.565827051177621, 731362.027105349348858 ], [ 4472942.141309702768922, 731362.027105349348858 ], [ 4472942.141309702768922, 731399.451622698223218 ], [ 4472942.141309702768922, 731436.876140047097579 ], [ 4472942.141309702768922, 731474.300657395971939 ], [ 4472942.141309702768922, 731511.725174744846299 ], [ 4472915.678179702721536, 731538.188304744893685 ], [ 4472878.253662354312837, 731538.188304744893685 ], [ 4472840.829145005904138, 731538.188304744893685 ], [ 4472803.404627657495439, 731538.188304744893685 ], [ 4472765.98011030908674, 731538.188304744893685 ], [ 4472728.555592960678041, 731538.188304744893685 ], [ 4472691.131075612269342, 731538.188304744893685 ], [ 4472653.706558263860643, 731538.188304744893685 ], [ 4472616.282040915451944, 731538.188304744893685 ], [ 4472578.857523567043245, 731538.188304744893685 ], [ 4472541.433006218634546, 731538.188304744893685 ], [ 4472504.008488870225847, 731538.188304744893685 ], [ 4472466.583971521817148, 731538.188304744893685 ], [ 4472440.120841521769762, 731564.651434744941071 ], [ 4472440.120841521769762, 731602.075952093815431 ], [ 4472440.120841521769762, 731639.500469442689791 ], [ 4472440.120841521769762, 731676.924986791564152 ], [ 4472413.657711521722376, 731703.388116791611537 ], [ 4472376.233194173313677, 731703.388116791611537 ], [ 4472338.808676824904978, 731703.388116791611537 ], [ 4472301.384159476496279, 731703.388116791611537 ], [ 4472263.95964212808758, 731703.388116791611537 ], [ 4472226.535124779678881, 731703.388116791611537 ], [ 4472189.110607431270182, 731703.388116791611537 ], [ 4472151.686090082861483, 731703.388116791611537 ], [ 4472114.261572734452784, 731703.388116791611537 ], [ 4472076.837055386044085, 731703.388116791611537 ], [ 4472039.412538037635386, 731703.388116791611537 ], [ 4472001.988020689226687, 731703.388116791611537 ], [ 4471964.563503340817988, 731703.388116791611537 ], [ 4471927.138985992409289, 731703.388116791611537 ], [ 4471889.71446864400059, 731703.388116791611537 ], [ 4471852.289951295591891, 731703.388116791611537 ], [ 4471814.865433947183192, 731703.388116791611537 ], [ 4471777.440916598774493, 731703.388116791611537 ], [ 4471740.016399250365794, 731703.388116791611537 ], [ 4471702.591881901957095, 731703.388116791611537 ], [ 4471665.167364553548396, 731703.388116791611537 ], [ 4471627.742847205139697, 731703.388116791611537 ], [ 4471590.318329856730998, 731703.388116791611537 ], [ 4471552.893812508322299, 731703.388116791611537 ], [ 4471515.469295159913599, 731703.388116791611537 ], [ 4471478.0447778115049, 731703.388116791611537 ], [ 4471478.0447778115049, 731740.812634140485898 ], [ 4471478.0447778115049, 731778.237151489360258 ], [ 4471478.0447778115049, 731815.661668838234618 ], [ 4471478.0447778115049, 731853.086186187108979 ], [ 4471440.620260463096201, 731853.086186187108979 ], [ 4471403.195743114687502, 731853.086186187108979 ], [ 4471365.771225766278803, 731853.086186187108979 ], [ 4471328.346708417870104, 731853.086186187108979 ], [ 4471290.922191069461405, 731853.086186187108979 ], [ 4471253.497673721052706, 731853.086186187108979 ], [ 4471216.073156372644007, 731853.086186187108979 ], [ 4471178.648639024235308, 731853.086186187108979 ], [ 4471141.224121675826609, 731853.086186187108979 ], [ 4471103.79960432741791, 731853.086186187108979 ], [ 4471066.375086979009211, 731853.086186187108979 ], [ 4471028.950569630600512, 731853.086186187108979 ], [ 4470991.526052282191813, 731853.086186187108979 ], [ 4470965.062922282144427, 731879.549316187156364 ], [ 4470965.062922282144427, 731916.973833536030725 ], [ 4470965.062922282144427, 731954.398350884905085 ], [ 4470965.062922282144427, 731991.822868233779445 ], [ 4470938.599792282097042, 732018.285998233826831 ], [ 4470901.175274933688343, 732018.285998233826831 ], [ 4470863.750757585279644, 732018.285998233826831 ], [ 4470826.326240236870944, 732018.285998233826831 ], [ 4470788.901722888462245, 732018.285998233826831 ], [ 4470751.477205540053546, 732018.285998233826831 ], [ 4470714.052688191644847, 732018.285998233826831 ], [ 4470676.628170843236148, 732018.285998233826831 ], [ 4470639.203653494827449, 732018.285998233826831 ], [ 4470601.77913614641875, 732018.285998233826831 ], [ 4470564.354618798010051, 732018.285998233826831 ], [ 4470526.930101449601352, 732018.285998233826831 ], [ 4470489.505584101192653, 732018.285998233826831 ], [ 4470452.081066752783954, 732018.285998233826831 ], [ 4470414.656549404375255, 732018.285998233826831 ], [ 4470377.232032055966556, 732018.285998233826831 ], [ 4470339.807514707557857, 732018.285998233826831 ], [ 4470302.382997359149158, 732018.285998233826831 ], [ 4470264.958480010740459, 732018.285998233826831 ], [ 4470227.53396266233176, 732018.285998233826831 ], [ 4470190.109445313923061, 732018.285998233826831 ], [ 4470152.684927965514362, 732018.285998233826831 ], [ 4470115.260410617105663, 732018.285998233826831 ], [ 4470077.835893268696964, 732018.285998233826831 ], [ 4470040.411375920288265, 732018.285998233826831 ], [ 4470002.986858571879566, 732018.285998233826831 ], [ 4470002.986858571879566, 732055.710515582701191 ], [ 4470002.986858571879566, 732093.135032931575552 ], [ 4470002.986858571879566, 732130.559550280449912 ], [ 4470002.986858571879566, 732167.984067629324272 ], [ 4469976.52372857183218, 732194.447197629371658 ], [ 4469939.099211223423481, 732194.447197629371658 ], [ 4469901.674693875014782, 732194.447197629371658 ], [ 4469864.250176526606083, 732194.447197629371658 ], [ 4469826.825659178197384, 732194.447197629371658 ], [ 4469789.401141829788685, 732194.447197629371658 ], [ 4469751.976624481379986, 732194.447197629371658 ], [ 4469714.552107132971287, 732194.447197629371658 ], [ 4469677.127589784562588, 732194.447197629371658 ], [ 4469639.703072436153889, 732194.447197629371658 ], [ 4469602.27855508774519, 732194.447197629371658 ], [ 4469564.854037739336491, 732194.447197629371658 ], [ 4469527.429520390927792, 732194.447197629371658 ], [ 4469490.005003042519093, 732194.447197629371658 ], [ 4469452.580485694110394, 732194.447197629371658 ], [ 4469415.155968345701694, 732194.447197629371658 ], [ 4469377.731450997292995, 732194.447197629371658 ], [ 4469340.306933648884296, 732194.447197629371658 ], [ 4469340.306933648884296, 732231.871714978246018 ], [ 4469340.306933648884296, 732269.296232327120379 ], [ 4469340.306933648884296, 732306.720749675994739 ], [ 4469340.306933648884296, 732344.145267024869099 ], [ 4469302.882416300475597, 732344.145267024869099 ], [ 4469265.457898952066898, 732344.145267024869099 ], [ 4469228.033381603658199, 732344.145267024869099 ], [ 4469190.6088642552495, 732344.145267024869099 ], [ 4469153.184346906840801, 732344.145267024869099 ], [ 4469115.759829558432102, 732344.145267024869099 ], [ 4469078.335312210023403, 732344.145267024869099 ], [ 4469040.910794861614704, 732344.145267024869099 ], [ 4469003.486277513206005, 732344.145267024869099 ], [ 4468966.061760164797306, 732344.145267024869099 ], [ 4468928.637242816388607, 732344.145267024869099 ], [ 4468891.212725467979908, 732344.145267024869099 ], [ 4468853.788208119571209, 732344.145267024869099 ], [ 4468816.36369077116251, 732344.145267024869099 ], [ 4468778.939173422753811, 732344.145267024869099 ], [ 4468741.514656074345112, 732344.145267024869099 ], [ 4468704.090138725936413, 732344.145267024869099 ], [ 4468666.665621377527714, 732344.145267024869099 ], [ 4468629.241104029119015, 732344.145267024869099 ], [ 4468591.816586680710316, 732344.145267024869099 ], [ 4468554.392069332301617, 732344.145267024869099 ], [ 4468516.967551983892918, 732344.145267024869099 ], [ 4468479.543034635484219, 732344.145267024869099 ], [ 4468442.11851728707552, 732344.145267024869099 ], [ 4468404.693999938666821, 732344.145267024869099 ], [ 4468367.269482590258121, 732344.145267024869099 ], [ 4468340.806352590210736, 732370.608397024916485 ], [ 4468340.806352590210736, 732408.032914373790845 ], [ 4468340.806352590210736, 732445.457431722665206 ], [ 4468340.806352590210736, 732482.881949071539566 ], [ 4468314.34322259016335, 732509.345079071586952 ], [ 4468276.918705241754651, 732509.345079071586952 ], [ 4468239.494187893345952, 732509.345079071586952 ], [ 4468202.069670544937253, 732509.345079071586952 ], [ 4468164.645153196528554, 732509.345079071586952 ], [ 4468127.220635848119855, 732509.345079071586952 ], [ 4468089.796118499711156, 732509.345079071586952 ], [ 4468052.371601151302457, 732509.345079071586952 ], [ 4468014.947083802893758, 732509.345079071586952 ], [ 4467977.522566454485059, 732509.345079071586952 ], [ 4467940.09804910607636, 732509.345079071586952 ], [ 4467902.673531757667661, 732509.345079071586952 ], [ 4467865.249014409258962, 732509.345079071586952 ], [ 4467838.785884409211576, 732535.808209071634337 ], [ 4467838.785884409211576, 732573.232726420508698 ], [ 4467838.785884409211576, 732610.657243769383058 ], [ 4467838.785884409211576, 732648.081761118257418 ], [ 4467799.091189409606159, 732676.549100913689472 ], [ 4467759.396494410000741, 732675.076826830394566 ], [ 4467721.971977061592042, 732675.076826830394566 ], [ 4467684.547459713183343, 732675.076826830394566 ], [ 4467647.122942364774644, 732675.076826830394566 ], [ 4467609.698425016365945, 732675.076826830394566 ], [ 4467572.273907667957246, 732675.076826830394566 ], [ 4467534.849390319548547, 732675.076826830394566 ], [ 4467497.424872971139848, 732675.076826830394566 ], [ 4467460.000355622731149, 732675.076826830394566 ], [ 4467422.57583827432245, 732675.076826830394566 ], [ 4467385.151320925913751, 732675.076826830394566 ], [ 4467347.726803577505052, 732675.076826830394566 ], [ 4467310.302286229096353, 732675.076826830394566 ], [ 4467272.877768880687654, 732675.076826830394566 ], [ 4467235.453251532278955, 732675.076826830394566 ], [ 4467198.028734183870256, 732675.076826830394566 ], [ 4467160.604216835461557, 732675.076826830394566 ], [ 4467123.179699487052858, 732675.076826830394566 ], [ 4467085.755182138644159, 732675.076826830394566 ], [ 4467048.33066479023546, 732675.076826830394566 ], [ 4467010.906147441826761, 732675.076826830394566 ], [ 4466973.481630093418062, 732675.076826830394566 ], [ 4466936.057112745009363, 732675.076826830394566 ], [ 4466898.632595396600664, 732675.076826830394566 ], [ 4466861.208078048191965, 732675.076826830394566 ], [ 4466861.208078048191965, 732712.501344179268926 ], [ 4466861.208078048191965, 732749.925861528143287 ], [ 4466861.208078048191965, 732787.350378877017647 ], [ 4466861.208078048191965, 732824.774896225892007 ], [ 4466834.744948048144579, 732851.238026225939393 ], [ 4466797.32043069973588, 732851.238026225939393 ], [ 4466759.895913351327181, 732851.238026225939393 ], [ 4466722.471396002918482, 732851.238026225939393 ], [ 4466685.046878654509783, 732851.238026225939393 ], [ 4466647.622361306101084, 732851.238026225939393 ], [ 4466610.197843957692385, 732851.238026225939393 ], [ 4466572.773326609283686, 732851.238026225939393 ], [ 4466535.348809260874987, 732851.238026225939393 ], [ 4466497.924291912466288, 732851.238026225939393 ], [ 4466460.499774564057589, 732851.238026225939393 ], [ 4466423.07525721564889, 732851.238026225939393 ], [ 4466385.650739867240191, 732851.238026225939393 ], [ 4466348.226222518831491, 732851.238026225939393 ], [ 4466310.801705170422792, 732851.238026225939393 ], [ 4466273.377187822014093, 732851.238026225939393 ], [ 4466235.952670473605394, 732851.238026225939393 ], [ 4466198.528153125196695, 732851.238026225939393 ], [ 4466198.528153125196695, 732888.662543574813753 ], [ 4466198.528153125196695, 732926.087060923688114 ], [ 4466198.528153125196695, 732963.511578272562474 ], [ 4466198.528153125196695, 733000.936095621436834 ], [ 4466172.06502312514931, 733027.39922562148422 ], [ 4466134.640505776740611, 733027.39922562148422 ], [ 4466097.215988428331912, 733027.39922562148422 ], [ 4466059.791471079923213, 733027.39922562148422 ], [ 4466022.366953731514513, 733027.39922562148422 ], [ 4465984.942436383105814, 733027.39922562148422 ], [ 4465947.517919034697115, 733027.39922562148422 ], [ 4465910.093401686288416, 733027.39922562148422 ], [ 4465872.668884337879717, 733027.39922562148422 ], [ 4465835.244366989471018, 733027.39922562148422 ], [ 4465797.819849641062319, 733027.39922562148422 ], [ 4465760.39533229265362, 733027.39922562148422 ], [ 4465722.970814944244921, 733027.39922562148422 ], [ 4465685.546297595836222, 733027.39922562148422 ], [ 4465648.121780247427523, 733027.39922562148422 ], [ 4465610.697262899018824, 733027.39922562148422 ], [ 4465573.272745550610125, 733027.39922562148422 ], [ 4465535.848228202201426, 733027.39922562148422 ], [ 4465498.423710853792727, 733027.39922562148422 ], [ 4465460.999193505384028, 733027.39922562148422 ], [ 4465423.574676156975329, 733027.39922562148422 ], [ 4465386.15015880856663, 733027.39922562148422 ], [ 4465348.725641460157931, 733027.39922562148422 ], [ 4465311.301124111749232, 733027.39922562148422 ], [ 4465273.876606763340533, 733027.39922562148422 ], [ 4465236.452089414931834, 733027.39922562148422 ], [ 4465236.452089414931834, 733064.82374297035858 ], [ 4465236.452089414931834, 733102.248260319232941 ], [ 4465236.452089414931834, 733139.672777668107301 ], [ 4465236.452089414931834, 733177.097295016981661 ], [ 4465199.027572066523135, 733177.097295016981661 ], [ 4465161.603054718114436, 733177.097295016981661 ], [ 4465124.178537369705737, 733177.097295016981661 ], [ 4465086.754020021297038, 733177.097295016981661 ], [ 4465049.329502672888339, 733177.097295016981661 ], [ 4465011.90498532447964, 733177.097295016981661 ], [ 4464974.48046797607094, 733177.097295016981661 ], [ 4464937.055950627662241, 733177.097295016981661 ], [ 4464899.631433279253542, 733177.097295016981661 ], [ 4464862.206915930844843, 733177.097295016981661 ], [ 4464824.782398582436144, 733177.097295016981661 ], [ 4464787.357881234027445, 733177.097295016981661 ], [ 4464749.933363885618746, 733177.097295016981661 ], [ 4464712.508846537210047, 733177.097295016981661 ], [ 4464675.084329188801348, 733177.097295016981661 ], [ 4464637.659811840392649, 733177.097295016981661 ], [ 4464600.23529449198395, 733177.097295016981661 ], [ 4464562.810777143575251, 733177.097295016981661 ], [ 4464562.810777143575251, 733214.521812365856022 ], [ 4464562.810777143575251, 733251.946329714730382 ], [ 4464562.810777143575251, 733289.370847063604742 ], [ 4464562.810777143575251, 733326.795364412479103 ], [ 4464536.347647143527865, 733353.258494412526488 ], [ 4464498.923129795119166, 733353.258494412526488 ], [ 4464461.498612446710467, 733353.258494412526488 ], [ 4464424.074095098301768, 733353.258494412526488 ], [ 4464386.649577749893069, 733353.258494412526488 ], [ 4464349.22506040148437, 733353.258494412526488 ], [ 4464311.800543053075671, 733353.258494412526488 ], [ 4464274.376025704666972, 733353.258494412526488 ], [ 4464236.951508356258273, 733353.258494412526488 ], [ 4464199.526991007849574, 733353.258494412526488 ], [ 4464162.102473659440875, 733353.258494412526488 ], [ 4464124.677956311032176, 733353.258494412526488 ], [ 4464087.253438962623477, 733353.258494412526488 ], [ 4464049.828921614214778, 733353.258494412526488 ], [ 4464049.828921614214778, 733315.833977063652128 ], [ 4464049.828921614214778, 733278.409459714777768 ], [ 4464049.828921614214778, 733240.984942365903407 ], [ 4464049.828921614214778, 733203.560425017029047 ], [ 4464023.365791614167392, 733177.097295016981661 ], [ 4463985.941274265758693, 733177.097295016981661 ], [ 4463948.516756917349994, 733177.097295016981661 ], [ 4463911.092239568941295, 733177.097295016981661 ], [ 4463911.092239568941295, 733214.521812365856022 ], [ 4463911.092239568941295, 733251.946329714730382 ], [ 4463911.092239568941295, 733289.370847063604742 ], [ 4463911.092239568941295, 733326.795364412479103 ], [ 4463884.629109568893909, 733353.258494412526488 ], [ 4463847.20459222048521, 733353.258494412526488 ], [ 4463809.780074872076511, 733353.258494412526488 ], [ 4463772.355557523667812, 733353.258494412526488 ], [ 4463734.931040175259113, 733353.258494412526488 ], [ 4463697.506522826850414, 733353.258494412526488 ], [ 4463660.082005478441715, 733353.258494412526488 ], [ 4463622.657488130033016, 733353.258494412526488 ], [ 4463585.232970781624317, 733353.258494412526488 ], [ 4463547.808453433215618, 733353.258494412526488 ], [ 4463510.383936084806919, 733353.258494412526488 ], [ 4463472.95941873639822, 733353.258494412526488 ], [ 4463435.534901387989521, 733353.258494412526488 ], [ 4463398.110384039580822, 733353.258494412526488 ], [ 4463360.685866691172123, 733353.258494412526488 ], [ 4463323.261349342763424, 733353.258494412526488 ], [ 4463285.836831994354725, 733353.258494412526488 ], [ 4463248.412314645946026, 733353.258494412526488 ], [ 4463248.412314645946026, 733390.683011761400849 ], [ 4463248.412314645946026, 733428.107529110275209 ], [ 4463248.412314645946026, 733465.532046459149569 ], [ 4463248.412314645946026, 733502.95656380802393 ], [ 4463210.987797297537327, 733502.95656380802393 ], [ 4463173.563279949128628, 733502.95656380802393 ], [ 4463136.138762600719929, 733502.95656380802393 ], [ 4463098.71424525231123, 733502.95656380802393 ], [ 4463061.289727903902531, 733502.95656380802393 ], [ 4463023.865210555493832, 733502.95656380802393 ], [ 4462986.440693207085133, 733502.95656380802393 ], [ 4462949.016175858676434, 733502.95656380802393 ], [ 4462911.591658510267735, 733502.95656380802393 ], [ 4462874.167141161859035, 733502.95656380802393 ], [ 4462836.742623813450336, 733502.95656380802393 ], [ 4462799.318106465041637, 733502.95656380802393 ], [ 4462761.893589116632938, 733502.95656380802393 ], [ 4462724.469071768224239, 733502.95656380802393 ], [ 4462687.04455441981554, 733502.95656380802393 ], [ 4462649.620037071406841, 733502.95656380802393 ], [ 4462612.195519722998142, 733502.95656380802393 ], [ 4462574.771002374589443, 733502.95656380802393 ], [ 4462574.771002374589443, 733540.38108115689829 ], [ 4462574.771002374589443, 733577.80559850577265 ], [ 4462574.771002374589443, 733615.230115854647011 ], [ 4462574.771002374589443, 733652.654633203521371 ], [ 4462548.307872374542058, 733679.117763203568757 ], [ 4462510.883355026133358, 733679.117763203568757 ], [ 4462473.458837677724659, 733679.117763203568757 ], [ 4462436.03432032931596, 733679.117763203568757 ], [ 4462398.609802980907261, 733679.117763203568757 ], [ 4462361.185285632498562, 733679.117763203568757 ], [ 4462323.760768284089863, 733679.117763203568757 ], [ 4462286.336250935681164, 733679.117763203568757 ], [ 4462248.911733587272465, 733679.117763203568757 ], [ 4462211.487216238863766, 733679.117763203568757 ], [ 4462174.062698890455067, 733679.117763203568757 ], [ 4462136.638181542046368, 733679.117763203568757 ], [ 4462099.213664193637669, 733679.117763203568757 ], [ 4462072.750534193590283, 733652.654633203521371 ], [ 4462072.750534193590283, 733615.230115854647011 ], [ 4462072.750534193590283, 733577.80559850577265 ], [ 4462072.750534193590283, 733540.38108115689829 ], [ 4462072.750534193590283, 733502.95656380802393 ], [ 4462035.326016845181584, 733502.95656380802393 ], [ 4461997.901499496772885, 733502.95656380802393 ], [ 4461960.476982148364186, 733502.95656380802393 ], [ 4461934.013852148316801, 733529.419693808071315 ], [ 4461934.013852148316801, 733566.844211156945676 ], [ 4461934.013852148316801, 733604.268728505820036 ], [ 4461934.013852148316801, 733641.693245854694396 ], [ 4461907.550722148269415, 733668.156375854741782 ], [ 4461870.126204799860716, 733668.156375854741782 ], [ 4461832.701687451452017, 733668.156375854741782 ], [ 4461795.277170103043318, 733668.156375854741782 ], [ 4461757.852652754634619, 733668.156375854741782 ], [ 4461720.42813540622592, 733668.156375854741782 ], [ 4461683.003618057817221, 733668.156375854741782 ], [ 4461645.579100709408522, 733668.156375854741782 ], [ 4461608.154583360999823, 733668.156375854741782 ], [ 4461608.154583360999823, 733705.580893203616142 ], [ 4461608.154583360999823, 733743.005410552490503 ], [ 4461608.154583360999823, 733780.429927901364863 ], [ 4461608.154583360999823, 733817.854445250239223 ], [ 4461581.691453360952437, 733844.317575250286609 ], [ 4461546.281268372200429, 733832.520480829291046 ] ] ] } }
]
}
