{
"type": "FeatureCollection",
"name": "Shay_Bench",
"crs": { "type": "name", "properties": { "name": "urn:ogc:def:crs:EPSG::3857" } },
"features": [
{ "type": "Feature", "properties": { }, "geometry": { "type": "Polygon", "coordinates": [ [ [ 3977132.937172053381801, 768387.195551100303419 ], [ 3977454.501522616483271, 767747.114036134793423 ], [ 3977770.587552244774997, 766952.109779797377996 ], [ 3977952.576478394214064, 766444.456459485576488 ], [ 3978105.830310941208154, 765457.884912464418449 ], [ 3978000.468301065266132, 764739.507572400500067 ], [ 3977875.949562120717019, 763992.395138734020293 ], [ 3977672.382157588843256, 763455.195001982967369 ], [ 3977645.919027588795871, 763428.731871982919984 ], [ 3977645.919027588795871, 763391.307354634045623 ], [ 3977645.919027588795871, 763353.882837285171263 ], [ 3977645.919027588795871, 763316.458319936296903 ], [ 3977645.919027588795871, 763279.033802587422542 ], [ 3977645.919027588795871, 763241.609285238548182 ], [ 3977645.919027588795871, 763204.184767889673822 ], [ 3977645.919027588795871, 763166.760250540799461 ], [ 3977645.919027588795871, 763129.335733191925101 ], [ 3977645.919027588795871, 763091.911215843050741 ], [ 3977645.919027588795871, 763054.48669849417638 ], [ 3977645.919027588795871, 763017.06218114530202 ], [ 3977645.919027588795871, 762979.63766379642766 ], [ 3977645.919027588795871, 762942.213146447553299 ], [ 3977608.49451023992151, 762942.213146447553299 ], [ 3977571.06999289104715, 762942.213146447553299 ], [ 3977533.64547554217279, 762942.213146447553299 ], [ 3977496.220958193298429, 762942.213146447553299 ], [ 3977496.220958193298429, 762904.788629098678939 ], [ 3977496.220958193298429, 762867.364111749804579 ], [ 3977496.220958193298429, 762829.939594400930218 ], [ 3977496.220958193298429, 762792.515077052055858 ], [ 3977496.220958193298429, 762755.090559703181498 ], [ 3977496.220958193298429, 762717.666042354307137 ], [ 3977496.220958193298429, 762680.241525005432777 ], [ 3977496.220958193298429, 762642.817007656558417 ], [ 3977496.220958193298429, 762605.392490307684056 ], [ 3977496.220958193298429, 762567.967972958809696 ], [ 3977496.220958193298429, 762530.543455609935336 ], [ 3977496.220958193298429, 762493.118938261060975 ], [ 3977496.220958193298429, 762455.694420912186615 ], [ 3977496.220958193298429, 762418.269903563312255 ], [ 3977496.220958193298429, 762380.845386214437895 ], [ 3977496.220958193298429, 762343.420868865563534 ], [ 3977496.220958193298429, 762305.996351516689174 ], [ 3977469.757828193251044, 762279.533221516641788 ], [ 3977432.333310844376683, 762279.533221516641788 ], [ 3977394.908793495502323, 762279.533221516641788 ], [ 3977357.484276146627963, 762279.533221516641788 ], [ 3977331.021146146580577, 762253.070091516594402 ], [ 3977331.021146146580577, 762215.645574167720042 ], [ 3977331.021146146580577, 762178.221056818845682 ], [ 3977331.021146146580577, 762140.796539469971322 ], [ 3977304.558016146533191, 762114.333409469923936 ], [ 3977267.133498797658831, 762114.333409469923936 ], [ 3977229.708981448784471, 762114.333409469923936 ], [ 3977192.28446409991011, 762114.333409469923936 ], [ 3977154.85994675103575, 762114.333409469923936 ], [ 3977117.43542940216139, 762114.333409469923936 ], [ 3977080.010912053287029, 762114.333409469923936 ], [ 3977042.586394704412669, 762114.333409469923936 ], [ 3977005.161877355538309, 762114.333409469923936 ], [ 3976967.737360006663948, 762114.333409469923936 ], [ 3976930.312842657789588, 762114.333409469923936 ], [ 3976892.888325308915228, 762114.333409469923936 ], [ 3976855.463807960040867, 762114.333409469923936 ], [ 3976829.000677959993482, 762087.87027946987655 ], [ 3976829.000677959993482, 762050.44576212100219 ], [ 3976829.000677959993482, 762013.021244772127829 ], [ 3976829.000677959993482, 761975.596727423253469 ], [ 3976802.537547959946096, 761949.133597423206083 ], [ 3976765.113030611071736, 761949.133597423206083 ], [ 3976727.688513262197375, 761949.133597423206083 ], [ 3976690.263995913323015, 761949.133597423206083 ], [ 3976663.800865913275629, 761922.670467423158698 ], [ 3976663.800865913275629, 761885.245950074284337 ], [ 3976663.800865913275629, 761847.821432725409977 ], [ 3976663.800865913275629, 761810.396915376535617 ], [ 3976637.337735913228244, 761783.933785376488231 ], [ 3976599.913218564353883, 761783.933785376488231 ], [ 3976562.488701215479523, 761783.933785376488231 ], [ 3976525.064183866605163, 761783.933785376488231 ], [ 3976487.639666517730802, 761783.933785376488231 ], [ 3976450.215149168856442, 761783.933785376488231 ], [ 3976412.790631819982082, 761783.933785376488231 ], [ 3976375.366114471107721, 761783.933785376488231 ], [ 3976337.941597122233361, 761783.933785376488231 ], [ 3976300.517079773359001, 761783.933785376488231 ], [ 3976263.09256242448464, 761783.933785376488231 ], [ 3976225.66804507561028, 761783.933785376488231 ], [ 3976188.24352772673592, 761783.933785376488231 ], [ 3976161.780397726688534, 761757.470655376440845 ], [ 3976161.780397726688534, 761720.046138027566485 ], [ 3976161.780397726688534, 761682.621620678692125 ], [ 3976161.780397726688534, 761645.197103329817764 ], [ 3976135.317267726641148, 761618.733973329770379 ], [ 3976097.892750377766788, 761618.733973329770379 ], [ 3976060.468233028892428, 761618.733973329770379 ], [ 3976023.043715680018067, 761618.733973329770379 ], [ 3975996.580585679970682, 761592.270843329722993 ], [ 3975996.580585679970682, 761554.846325980848633 ], [ 3975996.580585679970682, 761517.421808631974272 ], [ 3975996.580585679970682, 761479.997291283099912 ], [ 3975970.117455679923296, 761453.534161283052526 ], [ 3975932.692938331048936, 761453.534161283052526 ], [ 3975895.268420982174575, 761453.534161283052526 ], [ 3975857.843903633300215, 761453.534161283052526 ], [ 3975820.419386284425855, 761453.534161283052526 ], [ 3975782.994868935551494, 761453.534161283052526 ], [ 3975745.570351586677134, 761453.534161283052526 ], [ 3975708.145834237802774, 761453.534161283052526 ], [ 3975670.721316888928413, 761453.534161283052526 ], [ 3975633.296799540054053, 761453.534161283052526 ], [ 3975595.872282191179693, 761453.534161283052526 ], [ 3975558.447764842305332, 761453.534161283052526 ], [ 3975521.023247493430972, 761453.534161283052526 ], [ 3975494.560117493383586, 761427.071031283005141 ], [ 3975494.560117493383586, 761389.64651393413078 ], [ 3975494.560117493383586, 761352.22199658525642 ], [ 3975494.560117493383586, 761314.79747923638206 ], [ 3975468.096987493336201, 761288.334349236334674 ], [ 3975430.67247014446184, 761288.334349236334674 ], [ 3975393.24795279558748, 761288.334349236334674 ], [ 3975355.82343544671312, 761288.334349236334674 ], [ 3975329.360305446665734, 761261.871219236287288 ], [ 3975329.360305446665734, 761224.446701887412928 ], [ 3975329.360305446665734, 761187.022184538538568 ], [ 3975329.360305446665734, 761149.597667189664207 ], [ 3975302.897175446618348, 761123.134537189616822 ], [ 3975265.472658097743988, 761123.134537189616822 ], [ 3975228.048140748869628, 761123.134537189616822 ], [ 3975190.623623399995267, 761123.134537189616822 ], [ 3975153.199106051120907, 761123.134537189616822 ], [ 3975115.774588702246547, 761123.134537189616822 ], [ 3975078.350071353372186, 761123.134537189616822 ], [ 3975040.925554004497826, 761123.134537189616822 ], [ 3975014.46242400445044, 761096.671407189569436 ], [ 3975014.46242400445044, 761059.246889840695076 ], [ 3975014.46242400445044, 761021.822372491820715 ], [ 3975014.46242400445044, 760984.397855142946355 ], [ 3974987.999294004403055, 760957.934725142898969 ], [ 3974950.574776655528694, 760957.934725142898969 ], [ 3974913.150259306654334, 760957.934725142898969 ], [ 3974875.725741957779974, 760957.934725142898969 ], [ 3974838.301224608905613, 760957.934725142898969 ], [ 3974800.876707260031253, 760957.934725142898969 ], [ 3974763.452189911156893, 760957.934725142898969 ], [ 3974726.027672562282532, 760957.934725142898969 ], [ 3974688.603155213408172, 760957.934725142898969 ], [ 3974688.603155213408172, 760920.510207794024609 ], [ 3974688.603155213408172, 760883.085690445150249 ], [ 3974688.603155213408172, 760845.661173096275888 ], [ 3974688.603155213408172, 760808.236655747401528 ], [ 3974651.178637864533812, 760808.236655747401528 ], [ 3974613.754120515659451, 760808.236655747401528 ], [ 3974576.329603166785091, 760808.236655747401528 ], [ 3974538.905085817910731, 760808.236655747401528 ], [ 3974501.480568469036371, 760808.236655747401528 ], [ 3974464.05605112016201, 760808.236655747401528 ], [ 3974426.63153377128765, 760808.236655747401528 ], [ 3974389.20701642241329, 760808.236655747401528 ], [ 3974362.743886422365904, 760781.773525747354142 ], [ 3974362.743886422365904, 760744.349008398479782 ], [ 3974362.743886422365904, 760706.924491049605422 ], [ 3974362.743886422365904, 760669.499973700731061 ], [ 3974362.743886422365904, 760632.075456351856701 ], [ 3974325.319369073491544, 760632.075456351856701 ], [ 3974287.894851724617183, 760632.075456351856701 ], [ 3974250.470334375742823, 760632.075456351856701 ], [ 3974213.045817026868463, 760632.075456351856701 ], [ 3974175.621299677994102, 760632.075456351856701 ], [ 3974138.196782329119742, 760632.075456351856701 ], [ 3974100.772264980245382, 760632.075456351856701 ], [ 3974063.347747631371021, 760632.075456351856701 ], [ 3974025.923230282496661, 760632.075456351856701 ], [ 3973988.498712933622301, 760632.075456351856701 ], [ 3973951.07419558474794, 760632.075456351856701 ], [ 3973913.64967823587358, 760632.075456351856701 ], [ 3973876.22516088699922, 760632.075456351856701 ], [ 3973849.762030886951834, 760605.612326351809315 ], [ 3973849.762030886951834, 760568.187809002934955 ], [ 3973849.762030886951834, 760530.763291654060595 ], [ 3973849.762030886951834, 760493.338774305186234 ], [ 3973823.298900886904448, 760466.875644305138849 ], [ 3973785.874383538030088, 760466.875644305138849 ], [ 3973748.449866189155728, 760466.875644305138849 ], [ 3973711.025348840281367, 760466.875644305138849 ], [ 3973711.025348840281367, 760429.451126956264488 ], [ 3973711.025348840281367, 760392.026609607390128 ], [ 3973711.025348840281367, 760354.602092258515768 ], [ 3973711.025348840281367, 760317.177574909641407 ], [ 3973673.600831491407007, 760317.177574909641407 ], [ 3973636.176314142532647, 760317.177574909641407 ], [ 3973598.751796793658286, 760317.177574909641407 ], [ 3973561.327279444783926, 760317.177574909641407 ], [ 3973523.902762095909566, 760317.177574909641407 ], [ 3973486.478244747035205, 760317.177574909641407 ], [ 3973449.053727398160845, 760317.177574909641407 ], [ 3973411.629210049286485, 760317.177574909641407 ], [ 3973374.204692700412124, 760317.177574909641407 ], [ 3973336.780175351537764, 760317.177574909641407 ], [ 3973299.355658002663404, 760317.177574909641407 ], [ 3973261.931140653789043, 760317.177574909641407 ], [ 3973224.506623304914683, 760317.177574909641407 ], [ 3973198.043493304867297, 760290.714444909594022 ], [ 3973198.043493304867297, 760253.289927560719661 ], [ 3973198.043493304867297, 760215.865410211845301 ], [ 3973198.043493304867297, 760178.440892862970941 ], [ 3973198.043493304867297, 760141.01637551409658 ], [ 3973198.043493304867297, 760103.59185816522222 ], [ 3973198.043493304867297, 760066.16734081634786 ], [ 3973198.043493304867297, 760028.742823467473499 ], [ 3973198.043493304867297, 759991.318306118599139 ], [ 3973171.580363304819912, 759964.855176118551753 ], [ 3973134.155845955945551, 759964.855176118551753 ], [ 3973096.731328607071191, 759964.855176118551753 ], [ 3973059.306811258196831, 759964.855176118551753 ], [ 3973032.843681258149445, 759938.392046118504368 ], [ 3973032.843681258149445, 759900.967528769630007 ], [ 3973032.843681258149445, 759863.543011420755647 ], [ 3973032.843681258149445, 759826.118494071881287 ], [ 3973032.843681258149445, 759788.693976723006926 ], [ 3973032.843681258149445, 759751.269459374132566 ], [ 3973032.843681258149445, 759713.844942025258206 ], [ 3973032.843681258149445, 759676.420424676383846 ], [ 3973032.843681258149445, 759638.995907327509485 ], [ 3972995.419163909275085, 759638.995907327509485 ], [ 3972957.994646560400724, 759638.995907327509485 ], [ 3972920.570129211526364, 759638.995907327509485 ], [ 3972894.106999211478978, 759612.532777327462099 ], [ 3972894.106999211478978, 759575.108259978587739 ], [ 3972894.106999211478978, 759537.683742629713379 ], [ 3972894.106999211478978, 759500.259225280839019 ], [ 3972867.643869211431593, 759473.796095280791633 ], [ 3972830.219351862557232, 759473.796095280791633 ], [ 3972792.794834513682872, 759473.796095280791633 ], [ 3972755.370317164808512, 759473.796095280791633 ], [ 3972717.945799815934151, 759473.796095280791633 ], [ 3972680.521282467059791, 759473.796095280791633 ], [ 3972643.096765118185431, 759473.796095280791633 ], [ 3972605.67224776931107, 759473.796095280791633 ], [ 3972568.24773042043671, 759473.796095280791633 ], [ 3972530.82321307156235, 759473.796095280791633 ], [ 3972493.398695722687989, 759473.796095280791633 ], [ 3972455.974178373813629, 759473.796095280791633 ], [ 3972418.549661024939269, 759473.796095280791633 ], [ 3972392.086531024891883, 759500.259225280839019 ], [ 3972392.086531024891883, 759537.683742629713379 ], [ 3972392.086531024891883, 759575.108259978587739 ], [ 3972392.086531024891883, 759612.532777327462099 ], [ 3972392.086531024891883, 759649.95729467633646 ], [ 3972392.086531024891883, 759687.38181202521082 ], [ 3972392.086531024891883, 759724.80632937408518 ], [ 3972392.086531024891883, 759762.230846722959541 ], [ 3972392.086531024891883, 759799.655364071833901 ], [ 3972354.662013676017523, 759799.655364071833901 ], [ 3972317.237496327143162, 759799.655364071833901 ], [ 3972279.812978978268802, 759799.655364071833901 ], [ 3972242.388461629394442, 759799.655364071833901 ], [ 3972204.963944280520082, 759799.655364071833901 ], [ 3972167.539426931645721, 759799.655364071833901 ], [ 3972130.114909582771361, 759799.655364071833901 ], [ 3972092.690392233897001, 759799.655364071833901 ], [ 3972071.707955908030272, 759759.960669071879238 ], [ 3972073.180229991208762, 759720.265974071924575 ], [ 3972073.180229991208762, 759682.841456723050214 ], [ 3972073.180229991208762, 759645.416939374175854 ], [ 3972035.755712642334402, 759645.416939374175854 ], [ 3971998.331195293460041, 759645.416939374175854 ], [ 3971960.906677944585681, 759645.416939374175854 ], [ 3971923.482160595711321, 759645.416939374175854 ], [ 3971897.019030595663935, 759618.953809374128468 ], [ 3971897.019030595663935, 759581.529292025254108 ], [ 3971897.019030595663935, 759544.104774676379748 ], [ 3971897.019030595663935, 759506.680257327505387 ], [ 3971897.019030595663935, 759469.255739978631027 ], [ 3971859.594513246789575, 759469.255739978631027 ], [ 3971822.169995897915214, 759469.255739978631027 ], [ 3971784.745478549040854, 759469.255739978631027 ], [ 3971747.320961200166494, 759469.255739978631027 ], [ 3971709.896443851292133, 759469.255739978631027 ], [ 3971672.471926502417773, 759469.255739978631027 ], [ 3971635.047409153543413, 759469.255739978631027 ], [ 3971597.622891804669052, 759469.255739978631027 ], [ 3971560.198374455794692, 759469.255739978631027 ], [ 3971522.773857106920332, 759469.255739978631027 ], [ 3971485.349339758045971, 759469.255739978631027 ], [ 3971447.924822409171611, 759469.255739978631027 ], [ 3971410.500305060297251, 759469.255739978631027 ], [ 3971410.500305060297251, 759431.831222629756667 ], [ 3971410.500305060297251, 759394.406705280882306 ], [ 3971410.500305060297251, 759356.982187932007946 ], [ 3971410.500305060297251, 759319.557670583133586 ], [ 3971373.07578771142289, 759319.557670583133586 ], [ 3971335.65127036254853, 759319.557670583133586 ], [ 3971298.22675301367417, 759319.557670583133586 ], [ 3971260.802235664799809, 759319.557670583133586 ], [ 3971234.339105664752424, 759293.0945405830862 ], [ 3971234.339105664752424, 759255.67002323421184 ], [ 3971234.339105664752424, 759218.245505885337479 ], [ 3971234.339105664752424, 759180.820988536463119 ], [ 3971234.339105664752424, 759143.396471187588759 ], [ 3971196.914588315878063, 759143.396471187588759 ], [ 3971159.490070967003703, 759143.396471187588759 ], [ 3971122.065553618129343, 759143.396471187588759 ], [ 3971084.641036269254982, 759143.396471187588759 ], [ 3971047.216518920380622, 759143.396471187588759 ], [ 3971009.792001571506262, 759143.396471187588759 ], [ 3970972.367484222631902, 759143.396471187588759 ], [ 3970934.942966873757541, 759143.396471187588759 ], [ 3970897.518449524883181, 759143.396471187588759 ], [ 3970860.093932176008821, 759143.396471187588759 ], [ 3970822.66941482713446, 759143.396471187588759 ], [ 3970785.2448974782601, 759143.396471187588759 ], [ 3970747.82038012938574, 759143.396471187588759 ], [ 3970747.82038012938574, 759105.971953838714398 ], [ 3970747.82038012938574, 759068.547436489840038 ], [ 3970747.82038012938574, 759031.122919140965678 ], [ 3970747.82038012938574, 758993.698401792091317 ], [ 3970710.395862780511379, 758993.698401792091317 ], [ 3970672.971345431637019, 758993.698401792091317 ], [ 3970635.546828082762659, 758993.698401792091317 ], [ 3970598.122310733888298, 758993.698401792091317 ], [ 3970571.659180733840913, 758967.235271792043932 ], [ 3970571.659180733840913, 758929.810754443169571 ], [ 3970571.659180733840913, 758892.386237094295211 ], [ 3970571.659180733840913, 758854.961719745420851 ], [ 3970571.659180733840913, 758817.53720239654649 ], [ 3970534.234663384966552, 758817.53720239654649 ], [ 3970496.810146036092192, 758817.53720239654649 ], [ 3970459.385628687217832, 758817.53720239654649 ], [ 3970421.961111338343471, 758817.53720239654649 ], [ 3970384.536593989469111, 758817.53720239654649 ], [ 3970347.112076640594751, 758817.53720239654649 ], [ 3970309.68755929172039, 758817.53720239654649 ], [ 3970272.26304194284603, 758817.53720239654649 ], [ 3970234.83852459397167, 758817.53720239654649 ], [ 3970197.414007245097309, 758817.53720239654649 ], [ 3970159.989489896222949, 758817.53720239654649 ], [ 3970122.564972547348589, 758817.53720239654649 ], [ 3970085.140455198474228, 758817.53720239654649 ], [ 3970085.140455198474228, 758780.11268504767213 ], [ 3970085.140455198474228, 758742.68816769879777 ], [ 3970085.140455198474228, 758705.26365034992341 ], [ 3970085.140455198474228, 758667.839133001049049 ], [ 3970058.677325198426843, 758641.376003001001664 ], [ 3970021.252807849552482, 758641.376003001001664 ], [ 3969983.828290500678122, 758641.376003001001664 ], [ 3969946.403773151803762, 758641.376003001001664 ], [ 3969919.940643151756376, 758614.912873000954278 ], [ 3969919.940643151756376, 758577.488355652079917 ], [ 3969919.940643151756376, 758540.063838303205557 ], [ 3969919.940643151756376, 758502.639320954331197 ], [ 3969893.47751315170899, 758476.176190954283811 ], [ 3969856.05299580283463, 758476.176190954283811 ], [ 3969818.62847845396027, 758476.176190954283811 ], [ 3969781.203961105085909, 758476.176190954283811 ], [ 3969743.779443756211549, 758476.176190954283811 ], [ 3969706.354926407337189, 758476.176190954283811 ], [ 3969668.930409058462828, 758476.176190954283811 ], [ 3969631.505891709588468, 758476.176190954283811 ], [ 3969594.081374360714108, 758476.176190954283811 ], [ 3969556.656857011839747, 758476.176190954283811 ], [ 3969519.232339662965387, 758476.176190954283811 ], [ 3969481.807822314091027, 758476.176190954283811 ], [ 3969444.383304965216666, 758476.176190954283811 ], [ 3969417.920174965169281, 758449.713060954236425 ], [ 3969417.920174965169281, 758412.288543605362065 ], [ 3969417.920174965169281, 758374.864026256487705 ], [ 3969417.920174965169281, 758337.439508907613344 ], [ 3969391.457044965121895, 758310.976378907565959 ], [ 3969354.032527616247535, 758310.976378907565959 ], [ 3969316.608010267373174, 758310.976378907565959 ], [ 3969279.183492918498814, 758310.976378907565959 ], [ 3969252.720362918451428, 758284.513248907518573 ], [ 3969252.720362918451428, 758247.088731558644213 ], [ 3969252.720362918451428, 758209.664214209769852 ], [ 3969252.720362918451428, 758172.239696860895492 ], [ 3969226.257232918404043, 758145.776566860848106 ], [ 3969188.832715569529682, 758145.776566860848106 ], [ 3969151.408198220655322, 758145.776566860848106 ], [ 3969113.983680871780962, 758145.776566860848106 ], [ 3969076.559163522906601, 758145.776566860848106 ], [ 3969039.134646174032241, 758145.776566860848106 ], [ 3969001.710128825157881, 758145.776566860848106 ], [ 3968964.28561147628352, 758145.776566860848106 ], [ 3968926.86109412740916, 758145.776566860848106 ], [ 3968889.4365767785348, 758145.776566860848106 ], [ 3968852.012059429660439, 758145.776566860848106 ], [ 3968814.587542080786079, 758145.776566860848106 ], [ 3968777.163024731911719, 758145.776566860848106 ], [ 3968750.699894731864333, 758119.313436860800721 ], [ 3968750.699894731864333, 758081.88891951192636 ], [ 3968750.699894731864333, 758044.464402163052 ], [ 3968750.699894731864333, 758007.03988481417764 ], [ 3968724.236764731816947, 757980.576754814130254 ], [ 3968686.812247382942587, 757980.576754814130254 ], [ 3968649.387730034068227, 757980.576754814130254 ], [ 3968611.963212685193866, 757980.576754814130254 ], [ 3968585.500082685146481, 757954.113624814082868 ], [ 3968585.500082685146481, 757916.689107465208508 ], [ 3968585.500082685146481, 757879.264590116334148 ], [ 3968585.500082685146481, 757841.840072767459787 ], [ 3968559.036952685099095, 757815.376942767412402 ], [ 3968521.612435336224735, 757815.376942767412402 ], [ 3968484.187917987350374, 757815.376942767412402 ], [ 3968446.763400638476014, 757815.376942767412402 ], [ 3968409.338883289601654, 757815.376942767412402 ], [ 3968371.914365940727293, 757815.376942767412402 ], [ 3968334.489848591852933, 757815.376942767412402 ], [ 3968297.065331242978573, 757815.376942767412402 ], [ 3968259.640813894104213, 757815.376942767412402 ], [ 3968222.216296545229852, 757815.376942767412402 ], [ 3968184.791779196355492, 757815.376942767412402 ], [ 3968147.367261847481132, 757815.376942767412402 ], [ 3968120.904131847433746, 757788.913812767365016 ], [ 3968120.904131847433746, 757751.489295418490656 ], [ 3968120.904131847433746, 757714.064778069616295 ], [ 3968120.904131847433746, 757676.640260720741935 ], [ 3968094.44100184738636, 757650.177130720694549 ], [ 3968057.016484498512, 757650.177130720694549 ], [ 3968019.59196714963764, 757650.177130720694549 ], [ 3967982.167449800763279, 757650.177130720694549 ], [ 3967944.742932451888919, 757650.177130720694549 ], [ 3967944.742932451888919, 757612.752613371820189 ], [ 3967944.742932451888919, 757575.328096022945829 ], [ 3967944.742932451888919, 757537.903578674071468 ], [ 3967944.742932451888919, 757500.479061325197108 ], [ 3967971.206062451936305, 757474.015931325149722 ], [ 3968008.630579800810665, 757474.015931325149722 ], [ 3968046.055097149685025, 757474.015931325149722 ], [ 3968083.479614498559386, 757474.015931325149722 ], [ 3968120.904131847433746, 757474.015931325149722 ], [ 3968120.904131847433746, 757436.591413976275362 ], [ 3968120.904131847433746, 757399.166896627401002 ], [ 3968120.904131847433746, 757361.742379278526641 ], [ 3968120.904131847433746, 757324.317861929652281 ], [ 3968120.904131847433746, 757286.893344580777921 ], [ 3968120.904131847433746, 757249.46882723190356 ], [ 3968120.904131847433746, 757212.0443098830292 ], [ 3968120.904131847433746, 757174.61979253415484 ], [ 3968147.367261847481132, 757148.156662534107454 ], [ 3968184.791779196355492, 757148.156662534107454 ], [ 3968222.216296545229852, 757148.156662534107454 ], [ 3968259.640813894104213, 757148.156662534107454 ], [ 3968286.103943894151598, 757121.693532534060068 ], [ 3968286.103943894151598, 757084.269015185185708 ], [ 3968286.103943894151598, 757046.844497836311348 ], [ 3968286.103943894151598, 757009.419980487436987 ], [ 3968286.103943894151598, 756971.995463138562627 ], [ 3968286.103943894151598, 756934.570945789688267 ], [ 3968286.103943894151598, 756897.146428440813906 ], [ 3968286.103943894151598, 756859.721911091939546 ], [ 3968286.103943894151598, 756822.297393743065186 ], [ 3968312.567073894198984, 756795.8342637430178 ], [ 3968349.991591243073344, 756795.8342637430178 ], [ 3968387.416108591947705, 756795.8342637430178 ], [ 3968424.840625940822065, 756795.8342637430178 ], [ 3968424.840625940822065, 756758.40974639414344 ], [ 3968424.840625940822065, 756720.98522904526908 ], [ 3968424.840625940822065, 756683.560711696394719 ], [ 3968424.840625940822065, 756646.136194347520359 ], [ 3968424.840625940822065, 756608.711676998645999 ], [ 3968424.840625940822065, 756571.287159649771638 ], [ 3968424.840625940822065, 756533.862642300897278 ], [ 3968424.840625940822065, 756496.438124952022918 ], [ 3968451.303755940869451, 756469.974994951975532 ], [ 3968488.728273289743811, 756469.974994951975532 ], [ 3968526.152790638618171, 756469.974994951975532 ], [ 3968563.577307987492532, 756469.974994951975532 ], [ 3968601.001825336366892, 756469.974994951975532 ], [ 3968601.001825336366892, 756432.550477603101172 ], [ 3968601.001825336366892, 756395.125960254226811 ], [ 3968601.001825336366892, 756357.701442905352451 ], [ 3968601.001825336366892, 756320.276925556478091 ], [ 3968601.001825336366892, 756282.85240820760373 ], [ 3968601.001825336366892, 756245.42789085872937 ], [ 3968601.001825336366892, 756208.00337350985501 ], [ 3968601.001825336366892, 756170.578856160980649 ], [ 3968627.464955336414278, 756144.115726160933264 ], [ 3968664.889472685288638, 756144.115726160933264 ], [ 3968702.313990034162998, 756144.115726160933264 ], [ 3968739.738507383037359, 756144.115726160933264 ], [ 3968739.738507383037359, 756106.691208812058903 ], [ 3968739.738507383037359, 756069.266691463184543 ], [ 3968739.738507383037359, 756031.842174114310183 ], [ 3968739.738507383037359, 755994.417656765435822 ], [ 3968739.738507383037359, 755956.993139416561462 ], [ 3968739.738507383037359, 755919.568622067687102 ], [ 3968739.738507383037359, 755882.144104718812741 ], [ 3968739.738507383037359, 755844.719587369938381 ], [ 3968766.201637383084744, 755818.256457369890995 ], [ 3968803.626154731959105, 755818.256457369890995 ], [ 3968841.050672080833465, 755818.256457369890995 ], [ 3968878.475189429707825, 755818.256457369890995 ], [ 3968915.899706778582186, 755818.256457369890995 ], [ 3968942.362836778629571, 755791.79332736984361 ], [ 3968942.362836778629571, 755754.368810020969249 ], [ 3968942.362836778629571, 755716.944292672094889 ], [ 3968942.362836778629571, 755679.519775323220529 ], [ 3968968.825966778676957, 755653.056645323173143 ], [ 3969006.250484127551317, 755653.056645323173143 ], [ 3969043.675001476425678, 755653.056645323173143 ], [ 3969081.099518825300038, 755653.056645323173143 ], [ 3969107.562648825347424, 755626.593515323125757 ], [ 3969107.562648825347424, 755589.168997974251397 ], [ 3969107.562648825347424, 755551.744480625377037 ], [ 3969107.562648825347424, 755514.319963276502676 ], [ 3969107.562648825347424, 755476.895445927628316 ], [ 3969107.562648825347424, 755439.470928578753956 ], [ 3969107.562648825347424, 755402.046411229879595 ], [ 3969107.562648825347424, 755364.621893881005235 ], [ 3969107.562648825347424, 755327.197376532130875 ], [ 3969144.987166174221784, 755327.197376532130875 ], [ 3969182.411683523096144, 755327.197376532130875 ], [ 3969219.836200871970505, 755327.197376532130875 ], [ 3969257.260718220844865, 755327.197376532130875 ], [ 3969257.260718220844865, 755289.772859183256514 ], [ 3969257.260718220844865, 755252.348341834382154 ], [ 3969257.260718220844865, 755214.923824485507794 ], [ 3969257.260718220844865, 755177.499307136633433 ], [ 3969257.260718220844865, 755140.074789787759073 ], [ 3969257.260718220844865, 755102.650272438884713 ], [ 3969257.260718220844865, 755065.225755090010352 ], [ 3969257.260718220844865, 755027.801237741135992 ], [ 3969257.260718220844865, 754990.376720392261632 ], [ 3969294.685235569719225, 754990.376720392261632 ], [ 3969332.109752918593585, 754990.376720392261632 ], [ 3969369.534270267467946, 754990.376720392261632 ], [ 3969406.958787616342306, 754990.376720392261632 ], [ 3969406.958787616342306, 754952.952203043387271 ], [ 3969406.958787616342306, 754915.527685694512911 ], [ 3969406.958787616342306, 754878.103168345638551 ], [ 3969406.958787616342306, 754840.67865099676419 ], [ 3969433.421917616389692, 754814.215520996716805 ], [ 3969470.846434965264052, 754814.215520996716805 ], [ 3969508.270952314138412, 754814.215520996716805 ], [ 3969545.695469663012773, 754814.215520996716805 ], [ 3969583.119987011887133, 754814.215520996716805 ], [ 3969609.583117011934519, 754787.752390996669419 ], [ 3969609.583117011934519, 754750.327873647795059 ], [ 3969609.583117011934519, 754712.903356298920698 ], [ 3969609.583117011934519, 754675.478838950046338 ], [ 3969636.046247011981905, 754649.015708949998952 ], [ 3969673.470764360856265, 754649.015708949998952 ], [ 3969710.895281709730625, 754649.015708949998952 ], [ 3969748.319799058604985, 754649.015708949998952 ], [ 3969748.319799058604985, 754611.591191601124592 ], [ 3969748.319799058604985, 754574.166674252250232 ], [ 3969748.319799058604985, 754536.742156903375871 ], [ 3969748.319799058604985, 754499.317639554501511 ], [ 3969785.744316407479346, 754499.317639554501511 ], [ 3969823.168833756353706, 754499.317639554501511 ], [ 3969860.593351105228066, 754499.317639554501511 ], [ 3969898.017868454102427, 754499.317639554501511 ], [ 3969924.480998454149812, 754472.854509554454125 ], [ 3969924.480998454149812, 754435.429992205579765 ], [ 3969924.480998454149812, 754398.005474856705405 ], [ 3969924.480998454149812, 754360.580957507831044 ], [ 3969924.480998454149812, 754323.156440158956684 ], [ 3969924.480998454149812, 754285.731922810082324 ], [ 3969924.480998454149812, 754248.307405461207964 ], [ 3969924.480998454149812, 754210.882888112333603 ], [ 3969924.480998454149812, 754173.458370763459243 ], [ 3969961.905515803024173, 754173.458370763459243 ], [ 3969999.330033151898533, 754173.458370763459243 ], [ 3970036.754550500772893, 754173.458370763459243 ], [ 3970074.179067849647254, 754173.458370763459243 ], [ 3970074.179067849647254, 754136.033853414584883 ], [ 3970074.179067849647254, 754098.609336065710522 ], [ 3970074.179067849647254, 754061.184818716836162 ], [ 3970074.179067849647254, 754023.760301367961802 ], [ 3970100.642197849694639, 753997.297171367914416 ], [ 3970138.066715198569, 753997.297171367914416 ], [ 3970175.49123254744336, 753997.297171367914416 ], [ 3970212.91574989631772, 753997.297171367914416 ], [ 3970239.378879896365106, 753970.83404136786703 ], [ 3970239.378879896365106, 753933.40952401899267 ], [ 3970239.378879896365106, 753895.98500667011831 ], [ 3970239.378879896365106, 753858.560489321243949 ], [ 3970239.378879896365106, 753821.135971972369589 ], [ 3970239.378879896365106, 753783.711454623495229 ], [ 3970239.378879896365106, 753746.286937274620868 ], [ 3970239.378879896365106, 753708.862419925746508 ], [ 3970239.378879896365106, 753671.437902576872148 ], [ 3970276.803397245239466, 753671.437902576872148 ], [ 3970314.227914594113827, 753671.437902576872148 ], [ 3970351.652431942988187, 753671.437902576872148 ], [ 3970389.076949291862547, 753671.437902576872148 ], [ 3970426.501466640736908, 753671.437902576872148 ], [ 3970426.501466640736908, 753634.013385227997787 ], [ 3970426.501466640736908, 753596.588867879123427 ], [ 3970426.501466640736908, 753559.164350530249067 ], [ 3970426.501466640736908, 753521.739833181374706 ], [ 3970452.964596640784293, 753495.276703181327321 ], [ 3970490.389113989658654, 753495.276703181327321 ], [ 3970527.813631338533014, 753495.276703181327321 ], [ 3970565.238148687407374, 753495.276703181327321 ], [ 3970591.70127868745476, 753468.813573181279935 ], [ 3970591.70127868745476, 753431.389055832405575 ], [ 3970591.70127868745476, 753393.964538483531214 ], [ 3970591.70127868745476, 753356.540021134656854 ], [ 3970618.164408687502146, 753330.076891134609468 ], [ 3970655.588926036376506, 753330.076891134609468 ], [ 3970693.013443385250866, 753330.076891134609468 ], [ 3970730.437960734125227, 753330.076891134609468 ], [ 3970730.437960734125227, 753292.652373785735108 ], [ 3970730.437960734125227, 753255.227856436860748 ], [ 3970730.437960734125227, 753217.803339087986387 ], [ 3970730.437960734125227, 753180.378821739112027 ], [ 3970730.437960734125227, 753142.954304390237667 ], [ 3970730.437960734125227, 753105.529787041363306 ], [ 3970730.437960734125227, 753068.105269692488946 ], [ 3970730.437960734125227, 753030.680752343614586 ], [ 3970756.901090734172612, 753004.2176223435672 ], [ 3970794.325608083046973, 753004.2176223435672 ], [ 3970831.750125431921333, 753004.2176223435672 ], [ 3970869.174642780795693, 753004.2176223435672 ], [ 3970906.599160129670054, 753004.2176223435672 ], [ 3970906.599160129670054, 752966.79310499469284 ], [ 3970906.599160129670054, 752929.368587645818479 ], [ 3970906.599160129670054, 752891.944070296944119 ], [ 3970906.599160129670054, 752854.519552948069759 ], [ 3970906.599160129670054, 752817.095035599195398 ], [ 3970906.599160129670054, 752779.670518250321038 ], [ 3970906.599160129670054, 752742.246000901446678 ], [ 3970906.599160129670054, 752704.821483552572317 ], [ 3970933.062290129717439, 752678.358353552524932 ], [ 3970970.4868074785918, 752678.358353552524932 ], [ 3971007.91132482746616, 752678.358353552524932 ], [ 3971045.33584217634052, 752678.358353552524932 ], [ 3971082.760359525214881, 752678.358353552524932 ], [ 3971120.184876874089241, 752678.358353552524932 ], [ 3971157.609394222963601, 752678.358353552524932 ], [ 3971195.033911571837962, 752678.358353552524932 ], [ 3971232.458428920712322, 752678.358353552524932 ], [ 3971269.882946269586682, 752678.358353552524932 ], [ 3971307.307463618461043, 752678.358353552524932 ], [ 3971344.731980967335403, 752678.358353552524932 ], [ 3971382.156498316209763, 752678.358353552524932 ], [ 3971408.619628316257149, 752651.895223552477546 ], [ 3971408.619628316257149, 752614.470706203603186 ], [ 3971408.619628316257149, 752577.046188854728825 ], [ 3971408.619628316257149, 752539.621671505854465 ], [ 3971435.082758316304535, 752513.158541505807079 ], [ 3971472.507275665178895, 752513.158541505807079 ], [ 3971509.931793014053255, 752513.158541505807079 ], [ 3971547.356310362927616, 752513.158541505807079 ], [ 3971584.780827711801976, 752513.158541505807079 ], [ 3971622.205345060676336, 752513.158541505807079 ], [ 3971659.629862409550697, 752513.158541505807079 ], [ 3971697.054379758425057, 752513.158541505807079 ], [ 3971734.478897107299417, 752513.158541505807079 ], [ 3971771.903414456173778, 752513.158541505807079 ], [ 3971809.327931805048138, 752513.158541505807079 ], [ 3971846.752449153922498, 752513.158541505807079 ], [ 3971884.176966502796859, 752513.158541505807079 ], [ 3971921.601483851671219, 752513.158541505807079 ], [ 3971959.026001200545579, 752513.158541505807079 ], [ 3971996.45051854941994, 752513.158541505807079 ], [ 3972033.8750358982943, 752513.158541505807079 ], [ 3972071.29955324716866, 752513.158541505807079 ], [ 3972108.72407059604302, 752513.158541505807079 ], [ 3972146.148587944917381, 752513.158541505807079 ], [ 3972183.573105293791741, 752513.158541505807079 ], [ 3972220.997622642666101, 752513.158541505807079 ], [ 3972258.422139991540462, 752513.158541505807079 ], [ 3972295.846657340414822, 752513.158541505807079 ], [ 3972333.271174689289182, 752513.158541505807079 ], [ 3972370.695692038163543, 752513.158541505807079 ], [ 3972370.695692038163543, 752475.734024156932719 ], [ 3972370.695692038163543, 752438.309506808058359 ], [ 3972370.695692038163543, 752400.884989459183998 ], [ 3972370.695692038163543, 752363.460472110309638 ], [ 3972397.158822038210928, 752336.997342110262252 ], [ 3972434.583339387085289, 752336.997342110262252 ], [ 3972472.007856735959649, 752336.997342110262252 ], [ 3972509.432374084834009, 752336.997342110262252 ], [ 3972546.85689143370837, 752336.997342110262252 ], [ 3972584.28140878258273, 752336.997342110262252 ], [ 3972621.70592613145709, 752336.997342110262252 ], [ 3972659.130443480331451, 752336.997342110262252 ], [ 3972696.554960829205811, 752336.997342110262252 ], [ 3972733.979478178080171, 752336.997342110262252 ], [ 3972771.403995526954532, 752336.997342110262252 ], [ 3972808.828512875828892, 752336.997342110262252 ], [ 3972846.253030224703252, 752336.997342110262252 ], [ 3972883.677547573577613, 752336.997342110262252 ], [ 3972883.677547573577613, 752299.572824761387892 ], [ 3972883.677547573577613, 752262.148307412513532 ], [ 3972883.677547573577613, 752224.723790063639171 ], [ 3972883.677547573577613, 752187.299272714764811 ], [ 3972921.102064922451973, 752187.299272714764811 ], [ 3972958.526582271326333, 752187.299272714764811 ], [ 3972995.951099620200694, 752187.299272714764811 ], [ 3973033.375616969075054, 752187.299272714764811 ], [ 3973070.800134317949414, 752187.299272714764811 ], [ 3973108.224651666823775, 752187.299272714764811 ], [ 3973145.649169015698135, 752187.299272714764811 ], [ 3973183.073686364572495, 752187.299272714764811 ], [ 3973220.498203713446856, 752187.299272714764811 ], [ 3973257.922721062321216, 752187.299272714764811 ], [ 3973295.347238411195576, 752187.299272714764811 ], [ 3973332.771755760069937, 752187.299272714764811 ], [ 3973370.196273108944297, 752187.299272714764811 ], [ 3973407.620790457818657, 752187.299272714764811 ], [ 3973445.045307806693017, 752187.299272714764811 ], [ 3973482.469825155567378, 752187.299272714764811 ], [ 3973519.894342504441738, 752187.299272714764811 ], [ 3973557.318859853316098, 752187.299272714764811 ], [ 3973594.743377202190459, 752187.299272714764811 ], [ 3973632.167894551064819, 752187.299272714764811 ], [ 3973669.592411899939179, 752187.299272714764811 ], [ 3973707.01692924881354, 752187.299272714764811 ], [ 3973733.480059248860925, 752213.762402714812197 ], [ 3973733.480059248860925, 752251.186920063686557 ], [ 3973733.480059248860925, 752288.611437412560917 ], [ 3973733.480059248860925, 752326.035954761435278 ], [ 3973759.943189248908311, 752352.499084761482663 ], [ 3973797.367706597782671, 752352.499084761482663 ], [ 3973834.792223946657032, 752352.499084761482663 ], [ 3973872.216741295531392, 752352.499084761482663 ], [ 3973898.679871295578778, 752378.962214761530049 ], [ 3973898.679871295578778, 752416.386732110404409 ], [ 3973898.679871295578778, 752453.81124945927877 ], [ 3973898.679871295578778, 752491.23576680815313 ], [ 3973925.143001295626163, 752517.698896808200516 ], [ 3973962.567518644500524, 752517.698896808200516 ], [ 3973999.992035993374884, 752517.698896808200516 ], [ 3974037.416553342249244, 752517.698896808200516 ], [ 3974037.416553342249244, 752555.123414157074876 ], [ 3974037.416553342249244, 752592.547931505949236 ], [ 3974037.416553342249244, 752629.972448854823597 ], [ 3974037.416553342249244, 752667.396966203697957 ], [ 3974074.841070691123605, 752667.396966203697957 ], [ 3974112.265588039997965, 752667.396966203697957 ], [ 3974149.690105388872325, 752667.396966203697957 ], [ 3974187.114622737746686, 752667.396966203697957 ], [ 3974224.539140086621046, 752667.396966203697957 ], [ 3974261.963657435495406, 752667.396966203697957 ], [ 3974299.388174784369767, 752667.396966203697957 ], [ 3974336.812692133244127, 752667.396966203697957 ], [ 3974374.237209482118487, 752667.396966203697957 ], [ 3974411.661726830992848, 752667.396966203697957 ], [ 3974449.086244179867208, 752667.396966203697957 ], [ 3974486.510761528741568, 752667.396966203697957 ], [ 3974523.935278877615929, 752667.396966203697957 ], [ 3974550.398408877663314, 752693.860096203745343 ], [ 3974550.398408877663314, 752731.284613552619703 ], [ 3974550.398408877663314, 752768.709130901494063 ], [ 3974550.398408877663314, 752806.133648250368424 ], [ 3974550.398408877663314, 752843.558165599242784 ], [ 3974587.822926226537675, 752843.558165599242784 ], [ 3974625.247443575412035, 752843.558165599242784 ], [ 3974662.671960924286395, 752843.558165599242784 ], [ 3974700.096478273160756, 752843.558165599242784 ], [ 3974737.520995622035116, 752843.558165599242784 ], [ 3974774.945512970909476, 752843.558165599242784 ], [ 3974812.370030319783837, 752843.558165599242784 ], [ 3974849.794547668658197, 752843.558165599242784 ], [ 3974876.257677668705583, 752870.02129559929017 ], [ 3974876.257677668705583, 752907.44581294816453 ], [ 3974876.257677668705583, 752944.87033029703889 ], [ 3974876.257677668705583, 752982.294847645913251 ], [ 3974902.720807668752968, 753008.757977645960636 ], [ 3974940.145325017627329, 753008.757977645960636 ], [ 3974977.569842366501689, 753008.757977645960636 ], [ 3975014.994359715376049, 753008.757977645960636 ], [ 3975041.457489715423435, 753035.221107646008022 ], [ 3975041.457489715423435, 753072.645624994882382 ], [ 3975041.457489715423435, 753110.070142343756743 ], [ 3975041.457489715423435, 753147.494659692631103 ], [ 3975041.457489715423435, 753184.919177041505463 ], [ 3975041.457489715423435, 753222.343694390379824 ], [ 3975041.457489715423435, 753259.768211739254184 ], [ 3975041.457489715423435, 753297.192729088128544 ], [ 3975041.457489715423435, 753334.617246437002905 ], [ 3975078.882007064297795, 753334.617246437002905 ], [ 3975116.306524413172156, 753334.617246437002905 ], [ 3975153.731041762046516, 753334.617246437002905 ], [ 3975191.155559110920876, 753334.617246437002905 ], [ 3975228.580076459795237, 753334.617246437002905 ], [ 3975266.004593808669597, 753334.617246437002905 ], [ 3975303.429111157543957, 753334.617246437002905 ], [ 3975340.853628506418318, 753334.617246437002905 ], [ 3975367.316758506465703, 753361.08037643705029 ], [ 3975367.316758506465703, 753398.504893785924651 ], [ 3975367.316758506465703, 753435.929411134799011 ], [ 3975367.316758506465703, 753473.353928483673371 ], [ 3975367.316758506465703, 753510.778445832547732 ], [ 3975367.316758506465703, 753548.202963181422092 ], [ 3975367.316758506465703, 753585.627480530296452 ], [ 3975367.316758506465703, 753623.051997879170813 ], [ 3975367.316758506465703, 753660.476515228045173 ], [ 3975404.741275855340064, 753660.476515228045173 ], [ 3975442.165793204214424, 753660.476515228045173 ], [ 3975479.590310553088784, 753660.476515228045173 ], [ 3975517.014827901963145, 753660.476515228045173 ], [ 3975517.014827901963145, 753697.901032576919533 ], [ 3975517.014827901963145, 753735.325549925793894 ], [ 3975517.014827901963145, 753772.750067274668254 ], [ 3975517.014827901963145, 753810.174584623542614 ], [ 3975543.47795790201053, 753836.63771462359 ], [ 3975580.902475250884891, 753836.63771462359 ], [ 3975618.326992599759251, 753836.63771462359 ], [ 3975655.751509948633611, 753836.63771462359 ], [ 3975682.214639948680997, 753863.100844623637386 ], [ 3975682.214639948680997, 753900.525361972511746 ], [ 3975682.214639948680997, 753937.949879321386106 ], [ 3975682.214639948680997, 753975.374396670260467 ], [ 3975708.677769948728383, 754001.837526670307852 ], [ 3975746.102287297602743, 754001.837526670307852 ], [ 3975783.526804646477103, 754001.837526670307852 ], [ 3975820.951321995351464, 754001.837526670307852 ], [ 3975858.375839344225824, 754001.837526670307852 ], [ 3975858.375839344225824, 754039.262044019182213 ], [ 3975858.375839344225824, 754076.686561368056573 ], [ 3975858.375839344225824, 754114.111078716930933 ], [ 3975858.375839344225824, 754151.535596065805294 ], [ 3975858.375839344225824, 754188.960113414679654 ], [ 3975858.375839344225824, 754226.384630763554014 ], [ 3975858.375839344225824, 754263.809148112428375 ], [ 3975858.375839344225824, 754301.233665461302735 ], [ 3975858.375839344225824, 754338.658182810177095 ], [ 3975858.375839344225824, 754376.082700159051456 ], [ 3975858.375839344225824, 754413.507217507925816 ], [ 3975858.375839344225824, 754450.931734856800176 ], [ 3975858.375839344225824, 754488.356252205674537 ], [ 3975895.800356693100184, 754488.356252205674537 ], [ 3975933.224874041974545, 754488.356252205674537 ], [ 3975970.649391390848905, 754488.356252205674537 ], [ 3976008.073908739723265, 754488.356252205674537 ], [ 3976034.537038739770651, 754514.819382205721922 ], [ 3976034.537038739770651, 754552.243899554596283 ], [ 3976034.537038739770651, 754589.668416903470643 ], [ 3976034.537038739770651, 754627.092934252345003 ], [ 3976034.537038739770651, 754664.517451601219364 ], [ 3976071.961556088645011, 754664.517451601219364 ], [ 3976109.386073437519372, 754664.517451601219364 ], [ 3976146.810590786393732, 754664.517451601219364 ], [ 3976184.235108135268092, 754664.517451601219364 ], [ 3976184.235108135268092, 754701.941968950093724 ], [ 3976184.235108135268092, 754739.366486298968084 ], [ 3976184.235108135268092, 754776.791003647842444 ], [ 3976184.235108135268092, 754814.215520996716805 ], [ 3976221.659625484142452, 754814.215520996716805 ], [ 3976259.084142833016813, 754814.215520996716805 ], [ 3976296.508660181891173, 754814.215520996716805 ], [ 3976333.933177530765533, 754814.215520996716805 ], [ 3976360.396307530812919, 754840.67865099676419 ], [ 3976360.396307530812919, 754878.103168345638551 ], [ 3976360.396307530812919, 754915.527685694512911 ], [ 3976360.396307530812919, 754952.952203043387271 ], [ 3976360.396307530812919, 754990.376720392261632 ], [ 3976360.396307530812919, 755027.801237741135992 ], [ 3976360.396307530812919, 755065.225755090010352 ], [ 3976360.396307530812919, 755102.650272438884713 ], [ 3976360.396307530812919, 755140.074789787759073 ], [ 3976397.820824879687279, 755140.074789787759073 ], [ 3976435.24534222856164, 755140.074789787759073 ], [ 3976472.669859577436, 755140.074789787759073 ], [ 3976510.09437692631036, 755140.074789787759073 ], [ 3976536.557506926357746, 755166.537919787806459 ], [ 3976536.557506926357746, 755203.962437136680819 ], [ 3976536.557506926357746, 755241.386954485555179 ], [ 3976536.557506926357746, 755278.81147183442954 ], [ 3976536.557506926357746, 755316.2359891833039 ], [ 3976536.557506926357746, 755353.66050653217826 ], [ 3976536.557506926357746, 755391.085023881052621 ], [ 3976536.557506926357746, 755428.509541229926981 ], [ 3976536.557506926357746, 755465.934058578801341 ], [ 3976563.020636926405132, 755492.397188578848727 ], [ 3976600.445154275279492, 755492.397188578848727 ], [ 3976637.869671624153852, 755492.397188578848727 ], [ 3976675.294188973028213, 755492.397188578848727 ], [ 3976701.757318973075598, 755518.860318578896113 ], [ 3976701.757318973075598, 755556.284835927770473 ], [ 3976701.757318973075598, 755593.709353276644833 ], [ 3976701.757318973075598, 755631.133870625519194 ], [ 3976728.220448973122984, 755657.597000625566579 ], [ 3976765.644966321997344, 755657.597000625566579 ], [ 3976803.069483670871705, 755657.597000625566579 ], [ 3976840.494001019746065, 755657.597000625566579 ], [ 3976840.494001019746065, 755695.02151797444094 ], [ 3976840.494001019746065, 755732.4460353233153 ], [ 3976840.494001019746065, 755769.87055267218966 ], [ 3976840.494001019746065, 755807.295070021064021 ], [ 3976840.494001019746065, 755844.719587369938381 ], [ 3976840.494001019746065, 755882.144104718812741 ], [ 3976840.494001019746065, 755919.568622067687102 ], [ 3976840.494001019746065, 755956.993139416561462 ], [ 3976866.957131019793451, 755983.456269416608848 ], [ 3976904.381648368667811, 755983.456269416608848 ], [ 3976941.806165717542171, 755983.456269416608848 ], [ 3976979.230683066416532, 755983.456269416608848 ], [ 3977005.693813066463917, 756009.919399416656233 ], [ 3977005.693813066463917, 756047.343916765530594 ], [ 3977005.693813066463917, 756084.768434114404954 ], [ 3977005.693813066463917, 756122.192951463279314 ], [ 3977032.156943066511303, 756148.6560814633267 ], [ 3977069.581460415385664, 756148.6560814633267 ], [ 3977107.005977764260024, 756148.6560814633267 ], [ 3977144.430495113134384, 756148.6560814633267 ], [ 3977170.89362511318177, 756175.119211463374086 ], [ 3977170.89362511318177, 756212.543728812248446 ], [ 3977170.89362511318177, 756249.968246161122806 ], [ 3977170.89362511318177, 756287.392763509997167 ], [ 3977197.356755113229156, 756313.855893510044552 ], [ 3977234.781272462103516, 756313.855893510044552 ], [ 3977272.205789810977876, 756313.855893510044552 ], [ 3977309.630307159852237, 756313.855893510044552 ], [ 3977347.054824508726597, 756313.855893510044552 ], [ 3977347.054824508726597, 756351.280410858918913 ], [ 3977347.054824508726597, 756388.704928207793273 ], [ 3977347.054824508726597, 756426.129445556667633 ], [ 3977347.054824508726597, 756463.553962905541994 ], [ 3977347.054824508726597, 756500.978480254416354 ], [ 3977347.054824508726597, 756538.402997603290714 ], [ 3977347.054824508726597, 756575.827514952165075 ], [ 3977347.054824508726597, 756613.252032301039435 ], [ 3977347.054824508726597, 756650.676549649913795 ], [ 3977347.054824508726597, 756688.101066998788156 ], [ 3977347.054824508726597, 756725.525584347662516 ], [ 3977347.054824508726597, 756762.950101696536876 ], [ 3977347.054824508726597, 756800.374619045411237 ], [ 3977384.479341857600957, 756800.374619045411237 ], [ 3977421.903859206475317, 756800.374619045411237 ], [ 3977459.328376555349678, 756800.374619045411237 ], [ 3977496.752893904224038, 756800.374619045411237 ], [ 3977523.216023904271424, 756826.837749045458622 ], [ 3977523.216023904271424, 756864.262266394332983 ], [ 3977523.216023904271424, 756901.686783743207343 ], [ 3977523.216023904271424, 756939.111301092081703 ], [ 3977523.216023904271424, 756976.535818440956064 ], [ 3977560.640541253145784, 756976.535818440956064 ], [ 3977598.065058602020144, 756976.535818440956064 ], [ 3977635.489575950894505, 756976.535818440956064 ], [ 3977661.95270595094189, 757002.998948441003449 ], [ 3977661.95270595094189, 757040.42346578987781 ], [ 3977661.95270595094189, 757077.84798313875217 ], [ 3977661.95270595094189, 757115.27250048762653 ], [ 3977688.415835950989276, 757141.735630487673916 ], [ 3977725.840353299863636, 757141.735630487673916 ], [ 3977763.264870648737997, 757141.735630487673916 ], [ 3977800.689387997612357, 757141.735630487673916 ], [ 3977827.152517997659743, 757168.198760487721302 ], [ 3977827.152517997659743, 757205.623277836595662 ], [ 3977827.152517997659743, 757243.047795185470022 ], [ 3977827.152517997659743, 757280.472312534344383 ], [ 3977827.152517997659743, 757317.896829883218743 ], [ 3977827.152517997659743, 757355.321347232093103 ], [ 3977827.152517997659743, 757392.745864580967464 ], [ 3977827.152517997659743, 757430.170381929841824 ], [ 3977827.152517997659743, 757467.594899278716184 ], [ 3977864.577035346534103, 757467.594899278716184 ], [ 3977902.001552695408463, 757467.594899278716184 ], [ 3977939.426070044282824, 757467.594899278716184 ], [ 3977976.850587393157184, 757467.594899278716184 ], [ 3977976.850587393157184, 757505.019416627590545 ], [ 3977976.850587393157184, 757542.443933976464905 ], [ 3977976.850587393157184, 757579.868451325339265 ], [ 3977976.850587393157184, 757617.292968674213625 ], [ 3977976.850587393157184, 757654.717486023087986 ], [ 3977976.850587393157184, 757692.142003371962346 ], [ 3977976.850587393157184, 757729.566520720836706 ], [ 3977976.850587393157184, 757766.991038069711067 ], [ 3977976.850587393157184, 757804.415555418585427 ], [ 3978014.275104742031544, 757804.415555418585427 ], [ 3978051.699622090905905, 757804.415555418585427 ], [ 3978089.124139439780265, 757804.415555418585427 ], [ 3978126.548656788654625, 757804.415555418585427 ], [ 3978163.973174137528986, 757804.415555418585427 ], [ 3978163.973174137528986, 757841.840072767459787 ], [ 3978163.973174137528986, 757879.264590116334148 ], [ 3978163.973174137528986, 757916.689107465208508 ], [ 3978163.973174137528986, 757954.113624814082868 ], [ 3978163.973174137528986, 757991.538142162957229 ], [ 3978163.973174137528986, 758028.962659511831589 ], [ 3978163.973174137528986, 758066.387176860705949 ], [ 3978163.973174137528986, 758103.81169420958031 ], [ 3978163.973174137528986, 758141.23621155845467 ], [ 3978201.397691486403346, 758141.23621155845467 ], [ 3978238.822208835277706, 758141.23621155845467 ], [ 3978276.246726184152067, 758141.23621155845467 ], [ 3978313.671243533026427, 758141.23621155845467 ], [ 3978340.134373533073813, 758167.699341558502056 ], [ 3978340.134373533073813, 758205.123858907376416 ], [ 3978340.134373533073813, 758242.548376256250776 ], [ 3978340.134373533073813, 758279.972893605125137 ], [ 3978366.597503533121198, 758306.436023605172522 ], [ 3978404.022020881995559, 758306.436023605172522 ], [ 3978441.446538230869919, 758306.436023605172522 ], [ 3978478.871055579744279, 758306.436023605172522 ], [ 3978478.871055579744279, 758343.860540954046883 ], [ 3978478.871055579744279, 758381.285058302921243 ], [ 3978478.871055579744279, 758418.709575651795603 ], [ 3978478.871055579744279, 758456.134093000669964 ], [ 3978478.871055579744279, 758493.558610349544324 ], [ 3978478.871055579744279, 758530.983127698418684 ], [ 3978478.871055579744279, 758568.407645047293045 ], [ 3978478.871055579744279, 758605.832162396167405 ], [ 3978505.334185579791665, 758632.295292396214791 ], [ 3978542.758702928666025, 758632.295292396214791 ], [ 3978580.183220277540386, 758632.295292396214791 ], [ 3978617.607737626414746, 758632.295292396214791 ], [ 3978644.070867626462132, 758658.758422396262176 ], [ 3978644.070867626462132, 758696.182939745136537 ], [ 3978644.070867626462132, 758733.607457094010897 ], [ 3978644.070867626462132, 758771.031974442885257 ], [ 3978670.533997626509517, 758797.495104442932643 ], [ 3978707.958514975383878, 758797.495104442932643 ], [ 3978745.383032324258238, 758797.495104442932643 ], [ 3978782.807549673132598, 758797.495104442932643 ], [ 3978820.232067022006959, 758797.495104442932643 ], [ 3978846.695197022054344, 758823.958234442980029 ], [ 3978846.695197022054344, 758861.382751791854389 ], [ 3978846.695197022054344, 758898.807269140728749 ], [ 3978846.695197022054344, 758936.23178648960311 ], [ 3978846.695197022054344, 758973.65630383847747 ], [ 3978846.695197022054344, 759011.08082118735183 ], [ 3978846.695197022054344, 759048.505338536226191 ], [ 3978846.695197022054344, 759085.929855885100551 ], [ 3978846.695197022054344, 759123.354373233974911 ], [ 3978884.119714370928705, 759123.354373233974911 ], [ 3978921.544231719803065, 759123.354373233974911 ], [ 3978958.968749068677425, 759123.354373233974911 ], [ 3978985.431879068724811, 759149.817503234022297 ], [ 3978985.431879068724811, 759187.242020582896657 ], [ 3978985.431879068724811, 759224.666537931771018 ], [ 3978985.431879068724811, 759262.091055280645378 ], [ 3978985.431879068724811, 759299.515572629519738 ], [ 3978985.431879068724811, 759336.940089978394099 ], [ 3978985.431879068724811, 759374.364607327268459 ], [ 3978985.431879068724811, 759411.789124676142819 ], [ 3978985.431879068724811, 759449.21364202501718 ], [ 3979022.856396417599171, 759449.21364202501718 ], [ 3979060.280913766473532, 759449.21364202501718 ], [ 3979097.705431115347892, 759449.21364202501718 ], [ 3979135.129948464222252, 759449.21364202501718 ], [ 3979161.593078464269638, 759475.676772025064565 ], [ 3979161.593078464269638, 759513.101289373938926 ], [ 3979161.593078464269638, 759550.525806722813286 ], [ 3979161.593078464269638, 759587.950324071687646 ], [ 3979161.593078464269638, 759625.374841420562007 ], [ 3979199.017595813143998, 759625.374841420562007 ], [ 3979236.442113162018359, 759625.374841420562007 ], [ 3979273.866630510892719, 759625.374841420562007 ], [ 3979311.291147859767079, 759625.374841420562007 ], [ 3979348.71566520864144, 759625.374841420562007 ], [ 3979386.1401825575158, 759625.374841420562007 ], [ 3979423.56469990639016, 759625.374841420562007 ], [ 3979460.989217255264521, 759625.374841420562007 ], [ 3979498.413734604138881, 759625.374841420562007 ], [ 3979535.838251953013241, 759625.374841420562007 ], [ 3979573.262769301887602, 759625.374841420562007 ], [ 3979610.687286650761962, 759625.374841420562007 ], [ 3979648.111803999636322, 759625.374841420562007 ], [ 3979685.536321348510683, 759625.374841420562007 ], [ 3979722.960838697385043, 759625.374841420562007 ], [ 3979760.385356046259403, 759625.374841420562007 ], [ 3979797.809873395133764, 759625.374841420562007 ], [ 3979797.809873395133764, 759587.950324071687646 ], [ 3979797.809873395133764, 759550.525806722813286 ], [ 3979797.809873395133764, 759513.101289373938926 ], [ 3979797.809873395133764, 759475.676772025064565 ], [ 3979824.273003395181149, 759449.21364202501718 ], [ 3979861.69752074405551, 759449.21364202501718 ], [ 3979899.12203809292987, 759449.21364202501718 ], [ 3979936.54655544180423, 759449.21364202501718 ], [ 3979973.971072790678591, 759449.21364202501718 ], [ 3980011.395590139552951, 759449.21364202501718 ], [ 3980048.820107488427311, 759449.21364202501718 ], [ 3980086.244624837301672, 759449.21364202501718 ], [ 3980123.669142186176032, 759449.21364202501718 ], [ 3980161.093659535050392, 759449.21364202501718 ], [ 3980198.518176883924752, 759449.21364202501718 ], [ 3980235.942694232799113, 759449.21364202501718 ], [ 3980273.367211581673473, 759449.21364202501718 ], [ 3980310.791728930547833, 759449.21364202501718 ], [ 3980348.216246279422194, 759449.21364202501718 ], [ 3980385.640763628296554, 759449.21364202501718 ], [ 3980423.065280977170914, 759449.21364202501718 ], [ 3980460.489798326045275, 759449.21364202501718 ], [ 3980497.914315674919635, 759449.21364202501718 ], [ 3980535.338833023793995, 759449.21364202501718 ], [ 3980572.763350372668356, 759449.21364202501718 ], [ 3980610.187867721542716, 759449.21364202501718 ], [ 3980647.612385070417076, 759449.21364202501718 ], [ 3980685.036902419291437, 759449.21364202501718 ], [ 3980722.461419768165797, 759449.21364202501718 ], [ 3980759.885937117040157, 759449.21364202501718 ], [ 3980759.885937117040157, 759411.789124676142819 ], [ 3980759.885937117040157, 759374.364607327268459 ], [ 3980759.885937117040157, 759336.940089978394099 ], [ 3980759.885937117040157, 759299.515572629519738 ], [ 3980797.310454465914518, 759299.515572629519738 ], [ 3980834.734971814788878, 759299.515572629519738 ], [ 3980872.159489163663238, 759299.515572629519738 ], [ 3980909.584006512537599, 759299.515572629519738 ], [ 3980947.008523861411959, 759299.515572629519738 ], [ 3980984.433041210286319, 759299.515572629519738 ], [ 3981021.85755855916068, 759299.515572629519738 ], [ 3981059.28207590803504, 759299.515572629519738 ], [ 3981096.7065932569094, 759299.515572629519738 ], [ 3981123.169723256956786, 759273.052442629472353 ], [ 3981123.169723256956786, 759235.627925280597992 ], [ 3981123.169723256956786, 759198.203407931723632 ], [ 3981123.169723256956786, 759160.778890582849272 ], [ 3981149.632853257004172, 759134.315760582801886 ], [ 3981187.057370605878532, 759134.315760582801886 ], [ 3981224.481887954752892, 759134.315760582801886 ], [ 3981261.906405303627253, 759134.315760582801886 ], [ 3981261.906405303627253, 759096.891243233927526 ], [ 3981261.906405303627253, 759059.466725885053165 ], [ 3981261.906405303627253, 759022.042208536178805 ], [ 3981261.906405303627253, 758984.617691187304445 ], [ 3981288.369535303674638, 758958.154561187257059 ], [ 3981325.794052652548999, 758958.154561187257059 ], [ 3981363.218570001423359, 758958.154561187257059 ], [ 3981400.643087350297719, 758958.154561187257059 ], [ 3981438.06760469917208, 758958.154561187257059 ], [ 3981438.06760469917208, 758920.730043838382699 ], [ 3981438.06760469917208, 758883.305526489508338 ], [ 3981438.06760469917208, 758845.881009140633978 ], [ 3981438.06760469917208, 758808.456491791759618 ], [ 3981464.530734699219465, 758781.993361791712232 ], [ 3981501.955252048093826, 758781.993361791712232 ], [ 3981539.379769396968186, 758781.993361791712232 ], [ 3981576.804286745842546, 758781.993361791712232 ], [ 3981576.804286745842546, 758744.568844442837872 ], [ 3981576.804286745842546, 758707.144327093963511 ], [ 3981576.804286745842546, 758669.719809745089151 ], [ 3981576.804286745842546, 758632.295292396214791 ], [ 3981614.228804094716907, 758632.295292396214791 ], [ 3981651.653321443591267, 758632.295292396214791 ], [ 3981689.077838792465627, 758632.295292396214791 ], [ 3981726.502356141339988, 758632.295292396214791 ], [ 3981752.965486141387373, 758605.832162396167405 ], [ 3981752.965486141387373, 758568.407645047293045 ], [ 3981752.965486141387373, 758530.983127698418684 ], [ 3981752.965486141387373, 758493.558610349544324 ], [ 3981779.428616141434759, 758467.095480349496938 ], [ 3981816.853133490309119, 758467.095480349496938 ], [ 3981854.27765083918348, 758467.095480349496938 ], [ 3981891.70216818805784, 758467.095480349496938 ], [ 3981929.1266855369322, 758467.095480349496938 ], [ 3981929.1266855369322, 758429.670963000622578 ], [ 3981929.1266855369322, 758392.246445651748218 ], [ 3981929.1266855369322, 758354.821928302873857 ], [ 3981929.1266855369322, 758317.397410953999497 ], [ 3981955.589815536979586, 758290.934280953952111 ], [ 3981993.014332885853946, 758290.934280953952111 ], [ 3982030.438850234728307, 758290.934280953952111 ], [ 3982067.863367583602667, 758290.934280953952111 ], [ 3982094.326497583650053, 758264.471150953904726 ], [ 3982094.326497583650053, 758227.046633605030365 ], [ 3982094.326497583650053, 758189.622116256156005 ], [ 3982094.326497583650053, 758152.197598907281645 ], [ 3982120.789627583697438, 758125.734468907234259 ], [ 3982158.214144932571799, 758125.734468907234259 ], [ 3982195.638662281446159, 758125.734468907234259 ], [ 3982233.063179630320519, 758125.734468907234259 ], [ 3982259.526309630367905, 758099.271338907186873 ], [ 3982259.526309630367905, 758061.846821558312513 ], [ 3982259.526309630367905, 758024.422304209438153 ], [ 3982259.526309630367905, 757986.997786860563792 ], [ 3982285.989439630415291, 757960.534656860516407 ], [ 3982323.413956979289651, 757960.534656860516407 ], [ 3982360.838474328164011, 757960.534656860516407 ], [ 3982398.262991677038372, 757960.534656860516407 ], [ 3982398.262991677038372, 757923.110139511642046 ], [ 3982398.262991677038372, 757885.685622162767686 ], [ 3982398.262991677038372, 757848.261104813893326 ], [ 3982398.262991677038372, 757810.836587465018965 ], [ 3982435.687509025912732, 757810.836587465018965 ], [ 3982473.112026374787092, 757810.836587465018965 ], [ 3982510.536543723661453, 757810.836587465018965 ], [ 3982547.961061072535813, 757810.836587465018965 ], [ 3982574.424191072583199, 757784.37345746497158 ], [ 3982574.424191072583199, 757746.948940116097219 ], [ 3982574.424191072583199, 757709.524422767222859 ], [ 3982574.424191072583199, 757672.099905418348499 ], [ 3982600.887321072630584, 757645.636775418301113 ], [ 3982638.311838421504945, 757645.636775418301113 ], [ 3982675.736355770379305, 757645.636775418301113 ], [ 3982713.160873119253665, 757645.636775418301113 ], [ 3982750.585390468128026, 757645.636775418301113 ], [ 3982788.009907817002386, 757645.636775418301113 ], [ 3982825.434425165876746, 757645.636775418301113 ], [ 3982862.858942514751107, 757645.636775418301113 ], [ 3982900.283459863625467, 757645.636775418301113 ], [ 3982900.283459863625467, 757608.212258069426753 ], [ 3982900.283459863625467, 757570.787740720552392 ], [ 3982900.283459863625467, 757533.363223371678032 ], [ 3982900.283459863625467, 757495.938706022803672 ], [ 3982926.746589863672853, 757469.475576022756286 ], [ 3982964.171107212547213, 757469.475576022756286 ], [ 3983001.595624561421573, 757469.475576022756286 ], [ 3983039.020141910295933, 757469.475576022756286 ], [ 3983076.444659259170294, 757469.475576022756286 ], [ 3983076.444659259170294, 757432.051058673881926 ], [ 3983076.444659259170294, 757394.626541325007565 ], [ 3983076.444659259170294, 757357.202023976133205 ], [ 3983076.444659259170294, 757319.777506627258845 ], [ 3983102.90778925921768, 757293.314376627211459 ], [ 3983140.33230660809204, 757293.314376627211459 ], [ 3983177.7568239569664, 757293.314376627211459 ], [ 3983215.18134130584076, 757293.314376627211459 ], [ 3983215.18134130584076, 757255.889859278337099 ], [ 3983215.18134130584076, 757218.465341929462738 ], [ 3983215.18134130584076, 757181.040824580588378 ], [ 3983215.18134130584076, 757143.616307231714018 ], [ 3983215.18134130584076, 757106.191789882839657 ], [ 3983215.18134130584076, 757068.767272533965297 ], [ 3983215.18134130584076, 757031.342755185090937 ], [ 3983215.18134130584076, 756993.918237836216576 ], [ 3983241.644471305888146, 756967.455107836169191 ], [ 3983279.068988654762506, 756967.455107836169191 ], [ 3983316.493506003636867, 756967.455107836169191 ], [ 3983353.918023352511227, 756967.455107836169191 ], [ 3983391.342540701385587, 756967.455107836169191 ], [ 3983428.767058050259948, 756967.455107836169191 ], [ 3983466.191575399134308, 756967.455107836169191 ], [ 3983503.616092748008668, 756967.455107836169191 ], [ 3983541.040610096883029, 756967.455107836169191 ], [ 3983578.465127445757389, 756967.455107836169191 ], [ 3983615.889644794631749, 756967.455107836169191 ], [ 3983653.31416214350611, 756967.455107836169191 ], [ 3983690.73867949238047, 756967.455107836169191 ], [ 3983728.16319684125483, 756967.455107836169191 ], [ 3983728.16319684125483, 756930.03059048729483 ], [ 3983728.16319684125483, 756892.60607313842047 ], [ 3983728.16319684125483, 756855.18155578954611 ], [ 3983728.16319684125483, 756817.757038440671749 ], [ 3983765.587714190129191, 756817.757038440671749 ], [ 3983803.012231539003551, 756817.757038440671749 ], [ 3983840.436748887877911, 756817.757038440671749 ], [ 3983877.861266236752272, 756817.757038440671749 ], [ 3983915.285783585626632, 756817.757038440671749 ], [ 3983952.710300934500992, 756817.757038440671749 ], [ 3983990.134818283375353, 756817.757038440671749 ], [ 3984027.559335632249713, 756817.757038440671749 ], [ 3984054.022465632297099, 756791.293908440624364 ], [ 3984054.022465632297099, 756753.869391091750003 ], [ 3984054.022465632297099, 756716.444873742875643 ], [ 3984054.022465632297099, 756679.020356394001283 ], [ 3984093.717160632368177, 756654.295468333410099 ], [ 3984133.411855632439256, 756652.025290681864135 ], [ 3984170.836372981313616, 756652.025290681864135 ], [ 3984208.260890330187976, 756652.025290681864135 ], [ 3984245.685407679062337, 756652.025290681864135 ], [ 3984272.148537679109722, 756678.488420681911521 ], [ 3984272.148537679109722, 756715.912938030785881 ], [ 3984272.148537679109722, 756753.337455379660241 ], [ 3984272.148537679109722, 756790.761972728534602 ], [ 3984298.611667679157108, 756817.225102728581987 ], [ 3984336.036185028031468, 756817.225102728581987 ], [ 3984373.460702376905829, 756817.225102728581987 ], [ 3984399.923832376953214, 756790.761972728534602 ], [ 3984399.923832376953214, 756753.337455379660241 ], [ 3984399.923832376953214, 756715.912938030785881 ], [ 3984399.923832376953214, 756678.488420681911521 ], [ 3984426.3869623770006, 756652.025290681864135 ], [ 3984463.81147972587496, 756652.025290681864135 ], [ 3984501.235997074749321, 756652.025290681864135 ], [ 3984538.660514423623681, 756652.025290681864135 ], [ 3984576.085031772498041, 756652.025290681864135 ], [ 3984613.509549121372402, 756652.025290681864135 ], [ 3984650.934066470246762, 756652.025290681864135 ], [ 3984688.358583819121122, 756652.025290681864135 ], [ 3984714.821713819168508, 756625.562160681816749 ], [ 3984714.821713819168508, 756588.137643332942389 ], [ 3984714.821713819168508, 756550.713125984068029 ], [ 3984714.821713819168508, 756513.288608635193668 ], [ 3984741.284843819215894, 756486.825478635146283 ], [ 3984778.709361168090254, 756486.825478635146283 ], [ 3984816.133878516964614, 756486.825478635146283 ], [ 3984853.558395865838975, 756486.825478635146283 ], [ 3984890.982913214713335, 756486.825478635146283 ], [ 3984928.407430563587695, 756486.825478635146283 ], [ 3984965.831947912462056, 756486.825478635146283 ], [ 3985003.256465261336416, 756486.825478635146283 ], [ 3985040.680982610210776, 756486.825478635146283 ], [ 3985067.144112610258162, 756460.362348635098897 ], [ 3985067.144112610258162, 756422.937831286224537 ], [ 3985067.144112610258162, 756385.513313937350176 ], [ 3985067.144112610258162, 756348.088796588475816 ], [ 3985093.607242610305548, 756321.62566658842843 ], [ 3985131.031759959179908, 756321.62566658842843 ], [ 3985168.456277308054268, 756321.62566658842843 ], [ 3985205.880794656928629, 756321.62566658842843 ], [ 3985243.305312005802989, 756321.62566658842843 ], [ 3985280.729829354677349, 756321.62566658842843 ], [ 3985318.15434670355171, 756321.62566658842843 ], [ 3985355.57886405242607, 756321.62566658842843 ], [ 3985393.00338140130043, 756321.62566658842843 ], [ 3985393.00338140130043, 756359.050183937302791 ], [ 3985393.00338140130043, 756396.474701286177151 ], [ 3985393.00338140130043, 756433.899218635051511 ], [ 3985393.00338140130043, 756471.323735983925872 ], [ 3985393.00338140130043, 756508.748253332800232 ], [ 3985393.00338140130043, 756546.172770681674592 ], [ 3985393.00338140130043, 756583.597288030548953 ], [ 3985393.00338140130043, 756621.021805379423313 ], [ 3985419.466511401347816, 756647.484935379470699 ], [ 3985456.891028750222176, 756647.484935379470699 ], [ 3985494.315546099096537, 756647.484935379470699 ], [ 3985531.740063447970897, 756647.484935379470699 ], [ 3985558.203193448018283, 756673.948065379518084 ], [ 3985558.203193448018283, 756711.372582728392445 ], [ 3985558.203193448018283, 756748.797100077266805 ], [ 3985558.203193448018283, 756786.221617426141165 ], [ 3985584.666323448065668, 756812.684747426188551 ], [ 3985622.090840796940029, 756812.684747426188551 ], [ 3985659.515358145814389, 756812.684747426188551 ], [ 3985696.939875494688749, 756812.684747426188551 ], [ 3985696.939875494688749, 756775.260230077314191 ], [ 3985696.939875494688749, 756737.83571272843983 ], [ 3985696.939875494688749, 756700.41119537956547 ], [ 3985696.939875494688749, 756662.98667803069111 ], [ 3985723.403005494736135, 756636.523548030643724 ], [ 3985760.827522843610495, 756636.523548030643724 ], [ 3985798.252040192484856, 756636.523548030643724 ], [ 3985835.676557541359216, 756636.523548030643724 ], [ 3985873.101074890233576, 756636.523548030643724 ], [ 3985890.341059481259435, 756676.218243030598387 ], [ 3985888.868785398080945, 756715.91293803055305 ], [ 3985888.868785398080945, 756753.337455379427411 ], [ 3985888.868785398080945, 756790.761972728301771 ], [ 3985888.868785398080945, 756828.186490077176131 ], [ 3985888.868785398080945, 756865.611007426050492 ], [ 3985888.868785398080945, 756903.035524774924852 ], [ 3985888.868785398080945, 756940.460042123799212 ], [ 3985888.868785398080945, 756977.884559472673573 ], [ 3985926.293302746955305, 756977.884559472673573 ], [ 3985963.717820095829666, 756977.884559472673573 ], [ 3986001.142337444704026, 756977.884559472673573 ], [ 3986038.566854793578386, 756977.884559472673573 ], [ 3986065.029984793625772, 757004.347689472720958 ], [ 3986065.029984793625772, 757041.772206821595319 ], [ 3986065.029984793625772, 757079.196724170469679 ], [ 3986065.029984793625772, 757116.621241519344039 ], [ 3986091.493114793673158, 757143.084371519391425 ], [ 3986128.917632142547518, 757143.084371519391425 ], [ 3986166.342149491421878, 757143.084371519391425 ], [ 3986203.766666840296239, 757143.084371519391425 ], [ 3986230.229796840343624, 757169.547501519438811 ], [ 3986230.229796840343624, 757206.972018868313171 ], [ 3986230.229796840343624, 757244.396536217187531 ], [ 3986230.229796840343624, 757281.821053566061892 ], [ 3986256.69292684039101, 757308.284183566109277 ], [ 3986294.11744418926537, 757308.284183566109277 ], [ 3986331.541961538139731, 757308.284183566109277 ], [ 3986368.966478887014091, 757308.284183566109277 ], [ 3986368.966478887014091, 757345.708700914983638 ], [ 3986368.966478887014091, 757383.133218263857998 ], [ 3986368.966478887014091, 757420.557735612732358 ], [ 3986368.966478887014091, 757457.982252961606719 ], [ 3986406.390996235888451, 757457.982252961606719 ], [ 3986443.815513584762812, 757457.982252961606719 ], [ 3986481.240030933637172, 757457.982252961606719 ], [ 3986518.664548282511532, 757457.982252961606719 ], [ 3986556.089065631385893, 757457.982252961606719 ], [ 3986593.513582980260253, 757457.982252961606719 ], [ 3986630.938100329134613, 757457.982252961606719 ], [ 3986668.362617678008974, 757457.982252961606719 ], [ 3986705.787135026883334, 757457.982252961606719 ], [ 3986732.25026502693072, 757484.445382961654104 ], [ 3986732.25026502693072, 757521.869900310528465 ], [ 3986732.25026502693072, 757559.294417659402825 ], [ 3986732.25026502693072, 757596.718935008277185 ], [ 3986732.25026502693072, 757634.143452357151546 ], [ 3986769.67478237580508, 757634.143452357151546 ], [ 3986807.09929972467944, 757634.143452357151546 ], [ 3986844.523817073553801, 757634.143452357151546 ], [ 3986870.986947073601186, 757660.606582357198931 ], [ 3986870.986947073601186, 757698.031099706073292 ], [ 3986870.986947073601186, 757735.455617054947652 ], [ 3986870.986947073601186, 757772.880134403822012 ], [ 3986870.986947073601186, 757810.304651752696373 ], [ 3986908.411464422475547, 757810.304651752696373 ], [ 3986945.835981771349907, 757810.304651752696373 ], [ 3986983.260499120224267, 757810.304651752696373 ], [ 3987020.685016469098628, 757810.304651752696373 ], [ 3987047.148146469146013, 757836.767781752743758 ], [ 3987047.148146469146013, 757874.192299101618119 ], [ 3987047.148146469146013, 757911.616816450492479 ], [ 3987047.148146469146013, 757949.041333799366839 ], [ 3987073.611276469193399, 757975.504463799414225 ], [ 3987111.035793818067759, 757975.504463799414225 ], [ 3987148.46031116694212, 757975.504463799414225 ], [ 3987185.88482851581648, 757975.504463799414225 ], [ 3987223.30934586469084, 757975.504463799414225 ], [ 3987260.733863213565201, 757975.504463799414225 ], [ 3987298.158380562439561, 757975.504463799414225 ], [ 3987335.582897911313921, 757975.504463799414225 ], [ 3987373.007415260188282, 757975.504463799414225 ], [ 3987373.007415260188282, 758012.928981148288585 ], [ 3987373.007415260188282, 758050.353498497162946 ], [ 3987373.007415260188282, 758087.778015846037306 ], [ 3987373.007415260188282, 758125.202533194911666 ], [ 3987373.007415260188282, 758162.627050543786027 ], [ 3987373.007415260188282, 758200.051567892660387 ], [ 3987373.007415260188282, 758237.476085241534747 ], [ 3987373.007415260188282, 758274.900602590409108 ], [ 3987399.470545260235667, 758301.363732590456493 ], [ 3987436.895062609110028, 758301.363732590456493 ], [ 3987474.319579957984388, 758301.363732590456493 ], [ 3987511.744097306858748, 758301.363732590456493 ], [ 3987549.168614655733109, 758301.363732590456493 ], [ 3987586.593132004607469, 758301.363732590456493 ], [ 3987624.017649353481829, 758301.363732590456493 ], [ 3987661.442166702356189, 758301.363732590456493 ], [ 3987687.905296702403575, 758327.826862590503879 ], [ 3987687.905296702403575, 758365.251379939378239 ], [ 3987687.905296702403575, 758402.6758972882526 ], [ 3987687.905296702403575, 758440.10041463712696 ], [ 3987714.368426702450961, 758466.563544637174346 ], [ 3987751.792944051325321, 758466.563544637174346 ], [ 3987789.217461400199682, 758466.563544637174346 ], [ 3987826.641978749074042, 758466.563544637174346 ], [ 3987853.105108749121428, 758493.026674637221731 ], [ 3987853.105108749121428, 758530.451191986096092 ], [ 3987853.105108749121428, 758567.875709334970452 ], [ 3987853.105108749121428, 758605.300226683844812 ], [ 3987879.568238749168813, 758631.763356683892198 ], [ 3987916.992756098043174, 758631.763356683892198 ], [ 3987954.417273446917534, 758631.763356683892198 ], [ 3987991.841790795791894, 758631.763356683892198 ], [ 3988029.266308144666255, 758631.763356683892198 ], [ 3988066.690825493540615, 758631.763356683892198 ], [ 3988104.115342842414975, 758631.763356683892198 ], [ 3988141.539860191289335, 758631.763356683892198 ], [ 3988178.964377540163696, 758631.763356683892198 ], [ 3988205.427507540211082, 758658.226486683939584 ], [ 3988205.427507540211082, 758695.651004032813944 ], [ 3988205.427507540211082, 758733.075521381688304 ], [ 3988205.427507540211082, 758770.500038730562665 ], [ 3988231.890637540258467, 758796.96316873061005 ], [ 3988269.315154889132828, 758796.96316873061005 ], [ 3988306.739672238007188, 758796.96316873061005 ], [ 3988344.164189586881548, 758796.96316873061005 ], [ 3988370.627319586928934, 758823.426298730657436 ], [ 3988370.627319586928934, 758860.850816079531796 ], [ 3988370.627319586928934, 758898.275333428406157 ], [ 3988370.627319586928934, 758935.699850777280517 ], [ 3988397.09044958697632, 758962.162980777327903 ], [ 3988434.51496693585068, 758962.162980777327903 ], [ 3988471.93948428472504, 758962.162980777327903 ], [ 3988509.364001633599401, 758962.162980777327903 ], [ 3988546.788518982473761, 758962.162980777327903 ], [ 3988584.213036331348121, 758962.162980777327903 ], [ 3988621.637553680222481, 758962.162980777327903 ], [ 3988659.062071029096842, 758962.162980777327903 ], [ 3988668.817152150440961, 759001.857675777282566 ], [ 3988667.344878067262471, 759041.552370777237229 ], [ 3988667.344878067262471, 759078.976888126111589 ], [ 3988667.344878067262471, 759116.40140547498595 ], [ 3988704.769395416136831, 759116.40140547498595 ], [ 3988742.193912765011191, 759116.40140547498595 ], [ 3988779.618430113885552, 759116.40140547498595 ], [ 3988817.042947462759912, 759116.40140547498595 ], [ 3988854.467464811634272, 759116.40140547498595 ], [ 3988854.467464811634272, 759153.82592282386031 ], [ 3988854.467464811634272, 759191.25044017273467 ], [ 3988854.467464811634272, 759228.674957521609031 ], [ 3988854.467464811634272, 759266.099474870483391 ], [ 3988880.930594811681658, 759292.562604870530777 ], [ 3988918.355112160556018, 759292.562604870530777 ], [ 3988955.779629509430379, 759292.562604870530777 ], [ 3988993.204146858304739, 759292.562604870530777 ], [ 3989019.667276858352125, 759319.025734870578162 ], [ 3989019.667276858352125, 759356.450252219452523 ], [ 3989019.667276858352125, 759393.874769568326883 ], [ 3989019.667276858352125, 759431.299286917201243 ], [ 3989046.13040685839951, 759457.762416917248629 ], [ 3989083.554924207273871, 759457.762416917248629 ], [ 3989120.979441556148231, 759457.762416917248629 ], [ 3989158.403958905022591, 759457.762416917248629 ], [ 3989195.828476253896952, 759457.762416917248629 ], [ 3989233.252993602771312, 759457.762416917248629 ], [ 3989270.677510951645672, 759457.762416917248629 ], [ 3989308.102028300520033, 759457.762416917248629 ], [ 3989334.565158300567418, 759484.225546917296015 ], [ 3989334.565158300567418, 759521.650064266170375 ], [ 3989334.565158300567418, 759559.074581615044735 ], [ 3989334.565158300567418, 759596.499098963919096 ], [ 3989361.028288300614804, 759622.962228963966481 ], [ 3989398.452805649489164, 759622.962228963966481 ], [ 3989435.877322998363525, 759622.962228963966481 ], [ 3989473.301840347237885, 759622.962228963966481 ], [ 3989499.764970347285271, 759649.425358964013867 ], [ 3989499.764970347285271, 759686.849876312888227 ], [ 3989499.764970347285271, 759724.274393661762588 ], [ 3989499.764970347285271, 759761.698911010636948 ], [ 3989526.228100347332656, 759788.162041010684334 ], [ 3989563.652617696207017, 759788.162041010684334 ], [ 3989601.077135045081377, 759788.162041010684334 ], [ 3989638.501652393955737, 759788.162041010684334 ], [ 3989675.926169742830098, 759788.162041010684334 ], [ 3989675.926169742830098, 759825.586558359558694 ], [ 3989675.926169742830098, 759863.011075708433054 ], [ 3989675.926169742830098, 759900.435593057307415 ], [ 3989675.926169742830098, 759937.860110406181775 ], [ 3989713.350687091704458, 759937.860110406181775 ], [ 3989750.775204440578818, 759937.860110406181775 ], [ 3989788.199721789453179, 759937.860110406181775 ], [ 3989825.624239138327539, 759937.860110406181775 ], [ 3989863.048756487201899, 759937.860110406181775 ], [ 3989900.47327383607626, 759937.860110406181775 ], [ 3989937.89779118495062, 759937.860110406181775 ], [ 3989975.32230853382498, 759937.860110406181775 ], [ 3990001.785438533872366, 759964.323240406229161 ], [ 3990001.785438533872366, 760001.747757755103521 ], [ 3990001.785438533872366, 760039.172275103977881 ], [ 3990001.785438533872366, 760076.596792452852242 ], [ 3990001.785438533872366, 760114.021309801726602 ], [ 3990039.209955882746726, 760114.021309801726602 ], [ 3990076.634473231621087, 760114.021309801726602 ], [ 3990114.058990580495447, 760114.021309801726602 ], [ 3990151.483507929369807, 760114.021309801726602 ], [ 3990151.483507929369807, 760151.445827150600962 ], [ 3990151.483507929369807, 760188.870344499475323 ], [ 3990151.483507929369807, 760226.294861848349683 ], [ 3990151.483507929369807, 760263.719379197224043 ], [ 3990177.946637929417193, 760290.182509197271429 ], [ 3990215.371155278291553, 760290.182509197271429 ], [ 3990252.795672627165914, 760290.182509197271429 ], [ 3990290.220189976040274, 760290.182509197271429 ], [ 3990327.644707324914634, 760290.182509197271429 ], [ 3990365.069224673788995, 760290.182509197271429 ], [ 3990402.493742022663355, 760290.182509197271429 ], [ 3990439.918259371537715, 760290.182509197271429 ], [ 3990477.342776720412076, 760290.182509197271429 ], [ 3990494.582761311437935, 760329.877204197226092 ], [ 3990493.110487228259444, 760369.571899197180755 ], [ 3990493.110487228259444, 760406.996416546055116 ], [ 3990493.110487228259444, 760444.420933894929476 ], [ 3990530.535004577133805, 760444.420933894929476 ], [ 3990567.959521926008165, 760444.420933894929476 ], [ 3990605.384039274882525, 760444.420933894929476 ], [ 3990642.808556623756886, 760444.420933894929476 ], [ 3990680.233073972631246, 760444.420933894929476 ], [ 3990717.657591321505606, 760444.420933894929476 ], [ 3990755.082108670379966, 760444.420933894929476 ], [ 3990792.506626019254327, 760444.420933894929476 ], [ 3990818.969756019301713, 760470.884063894976862 ], [ 3990818.969756019301713, 760508.308581243851222 ], [ 3990818.969756019301713, 760545.733098592725582 ], [ 3990818.969756019301713, 760583.157615941599943 ], [ 3990818.969756019301713, 760620.582133290474303 ], [ 3990818.969756019301713, 760658.006650639348663 ], [ 3990818.969756019301713, 760695.431167988223024 ], [ 3990818.969756019301713, 760732.855685337097384 ], [ 3990818.969756019301713, 760770.280202685971744 ], [ 3990856.394273368176073, 760770.280202685971744 ], [ 3990893.818790717050433, 760770.280202685971744 ], [ 3990931.243308065924793, 760770.280202685971744 ], [ 3990968.667825414799154, 760770.280202685971744 ], [ 3990995.130955414846539, 760796.74333268601913 ], [ 3990995.130955414846539, 760834.16785003489349 ], [ 3990995.130955414846539, 760871.592367383767851 ], [ 3990995.130955414846539, 760909.016884732642211 ], [ 3990995.130955414846539, 760946.441402081516571 ], [ 3991032.5554727637209, 760946.441402081516571 ], [ 3991069.97999011259526, 760946.441402081516571 ], [ 3991107.40450746146962, 760946.441402081516571 ], [ 3991144.829024810343981, 760946.441402081516571 ], [ 3991171.292154810391366, 760972.904532081563957 ], [ 3991171.292154810391366, 761010.329049430438317 ], [ 3991171.292154810391366, 761047.753566779312678 ], [ 3991171.292154810391366, 761085.178084128187038 ], [ 3991197.755284810438752, 761111.641214128234424 ], [ 3991235.179802159313112, 761111.641214128234424 ], [ 3991272.604319508187473, 761111.641214128234424 ], [ 3991310.028836857061833, 761111.641214128234424 ], [ 3991336.491966857109219, 761138.104344128281809 ], [ 3991336.491966857109219, 761175.52886147715617 ], [ 3991336.491966857109219, 761212.95337882603053 ], [ 3991336.491966857109219, 761250.37789617490489 ], [ 3991362.955096857156605, 761276.841026174952276 ], [ 3991400.379614206030965, 761276.841026174952276 ], [ 3991437.804131554905325, 761276.841026174952276 ], [ 3991475.228648903779685, 761276.841026174952276 ], [ 3991475.228648903779685, 761314.265543523826636 ], [ 3991475.228648903779685, 761351.690060872700997 ], [ 3991475.228648903779685, 761389.114578221575357 ], [ 3991475.228648903779685, 761426.539095570449717 ], [ 3991512.653166252654046, 761426.539095570449717 ], [ 3991550.077683601528406, 761426.539095570449717 ], [ 3991587.502200950402766, 761426.539095570449717 ], [ 3991624.926718299277127, 761426.539095570449717 ], [ 3991651.389848299324512, 761453.002225570497103 ], [ 3991651.389848299324512, 761490.426742919371463 ], [ 3991651.389848299324512, 761527.851260268245824 ], [ 3991651.389848299324512, 761565.275777617120184 ], [ 3991651.389848299324512, 761602.700294965994544 ], [ 3991688.814365648198873, 761602.700294965994544 ], [ 3991726.238882997073233, 761602.700294965994544 ], [ 3991763.663400345947593, 761602.700294965994544 ], [ 3991790.126530345994979, 761629.16342496604193 ], [ 3991790.126530345994979, 761666.58794231491629 ], [ 3991790.126530345994979, 761704.012459663790651 ], [ 3991790.126530345994979, 761741.436977012665011 ], [ 3991790.126530345994979, 761778.861494361539371 ], [ 3991827.551047694869339, 761778.861494361539371 ], [ 3991864.9755650437437, 761778.861494361539371 ], [ 3991902.40008239261806, 761778.861494361539371 ], [ 3991939.82459974149242, 761778.861494361539371 ], [ 3991977.249117090366781, 761778.861494361539371 ], [ 3991977.249117090366781, 761816.286011710413732 ], [ 3991977.249117090366781, 761853.710529059288092 ], [ 3991977.249117090366781, 761891.135046408162452 ], [ 3991977.249117090366781, 761928.559563757036813 ], [ 3992014.673634439241141, 761928.559563757036813 ], [ 3992052.098151788115501, 761928.559563757036813 ], [ 3992089.522669136989862, 761928.559563757036813 ], [ 3992126.947186485864222, 761928.559563757036813 ], [ 3992153.410316485911608, 761955.022693757084198 ], [ 3992153.410316485911608, 761992.447211105958559 ], [ 3992153.410316485911608, 762029.871728454832919 ], [ 3992153.410316485911608, 762067.296245803707279 ], [ 3992153.410316485911608, 762104.72076315258164 ], [ 3992190.834833834785968, 762104.72076315258164 ], [ 3992228.259351183660328, 762104.72076315258164 ], [ 3992265.683868532534689, 762104.72076315258164 ], [ 3992292.146998532582074, 762131.183893152629025 ], [ 3992292.146998532582074, 762168.608410501503386 ], [ 3992292.146998532582074, 762206.032927850377746 ], [ 3992292.146998532582074, 762243.457445199252106 ], [ 3992318.61012853262946, 762269.920575199299492 ], [ 3992356.03464588150382, 762269.920575199299492 ], [ 3992393.459163230378181, 762269.920575199299492 ], [ 3992430.883680579252541, 762269.920575199299492 ], [ 3992457.346810579299927, 762296.383705199346878 ], [ 3992457.346810579299927, 762333.808222548221238 ], [ 3992457.346810579299927, 762371.232739897095598 ], [ 3992457.346810579299927, 762408.657257245969959 ], [ 3992483.809940579347312, 762435.120387246017344 ], [ 3992521.234457928221673, 762435.120387246017344 ], [ 3992558.658975277096033, 762435.120387246017344 ], [ 3992596.083492625970393, 762435.120387246017344 ], [ 3992622.546622626017779, 762461.58351724606473 ], [ 3992622.546622626017779, 762499.00803459493909 ], [ 3992622.546622626017779, 762536.432551943813451 ], [ 3992622.546622626017779, 762573.857069292687811 ], [ 3992649.009752626065165, 762600.320199292735197 ], [ 3992686.434269974939525, 762600.320199292735197 ], [ 3992723.858787323813885, 762600.320199292735197 ], [ 3992761.283304672688246, 762600.320199292735197 ], [ 3992798.707822021562606, 762600.320199292735197 ], [ 3992798.707822021562606, 762637.744716641609557 ], [ 3992798.707822021562606, 762675.169233990483917 ], [ 3992798.707822021562606, 762712.593751339358278 ], [ 3992798.707822021562606, 762750.018268688232638 ], [ 3992836.132339370436966, 762750.018268688232638 ], [ 3992873.556856719311327, 762750.018268688232638 ], [ 3992910.981374068185687, 762750.018268688232638 ], [ 3992948.405891417060047, 762750.018268688232638 ], [ 3992974.869021417107433, 762776.481398688280024 ], [ 3992974.869021417107433, 762813.905916037154384 ], [ 3992974.869021417107433, 762851.330433386028744 ], [ 3992974.869021417107433, 762888.754950734903105 ], [ 3992974.869021417107433, 762926.179468083777465 ], [ 3993012.293538765981793, 762926.179468083777465 ], [ 3993049.718056114856154, 762926.179468083777465 ], [ 3993087.142573463730514, 762926.179468083777465 ], [ 3993113.6057034637779, 762952.642598083824851 ], [ 3993113.6057034637779, 762990.067115432699211 ], [ 3993113.6057034637779, 763027.491632781573571 ], [ 3993113.6057034637779, 763064.916150130447932 ], [ 3993113.6057034637779, 763102.340667479322292 ], [ 3993151.03022081265226, 763102.340667479322292 ], [ 3993188.45473816152662, 763102.340667479322292 ], [ 3993225.879255510400981, 763102.340667479322292 ], [ 3993263.303772859275341, 763102.340667479322292 ], [ 3993289.766902859322727, 763128.803797479369678 ], [ 3993289.766902859322727, 763166.228314828244038 ], [ 3993289.766902859322727, 763203.652832177118398 ], [ 3993289.766902859322727, 763241.077349525992759 ], [ 3993316.230032859370112, 763267.540479526040144 ], [ 3993353.654550208244473, 763267.540479526040144 ], [ 3993391.079067557118833, 763267.540479526040144 ], [ 3993428.503584905993193, 763267.540479526040144 ], [ 3993465.928102254867554, 763267.540479526040144 ], [ 3993465.928102254867554, 763304.964996874914505 ], [ 3993465.928102254867554, 763342.389514223788865 ], [ 3993465.928102254867554, 763379.814031572663225 ], [ 3993465.928102254867554, 763417.238548921537586 ], [ 3993503.352619603741914, 763417.238548921537586 ], [ 3993540.777136952616274, 763417.238548921537586 ], [ 3993578.201654301490635, 763417.238548921537586 ], [ 3993615.626171650364995, 763417.238548921537586 ], [ 3993653.050688999239355, 763417.238548921537586 ], [ 3993690.475206348113716, 763417.238548921537586 ], [ 3993727.899723696988076, 763417.238548921537586 ], [ 3993765.324241045862436, 763417.238548921537586 ], [ 3993802.748758394736797, 763417.238548921537586 ], [ 3993840.173275743611157, 763417.238548921537586 ], [ 3993877.597793092485517, 763417.238548921537586 ], [ 3993915.022310441359878, 763417.238548921537586 ], [ 3993952.446827790234238, 763417.238548921537586 ], [ 3993989.871345139108598, 763417.238548921537586 ], [ 3994027.295862487982959, 763417.238548921537586 ], [ 3994064.720379836857319, 763417.238548921537586 ], [ 3994102.144897185731679, 763417.238548921537586 ], [ 3994102.144897185731679, 763454.663066270411946 ], [ 3994102.144897185731679, 763492.087583619286306 ], [ 3994102.144897185731679, 763529.512100968160667 ], [ 3994102.144897185731679, 763566.936618317035027 ], [ 3994128.608027185779065, 763593.399748317082413 ], [ 3994166.032544534653425, 763593.399748317082413 ], [ 3994203.457061883527786, 763593.399748317082413 ], [ 3994240.881579232402146, 763593.399748317082413 ], [ 3994278.306096581276506, 763593.399748317082413 ], [ 3994315.730613930150867, 763593.399748317082413 ], [ 3994353.155131279025227, 763593.399748317082413 ], [ 3994390.579648627899587, 763593.399748317082413 ], [ 3994428.004165976773947, 763593.399748317082413 ], [ 3994454.467295976821333, 763619.862878317129798 ], [ 3994454.467295976821333, 763657.287395666004159 ], [ 3994454.467295976821333, 763694.711913014878519 ], [ 3994454.467295976821333, 763732.136430363752879 ], [ 3994480.930425976868719, 763758.599560363800265 ], [ 3994518.354943325743079, 763758.599560363800265 ], [ 3994555.77946067461744, 763758.599560363800265 ], [ 3994593.2039780234918, 763758.599560363800265 ], [ 3994630.62849537236616, 763758.599560363800265 ], [ 3994668.05301272124052, 763758.599560363800265 ], [ 3994705.477530070114881, 763758.599560363800265 ], [ 3994742.902047418989241, 763758.599560363800265 ], [ 3994780.326564767863601, 763758.599560363800265 ], [ 3994817.751082116737962, 763758.599560363800265 ], [ 3994855.175599465612322, 763758.599560363800265 ], [ 3994892.600116814486682, 763758.599560363800265 ], [ 3994930.024634163361043, 763758.599560363800265 ], [ 3994967.449151512235403, 763758.599560363800265 ], [ 3995004.873668861109763, 763758.599560363800265 ], [ 3995042.298186209984124, 763758.599560363800265 ], [ 3995079.722703558858484, 763758.599560363800265 ], [ 3995100.705139884725213, 763798.294255363754928 ], [ 3995099.232865801546723, 763837.988950363709591 ], [ 3995099.232865801546723, 763875.413467712583952 ], [ 3995099.232865801546723, 763912.837985061458312 ], [ 3995136.657383150421083, 763912.837985061458312 ], [ 3995174.081900499295443, 763912.837985061458312 ], [ 3995211.506417848169804, 763912.837985061458312 ], [ 3995248.930935197044164, 763912.837985061458312 ], [ 3995286.355452545918524, 763912.837985061458312 ], [ 3995323.779969894792885, 763912.837985061458312 ], [ 3995361.204487243667245, 763912.837985061458312 ], [ 3995398.629004592541605, 763912.837985061458312 ], [ 3995425.092134592588991, 763939.301115061505698 ], [ 3995425.092134592588991, 763976.725632410380058 ], [ 3995425.092134592588991, 764014.150149759254418 ], [ 3995425.092134592588991, 764051.574667108128779 ], [ 3995425.092134592588991, 764088.999184457003139 ], [ 3995462.516651941463351, 764088.999184457003139 ], [ 3995499.941169290337712, 764088.999184457003139 ], [ 3995537.365686639212072, 764088.999184457003139 ], [ 3995574.790203988086432, 764088.999184457003139 ], [ 3995612.214721336960793, 764088.999184457003139 ], [ 3995649.639238685835153, 764088.999184457003139 ], [ 3995687.063756034709513, 764088.999184457003139 ], [ 3995724.488273383583874, 764088.999184457003139 ], [ 3995761.912790732458234, 764088.999184457003139 ], [ 3995799.337308081332594, 764088.999184457003139 ], [ 3995836.761825430206954, 764088.999184457003139 ], [ 3995874.186342779081315, 764088.999184457003139 ], [ 3995911.610860127955675, 764088.999184457003139 ], [ 3995949.035377476830035, 764088.999184457003139 ], [ 3995986.459894825704396, 764088.999184457003139 ], [ 3996023.884412174578756, 764088.999184457003139 ], [ 3996061.308929523453116, 764088.999184457003139 ], [ 3996087.772059523500502, 764115.462314457050525 ], [ 3996087.772059523500502, 764152.886831805924885 ], [ 3996087.772059523500502, 764190.311349154799245 ], [ 3996087.772059523500502, 764227.735866503673606 ], [ 3996087.772059523500502, 764265.160383852547966 ], [ 3996087.772059523500502, 764302.584901201422326 ], [ 3996087.772059523500502, 764340.009418550296687 ], [ 3996087.772059523500502, 764377.433935899171047 ], [ 3996087.772059523500502, 764414.858453248045407 ], [ 3996087.772059523500502, 764452.282970596919768 ], [ 3996087.772059523500502, 764489.707487945794128 ], [ 3996087.772059523500502, 764527.132005294668488 ], [ 3996087.772059523500502, 764564.556522643542849 ], [ 3996087.772059523500502, 764601.981039992417209 ], [ 3996087.772059523500502, 764639.405557341291569 ], [ 3996087.772059523500502, 764676.830074690165929 ], [ 3996087.772059523500502, 764714.25459203904029 ], [ 3996087.772059523500502, 764751.67910938791465 ], [ 3996087.772059523500502, 764789.10362673678901 ], [ 3996087.772059523500502, 764826.528144085663371 ], [ 3996087.772059523500502, 764863.952661434537731 ], [ 3996087.772059523500502, 764901.377178783412091 ], [ 3996087.772059523500502, 764938.801696132286452 ], [ 3996087.772059523500502, 764976.226213481160812 ], [ 3996087.772059523500502, 765013.650730830035172 ], [ 3996087.772059523500502, 765051.075248178909533 ], [ 3996087.772059523500502, 765088.499765527783893 ], [ 3996087.772059523500502, 765125.924282876658253 ], [ 3996087.772059523500502, 765163.348800225532614 ], [ 3996087.772059523500502, 765200.773317574406974 ], [ 3996087.772059523500502, 765238.197834923281334 ], [ 3996087.772059523500502, 765275.622352272155695 ], [ 3996087.772059523500502, 765313.046869621030055 ], [ 3996087.772059523500502, 765350.471386969904415 ], [ 3996087.772059523500502, 765387.895904318778776 ], [ 3996087.772059523500502, 765425.320421667653136 ], [ 3996087.772059523500502, 765462.744939016527496 ], [ 3996087.772059523500502, 765500.169456365401857 ], [ 3996087.772059523500502, 765537.593973714276217 ], [ 3996087.772059523500502, 765575.018491063150577 ], [ 3996087.772059523500502, 765612.443008412024938 ], [ 3996087.772059523500502, 765649.867525760899298 ], [ 3996087.772059523500502, 765687.292043109773658 ], [ 3996087.772059523500502, 765724.716560458648019 ], [ 3996061.308929523453116, 765751.179690458695404 ], [ 3996023.884412174578756, 765751.179690458695404 ], [ 3995986.459894825704396, 765751.179690458695404 ], [ 3995949.035377476830035, 765751.179690458695404 ], [ 3995922.57224747678265, 765777.64282045874279 ], [ 3995922.57224747678265, 765815.06733780761715 ], [ 3995922.57224747678265, 765852.491855156491511 ], [ 3995922.57224747678265, 765889.916372505365871 ], [ 3995922.57224747678265, 765927.340889854240231 ], [ 3995922.57224747678265, 765964.765407203114592 ], [ 3995922.57224747678265, 766002.189924551988952 ], [ 3995922.57224747678265, 766039.614441900863312 ], [ 3995922.57224747678265, 766077.038959249737673 ], [ 3995922.57224747678265, 766114.463476598612033 ], [ 3995922.57224747678265, 766151.887993947486393 ], [ 3995922.57224747678265, 766189.312511296360753 ], [ 3995922.57224747678265, 766226.737028645235114 ], [ 3995922.57224747678265, 766264.161545994109474 ], [ 3995922.57224747678265, 766301.586063342983834 ], [ 3995922.57224747678265, 766339.010580691858195 ], [ 3995922.57224747678265, 766376.435098040732555 ], [ 3995922.57224747678265, 766413.859615389606915 ], [ 3995922.57224747678265, 766451.284132738481276 ], [ 3995922.57224747678265, 766488.708650087355636 ], [ 3995922.57224747678265, 766526.133167436229996 ], [ 3995922.57224747678265, 766563.557684785104357 ], [ 3995922.57224747678265, 766600.982202133978717 ], [ 3995922.57224747678265, 766638.406719482853077 ], [ 3995922.57224747678265, 766675.831236831727438 ], [ 3995922.57224747678265, 766713.255754180601798 ], [ 3995922.57224747678265, 766750.680271529476158 ], [ 3995922.57224747678265, 766788.104788878350519 ], [ 3995922.57224747678265, 766825.529306227224879 ], [ 3995922.57224747678265, 766862.953823576099239 ], [ 3995922.57224747678265, 766900.3783409249736 ], [ 3995922.57224747678265, 766937.80285827384796 ], [ 3995922.57224747678265, 766975.22737562272232 ], [ 3995922.57224747678265, 767012.651892971596681 ], [ 3995922.57224747678265, 767050.076410320471041 ], [ 3995922.57224747678265, 767087.500927669345401 ], [ 3995922.57224747678265, 767124.925445018219762 ], [ 3995922.57224747678265, 767162.349962367094122 ], [ 3995922.57224747678265, 767199.774479715968482 ], [ 3995922.57224747678265, 767237.198997064842843 ], [ 3995922.57224747678265, 767274.623514413717203 ], [ 3995922.57224747678265, 767312.048031762591563 ], [ 3995922.57224747678265, 767349.472549111465923 ], [ 3995922.57224747678265, 767386.897066460340284 ], [ 3995922.57224747678265, 767424.321583809214644 ], [ 3995922.57224747678265, 767461.746101158089004 ], [ 3995922.57224747678265, 767499.170618506963365 ], [ 3995922.57224747678265, 767536.595135855837725 ], [ 3995922.57224747678265, 767574.019653204712085 ], [ 3995885.147730127908289, 767574.019653204712085 ], [ 3995847.723212779033929, 767574.019653204712085 ], [ 3995810.298695430159569, 767574.019653204712085 ], [ 3995772.874178081285208, 767574.019653204712085 ], [ 3995772.874178081285208, 767611.444170553586446 ], [ 3995772.874178081285208, 767648.868687902460806 ], [ 3995772.874178081285208, 767686.293205251335166 ], [ 3995772.874178081285208, 767723.717722600209527 ], [ 3995772.874178081285208, 767761.142239949083887 ], [ 3995772.874178081285208, 767798.566757297958247 ], [ 3995772.874178081285208, 767835.991274646832608 ], [ 3995772.874178081285208, 767873.415791995706968 ], [ 3995772.874178081285208, 767910.840309344581328 ], [ 3995772.874178081285208, 767948.264826693455689 ], [ 3995772.874178081285208, 767985.689344042330049 ], [ 3995772.874178081285208, 768023.113861391204409 ], [ 3995772.874178081285208, 768060.53837874007877 ], [ 3995772.874178081285208, 768097.96289608895313 ], [ 3995772.874178081285208, 768135.38741343782749 ], [ 3995772.874178081285208, 768172.811930786701851 ], [ 3995772.874178081285208, 768210.236448135576211 ], [ 3995772.874178081285208, 768247.660965484450571 ], [ 3995772.874178081285208, 768285.085482833324932 ], [ 3995772.874178081285208, 768322.510000182199292 ], [ 3995772.874178081285208, 768359.934517531073652 ], [ 3995772.874178081285208, 768397.359034879948013 ], [ 3995772.874178081285208, 768434.783552228822373 ], [ 3995772.874178081285208, 768472.208069577696733 ], [ 3995772.874178081285208, 768509.632586926571093 ], [ 3995772.874178081285208, 768547.057104275445454 ], [ 3995746.411048081237823, 768573.52023427549284 ], [ 3995708.986530732363462, 768573.52023427549284 ], [ 3995671.562013383489102, 768573.52023427549284 ], [ 3995634.137496034614742, 768573.52023427549284 ], [ 3995596.712978685740381, 768573.52023427549284 ], [ 3995596.712978685740381, 768610.9447516243672 ], [ 3995596.712978685740381, 768648.36926897324156 ], [ 3995596.712978685740381, 768685.79378632211592 ], [ 3995596.712978685740381, 768723.218303670990281 ], [ 3995596.712978685740381, 768760.642821019864641 ], [ 3995596.712978685740381, 768798.067338368739001 ], [ 3995596.712978685740381, 768835.491855717613362 ], [ 3995596.712978685740381, 768872.916373066487722 ], [ 3995634.137496034614742, 768872.916373066487722 ], [ 3995671.562013383489102, 768872.916373066487722 ], [ 3995708.986530732363462, 768872.916373066487722 ], [ 3995746.411048081237823, 768872.916373066487722 ], [ 3995772.874178081285208, 768899.379503066535108 ], [ 3995772.874178081285208, 768936.804020415409468 ], [ 3995772.874178081285208, 768974.228537764283828 ], [ 3995772.874178081285208, 769011.653055113158189 ], [ 3995772.874178081285208, 769049.077572462032549 ], [ 3995772.874178081285208, 769086.502089810906909 ], [ 3995772.874178081285208, 769123.92660715978127 ], [ 3995772.874178081285208, 769161.35112450865563 ], [ 3995772.874178081285208, 769198.77564185752999 ], [ 3995746.411048081237823, 769225.238771857577376 ], [ 3995708.986530732363462, 769225.238771857577376 ], [ 3995671.562013383489102, 769225.238771857577376 ], [ 3995634.137496034614742, 769225.238771857577376 ], [ 3995596.712978685740381, 769225.238771857577376 ], [ 3995596.712978685740381, 769262.663289206451736 ], [ 3995596.712978685740381, 769300.087806555326097 ], [ 3995596.712978685740381, 769337.512323904200457 ], [ 3995596.712978685740381, 769374.936841253074817 ], [ 3995596.712978685740381, 769412.361358601949178 ], [ 3995596.712978685740381, 769449.785875950823538 ], [ 3995596.712978685740381, 769487.210393299697898 ], [ 3995596.712978685740381, 769524.634910648572259 ], [ 3995596.712978685740381, 769562.059427997446619 ], [ 3995559.288461336866021, 769562.059427997446619 ], [ 3995521.863943987991661, 769562.059427997446619 ], [ 3995484.439426639117301, 769562.059427997446619 ], [ 3995447.01490929024294, 769562.059427997446619 ], [ 3995420.551779290195554, 769588.522557997494005 ], [ 3995420.551779290195554, 769625.947075346368365 ], [ 3995420.551779290195554, 769663.371592695242725 ], [ 3995420.551779290195554, 769700.796110044117086 ], [ 3995420.551779290195554, 769738.220627392991446 ], [ 3995420.551779290195554, 769775.645144741865806 ], [ 3995420.551779290195554, 769813.069662090740167 ], [ 3995420.551779290195554, 769850.494179439614527 ], [ 3995420.551779290195554, 769887.918696788488887 ], [ 3995383.127261941321194, 769887.918696788488887 ], [ 3995345.702744592446834, 769887.918696788488887 ], [ 3995308.278227243572474, 769887.918696788488887 ], [ 3995270.853709894698113, 769887.918696788488887 ], [ 3995270.853709894698113, 769925.343214137363248 ], [ 3995270.853709894698113, 769962.767731486237608 ], [ 3995270.853709894698113, 770000.192248835111968 ], [ 3995270.853709894698113, 770037.616766183986329 ], [ 3995244.390579894650728, 770064.079896184033714 ], [ 3995206.966062545776367, 770064.079896184033714 ], [ 3995169.541545196902007, 770064.079896184033714 ], [ 3995132.117027848027647, 770064.079896184033714 ], [ 3995105.653897847980261, 770090.5430261840811 ], [ 3995105.653897847980261, 770127.96754353295546 ], [ 3995105.653897847980261, 770165.392060881829821 ], [ 3995105.653897847980261, 770202.816578230704181 ], [ 3995105.653897847980261, 770240.241095579578541 ], [ 3995105.653897847980261, 770277.665612928452902 ], [ 3995105.653897847980261, 770315.090130277327262 ], [ 3995105.653897847980261, 770352.514647626201622 ], [ 3995105.653897847980261, 770389.939164975075983 ], [ 3995068.229380499105901, 770389.939164975075983 ], [ 3995030.80486315023154, 770389.939164975075983 ], [ 3994993.38034580135718, 770389.939164975075983 ], [ 3994955.95582845248282, 770389.939164975075983 ], [ 3994918.531311103608459, 770389.939164975075983 ], [ 3994918.531311103608459, 770427.363682323950343 ], [ 3994918.531311103608459, 770464.788199672824703 ], [ 3994918.531311103608459, 770502.212717021699063 ], [ 3994918.531311103608459, 770539.637234370573424 ], [ 3994918.531311103608459, 770577.061751719447784 ], [ 3994918.531311103608459, 770614.486269068322144 ], [ 3994918.531311103608459, 770651.910786417196505 ], [ 3994918.531311103608459, 770689.335303766070865 ], [ 3994892.068181103561074, 770715.798433766118251 ], [ 3994854.643663754686713, 770715.798433766118251 ], [ 3994817.219146405812353, 770715.798433766118251 ], [ 3994779.794629056937993, 770715.798433766118251 ], [ 3994753.331499056890607, 770742.261563766165636 ], [ 3994753.331499056890607, 770779.686081115039997 ], [ 3994753.331499056890607, 770817.110598463914357 ], [ 3994753.331499056890607, 770854.535115812788717 ], [ 3994753.331499056890607, 770891.959633161663078 ], [ 3994753.331499056890607, 770929.384150510537438 ], [ 3994753.331499056890607, 770966.808667859411798 ], [ 3994753.331499056890607, 771004.233185208286159 ], [ 3994753.331499056890607, 771041.657702557160519 ], [ 3994753.331499056890607, 771079.082219906034879 ], [ 3994753.331499056890607, 771116.50673725490924 ], [ 3994753.331499056890607, 771153.9312546037836 ], [ 3994753.331499056890607, 771191.35577195265796 ], [ 3994726.868369056843221, 771217.818901952705346 ], [ 3994689.443851707968861, 771217.818901952705346 ], [ 3994652.019334359094501, 771217.818901952705346 ], [ 3994614.59481701022014, 771217.818901952705346 ], [ 3994614.59481701022014, 771255.243419301579706 ], [ 3994614.59481701022014, 771292.667936650454067 ], [ 3994614.59481701022014, 771330.092453999328427 ], [ 3994614.59481701022014, 771367.516971348202787 ], [ 3994614.59481701022014, 771404.941488697077148 ], [ 3994614.59481701022014, 771442.366006045951508 ], [ 3994614.59481701022014, 771479.790523394825868 ], [ 3994614.59481701022014, 771517.215040743700229 ], [ 3994588.131687010172755, 771543.678170743747614 ], [ 3994550.707169661298394, 771543.678170743747614 ], [ 3994513.282652312424034, 771543.678170743747614 ], [ 3994475.858134963549674, 771543.678170743747614 ], [ 3994438.433617614675313, 771543.678170743747614 ], [ 3994438.433617614675313, 771581.102688092621975 ], [ 3994438.433617614675313, 771618.527205441496335 ], [ 3994438.433617614675313, 771655.951722790370695 ], [ 3994438.433617614675313, 771693.376240139245056 ], [ 3994438.433617614675313, 771730.800757488119416 ], [ 3994438.433617614675313, 771768.225274836993776 ], [ 3994438.433617614675313, 771805.649792185868137 ], [ 3994438.433617614675313, 771843.074309534742497 ], [ 3994438.433617614675313, 771880.498826883616857 ], [ 3994438.433617614675313, 771917.923344232491218 ], [ 3994438.433617614675313, 771955.347861581365578 ], [ 3994438.433617614675313, 771992.772378930239938 ], [ 3994438.433617614675313, 772030.196896279114299 ], [ 3994411.970487614627928, 772056.660026279161684 ], [ 3994374.545970265753567, 772056.660026279161684 ], [ 3994337.121452916879207, 772056.660026279161684 ], [ 3994299.696935568004847, 772056.660026279161684 ], [ 3994299.696935568004847, 772094.084543628036045 ], [ 3994299.696935568004847, 772131.509060976910405 ], [ 3994299.696935568004847, 772168.933578325784765 ], [ 3994299.696935568004847, 772206.358095674659126 ], [ 3994262.272418219130486, 772206.358095674659126 ], [ 3994224.847900870256126, 772206.358095674659126 ], [ 3994187.423383521381766, 772206.358095674659126 ], [ 3994149.998866172507405, 772206.358095674659126 ], [ 3994112.574348823633045, 772206.358095674659126 ], [ 3994112.574348823633045, 772243.782613023533486 ], [ 3994112.574348823633045, 772281.207130372407846 ], [ 3994112.574348823633045, 772318.631647721282206 ], [ 3994112.574348823633045, 772356.056165070156567 ], [ 3994112.574348823633045, 772393.480682419030927 ], [ 3994112.574348823633045, 772430.905199767905287 ], [ 3994112.574348823633045, 772468.329717116779648 ], [ 3994112.574348823633045, 772505.754234465654008 ], [ 3994112.574348823633045, 772543.178751814528368 ], [ 3994112.574348823633045, 772580.603269163402729 ], [ 3994112.574348823633045, 772618.027786512277089 ], [ 3994112.574348823633045, 772655.452303861151449 ], [ 3994112.574348823633045, 772692.87682121002581 ], [ 3994112.574348823633045, 772730.30133855890017 ], [ 3994112.574348823633045, 772767.72585590777453 ], [ 3994112.574348823633045, 772805.150373256648891 ], [ 3994112.574348823633045, 772842.574890605523251 ], [ 3994112.574348823633045, 772879.999407954397611 ], [ 3994112.574348823633045, 772917.423925303271972 ], [ 3994112.574348823633045, 772954.848442652146332 ], [ 3994112.574348823633045, 772992.272960001020692 ], [ 3994112.574348823633045, 773029.697477349895053 ], [ 3994112.574348823633045, 773067.121994698769413 ], [ 3994112.574348823633045, 773104.546512047643773 ], [ 3994112.574348823633045, 773141.971029396518134 ], [ 3994112.574348823633045, 773179.395546745392494 ], [ 3994149.998866172507405, 773179.395546745392494 ], [ 3994187.423383521381766, 773179.395546745392494 ], [ 3994224.847900870256126, 773179.395546745392494 ], [ 3994262.272418219130486, 773179.395546745392494 ], [ 3994288.735548219177872, 773205.85867674543988 ], [ 3994288.735548219177872, 773243.28319409431424 ], [ 3994288.735548219177872, 773280.7077114431886 ], [ 3994288.735548219177872, 773318.132228792062961 ], [ 3994288.735548219177872, 773355.556746140937321 ], [ 3994288.735548219177872, 773392.981263489811681 ], [ 3994288.735548219177872, 773430.405780838686042 ], [ 3994288.735548219177872, 773467.830298187560402 ], [ 3994288.735548219177872, 773505.254815536434762 ], [ 3994288.735548219177872, 773542.679332885309123 ], [ 3994288.735548219177872, 773580.103850234183483 ], [ 3994288.735548219177872, 773617.528367583057843 ], [ 3994288.735548219177872, 773654.952884931932203 ], [ 3994288.735548219177872, 773692.377402280806564 ], [ 3994288.735548219177872, 773729.801919629680924 ], [ 3994288.735548219177872, 773767.226436978555284 ], [ 3994288.735548219177872, 773804.650954327429645 ], [ 3994288.735548219177872, 773842.075471676304005 ], [ 3994288.735548219177872, 773879.499989025178365 ], [ 3994288.735548219177872, 773916.924506374052726 ], [ 3994288.735548219177872, 773954.349023722927086 ], [ 3994288.735548219177872, 773991.773541071801446 ], [ 3994315.198678219225258, 774018.236671071848832 ], [ 3994352.623195568099618, 774018.236671071848832 ], [ 3994390.047712916973978, 774018.236671071848832 ], [ 3994427.472230265848339, 774018.236671071848832 ], [ 3994453.935360265895724, 774044.699801071896218 ], [ 3994453.935360265895724, 774082.124318420770578 ], [ 3994453.935360265895724, 774119.548835769644938 ], [ 3994453.935360265895724, 774156.973353118519299 ], [ 3994453.935360265895724, 774194.397870467393659 ], [ 3994453.935360265895724, 774231.822387816268019 ], [ 3994453.935360265895724, 774269.24690516514238 ], [ 3994453.935360265895724, 774306.67142251401674 ], [ 3994453.935360265895724, 774344.0959398628911 ], [ 3994453.935360265895724, 774381.520457211765461 ], [ 3994453.935360265895724, 774418.944974560639821 ], [ 3994453.935360265895724, 774456.369491909514181 ], [ 3994453.935360265895724, 774493.794009258388542 ], [ 3994453.935360265895724, 774531.218526607262902 ], [ 3994453.935360265895724, 774568.643043956137262 ], [ 3994453.935360265895724, 774606.067561305011623 ], [ 3994453.935360265895724, 774643.492078653885983 ], [ 3994453.935360265895724, 774680.916596002760343 ], [ 3994491.359877614770085, 774680.916596002760343 ], [ 3994528.784394963644445, 774680.916596002760343 ], [ 3994566.208912312518805, 774680.916596002760343 ], [ 3994603.633429661393166, 774680.916596002760343 ], [ 3994603.633429661393166, 774718.341113351634704 ], [ 3994603.633429661393166, 774755.765630700509064 ], [ 3994603.633429661393166, 774793.190148049383424 ], [ 3994603.633429661393166, 774830.614665398257785 ], [ 3994603.633429661393166, 774868.039182747132145 ], [ 3994603.633429661393166, 774905.463700096006505 ], [ 3994603.633429661393166, 774942.888217444880866 ], [ 3994603.633429661393166, 774980.312734793755226 ], [ 3994630.096559661440551, 775006.775864793802612 ], [ 3994667.521077010314912, 775006.775864793802612 ], [ 3994704.945594359189272, 775006.775864793802612 ], [ 3994742.370111708063632, 775006.775864793802612 ], [ 3994768.833241708111018, 775033.238994793849997 ], [ 3994768.833241708111018, 775070.663512142724358 ], [ 3994768.833241708111018, 775108.088029491598718 ], [ 3994768.833241708111018, 775145.512546840473078 ], [ 3994768.833241708111018, 775182.937064189347439 ], [ 3994768.833241708111018, 775220.361581538221799 ], [ 3994768.833241708111018, 775257.786098887096159 ], [ 3994768.833241708111018, 775295.210616235970519 ], [ 3994768.833241708111018, 775332.63513358484488 ], [ 3994768.833241708111018, 775370.05965093371924 ], [ 3994768.833241708111018, 775407.4841682825936 ], [ 3994768.833241708111018, 775444.908685631467961 ], [ 3994768.833241708111018, 775482.333202980342321 ], [ 3994768.833241708111018, 775519.757720329216681 ], [ 3994768.833241708111018, 775557.182237678091042 ], [ 3994768.833241708111018, 775594.606755026965402 ], [ 3994768.833241708111018, 775632.031272375839762 ], [ 3994768.833241708111018, 775669.455789724714123 ], [ 3994768.833241708111018, 775706.880307073588483 ], [ 3994768.833241708111018, 775744.304824422462843 ], [ 3994768.833241708111018, 775781.729341771337204 ], [ 3994768.833241708111018, 775819.153859120211564 ], [ 3994806.257759056985378, 775819.153859120211564 ], [ 3994843.682276405859739, 775819.153859120211564 ], [ 3994881.106793754734099, 775819.153859120211564 ], [ 3994918.531311103608459, 775819.153859120211564 ], [ 3994918.531311103608459, 775856.578376469085924 ], [ 3994918.531311103608459, 775894.002893817960285 ], [ 3994918.531311103608459, 775931.427411166834645 ], [ 3994918.531311103608459, 775968.851928515709005 ], [ 3994944.994441103655845, 775995.315058515756391 ], [ 3994982.418958452530205, 775995.315058515756391 ], [ 3995019.843475801404566, 775995.315058515756391 ], [ 3995057.267993150278926, 775995.315058515756391 ], [ 3995094.692510499153286, 775995.315058515756391 ], [ 3995121.155640499200672, 776021.778188515803777 ], [ 3995121.155640499200672, 776059.202705864678137 ], [ 3995121.155640499200672, 776096.627223213552497 ], [ 3995121.155640499200672, 776134.051740562426858 ], [ 3995121.155640499200672, 776171.476257911301218 ], [ 3995121.155640499200672, 776208.900775260175578 ], [ 3995121.155640499200672, 776246.325292609049939 ], [ 3995121.155640499200672, 776283.749809957924299 ], [ 3995121.155640499200672, 776321.174327306798659 ], [ 3995121.155640499200672, 776358.59884465567302 ], [ 3995121.155640499200672, 776396.02336200454738 ], [ 3995121.155640499200672, 776433.44787935342174 ], [ 3995121.155640499200672, 776470.872396702296101 ], [ 3995147.618770499248058, 776497.335526702343486 ], [ 3995185.043287848122418, 776497.335526702343486 ], [ 3995222.467805196996778, 776497.335526702343486 ], [ 3995259.892322545871139, 776497.335526702343486 ], [ 3995259.892322545871139, 776534.760044051217847 ], [ 3995259.892322545871139, 776572.184561400092207 ], [ 3995259.892322545871139, 776609.609078748966567 ], [ 3995259.892322545871139, 776647.033596097840928 ], [ 3995297.316839894745499, 776647.033596097840928 ], [ 3995334.741357243619859, 776647.033596097840928 ], [ 3995372.16587459249422, 776647.033596097840928 ], [ 3995409.59039194136858, 776647.033596097840928 ], [ 3995436.053521941415966, 776673.496726097888313 ], [ 3995436.053521941415966, 776710.921243446762674 ], [ 3995436.053521941415966, 776748.345760795637034 ], [ 3995436.053521941415966, 776785.770278144511394 ], [ 3995436.053521941415966, 776823.194795493385755 ], [ 3995436.053521941415966, 776860.619312842260115 ], [ 3995436.053521941415966, 776898.043830191134475 ], [ 3995436.053521941415966, 776935.468347540008835 ], [ 3995436.053521941415966, 776972.892864888883196 ], [ 3995473.478039290290326, 776972.892864888883196 ], [ 3995510.902556639164686, 776972.892864888883196 ], [ 3995548.327073988039047, 776972.892864888883196 ], [ 3995574.790203988086432, 776999.355994888930582 ], [ 3995574.790203988086432, 777036.780512237804942 ], [ 3995574.790203988086432, 777074.205029586679302 ], [ 3995574.790203988086432, 777111.629546935553662 ], [ 3995574.790203988086432, 777149.054064284428023 ], [ 3995574.790203988086432, 777186.478581633302383 ], [ 3995574.790203988086432, 777223.903098982176743 ], [ 3995574.790203988086432, 777261.327616331051104 ], [ 3995574.790203988086432, 777298.752133679925464 ], [ 3995574.790203988086432, 777336.176651028799824 ], [ 3995574.790203988086432, 777373.601168377674185 ], [ 3995574.790203988086432, 777411.025685726548545 ], [ 3995574.790203988086432, 777448.450203075422905 ], [ 3995574.790203988086432, 777485.874720424297266 ], [ 3995574.790203988086432, 777523.299237773171626 ], [ 3995574.790203988086432, 777560.723755122045986 ], [ 3995574.790203988086432, 777598.148272470920347 ], [ 3995574.790203988086432, 777635.572789819794707 ], [ 3995574.790203988086432, 777672.997307168669067 ], [ 3995574.790203988086432, 777710.421824517543428 ], [ 3995574.790203988086432, 777747.846341866417788 ], [ 3995574.790203988086432, 777785.270859215292148 ], [ 3995574.790203988086432, 777822.695376564166509 ], [ 3995574.790203988086432, 777860.119893913040869 ], [ 3995574.790203988086432, 777897.544411261915229 ], [ 3995574.790203988086432, 777934.96892861078959 ], [ 3995574.790203988086432, 777972.39344595966395 ], [ 3995612.214721336960793, 777972.39344595966395 ], [ 3995649.639238685835153, 777972.39344595966395 ], [ 3995687.063756034709513, 777972.39344595966395 ], [ 3995724.488273383583874, 777972.39344595966395 ], [ 3995761.912790732458234, 777972.39344595966395 ], [ 3995761.912790732458234, 778009.81796330853831 ], [ 3995761.912790732458234, 778047.242480657412671 ], [ 3995761.912790732458234, 778084.666998006287031 ], [ 3995761.912790732458234, 778122.091515355161391 ], [ 3995761.912790732458234, 778159.516032704035752 ], [ 3995724.488273383583874, 778159.516032704035752 ], [ 3995687.063756034709513, 778159.516032704035752 ], [ 3995649.639238685835153, 778159.516032704035752 ], [ 3995612.214721336960793, 778159.516032704035752 ], [ 3995574.790203988086432, 778159.516032704035752 ], [ 3995574.790203988086432, 778196.940550052910112 ], [ 3995574.790203988086432, 778234.365067401784472 ], [ 3995574.790203988086432, 778271.789584750658832 ], [ 3995574.790203988086432, 778309.214102099533193 ], [ 3995574.790203988086432, 778346.638619448407553 ], [ 3995574.790203988086432, 778384.063136797281913 ], [ 3995574.790203988086432, 778421.487654146156274 ], [ 3995574.790203988086432, 778458.912171495030634 ], [ 3995574.790203988086432, 778496.336688843904994 ], [ 3995574.790203988086432, 778533.761206192779355 ], [ 3995574.790203988086432, 778571.185723541653715 ], [ 3995574.790203988086432, 778608.610240890528075 ], [ 3995574.790203988086432, 778646.034758239402436 ], [ 3995574.790203988086432, 778683.459275588276796 ], [ 3995574.790203988086432, 778720.883792937151156 ], [ 3995574.790203988086432, 778758.308310286025517 ], [ 3995574.790203988086432, 778795.732827634899877 ], [ 3995612.214721336960793, 778795.732827634899877 ], [ 3995649.639238685835153, 778795.732827634899877 ], [ 3995687.063756034709513, 778795.732827634899877 ], [ 3995724.488273383583874, 778795.732827634899877 ], [ 3995761.912790732458234, 778795.732827634899877 ], [ 3995761.912790732458234, 778833.157344983774237 ], [ 3995761.912790732458234, 778870.581862332648598 ], [ 3995761.912790732458234, 778908.006379681522958 ], [ 3995761.912790732458234, 778945.430897030397318 ], [ 3995761.912790732458234, 778982.855414379271679 ], [ 3995724.488273383583874, 778982.855414379271679 ], [ 3995687.063756034709513, 778982.855414379271679 ], [ 3995649.639238685835153, 778982.855414379271679 ], [ 3995612.214721336960793, 778982.855414379271679 ], [ 3995574.790203988086432, 778982.855414379271679 ], [ 3995574.790203988086432, 779020.279931728146039 ], [ 3995574.790203988086432, 779057.704449077020399 ], [ 3995574.790203988086432, 779095.12896642589476 ], [ 3995574.790203988086432, 779132.55348377476912 ], [ 3995574.790203988086432, 779169.97800112364348 ], [ 3995574.790203988086432, 779207.402518472517841 ], [ 3995574.790203988086432, 779244.827035821392201 ], [ 3995574.790203988086432, 779282.251553170266561 ], [ 3995574.790203988086432, 779319.676070519140922 ], [ 3995574.790203988086432, 779357.100587868015282 ], [ 3995574.790203988086432, 779394.525105216889642 ], [ 3995574.790203988086432, 779431.949622565764003 ], [ 3995574.790203988086432, 779469.374139914638363 ], [ 3995548.327073988039047, 779495.837269914685749 ], [ 3995510.902556639164686, 779495.837269914685749 ], [ 3995473.478039290290326, 779495.837269914685749 ], [ 3995436.053521941415966, 779495.837269914685749 ], [ 3995436.053521941415966, 779533.261787263560109 ], [ 3995436.053521941415966, 779570.686304612434469 ], [ 3995436.053521941415966, 779608.110821961308829 ], [ 3995436.053521941415966, 779645.53533931018319 ], [ 3995436.053521941415966, 779682.95985665905755 ], [ 3995436.053521941415966, 779720.38437400793191 ], [ 3995436.053521941415966, 779757.808891356806271 ], [ 3995436.053521941415966, 779795.233408705680631 ], [ 3995409.59039194136858, 779821.696538705728017 ], [ 3995372.16587459249422, 779821.696538705728017 ], [ 3995334.741357243619859, 779821.696538705728017 ], [ 3995297.316839894745499, 779821.696538705728017 ], [ 3995259.892322545871139, 779821.696538705728017 ], [ 3995259.892322545871139, 779859.121056054602377 ], [ 3995259.892322545871139, 779896.545573403476737 ], [ 3995259.892322545871139, 779933.970090752351098 ], [ 3995259.892322545871139, 779971.394608101225458 ], [ 3995259.892322545871139, 780008.819125450099818 ], [ 3995259.892322545871139, 780046.243642798974179 ], [ 3995259.892322545871139, 780083.668160147848539 ], [ 3995259.892322545871139, 780121.092677496722899 ], [ 3995233.429192545823753, 780147.555807496770285 ], [ 3995196.004675196949393, 780147.555807496770285 ], [ 3995158.580157848075032, 780147.555807496770285 ], [ 3995121.155640499200672, 780147.555807496770285 ], [ 3995121.155640499200672, 780184.980324845644645 ], [ 3995121.155640499200672, 780222.404842194519006 ], [ 3995121.155640499200672, 780259.829359543393366 ], [ 3995121.155640499200672, 780297.253876892267726 ], [ 3995094.692510499153286, 780323.717006892315112 ], [ 3995057.267993150278926, 780323.717006892315112 ], [ 3995019.843475801404566, 780323.717006892315112 ], [ 3994982.418958452530205, 780323.717006892315112 ], [ 3994944.994441103655845, 780323.717006892315112 ], [ 3994907.569923754781485, 780323.717006892315112 ], [ 3994870.145406405907124, 780323.717006892315112 ], [ 3994832.720889057032764, 780323.717006892315112 ], [ 3994795.296371708158404, 780323.717006892315112 ], [ 3994757.871854359284043, 780323.717006892315112 ], [ 3994720.447337010409683, 780323.717006892315112 ], [ 3994683.022819661535323, 780323.717006892315112 ], [ 3994645.598302312660962, 780323.717006892315112 ], [ 3994608.173784963786602, 780323.717006892315112 ], [ 3994570.749267614912242, 780323.717006892315112 ], [ 3994533.324750266037881, 780323.717006892315112 ], [ 3994495.900232917163521, 780323.717006892315112 ], [ 3994458.475715568289161, 780323.717006892315112 ], [ 3994458.475715568289161, 780361.141524241189472 ], [ 3994458.475715568289161, 780398.566041590063833 ], [ 3994458.475715568289161, 780435.990558938938193 ], [ 3994458.475715568289161, 780473.415076287812553 ], [ 3994421.0511982194148, 780473.415076287812553 ], [ 3994383.62668087054044, 780473.415076287812553 ], [ 3994346.20216352166608, 780473.415076287812553 ], [ 3994308.777646172791719, 780473.415076287812553 ], [ 3994271.353128823917359, 780473.415076287812553 ], [ 3994233.928611475042999, 780473.415076287812553 ], [ 3994196.504094126168638, 780473.415076287812553 ], [ 3994159.079576777294278, 780473.415076287812553 ], [ 3994121.655059428419918, 780473.415076287812553 ], [ 3994095.191929428372532, 780499.878206287859939 ], [ 3994095.191929428372532, 780537.302723636734299 ], [ 3994095.191929428372532, 780574.72724098560866 ], [ 3994095.191929428372532, 780612.15175833448302 ], [ 3994095.191929428372532, 780649.57627568335738 ], [ 3994095.191929428372532, 780687.000793032231741 ], [ 3994095.191929428372532, 780724.425310381106101 ], [ 3994095.191929428372532, 780761.849827729980461 ], [ 3994095.191929428372532, 780799.274345078854822 ], [ 3994095.191929428372532, 780836.698862427729182 ], [ 3994095.191929428372532, 780874.123379776603542 ], [ 3994095.191929428372532, 780911.547897125477903 ], [ 3994095.191929428372532, 780948.972414474352263 ], [ 3994095.191929428372532, 780986.396931823226623 ], [ 3994095.191929428372532, 781023.821449172100984 ], [ 3994095.191929428372532, 781061.245966520975344 ], [ 3994095.191929428372532, 781098.670483869849704 ], [ 3994095.191929428372532, 781136.095001218724065 ], [ 3994095.191929428372532, 781173.519518567598425 ], [ 3994095.191929428372532, 781210.944035916472785 ], [ 3994095.191929428372532, 781248.368553265347145 ], [ 3994095.191929428372532, 781285.793070614221506 ], [ 3994068.728799428325146, 781312.256200614268892 ], [ 3994031.304282079450786, 781312.256200614268892 ], [ 3993993.879764730576426, 781312.256200614268892 ], [ 3993956.455247381702065, 781312.256200614268892 ], [ 3993956.455247381702065, 781349.680717963143252 ], [ 3993956.455247381702065, 781387.105235312017612 ], [ 3993956.455247381702065, 781424.529752660891972 ], [ 3993956.455247381702065, 781461.954270009766333 ], [ 3993956.455247381702065, 781499.378787358640693 ], [ 3993956.455247381702065, 781536.803304707515053 ], [ 3993956.455247381702065, 781574.227822056389414 ], [ 3993956.455247381702065, 781611.652339405263774 ], [ 3993956.455247381702065, 781649.076856754138134 ], [ 3993956.455247381702065, 781686.501374103012495 ], [ 3993956.455247381702065, 781723.925891451886855 ], [ 3993956.455247381702065, 781761.350408800761215 ], [ 3993956.455247381702065, 781798.774926149635576 ], [ 3993919.030730032827705, 781798.774926149635576 ], [ 3993881.606212683953345, 781798.774926149635576 ], [ 3993844.181695335078984, 781798.774926149635576 ], [ 3993806.757177986204624, 781798.774926149635576 ], [ 3993780.294047986157238, 781825.238056149682961 ], [ 3993780.294047986157238, 781862.662573498557322 ], [ 3993780.294047986157238, 781900.087090847431682 ], [ 3993780.294047986157238, 781937.511608196306042 ], [ 3993780.294047986157238, 781974.936125545180403 ], [ 3993780.294047986157238, 782012.360642894054763 ], [ 3993780.294047986157238, 782049.785160242929123 ], [ 3993780.294047986157238, 782087.209677591803484 ], [ 3993780.294047986157238, 782124.634194940677844 ], [ 3993780.294047986157238, 782162.058712289552204 ], [ 3993780.294047986157238, 782199.483229638426565 ], [ 3993780.294047986157238, 782236.907746987300925 ], [ 3993780.294047986157238, 782274.332264336175285 ], [ 3993753.830917986109853, 782300.795394336222671 ], [ 3993716.406400637235492, 782300.795394336222671 ], [ 3993678.981883288361132, 782300.795394336222671 ], [ 3993641.557365939486772, 782300.795394336222671 ], [ 3993615.094235939439386, 782327.258524336270057 ], [ 3993615.094235939439386, 782364.683041685144417 ], [ 3993615.094235939439386, 782402.107559034018777 ], [ 3993615.094235939439386, 782439.532076382893138 ], [ 3993615.094235939439386, 782476.956593731767498 ], [ 3993615.094235939439386, 782514.381111080641858 ], [ 3993615.094235939439386, 782551.805628429516219 ], [ 3993615.094235939439386, 782589.230145778390579 ], [ 3993615.094235939439386, 782626.654663127264939 ], [ 3993577.669718590565026, 782626.654663127264939 ], [ 3993540.245201241690665, 782626.654663127264939 ], [ 3993502.820683892816305, 782626.654663127264939 ], [ 3993465.396166543941945, 782626.654663127264939 ], [ 3993465.396166543941945, 782664.0791804761393 ], [ 3993465.396166543941945, 782701.50369782501366 ], [ 3993465.396166543941945, 782738.92821517388802 ], [ 3993465.396166543941945, 782776.352732522762381 ], [ 3993465.396166543941945, 782813.777249871636741 ], [ 3993465.396166543941945, 782851.201767220511101 ], [ 3993465.396166543941945, 782888.626284569385462 ], [ 3993465.396166543941945, 782926.050801918259822 ], [ 3993465.396166543941945, 782963.475319267134182 ], [ 3993465.396166543941945, 783000.899836616008542 ], [ 3993465.396166543941945, 783038.324353964882903 ], [ 3993465.396166543941945, 783075.748871313757263 ], [ 3993465.396166543941945, 783113.173388662631623 ], [ 3993438.933036543894559, 783139.636518662679009 ], [ 3993401.508519195020199, 783139.636518662679009 ], [ 3993364.084001846145838, 783139.636518662679009 ], [ 3993326.659484497271478, 783139.636518662679009 ], [ 3993289.234967148397118, 783139.636518662679009 ], [ 3993289.234967148397118, 783177.061036011553369 ], [ 3993289.234967148397118, 783214.48555336042773 ], [ 3993289.234967148397118, 783251.91007070930209 ], [ 3993289.234967148397118, 783289.33458805817645 ], [ 3993289.234967148397118, 783326.759105407050811 ], [ 3993289.234967148397118, 783364.183622755925171 ], [ 3993289.234967148397118, 783401.608140104799531 ], [ 3993289.234967148397118, 783439.032657453673892 ], [ 3993262.771837148349732, 783465.495787453721277 ], [ 3993225.347319799475372, 783465.495787453721277 ], [ 3993187.922802450601012, 783465.495787453721277 ], [ 3993150.498285101726651, 783465.495787453721277 ], [ 3993113.073767752852291, 783465.495787453721277 ], [ 3993113.073767752852291, 783502.920304802595638 ], [ 3993113.586801710072905, 783517.795602977392264 ], [ 3993113.586801710072905, 783555.220120326266624 ], [ 3993113.586801710072905, 783592.644637675140984 ], [ 3993113.586801710072905, 783630.069155024015345 ], [ 3993113.586801710072905, 783667.493672372889705 ], [ 3993113.586801710072905, 783704.918189721764065 ], [ 3993113.586801710072905, 783742.342707070638426 ], [ 3993113.586801710072905, 783779.767224419512786 ], [ 3993076.162284361198545, 783779.767224419512786 ], [ 3993038.737767012324184, 783779.767224419512786 ], [ 3993001.313249663449824, 783779.767224419512786 ], [ 3992963.888732314575464, 783779.767224419512786 ], [ 3992963.888732314575464, 783817.191741768387146 ], [ 3992963.888732314575464, 783854.616259117261507 ], [ 3992963.888732314575464, 783892.040776466135867 ], [ 3992963.888732314575464, 783929.465293815010227 ], [ 3992963.888732314575464, 783966.889811163884588 ], [ 3992963.888732314575464, 784004.314328512758948 ], [ 3992963.888732314575464, 784041.738845861633308 ], [ 3992963.888732314575464, 784079.163363210507669 ], [ 3992963.888732314575464, 784116.587880559382029 ], [ 3992926.464214965701103, 784116.587880559382029 ], [ 3992889.039697616826743, 784116.587880559382029 ], [ 3992851.615180267952383, 784116.587880559382029 ], [ 3992814.190662919078022, 784116.587880559382029 ], [ 3992814.190662919078022, 784154.012397908256389 ], [ 3992814.190662919078022, 784191.43691525713075 ], [ 3992814.190662919078022, 784228.86143260600511 ], [ 3992814.190662919078022, 784266.28594995487947 ], [ 3992814.190662919078022, 784303.71046730375383 ], [ 3992814.190662919078022, 784341.134984652628191 ], [ 3992814.190662919078022, 784378.559502001502551 ], [ 3992814.190662919078022, 784415.984019350376911 ], [ 3992787.727532919030637, 784442.447149350424297 ], [ 3992750.303015570156276, 784442.447149350424297 ], [ 3992712.878498221281916, 784442.447149350424297 ], [ 3992675.453980872407556, 784442.447149350424297 ], [ 3992638.029463523533195, 784442.447149350424297 ], [ 3992611.56633352348581, 784468.910279350471683 ], [ 3992611.56633352348581, 784506.334796699346043 ], [ 3992611.56633352348581, 784543.759314048220403 ], [ 3992611.56633352348581, 784581.183831397094764 ], [ 3992611.56633352348581, 784618.608348745969124 ], [ 3992611.56633352348581, 784656.032866094843484 ], [ 3992611.56633352348581, 784693.457383443717845 ], [ 3992611.56633352348581, 784730.881900792592205 ], [ 3992611.56633352348581, 784768.306418141466565 ], [ 3992585.103203523438424, 784794.769548141513951 ], [ 3992547.678686174564064, 784794.769548141513951 ], [ 3992510.254168825689703, 784794.769548141513951 ], [ 3992472.829651476815343, 784794.769548141513951 ], [ 3992472.829651476815343, 784832.194065490388311 ], [ 3992472.829651476815343, 784869.618582839262672 ], [ 3992472.829651476815343, 784907.043100188137032 ], [ 3992472.829651476815343, 784944.467617537011392 ], [ 3992472.829651476815343, 784981.892134885885753 ], [ 3992472.829651476815343, 785019.316652234760113 ], [ 3992472.829651476815343, 785056.741169583634473 ], [ 3992472.829651476815343, 785094.165686932508834 ], [ 3992446.366521476767957, 785120.628816932556219 ], [ 3992408.942004127893597, 785120.628816932556219 ], [ 3992371.517486779019237, 785120.628816932556219 ], [ 3992334.092969430144876, 785120.628816932556219 ], [ 3992296.668452081270516, 785120.628816932556219 ], [ 3992296.668452081270516, 785158.05333428143058 ], [ 3992296.668452081270516, 785195.47785163030494 ], [ 3992296.668452081270516, 785232.9023689791793 ], [ 3992296.668452081270516, 785270.326886328053661 ], [ 3992296.668452081270516, 785307.751403676928021 ], [ 3992296.668452081270516, 785345.175921025802381 ], [ 3992296.668452081270516, 785382.600438374676742 ], [ 3992296.668452081270516, 785420.024955723551102 ], [ 3992270.20532208122313, 785446.488085723598488 ], [ 3992232.78080473234877, 785446.488085723598488 ], [ 3992195.35628738347441, 785446.488085723598488 ], [ 3992157.931770034600049, 785446.488085723598488 ], [ 3992157.931770034600049, 785483.912603072472848 ], [ 3992157.931770034600049, 785521.337120421347208 ], [ 3992157.931770034600049, 785558.761637770221569 ], [ 3992157.931770034600049, 785596.186155119095929 ], [ 3992157.931770034600049, 785633.610672467970289 ], [ 3992157.931770034600049, 785671.03518981684465 ], [ 3992157.931770034600049, 785708.45970716571901 ], [ 3992157.931770034600049, 785745.88422451459337 ], [ 3992157.931770034600049, 785783.308741863467731 ], [ 3992157.931770034600049, 785820.733259212342091 ], [ 3992157.931770034600049, 785858.157776561216451 ], [ 3992157.931770034600049, 785895.582293910090812 ], [ 3992184.394900034647435, 785922.045423910138197 ], [ 3992221.819417383521795, 785922.045423910138197 ], [ 3992259.243934732396156, 785922.045423910138197 ], [ 3992296.668452081270516, 785922.045423910138197 ], [ 3992296.668452081270516, 785959.469941259012558 ], [ 3992296.668452081270516, 785996.894458607886918 ], [ 3992296.668452081270516, 786034.318975956761278 ], [ 3992296.668452081270516, 786071.743493305635639 ], [ 3992296.668452081270516, 786109.168010654509999 ], [ 3992296.668452081270516, 786146.592528003384359 ], [ 3992296.668452081270516, 786184.01704535225872 ], [ 3992296.668452081270516, 786221.44156270113308 ], [ 3992323.131582081317902, 786247.904692701180466 ], [ 3992360.556099430192262, 786247.904692701180466 ], [ 3992397.980616779066622, 786247.904692701180466 ], [ 3992435.405134127940983, 786247.904692701180466 ], [ 3992461.868264127988368, 786274.367822701227851 ], [ 3992461.868264127988368, 786311.792340050102212 ], [ 3992461.868264127988368, 786349.216857398976572 ], [ 3992461.868264127988368, 786386.641374747850932 ], [ 3992461.868264127988368, 786424.065892096725293 ], [ 3992461.868264127988368, 786461.490409445599653 ], [ 3992461.868264127988368, 786498.914926794474013 ], [ 3992461.868264127988368, 786536.339444143348373 ], [ 3992461.868264127988368, 786573.763961492222734 ], [ 3992499.292781476862729, 786573.763961492222734 ], [ 3992536.717298825737089, 786573.763961492222734 ], [ 3992574.141816174611449, 786573.763961492222734 ], [ 3992611.56633352348581, 786573.763961492222734 ], [ 3992611.56633352348581, 786611.188478841097094 ], [ 3992611.56633352348581, 786648.612996189971454 ], [ 3992611.56633352348581, 786686.037513538845815 ], [ 3992611.56633352348581, 786723.462030887720175 ], [ 3992611.56633352348581, 786760.886548236594535 ], [ 3992611.56633352348581, 786798.311065585468896 ], [ 3992611.56633352348581, 786835.735582934343256 ], [ 3992611.56633352348581, 786873.160100283217616 ], [ 3992611.56633352348581, 786910.584617632091977 ], [ 3992648.99085087236017, 786910.584617632091977 ], [ 3992686.41536822123453, 786910.584617632091977 ], [ 3992723.839885570108891, 786910.584617632091977 ], [ 3992761.264402918983251, 786910.584617632091977 ], [ 3992798.688920267857611, 786910.584617632091977 ], [ 3992798.688920267857611, 786948.009134980966337 ], [ 3992798.688920267857611, 786985.433652329840697 ], [ 3992798.688920267857611, 787022.858169678715058 ], [ 3992798.688920267857611, 787060.282687027589418 ], [ 3992798.688920267857611, 787097.707204376463778 ], [ 3992798.688920267857611, 787135.131721725338139 ], [ 3992798.688920267857611, 787172.556239074212499 ], [ 3992798.688920267857611, 787209.980756423086859 ], [ 3992798.688920267857611, 787247.40527377196122 ], [ 3992836.113437616731972, 787247.40527377196122 ], [ 3992873.537954965606332, 787247.40527377196122 ], [ 3992910.962472314480692, 787247.40527377196122 ], [ 3992948.386989663355052, 787247.40527377196122 ], [ 3992974.850119663402438, 787273.868403772008605 ], [ 3992974.850119663402438, 787311.292921120882966 ], [ 3992974.850119663402438, 787348.717438469757326 ], [ 3992974.850119663402438, 787386.141955818631686 ], [ 3992974.850119663402438, 787423.566473167506047 ], [ 3992974.850119663402438, 787460.990990516380407 ], [ 3992974.850119663402438, 787498.415507865254767 ], [ 3992974.850119663402438, 787535.840025214129128 ], [ 3992974.850119663402438, 787573.264542563003488 ], [ 3993012.274637012276798, 787573.264542563003488 ], [ 3993049.699154361151159, 787573.264542563003488 ], [ 3993087.123671710025519, 787573.264542563003488 ], [ 3993113.586801710072905, 787599.727672563050874 ], [ 3993113.586801710072905, 787637.152189911925234 ], [ 3993113.586801710072905, 787674.576707260799594 ], [ 3993113.586801710072905, 787712.001224609673955 ], [ 3993113.586801710072905, 787749.425741958548315 ], [ 3993113.586801710072905, 787786.850259307422675 ], [ 3993113.586801710072905, 787824.274776656297036 ], [ 3993113.586801710072905, 787861.699294005171396 ], [ 3993113.586801710072905, 787899.123811354045756 ], [ 3993151.011319058947265, 787899.123811354045756 ], [ 3993188.435836407821625, 787899.123811354045756 ], [ 3993225.860353756695986, 787899.123811354045756 ], [ 3993263.284871105570346, 787899.123811354045756 ], [ 3993289.748001105617732, 787925.586941354093142 ], [ 3993289.748001105617732, 787963.011458702967502 ], [ 3993289.748001105617732, 788000.435976051841862 ], [ 3993289.748001105617732, 788037.860493400716223 ], [ 3993289.748001105617732, 788075.285010749590583 ], [ 3993289.748001105617732, 788112.709528098464943 ], [ 3993289.748001105617732, 788150.134045447339304 ], [ 3993289.748001105617732, 788187.558562796213664 ], [ 3993289.748001105617732, 788224.983080145088024 ], [ 3993289.748001105617732, 788262.407597493962385 ], [ 3993289.748001105617732, 788299.832114842836745 ], [ 3993289.748001105617732, 788337.256632191711105 ], [ 3993289.748001105617732, 788374.681149540585466 ], [ 3993316.211131105665118, 788401.144279540632851 ], [ 3993353.635648454539478, 788401.144279540632851 ], [ 3993391.060165803413838, 788401.144279540632851 ], [ 3993428.484683152288198, 788401.144279540632851 ], [ 3993465.909200501162559, 788401.144279540632851 ], [ 3993465.909200501162559, 788438.568796889507212 ], [ 3993465.909200501162559, 788475.993314238381572 ], [ 3993465.909200501162559, 788513.417831587255932 ], [ 3993465.909200501162559, 788550.842348936130293 ], [ 3993465.909200501162559, 788588.266866285004653 ], [ 3993465.909200501162559, 788625.691383633879013 ], [ 3993465.909200501162559, 788663.115900982753374 ], [ 3993465.909200501162559, 788700.540418331627734 ], [ 3993465.909200501162559, 788737.964935680502094 ], [ 3993503.333717850036919, 788737.964935680502094 ], [ 3993540.758235198911279, 788737.964935680502094 ], [ 3993578.18275254778564, 788737.964935680502094 ], [ 3993615.60726989666, 788737.964935680502094 ], [ 3993615.60726989666, 788775.389453029376455 ], [ 3993615.60726989666, 788812.813970378250815 ], [ 3993615.60726989666, 788850.238487727125175 ], [ 3993615.60726989666, 788887.663005075999536 ], [ 3993615.60726989666, 788925.087522424873896 ], [ 3993615.60726989666, 788962.512039773748256 ], [ 3993615.60726989666, 788999.936557122622617 ], [ 3993615.60726989666, 789037.361074471496977 ], [ 3993615.60726989666, 789074.785591820371337 ], [ 3993578.18275254778564, 789074.785591820371337 ], [ 3993540.758235198911279, 789074.785591820371337 ], [ 3993503.333717850036919, 789074.785591820371337 ], [ 3993465.909200501162559, 789074.785591820371337 ], [ 3993465.909200501162559, 789112.210109169245698 ], [ 3993465.909200501162559, 789149.634626518120058 ], [ 3993465.909200501162559, 789187.059143866994418 ], [ 3993465.909200501162559, 789224.483661215868779 ], [ 3993439.446070501115173, 789250.946791215916164 ], [ 3993402.021553152240813, 789250.946791215916164 ], [ 3993364.597035803366452, 789250.946791215916164 ], [ 3993327.172518454492092, 789250.946791215916164 ], [ 3993289.748001105617732, 789250.946791215916164 ], [ 3993252.323483756743371, 789250.946791215916164 ], [ 3993214.898966407869011, 789250.946791215916164 ], [ 3993177.474449058994651, 789250.946791215916164 ], [ 3993140.049931710120291, 789250.946791215916164 ], [ 3993102.62541436124593, 789250.946791215916164 ], [ 3993065.20089701237157, 789250.946791215916164 ], [ 3993027.77637966349721, 789250.946791215916164 ], [ 3992990.351862314622849, 789250.946791215916164 ], [ 3992963.888732314575464, 789277.40992121596355 ], [ 3992963.888732314575464, 789314.83443856483791 ], [ 3992963.888732314575464, 789352.258955913712271 ], [ 3992963.888732314575464, 789389.683473262586631 ], [ 3992937.425602314528078, 789416.146603262634017 ], [ 3992900.001084965653718, 789416.146603262634017 ], [ 3992862.576567616779357, 789416.146603262634017 ], [ 3992825.152050267904997, 789416.146603262634017 ], [ 3992787.727532919030637, 789416.146603262634017 ], [ 3992750.303015570156276, 789416.146603262634017 ], [ 3992712.878498221281916, 789416.146603262634017 ], [ 3992675.453980872407556, 789416.146603262634017 ], [ 3992638.029463523533195, 789416.146603262634017 ], [ 3992611.56633352348581, 789442.609733262681402 ], [ 3992611.56633352348581, 789480.034250611555763 ], [ 3992611.56633352348581, 789517.458767960430123 ], [ 3992611.56633352348581, 789554.883285309304483 ], [ 3992585.103203523438424, 789581.346415309351869 ], [ 3992547.678686174564064, 789581.346415309351869 ], [ 3992510.254168825689703, 789581.346415309351869 ], [ 3992472.829651476815343, 789581.346415309351869 ], [ 3992435.405134127940983, 789581.346415309351869 ], [ 3992397.980616779066622, 789581.346415309351869 ], [ 3992360.556099430192262, 789581.346415309351869 ], [ 3992323.131582081317902, 789581.346415309351869 ], [ 3992285.707064732443541, 789581.346415309351869 ], [ 3992248.282547383569181, 789581.346415309351869 ], [ 3992210.858030034694821, 789581.346415309351869 ], [ 3992173.43351268582046, 789581.346415309351869 ], [ 3992136.0089953369461, 789581.346415309351869 ], [ 3992136.0089953369461, 789618.770932658226229 ], [ 3992136.0089953369461, 789656.19545000710059 ], [ 3992136.0089953369461, 789693.61996735597495 ], [ 3992136.0089953369461, 789731.04448470484931 ], [ 3992109.545865336898714, 789757.507614704896696 ], [ 3992072.121347988024354, 789757.507614704896696 ], [ 3992034.696830639149994, 789757.507614704896696 ], [ 3991997.272313290275633, 789757.507614704896696 ], [ 3991959.847795941401273, 789757.507614704896696 ], [ 3991922.423278592526913, 789757.507614704896696 ], [ 3991884.998761243652552, 789757.507614704896696 ], [ 3991847.574243894778192, 789757.507614704896696 ], [ 3991810.149726545903832, 789757.507614704896696 ], [ 3991772.725209197029471, 789757.507614704896696 ], [ 3991735.300691848155111, 789757.507614704896696 ], [ 3991697.876174499280751, 789757.507614704896696 ], [ 3991660.45165715040639, 789757.507614704896696 ], [ 3991623.02713980153203, 789757.507614704896696 ], [ 3991623.02713980153203, 789720.083097356022336 ], [ 3991623.02713980153203, 789682.658580007147975 ], [ 3991623.02713980153203, 789645.234062658273615 ], [ 3991623.02713980153203, 789607.809545309399255 ], [ 3991623.02713980153203, 789570.385027960524894 ], [ 3991623.02713980153203, 789532.960510611650534 ], [ 3991623.02713980153203, 789495.535993262776174 ], [ 3991623.02713980153203, 789458.111475913901813 ], [ 3991623.02713980153203, 789420.686958565027453 ], [ 3991623.02713980153203, 789383.262441216153093 ], [ 3991623.02713980153203, 789345.837923867278732 ], [ 3991623.02713980153203, 789308.413406518404372 ], [ 3991623.02713980153203, 789270.988889169530012 ], [ 3991596.564009801484644, 789244.525759169482626 ], [ 3991559.139492452610284, 789244.525759169482626 ], [ 3991521.714975103735924, 789244.525759169482626 ], [ 3991484.290457754861563, 789244.525759169482626 ], [ 3991457.827327754814178, 789218.06262916943524 ], [ 3991457.827327754814178, 789180.63811182056088 ], [ 3991457.827327754814178, 789143.21359447168652 ], [ 3991457.827327754814178, 789105.789077122812159 ], [ 3991431.364197754766792, 789079.325947122764774 ], [ 3991393.939680405892432, 789079.325947122764774 ], [ 3991356.515163057018071, 789079.325947122764774 ], [ 3991319.090645708143711, 789079.325947122764774 ], [ 3991292.627515708096325, 789052.862817122717388 ], [ 3991292.627515708096325, 789015.438299773843028 ], [ 3991292.627515708096325, 788978.013782424968667 ], [ 3991292.627515708096325, 788940.589265076094307 ], [ 3991266.16438570804894, 788914.126135076046921 ], [ 3991228.739868359174579, 788914.126135076046921 ], [ 3991191.315351010300219, 788914.126135076046921 ], [ 3991153.890833661425859, 788914.126135076046921 ], [ 3991153.890833661425859, 788876.701617727172561 ], [ 3991153.890833661425859, 788839.277100378298201 ], [ 3991153.890833661425859, 788801.85258302942384 ], [ 3991153.890833661425859, 788764.42806568054948 ], [ 3991116.466316312551498, 788764.42806568054948 ], [ 3991079.041798963677138, 788764.42806568054948 ], [ 3991041.617281614802778, 788764.42806568054948 ], [ 3991004.192764265928417, 788764.42806568054948 ], [ 3990966.768246917054057, 788764.42806568054948 ], [ 3990966.768246917054057, 788727.00354833167512 ], [ 3990966.768246917054057, 788689.579030982800759 ], [ 3990966.768246917054057, 788652.154513633926399 ], [ 3990966.768246917054057, 788614.729996285052039 ], [ 3990966.768246917054057, 788577.305478936177678 ], [ 3990966.768246917054057, 788539.880961587303318 ], [ 3990966.768246917054057, 788502.456444238428958 ], [ 3990966.768246917054057, 788465.031926889554597 ], [ 3990966.768246917054057, 788427.607409540680237 ], [ 3990929.343729568179697, 788427.607409540680237 ], [ 3990891.919212219305336, 788427.607409540680237 ], [ 3990854.494694870430976, 788427.607409540680237 ], [ 3990817.070177521556616, 788427.607409540680237 ], [ 3990790.60704752150923, 788401.144279540632851 ], [ 3990790.60704752150923, 788363.719762191758491 ], [ 3990790.60704752150923, 788326.295244842884131 ], [ 3990790.60704752150923, 788288.87072749400977 ], [ 3990790.60704752150923, 788251.44621014513541 ], [ 3990753.18253017263487, 788251.44621014513541 ], [ 3990715.758012823760509, 788251.44621014513541 ], [ 3990678.333495474886149, 788251.44621014513541 ], [ 3990640.908978126011789, 788251.44621014513541 ], [ 3990640.908978126011789, 788214.02169279626105 ], [ 3990640.908978126011789, 788176.597175447386689 ], [ 3990640.908978126011789, 788139.172658098512329 ], [ 3990640.908978126011789, 788101.748140749637969 ], [ 3990640.908978126011789, 788064.323623400763609 ], [ 3990640.908978126011789, 788026.899106051889248 ], [ 3990640.908978126011789, 787989.474588703014888 ], [ 3990640.908978126011789, 787952.050071354140528 ], [ 3990640.908978126011789, 787914.625554005266167 ], [ 3990603.484460777137429, 787914.625554005266167 ], [ 3990566.059943428263068, 787914.625554005266167 ], [ 3990528.635426079388708, 787914.625554005266167 ], [ 3990491.210908730514348, 787914.625554005266167 ], [ 3990491.210908730514348, 787877.201036656391807 ], [ 3990491.210908730514348, 787839.776519307517447 ], [ 3990491.210908730514348, 787802.352001958643086 ], [ 3990491.210908730514348, 787764.927484609768726 ], [ 3990453.786391381639987, 787764.927484609768726 ], [ 3990416.361874032765627, 787764.927484609768726 ], [ 3990378.937356683891267, 787764.927484609768726 ], [ 3990341.512839335016906, 787764.927484609768726 ], [ 3990304.088321986142546, 787764.927484609768726 ], [ 3990304.088321986142546, 787727.502967260894366 ], [ 3990304.088321986142546, 787690.078449912020005 ], [ 3990304.088321986142546, 787652.653932563145645 ], [ 3990304.088321986142546, 787615.229415214271285 ], [ 3990277.62519198609516, 787588.766285214223899 ], [ 3990240.2006746372208, 787588.766285214223899 ], [ 3990202.77615728834644, 787588.766285214223899 ], [ 3990165.351639939472079, 787588.766285214223899 ], [ 3990138.888509939424694, 787562.303155214176513 ], [ 3990138.888509939424694, 787524.878637865302153 ], [ 3990138.888509939424694, 787487.454120516427793 ], [ 3990138.888509939424694, 787450.029603167553432 ], [ 3990112.425379939377308, 787423.566473167506047 ], [ 3990075.000862590502948, 787423.566473167506047 ], [ 3990037.576345241628587, 787423.566473167506047 ], [ 3990000.151827892754227, 787423.566473167506047 ], [ 3989973.688697892706841, 787397.103343167458661 ], [ 3989973.688697892706841, 787359.678825818584301 ], [ 3989973.688697892706841, 787322.25430846970994 ], [ 3989973.688697892706841, 787284.82979112083558 ], [ 3989973.688697892706841, 787247.40527377196122 ], [ 3989973.688697892706841, 787209.980756423086859 ], [ 3989973.688697892706841, 787172.556239074212499 ], [ 3989973.688697892706841, 787135.131721725338139 ], [ 3989973.688697892706841, 787097.707204376463778 ], [ 3989936.264180543832481, 787097.707204376463778 ], [ 3989898.839663194958121, 787097.707204376463778 ], [ 3989861.41514584608376, 787097.707204376463778 ], [ 3989823.9906284972094, 787097.707204376463778 ], [ 3989823.9906284972094, 787060.282687027589418 ], [ 3989823.9906284972094, 787022.858169678715058 ], [ 3989823.9906284972094, 786985.433652329840697 ], [ 3989823.9906284972094, 786948.009134980966337 ], [ 3989797.527498497162014, 786921.546004980918951 ], [ 3989760.102981148287654, 786921.546004980918951 ], [ 3989722.678463799413294, 786921.546004980918951 ], [ 3989685.253946450538933, 786921.546004980918951 ], [ 3989658.790816450491548, 786895.082874980871566 ], [ 3989658.790816450491548, 786857.658357631997205 ], [ 3989658.790816450491548, 786820.233840283122845 ], [ 3989658.790816450491548, 786782.809322934248485 ], [ 3989632.327686450444162, 786756.346192934201099 ], [ 3989594.903169101569802, 786756.346192934201099 ], [ 3989557.478651752695441, 786756.346192934201099 ], [ 3989520.054134403821081, 786756.346192934201099 ], [ 3989482.629617054946721, 786756.346192934201099 ], [ 3989482.629617054946721, 786718.921675585326739 ], [ 3989482.629617054946721, 786681.497158236452378 ], [ 3989482.629617054946721, 786644.072640887578018 ], [ 3989482.629617054946721, 786606.648123538703658 ], [ 3989482.629617054946721, 786569.223606189829297 ], [ 3989482.629617054946721, 786531.799088840954937 ], [ 3989482.629617054946721, 786494.374571492080577 ], [ 3989482.629617054946721, 786456.950054143206216 ], [ 3989456.166487054899335, 786430.486924143158831 ], [ 3989418.741969706024975, 786430.486924143158831 ], [ 3989381.317452357150614, 786430.486924143158831 ], [ 3989343.892935008276254, 786430.486924143158831 ], [ 3989317.429805008228868, 786404.023794143111445 ], [ 3989317.429805008228868, 786366.599276794237085 ], [ 3989317.429805008228868, 786329.174759445362724 ], [ 3989317.429805008228868, 786291.750242096488364 ], [ 3989290.966675008181483, 786265.287112096440978 ], [ 3989253.542157659307122, 786265.287112096440978 ], [ 3989216.117640310432762, 786265.287112096440978 ], [ 3989178.693122961558402, 786265.287112096440978 ], [ 3989152.229992961511016, 786238.823982096393593 ], [ 3989152.229992961511016, 786201.399464747519232 ], [ 3989152.229992961511016, 786163.974947398644872 ], [ 3989152.229992961511016, 786126.550430049770512 ], [ 3989152.229992961511016, 786089.125912700896151 ], [ 3989152.229992961511016, 786051.701395352021791 ], [ 3989152.229992961511016, 786014.276878003147431 ], [ 3989152.229992961511016, 785976.85236065427307 ], [ 3989152.229992961511016, 785939.42784330539871 ], [ 3989114.805475612636656, 785939.42784330539871 ], [ 3989077.380958263762295, 785939.42784330539871 ], [ 3989039.956440914887935, 785939.42784330539871 ], [ 3989002.531923566013575, 785939.42784330539871 ], [ 3989002.531923566013575, 785902.00332595652435 ], [ 3989002.531923566013575, 785864.578808607649989 ], [ 3989002.531923566013575, 785827.154291258775629 ], [ 3989002.531923566013575, 785789.729773909901269 ], [ 3989002.531923566013575, 785752.305256561026908 ], [ 3989002.531923566013575, 785714.880739212152548 ], [ 3989002.531923566013575, 785677.456221863278188 ], [ 3989002.531923566013575, 785640.031704514403827 ], [ 3989002.531923566013575, 785602.607187165529467 ], [ 3989002.531923566013575, 785565.182669816655107 ], [ 3989002.531923566013575, 785527.758152467780747 ], [ 3989002.531923566013575, 785490.333635118906386 ], [ 3989002.531923566013575, 785452.909117770032026 ], [ 3988965.107406217139214, 785452.909117770032026 ], [ 3988927.682888868264854, 785452.909117770032026 ], [ 3988890.258371519390494, 785452.909117770032026 ], [ 3988852.833854170516133, 785452.909117770032026 ], [ 3988826.370724170468748, 785426.44598776998464 ], [ 3988826.370724170468748, 785389.02147042111028 ], [ 3988826.370724170468748, 785351.59695307223592 ], [ 3988826.370724170468748, 785314.172435723361559 ], [ 3988826.370724170468748, 785276.747918374487199 ], [ 3988788.946206821594387, 785276.747918374487199 ], [ 3988751.521689472720027, 785276.747918374487199 ], [ 3988714.097172123845667, 785276.747918374487199 ], [ 3988676.672654774971306, 785276.747918374487199 ], [ 3988650.209524774923921, 785250.284788374439813 ], [ 3988650.209524774923921, 785212.860271025565453 ], [ 3988650.209524774923921, 785175.435753676691093 ], [ 3988650.209524774923921, 785138.011236327816732 ], [ 3988650.209524774923921, 785100.586718978942372 ], [ 3988650.209524774923921, 785063.162201630068012 ], [ 3988650.209524774923921, 785025.737684281193651 ], [ 3988650.209524774923921, 784988.313166932319291 ], [ 3988650.209524774923921, 784950.888649583444931 ], [ 3988650.209524774923921, 784913.46413223457057 ], [ 3988650.209524774923921, 784876.03961488569621 ], [ 3988650.209524774923921, 784838.61509753682185 ], [ 3988650.209524774923921, 784801.190580187947489 ], [ 3988623.746394774876535, 784774.727450187900104 ], [ 3988586.321877426002175, 784774.727450187900104 ], [ 3988548.897360077127814, 784774.727450187900104 ], [ 3988511.472842728253454, 784774.727450187900104 ], [ 3988485.009712728206068, 784748.264320187852718 ], [ 3988485.009712728206068, 784710.839802838978358 ], [ 3988485.009712728206068, 784673.415285490103997 ], [ 3988485.009712728206068, 784635.990768141229637 ], [ 3988485.009712728206068, 784598.566250792355277 ], [ 3988485.009712728206068, 784561.141733443480916 ], [ 3988485.009712728206068, 784523.717216094606556 ], [ 3988485.009712728206068, 784486.292698745732196 ], [ 3988485.009712728206068, 784448.868181396857835 ], [ 3988447.585195379331708, 784448.868181396857835 ], [ 3988410.160678030457348, 784448.868181396857835 ], [ 3988372.736160681582987, 784448.868181396857835 ], [ 3988346.273030681535602, 784422.40505139681045 ], [ 3988346.273030681535602, 784384.980534047936089 ], [ 3988346.273030681535602, 784347.556016699061729 ], [ 3988346.273030681535602, 784310.131499350187369 ], [ 3988346.273030681535602, 784272.706982001313008 ], [ 3988346.273030681535602, 784235.282464652438648 ], [ 3988346.273030681535602, 784197.857947303564288 ], [ 3988346.273030681535602, 784160.433429954689927 ], [ 3988346.273030681535602, 784123.008912605815567 ], [ 3988346.273030681535602, 784085.584395256941207 ], [ 3988346.273030681535602, 784048.159877908066846 ], [ 3988346.273030681535602, 784010.735360559192486 ], [ 3988346.273030681535602, 783973.310843210318126 ], [ 3988319.809900681488216, 783946.84771321027074 ], [ 3988282.385383332613856, 783946.84771321027074 ], [ 3988244.960865983739495, 783946.84771321027074 ], [ 3988207.536348634865135, 783946.84771321027074 ], [ 3988181.073218634817749, 783920.384583210223354 ], [ 3988181.073218634817749, 783882.960065861348994 ], [ 3988181.073218634817749, 783845.535548512474634 ], [ 3988181.073218634817749, 783808.111031163600273 ], [ 3988181.073218634817749, 783770.686513814725913 ], [ 3988181.073218634817749, 783733.261996465851553 ], [ 3988181.073218634817749, 783695.837479116977192 ], [ 3988181.073218634817749, 783658.412961768102832 ], [ 3988181.073218634817749, 783620.988444419228472 ], [ 3988143.648701285943389, 783620.988444419228472 ], [ 3988106.224183937069029, 783620.988444419228472 ], [ 3988068.799666588194668, 783620.988444419228472 ], [ 3988031.375149239320308, 783620.988444419228472 ], [ 3987993.950631890445948, 783620.988444419228472 ], [ 3987993.950631890445948, 783583.563927070354111 ], [ 3987993.950631890445948, 783546.139409721479751 ], [ 3987993.950631890445948, 783508.714892372605391 ], [ 3987993.950631890445948, 783471.290375023731031 ], [ 3987993.950631890445948, 783433.86585767485667 ], [ 3987993.950631890445948, 783396.44134032598231 ], [ 3987993.950631890445948, 783359.01682297710795 ], [ 3987993.950631890445948, 783321.592305628233589 ], [ 3987993.950631890445948, 783284.167788279359229 ], [ 3987956.526114541571587, 783284.167788279359229 ], [ 3987919.101597192697227, 783284.167788279359229 ], [ 3987881.677079843822867, 783284.167788279359229 ], [ 3987844.252562494948506, 783284.167788279359229 ], [ 3987844.252562494948506, 783246.743270930484869 ], [ 3987844.252562494948506, 783209.318753581610508 ], [ 3987844.252562494948506, 783171.894236232736148 ], [ 3987844.252562494948506, 783134.469718883861788 ], [ 3987806.828045146074146, 783134.469718883861788 ], [ 3987769.403527797199786, 783134.469718883861788 ], [ 3987731.979010448325425, 783134.469718883861788 ], [ 3987694.554493099451065, 783134.469718883861788 ], [ 3987668.091363099403679, 783108.006588883814402 ], [ 3987668.091363099403679, 783070.582071534940042 ], [ 3987668.091363099403679, 783033.157554186065681 ], [ 3987668.091363099403679, 782995.733036837191321 ], [ 3987668.091363099403679, 782958.308519488316961 ], [ 3987630.666845750529319, 782958.308519488316961 ], [ 3987593.242328401654959, 782958.308519488316961 ], [ 3987555.817811052780598, 782958.308519488316961 ], [ 3987529.354681052733213, 782984.771649488364346 ], [ 3987529.354681052733213, 783022.196166837238707 ], [ 3987529.354681052733213, 783059.620684186113067 ], [ 3987529.354681052733213, 783097.045201534987427 ], [ 3987502.891551052685827, 783123.508331535034813 ], [ 3987465.467033703811467, 783123.508331535034813 ], [ 3987428.042516354937106, 783123.508331535034813 ], [ 3987390.617999006062746, 783123.508331535034813 ], [ 3987353.193481657188386, 783123.508331535034813 ], [ 3987315.768964308314025, 783123.508331535034813 ], [ 3987278.344446959439665, 783123.508331535034813 ], [ 3987240.919929610565305, 783123.508331535034813 ], [ 3987203.495412261690944, 783123.508331535034813 ], [ 3987203.495412261690944, 783160.932848883909173 ], [ 3987203.495412261690944, 783198.357366232783534 ], [ 3987203.495412261690944, 783235.781883581657894 ], [ 3987203.495412261690944, 783273.206400930532254 ], [ 3987177.032282261643559, 783299.66953093057964 ], [ 3987139.607764912769198, 783299.66953093057964 ], [ 3987102.183247563894838, 783299.66953093057964 ], [ 3987064.758730215020478, 783299.66953093057964 ], [ 3987027.334212866146117, 783299.66953093057964 ], [ 3987027.334212866146117, 783337.094048279454 ], [ 3987027.334212866146117, 783374.518565628328361 ], [ 3987027.334212866146117, 783411.943082977202721 ], [ 3987027.334212866146117, 783449.367600326077081 ], [ 3986989.909695517271757, 783449.367600326077081 ], [ 3986952.485178168397397, 783449.367600326077081 ], [ 3986915.060660819523036, 783449.367600326077081 ], [ 3986877.636143470648676, 783449.367600326077081 ], [ 3986851.17301347060129, 783422.904470326029696 ], [ 3986851.17301347060129, 783385.479952977155335 ], [ 3986851.17301347060129, 783348.055435628280975 ], [ 3986851.17301347060129, 783310.630918279406615 ], [ 3986824.709883470553905, 783284.167788279359229 ], [ 3986787.285366121679544, 783284.167788279359229 ], [ 3986749.860848772805184, 783284.167788279359229 ], [ 3986712.436331423930824, 783284.167788279359229 ], [ 3986712.436331423930824, 783321.592305628233589 ], [ 3986712.436331423930824, 783359.01682297710795 ], [ 3986712.436331423930824, 783396.44134032598231 ], [ 3986712.436331423930824, 783433.86585767485667 ], [ 3986685.973201423883438, 783460.328987674904056 ], [ 3986648.548684075009078, 783460.328987674904056 ], [ 3986611.124166726134717, 783460.328987674904056 ], [ 3986573.699649377260357, 783460.328987674904056 ], [ 3986573.699649377260357, 783497.753505023778416 ], [ 3986573.699649377260357, 783535.178022372652777 ], [ 3986573.699649377260357, 783572.602539721527137 ], [ 3986573.699649377260357, 783610.027057070401497 ], [ 3986547.236519377212971, 783636.490187070448883 ], [ 3986509.812002028338611, 783636.490187070448883 ], [ 3986472.387484679464251, 783636.490187070448883 ], [ 3986434.96296733058989, 783636.490187070448883 ], [ 3986397.53844998171553, 783636.490187070448883 ], [ 3986360.11393263284117, 783636.490187070448883 ], [ 3986322.68941528396681, 783636.490187070448883 ], [ 3986285.264897935092449, 783636.490187070448883 ], [ 3986247.840380586218089, 783636.490187070448883 ], [ 3986210.415863237343729, 783636.490187070448883 ], [ 3986172.991345888469368, 783636.490187070448883 ], [ 3986135.566828539595008, 783636.490187070448883 ], [ 3986098.142311190720648, 783636.490187070448883 ], [ 3986060.717793841846287, 783636.490187070448883 ], [ 3986023.293276492971927, 783636.490187070448883 ], [ 3985985.868759144097567, 783636.490187070448883 ], [ 3985948.444241795223206, 783636.490187070448883 ], [ 3985911.019724446348846, 783636.490187070448883 ], [ 3985911.019724446348846, 783673.914704419323243 ], [ 3985911.019724446348846, 783711.339221768197604 ], [ 3985911.019724446348846, 783748.763739117071964 ], [ 3985911.019724446348846, 783786.188256465946324 ], [ 3985873.595207097474486, 783786.188256465946324 ], [ 3985836.170689748600125, 783786.188256465946324 ], [ 3985798.746172399725765, 783786.188256465946324 ], [ 3985761.321655050851405, 783786.188256465946324 ], [ 3985723.897137701977044, 783786.188256465946324 ], [ 3985686.472620353102684, 783786.188256465946324 ], [ 3985649.048103004228324, 783786.188256465946324 ], [ 3985611.623585655353963, 783786.188256465946324 ], [ 3985574.199068306479603, 783786.188256465946324 ], [ 3985547.735938306432217, 783812.65138646599371 ], [ 3985547.735938306432217, 783850.07590381486807 ], [ 3985547.735938306432217, 783887.500421163742431 ], [ 3985547.735938306432217, 783924.924938512616791 ], [ 3985521.272808306384832, 783951.388068512664177 ], [ 3985483.848290957510471, 783951.388068512664177 ], [ 3985446.423773608636111, 783951.388068512664177 ], [ 3985408.999256259761751, 783951.388068512664177 ], [ 3985371.57473891088739, 783951.388068512664177 ], [ 3985334.15022156201303, 783951.388068512664177 ], [ 3985296.72570421313867, 783951.388068512664177 ], [ 3985259.301186864264309, 783951.388068512664177 ], [ 3985221.876669515389949, 783951.388068512664177 ], [ 3985184.452152166515589, 783951.388068512664177 ], [ 3985147.027634817641228, 783951.388068512664177 ], [ 3985109.603117468766868, 783951.388068512664177 ], [ 3985072.178600119892508, 783951.388068512664177 ], [ 3985034.754082771018147, 783951.388068512664177 ], [ 3984997.329565422143787, 783951.388068512664177 ], [ 3984959.905048073269427, 783951.388068512664177 ], [ 3984922.480530724395066, 783951.388068512664177 ], [ 3984885.056013375520706, 783951.388068512664177 ], [ 3984885.056013375520706, 783988.812585861538537 ], [ 3984885.056013375520706, 784026.237103210412897 ], [ 3984885.056013375520706, 784063.661620559287257 ], [ 3984885.056013375520706, 784101.086137908161618 ], [ 3984858.59288337547332, 784127.549267908209004 ], [ 3984821.16836602659896, 784127.549267908209004 ], [ 3984783.7438486777246, 784127.549267908209004 ], [ 3984746.31933132885024, 784127.549267908209004 ], [ 3984708.894813979975879, 784127.549267908209004 ], [ 3984671.470296631101519, 784127.549267908209004 ], [ 3984634.045779282227159, 784127.549267908209004 ], [ 3984596.621261933352798, 784127.549267908209004 ], [ 3984559.196744584478438, 784127.549267908209004 ], [ 3984521.772227235604078, 784127.549267908209004 ], [ 3984484.347709886729717, 784127.549267908209004 ], [ 3984446.923192537855357, 784127.549267908209004 ], [ 3984409.498675188980997, 784127.549267908209004 ], [ 3984383.035545188933611, 784101.086137908161618 ], [ 3984383.035545188933611, 784063.661620559287257 ], [ 3984383.035545188933611, 784026.237103210412897 ], [ 3984383.035545188933611, 783988.812585861538537 ], [ 3984383.035545188933611, 783951.388068512664177 ], [ 3984345.611027840059251, 783951.388068512664177 ], [ 3984308.18651049118489, 783951.388068512664177 ], [ 3984270.76199314231053, 783951.388068512664177 ], [ 3984244.298863142263144, 783924.924938512616791 ], [ 3984244.298863142263144, 783887.500421163742431 ], [ 3984244.298863142263144, 783850.07590381486807 ], [ 3984244.298863142263144, 783812.65138646599371 ], [ 3984217.835733142215759, 783786.188256465946324 ], [ 3984180.411215793341398, 783786.188256465946324 ], [ 3984142.986698444467038, 783786.188256465946324 ], [ 3984105.562181095592678, 783786.188256465946324 ], [ 3984068.137663746718317, 783786.188256465946324 ], [ 3984030.713146397843957, 783786.188256465946324 ], [ 3983993.288629048969597, 783786.188256465946324 ], [ 3983955.864111700095236, 783786.188256465946324 ], [ 3983918.439594351220876, 783786.188256465946324 ], [ 3983891.97646435117349, 783759.725126465898938 ], [ 3983891.97646435117349, 783722.300609117024578 ], [ 3983891.97646435117349, 783684.876091768150218 ], [ 3983891.97646435117349, 783647.451574419275858 ], [ 3983865.513334351126105, 783620.988444419228472 ], [ 3983828.088817002251744, 783620.988444419228472 ], [ 3983790.664299653377384, 783620.988444419228472 ], [ 3983753.239782304503024, 783620.988444419228472 ], [ 3983726.776652304455638, 783594.525314419181086 ], [ 3983726.776652304455638, 783557.100797070306726 ], [ 3983726.776652304455638, 783519.676279721432365 ], [ 3983726.776652304455638, 783482.251762372558005 ], [ 3983700.313522304408252, 783455.788632372510619 ], [ 3983662.889004955533892, 783455.788632372510619 ], [ 3983625.464487606659532, 783455.788632372510619 ], [ 3983588.039970257785171, 783455.788632372510619 ], [ 3983550.615452908910811, 783455.788632372510619 ], [ 3983513.190935560036451, 783455.788632372510619 ], [ 3983475.76641821116209, 783455.788632372510619 ], [ 3983438.34190086228773, 783455.788632372510619 ], [ 3983411.878770862240344, 783429.325502372463234 ], [ 3983411.878770862240344, 783391.900985023588873 ], [ 3983411.878770862240344, 783354.476467674714513 ], [ 3983411.878770862240344, 783317.051950325840153 ], [ 3983385.415640862192959, 783290.588820325792767 ], [ 3983347.991123513318598, 783290.588820325792767 ], [ 3983310.566606164444238, 783290.588820325792767 ], [ 3983273.142088815569878, 783290.588820325792767 ], [ 3983235.717571466695517, 783290.588820325792767 ], [ 3983198.293054117821157, 783290.588820325792767 ], [ 3983160.868536768946797, 783290.588820325792767 ], [ 3983123.444019420072436, 783290.588820325792767 ], [ 3983086.019502071198076, 783290.588820325792767 ], [ 3983059.55637207115069, 783264.125690325745381 ], [ 3983059.55637207115069, 783226.701172976871021 ], [ 3983059.55637207115069, 783189.276655627996661 ], [ 3983059.55637207115069, 783151.8521382791223 ], [ 3983033.093242071103305, 783125.389008279074915 ], [ 3982995.668724722228944, 783125.389008279074915 ], [ 3982958.244207373354584, 783125.389008279074915 ], [ 3982920.819690024480224, 783125.389008279074915 ], [ 3982920.819690024480224, 783087.964490930200554 ], [ 3982920.819690024480224, 783050.539973581326194 ], [ 3982920.819690024480224, 783013.115456232451834 ], [ 3982920.819690024480224, 782975.690938883577473 ], [ 3982883.395172675605863, 782975.690938883577473 ], [ 3982845.970655326731503, 782975.690938883577473 ], [ 3982808.546137977857143, 782975.690938883577473 ], [ 3982771.121620628982782, 782975.690938883577473 ], [ 3982744.658490628935397, 782949.227808883530088 ], [ 3982744.658490628935397, 782911.803291534655727 ], [ 3982744.658490628935397, 782874.378774185781367 ], [ 3982744.658490628935397, 782836.954256836907007 ], [ 3982744.658490628935397, 782799.529739488032646 ], [ 3982707.233973280061036, 782799.529739488032646 ], [ 3982669.809455931186676, 782799.529739488032646 ], [ 3982632.384938582312316, 782799.529739488032646 ], [ 3982594.960421233437955, 782799.529739488032646 ], [ 3982557.535903884563595, 782799.529739488032646 ], [ 3982520.111386535689235, 782799.529739488032646 ], [ 3982482.686869186814874, 782799.529739488032646 ], [ 3982445.262351837940514, 782799.529739488032646 ], [ 3982407.837834489066154, 782799.529739488032646 ], [ 3982370.413317140191793, 782799.529739488032646 ], [ 3982332.988799791317433, 782799.529739488032646 ], [ 3982295.564282442443073, 782799.529739488032646 ], [ 3982258.139765093568712, 782799.529739488032646 ], [ 3982258.139765093568712, 782762.105222139158286 ], [ 3982258.139765093568712, 782724.680704790283926 ], [ 3982258.139765093568712, 782687.256187441409566 ], [ 3982258.139765093568712, 782649.831670092535205 ], [ 3982258.139765093568712, 782612.407152743660845 ], [ 3982258.139765093568712, 782574.982635394786485 ], [ 3982258.139765093568712, 782537.558118045912124 ], [ 3982258.139765093568712, 782500.133600697037764 ], [ 3982258.139765093568712, 782462.709083348163404 ], [ 3982220.715247744694352, 782462.709083348163404 ], [ 3982183.290730395819992, 782462.709083348163404 ], [ 3982145.866213046945632, 782462.709083348163404 ], [ 3982108.441695698071271, 782462.709083348163404 ], [ 3982071.017178349196911, 782462.709083348163404 ], [ 3982033.592661000322551, 782462.709083348163404 ], [ 3981996.16814365144819, 782462.709083348163404 ], [ 3981958.74362630257383, 782462.709083348163404 ], [ 3981921.31910895369947, 782462.709083348163404 ], [ 3981883.894591604825109, 782462.709083348163404 ], [ 3981846.470074255950749, 782462.709083348163404 ], [ 3981809.045556907076389, 782462.709083348163404 ], [ 3981771.621039558202028, 782462.709083348163404 ], [ 3981745.157909558154643, 782436.245953348116018 ], [ 3981745.157909558154643, 782398.821435999241658 ], [ 3981745.157909558154643, 782361.396918650367297 ], [ 3981745.157909558154643, 782323.972401301492937 ], [ 3981745.157909558154643, 782286.547883952618577 ], [ 3981745.157909558154643, 782249.123366603744216 ], [ 3981745.157909558154643, 782211.698849254869856 ], [ 3981745.157909558154643, 782174.274331905995496 ], [ 3981745.157909558154643, 782136.849814557121135 ], [ 3981707.733392209280282, 782136.849814557121135 ], [ 3981670.308874860405922, 782136.849814557121135 ], [ 3981632.884357511531562, 782136.849814557121135 ], [ 3981595.459840162657201, 782136.849814557121135 ], [ 3981558.035322813782841, 782136.849814557121135 ], [ 3981520.610805464908481, 782136.849814557121135 ], [ 3981483.18628811603412, 782136.849814557121135 ], [ 3981445.76177076715976, 782136.849814557121135 ], [ 3981408.3372534182854, 782136.849814557121135 ], [ 3981370.912736069411039, 782136.849814557121135 ], [ 3981333.488218720536679, 782136.849814557121135 ], [ 3981296.063701371662319, 782136.849814557121135 ], [ 3981269.600571371614933, 782110.38668455707375 ], [ 3981269.600571371614933, 782072.962167208199389 ], [ 3981269.600571371614933, 782035.537649859325029 ], [ 3981269.600571371614933, 781998.113132510450669 ], [ 3981269.600571371614933, 781960.688615161576308 ], [ 3981232.176054022740573, 781960.688615161576308 ], [ 3981194.751536673866212, 781960.688615161576308 ], [ 3981157.327019324991852, 781960.688615161576308 ], [ 3981119.902501976117492, 781960.688615161576308 ], [ 3981119.902501976117492, 781923.264097812701948 ], [ 3981119.902501976117492, 781885.839580463827588 ], [ 3981119.902501976117492, 781848.415063114953227 ], [ 3981119.902501976117492, 781810.990545766078867 ], [ 3981082.477984627243131, 781810.990545766078867 ], [ 3981045.053467278368771, 781810.990545766078867 ], [ 3981007.628949929494411, 781810.990545766078867 ], [ 3980970.20443258062005, 781810.990545766078867 ], [ 3980932.77991523174569, 781810.990545766078867 ], [ 3980895.35539788287133, 781810.990545766078867 ], [ 3980857.930880533996969, 781810.990545766078867 ], [ 3980820.506363185122609, 781810.990545766078867 ], [ 3980783.081845836248249, 781810.990545766078867 ], [ 3980756.618715836200863, 781784.527415766031481 ], [ 3980756.618715836200863, 781747.102898417157121 ], [ 3980756.618715836200863, 781709.678381068282761 ], [ 3980756.618715836200863, 781672.2538637194084 ], [ 3980756.618715836200863, 781634.82934637053404 ], [ 3980719.194198487326503, 781634.82934637053404 ], [ 3980681.769681138452142, 781634.82934637053404 ], [ 3980644.345163789577782, 781634.82934637053404 ], [ 3980617.882033789530396, 781608.366216370486654 ], [ 3980617.882033789530396, 781570.941699021612294 ], [ 3980617.882033789530396, 781533.517181672737934 ], [ 3980617.882033789530396, 781496.092664323863573 ], [ 3980591.418903789483011, 781469.629534323816188 ], [ 3980553.99438644060865, 781469.629534323816188 ], [ 3980516.56986909173429, 781469.629534323816188 ], [ 3980479.14535174285993, 781469.629534323816188 ], [ 3980441.720834393985569, 781469.629534323816188 ], [ 3980404.296317045111209, 781469.629534323816188 ], [ 3980366.871799696236849, 781469.629534323816188 ], [ 3980329.447282347362489, 781469.629534323816188 ], [ 3980292.022764998488128, 781469.629534323816188 ], [ 3980254.598247649613768, 781469.629534323816188 ], [ 3980217.173730300739408, 781469.629534323816188 ], [ 3980179.749212951865047, 781469.629534323816188 ], [ 3980142.324695602990687, 781469.629534323816188 ], [ 3980115.861565602943301, 781443.166404323768802 ], [ 3980115.861565602943301, 781405.741886974894442 ], [ 3980115.861565602943301, 781368.317369626020081 ], [ 3980115.861565602943301, 781330.892852277145721 ], [ 3980115.861565602943301, 781293.468334928271361 ], [ 3980115.861565602943301, 781256.043817579397 ], [ 3980115.861565602943301, 781218.61930023052264 ], [ 3980115.861565602943301, 781181.19478288164828 ], [ 3980115.861565602943301, 781143.770265532773919 ], [ 3980078.437048254068941, 781143.770265532773919 ], [ 3980041.012530905194581, 781143.770265532773919 ], [ 3980003.58801355632022, 781143.770265532773919 ], [ 3979966.16349620744586, 781143.770265532773919 ], [ 3979966.16349620744586, 781181.19478288164828 ], [ 3979966.16349620744586, 781218.61930023052264 ], [ 3979966.16349620744586, 781256.043817579397 ], [ 3979966.16349620744586, 781293.468334928271361 ], [ 3979939.700366207398474, 781319.931464928318746 ], [ 3979902.275848858524114, 781319.931464928318746 ], [ 3979864.851331509649754, 781319.931464928318746 ], [ 3979827.426814160775393, 781319.931464928318746 ], [ 3979800.963684160728008, 781293.468334928271361 ], [ 3979800.963684160728008, 781256.043817579397 ], [ 3979800.963684160728008, 781218.61930023052264 ], [ 3979800.963684160728008, 781181.19478288164828 ], [ 3979800.963684160728008, 781143.770265532773919 ], [ 3979763.539166811853647, 781143.770265532773919 ], [ 3979726.114649462979287, 781143.770265532773919 ], [ 3979688.690132114104927, 781143.770265532773919 ], [ 3979651.265614765230566, 781143.770265532773919 ], [ 3979624.802484765183181, 781117.307135532726534 ], [ 3979624.802484765183181, 781079.882618183852173 ], [ 3979624.802484765183181, 781042.458100834977813 ], [ 3979624.802484765183181, 781005.033583486103453 ], [ 3979624.802484765183181, 780967.609066137229092 ], [ 3979587.37796741630882, 780967.609066137229092 ], [ 3979549.95345006743446, 780967.609066137229092 ], [ 3979512.5289327185601, 780967.609066137229092 ], [ 3979475.104415369685739, 780967.609066137229092 ], [ 3979448.641285369638354, 780941.145936137181707 ], [ 3979448.641285369638354, 780903.721418788307346 ], [ 3979448.641285369638354, 780866.296901439432986 ], [ 3979448.641285369638354, 780828.872384090558626 ], [ 3979422.178155369590968, 780802.40925409051124 ], [ 3979384.753638020716608, 780802.40925409051124 ], [ 3979347.329120671842247, 780802.40925409051124 ], [ 3979309.904603322967887, 780802.40925409051124 ], [ 3979272.480085974093527, 780802.40925409051124 ], [ 3979235.055568625219166, 780802.40925409051124 ], [ 3979197.631051276344806, 780802.40925409051124 ], [ 3979160.206533927470446, 780802.40925409051124 ], [ 3979133.74340392742306, 780775.946124090463854 ], [ 3979133.74340392742306, 780738.521606741589494 ], [ 3979133.74340392742306, 780701.097089392715134 ], [ 3979133.74340392742306, 780663.672572043840773 ], [ 3979107.280273927375674, 780637.209442043793388 ], [ 3979069.855756578501314, 780637.209442043793388 ], [ 3979032.431239229626954, 780637.209442043793388 ], [ 3978995.006721880752593, 780637.209442043793388 ], [ 3978957.582204531878233, 780637.209442043793388 ], [ 3978920.157687183003873, 780637.209442043793388 ], [ 3978882.733169834129512, 780637.209442043793388 ], [ 3978845.308652485255152, 780637.209442043793388 ], [ 3978807.884135136380792, 780637.209442043793388 ], [ 3978770.459617787506431, 780637.209442043793388 ], [ 3978733.035100438632071, 780637.209442043793388 ], [ 3978695.610583089757711, 780637.209442043793388 ], [ 3978658.18606574088335, 780637.209442043793388 ], [ 3978631.722935740835965, 780610.746312043746002 ], [ 3978631.722935740835965, 780573.321794694871642 ], [ 3978631.722935740835965, 780535.897277345997281 ], [ 3978631.722935740835965, 780498.472759997122921 ], [ 3978605.259805740788579, 780472.009629997075535 ], [ 3978567.835288391914219, 780472.009629997075535 ], [ 3978530.410771043039858, 780472.009629997075535 ], [ 3978492.986253694165498, 780472.009629997075535 ], [ 3978466.523123694118112, 780445.54649999702815 ], [ 3978466.523123694118112, 780408.121982648153789 ], [ 3978466.523123694118112, 780370.697465299279429 ], [ 3978466.523123694118112, 780333.272947950405069 ], [ 3978440.059993694070727, 780306.809817950357683 ], [ 3978402.635476345196366, 780306.809817950357683 ], [ 3978365.210958996322006, 780306.809817950357683 ], [ 3978327.786441647447646, 780306.809817950357683 ], [ 3978290.361924298573285, 780306.809817950357683 ], [ 3978252.937406949698925, 780306.809817950357683 ], [ 3978215.512889600824565, 780306.809817950357683 ], [ 3978178.088372251950204, 780306.809817950357683 ], [ 3978140.663854903075844, 780306.809817950357683 ], [ 3978103.239337554201484, 780306.809817950357683 ], [ 3978065.814820205327123, 780306.809817950357683 ], [ 3978028.390302856452763, 780306.809817950357683 ], [ 3977990.965785507578403, 780306.809817950357683 ], [ 3977964.502655507531017, 780280.346687950310297 ], [ 3977964.502655507531017, 780242.922170601435937 ], [ 3977964.502655507531017, 780205.497653252561577 ], [ 3977964.502655507531017, 780168.073135903687216 ], [ 3977938.039525507483631, 780141.610005903639831 ], [ 3977900.615008158609271, 780141.610005903639831 ], [ 3977863.190490809734911, 780141.610005903639831 ], [ 3977825.76597346086055, 780141.610005903639831 ], [ 3977799.302843460813165, 780115.146875903592445 ], [ 3977799.302843460813165, 780077.722358554718085 ], [ 3977799.302843460813165, 780040.297841205843724 ], [ 3977799.302843460813165, 780002.873323856969364 ], [ 3977772.839713460765779, 779976.410193856921978 ], [ 3977735.415196111891419, 779976.410193856921978 ], [ 3977697.990678763017058, 779976.410193856921978 ], [ 3977660.566161414142698, 779976.410193856921978 ], [ 3977660.566161414142698, 780013.834711205796339 ], [ 3977660.566161414142698, 780051.259228554670699 ], [ 3977660.566161414142698, 780088.683745903545059 ], [ 3977660.566161414142698, 780126.10826325241942 ], [ 3977634.103031414095312, 780152.571393252466805 ], [ 3977596.678514065220952, 780152.571393252466805 ], [ 3977559.253996716346592, 780152.571393252466805 ], [ 3977521.829479367472231, 780152.571393252466805 ], [ 3977484.404962018597871, 780152.571393252466805 ], [ 3977446.980444669723511, 780152.571393252466805 ], [ 3977409.55592732084915, 780152.571393252466805 ], [ 3977372.13140997197479, 780152.571393252466805 ], [ 3977334.70689262310043, 780152.571393252466805 ], [ 3977334.70689262310043, 780115.146875903592445 ], [ 3977334.70689262310043, 780077.722358554718085 ], [ 3977334.70689262310043, 780040.297841205843724 ], [ 3977334.70689262310043, 780002.873323856969364 ], [ 3977308.243762623053044, 779976.410193856921978 ], [ 3977270.819245274178684, 779976.410193856921978 ], [ 3977233.394727925304323, 779976.410193856921978 ], [ 3977195.970210576429963, 779976.410193856921978 ], [ 3977158.545693227555603, 779976.410193856921978 ], [ 3977121.121175878681242, 779976.410193856921978 ], [ 3977083.696658529806882, 779976.410193856921978 ], [ 3977046.272141180932522, 779976.410193856921978 ], [ 3977008.847623832058161, 779976.410193856921978 ], [ 3976982.384493832010776, 779949.947063856874593 ], [ 3976982.384493832010776, 779912.522546508000232 ], [ 3976982.384493832010776, 779875.098029159125872 ], [ 3976982.384493832010776, 779837.673511810251512 ], [ 3976955.92136383196339, 779811.210381810204126 ], [ 3976918.49684648308903, 779811.210381810204126 ], [ 3976881.072329134214669, 779811.210381810204126 ], [ 3976843.647811785340309, 779811.210381810204126 ], [ 3976817.184681785292923, 779784.74725181015674 ], [ 3976817.184681785292923, 779747.32273446128238 ], [ 3976817.184681785292923, 779709.89821711240802 ], [ 3976817.184681785292923, 779672.473699763533659 ], [ 3976790.721551785245538, 779646.010569763486274 ], [ 3976753.297034436371177, 779646.010569763486274 ], [ 3976715.872517087496817, 779646.010569763486274 ], [ 3976678.447999738622457, 779646.010569763486274 ], [ 3976678.447999738622457, 779608.586052414611913 ], [ 3976678.447999738622457, 779571.161535065737553 ], [ 3976678.447999738622457, 779533.737017716863193 ], [ 3976678.447999738622457, 779496.312500367988832 ], [ 3976678.447999738622457, 779458.887983019114472 ], [ 3976678.447999738622457, 779421.463465670240112 ], [ 3976678.447999738622457, 779384.038948321365751 ], [ 3976678.447999738622457, 779346.614430972491391 ], [ 3976651.984869738575071, 779320.151300972444005 ], [ 3976614.560352389700711, 779320.151300972444005 ], [ 3976577.13583504082635, 779320.151300972444005 ], [ 3976539.71131769195199, 779320.151300972444005 ], [ 3976513.248187691904604, 779293.68817097239662 ], [ 3976513.248187691904604, 779256.263653623522259 ], [ 3976513.248187691904604, 779218.839136274647899 ], [ 3976513.248187691904604, 779181.414618925773539 ], [ 3976513.248187691904604, 779143.990101576899178 ], [ 3976513.248187691904604, 779106.565584228024818 ], [ 3976513.248187691904604, 779069.141066879150458 ], [ 3976513.248187691904604, 779031.716549530276097 ], [ 3976513.248187691904604, 778994.292032181401737 ], [ 3976475.823670343030244, 778994.292032181401737 ], [ 3976438.399152994155884, 778994.292032181401737 ], [ 3976400.974635645281523, 778994.292032181401737 ], [ 3976363.550118296407163, 778994.292032181401737 ], [ 3976326.125600947532803, 778994.292032181401737 ], [ 3976326.125600947532803, 778956.867514832527377 ], [ 3976326.125600947532803, 778919.442997483653016 ], [ 3976326.125600947532803, 778882.018480134778656 ], [ 3976326.125600947532803, 778844.593962785904296 ], [ 3976299.662470947485417, 778818.13083278585691 ], [ 3976262.237953598611057, 778818.13083278585691 ], [ 3976224.813436249736696, 778818.13083278585691 ], [ 3976187.388918900862336, 778818.13083278585691 ], [ 3976160.92578890081495, 778791.667702785809524 ], [ 3976160.92578890081495, 778754.243185436935164 ], [ 3976160.92578890081495, 778716.818668088060804 ], [ 3976160.92578890081495, 778679.394150739186443 ], [ 3976134.462658900767565, 778652.931020739139058 ], [ 3976097.038141551893204, 778652.931020739139058 ], [ 3976059.613624203018844, 778652.931020739139058 ], [ 3976022.189106854144484, 778652.931020739139058 ], [ 3975995.725976854097098, 778626.467890739091672 ], [ 3975995.725976854097098, 778589.043373390217312 ], [ 3975995.725976854097098, 778551.618856041342951 ], [ 3975995.725976854097098, 778514.194338692468591 ], [ 3975969.262846854049712, 778487.731208692421205 ], [ 3975931.838329505175352, 778487.731208692421205 ], [ 3975894.413812156300992, 778487.731208692421205 ], [ 3975856.989294807426631, 778487.731208692421205 ], [ 3975856.989294807426631, 778450.306691343546845 ], [ 3975856.989294807426631, 778412.882173994672485 ], [ 3975856.989294807426631, 778375.457656645798124 ], [ 3975856.989294807426631, 778338.033139296923764 ], [ 3975856.989294807426631, 778300.608621948049404 ], [ 3975856.989294807426631, 778263.184104599175043 ], [ 3975856.989294807426631, 778225.759587250300683 ], [ 3975856.989294807426631, 778188.335069901426323 ], [ 3975830.526164807379246, 778161.871939901378937 ], [ 3975793.101647458504885, 778161.871939901378937 ], [ 3975755.677130109630525, 778161.871939901378937 ], [ 3975718.252612760756165, 778161.871939901378937 ], [ 3975680.828095411881804, 778161.871939901378937 ], [ 3975654.364965411834419, 778135.408809901331551 ], [ 3975654.364965411834419, 778097.984292552457191 ], [ 3975654.364965411834419, 778060.559775203582831 ], [ 3975654.364965411834419, 778023.13525785470847 ], [ 3975627.901835411787033, 777996.672127854661085 ], [ 3975590.477318062912673, 777996.672127854661085 ], [ 3975553.052800714038312, 777996.672127854661085 ], [ 3975515.628283365163952, 777996.672127854661085 ], [ 3975489.165153365116566, 777970.208997854613699 ], [ 3975489.165153365116566, 777932.784480505739339 ], [ 3975489.165153365116566, 777895.359963156864978 ], [ 3975489.165153365116566, 777857.935445807990618 ], [ 3975462.702023365069181, 777831.472315807943232 ], [ 3975425.27750601619482, 777831.472315807943232 ], [ 3975387.85298866732046, 777831.472315807943232 ], [ 3975350.4284713184461, 777831.472315807943232 ], [ 3975350.4284713184461, 777794.047798459068872 ], [ 3975350.4284713184461, 777756.623281110194512 ], [ 3975350.4284713184461, 777719.198763761320151 ], [ 3975350.4284713184461, 777681.774246412445791 ], [ 3975313.003953969571739, 777681.774246412445791 ], [ 3975275.579436620697379, 777681.774246412445791 ], [ 3975238.154919271823019, 777681.774246412445791 ], [ 3975200.730401922948658, 777681.774246412445791 ], [ 3975174.267271922901273, 777655.311116412398405 ], [ 3975174.267271922901273, 777617.886599063524045 ], [ 3975174.267271922901273, 777580.462081714649685 ], [ 3975174.267271922901273, 777543.037564365775324 ], [ 3975174.267271922901273, 777505.613047016900964 ], [ 3975136.842754574026912, 777505.613047016900964 ], [ 3975099.418237225152552, 777505.613047016900964 ], [ 3975061.993719876278192, 777505.613047016900964 ], [ 3975035.530589876230806, 777479.149917016853578 ], [ 3975035.530589876230806, 777441.725399667979218 ], [ 3975035.530589876230806, 777404.300882319104858 ], [ 3975035.530589876230806, 777366.876364970230497 ], [ 3975035.530589876230806, 777329.451847621356137 ], [ 3974998.106072527356446, 777329.451847621356137 ], [ 3974960.681555178482085, 777329.451847621356137 ], [ 3974923.257037829607725, 777329.451847621356137 ], [ 3974885.832520480733365, 777329.451847621356137 ], [ 3974848.408003131859004, 777329.451847621356137 ], [ 3974848.408003131859004, 777292.027330272481777 ], [ 3974848.408003131859004, 777254.602812923607416 ], [ 3974848.408003131859004, 777217.178295574733056 ], [ 3974848.408003131859004, 777179.753778225858696 ], [ 3974810.983485782984644, 777179.753778225858696 ], [ 3974773.558968434110284, 777179.753778225858696 ], [ 3974736.134451085235924, 777179.753778225858696 ], [ 3974698.709933736361563, 777179.753778225858696 ], [ 3974672.246803736314178, 777153.29064822581131 ], [ 3974672.246803736314178, 777115.86613087693695 ], [ 3974672.246803736314178, 777078.441613528062589 ], [ 3974672.246803736314178, 777041.017096179188229 ], [ 3974672.246803736314178, 777003.592578830313869 ], [ 3974634.822286387439817, 777003.592578830313869 ], [ 3974597.397769038565457, 777003.592578830313869 ], [ 3974559.973251689691097, 777003.592578830313869 ], [ 3974533.510121689643711, 776977.129448830266483 ], [ 3974533.510121689643711, 776939.704931481392123 ], [ 3974533.510121689643711, 776902.280414132517762 ], [ 3974533.510121689643711, 776864.855896783643402 ], [ 3974507.046991689596325, 776838.392766783596016 ], [ 3974469.622474340721965, 776838.392766783596016 ], [ 3974432.197956991847605, 776838.392766783596016 ], [ 3974394.773439642973244, 776838.392766783596016 ], [ 3974368.310309642925858, 776811.929636783548631 ], [ 3974368.310309642925858, 776774.50511943467427 ], [ 3974368.310309642925858, 776737.08060208579991 ], [ 3974368.310309642925858, 776699.65608473692555 ], [ 3974341.847179642878473, 776673.192954736878164 ], [ 3974304.422662294004112, 776673.192954736878164 ], [ 3974266.998144945129752, 776673.192954736878164 ], [ 3974229.573627596255392, 776673.192954736878164 ], [ 3974203.110497596208006, 776646.729824736830778 ], [ 3974203.110497596208006, 776609.305307387956418 ], [ 3974203.110497596208006, 776571.880790039082058 ], [ 3974203.110497596208006, 776534.456272690207697 ], [ 3974203.110497596208006, 776497.031755341333337 ], [ 3974203.110497596208006, 776459.607237992458977 ], [ 3974203.110497596208006, 776422.182720643584616 ], [ 3974203.110497596208006, 776384.758203294710256 ], [ 3974203.110497596208006, 776347.333685945835896 ], [ 3974165.685980247333646, 776347.333685945835896 ], [ 3974128.261462898459285, 776347.333685945835896 ], [ 3974090.836945549584925, 776347.333685945835896 ], [ 3974053.412428200710565, 776347.333685945835896 ], [ 3974026.949298200663179, 776320.87055594578851 ], [ 3974026.949298200663179, 776283.44603859691415 ], [ 3974026.949298200663179, 776246.021521248039789 ], [ 3974026.949298200663179, 776208.597003899165429 ], [ 3974026.949298200663179, 776171.172486550291069 ], [ 3973989.524780851788819, 776171.172486550291069 ], [ 3973952.100263502914459, 776171.172486550291069 ], [ 3973914.675746154040098, 776171.172486550291069 ], [ 3973877.251228805165738, 776171.172486550291069 ], [ 3973850.788098805118352, 776144.709356550243683 ], [ 3973850.788098805118352, 776107.284839201369323 ], [ 3973850.788098805118352, 776069.860321852494963 ], [ 3973850.788098805118352, 776032.435804503620602 ], [ 3973824.324968805070966, 776005.972674503573216 ], [ 3973786.900451456196606, 776005.972674503573216 ], [ 3973749.475934107322246, 776005.972674503573216 ], [ 3973712.051416758447886, 776005.972674503573216 ], [ 3973712.051416758447886, 775968.548157154698856 ], [ 3973712.051416758447886, 775931.123639805824496 ], [ 3973712.051416758447886, 775893.699122456950136 ], [ 3973712.051416758447886, 775856.274605108075775 ], [ 3973674.626899409573525, 775856.274605108075775 ], [ 3973637.202382060699165, 775856.274605108075775 ], [ 3973599.777864711824805, 775856.274605108075775 ], [ 3973562.353347362950444, 775856.274605108075775 ], [ 3973524.928830014076084, 775856.274605108075775 ], [ 3973487.504312665201724, 775856.274605108075775 ], [ 3973450.079795316327363, 775856.274605108075775 ], [ 3973412.655277967453003, 775856.274605108075775 ], [ 3973375.230760618578643, 775856.274605108075775 ], [ 3973348.767630618531257, 775829.81147510802839 ], [ 3973348.767630618531257, 775792.386957759154029 ], [ 3973348.767630618531257, 775754.962440410279669 ], [ 3973348.767630618531257, 775717.537923061405309 ], [ 3973348.767630618531257, 775680.113405712530948 ], [ 3973311.343113269656897, 775680.113405712530948 ], [ 3973273.918595920782536, 775680.113405712530948 ], [ 3973236.494078571908176, 775680.113405712530948 ], [ 3973199.069561223033816, 775680.113405712530948 ], [ 3973161.645043874159455, 775680.113405712530948 ], [ 3973124.220526525285095, 775680.113405712530948 ], [ 3973086.796009176410735, 775680.113405712530948 ], [ 3973050.843765911180526, 775640.418710712576285 ], [ 3973052.316039994359016, 775600.724015712621622 ], [ 3973052.316039994359016, 775563.299498363747261 ], [ 3973052.316039994359016, 775525.874981014872901 ], [ 3973014.891522645484656, 775525.874981014872901 ], [ 3972977.467005296610296, 775525.874981014872901 ], [ 3972940.042487947735935, 775525.874981014872901 ], [ 3972902.617970598861575, 775525.874981014872901 ], [ 3972876.154840598814189, 775499.411851014825515 ], [ 3972876.154840598814189, 775461.987333665951155 ], [ 3972876.154840598814189, 775424.562816317076795 ], [ 3972876.154840598814189, 775387.138298968202434 ], [ 3972876.154840598814189, 775349.713781619328074 ], [ 3972838.730323249939829, 775349.713781619328074 ], [ 3972801.305805901065469, 775349.713781619328074 ], [ 3972763.881288552191108, 775349.713781619328074 ], [ 3972726.456771203316748, 775349.713781619328074 ], [ 3972726.456771203316748, 775312.289264270453714 ], [ 3972726.456771203316748, 775274.864746921579354 ], [ 3972726.456771203316748, 775237.440229572704993 ], [ 3972726.456771203316748, 775200.015712223830633 ], [ 3972689.032253854442388, 775200.015712223830633 ], [ 3972651.607736505568027, 775200.015712223830633 ], [ 3972614.183219156693667, 775200.015712223830633 ], [ 3972576.758701807819307, 775200.015712223830633 ], [ 3972539.334184458944947, 775200.015712223830633 ], [ 3972501.909667110070586, 775200.015712223830633 ], [ 3972464.485149761196226, 775200.015712223830633 ], [ 3972427.060632412321866, 775200.015712223830633 ], [ 3972389.636115063447505, 775200.015712223830633 ], [ 3972389.636115063447505, 775162.591194874956273 ], [ 3972389.636115063447505, 775125.166677526081912 ], [ 3972389.636115063447505, 775087.742160177207552 ], [ 3972389.636115063447505, 775050.317642828333192 ], [ 3972389.636115063447505, 775012.893125479458831 ], [ 3972352.211597714573145, 775012.893125479458831 ], [ 3972314.787080365698785, 775012.893125479458831 ], [ 3972277.362563016824424, 775012.893125479458831 ], [ 3972239.938045667950064, 775012.893125479458831 ], [ 3972213.474915667902678, 774986.429995479411446 ], [ 3972213.474915667902678, 774949.005478130537085 ], [ 3972213.474915667902678, 774911.580960781662725 ], [ 3972213.474915667902678, 774874.156443432788365 ], [ 3972187.011785667855293, 774847.693313432740979 ], [ 3972149.587268318980932, 774847.693313432740979 ], [ 3972112.162750970106572, 774847.693313432740979 ], [ 3972074.738233621232212, 774847.693313432740979 ], [ 3972048.275103621184826, 774821.230183432693593 ], [ 3972048.275103621184826, 774783.805666083819233 ], [ 3972048.275103621184826, 774746.381148734944873 ], [ 3972048.275103621184826, 774708.956631386070512 ], [ 3972021.81197362113744, 774682.493501386023127 ], [ 3971984.38745627226308, 774682.493501386023127 ], [ 3971946.96293892338872, 774682.493501386023127 ], [ 3971909.538421574514359, 774682.493501386023127 ], [ 3971909.538421574514359, 774645.068984037148766 ], [ 3971909.538421574514359, 774607.644466688274406 ], [ 3971909.538421574514359, 774570.219949339400046 ], [ 3971909.538421574514359, 774532.795431990525685 ], [ 3971872.113904225639999, 774532.795431990525685 ], [ 3971834.689386876765639, 774532.795431990525685 ], [ 3971797.264869527891278, 774532.795431990525685 ], [ 3971759.840352179016918, 774532.795431990525685 ], [ 3971733.377222178969532, 774559.258561990573071 ], [ 3971733.377222178969532, 774596.683079339447431 ], [ 3971733.377222178969532, 774634.107596688321792 ], [ 3971733.377222178969532, 774671.532114037196152 ], [ 3971706.914092178922147, 774697.995244037243538 ], [ 3971669.489574830047786, 774697.995244037243538 ], [ 3971632.065057481173426, 774697.995244037243538 ], [ 3971594.640540132299066, 774697.995244037243538 ], [ 3971569.915652071591467, 774658.300549037288874 ], [ 3971567.645474419929087, 774618.605854037334211 ], [ 3971567.645474419929087, 774581.181336688459851 ], [ 3971567.645474419929087, 774543.756819339585491 ], [ 3971567.645474419929087, 774506.33230199071113 ], [ 3971567.645474419929087, 774468.90778464183677 ], [ 3971567.645474419929087, 774431.48326729296241 ], [ 3971567.645474419929087, 774394.058749944088049 ], [ 3971567.645474419929087, 774356.634232595213689 ], [ 3971530.220957071054727, 774356.634232595213689 ], [ 3971492.796439722180367, 774356.634232595213689 ], [ 3971455.371922373306006, 774356.634232595213689 ], [ 3971417.947405024431646, 774356.634232595213689 ], [ 3971380.522887675557286, 774356.634232595213689 ], [ 3971343.098370326682925, 774356.634232595213689 ], [ 3971305.673852977808565, 774356.634232595213689 ], [ 3971268.249335628934205, 774356.634232595213689 ], [ 3971241.786205628886819, 774330.171102595166303 ], [ 3971241.786205628886819, 774292.746585246291943 ], [ 3971241.786205628886819, 774255.322067897417583 ], [ 3971241.786205628886819, 774217.897550548543222 ], [ 3971215.323075628839433, 774191.434420548495837 ], [ 3971177.898558279965073, 774191.434420548495837 ], [ 3971140.474040931090713, 774191.434420548495837 ], [ 3971103.049523582216352, 774191.434420548495837 ], [ 3971065.625006233341992, 774191.434420548495837 ], [ 3971065.625006233341992, 774154.009903199621476 ], [ 3971065.625006233341992, 774116.585385850747116 ], [ 3971065.625006233341992, 774079.160868501872756 ], [ 3971065.625006233341992, 774041.736351152998395 ], [ 3971028.200488884467632, 774041.736351152998395 ], [ 3970990.775971535593271, 774041.736351152998395 ], [ 3970953.351454186718911, 774041.736351152998395 ], [ 3970915.926936837844551, 774041.736351152998395 ], [ 3970889.463806837797165, 774015.27322115295101 ], [ 3970889.463806837797165, 773977.848703804076649 ], [ 3970889.463806837797165, 773940.424186455202289 ], [ 3970889.463806837797165, 773902.999669106327929 ], [ 3970889.463806837797165, 773865.575151757453568 ], [ 3970852.039289488922805, 773865.575151757453568 ], [ 3970814.614772140048444, 773865.575151757453568 ], [ 3970777.190254791174084, 773865.575151757453568 ], [ 3970739.765737442299724, 773865.575151757453568 ], [ 3970702.341220093425363, 773865.575151757453568 ], [ 3970664.916702744551003, 773865.575151757453568 ], [ 3970627.492185395676643, 773865.575151757453568 ], [ 3970590.067668046802282, 773865.575151757453568 ], [ 3970590.067668046802282, 773828.150634408579208 ], [ 3970590.067668046802282, 773790.726117059704848 ], [ 3970590.067668046802282, 773753.301599710830487 ], [ 3970590.067668046802282, 773715.877082361956127 ], [ 3970563.604538046754897, 773689.413952361908741 ], [ 3970526.180020697880536, 773689.413952361908741 ], [ 3970488.755503349006176, 773689.413952361908741 ], [ 3970451.330986000131816, 773689.413952361908741 ], [ 3970424.867856, 773662.950822361861356 ], [ 3970424.867856, 773625.526305012986995 ], [ 3970424.867856, 773588.101787664112635 ], [ 3970424.867856, 773550.677270315238275 ], [ 3970398.404726, 773524.214140315190889 ], [ 3970360.980208651162684, 773524.214140315190889 ], [ 3970323.555691302288324, 773524.214140315190889 ], [ 3970286.131173953413963, 773524.214140315190889 ], [ 3970248.706656604539603, 773524.214140315190889 ], [ 3970211.282139255665243, 773524.214140315190889 ], [ 3970173.857621906790882, 773524.214140315190889 ], [ 3970136.433104557916522, 773524.214140315190889 ], [ 3970099.008587209042162, 773524.214140315190889 ], [ 3970072.545457208994776, 773497.751010315143503 ], [ 3970072.545457208994776, 773460.326492966269143 ], [ 3970072.545457208994776, 773422.901975617394783 ], [ 3970072.545457208994776, 773385.477458268520422 ], [ 3970046.08232720894739, 773359.014328268473037 ], [ 3970008.65780986007303, 773359.014328268473037 ], [ 3969971.23329251119867, 773359.014328268473037 ], [ 3969933.808775162324309, 773359.014328268473037 ], [ 3969896.384257813449949, 773359.014328268473037 ], [ 3969858.959740464575589, 773359.014328268473037 ], [ 3969821.535223115701228, 773359.014328268473037 ], [ 3969784.110705766826868, 773359.014328268473037 ], [ 3969757.647575766779482, 773332.551198268425651 ], [ 3969757.647575766779482, 773295.126680919551291 ], [ 3969757.647575766779482, 773257.70216357067693 ], [ 3969757.647575766779482, 773220.27764622180257 ], [ 3969757.647575766779482, 773182.85312887292821 ], [ 3969757.647575766779482, 773145.428611524053849 ], [ 3969757.647575766779482, 773108.004094175179489 ], [ 3969757.647575766779482, 773070.579576826305129 ], [ 3969757.647575766779482, 773033.155059477430768 ], [ 3969720.223058417905122, 773033.155059477430768 ], [ 3969682.798541069030762, 773033.155059477430768 ], [ 3969645.374023720156401, 773033.155059477430768 ], [ 3969607.949506371282041, 773033.155059477430768 ], [ 3969570.524989022407681, 773033.155059477430768 ], [ 3969533.10047167353332, 773033.155059477430768 ], [ 3969495.67595432465896, 773033.155059477430768 ], [ 3969458.2514369757846, 773033.155059477430768 ], [ 3969420.826919626910239, 773033.155059477430768 ], [ 3969420.826919626910239, 772995.730542128556408 ], [ 3969420.826919626910239, 772958.306024779682048 ], [ 3969420.826919626910239, 772920.881507430807687 ], [ 3969420.826919626910239, 772883.456990081933327 ], [ 3969383.402402278035879, 772883.456990081933327 ], [ 3969345.977884929161519, 772883.456990081933327 ], [ 3969308.553367580287158, 772883.456990081933327 ], [ 3969271.128850231412798, 772883.456990081933327 ], [ 3969244.665720231365412, 772856.993860081885941 ], [ 3969244.665720231365412, 772819.569342733011581 ], [ 3969244.665720231365412, 772782.144825384137221 ], [ 3969244.665720231365412, 772744.72030803526286 ], [ 3969244.665720231365412, 772707.2957906863885 ], [ 3969207.241202882491052, 772707.2957906863885 ], [ 3969169.816685533616692, 772707.2957906863885 ], [ 3969132.392168184742332, 772707.2957906863885 ], [ 3969105.929038184694946, 772680.832660686341114 ], [ 3969105.929038184694946, 772643.408143337466754 ], [ 3969105.929038184694946, 772605.983625988592394 ], [ 3969105.929038184694946, 772568.559108639718033 ], [ 3969079.46590818464756, 772542.095978639670648 ], [ 3969042.0413908357732, 772542.095978639670648 ], [ 3969004.616873486898839, 772542.095978639670648 ], [ 3968967.192356138024479, 772542.095978639670648 ], [ 3968929.767838789150119, 772542.095978639670648 ], [ 3968892.343321440275759, 772542.095978639670648 ], [ 3968854.918804091401398, 772542.095978639670648 ], [ 3968817.494286742527038, 772542.095978639670648 ], [ 3968780.069769393652678, 772542.095978639670648 ], [ 3968753.606639393605292, 772515.632848639623262 ], [ 3968753.606639393605292, 772478.208331290748902 ], [ 3968753.606639393605292, 772440.783813941874541 ], [ 3968753.606639393605292, 772403.359296593000181 ], [ 3968727.143509393557906, 772376.896166592952795 ], [ 3968689.718992044683546, 772376.896166592952795 ], [ 3968652.294474695809186, 772376.896166592952795 ], [ 3968614.869957346934825, 772376.896166592952795 ], [ 3968588.406827346887439, 772350.43303659290541 ], [ 3968588.406827346887439, 772313.008519244031049 ], [ 3968588.406827346887439, 772275.584001895156689 ], [ 3968588.406827346887439, 772238.159484546282329 ], [ 3968588.406827346887439, 772200.734967197407968 ], [ 3968588.406827346887439, 772163.310449848533608 ], [ 3968588.406827346887439, 772125.885932499659248 ], [ 3968588.406827346887439, 772088.461415150784887 ], [ 3968588.406827346887439, 772051.036897801910527 ], [ 3968588.406827346887439, 772013.612380453036167 ], [ 3968588.406827346887439, 771976.187863104161806 ], [ 3968588.406827346887439, 771938.763345755287446 ], [ 3968588.406827346887439, 771901.338828406413086 ], [ 3968588.406827346887439, 771863.914311057538725 ], [ 3968588.406827346887439, 771826.489793708664365 ], [ 3968588.406827346887439, 771789.065276359790005 ], [ 3968588.406827346887439, 771751.640759010915644 ], [ 3968588.406827346887439, 771714.216241662041284 ], [ 3968614.869957346934825, 771687.753111661993898 ], [ 3968652.294474695809186, 771687.753111661993898 ], [ 3968689.718992044683546, 771687.753111661993898 ], [ 3968727.143509393557906, 771687.753111661993898 ], [ 3968764.568026742432266, 771687.753111661993898 ], [ 3968764.568026742432266, 771650.328594313119538 ], [ 3968764.568026742432266, 771612.904076964245178 ], [ 3968764.568026742432266, 771575.479559615370817 ], [ 3968764.568026742432266, 771538.055042266496457 ], [ 3968764.568026742432266, 771500.630524917622097 ], [ 3968764.568026742432266, 771463.206007568747737 ], [ 3968764.568026742432266, 771425.781490219873376 ], [ 3968764.568026742432266, 771388.356972870999016 ], [ 3968764.568026742432266, 771350.932455522124656 ], [ 3968764.568026742432266, 771313.507938173250295 ], [ 3968764.568026742432266, 771276.083420824375935 ], [ 3968764.568026742432266, 771238.658903475501575 ], [ 3968764.568026742432266, 771201.234386126627214 ], [ 3968801.992544091306627, 771201.234386126627214 ], [ 3968839.417061440180987, 771201.234386126627214 ], [ 3968876.841578789055347, 771201.234386126627214 ], [ 3968914.266096137929708, 771201.234386126627214 ], [ 3968940.729226137977093, 771174.771256126579829 ], [ 3968940.729226137977093, 771137.346738777705468 ], [ 3968940.729226137977093, 771099.922221428831108 ], [ 3968940.729226137977093, 771062.497704079956748 ], [ 3968967.192356138024479, 771036.034574079909362 ], [ 3969004.616873486898839, 771036.034574079909362 ], [ 3969042.0413908357732, 771036.034574079909362 ], [ 3969079.46590818464756, 771036.034574079909362 ], [ 3969105.929038184694946, 771009.571444079861976 ], [ 3969105.929038184694946, 770972.146926730987616 ], [ 3969105.929038184694946, 770934.722409382113256 ], [ 3969105.929038184694946, 770897.297892033238895 ], [ 3969105.929038184694946, 770859.873374684364535 ], [ 3969105.929038184694946, 770822.448857335490175 ], [ 3969105.929038184694946, 770785.024339986615814 ], [ 3969105.929038184694946, 770747.599822637741454 ], [ 3969105.929038184694946, 770710.175305288867094 ], [ 3969105.929038184694946, 770672.750787939992733 ], [ 3969105.929038184694946, 770635.326270591118373 ], [ 3969105.929038184694946, 770597.901753242244013 ], [ 3969105.929038184694946, 770560.477235893369652 ], [ 3969105.929038184694946, 770523.052718544495292 ], [ 3969105.929038184694946, 770485.628201195620932 ], [ 3969105.929038184694946, 770448.203683846746571 ], [ 3969105.929038184694946, 770410.779166497872211 ], [ 3969105.929038184694946, 770373.354649148997851 ], [ 3969105.929038184694946, 770335.93013180012349 ], [ 3969105.929038184694946, 770298.50561445124913 ], [ 3969105.929038184694946, 770261.08109710237477 ], [ 3969105.929038184694946, 770223.656579753500409 ], [ 3969132.392168184742332, 770197.193449753453024 ], [ 3969169.816685533616692, 770197.193449753453024 ], [ 3969207.241202882491052, 770197.193449753453024 ], [ 3969244.665720231365412, 770197.193449753453024 ], [ 3969244.665720231365412, 770159.768932404578663 ], [ 3969244.665720231365412, 770122.344415055704303 ], [ 3969244.665720231365412, 770084.919897706829943 ], [ 3969244.665720231365412, 770047.495380357955582 ], [ 3969244.665720231365412, 770010.070863009081222 ], [ 3969244.665720231365412, 769972.646345660206862 ], [ 3969244.665720231365412, 769935.221828311332501 ], [ 3969244.665720231365412, 769897.797310962458141 ], [ 3969271.128850231412798, 769871.334180962410755 ], [ 3969308.553367580287158, 769871.334180962410755 ], [ 3969345.977884929161519, 769871.334180962410755 ], [ 3969383.402402278035879, 769871.334180962410755 ], [ 3969420.826919626910239, 769871.334180962410755 ], [ 3969420.826919626910239, 769833.909663613536395 ], [ 3969420.826919626910239, 769796.485146264662035 ], [ 3969420.826919626910239, 769759.060628915787674 ], [ 3969420.826919626910239, 769721.636111566913314 ], [ 3969420.826919626910239, 769684.211594218038954 ], [ 3969420.826919626910239, 769646.787076869164594 ], [ 3969420.826919626910239, 769609.362559520290233 ], [ 3969420.826919626910239, 769571.938042171415873 ], [ 3969447.290049626957625, 769545.474912171368487 ], [ 3969484.714566975831985, 769545.474912171368487 ], [ 3969522.139084324706346, 769545.474912171368487 ], [ 3969559.563601673580706, 769545.474912171368487 ], [ 3969596.988119022455066, 769545.474912171368487 ], [ 3969596.988119022455066, 769508.050394822494127 ], [ 3969596.988119022455066, 769470.625877473619767 ], [ 3969596.988119022455066, 769433.201360124745406 ], [ 3969596.988119022455066, 769395.776842775871046 ], [ 3969623.451249022502452, 769369.31371277582366 ], [ 3969660.875766371376812, 769369.31371277582366 ], [ 3969698.300283720251173, 769369.31371277582366 ], [ 3969735.724801069125533, 769369.31371277582366 ], [ 3969762.187931069172919, 769342.850582775776275 ], [ 3969762.187931069172919, 769305.426065426901914 ], [ 3969762.187931069172919, 769268.001548078027554 ], [ 3969762.187931069172919, 769230.577030729153194 ], [ 3969788.651061069220304, 769204.113900729105808 ], [ 3969826.075578418094665, 769204.113900729105808 ], [ 3969863.500095766969025, 769204.113900729105808 ], [ 3969900.924613115843385, 769204.113900729105808 ], [ 3969938.349130464717746, 769204.113900729105808 ], [ 3969975.773647813592106, 769204.113900729105808 ], [ 3970013.198165162466466, 769204.113900729105808 ], [ 3970050.622682511340827, 769204.113900729105808 ], [ 3970088.047199860215187, 769204.113900729105808 ], [ 3970088.047199860215187, 769166.689383380231448 ], [ 3970088.047199860215187, 769129.264866031357087 ], [ 3970088.047199860215187, 769091.840348682482727 ], [ 3970088.047199860215187, 769054.415831333608367 ], [ 3970125.471717209089547, 769054.415831333608367 ], [ 3970162.896234557963908, 769054.415831333608367 ], [ 3970200.320751906838268, 769054.415831333608367 ], [ 3970237.745269255712628, 769054.415831333608367 ], [ 3970237.745269255712628, 769016.991313984734006 ], [ 3970237.745269255712628, 768979.566796635859646 ], [ 3970237.745269255712628, 768942.142279286985286 ], [ 3970237.745269255712628, 768904.717761938110925 ], [ 3970264.208399255760014, 768878.25463193806354 ], [ 3970301.632916604634374, 768878.25463193806354 ], [ 3970339.057433953508735, 768878.25463193806354 ], [ 3970376.481951302383095, 768878.25463193806354 ], [ 3970413.906468651257455, 768878.25463193806354 ], [ 3970451.330986000131816, 768878.25463193806354 ], [ 3970488.755503349006176, 768878.25463193806354 ], [ 3970526.180020697880536, 768878.25463193806354 ], [ 3970563.604538046754897, 768878.25463193806354 ], [ 3970601.029055395629257, 768878.25463193806354 ], [ 3970638.453572744503617, 768878.25463193806354 ], [ 3970675.878090093377978, 768878.25463193806354 ], [ 3970713.302607442252338, 768878.25463193806354 ], [ 3970750.727124791126698, 768878.25463193806354 ], [ 3970750.727124791126698, 768840.830114589189179 ], [ 3970750.727124791126698, 768803.405597240314819 ], [ 3970750.727124791126698, 768765.981079891440459 ], [ 3970750.727124791126698, 768728.556562542566098 ], [ 3970777.190254791174084, 768702.093432542518713 ], [ 3970814.614772140048444, 768702.093432542518713 ], [ 3970852.039289488922805, 768702.093432542518713 ], [ 3970889.463806837797165, 768702.093432542518713 ], [ 3970926.888324186671525, 768702.093432542518713 ], [ 3970964.312841535545886, 768702.093432542518713 ], [ 3971001.737358884420246, 768702.093432542518713 ], [ 3971039.161876233294606, 768702.093432542518713 ], [ 3971076.586393582168967, 768702.093432542518713 ], [ 3971114.010910931043327, 768702.093432542518713 ], [ 3971151.435428279917687, 768702.093432542518713 ], [ 3971188.859945628792048, 768702.093432542518713 ], [ 3971226.284462977666408, 768702.093432542518713 ], [ 3971263.708980326540768, 768702.093432542518713 ], [ 3971263.708980326540768, 768739.517949891393073 ], [ 3971263.708980326540768, 768776.942467240267433 ], [ 3971263.708980326540768, 768814.366984589141794 ], [ 3971263.708980326540768, 768851.791501938016154 ], [ 3971263.708980326540768, 768889.216019286890514 ], [ 3971301.133497675415128, 768889.216019286890514 ], [ 3971338.558015024289489, 768889.216019286890514 ], [ 3971375.982532373163849, 768889.216019286890514 ], [ 3971413.407049722038209, 768889.216019286890514 ], [ 3971450.83156707091257, 768889.216019286890514 ], [ 3971488.25608441978693, 768889.216019286890514 ], [ 3971525.68060176866129, 768889.216019286890514 ], [ 3971563.105119117535651, 768889.216019286890514 ], [ 3971600.529636466410011, 768889.216019286890514 ], [ 3971637.954153815284371, 768889.216019286890514 ], [ 3971675.378671164158732, 768889.216019286890514 ], [ 3971712.803188513033092, 768889.216019286890514 ], [ 3971750.227705861907452, 768889.216019286890514 ], [ 3971787.652223210781813, 768889.216019286890514 ], [ 3971825.076740559656173, 768889.216019286890514 ], [ 3971862.501257908530533, 768889.216019286890514 ], [ 3971899.925775257404894, 768889.216019286890514 ], [ 3971937.350292606279254, 768889.216019286890514 ], [ 3971974.774809955153614, 768889.216019286890514 ], [ 3972012.199327304027975, 768889.216019286890514 ], [ 3972049.623844652902335, 768889.216019286890514 ], [ 3972087.048362001776695, 768889.216019286890514 ], [ 3972124.472879350651056, 768889.216019286890514 ], [ 3972161.897396699525416, 768889.216019286890514 ], [ 3972199.321914048399776, 768889.216019286890514 ], [ 3972236.746431397274137, 768889.216019286890514 ], [ 3972274.170948746148497, 768889.216019286890514 ], [ 3972311.595466095022857, 768889.216019286890514 ], [ 3972349.019983443897218, 768889.216019286890514 ], [ 3972386.444500792771578, 768889.216019286890514 ], [ 3972423.869018141645938, 768889.216019286890514 ], [ 3972461.293535490520298, 768889.216019286890514 ], [ 3972498.718052839394659, 768889.216019286890514 ], [ 3972536.142570188269019, 768889.216019286890514 ], [ 3972573.567087537143379, 768889.216019286890514 ], [ 3972610.99160488601774, 768889.216019286890514 ], [ 3972648.4161222348921, 768889.216019286890514 ], [ 3972685.84063958376646, 768889.216019286890514 ], [ 3972723.265156932640821, 768889.216019286890514 ], [ 3972760.689674281515181, 768889.216019286890514 ], [ 3972798.114191630389541, 768889.216019286890514 ], [ 3972835.538708979263902, 768889.216019286890514 ], [ 3972872.963226328138262, 768889.216019286890514 ], [ 3972910.387743677012622, 768889.216019286890514 ], [ 3972947.812261025886983, 768889.216019286890514 ], [ 3972985.236778374761343, 768889.216019286890514 ], [ 3973022.661295723635703, 768889.216019286890514 ], [ 3973060.085813072510064, 768889.216019286890514 ], [ 3973060.085813072510064, 768926.640536635764875 ], [ 3973060.085813072510064, 768964.065053984639235 ], [ 3973060.085813072510064, 769001.489571333513595 ], [ 3973060.085813072510064, 769038.914088682387955 ], [ 3973097.510330421384424, 769038.914088682387955 ], [ 3973134.934847770258784, 769038.914088682387955 ], [ 3973172.359365119133145, 769038.914088682387955 ], [ 3973209.783882468007505, 769038.914088682387955 ], [ 3973247.208399816881865, 769038.914088682387955 ], [ 3973284.632917165756226, 769038.914088682387955 ], [ 3973322.057434514630586, 769038.914088682387955 ], [ 3973359.481951863504946, 769038.914088682387955 ], [ 3973396.906469212379307, 769038.914088682387955 ], [ 3973434.330986561253667, 769038.914088682387955 ], [ 3973471.755503910128027, 769038.914088682387955 ], [ 3973509.180021259002388, 769038.914088682387955 ], [ 3973546.604538607876748, 769038.914088682387955 ], [ 3973584.029055956751108, 769038.914088682387955 ], [ 3973621.453573305625468, 769038.914088682387955 ], [ 3973658.878090654499829, 769038.914088682387955 ], [ 3973696.302608003374189, 769038.914088682387955 ], [ 3973733.727125352248549, 769038.914088682387955 ], [ 3973771.15164270112291, 769038.914088682387955 ], [ 3973808.57616004999727, 769038.914088682387955 ], [ 3973846.00067739887163, 769038.914088682387955 ], [ 3973883.425194747745991, 769038.914088682387955 ], [ 3973920.849712096620351, 769038.914088682387955 ], [ 3973958.274229445494711, 769038.914088682387955 ], [ 3973995.698746794369072, 769038.914088682387955 ], [ 3974033.123264143243432, 769038.914088682387955 ], [ 3974033.123264143243432, 769076.338606031262316 ], [ 3974033.123264143243432, 769113.763123380136676 ], [ 3974033.123264143243432, 769151.187640729011036 ], [ 3974033.123264143243432, 769188.612158077885397 ], [ 3974059.586394143290818, 769215.075288077932782 ], [ 3974097.010911492165178, 769215.075288077932782 ], [ 3974134.435428841039538, 769215.075288077932782 ], [ 3974171.859946189913899, 769215.075288077932782 ], [ 3974209.284463538788259, 769215.075288077932782 ], [ 3974246.708980887662619, 769215.075288077932782 ], [ 3974284.13349823653698, 769215.075288077932782 ], [ 3974321.55801558541134, 769215.075288077932782 ], [ 3974358.9825329342857, 769215.075288077932782 ], [ 3974396.407050283160061, 769215.075288077932782 ], [ 3974433.831567632034421, 769215.075288077932782 ], [ 3974471.256084980908781, 769215.075288077932782 ], [ 3974508.680602329783142, 769215.075288077932782 ], [ 3974546.105119678657502, 769215.075288077932782 ], [ 3974583.529637027531862, 769215.075288077932782 ], [ 3974620.954154376406223, 769215.075288077932782 ], [ 3974658.378671725280583, 769215.075288077932782 ], [ 3974684.841801725327969, 769188.612158077885397 ], [ 3974684.841801725327969, 769151.187640729011036 ], [ 3974684.841801725327969, 769113.763123380136676 ], [ 3974684.841801725327969, 769076.338606031262316 ], [ 3974711.304931725375354, 769049.87547603121493 ], [ 3974748.729449074249715, 769049.87547603121493 ], [ 3974786.153966423124075, 769049.87547603121493 ], [ 3974823.578483771998435, 769049.87547603121493 ], [ 3974861.003001120872796, 769049.87547603121493 ], [ 3974898.427518469747156, 769049.87547603121493 ], [ 3974935.852035818621516, 769049.87547603121493 ], [ 3974973.276553167495877, 769049.87547603121493 ], [ 3975010.701070516370237, 769049.87547603121493 ], [ 3975048.125587865244597, 769049.87547603121493 ], [ 3975085.550105214118958, 769049.87547603121493 ], [ 3975122.974622562993318, 769049.87547603121493 ], [ 3975160.399139911867678, 769049.87547603121493 ], [ 3975197.823657260742038, 769049.87547603121493 ], [ 3975235.248174609616399, 769049.87547603121493 ], [ 3975272.672691958490759, 769049.87547603121493 ], [ 3975310.097209307365119, 769049.87547603121493 ], [ 3975347.52172665623948, 769049.87547603121493 ], [ 3975384.94624400511384, 769049.87547603121493 ], [ 3975422.3707613539882, 769049.87547603121493 ], [ 3975459.795278702862561, 769049.87547603121493 ], [ 3975497.219796051736921, 769049.87547603121493 ], [ 3975534.644313400611281, 769049.87547603121493 ], [ 3975572.068830749485642, 769049.87547603121493 ], [ 3975609.493348098360002, 769049.87547603121493 ], [ 3975646.917865447234362, 769049.87547603121493 ], [ 3975684.342382796108723, 769049.87547603121493 ], [ 3975721.766900144983083, 769049.87547603121493 ], [ 3975759.191417493857443, 769049.87547603121493 ], [ 3975796.615934842731804, 769049.87547603121493 ], [ 3975834.040452191606164, 769049.87547603121493 ], [ 3975834.040452191606164, 769012.45095868234057 ], [ 3975834.040452191606164, 768975.026441333466209 ], [ 3975834.040452191606164, 768937.601923984591849 ], [ 3975834.040452191606164, 768900.177406635717489 ], [ 3975860.50358219165355, 768873.714276635670103 ], [ 3975897.92809954052791, 768873.714276635670103 ], [ 3975935.35261688940227, 768873.714276635670103 ], [ 3975972.777134238276631, 768873.714276635670103 ], [ 3976010.201651587150991, 768873.714276635670103 ], [ 3976047.626168936025351, 768873.714276635670103 ], [ 3976085.050686284899712, 768873.714276635670103 ], [ 3976122.475203633774072, 768873.714276635670103 ], [ 3976159.899720982648432, 768873.714276635670103 ], [ 3976197.324238331522793, 768873.714276635670103 ], [ 3976234.748755680397153, 768873.714276635670103 ], [ 3976272.173273029271513, 768873.714276635670103 ], [ 3976309.597790378145874, 768873.714276635670103 ], [ 3976347.022307727020234, 768873.714276635670103 ], [ 3976384.446825075894594, 768873.714276635670103 ], [ 3976421.871342424768955, 768873.714276635670103 ], [ 3976459.295859773643315, 768873.714276635670103 ], [ 3976496.720377122517675, 768873.714276635670103 ], [ 3976534.144894471392035, 768873.714276635670103 ], [ 3976571.569411820266396, 768873.714276635670103 ], [ 3976608.993929169140756, 768873.714276635670103 ], [ 3976646.418446518015116, 768873.714276635670103 ], [ 3976683.842963866889477, 768873.714276635670103 ], [ 3976721.267481215763837, 768873.714276635670103 ], [ 3976758.691998564638197, 768873.714276635670103 ], [ 3976796.116515913512558, 768873.714276635670103 ], [ 3976833.541033262386918, 768873.714276635670103 ], [ 3976870.965550611261278, 768873.714276635670103 ], [ 3976908.390067960135639, 768873.714276635670103 ], [ 3976945.814585309009999, 768873.714276635670103 ], [ 3976983.239102657884359, 768873.714276635670103 ], [ 3977020.66362000675872, 768873.714276635670103 ], [ 3977058.08813735563308, 768873.714276635670103 ], [ 3977095.51265470450744, 768873.714276635670103 ], [ 3977132.937172053381801, 768873.714276635670103 ], [ 3977132.937172053381801, 768836.289759286795743 ], [ 3977132.937172053381801, 768798.865241937921382 ], [ 3977132.937172053381801, 768761.440724589047022 ], [ 3977132.937172053381801, 768724.016207240172662 ], [ 3977132.937172053381801, 768686.591689891298302 ], [ 3977132.937172053381801, 768649.167172542423941 ], [ 3977132.937172053381801, 768611.742655193549581 ], [ 3977132.937172053381801, 768574.318137844675221 ], [ 3977132.937172053381801, 768536.89362049580086 ], [ 3977132.937172053381801, 768499.4691031469265 ], [ 3977132.937172053381801, 768462.04458579805214 ], [ 3977132.937172053381801, 768424.620068449177779 ], [ 3977132.937172053381801, 768387.195551100303419 ] ] ] } }
]
}
