{
"type": "FeatureCollection",
"name": "Shay_Bench",
"crs": { "type": "name", "properties": { "name": "urn:ogc:def:crs:EPSG::3857" } },
"features": [
{ "type": "Feature", "properties": { }, "geometry": { "type": "Polygon", "coordinates": [ [ [ 3977327.151447881478816, 768228.437098738271743 ], [ 3977728.285291966050863, 767388.053866544738412 ], [ 3977972.005781613755971, 766612.579581301775761 ], [ 3978016.318597913719714, 765837.105296058696695 ], [ 3977949.849373464006931, 764596.346439669840038 ], [ 3977816.910924565512687, 763820.872154426877387 ], [ 3977676.183980755042285, 763440.796360146487132 ], [ 3977648.470361370127648, 763365.947325448738411 ], [ 3977648.470361370127648, 763328.522808099864051 ], [ 3977648.470361370127648, 763291.09829075098969 ], [ 3977648.470361370127648, 763253.67377340211533 ], [ 3977648.470361370127648, 763216.24925605324097 ], [ 3977648.470361370127648, 763178.824738704366609 ], [ 3977648.470361370127648, 763141.400221355492249 ], [ 3977648.470361370127648, 763103.975704006617889 ], [ 3977648.470361370127648, 763066.551186657743528 ], [ 3977648.470361370127648, 763029.126669308869168 ], [ 3977648.470361370127648, 762991.702151959994808 ], [ 3977648.470361370127648, 762954.277634611120448 ], [ 3977611.045844021253288, 762954.277634611120448 ], [ 3977573.621326672378927, 762954.277634611120448 ], [ 3977536.196809323504567, 762954.277634611120448 ], [ 3977498.772291974630207, 762954.277634611120448 ], [ 3977498.772291974630207, 762916.853117262246087 ], [ 3977498.772291974630207, 762879.428599913371727 ], [ 3977498.772291974630207, 762842.004082564497367 ], [ 3977498.772291974630207, 762804.579565215623006 ], [ 3977498.772291974630207, 762767.155047866748646 ], [ 3977498.772291974630207, 762729.730530517874286 ], [ 3977498.772291974630207, 762692.306013168999925 ], [ 3977498.772291974630207, 762654.881495820125565 ], [ 3977498.772291974630207, 762617.456978471251205 ], [ 3977498.772291974630207, 762580.032461122376844 ], [ 3977498.772291974630207, 762542.607943773502484 ], [ 3977498.772291974630207, 762505.183426424628124 ], [ 3977498.772291974630207, 762467.758909075753763 ], [ 3977498.772291974630207, 762430.334391726879403 ], [ 3977498.772291974630207, 762392.909874378005043 ], [ 3977498.772291974630207, 762355.485357029130682 ], [ 3977498.772291974630207, 762318.060839680256322 ], [ 3977498.772291974630207, 762280.636322331381962 ], [ 3977461.347774625755847, 762280.636322331381962 ], [ 3977423.923257276881486, 762280.636322331381962 ], [ 3977386.498739928007126, 762280.636322331381962 ], [ 3977349.074222579132766, 762280.636322331381962 ], [ 3977322.61109257908538, 762254.173192331334576 ], [ 3977322.61109257908538, 762216.748674982460216 ], [ 3977322.61109257908538, 762179.324157633585855 ], [ 3977322.61109257908538, 762141.899640284711495 ], [ 3977296.147962579037994, 762115.436510284664109 ], [ 3977258.723445230163634, 762115.436510284664109 ], [ 3977221.298927881289274, 762115.436510284664109 ], [ 3977183.874410532414913, 762115.436510284664109 ], [ 3977146.449893183540553, 762115.436510284664109 ], [ 3977109.025375834666193, 762115.436510284664109 ], [ 3977071.600858485791832, 762115.436510284664109 ], [ 3977034.176341136917472, 762115.436510284664109 ], [ 3976996.751823788043112, 762115.436510284664109 ], [ 3976959.327306439168751, 762115.436510284664109 ], [ 3976921.902789090294391, 762115.436510284664109 ], [ 3976884.478271741420031, 762115.436510284664109 ], [ 3976847.05375439254567, 762115.436510284664109 ], [ 3976820.590624392498285, 762088.973380284616724 ], [ 3976820.590624392498285, 762051.548862935742363 ], [ 3976820.590624392498285, 762014.124345586868003 ], [ 3976820.590624392498285, 761976.699828237993643 ], [ 3976794.127494392450899, 761950.236698237946257 ], [ 3976756.702977043576539, 761950.236698237946257 ], [ 3976719.278459694702178, 761950.236698237946257 ], [ 3976681.853942345827818, 761950.236698237946257 ], [ 3976655.390812345780432, 761923.773568237898871 ], [ 3976655.390812345780432, 761886.349050889024511 ], [ 3976655.390812345780432, 761848.924533540150151 ], [ 3976655.390812345780432, 761811.50001619127579 ], [ 3976628.927682345733047, 761785.036886191228405 ], [ 3976591.503164996858686, 761785.036886191228405 ], [ 3976554.078647647984326, 761785.036886191228405 ], [ 3976516.654130299109966, 761785.036886191228405 ], [ 3976479.229612950235605, 761785.036886191228405 ], [ 3976441.805095601361245, 761785.036886191228405 ], [ 3976404.380578252486885, 761785.036886191228405 ], [ 3976366.956060903612524, 761785.036886191228405 ], [ 3976329.531543554738164, 761785.036886191228405 ], [ 3976292.107026205863804, 761785.036886191228405 ], [ 3976254.682508856989443, 761785.036886191228405 ], [ 3976217.257991508115083, 761785.036886191228405 ], [ 3976179.833474159240723, 761785.036886191228405 ], [ 3976153.370344159193337, 761758.573756191181019 ], [ 3976153.370344159193337, 761721.149238842306659 ], [ 3976153.370344159193337, 761683.724721493432298 ], [ 3976153.370344159193337, 761646.300204144557938 ], [ 3976126.907214159145951, 761619.837074144510552 ], [ 3976089.482696810271591, 761619.837074144510552 ], [ 3976052.058179461397231, 761619.837074144510552 ], [ 3976014.63366211252287, 761619.837074144510552 ], [ 3976014.63366211252287, 761582.412556795636192 ], [ 3976014.63366211252287, 761544.988039446761832 ], [ 3976014.63366211252287, 761507.563522097887471 ], [ 3976014.63366211252287, 761470.139004749013111 ], [ 3975977.20914476364851, 761470.139004749013111 ], [ 3975939.78462741477415, 761470.139004749013111 ], [ 3975902.360110065899789, 761470.139004749013111 ], [ 3975864.935592717025429, 761470.139004749013111 ], [ 3975827.511075368151069, 761470.139004749013111 ], [ 3975790.086558019276708, 761470.139004749013111 ], [ 3975752.662040670402348, 761470.139004749013111 ], [ 3975715.237523321527988, 761470.139004749013111 ], [ 3975677.813005972653627, 761470.139004749013111 ], [ 3975640.388488623779267, 761470.139004749013111 ], [ 3975602.963971274904907, 761470.139004749013111 ], [ 3975565.539453926030546, 761470.139004749013111 ], [ 3975528.114936577156186, 761470.139004749013111 ], [ 3975501.6518065771088, 761443.675874748965725 ], [ 3975501.6518065771088, 761406.251357400091365 ], [ 3975501.6518065771088, 761368.826840051217005 ], [ 3975501.6518065771088, 761331.402322702342644 ], [ 3975501.6518065771088, 761293.977805353468284 ], [ 3975464.22728922823444, 761293.977805353468284 ], [ 3975426.80277187936008, 761293.977805353468284 ], [ 3975389.378254530485719, 761293.977805353468284 ], [ 3975351.953737181611359, 761293.977805353468284 ], [ 3975351.953737181611359, 761256.553288004593924 ], [ 3975351.953737181611359, 761219.128770655719563 ], [ 3975351.953737181611359, 761181.704253306845203 ], [ 3975351.953737181611359, 761144.279735957970843 ], [ 3975314.529219832736999, 761144.279735957970843 ], [ 3975277.104702483862638, 761144.279735957970843 ], [ 3975239.680185134988278, 761144.279735957970843 ], [ 3975202.255667786113918, 761144.279735957970843 ], [ 3975164.831150437239558, 761144.279735957970843 ], [ 3975127.406633088365197, 761144.279735957970843 ], [ 3975089.982115739490837, 761144.279735957970843 ], [ 3975052.557598390616477, 761144.279735957970843 ], [ 3975026.094468390569091, 761117.816605957923457 ], [ 3975026.094468390569091, 761080.392088609049097 ], [ 3975026.094468390569091, 761042.967571260174736 ], [ 3975026.094468390569091, 761005.543053911300376 ], [ 3975026.094468390569091, 760968.118536562426016 ], [ 3974988.669951041694731, 760968.118536562426016 ], [ 3974951.24543369282037, 760968.118536562426016 ], [ 3974913.82091634394601, 760968.118536562426016 ], [ 3974876.39639899507165, 760968.118536562426016 ], [ 3974838.971881646197289, 760968.118536562426016 ], [ 3974801.547364297322929, 760968.118536562426016 ], [ 3974764.122846948448569, 760968.118536562426016 ], [ 3974726.698329599574208, 760968.118536562426016 ], [ 3974689.273812250699848, 760968.118536562426016 ], [ 3974689.273812250699848, 760930.694019213551655 ], [ 3974689.273812250699848, 760893.269501864677295 ], [ 3974689.273812250699848, 760855.844984515802935 ], [ 3974689.273812250699848, 760818.420467166928574 ], [ 3974662.810682250652462, 760791.957337166881189 ], [ 3974625.386164901778102, 760791.957337166881189 ], [ 3974587.961647552903742, 760791.957337166881189 ], [ 3974550.537130204029381, 760791.957337166881189 ], [ 3974513.112612855155021, 760791.957337166881189 ], [ 3974475.688095506280661, 760791.957337166881189 ], [ 3974438.2635781574063, 760791.957337166881189 ], [ 3974400.83906080853194, 760791.957337166881189 ], [ 3974374.375930808484554, 760765.494207166833803 ], [ 3974374.375930808484554, 760728.069689817959443 ], [ 3974374.375930808484554, 760690.645172469085082 ], [ 3974374.375930808484554, 760653.220655120210722 ], [ 3974347.912800808437169, 760626.757525120163336 ], [ 3974310.488283459562808, 760626.757525120163336 ], [ 3974273.063766110688448, 760626.757525120163336 ], [ 3974235.639248761814088, 760626.757525120163336 ], [ 3974198.214731412939727, 760626.757525120163336 ], [ 3974160.790214064065367, 760626.757525120163336 ], [ 3974123.365696715191007, 760626.757525120163336 ], [ 3974085.941179366316646, 760626.757525120163336 ], [ 3974048.516662017442286, 760626.757525120163336 ], [ 3974011.092144668567926, 760626.757525120163336 ], [ 3973973.667627319693565, 760626.757525120163336 ], [ 3973936.243109970819205, 760626.757525120163336 ], [ 3973898.818592621944845, 760626.757525120163336 ], [ 3973872.355462621897459, 760600.294395120115951 ], [ 3973872.355462621897459, 760562.86987777124159 ], [ 3973872.355462621897459, 760525.44536042236723 ], [ 3973872.355462621897459, 760488.02084307349287 ], [ 3973845.892332621850073, 760461.557713073445484 ], [ 3973808.467815272975713, 760461.557713073445484 ], [ 3973771.043297924101353, 760461.557713073445484 ], [ 3973733.618780575226992, 760461.557713073445484 ], [ 3973707.155650575179607, 760435.094583073398098 ], [ 3973707.155650575179607, 760397.670065724523738 ], [ 3973707.155650575179607, 760360.245548375649378 ], [ 3973707.155650575179607, 760322.821031026775017 ], [ 3973680.692520575132221, 760296.357901026727632 ], [ 3973643.268003226257861, 760296.357901026727632 ], [ 3973605.8434858773835, 760296.357901026727632 ], [ 3973568.41896852850914, 760296.357901026727632 ], [ 3973530.99445117963478, 760296.357901026727632 ], [ 3973493.569933830760419, 760296.357901026727632 ], [ 3973456.145416481886059, 760296.357901026727632 ], [ 3973418.720899133011699, 760296.357901026727632 ], [ 3973381.296381784137338, 760296.357901026727632 ], [ 3973343.871864435262978, 760296.357901026727632 ], [ 3973306.447347086388618, 760296.357901026727632 ], [ 3973269.022829737514257, 760296.357901026727632 ], [ 3973231.598312388639897, 760296.357901026727632 ], [ 3973205.135182388592511, 760269.894771026680246 ], [ 3973205.135182388592511, 760232.470253677805886 ], [ 3973205.135182388592511, 760195.045736328931525 ], [ 3973205.135182388592511, 760157.621218980057165 ], [ 3973205.135182388592511, 760120.196701631182805 ], [ 3973205.135182388592511, 760082.772184282308444 ], [ 3973205.135182388592511, 760045.347666933434084 ], [ 3973205.135182388592511, 760007.923149584559724 ], [ 3973205.135182388592511, 759970.498632235685363 ], [ 3973167.710665039718151, 759970.498632235685363 ], [ 3973130.286147690843791, 759970.498632235685363 ], [ 3973092.86163034196943, 759970.498632235685363 ], [ 3973055.43711299309507, 759970.498632235685363 ], [ 3973028.973982993047684, 759944.035502235637978 ], [ 3973028.973982993047684, 759906.610984886763617 ], [ 3973028.973982993047684, 759869.186467537889257 ], [ 3973028.973982993047684, 759831.761950189014897 ], [ 3973028.973982993047684, 759794.337432840140536 ], [ 3973028.973982993047684, 759756.912915491266176 ], [ 3973028.973982993047684, 759719.488398142391816 ], [ 3973028.973982993047684, 759682.063880793517455 ], [ 3973028.973982993047684, 759644.639363444643095 ], [ 3972991.549465644173324, 759644.639363444643095 ], [ 3972954.124948295298964, 759644.639363444643095 ], [ 3972916.700430946424603, 759644.639363444643095 ], [ 3972890.237300946377218, 759618.176233444595709 ], [ 3972890.237300946377218, 759580.751716095721349 ], [ 3972890.237300946377218, 759543.327198746846989 ], [ 3972890.237300946377218, 759505.902681397972628 ], [ 3972890.237300946377218, 759468.478164049098268 ], [ 3972852.812783597502857, 759468.478164049098268 ], [ 3972815.388266248628497, 759468.478164049098268 ], [ 3972777.963748899754137, 759468.478164049098268 ], [ 3972740.539231550879776, 759468.478164049098268 ], [ 3972703.114714202005416, 759468.478164049098268 ], [ 3972665.690196853131056, 759468.478164049098268 ], [ 3972628.265679504256696, 759468.478164049098268 ], [ 3972590.841162155382335, 759468.478164049098268 ], [ 3972553.416644806507975, 759468.478164049098268 ], [ 3972515.992127457633615, 759468.478164049098268 ], [ 3972478.567610108759254, 759468.478164049098268 ], [ 3972441.143092759884894, 759468.478164049098268 ], [ 3972403.718575411010534, 759468.478164049098268 ], [ 3972403.718575411010534, 759505.902681397972628 ], [ 3972403.718575411010534, 759543.327198746846989 ], [ 3972403.718575411010534, 759580.751716095721349 ], [ 3972403.718575411010534, 759618.176233444595709 ], [ 3972403.718575411010534, 759655.60075079347007 ], [ 3972403.718575411010534, 759693.02526814234443 ], [ 3972403.718575411010534, 759730.44978549121879 ], [ 3972403.718575411010534, 759767.874302840093151 ], [ 3972403.718575411010534, 759805.298820188967511 ], [ 3972366.294058062136173, 759805.298820188967511 ], [ 3972328.869540713261813, 759805.298820188967511 ], [ 3972291.445023364387453, 759805.298820188967511 ], [ 3972254.020506015513092, 759805.298820188967511 ], [ 3972216.595988666638732, 759805.298820188967511 ], [ 3972179.171471317764372, 759805.298820188967511 ], [ 3972141.746953968890011, 759805.298820188967511 ], [ 3972104.322436620015651, 759805.298820188967511 ], [ 3972072.112645089626312, 759765.604125189012848 ], [ 3972073.584919172804803, 759725.909430189058185 ], [ 3972073.584919172804803, 759688.484912840183824 ], [ 3972073.584919172804803, 759651.060395491309464 ], [ 3972036.160401823930442, 759651.060395491309464 ], [ 3971998.735884475056082, 759651.060395491309464 ], [ 3971961.311367126181722, 759651.060395491309464 ], [ 3971923.886849777307361, 759651.060395491309464 ], [ 3971897.423719777259976, 759624.597265491262078 ], [ 3971897.423719777259976, 759587.172748142387718 ], [ 3971897.423719777259976, 759549.748230793513358 ], [ 3971897.423719777259976, 759512.323713444638997 ], [ 3971897.423719777259976, 759474.899196095764637 ], [ 3971859.999202428385615, 759474.899196095764637 ], [ 3971822.574685079511255, 759474.899196095764637 ], [ 3971785.150167730636895, 759474.899196095764637 ], [ 3971747.725650381762534, 759474.899196095764637 ], [ 3971710.301133032888174, 759474.899196095764637 ], [ 3971672.876615684013814, 759474.899196095764637 ], [ 3971635.452098335139453, 759474.899196095764637 ], [ 3971598.027580986265093, 759474.899196095764637 ], [ 3971560.603063637390733, 759474.899196095764637 ], [ 3971523.178546288516372, 759474.899196095764637 ], [ 3971485.754028939642012, 759474.899196095764637 ], [ 3971448.329511590767652, 759474.899196095764637 ], [ 3971410.904994241893291, 759474.899196095764637 ], [ 3971410.904994241893291, 759437.474678746890277 ], [ 3971410.904994241893291, 759400.050161398015916 ], [ 3971410.904994241893291, 759362.625644049141556 ], [ 3971410.904994241893291, 759325.201126700267196 ], [ 3971373.480476893018931, 759325.201126700267196 ], [ 3971336.055959544144571, 759325.201126700267196 ], [ 3971298.631442195270211, 759325.201126700267196 ], [ 3971261.20692484639585, 759325.201126700267196 ], [ 3971234.743794846348464, 759298.73799670021981 ], [ 3971234.743794846348464, 759261.31347935134545 ], [ 3971234.743794846348464, 759223.888962002471089 ], [ 3971234.743794846348464, 759186.464444653596729 ], [ 3971234.743794846348464, 759149.039927304722369 ], [ 3971197.319277497474104, 759149.039927304722369 ], [ 3971159.894760148599744, 759149.039927304722369 ], [ 3971122.470242799725384, 759149.039927304722369 ], [ 3971085.045725450851023, 759149.039927304722369 ], [ 3971047.621208101976663, 759149.039927304722369 ], [ 3971010.196690753102303, 759149.039927304722369 ], [ 3970972.772173404227942, 759149.039927304722369 ], [ 3970935.347656055353582, 759149.039927304722369 ], [ 3970897.923138706479222, 759149.039927304722369 ], [ 3970860.498621357604861, 759149.039927304722369 ], [ 3970823.074104008730501, 759149.039927304722369 ], [ 3970785.649586659856141, 759149.039927304722369 ], [ 3970748.22506931098178, 759149.039927304722369 ], [ 3970748.22506931098178, 759111.615409955848008 ], [ 3970748.22506931098178, 759074.190892606973648 ], [ 3970748.22506931098178, 759036.766375258099288 ], [ 3970748.22506931098178, 758999.341857909224927 ], [ 3970721.761939310934395, 758972.878727909177542 ], [ 3970684.337421962060034, 758972.878727909177542 ], [ 3970646.912904613185674, 758972.878727909177542 ], [ 3970609.488387264311314, 758972.878727909177542 ], [ 3970583.025257264263928, 758946.415597909130156 ], [ 3970583.025257264263928, 758908.991080560255796 ], [ 3970583.025257264263928, 758871.566563211381435 ], [ 3970583.025257264263928, 758834.142045862507075 ], [ 3970556.562127264216542, 758807.678915862459689 ], [ 3970519.137609915342182, 758807.678915862459689 ], [ 3970481.713092566467822, 758807.678915862459689 ], [ 3970444.288575217593461, 758807.678915862459689 ], [ 3970406.864057868719101, 758807.678915862459689 ], [ 3970369.439540519844741, 758807.678915862459689 ], [ 3970332.01502317097038, 758807.678915862459689 ], [ 3970294.59050582209602, 758807.678915862459689 ], [ 3970257.16598847322166, 758807.678915862459689 ], [ 3970219.741471124347299, 758807.678915862459689 ], [ 3970182.316953775472939, 758807.678915862459689 ], [ 3970144.892436426598579, 758807.678915862459689 ], [ 3970107.467919077724218, 758807.678915862459689 ], [ 3970081.004789077676833, 758781.215785862412304 ], [ 3970081.004789077676833, 758743.791268513537943 ], [ 3970081.004789077676833, 758706.366751164663583 ], [ 3970081.004789077676833, 758668.942233815789223 ], [ 3970054.541659077629447, 758642.479103815741837 ], [ 3970017.117141728755087, 758642.479103815741837 ], [ 3969979.692624379880726, 758642.479103815741837 ], [ 3969942.268107031006366, 758642.479103815741837 ], [ 3969915.80497703095898, 758616.015973815694451 ], [ 3969915.80497703095898, 758578.591456466820091 ], [ 3969915.80497703095898, 758541.166939117945731 ], [ 3969915.80497703095898, 758503.74242176907137 ], [ 3969889.341847030911595, 758477.279291769023985 ], [ 3969851.917329682037234, 758477.279291769023985 ], [ 3969814.492812333162874, 758477.279291769023985 ], [ 3969777.068294984288514, 758477.279291769023985 ], [ 3969739.643777635414153, 758477.279291769023985 ], [ 3969702.219260286539793, 758477.279291769023985 ], [ 3969664.794742937665433, 758477.279291769023985 ], [ 3969627.370225588791072, 758477.279291769023985 ], [ 3969589.945708239916712, 758477.279291769023985 ], [ 3969552.521190891042352, 758477.279291769023985 ], [ 3969515.096673542167991, 758477.279291769023985 ], [ 3969477.672156193293631, 758477.279291769023985 ], [ 3969440.247638844419271, 758477.279291769023985 ], [ 3969413.784508844371885, 758450.816161768976599 ], [ 3969413.784508844371885, 758413.391644420102239 ], [ 3969413.784508844371885, 758375.967127071227878 ], [ 3969413.784508844371885, 758338.542609722353518 ], [ 3969387.321378844324499, 758312.079479722306132 ], [ 3969349.896861495450139, 758312.079479722306132 ], [ 3969312.472344146575779, 758312.079479722306132 ], [ 3969275.047826797701418, 758312.079479722306132 ], [ 3969248.584696797654033, 758285.616349722258747 ], [ 3969248.584696797654033, 758248.191832373384386 ], [ 3969248.584696797654033, 758210.767315024510026 ], [ 3969248.584696797654033, 758173.342797675635666 ], [ 3969222.121566797606647, 758146.87966767558828 ], [ 3969184.697049448732287, 758146.87966767558828 ], [ 3969147.272532099857926, 758146.87966767558828 ], [ 3969109.848014750983566, 758146.87966767558828 ], [ 3969072.423497402109206, 758146.87966767558828 ], [ 3969034.998980053234845, 758146.87966767558828 ], [ 3968997.574462704360485, 758146.87966767558828 ], [ 3968960.149945355486125, 758146.87966767558828 ], [ 3968922.725428006611764, 758146.87966767558828 ], [ 3968885.300910657737404, 758146.87966767558828 ], [ 3968847.876393308863044, 758146.87966767558828 ], [ 3968810.451875959988683, 758146.87966767558828 ], [ 3968773.027358611114323, 758146.87966767558828 ], [ 3968746.564228611066937, 758120.416537675540894 ], [ 3968746.564228611066937, 758082.992020326666534 ], [ 3968746.564228611066937, 758045.567502977792174 ], [ 3968746.564228611066937, 758008.142985628917813 ], [ 3968720.101098611019552, 757981.679855628870428 ], [ 3968682.676581262145191, 757981.679855628870428 ], [ 3968645.252063913270831, 757981.679855628870428 ], [ 3968607.827546564396471, 757981.679855628870428 ], [ 3968581.364416564349085, 757955.216725628823042 ], [ 3968581.364416564349085, 757917.792208279948682 ], [ 3968581.364416564349085, 757880.367690931074321 ], [ 3968581.364416564349085, 757842.943173582199961 ], [ 3968554.901286564301699, 757816.480043582152575 ], [ 3968517.476769215427339, 757816.480043582152575 ], [ 3968480.052251866552979, 757816.480043582152575 ], [ 3968442.627734517678618, 757816.480043582152575 ], [ 3968405.203217168804258, 757816.480043582152575 ], [ 3968367.778699819929898, 757816.480043582152575 ], [ 3968330.354182471055537, 757816.480043582152575 ], [ 3968292.929665122181177, 757816.480043582152575 ], [ 3968255.505147773306817, 757816.480043582152575 ], [ 3968218.080630424432456, 757816.480043582152575 ], [ 3968180.656113075558096, 757816.480043582152575 ], [ 3968143.231595726683736, 757816.480043582152575 ], [ 3968116.76846572663635, 757790.01691358210519 ], [ 3968116.76846572663635, 757752.592396233230829 ], [ 3968116.76846572663635, 757715.167878884356469 ], [ 3968116.76846572663635, 757677.743361535482109 ], [ 3968090.305335726588964, 757651.280231535434723 ], [ 3968052.880818377714604, 757651.280231535434723 ], [ 3968015.456301028840244, 757651.280231535434723 ], [ 3967978.031783679965883, 757651.280231535434723 ], [ 3967940.607266331091523, 757651.280231535434723 ], [ 3967940.607266331091523, 757613.855714186560363 ], [ 3967940.607266331091523, 757576.431196837686002 ], [ 3967940.607266331091523, 757539.006679488811642 ], [ 3967940.607266331091523, 757501.582162139937282 ], [ 3967967.070396331138909, 757475.119032139889896 ], [ 3968004.494913680013269, 757475.119032139889896 ], [ 3968041.91943102888763, 757475.119032139889896 ], [ 3968079.34394837776199, 757475.119032139889896 ], [ 3968116.76846572663635, 757475.119032139889896 ], [ 3968116.76846572663635, 757437.694514791015536 ], [ 3968116.76846572663635, 757400.269997442141175 ], [ 3968116.76846572663635, 757362.845480093266815 ], [ 3968116.76846572663635, 757325.420962744392455 ], [ 3968116.76846572663635, 757287.996445395518094 ], [ 3968116.76846572663635, 757250.571928046643734 ], [ 3968116.76846572663635, 757213.147410697769374 ], [ 3968116.76846572663635, 757175.722893348895013 ], [ 3968143.231595726683736, 757149.259763348847628 ], [ 3968180.656113075558096, 757149.259763348847628 ], [ 3968218.080630424432456, 757149.259763348847628 ], [ 3968255.505147773306817, 757149.259763348847628 ], [ 3968281.968277773354203, 757122.796633348800242 ], [ 3968281.968277773354203, 757085.372115999925882 ], [ 3968281.968277773354203, 757047.947598651051521 ], [ 3968281.968277773354203, 757010.523081302177161 ], [ 3968281.968277773354203, 756973.098563953302801 ], [ 3968281.968277773354203, 756935.67404660442844 ], [ 3968281.968277773354203, 756898.24952925555408 ], [ 3968281.968277773354203, 756860.82501190667972 ], [ 3968281.968277773354203, 756823.400494557805359 ], [ 3968308.431407773401588, 756796.937364557757974 ], [ 3968345.855925122275949, 756796.937364557757974 ], [ 3968383.280442471150309, 756796.937364557757974 ], [ 3968420.704959820024669, 756796.937364557757974 ], [ 3968447.168089820072055, 756770.474234557710588 ], [ 3968447.168089820072055, 756733.049717208836228 ], [ 3968447.168089820072055, 756695.625199859961867 ], [ 3968447.168089820072055, 756658.200682511087507 ], [ 3968447.168089820072055, 756620.776165162213147 ], [ 3968447.168089820072055, 756583.351647813338786 ], [ 3968447.168089820072055, 756545.927130464464426 ], [ 3968447.168089820072055, 756508.502613115590066 ], [ 3968473.631219820119441, 756482.03948311554268 ], [ 3968511.055737168993801, 756482.03948311554268 ], [ 3968548.480254517868161, 756482.03948311554268 ], [ 3968585.904771866742522, 756482.03948311554268 ], [ 3968585.904771866742522, 756444.61496576666832 ], [ 3968585.904771866742522, 756407.190448417793959 ], [ 3968585.904771866742522, 756369.765931068919599 ], [ 3968585.904771866742522, 756332.341413720045239 ], [ 3968585.904771866742522, 756294.916896371170878 ], [ 3968585.904771866742522, 756257.492379022296518 ], [ 3968585.904771866742522, 756220.067861673422158 ], [ 3968585.904771866742522, 756182.643344324547797 ], [ 3968612.367901866789907, 756156.180214324500412 ], [ 3968649.792419215664268, 756156.180214324500412 ], [ 3968687.216936564538628, 756156.180214324500412 ], [ 3968724.641453913412988, 756156.180214324500412 ], [ 3968762.065971262287349, 756156.180214324500412 ], [ 3968762.065971262287349, 756118.755696975626051 ], [ 3968762.065971262287349, 756081.331179626751691 ], [ 3968762.065971262287349, 756043.906662277877331 ], [ 3968762.065971262287349, 756006.48214492900297 ], [ 3968762.065971262287349, 755969.05762758012861 ], [ 3968762.065971262287349, 755931.63311023125425 ], [ 3968762.065971262287349, 755894.208592882379889 ], [ 3968762.065971262287349, 755856.784075533505529 ], [ 3968762.065971262287349, 755819.359558184631169 ], [ 3968799.490488611161709, 755819.359558184631169 ], [ 3968836.915005960036069, 755819.359558184631169 ], [ 3968874.339523308910429, 755819.359558184631169 ], [ 3968911.76404065778479, 755819.359558184631169 ], [ 3968949.18855800665915, 755819.359558184631169 ], [ 3968949.18855800665915, 755781.935040835756809 ], [ 3968949.18855800665915, 755744.510523486882448 ], [ 3968949.18855800665915, 755707.086006138008088 ], [ 3968949.18855800665915, 755669.661488789133728 ], [ 3968975.651688006706536, 755643.198358789086342 ], [ 3969013.076205355580896, 755643.198358789086342 ], [ 3969050.500722704455256, 755643.198358789086342 ], [ 3969087.925240053329617, 755643.198358789086342 ], [ 3969087.925240053329617, 755605.773841440211982 ], [ 3969087.925240053329617, 755568.349324091337621 ], [ 3969087.925240053329617, 755530.924806742463261 ], [ 3969087.925240053329617, 755493.500289393588901 ], [ 3969087.925240053329617, 755456.07577204471454 ], [ 3969087.925240053329617, 755418.65125469584018 ], [ 3969087.925240053329617, 755381.22673734696582 ], [ 3969087.925240053329617, 755343.802219998091459 ], [ 3969114.388370053377002, 755317.339089998044074 ], [ 3969151.812887402251363, 755317.339089998044074 ], [ 3969189.237404751125723, 755317.339089998044074 ], [ 3969226.661922100000083, 755317.339089998044074 ], [ 3969264.086439448874444, 755317.339089998044074 ], [ 3969264.086439448874444, 755279.914572649169713 ], [ 3969264.086439448874444, 755242.490055300295353 ], [ 3969264.086439448874444, 755205.065537951420993 ], [ 3969264.086439448874444, 755167.641020602546632 ], [ 3969264.086439448874444, 755130.216503253672272 ], [ 3969264.086439448874444, 755092.791985904797912 ], [ 3969264.086439448874444, 755055.367468555923551 ], [ 3969264.086439448874444, 755017.942951207049191 ], [ 3969290.549569448921829, 754991.479821207001805 ], [ 3969327.97408679779619, 754991.479821207001805 ], [ 3969365.39860414667055, 754991.479821207001805 ], [ 3969402.82312149554491, 754991.479821207001805 ], [ 3969402.82312149554491, 754954.055303858127445 ], [ 3969402.82312149554491, 754916.630786509253085 ], [ 3969402.82312149554491, 754879.206269160378724 ], [ 3969402.82312149554491, 754841.781751811504364 ], [ 3969429.286251495592296, 754815.318621811456978 ], [ 3969466.710768844466656, 754815.318621811456978 ], [ 3969504.135286193341017, 754815.318621811456978 ], [ 3969541.559803542215377, 754815.318621811456978 ], [ 3969578.984320891089737, 754815.318621811456978 ], [ 3969605.447450891137123, 754788.855491811409593 ], [ 3969605.447450891137123, 754751.430974462535232 ], [ 3969605.447450891137123, 754714.006457113660872 ], [ 3969605.447450891137123, 754676.581939764786512 ], [ 3969631.910580891184509, 754650.118809764739126 ], [ 3969669.335098240058869, 754650.118809764739126 ], [ 3969706.759615588933229, 754650.118809764739126 ], [ 3969744.18413293780759, 754650.118809764739126 ], [ 3969770.647262937854975, 754623.65567976469174 ], [ 3969770.647262937854975, 754586.23116241581738 ], [ 3969770.647262937854975, 754548.80664506694302 ], [ 3969770.647262937854975, 754511.382127718068659 ], [ 3969797.110392937902361, 754484.918997718021274 ], [ 3969834.534910286776721, 754484.918997718021274 ], [ 3969871.959427635651082, 754484.918997718021274 ], [ 3969909.383944984525442, 754484.918997718021274 ], [ 3969909.383944984525442, 754447.494480369146913 ], [ 3969909.383944984525442, 754410.069963020272553 ], [ 3969909.383944984525442, 754372.645445671398193 ], [ 3969909.383944984525442, 754335.220928322523832 ], [ 3969909.383944984525442, 754297.796410973649472 ], [ 3969909.383944984525442, 754260.371893624775112 ], [ 3969909.383944984525442, 754222.947376275900751 ], [ 3969909.383944984525442, 754185.522858927026391 ], [ 3969935.847074984572828, 754159.059728926979005 ], [ 3969973.271592333447188, 754159.059728926979005 ], [ 3970010.696109682321548, 754159.059728926979005 ], [ 3970048.120627031195909, 754159.059728926979005 ], [ 3970085.545144380070269, 754159.059728926979005 ], [ 3970085.545144380070269, 754121.635211578104645 ], [ 3970085.545144380070269, 754084.210694229230285 ], [ 3970085.545144380070269, 754046.786176880355924 ], [ 3970085.545144380070269, 754009.361659531481564 ], [ 3970112.008274380117655, 753982.898529531434178 ], [ 3970149.432791728992015, 753982.898529531434178 ], [ 3970186.857309077866375, 753982.898529531434178 ], [ 3970224.281826426740736, 753982.898529531434178 ], [ 3970224.281826426740736, 753945.474012182559818 ], [ 3970224.281826426740736, 753908.049494833685458 ], [ 3970224.281826426740736, 753870.624977484811097 ], [ 3970224.281826426740736, 753833.200460135936737 ], [ 3970224.281826426740736, 753795.775942787062377 ], [ 3970224.281826426740736, 753758.351425438188016 ], [ 3970224.281826426740736, 753720.926908089313656 ], [ 3970224.281826426740736, 753683.502390740439296 ], [ 3970250.744956426788121, 753657.03926074039191 ], [ 3970288.169473775662482, 753657.03926074039191 ], [ 3970325.593991124536842, 753657.03926074039191 ], [ 3970363.018508473411202, 753657.03926074039191 ], [ 3970400.443025822285563, 753657.03926074039191 ], [ 3970426.906155822332948, 753630.576130740344524 ], [ 3970426.906155822332948, 753593.151613391470164 ], [ 3970426.906155822332948, 753555.727096042595804 ], [ 3970426.906155822332948, 753518.302578693721443 ], [ 3970453.369285822380334, 753491.839448693674058 ], [ 3970490.793803171254694, 753491.839448693674058 ], [ 3970528.218320520129055, 753491.839448693674058 ], [ 3970565.642837869003415, 753491.839448693674058 ], [ 3970592.105967869050801, 753465.376318693626672 ], [ 3970592.105967869050801, 753427.951801344752312 ], [ 3970592.105967869050801, 753390.527283995877951 ], [ 3970592.105967869050801, 753353.102766647003591 ], [ 3970618.569097869098186, 753326.639636646956205 ], [ 3970655.993615217972547, 753326.639636646956205 ], [ 3970693.418132566846907, 753326.639636646956205 ], [ 3970730.842649915721267, 753326.639636646956205 ], [ 3970730.842649915721267, 753289.215119298081845 ], [ 3970730.842649915721267, 753251.790601949207485 ], [ 3970730.842649915721267, 753214.366084600333124 ], [ 3970730.842649915721267, 753176.941567251458764 ], [ 3970730.842649915721267, 753139.517049902584404 ], [ 3970730.842649915721267, 753102.092532553710043 ], [ 3970730.842649915721267, 753064.668015204835683 ], [ 3970730.842649915721267, 753027.243497855961323 ], [ 3970757.305779915768653, 753000.780367855913937 ], [ 3970794.730297264643013, 753000.780367855913937 ], [ 3970832.154814613517374, 753000.780367855913937 ], [ 3970869.579331962391734, 753000.780367855913937 ], [ 3970907.003849311266094, 753000.780367855913937 ], [ 3970907.003849311266094, 752963.355850507039577 ], [ 3970907.003849311266094, 752925.931333158165216 ], [ 3970907.003849311266094, 752888.506815809290856 ], [ 3970907.003849311266094, 752851.082298460416496 ], [ 3970907.003849311266094, 752813.657781111542135 ], [ 3970907.003849311266094, 752776.233263762667775 ], [ 3970907.003849311266094, 752738.808746413793415 ], [ 3970907.003849311266094, 752701.384229064919055 ], [ 3970933.46697931131348, 752674.921099064871669 ], [ 3970970.89149666018784, 752674.921099064871669 ], [ 3971008.316014009062201, 752674.921099064871669 ], [ 3971045.740531357936561, 752674.921099064871669 ], [ 3971083.165048706810921, 752674.921099064871669 ], [ 3971120.589566055685282, 752674.921099064871669 ], [ 3971158.014083404559642, 752674.921099064871669 ], [ 3971195.438600753434002, 752674.921099064871669 ], [ 3971232.863118102308363, 752674.921099064871669 ], [ 3971270.287635451182723, 752674.921099064871669 ], [ 3971307.712152800057083, 752674.921099064871669 ], [ 3971345.136670148931444, 752674.921099064871669 ], [ 3971382.561187497805804, 752674.921099064871669 ], [ 3971409.02431749785319, 752648.457969064824283 ], [ 3971409.02431749785319, 752611.033451715949923 ], [ 3971409.02431749785319, 752573.608934367075562 ], [ 3971409.02431749785319, 752536.184417018201202 ], [ 3971435.487447497900575, 752509.721287018153816 ], [ 3971472.911964846774936, 752509.721287018153816 ], [ 3971510.336482195649296, 752509.721287018153816 ], [ 3971547.760999544523656, 752509.721287018153816 ], [ 3971585.185516893398017, 752509.721287018153816 ], [ 3971622.610034242272377, 752509.721287018153816 ], [ 3971660.034551591146737, 752509.721287018153816 ], [ 3971697.459068940021098, 752509.721287018153816 ], [ 3971734.883586288895458, 752509.721287018153816 ], [ 3971772.308103637769818, 752509.721287018153816 ], [ 3971809.732620986644179, 752509.721287018153816 ], [ 3971847.157138335518539, 752509.721287018153816 ], [ 3971884.581655684392899, 752509.721287018153816 ], [ 3971922.00617303326726, 752509.721287018153816 ], [ 3971959.43069038214162, 752509.721287018153816 ], [ 3971996.85520773101598, 752509.721287018153816 ], [ 3972034.279725079890341, 752509.721287018153816 ], [ 3972071.704242428764701, 752509.721287018153816 ], [ 3972109.128759777639061, 752509.721287018153816 ], [ 3972146.553277126513422, 752509.721287018153816 ], [ 3972183.977794475387782, 752509.721287018153816 ], [ 3972221.402311824262142, 752509.721287018153816 ], [ 3972258.826829173136503, 752509.721287018153816 ], [ 3972296.251346522010863, 752509.721287018153816 ], [ 3972333.675863870885223, 752509.721287018153816 ], [ 3972371.100381219759583, 752509.721287018153816 ], [ 3972371.100381219759583, 752472.296769669279456 ], [ 3972371.100381219759583, 752434.872252320405096 ], [ 3972371.100381219759583, 752397.447734971530735 ], [ 3972371.100381219759583, 752360.023217622656375 ], [ 3972397.563511219806969, 752333.560087622608989 ], [ 3972434.988028568681329, 752333.560087622608989 ], [ 3972472.41254591755569, 752333.560087622608989 ], [ 3972509.83706326643005, 752333.560087622608989 ], [ 3972547.26158061530441, 752333.560087622608989 ], [ 3972584.686097964178771, 752333.560087622608989 ], [ 3972622.110615313053131, 752333.560087622608989 ], [ 3972659.535132661927491, 752333.560087622608989 ], [ 3972696.959650010801852, 752333.560087622608989 ], [ 3972734.384167359676212, 752333.560087622608989 ], [ 3972771.808684708550572, 752333.560087622608989 ], [ 3972809.233202057424933, 752333.560087622608989 ], [ 3972846.657719406299293, 752333.560087622608989 ], [ 3972884.082236755173653, 752333.560087622608989 ], [ 3972884.082236755173653, 752296.135570273734629 ], [ 3972884.082236755173653, 752258.711052924860269 ], [ 3972884.082236755173653, 752221.286535575985909 ], [ 3972884.082236755173653, 752183.862018227111548 ], [ 3972921.506754104048014, 752183.862018227111548 ], [ 3972958.931271452922374, 752183.862018227111548 ], [ 3972996.355788801796734, 752183.862018227111548 ], [ 3973033.780306150671095, 752183.862018227111548 ], [ 3973071.204823499545455, 752183.862018227111548 ], [ 3973108.629340848419815, 752183.862018227111548 ], [ 3973146.053858197294176, 752183.862018227111548 ], [ 3973183.478375546168536, 752183.862018227111548 ], [ 3973220.902892895042896, 752183.862018227111548 ], [ 3973258.327410243917257, 752183.862018227111548 ], [ 3973295.751927592791617, 752183.862018227111548 ], [ 3973333.176444941665977, 752183.862018227111548 ], [ 3973370.600962290540338, 752183.862018227111548 ], [ 3973408.025479639414698, 752183.862018227111548 ], [ 3973445.449996988289058, 752183.862018227111548 ], [ 3973482.874514337163419, 752183.862018227111548 ], [ 3973520.299031686037779, 752183.862018227111548 ], [ 3973557.723549034912139, 752183.862018227111548 ], [ 3973595.1480663837865, 752183.862018227111548 ], [ 3973632.57258373266086, 752183.862018227111548 ], [ 3973669.99710108153522, 752183.862018227111548 ], [ 3973707.42161843040958, 752183.862018227111548 ], [ 3973733.884748430456966, 752210.325148227158934 ], [ 3973733.884748430456966, 752247.749665576033294 ], [ 3973733.884748430456966, 752285.174182924907655 ], [ 3973733.884748430456966, 752322.598700273782015 ], [ 3973760.347878430504352, 752349.061830273829401 ], [ 3973797.772395779378712, 752349.061830273829401 ], [ 3973835.196913128253073, 752349.061830273829401 ], [ 3973872.621430477127433, 752349.061830273829401 ], [ 3973899.084560477174819, 752375.524960273876786 ], [ 3973899.084560477174819, 752412.949477622751147 ], [ 3973899.084560477174819, 752450.373994971625507 ], [ 3973899.084560477174819, 752487.798512320499867 ], [ 3973925.547690477222204, 752514.261642320547253 ], [ 3973962.972207826096565, 752514.261642320547253 ], [ 3974000.396725174970925, 752514.261642320547253 ], [ 3974037.821242523845285, 752514.261642320547253 ], [ 3974037.821242523845285, 752551.686159669421613 ], [ 3974037.821242523845285, 752589.110677018295974 ], [ 3974037.821242523845285, 752626.535194367170334 ], [ 3974037.821242523845285, 752663.959711716044694 ], [ 3974075.245759872719646, 752663.959711716044694 ], [ 3974112.670277221594006, 752663.959711716044694 ], [ 3974150.094794570468366, 752663.959711716044694 ], [ 3974187.519311919342726, 752663.959711716044694 ], [ 3974224.943829268217087, 752663.959711716044694 ], [ 3974262.368346617091447, 752663.959711716044694 ], [ 3974299.792863965965807, 752663.959711716044694 ], [ 3974337.217381314840168, 752663.959711716044694 ], [ 3974374.641898663714528, 752663.959711716044694 ], [ 3974412.066416012588888, 752663.959711716044694 ], [ 3974449.490933361463249, 752663.959711716044694 ], [ 3974486.915450710337609, 752663.959711716044694 ], [ 3974524.339968059211969, 752663.959711716044694 ], [ 3974550.803098059259355, 752690.42284171609208 ], [ 3974550.803098059259355, 752727.84735906496644 ], [ 3974550.803098059259355, 752765.271876413840801 ], [ 3974550.803098059259355, 752802.696393762715161 ], [ 3974550.803098059259355, 752840.120911111589521 ], [ 3974588.227615408133715, 752840.120911111589521 ], [ 3974625.652132757008076, 752840.120911111589521 ], [ 3974663.076650105882436, 752840.120911111589521 ], [ 3974700.501167454756796, 752840.120911111589521 ], [ 3974737.925684803631157, 752840.120911111589521 ], [ 3974775.350202152505517, 752840.120911111589521 ], [ 3974812.774719501379877, 752840.120911111589521 ], [ 3974850.199236850254238, 752840.120911111589521 ], [ 3974876.662366850301623, 752866.584041111636907 ], [ 3974876.662366850301623, 752904.008558460511267 ], [ 3974876.662366850301623, 752941.433075809385628 ], [ 3974876.662366850301623, 752978.857593158259988 ], [ 3974903.125496850349009, 753005.320723158307374 ], [ 3974940.550014199223369, 753005.320723158307374 ], [ 3974977.97453154809773, 753005.320723158307374 ], [ 3975015.39904889697209, 753005.320723158307374 ], [ 3975041.862178897019476, 753031.783853158354759 ], [ 3975041.862178897019476, 753069.20837050722912 ], [ 3975041.862178897019476, 753106.63288785610348 ], [ 3975041.862178897019476, 753144.05740520497784 ], [ 3975041.862178897019476, 753181.481922553852201 ], [ 3975041.862178897019476, 753218.906439902726561 ], [ 3975041.862178897019476, 753256.330957251600921 ], [ 3975041.862178897019476, 753293.755474600475281 ], [ 3975041.862178897019476, 753331.179991949349642 ], [ 3975079.286696245893836, 753331.179991949349642 ], [ 3975116.711213594768196, 753331.179991949349642 ], [ 3975154.135730943642557, 753331.179991949349642 ], [ 3975191.560248292516917, 753331.179991949349642 ], [ 3975228.984765641391277, 753331.179991949349642 ], [ 3975266.409282990265638, 753331.179991949349642 ], [ 3975303.833800339139998, 753331.179991949349642 ], [ 3975341.258317688014358, 753331.179991949349642 ], [ 3975367.721447688061744, 753357.643121949397027 ], [ 3975367.721447688061744, 753395.067639298271388 ], [ 3975367.721447688061744, 753432.492156647145748 ], [ 3975367.721447688061744, 753469.916673996020108 ], [ 3975367.721447688061744, 753507.341191344894469 ], [ 3975367.721447688061744, 753544.765708693768829 ], [ 3975367.721447688061744, 753582.190226042643189 ], [ 3975367.721447688061744, 753619.61474339151755 ], [ 3975367.721447688061744, 753657.03926074039191 ], [ 3975405.145965036936104, 753657.03926074039191 ], [ 3975442.570482385810465, 753657.03926074039191 ], [ 3975479.994999734684825, 753657.03926074039191 ], [ 3975517.419517083559185, 753657.03926074039191 ], [ 3975517.419517083559185, 753694.46377808926627 ], [ 3975517.419517083559185, 753731.888295438140631 ], [ 3975517.419517083559185, 753769.312812787014991 ], [ 3975517.419517083559185, 753806.737330135889351 ], [ 3975543.882647083606571, 753833.200460135936737 ], [ 3975581.307164432480931, 753833.200460135936737 ], [ 3975618.731681781355292, 753833.200460135936737 ], [ 3975656.156199130229652, 753833.200460135936737 ], [ 3975682.619329130277038, 753859.663590135984123 ], [ 3975682.619329130277038, 753897.088107484858483 ], [ 3975682.619329130277038, 753934.512624833732843 ], [ 3975682.619329130277038, 753971.937142182607204 ], [ 3975709.082459130324423, 753998.400272182654589 ], [ 3975746.506976479198784, 753998.400272182654589 ], [ 3975783.931493828073144, 753998.400272182654589 ], [ 3975821.356011176947504, 753998.400272182654589 ], [ 3975858.780528525821865, 753998.400272182654589 ], [ 3975858.780528525821865, 754035.82478953152895 ], [ 3975858.780528525821865, 754073.24930688040331 ], [ 3975858.780528525821865, 754110.67382422927767 ], [ 3975858.780528525821865, 754148.098341578152031 ], [ 3975858.780528525821865, 754185.522858927026391 ], [ 3975858.780528525821865, 754222.947376275900751 ], [ 3975858.780528525821865, 754260.371893624775112 ], [ 3975858.780528525821865, 754297.796410973649472 ], [ 3975858.780528525821865, 754335.220928322523832 ], [ 3975858.780528525821865, 754372.645445671398193 ], [ 3975858.780528525821865, 754410.069963020272553 ], [ 3975858.780528525821865, 754447.494480369146913 ], [ 3975858.780528525821865, 754484.918997718021274 ], [ 3975896.205045874696225, 754484.918997718021274 ], [ 3975933.629563223570585, 754484.918997718021274 ], [ 3975971.054080572444946, 754484.918997718021274 ], [ 3976008.478597921319306, 754484.918997718021274 ], [ 3976034.941727921366692, 754511.382127718068659 ], [ 3976034.941727921366692, 754548.80664506694302 ], [ 3976034.941727921366692, 754586.23116241581738 ], [ 3976034.941727921366692, 754623.65567976469174 ], [ 3976034.941727921366692, 754661.080197113566101 ], [ 3976072.366245270241052, 754661.080197113566101 ], [ 3976109.790762619115412, 754661.080197113566101 ], [ 3976147.215279967989773, 754661.080197113566101 ], [ 3976184.639797316864133, 754661.080197113566101 ], [ 3976184.639797316864133, 754698.504714462440461 ], [ 3976184.639797316864133, 754735.929231811314821 ], [ 3976184.639797316864133, 754773.353749160189182 ], [ 3976184.639797316864133, 754810.778266509063542 ], [ 3976222.064314665738493, 754810.778266509063542 ], [ 3976259.488832014612854, 754810.778266509063542 ], [ 3976296.913349363487214, 754810.778266509063542 ], [ 3976334.337866712361574, 754810.778266509063542 ], [ 3976360.80099671240896, 754837.241396509110928 ], [ 3976360.80099671240896, 754874.665913857985288 ], [ 3976360.80099671240896, 754912.090431206859648 ], [ 3976360.80099671240896, 754949.514948555734009 ], [ 3976360.80099671240896, 754986.939465904608369 ], [ 3976360.80099671240896, 755024.363983253482729 ], [ 3976360.80099671240896, 755061.78850060235709 ], [ 3976360.80099671240896, 755099.21301795123145 ], [ 3976360.80099671240896, 755136.63753530010581 ], [ 3976387.264126712456346, 755163.100665300153196 ], [ 3976424.688644061330706, 755163.100665300153196 ], [ 3976462.113161410205066, 755163.100665300153196 ], [ 3976499.537678759079427, 755163.100665300153196 ], [ 3976526.000808759126812, 755189.563795300200582 ], [ 3976526.000808759126812, 755226.988312649074942 ], [ 3976526.000808759126812, 755264.412829997949302 ], [ 3976526.000808759126812, 755301.837347346823663 ], [ 3976526.000808759126812, 755339.261864695698023 ], [ 3976526.000808759126812, 755376.686382044572383 ], [ 3976526.000808759126812, 755414.110899393446743 ], [ 3976526.000808759126812, 755451.535416742321104 ], [ 3976526.000808759126812, 755488.959934091195464 ], [ 3976563.425326108001173, 755488.959934091195464 ], [ 3976600.849843456875533, 755488.959934091195464 ], [ 3976638.274360805749893, 755488.959934091195464 ], [ 3976675.698878154624254, 755488.959934091195464 ], [ 3976702.162008154671639, 755515.42306409124285 ], [ 3976702.162008154671639, 755552.84758144011721 ], [ 3976702.162008154671639, 755590.27209878899157 ], [ 3976702.162008154671639, 755627.696616137865931 ], [ 3976728.625138154719025, 755654.159746137913316 ], [ 3976766.049655503593385, 755654.159746137913316 ], [ 3976803.474172852467746, 755654.159746137913316 ], [ 3976840.898690201342106, 755654.159746137913316 ], [ 3976840.898690201342106, 755691.584263486787677 ], [ 3976840.898690201342106, 755729.008780835662037 ], [ 3976840.898690201342106, 755766.433298184536397 ], [ 3976840.898690201342106, 755803.857815533410758 ], [ 3976840.898690201342106, 755841.282332882285118 ], [ 3976840.898690201342106, 755878.706850231159478 ], [ 3976840.898690201342106, 755916.131367580033839 ], [ 3976840.898690201342106, 755953.555884928908199 ], [ 3976840.898690201342106, 755990.980402277782559 ], [ 3976878.323207550216466, 755990.980402277782559 ], [ 3976915.747724899090827, 755990.980402277782559 ], [ 3976953.172242247965187, 755990.980402277782559 ], [ 3976990.596759596839547, 755990.980402277782559 ], [ 3977017.059889596886933, 756017.443532277829945 ], [ 3977017.059889596886933, 756054.868049626704305 ], [ 3977017.059889596886933, 756092.292566975578666 ], [ 3977017.059889596886933, 756129.717084324453026 ], [ 3977043.523019596934319, 756156.180214324500412 ], [ 3977080.947536945808679, 756156.180214324500412 ], [ 3977118.372054294683039, 756156.180214324500412 ], [ 3977155.7965716435574, 756156.180214324500412 ], [ 3977155.7965716435574, 756193.604731673374772 ], [ 3977155.7965716435574, 756231.029249022249132 ], [ 3977155.7965716435574, 756268.453766371123493 ], [ 3977155.7965716435574, 756305.878283719997853 ], [ 3977193.22108899243176, 756305.878283719997853 ], [ 3977230.64560634130612, 756305.878283719997853 ], [ 3977268.07012369018048, 756305.878283719997853 ], [ 3977305.494641039054841, 756305.878283719997853 ], [ 3977342.919158387929201, 756305.878283719997853 ], [ 3977342.919158387929201, 756343.302801068872213 ], [ 3977342.919158387929201, 756380.727318417746574 ], [ 3977342.919158387929201, 756418.151835766620934 ], [ 3977342.919158387929201, 756455.576353115495294 ], [ 3977342.919158387929201, 756493.000870464369655 ], [ 3977342.919158387929201, 756530.425387813244015 ], [ 3977342.919158387929201, 756567.849905162118375 ], [ 3977342.919158387929201, 756605.274422510992736 ], [ 3977342.919158387929201, 756642.698939859867096 ], [ 3977342.919158387929201, 756680.123457208741456 ], [ 3977342.919158387929201, 756717.547974557615817 ], [ 3977342.919158387929201, 756754.972491906490177 ], [ 3977342.919158387929201, 756792.397009255364537 ], [ 3977369.382288387976587, 756818.860139255411923 ], [ 3977406.806805736850947, 756818.860139255411923 ], [ 3977444.231323085725307, 756818.860139255411923 ], [ 3977481.655840434599668, 756818.860139255411923 ], [ 3977508.118970434647053, 756845.323269255459309 ], [ 3977508.118970434647053, 756882.747786604333669 ], [ 3977508.118970434647053, 756920.172303953208029 ], [ 3977508.118970434647053, 756957.59682130208239 ], [ 3977534.582100434694439, 756984.059951302129775 ], [ 3977572.006617783568799, 756984.059951302129775 ], [ 3977609.43113513244316, 756984.059951302129775 ], [ 3977646.85565248131752, 756984.059951302129775 ], [ 3977673.318782481364906, 757010.523081302177161 ], [ 3977673.318782481364906, 757047.947598651051521 ], [ 3977673.318782481364906, 757085.372115999925882 ], [ 3977673.318782481364906, 757122.796633348800242 ], [ 3977699.781912481412292, 757149.259763348847628 ], [ 3977737.206429830286652, 757149.259763348847628 ], [ 3977774.630947179161012, 757149.259763348847628 ], [ 3977812.055464528035372, 757149.259763348847628 ], [ 3977838.518594528082758, 757175.722893348895013 ], [ 3977838.518594528082758, 757213.147410697769374 ], [ 3977838.518594528082758, 757250.571928046643734 ], [ 3977838.518594528082758, 757287.996445395518094 ], [ 3977838.518594528082758, 757325.420962744392455 ], [ 3977838.518594528082758, 757362.845480093266815 ], [ 3977838.518594528082758, 757400.269997442141175 ], [ 3977838.518594528082758, 757437.694514791015536 ], [ 3977838.518594528082758, 757475.119032139889896 ], [ 3977875.943111876957119, 757475.119032139889896 ], [ 3977913.367629225831479, 757475.119032139889896 ], [ 3977950.792146574705839, 757475.119032139889896 ], [ 3977977.255276574753225, 757501.582162139937282 ], [ 3977977.255276574753225, 757539.006679488811642 ], [ 3977977.255276574753225, 757576.431196837686002 ], [ 3977977.255276574753225, 757613.855714186560363 ], [ 3977977.255276574753225, 757651.280231535434723 ], [ 3977977.255276574753225, 757688.704748884309083 ], [ 3977977.255276574753225, 757726.129266233183444 ], [ 3977977.255276574753225, 757763.553783582057804 ], [ 3977977.255276574753225, 757800.978300930932164 ], [ 3978014.679793923627585, 757800.978300930932164 ], [ 3978052.104311272501945, 757800.978300930932164 ], [ 3978089.528828621376306, 757800.978300930932164 ], [ 3978126.953345970250666, 757800.978300930932164 ], [ 3978164.377863319125026, 757800.978300930932164 ], [ 3978164.377863319125026, 757838.402818279806525 ], [ 3978164.377863319125026, 757875.827335628680885 ], [ 3978164.377863319125026, 757913.251852977555245 ], [ 3978164.377863319125026, 757950.676370326429605 ], [ 3978164.377863319125026, 757988.100887675303966 ], [ 3978164.377863319125026, 758025.525405024178326 ], [ 3978164.377863319125026, 758062.949922373052686 ], [ 3978164.377863319125026, 758100.374439721927047 ], [ 3978164.377863319125026, 758137.798957070801407 ], [ 3978201.802380667999387, 758137.798957070801407 ], [ 3978239.226898016873747, 758137.798957070801407 ], [ 3978276.651415365748107, 758137.798957070801407 ], [ 3978314.075932714622468, 758137.798957070801407 ], [ 3978340.539062714669853, 758164.262087070848793 ], [ 3978340.539062714669853, 758201.686604419723153 ], [ 3978340.539062714669853, 758239.111121768597513 ], [ 3978340.539062714669853, 758276.535639117471874 ], [ 3978367.002192714717239, 758302.998769117519259 ], [ 3978404.426710063591599, 758302.998769117519259 ], [ 3978441.85122741246596, 758302.998769117519259 ], [ 3978479.27574476134032, 758302.998769117519259 ], [ 3978479.27574476134032, 758340.42328646639362 ], [ 3978479.27574476134032, 758377.84780381526798 ], [ 3978479.27574476134032, 758415.27232116414234 ], [ 3978479.27574476134032, 758452.696838513016701 ], [ 3978479.27574476134032, 758490.121355861891061 ], [ 3978479.27574476134032, 758527.545873210765421 ], [ 3978479.27574476134032, 758564.970390559639782 ], [ 3978479.27574476134032, 758602.394907908514142 ], [ 3978505.738874761387706, 758628.858037908561528 ], [ 3978543.163392110262066, 758628.858037908561528 ], [ 3978580.587909459136426, 758628.858037908561528 ], [ 3978618.012426808010787, 758628.858037908561528 ], [ 3978644.475556808058172, 758655.321167908608913 ], [ 3978644.475556808058172, 758692.745685257483274 ], [ 3978644.475556808058172, 758730.170202606357634 ], [ 3978644.475556808058172, 758767.594719955231994 ], [ 3978670.938686808105558, 758794.05784995527938 ], [ 3978708.363204156979918, 758794.05784995527938 ], [ 3978745.787721505854279, 758794.05784995527938 ], [ 3978783.212238854728639, 758794.05784995527938 ], [ 3978820.636756203602999, 758794.05784995527938 ], [ 3978847.099886203650385, 758820.520979955326766 ], [ 3978847.099886203650385, 758857.945497304201126 ], [ 3978847.099886203650385, 758895.370014653075486 ], [ 3978847.099886203650385, 758932.794532001949847 ], [ 3978847.099886203650385, 758970.219049350824207 ], [ 3978847.099886203650385, 759007.643566699698567 ], [ 3978847.099886203650385, 759045.068084048572928 ], [ 3978847.099886203650385, 759082.492601397447288 ], [ 3978847.099886203650385, 759119.917118746321648 ], [ 3978884.524403552524745, 759119.917118746321648 ], [ 3978921.948920901399106, 759119.917118746321648 ], [ 3978959.373438250273466, 759119.917118746321648 ], [ 3978985.836568250320852, 759146.380248746369034 ], [ 3978985.836568250320852, 759183.804766095243394 ], [ 3978985.836568250320852, 759221.229283444117755 ], [ 3978985.836568250320852, 759258.653800792992115 ], [ 3978985.836568250320852, 759296.078318141866475 ], [ 3978985.836568250320852, 759333.502835490740836 ], [ 3978985.836568250320852, 759370.927352839615196 ], [ 3978985.836568250320852, 759408.351870188489556 ], [ 3978985.836568250320852, 759445.776387537363917 ], [ 3979023.261085599195212, 759445.776387537363917 ], [ 3979060.685602948069572, 759445.776387537363917 ], [ 3979098.110120296943933, 759445.776387537363917 ], [ 3979135.534637645818293, 759445.776387537363917 ], [ 3979161.997767645865679, 759472.239517537411302 ], [ 3979161.997767645865679, 759509.664034886285663 ], [ 3979161.997767645865679, 759547.088552235160023 ], [ 3979161.997767645865679, 759584.513069584034383 ], [ 3979161.997767645865679, 759621.937586932908744 ], [ 3979199.422284994740039, 759621.937586932908744 ], [ 3979236.846802343614399, 759621.937586932908744 ], [ 3979274.27131969248876, 759621.937586932908744 ], [ 3979311.69583704136312, 759621.937586932908744 ], [ 3979349.12035439023748, 759621.937586932908744 ], [ 3979386.544871739111841, 759621.937586932908744 ], [ 3979423.969389087986201, 759621.937586932908744 ], [ 3979461.393906436860561, 759621.937586932908744 ], [ 3979498.818423785734922, 759621.937586932908744 ], [ 3979536.242941134609282, 759621.937586932908744 ], [ 3979573.667458483483642, 759621.937586932908744 ], [ 3979611.091975832358003, 759621.937586932908744 ], [ 3979648.516493181232363, 759621.937586932908744 ], [ 3979685.941010530106723, 759621.937586932908744 ], [ 3979723.365527878981084, 759621.937586932908744 ], [ 3979760.790045227855444, 759621.937586932908744 ], [ 3979798.214562576729804, 759621.937586932908744 ], [ 3979798.214562576729804, 759584.513069584034383 ], [ 3979798.214562576729804, 759547.088552235160023 ], [ 3979798.214562576729804, 759509.664034886285663 ], [ 3979798.214562576729804, 759472.239517537411302 ], [ 3979824.67769257677719, 759445.776387537363917 ], [ 3979862.10220992565155, 759445.776387537363917 ], [ 3979899.526727274525911, 759445.776387537363917 ], [ 3979936.951244623400271, 759445.776387537363917 ], [ 3979974.375761972274631, 759445.776387537363917 ], [ 3980011.800279321148992, 759445.776387537363917 ], [ 3980049.224796670023352, 759445.776387537363917 ], [ 3980086.649314018897712, 759445.776387537363917 ], [ 3980124.073831367772073, 759445.776387537363917 ], [ 3980161.498348716646433, 759445.776387537363917 ], [ 3980198.922866065520793, 759445.776387537363917 ], [ 3980236.347383414395154, 759445.776387537363917 ], [ 3980273.771900763269514, 759445.776387537363917 ], [ 3980311.196418112143874, 759445.776387537363917 ], [ 3980348.620935461018234, 759445.776387537363917 ], [ 3980386.045452809892595, 759445.776387537363917 ], [ 3980423.469970158766955, 759445.776387537363917 ], [ 3980460.894487507641315, 759445.776387537363917 ], [ 3980498.319004856515676, 759445.776387537363917 ], [ 3980535.743522205390036, 759445.776387537363917 ], [ 3980573.168039554264396, 759445.776387537363917 ], [ 3980610.592556903138757, 759445.776387537363917 ], [ 3980648.017074252013117, 759445.776387537363917 ], [ 3980685.441591600887477, 759445.776387537363917 ], [ 3980722.866108949761838, 759445.776387537363917 ], [ 3980760.290626298636198, 759445.776387537363917 ], [ 3980760.290626298636198, 759408.351870188489556 ], [ 3980760.290626298636198, 759370.927352839615196 ], [ 3980760.290626298636198, 759333.502835490740836 ], [ 3980760.290626298636198, 759296.078318141866475 ], [ 3980797.715143647510558, 759296.078318141866475 ], [ 3980835.139660996384919, 759296.078318141866475 ], [ 3980872.564178345259279, 759296.078318141866475 ], [ 3980909.988695694133639, 759296.078318141866475 ], [ 3980947.413213043008, 759296.078318141866475 ], [ 3980984.83773039188236, 759296.078318141866475 ], [ 3981022.26224774075672, 759296.078318141866475 ], [ 3981059.686765089631081, 759296.078318141866475 ], [ 3981097.111282438505441, 759296.078318141866475 ], [ 3981123.574412438552827, 759269.61518814181909 ], [ 3981123.574412438552827, 759232.190670792944729 ], [ 3981123.574412438552827, 759194.766153444070369 ], [ 3981123.574412438552827, 759157.341636095196009 ], [ 3981150.037542438600212, 759130.878506095148623 ], [ 3981187.462059787474573, 759130.878506095148623 ], [ 3981224.886577136348933, 759130.878506095148623 ], [ 3981262.311094485223293, 759130.878506095148623 ], [ 3981262.311094485223293, 759093.453988746274263 ], [ 3981262.311094485223293, 759056.029471397399902 ], [ 3981262.311094485223293, 759018.604954048525542 ], [ 3981262.311094485223293, 758981.180436699651182 ], [ 3981288.774224485270679, 758954.717306699603796 ], [ 3981326.198741834145039, 758954.717306699603796 ], [ 3981363.6232591830194, 758954.717306699603796 ], [ 3981401.04777653189376, 758954.717306699603796 ], [ 3981438.47229388076812, 758954.717306699603796 ], [ 3981438.47229388076812, 758917.292789350729436 ], [ 3981438.47229388076812, 758879.868272001855075 ], [ 3981438.47229388076812, 758842.443754652980715 ], [ 3981438.47229388076812, 758805.019237304106355 ], [ 3981464.935423880815506, 758778.556107304058969 ], [ 3981502.359941229689866, 758778.556107304058969 ], [ 3981539.784458578564227, 758778.556107304058969 ], [ 3981577.208975927438587, 758778.556107304058969 ], [ 3981577.208975927438587, 758741.131589955184609 ], [ 3981577.208975927438587, 758703.707072606310248 ], [ 3981577.208975927438587, 758666.282555257435888 ], [ 3981577.208975927438587, 758628.858037908561528 ], [ 3981614.633493276312947, 758628.858037908561528 ], [ 3981652.058010625187308, 758628.858037908561528 ], [ 3981689.482527974061668, 758628.858037908561528 ], [ 3981726.907045322936028, 758628.858037908561528 ], [ 3981753.370175322983414, 758602.394907908514142 ], [ 3981753.370175322983414, 758564.970390559639782 ], [ 3981753.370175322983414, 758527.545873210765421 ], [ 3981753.370175322983414, 758490.121355861891061 ], [ 3981779.8333053230308, 758463.658225861843675 ], [ 3981817.25782267190516, 758463.658225861843675 ], [ 3981854.68234002077952, 758463.658225861843675 ], [ 3981892.106857369653881, 758463.658225861843675 ], [ 3981929.531374718528241, 758463.658225861843675 ], [ 3981929.531374718528241, 758426.233708512969315 ], [ 3981929.531374718528241, 758388.809191164094955 ], [ 3981929.531374718528241, 758351.384673815220594 ], [ 3981929.531374718528241, 758313.960156466346234 ], [ 3981955.994504718575627, 758287.497026466298848 ], [ 3981993.419022067449987, 758287.497026466298848 ], [ 3982030.843539416324347, 758287.497026466298848 ], [ 3982068.268056765198708, 758287.497026466298848 ], [ 3982094.731186765246093, 758261.033896466251463 ], [ 3982094.731186765246093, 758223.609379117377102 ], [ 3982094.731186765246093, 758186.184861768502742 ], [ 3982094.731186765246093, 758148.760344419628382 ], [ 3982121.194316765293479, 758122.297214419580996 ], [ 3982158.618834114167839, 758122.297214419580996 ], [ 3982196.0433514630422, 758122.297214419580996 ], [ 3982233.46786881191656, 758122.297214419580996 ], [ 3982259.930998811963946, 758095.83408441953361 ], [ 3982259.930998811963946, 758058.40956707065925 ], [ 3982259.930998811963946, 758020.98504972178489 ], [ 3982259.930998811963946, 757983.560532372910529 ], [ 3982286.394128812011331, 757957.097402372863144 ], [ 3982323.818646160885692, 757957.097402372863144 ], [ 3982361.243163509760052, 757957.097402372863144 ], [ 3982398.667680858634412, 757957.097402372863144 ], [ 3982398.667680858634412, 757919.672885023988783 ], [ 3982398.667680858634412, 757882.248367675114423 ], [ 3982398.667680858634412, 757844.823850326240063 ], [ 3982398.667680858634412, 757807.399332977365702 ], [ 3982436.092198207508773, 757807.399332977365702 ], [ 3982473.516715556383133, 757807.399332977365702 ], [ 3982510.941232905257493, 757807.399332977365702 ], [ 3982548.365750254131854, 757807.399332977365702 ], [ 3982574.828880254179239, 757780.936202977318317 ], [ 3982574.828880254179239, 757743.511685628443956 ], [ 3982574.828880254179239, 757706.087168279569596 ], [ 3982574.828880254179239, 757668.662650930695236 ], [ 3982601.292010254226625, 757642.19952093064785 ], [ 3982638.716527603100985, 757642.19952093064785 ], [ 3982676.141044951975346, 757642.19952093064785 ], [ 3982713.565562300849706, 757642.19952093064785 ], [ 3982750.990079649724066, 757642.19952093064785 ], [ 3982788.414596998598427, 757642.19952093064785 ], [ 3982825.839114347472787, 757642.19952093064785 ], [ 3982863.263631696347147, 757642.19952093064785 ], [ 3982900.688149045221508, 757642.19952093064785 ], [ 3982900.688149045221508, 757604.77500358177349 ], [ 3982900.688149045221508, 757567.350486232899129 ], [ 3982900.688149045221508, 757529.925968884024769 ], [ 3982900.688149045221508, 757492.501451535150409 ], [ 3982927.151279045268893, 757466.038321535103023 ], [ 3982964.575796394143254, 757466.038321535103023 ], [ 3983002.000313743017614, 757466.038321535103023 ], [ 3983039.424831091891974, 757466.038321535103023 ], [ 3983076.849348440766335, 757466.038321535103023 ], [ 3983076.849348440766335, 757428.613804186228663 ], [ 3983076.849348440766335, 757391.189286837354302 ], [ 3983076.849348440766335, 757353.764769488479942 ], [ 3983076.849348440766335, 757316.340252139605582 ], [ 3983103.31247844081372, 757289.877122139558196 ], [ 3983140.736995789688081, 757289.877122139558196 ], [ 3983178.161513138562441, 757289.877122139558196 ], [ 3983215.586030487436801, 757289.877122139558196 ], [ 3983215.586030487436801, 757252.452604790683836 ], [ 3983215.586030487436801, 757215.028087441809475 ], [ 3983215.586030487436801, 757177.603570092935115 ], [ 3983215.586030487436801, 757140.179052744060755 ], [ 3983215.586030487436801, 757102.754535395186394 ], [ 3983215.586030487436801, 757065.330018046312034 ], [ 3983215.586030487436801, 757027.905500697437674 ], [ 3983215.586030487436801, 756990.480983348563313 ], [ 3983242.049160487484187, 756964.017853348515928 ], [ 3983279.473677836358547, 756964.017853348515928 ], [ 3983316.898195185232908, 756964.017853348515928 ], [ 3983354.322712534107268, 756964.017853348515928 ], [ 3983391.747229882981628, 756964.017853348515928 ], [ 3983429.171747231855989, 756964.017853348515928 ], [ 3983466.596264580730349, 756964.017853348515928 ], [ 3983504.020781929604709, 756964.017853348515928 ], [ 3983541.445299278479069, 756964.017853348515928 ], [ 3983578.86981662735343, 756964.017853348515928 ], [ 3983616.29433397622779, 756964.017853348515928 ], [ 3983653.71885132510215, 756964.017853348515928 ], [ 3983691.143368673976511, 756964.017853348515928 ], [ 3983728.567886022850871, 756964.017853348515928 ], [ 3983728.567886022850871, 756926.593335999641567 ], [ 3983728.567886022850871, 756889.168818650767207 ], [ 3983728.567886022850871, 756851.744301301892847 ], [ 3983728.567886022850871, 756814.319783953018486 ], [ 3983765.992403371725231, 756814.319783953018486 ], [ 3983803.416920720599592, 756814.319783953018486 ], [ 3983840.841438069473952, 756814.319783953018486 ], [ 3983878.265955418348312, 756814.319783953018486 ], [ 3983915.690472767222673, 756814.319783953018486 ], [ 3983953.114990116097033, 756814.319783953018486 ], [ 3983990.539507464971393, 756814.319783953018486 ], [ 3984027.964024813845754, 756814.319783953018486 ], [ 3984054.427154813893139, 756787.856653952971101 ], [ 3984054.427154813893139, 756750.43213660409674 ], [ 3984054.427154813893139, 756713.00761925522238 ], [ 3984054.427154813893139, 756675.58310190634802 ], [ 3984094.121849813964218, 756654.600665580597706 ], [ 3984133.816544814035296, 756652.330487929051742 ], [ 3984171.241062162909657, 756652.330487929051742 ], [ 3984208.665579511784017, 756652.330487929051742 ], [ 3984246.090096860658377, 756652.330487929051742 ], [ 3984272.553226860705763, 756678.793617929099128 ], [ 3984272.553226860705763, 756716.218135277973488 ], [ 3984272.553226860705763, 756753.642652626847848 ], [ 3984272.553226860705763, 756791.067169975722209 ], [ 3984299.016356860753149, 756817.530299975769594 ], [ 3984336.440874209627509, 756817.530299975769594 ], [ 3984373.865391558501869, 756817.530299975769594 ], [ 3984400.328521558549255, 756791.067169975722209 ], [ 3984400.328521558549255, 756753.642652626847848 ], [ 3984400.328521558549255, 756716.218135277973488 ], [ 3984400.328521558549255, 756678.793617929099128 ], [ 3984426.791651558596641, 756652.330487929051742 ], [ 3984464.216168907471001, 756652.330487929051742 ], [ 3984501.640686256345361, 756652.330487929051742 ], [ 3984539.065203605219722, 756652.330487929051742 ], [ 3984576.489720954094082, 756652.330487929051742 ], [ 3984613.914238302968442, 756652.330487929051742 ], [ 3984651.338755651842803, 756652.330487929051742 ], [ 3984688.763273000717163, 756652.330487929051742 ], [ 3984715.226403000764549, 756625.867357929004356 ], [ 3984715.226403000764549, 756588.442840580129996 ], [ 3984715.226403000764549, 756551.018323231255636 ], [ 3984715.226403000764549, 756513.593805882381275 ], [ 3984741.689533000811934, 756487.13067588233389 ], [ 3984779.114050349686295, 756487.13067588233389 ], [ 3984816.538567698560655, 756487.13067588233389 ], [ 3984853.963085047435015, 756487.13067588233389 ], [ 3984891.387602396309376, 756487.13067588233389 ], [ 3984928.812119745183736, 756487.13067588233389 ], [ 3984966.236637094058096, 756487.13067588233389 ], [ 3985003.661154442932457, 756487.13067588233389 ], [ 3985041.085671791806817, 756487.13067588233389 ], [ 3985041.085671791806817, 756449.706158533459529 ], [ 3985041.085671791806817, 756412.281641184585169 ], [ 3985041.085671791806817, 756374.857123835710809 ], [ 3985041.085671791806817, 756337.432606486836448 ], [ 3985067.548801791854203, 756310.969476486789063 ], [ 3985104.973319140728563, 756310.969476486789063 ], [ 3985142.397836489602923, 756310.969476486789063 ], [ 3985179.822353838477284, 756310.969476486789063 ], [ 3985217.246871187351644, 756310.969476486789063 ], [ 3985254.671388536226004, 756310.969476486789063 ], [ 3985292.095905885100365, 756310.969476486789063 ], [ 3985329.520423233974725, 756310.969476486789063 ], [ 3985366.944940582849085, 756310.969476486789063 ], [ 3985393.408070582896471, 756337.432606486836448 ], [ 3985393.408070582896471, 756374.857123835710809 ], [ 3985393.408070582896471, 756412.281641184585169 ], [ 3985393.408070582896471, 756449.706158533459529 ], [ 3985393.408070582896471, 756487.13067588233389 ], [ 3985393.408070582896471, 756524.55519323120825 ], [ 3985393.408070582896471, 756561.97971058008261 ], [ 3985393.408070582896471, 756599.404227928956971 ], [ 3985393.408070582896471, 756636.828745277831331 ], [ 3985430.832587931770831, 756636.828745277831331 ], [ 3985468.257105280645192, 756636.828745277831331 ], [ 3985505.681622629519552, 756636.828745277831331 ], [ 3985543.106139978393912, 756636.828745277831331 ], [ 3985569.569269978441298, 756663.291875277878717 ], [ 3985569.569269978441298, 756700.716392626753077 ], [ 3985569.569269978441298, 756738.140909975627437 ], [ 3985569.569269978441298, 756775.565427324501798 ], [ 3985569.569269978441298, 756812.989944673376158 ], [ 3985606.993787327315658, 756812.989944673376158 ], [ 3985644.418304676190019, 756812.989944673376158 ], [ 3985681.842822025064379, 756812.989944673376158 ], [ 3985681.842822025064379, 756775.565427324501798 ], [ 3985681.842822025064379, 756738.140909975627437 ], [ 3985681.842822025064379, 756700.716392626753077 ], [ 3985681.842822025064379, 756663.291875277878717 ], [ 3985708.305952025111765, 756636.828745277831331 ], [ 3985745.730469373986125, 756636.828745277831331 ], [ 3985783.154986722860485, 756636.828745277831331 ], [ 3985820.579504071734846, 756636.828745277831331 ], [ 3985858.004021420609206, 756636.828745277831331 ], [ 3985890.213812950998545, 756676.523440277785994 ], [ 3985888.741538867820054, 756716.218135277740657 ], [ 3985888.741538867820054, 756753.642652626615018 ], [ 3985888.741538867820054, 756791.067169975489378 ], [ 3985888.741538867820054, 756828.491687324363738 ], [ 3985888.741538867820054, 756865.916204673238099 ], [ 3985888.741538867820054, 756903.340722022112459 ], [ 3985888.741538867820054, 756940.765239370986819 ], [ 3985888.741538867820054, 756978.18975671986118 ], [ 3985926.166056216694415, 756978.18975671986118 ], [ 3985963.590573565568775, 756978.18975671986118 ], [ 3986001.015090914443135, 756978.18975671986118 ], [ 3986038.439608263317496, 756978.18975671986118 ], [ 3986064.902738263364881, 757004.652886719908565 ], [ 3986064.902738263364881, 757042.077404068782926 ], [ 3986064.902738263364881, 757079.501921417657286 ], [ 3986064.902738263364881, 757116.926438766531646 ], [ 3986091.365868263412267, 757143.389568766579032 ], [ 3986128.790385612286627, 757143.389568766579032 ], [ 3986166.214902961160988, 757143.389568766579032 ], [ 3986203.639420310035348, 757143.389568766579032 ], [ 3986230.102550310082734, 757169.852698766626418 ], [ 3986230.102550310082734, 757207.277216115500778 ], [ 3986230.102550310082734, 757244.701733464375138 ], [ 3986230.102550310082734, 757282.126250813249499 ], [ 3986256.565680310130119, 757308.589380813296884 ], [ 3986293.99019765900448, 757308.589380813296884 ], [ 3986331.41471500787884, 757308.589380813296884 ], [ 3986368.8392323567532, 757308.589380813296884 ], [ 3986368.8392323567532, 757346.013898162171245 ], [ 3986368.8392323567532, 757383.438415511045605 ], [ 3986368.8392323567532, 757420.862932859919965 ], [ 3986368.8392323567532, 757458.287450208794326 ], [ 3986406.263749705627561, 757458.287450208794326 ], [ 3986443.688267054501921, 757458.287450208794326 ], [ 3986481.112784403376281, 757458.287450208794326 ], [ 3986518.537301752250642, 757458.287450208794326 ], [ 3986555.961819101125002, 757458.287450208794326 ], [ 3986593.386336449999362, 757458.287450208794326 ], [ 3986630.810853798873723, 757458.287450208794326 ], [ 3986668.235371147748083, 757458.287450208794326 ], [ 3986705.659888496622443, 757458.287450208794326 ], [ 3986732.123018496669829, 757484.750580208841711 ], [ 3986732.123018496669829, 757522.175097557716072 ], [ 3986732.123018496669829, 757559.599614906590432 ], [ 3986732.123018496669829, 757597.024132255464792 ], [ 3986732.123018496669829, 757634.448649604339153 ], [ 3986769.547535845544189, 757634.448649604339153 ], [ 3986806.97205319441855, 757634.448649604339153 ], [ 3986844.39657054329291, 757634.448649604339153 ], [ 3986870.859700543340296, 757660.911779604386538 ], [ 3986870.859700543340296, 757698.336296953260899 ], [ 3986870.859700543340296, 757735.760814302135259 ], [ 3986870.859700543340296, 757773.185331651009619 ], [ 3986870.859700543340296, 757810.60984899988398 ], [ 3986908.284217892214656, 757810.60984899988398 ], [ 3986945.708735241089016, 757810.60984899988398 ], [ 3986983.133252589963377, 757810.60984899988398 ], [ 3987020.557769938837737, 757810.60984899988398 ], [ 3987047.020899938885123, 757837.072978999931365 ], [ 3987047.020899938885123, 757874.497496348805726 ], [ 3987047.020899938885123, 757911.922013697680086 ], [ 3987047.020899938885123, 757949.346531046554446 ], [ 3987073.484029938932508, 757975.809661046601832 ], [ 3987110.908547287806869, 757975.809661046601832 ], [ 3987148.333064636681229, 757975.809661046601832 ], [ 3987185.757581985555589, 757975.809661046601832 ], [ 3987223.18209933442995, 757975.809661046601832 ], [ 3987260.60661668330431, 757975.809661046601832 ], [ 3987298.03113403217867, 757975.809661046601832 ], [ 3987335.45565138105303, 757975.809661046601832 ], [ 3987372.880168729927391, 757975.809661046601832 ], [ 3987372.880168729927391, 758013.234178395476192 ], [ 3987372.880168729927391, 758050.658695744350553 ], [ 3987372.880168729927391, 758088.083213093224913 ], [ 3987372.880168729927391, 758125.507730442099273 ], [ 3987372.880168729927391, 758162.932247790973634 ], [ 3987372.880168729927391, 758200.356765139847994 ], [ 3987372.880168729927391, 758237.781282488722354 ], [ 3987372.880168729927391, 758275.205799837596714 ], [ 3987399.343298729974777, 758301.6689298376441 ], [ 3987436.767816078849137, 758301.6689298376441 ], [ 3987474.192333427723497, 758301.6689298376441 ], [ 3987511.616850776597857, 758301.6689298376441 ], [ 3987549.041368125472218, 758301.6689298376441 ], [ 3987586.465885474346578, 758301.6689298376441 ], [ 3987623.890402823220938, 758301.6689298376441 ], [ 3987661.314920172095299, 758301.6689298376441 ], [ 3987687.778050172142684, 758328.132059837691486 ], [ 3987687.778050172142684, 758365.556577186565846 ], [ 3987687.778050172142684, 758402.981094535440207 ], [ 3987687.778050172142684, 758440.405611884314567 ], [ 3987714.24118017219007, 758466.868741884361953 ], [ 3987751.66569752106443, 758466.868741884361953 ], [ 3987789.090214869938791, 758466.868741884361953 ], [ 3987826.514732218813151, 758466.868741884361953 ], [ 3987852.977862218860537, 758493.331871884409338 ], [ 3987852.977862218860537, 758530.756389233283699 ], [ 3987852.977862218860537, 758568.180906582158059 ], [ 3987852.977862218860537, 758605.605423931032419 ], [ 3987879.440992218907923, 758632.068553931079805 ], [ 3987916.865509567782283, 758632.068553931079805 ], [ 3987954.290026916656643, 758632.068553931079805 ], [ 3987991.714544265531003, 758632.068553931079805 ], [ 3988029.139061614405364, 758632.068553931079805 ], [ 3988066.563578963279724, 758632.068553931079805 ], [ 3988103.988096312154084, 758632.068553931079805 ], [ 3988141.412613661028445, 758632.068553931079805 ], [ 3988178.837131009902805, 758632.068553931079805 ], [ 3988205.300261009950191, 758658.531683931127191 ], [ 3988205.300261009950191, 758695.956201280001551 ], [ 3988205.300261009950191, 758733.380718628875911 ], [ 3988205.300261009950191, 758770.805235977750272 ], [ 3988231.763391009997576, 758797.268365977797657 ], [ 3988269.187908358871937, 758797.268365977797657 ], [ 3988306.612425707746297, 758797.268365977797657 ], [ 3988344.036943056620657, 758797.268365977797657 ], [ 3988370.500073056668043, 758823.731495977845043 ], [ 3988370.500073056668043, 758861.156013326719403 ], [ 3988370.500073056668043, 758898.580530675593764 ], [ 3988370.500073056668043, 758936.005048024468124 ], [ 3988396.963203056715429, 758962.46817802451551 ], [ 3988434.387720405589789, 758962.46817802451551 ], [ 3988471.812237754464149, 758962.46817802451551 ], [ 3988509.23675510333851, 758962.46817802451551 ], [ 3988546.66127245221287, 758962.46817802451551 ], [ 3988584.08578980108723, 758962.46817802451551 ], [ 3988621.510307149961591, 758962.46817802451551 ], [ 3988658.934824498835951, 758962.46817802451551 ], [ 3988668.68990562018007, 759002.162873024470173 ], [ 3988667.21763153700158, 759041.857568024424836 ], [ 3988667.21763153700158, 759079.282085373299196 ], [ 3988667.21763153700158, 759116.706602722173557 ], [ 3988704.64214888587594, 759116.706602722173557 ], [ 3988742.066666234750301, 759116.706602722173557 ], [ 3988779.491183583624661, 759116.706602722173557 ], [ 3988816.915700932499021, 759116.706602722173557 ], [ 3988854.340218281373382, 759116.706602722173557 ], [ 3988854.340218281373382, 759154.131120071047917 ], [ 3988854.340218281373382, 759191.555637419922277 ], [ 3988854.340218281373382, 759228.980154768796638 ], [ 3988854.340218281373382, 759266.404672117670998 ], [ 3988880.803348281420767, 759292.867802117718384 ], [ 3988918.227865630295128, 759292.867802117718384 ], [ 3988955.652382979169488, 759292.867802117718384 ], [ 3988993.076900328043848, 759292.867802117718384 ], [ 3989019.540030328091234, 759319.330932117765769 ], [ 3989019.540030328091234, 759356.75544946664013 ], [ 3989019.540030328091234, 759394.17996681551449 ], [ 3989019.540030328091234, 759431.60448416438885 ], [ 3989046.00316032813862, 759458.067614164436236 ], [ 3989083.42767767701298, 759458.067614164436236 ], [ 3989120.85219502588734, 759458.067614164436236 ], [ 3989158.276712374761701, 759458.067614164436236 ], [ 3989195.701229723636061, 759458.067614164436236 ], [ 3989233.125747072510421, 759458.067614164436236 ], [ 3989270.550264421384782, 759458.067614164436236 ], [ 3989307.974781770259142, 759458.067614164436236 ], [ 3989334.437911770306528, 759484.530744164483622 ], [ 3989334.437911770306528, 759521.955261513357982 ], [ 3989334.437911770306528, 759559.379778862232342 ], [ 3989334.437911770306528, 759596.804296211106703 ], [ 3989360.901041770353913, 759623.267426211154088 ], [ 3989398.325559119228274, 759623.267426211154088 ], [ 3989435.750076468102634, 759623.267426211154088 ], [ 3989473.174593816976994, 759623.267426211154088 ], [ 3989499.63772381702438, 759649.730556211201474 ], [ 3989499.63772381702438, 759687.155073560075834 ], [ 3989499.63772381702438, 759724.579590908950195 ], [ 3989499.63772381702438, 759762.004108257824555 ], [ 3989526.100853817071766, 759788.467238257871941 ], [ 3989563.525371165946126, 759788.467238257871941 ], [ 3989600.949888514820486, 759788.467238257871941 ], [ 3989638.374405863694847, 759788.467238257871941 ], [ 3989675.798923212569207, 759788.467238257871941 ], [ 3989675.798923212569207, 759825.891755606746301 ], [ 3989675.798923212569207, 759863.316272955620661 ], [ 3989675.798923212569207, 759900.740790304495022 ], [ 3989675.798923212569207, 759938.165307653369382 ], [ 3989713.223440561443567, 759938.165307653369382 ], [ 3989750.647957910317928, 759938.165307653369382 ], [ 3989788.072475259192288, 759938.165307653369382 ], [ 3989825.496992608066648, 759938.165307653369382 ], [ 3989862.921509956941009, 759938.165307653369382 ], [ 3989900.346027305815369, 759938.165307653369382 ], [ 3989937.770544654689729, 759938.165307653369382 ], [ 3989975.19506200356409, 759938.165307653369382 ], [ 3990001.658192003611475, 759964.628437653416768 ], [ 3990001.658192003611475, 760002.052955002291128 ], [ 3990001.658192003611475, 760039.477472351165488 ], [ 3990001.658192003611475, 760076.901989700039849 ], [ 3990001.658192003611475, 760114.326507048914209 ], [ 3990039.082709352485836, 760114.326507048914209 ], [ 3990076.507226701360196, 760114.326507048914209 ], [ 3990113.931744050234556, 760114.326507048914209 ], [ 3990151.356261399108917, 760114.326507048914209 ], [ 3990151.356261399108917, 760151.751024397788569 ], [ 3990151.356261399108917, 760189.17554174666293 ], [ 3990151.356261399108917, 760226.60005909553729 ], [ 3990151.356261399108917, 760264.02457644441165 ], [ 3990177.819391399156302, 760290.487706444459036 ], [ 3990215.243908748030663, 760290.487706444459036 ], [ 3990252.668426096905023, 760290.487706444459036 ], [ 3990290.092943445779383, 760290.487706444459036 ], [ 3990327.517460794653744, 760290.487706444459036 ], [ 3990364.941978143528104, 760290.487706444459036 ], [ 3990402.366495492402464, 760290.487706444459036 ], [ 3990439.791012841276824, 760290.487706444459036 ], [ 3990477.215530190151185, 760290.487706444459036 ], [ 3990494.455514781177044, 760330.182401444413699 ], [ 3990492.983240697998554, 760369.877096444368362 ], [ 3990492.983240697998554, 760407.301613793242723 ], [ 3990492.983240697998554, 760444.726131142117083 ], [ 3990530.407758046872914, 760444.726131142117083 ], [ 3990567.832275395747274, 760444.726131142117083 ], [ 3990605.256792744621634, 760444.726131142117083 ], [ 3990642.681310093495995, 760444.726131142117083 ], [ 3990680.105827442370355, 760444.726131142117083 ], [ 3990717.530344791244715, 760444.726131142117083 ], [ 3990754.954862140119076, 760444.726131142117083 ], [ 3990792.379379488993436, 760444.726131142117083 ], [ 3990818.842509489040822, 760471.189261142164469 ], [ 3990818.842509489040822, 760508.613778491038829 ], [ 3990818.842509489040822, 760546.038295839913189 ], [ 3990818.842509489040822, 760583.46281318878755 ], [ 3990818.842509489040822, 760620.88733053766191 ], [ 3990818.842509489040822, 760658.31184788653627 ], [ 3990818.842509489040822, 760695.736365235410631 ], [ 3990818.842509489040822, 760733.160882584284991 ], [ 3990818.842509489040822, 760770.585399933159351 ], [ 3990856.267026837915182, 760770.585399933159351 ], [ 3990893.691544186789542, 760770.585399933159351 ], [ 3990931.116061535663903, 760770.585399933159351 ], [ 3990968.540578884538263, 760770.585399933159351 ], [ 3990995.003708884585649, 760797.048529933206737 ], [ 3990995.003708884585649, 760834.473047282081097 ], [ 3990995.003708884585649, 760871.897564630955458 ], [ 3990995.003708884585649, 760909.322081979829818 ], [ 3990995.003708884585649, 760946.746599328704178 ], [ 3991032.428226233460009, 760946.746599328704178 ], [ 3991069.852743582334369, 760946.746599328704178 ], [ 3991107.27726093120873, 760946.746599328704178 ], [ 3991144.70177828008309, 760946.746599328704178 ], [ 3991171.164908280130476, 760973.209729328751564 ], [ 3991171.164908280130476, 761010.634246677625924 ], [ 3991171.164908280130476, 761048.058764026500285 ], [ 3991171.164908280130476, 761085.483281375374645 ], [ 3991197.628038280177861, 761111.946411375422031 ], [ 3991235.052555629052222, 761111.946411375422031 ], [ 3991272.477072977926582, 761111.946411375422031 ], [ 3991309.901590326800942, 761111.946411375422031 ], [ 3991336.364720326848328, 761138.409541375469416 ], [ 3991336.364720326848328, 761175.834058724343777 ], [ 3991336.364720326848328, 761213.258576073218137 ], [ 3991336.364720326848328, 761250.683093422092497 ], [ 3991362.827850326895714, 761277.146223422139883 ], [ 3991400.252367675770074, 761277.146223422139883 ], [ 3991437.676885024644434, 761277.146223422139883 ], [ 3991475.101402373518795, 761277.146223422139883 ], [ 3991475.101402373518795, 761314.570740771014243 ], [ 3991475.101402373518795, 761351.995258119888604 ], [ 3991475.101402373518795, 761389.419775468762964 ], [ 3991475.101402373518795, 761426.844292817637324 ], [ 3991512.525919722393155, 761426.844292817637324 ], [ 3991549.950437071267515, 761426.844292817637324 ], [ 3991587.374954420141876, 761426.844292817637324 ], [ 3991624.799471769016236, 761426.844292817637324 ], [ 3991651.262601769063622, 761453.30742281768471 ], [ 3991651.262601769063622, 761490.73194016655907 ], [ 3991651.262601769063622, 761528.156457515433431 ], [ 3991651.262601769063622, 761565.580974864307791 ], [ 3991651.262601769063622, 761603.005492213182151 ], [ 3991688.687119117937982, 761603.005492213182151 ], [ 3991726.111636466812342, 761603.005492213182151 ], [ 3991763.536153815686703, 761603.005492213182151 ], [ 3991789.999283815734088, 761629.468622213229537 ], [ 3991789.999283815734088, 761666.893139562103897 ], [ 3991789.999283815734088, 761704.317656910978258 ], [ 3991789.999283815734088, 761741.742174259852618 ], [ 3991789.999283815734088, 761779.166691608726978 ], [ 3991827.423801164608449, 761779.166691608726978 ], [ 3991864.848318513482809, 761779.166691608726978 ], [ 3991902.272835862357169, 761779.166691608726978 ], [ 3991939.69735321123153, 761779.166691608726978 ], [ 3991977.12187056010589, 761779.166691608726978 ], [ 3991977.12187056010589, 761816.591208957601339 ], [ 3991977.12187056010589, 761854.015726306475699 ], [ 3991977.12187056010589, 761891.440243655350059 ], [ 3991977.12187056010589, 761928.86476100422442 ], [ 3992014.54638790898025, 761928.86476100422442 ], [ 3992051.970905257854611, 761928.86476100422442 ], [ 3992089.395422606728971, 761928.86476100422442 ], [ 3992126.819939955603331, 761928.86476100422442 ], [ 3992153.283069955650717, 761955.327891004271805 ], [ 3992153.283069955650717, 761992.752408353146166 ], [ 3992153.283069955650717, 762030.176925702020526 ], [ 3992153.283069955650717, 762067.601443050894886 ], [ 3992153.283069955650717, 762105.025960399769247 ], [ 3992190.707587304525077, 762105.025960399769247 ], [ 3992228.132104653399438, 762105.025960399769247 ], [ 3992265.556622002273798, 762105.025960399769247 ], [ 3992292.019752002321184, 762131.489090399816632 ], [ 3992292.019752002321184, 762168.913607748690993 ], [ 3992292.019752002321184, 762206.338125097565353 ], [ 3992292.019752002321184, 762243.762642446439713 ], [ 3992318.482882002368569, 762270.225772446487099 ], [ 3992355.90739935124293, 762270.225772446487099 ], [ 3992393.33191670011729, 762270.225772446487099 ], [ 3992430.75643404899165, 762270.225772446487099 ], [ 3992457.219564049039036, 762296.688902446534485 ], [ 3992457.219564049039036, 762334.113419795408845 ], [ 3992457.219564049039036, 762371.537937144283205 ], [ 3992457.219564049039036, 762408.962454493157566 ], [ 3992483.682694049086422, 762435.425584493204951 ], [ 3992521.107211397960782, 762435.425584493204951 ], [ 3992558.531728746835142, 762435.425584493204951 ], [ 3992595.956246095709503, 762435.425584493204951 ], [ 3992622.419376095756888, 762461.888714493252337 ], [ 3992622.419376095756888, 762499.313231842126697 ], [ 3992622.419376095756888, 762536.737749191001058 ], [ 3992622.419376095756888, 762574.162266539875418 ], [ 3992648.882506095804274, 762600.625396539922804 ], [ 3992686.307023444678634, 762600.625396539922804 ], [ 3992723.731540793552995, 762600.625396539922804 ], [ 3992761.156058142427355, 762600.625396539922804 ], [ 3992798.580575491301715, 762600.625396539922804 ], [ 3992798.580575491301715, 762638.049913888797164 ], [ 3992798.580575491301715, 762675.474431237671524 ], [ 3992798.580575491301715, 762712.898948586545885 ], [ 3992798.580575491301715, 762750.323465935420245 ], [ 3992836.005092840176076, 762750.323465935420245 ], [ 3992873.429610189050436, 762750.323465935420245 ], [ 3992910.854127537924796, 762750.323465935420245 ], [ 3992948.278644886799157, 762750.323465935420245 ], [ 3992974.741774886846542, 762776.786595935467631 ], [ 3992974.741774886846542, 762814.211113284341991 ], [ 3992974.741774886846542, 762851.635630633216351 ], [ 3992974.741774886846542, 762889.060147982090712 ], [ 3992974.741774886846542, 762926.484665330965072 ], [ 3993012.166292235720903, 762926.484665330965072 ], [ 3993049.590809584595263, 762926.484665330965072 ], [ 3993087.015326933469623, 762926.484665330965072 ], [ 3993113.478456933517009, 762952.947795331012458 ], [ 3993113.478456933517009, 762990.372312679886818 ], [ 3993113.478456933517009, 763027.796830028761178 ], [ 3993113.478456933517009, 763065.221347377635539 ], [ 3993113.478456933517009, 763102.645864726509899 ], [ 3993150.902974282391369, 763102.645864726509899 ], [ 3993188.32749163126573, 763102.645864726509899 ], [ 3993225.75200898014009, 763102.645864726509899 ], [ 3993263.17652632901445, 763102.645864726509899 ], [ 3993289.639656329061836, 763129.108994726557285 ], [ 3993289.639656329061836, 763166.533512075431645 ], [ 3993289.639656329061836, 763203.958029424306005 ], [ 3993289.639656329061836, 763241.382546773180366 ], [ 3993316.102786329109222, 763267.845676773227751 ], [ 3993353.527303677983582, 763267.845676773227751 ], [ 3993390.951821026857942, 763267.845676773227751 ], [ 3993428.376338375732303, 763267.845676773227751 ], [ 3993465.800855724606663, 763267.845676773227751 ], [ 3993465.800855724606663, 763305.270194122102112 ], [ 3993465.800855724606663, 763342.694711470976472 ], [ 3993465.800855724606663, 763380.119228819850832 ], [ 3993465.800855724606663, 763417.543746168725193 ], [ 3993503.225373073481023, 763417.543746168725193 ], [ 3993540.649890422355384, 763417.543746168725193 ], [ 3993578.074407771229744, 763417.543746168725193 ], [ 3993615.498925120104104, 763417.543746168725193 ], [ 3993652.923442468978465, 763417.543746168725193 ], [ 3993690.347959817852825, 763417.543746168725193 ], [ 3993727.772477166727185, 763417.543746168725193 ], [ 3993765.196994515601546, 763417.543746168725193 ], [ 3993802.621511864475906, 763417.543746168725193 ], [ 3993840.046029213350266, 763417.543746168725193 ], [ 3993877.470546562224627, 763417.543746168725193 ], [ 3993914.895063911098987, 763417.543746168725193 ], [ 3993952.319581259973347, 763417.543746168725193 ], [ 3993989.744098608847708, 763417.543746168725193 ], [ 3994027.168615957722068, 763417.543746168725193 ], [ 3994064.593133306596428, 763417.543746168725193 ], [ 3994102.017650655470788, 763417.543746168725193 ], [ 3994102.017650655470788, 763454.968263517599553 ], [ 3994102.017650655470788, 763492.392780866473913 ], [ 3994102.017650655470788, 763529.817298215348274 ], [ 3994102.017650655470788, 763567.241815564222634 ], [ 3994128.480780655518174, 763593.70494556427002 ], [ 3994165.905298004392534, 763593.70494556427002 ], [ 3994203.329815353266895, 763593.70494556427002 ], [ 3994240.754332702141255, 763593.70494556427002 ], [ 3994278.178850051015615, 763593.70494556427002 ], [ 3994315.603367399889976, 763593.70494556427002 ], [ 3994353.027884748764336, 763593.70494556427002 ], [ 3994390.452402097638696, 763593.70494556427002 ], [ 3994427.876919446513057, 763593.70494556427002 ], [ 3994454.340049446560442, 763620.168075564317405 ], [ 3994454.340049446560442, 763657.592592913191766 ], [ 3994454.340049446560442, 763695.017110262066126 ], [ 3994454.340049446560442, 763732.441627610940486 ], [ 3994480.803179446607828, 763758.904757610987872 ], [ 3994518.227696795482188, 763758.904757610987872 ], [ 3994555.652214144356549, 763758.904757610987872 ], [ 3994593.076731493230909, 763758.904757610987872 ], [ 3994630.501248842105269, 763758.904757610987872 ], [ 3994667.92576619097963, 763758.904757610987872 ], [ 3994705.35028353985399, 763758.904757610987872 ], [ 3994742.77480088872835, 763758.904757610987872 ], [ 3994780.199318237602711, 763758.904757610987872 ], [ 3994817.623835586477071, 763758.904757610987872 ], [ 3994855.048352935351431, 763758.904757610987872 ], [ 3994892.472870284225792, 763758.904757610987872 ], [ 3994929.897387633100152, 763758.904757610987872 ], [ 3994967.321904981974512, 763758.904757610987872 ], [ 3995004.746422330848873, 763758.904757610987872 ], [ 3995042.170939679723233, 763758.904757610987872 ], [ 3995079.595457028597593, 763758.904757610987872 ], [ 3995100.577893354464322, 763798.599452610942535 ], [ 3995099.105619271285832, 763838.294147610897198 ], [ 3995099.105619271285832, 763875.718664959771559 ], [ 3995099.105619271285832, 763913.143182308645919 ], [ 3995136.530136620160192, 763913.143182308645919 ], [ 3995173.954653969034553, 763913.143182308645919 ], [ 3995211.379171317908913, 763913.143182308645919 ], [ 3995248.803688666783273, 763913.143182308645919 ], [ 3995286.228206015657634, 763913.143182308645919 ], [ 3995323.652723364531994, 763913.143182308645919 ], [ 3995361.077240713406354, 763913.143182308645919 ], [ 3995398.501758062280715, 763913.143182308645919 ], [ 3995424.9648880623281, 763939.606312308693305 ], [ 3995424.9648880623281, 763977.030829657567665 ], [ 3995424.9648880623281, 764014.455347006442025 ], [ 3995424.9648880623281, 764051.879864355316386 ], [ 3995424.9648880623281, 764089.304381704190746 ], [ 3995462.389405411202461, 764089.304381704190746 ], [ 3995499.813922760076821, 764089.304381704190746 ], [ 3995537.238440108951181, 764089.304381704190746 ], [ 3995574.662957457825541, 764089.304381704190746 ], [ 3995612.087474806699902, 764089.304381704190746 ], [ 3995649.511992155574262, 764089.304381704190746 ], [ 3995686.936509504448622, 764089.304381704190746 ], [ 3995724.361026853322983, 764089.304381704190746 ], [ 3995761.785544202197343, 764089.304381704190746 ], [ 3995799.210061551071703, 764089.304381704190746 ], [ 3995836.634578899946064, 764089.304381704190746 ], [ 3995874.059096248820424, 764089.304381704190746 ], [ 3995911.483613597694784, 764089.304381704190746 ], [ 3995948.908130946569145, 764089.304381704190746 ], [ 3995986.332648295443505, 764089.304381704190746 ], [ 3996023.757165644317865, 764089.304381704190746 ], [ 3996061.181682993192226, 764089.304381704190746 ], [ 3996087.644812993239611, 764115.767511704238132 ], [ 3996087.644812993239611, 764153.192029053112492 ], [ 3996087.644812993239611, 764190.616546401986852 ], [ 3996087.644812993239611, 764228.041063750861213 ], [ 3996087.644812993239611, 764265.465581099735573 ], [ 3996087.644812993239611, 764302.890098448609933 ], [ 3996087.644812993239611, 764340.314615797484294 ], [ 3996087.644812993239611, 764377.739133146358654 ], [ 3996087.644812993239611, 764415.163650495233014 ], [ 3996087.644812993239611, 764452.588167844107375 ], [ 3996087.644812993239611, 764490.012685192981735 ], [ 3996087.644812993239611, 764527.437202541856095 ], [ 3996087.644812993239611, 764564.861719890730456 ], [ 3996087.644812993239611, 764602.286237239604816 ], [ 3996087.644812993239611, 764639.710754588479176 ], [ 3996087.644812993239611, 764677.135271937353536 ], [ 3996087.644812993239611, 764714.559789286227897 ], [ 3996087.644812993239611, 764751.984306635102257 ], [ 3996087.644812993239611, 764789.408823983976617 ], [ 3996087.644812993239611, 764826.833341332850978 ], [ 3996087.644812993239611, 764864.257858681725338 ], [ 3996087.644812993239611, 764901.682376030599698 ], [ 3996087.644812993239611, 764939.106893379474059 ], [ 3996087.644812993239611, 764976.531410728348419 ], [ 3996087.644812993239611, 765013.955928077222779 ], [ 3996087.644812993239611, 765051.38044542609714 ], [ 3996087.644812993239611, 765088.8049627749715 ], [ 3996087.644812993239611, 765126.22948012384586 ], [ 3996087.644812993239611, 765163.653997472720221 ], [ 3996087.644812993239611, 765201.078514821594581 ], [ 3996087.644812993239611, 765238.503032170468941 ], [ 3996087.644812993239611, 765275.927549519343302 ], [ 3996087.644812993239611, 765313.352066868217662 ], [ 3996087.644812993239611, 765350.776584217092022 ], [ 3996087.644812993239611, 765388.201101565966383 ], [ 3996087.644812993239611, 765425.625618914840743 ], [ 3996087.644812993239611, 765463.050136263715103 ], [ 3996087.644812993239611, 765500.474653612589464 ], [ 3996087.644812993239611, 765537.899170961463824 ], [ 3996087.644812993239611, 765575.323688310338184 ], [ 3996087.644812993239611, 765612.748205659212545 ], [ 3996087.644812993239611, 765650.172723008086905 ], [ 3996087.644812993239611, 765687.597240356961265 ], [ 3996087.644812993239611, 765725.021757705835626 ], [ 3996061.181682993192226, 765751.484887705883011 ], [ 3996023.757165644317865, 765751.484887705883011 ], [ 3995986.332648295443505, 765751.484887705883011 ], [ 3995948.908130946569145, 765751.484887705883011 ], [ 3995922.445000946521759, 765777.948017705930397 ], [ 3995922.445000946521759, 765815.372535054804757 ], [ 3995922.445000946521759, 765852.797052403679118 ], [ 3995922.445000946521759, 765890.221569752553478 ], [ 3995922.445000946521759, 765927.646087101427838 ], [ 3995922.445000946521759, 765965.070604450302199 ], [ 3995922.445000946521759, 766002.495121799176559 ], [ 3995922.445000946521759, 766039.919639148050919 ], [ 3995922.445000946521759, 766077.344156496925279 ], [ 3995922.445000946521759, 766114.76867384579964 ], [ 3995922.445000946521759, 766152.193191194674 ], [ 3995922.445000946521759, 766189.61770854354836 ], [ 3995922.445000946521759, 766227.042225892422721 ], [ 3995922.445000946521759, 766264.466743241297081 ], [ 3995922.445000946521759, 766301.891260590171441 ], [ 3995922.445000946521759, 766339.315777939045802 ], [ 3995922.445000946521759, 766376.740295287920162 ], [ 3995922.445000946521759, 766414.164812636794522 ], [ 3995922.445000946521759, 766451.589329985668883 ], [ 3995922.445000946521759, 766489.013847334543243 ], [ 3995922.445000946521759, 766526.438364683417603 ], [ 3995922.445000946521759, 766563.862882032291964 ], [ 3995922.445000946521759, 766601.287399381166324 ], [ 3995922.445000946521759, 766638.711916730040684 ], [ 3995922.445000946521759, 766676.136434078915045 ], [ 3995922.445000946521759, 766713.560951427789405 ], [ 3995922.445000946521759, 766750.985468776663765 ], [ 3995922.445000946521759, 766788.409986125538126 ], [ 3995922.445000946521759, 766825.834503474412486 ], [ 3995922.445000946521759, 766863.259020823286846 ], [ 3995922.445000946521759, 766900.683538172161207 ], [ 3995922.445000946521759, 766938.108055521035567 ], [ 3995922.445000946521759, 766975.532572869909927 ], [ 3995922.445000946521759, 767012.957090218784288 ], [ 3995922.445000946521759, 767050.381607567658648 ], [ 3995922.445000946521759, 767087.806124916533008 ], [ 3995922.445000946521759, 767125.230642265407369 ], [ 3995922.445000946521759, 767162.655159614281729 ], [ 3995922.445000946521759, 767200.079676963156089 ], [ 3995922.445000946521759, 767237.50419431203045 ], [ 3995922.445000946521759, 767274.92871166090481 ], [ 3995922.445000946521759, 767312.35322900977917 ], [ 3995922.445000946521759, 767349.77774635865353 ], [ 3995922.445000946521759, 767387.202263707527891 ], [ 3995922.445000946521759, 767424.626781056402251 ], [ 3995922.445000946521759, 767462.051298405276611 ], [ 3995922.445000946521759, 767499.475815754150972 ], [ 3995922.445000946521759, 767536.900333103025332 ], [ 3995922.445000946521759, 767574.324850451899692 ], [ 3995885.020483597647399, 767574.324850451899692 ], [ 3995847.595966248773038, 767574.324850451899692 ], [ 3995810.171448899898678, 767574.324850451899692 ], [ 3995772.746931551024318, 767574.324850451899692 ], [ 3995772.746931551024318, 767611.749367800774053 ], [ 3995772.746931551024318, 767649.173885149648413 ], [ 3995772.746931551024318, 767686.598402498522773 ], [ 3995772.746931551024318, 767724.022919847397134 ], [ 3995772.746931551024318, 767761.447437196271494 ], [ 3995772.746931551024318, 767798.871954545145854 ], [ 3995772.746931551024318, 767836.296471894020215 ], [ 3995772.746931551024318, 767873.720989242894575 ], [ 3995772.746931551024318, 767911.145506591768935 ], [ 3995772.746931551024318, 767948.570023940643296 ], [ 3995772.746931551024318, 767985.994541289517656 ], [ 3995772.746931551024318, 768023.419058638392016 ], [ 3995772.746931551024318, 768060.843575987266377 ], [ 3995772.746931551024318, 768098.268093336140737 ], [ 3995772.746931551024318, 768135.692610685015097 ], [ 3995772.746931551024318, 768173.117128033889458 ], [ 3995772.746931551024318, 768210.541645382763818 ], [ 3995772.746931551024318, 768247.966162731638178 ], [ 3995772.746931551024318, 768285.390680080512539 ], [ 3995772.746931551024318, 768322.815197429386899 ], [ 3995772.746931551024318, 768360.239714778261259 ], [ 3995772.746931551024318, 768397.66423212713562 ], [ 3995772.746931551024318, 768435.08874947600998 ], [ 3995772.746931551024318, 768472.51326682488434 ], [ 3995772.746931551024318, 768509.9377841737587 ], [ 3995772.746931551024318, 768547.362301522633061 ], [ 3995746.283801550976932, 768573.825431522680447 ], [ 3995708.859284202102572, 768573.825431522680447 ], [ 3995671.434766853228211, 768573.825431522680447 ], [ 3995634.010249504353851, 768573.825431522680447 ], [ 3995596.585732155479491, 768573.825431522680447 ], [ 3995596.585732155479491, 768611.249948871554807 ], [ 3995596.585732155479491, 768648.674466220429167 ], [ 3995596.585732155479491, 768686.098983569303527 ], [ 3995596.585732155479491, 768723.523500918177888 ], [ 3995596.585732155479491, 768760.948018267052248 ], [ 3995596.585732155479491, 768798.372535615926608 ], [ 3995596.585732155479491, 768835.797052964800969 ], [ 3995596.585732155479491, 768873.221570313675329 ], [ 3995634.010249504353851, 768873.221570313675329 ], [ 3995671.434766853228211, 768873.221570313675329 ], [ 3995708.859284202102572, 768873.221570313675329 ], [ 3995746.283801550976932, 768873.221570313675329 ], [ 3995772.746931551024318, 768899.684700313722715 ], [ 3995772.746931551024318, 768937.109217662597075 ], [ 3995772.746931551024318, 768974.533735011471435 ], [ 3995772.746931551024318, 769011.958252360345796 ], [ 3995772.746931551024318, 769049.382769709220156 ], [ 3995772.746931551024318, 769086.807287058094516 ], [ 3995772.746931551024318, 769124.231804406968877 ], [ 3995772.746931551024318, 769161.656321755843237 ], [ 3995772.746931551024318, 769199.080839104717597 ], [ 3995746.283801550976932, 769225.543969104764983 ], [ 3995708.859284202102572, 769225.543969104764983 ], [ 3995671.434766853228211, 769225.543969104764983 ], [ 3995634.010249504353851, 769225.543969104764983 ], [ 3995596.585732155479491, 769225.543969104764983 ], [ 3995596.585732155479491, 769262.968486453639343 ], [ 3995596.585732155479491, 769300.393003802513704 ], [ 3995596.585732155479491, 769337.817521151388064 ], [ 3995596.585732155479491, 769375.242038500262424 ], [ 3995596.585732155479491, 769412.666555849136785 ], [ 3995596.585732155479491, 769450.091073198011145 ], [ 3995596.585732155479491, 769487.515590546885505 ], [ 3995596.585732155479491, 769524.940107895759866 ], [ 3995596.585732155479491, 769562.364625244634226 ], [ 3995559.16121480660513, 769562.364625244634226 ], [ 3995521.73669745773077, 769562.364625244634226 ], [ 3995484.31218010885641, 769562.364625244634226 ], [ 3995446.887662759982049, 769562.364625244634226 ], [ 3995420.424532759934664, 769588.827755244681612 ], [ 3995420.424532759934664, 769626.252272593555972 ], [ 3995420.424532759934664, 769663.676789942430332 ], [ 3995420.424532759934664, 769701.101307291304693 ], [ 3995420.424532759934664, 769738.525824640179053 ], [ 3995420.424532759934664, 769775.950341989053413 ], [ 3995420.424532759934664, 769813.374859337927774 ], [ 3995420.424532759934664, 769850.799376686802134 ], [ 3995420.424532759934664, 769888.223894035676494 ], [ 3995383.000015411060303, 769888.223894035676494 ], [ 3995345.575498062185943, 769888.223894035676494 ], [ 3995308.150980713311583, 769888.223894035676494 ], [ 3995270.726463364437222, 769888.223894035676494 ], [ 3995270.726463364437222, 769925.648411384550855 ], [ 3995270.726463364437222, 769963.072928733425215 ], [ 3995270.726463364437222, 770000.497446082299575 ], [ 3995270.726463364437222, 770037.921963431173936 ], [ 3995244.263333364389837, 770064.385093431221321 ], [ 3995206.838816015515476, 770064.385093431221321 ], [ 3995169.414298666641116, 770064.385093431221321 ], [ 3995131.989781317766756, 770064.385093431221321 ], [ 3995105.52665131771937, 770090.848223431268707 ], [ 3995105.52665131771937, 770128.272740780143067 ], [ 3995105.52665131771937, 770165.697258129017428 ], [ 3995105.52665131771937, 770203.121775477891788 ], [ 3995105.52665131771937, 770240.546292826766148 ], [ 3995105.52665131771937, 770277.970810175640509 ], [ 3995105.52665131771937, 770315.395327524514869 ], [ 3995105.52665131771937, 770352.819844873389229 ], [ 3995105.52665131771937, 770390.24436222226359 ], [ 3995068.10213396884501, 770390.24436222226359 ], [ 3995030.677616619970649, 770390.24436222226359 ], [ 3994993.253099271096289, 770390.24436222226359 ], [ 3994955.828581922221929, 770390.24436222226359 ], [ 3994918.404064573347569, 770390.24436222226359 ], [ 3994918.404064573347569, 770427.66887957113795 ], [ 3994918.404064573347569, 770465.09339692001231 ], [ 3994918.404064573347569, 770502.51791426888667 ], [ 3994918.404064573347569, 770539.942431617761031 ], [ 3994918.404064573347569, 770577.366948966635391 ], [ 3994918.404064573347569, 770614.791466315509751 ], [ 3994918.404064573347569, 770652.215983664384112 ], [ 3994918.404064573347569, 770689.640501013258472 ], [ 3994891.940934573300183, 770716.103631013305858 ], [ 3994854.516417224425822, 770716.103631013305858 ], [ 3994817.091899875551462, 770716.103631013305858 ], [ 3994779.667382526677102, 770716.103631013305858 ], [ 3994753.204252526629716, 770742.566761013353243 ], [ 3994753.204252526629716, 770779.991278362227604 ], [ 3994753.204252526629716, 770817.415795711101964 ], [ 3994753.204252526629716, 770854.840313059976324 ], [ 3994753.204252526629716, 770892.264830408850685 ], [ 3994753.204252526629716, 770929.689347757725045 ], [ 3994753.204252526629716, 770967.113865106599405 ], [ 3994753.204252526629716, 771004.538382455473766 ], [ 3994753.204252526629716, 771041.962899804348126 ], [ 3994753.204252526629716, 771079.387417153222486 ], [ 3994753.204252526629716, 771116.811934502096847 ], [ 3994753.204252526629716, 771154.236451850971207 ], [ 3994753.204252526629716, 771191.660969199845567 ], [ 3994726.74112252658233, 771218.124099199892953 ], [ 3994689.31660517770797, 771218.124099199892953 ], [ 3994651.89208782883361, 771218.124099199892953 ], [ 3994614.467570479959249, 771218.124099199892953 ], [ 3994614.467570479959249, 771255.548616548767313 ], [ 3994614.467570479959249, 771292.973133897641674 ], [ 3994614.467570479959249, 771330.397651246516034 ], [ 3994614.467570479959249, 771367.822168595390394 ], [ 3994614.467570479959249, 771405.246685944264755 ], [ 3994614.467570479959249, 771442.671203293139115 ], [ 3994614.467570479959249, 771480.095720642013475 ], [ 3994614.467570479959249, 771517.520237990887836 ], [ 3994588.004440479911864, 771543.983367990935221 ], [ 3994550.579923131037503, 771543.983367990935221 ], [ 3994513.155405782163143, 771543.983367990935221 ], [ 3994475.730888433288783, 771543.983367990935221 ], [ 3994438.306371084414423, 771543.983367990935221 ], [ 3994438.306371084414423, 771581.407885339809582 ], [ 3994438.306371084414423, 771618.832402688683942 ], [ 3994438.306371084414423, 771656.256920037558302 ], [ 3994438.306371084414423, 771693.681437386432663 ], [ 3994438.306371084414423, 771731.105954735307023 ], [ 3994438.306371084414423, 771768.530472084181383 ], [ 3994438.306371084414423, 771805.954989433055744 ], [ 3994438.306371084414423, 771843.379506781930104 ], [ 3994438.306371084414423, 771880.804024130804464 ], [ 3994438.306371084414423, 771918.228541479678825 ], [ 3994438.306371084414423, 771955.653058828553185 ], [ 3994438.306371084414423, 771993.077576177427545 ], [ 3994438.306371084414423, 772030.502093526301906 ], [ 3994411.843241084367037, 772056.965223526349291 ], [ 3994374.418723735492676, 772056.965223526349291 ], [ 3994336.994206386618316, 772056.965223526349291 ], [ 3994299.569689037743956, 772056.965223526349291 ], [ 3994299.569689037743956, 772094.389740875223652 ], [ 3994299.569689037743956, 772131.814258224098012 ], [ 3994299.569689037743956, 772169.238775572972372 ], [ 3994299.569689037743956, 772206.663292921846732 ], [ 3994262.145171688869596, 772206.663292921846732 ], [ 3994224.720654339995235, 772206.663292921846732 ], [ 3994187.296136991120875, 772206.663292921846732 ], [ 3994149.871619642246515, 772206.663292921846732 ], [ 3994112.447102293372154, 772206.663292921846732 ], [ 3994112.447102293372154, 772244.087810270721093 ], [ 3994112.447102293372154, 772281.512327619595453 ], [ 3994112.447102293372154, 772318.936844968469813 ], [ 3994112.447102293372154, 772356.361362317344174 ], [ 3994112.447102293372154, 772393.785879666218534 ], [ 3994112.447102293372154, 772431.210397015092894 ], [ 3994112.447102293372154, 772468.634914363967255 ], [ 3994112.447102293372154, 772506.059431712841615 ], [ 3994112.447102293372154, 772543.483949061715975 ], [ 3994112.447102293372154, 772580.908466410590336 ], [ 3994112.447102293372154, 772618.332983759464696 ], [ 3994112.447102293372154, 772655.757501108339056 ], [ 3994112.447102293372154, 772693.182018457213417 ], [ 3994112.447102293372154, 772730.606535806087777 ], [ 3994112.447102293372154, 772768.031053154962137 ], [ 3994112.447102293372154, 772805.455570503836498 ], [ 3994112.447102293372154, 772842.880087852710858 ], [ 3994112.447102293372154, 772880.304605201585218 ], [ 3994112.447102293372154, 772917.729122550459579 ], [ 3994112.447102293372154, 772955.153639899333939 ], [ 3994112.447102293372154, 772992.578157248208299 ], [ 3994112.447102293372154, 773030.00267459708266 ], [ 3994112.447102293372154, 773067.42719194595702 ], [ 3994112.447102293372154, 773104.85170929483138 ], [ 3994112.447102293372154, 773142.276226643705741 ], [ 3994112.447102293372154, 773179.700743992580101 ], [ 3994149.871619642246515, 773179.700743992580101 ], [ 3994187.296136991120875, 773179.700743992580101 ], [ 3994224.720654339995235, 773179.700743992580101 ], [ 3994262.145171688869596, 773179.700743992580101 ], [ 3994288.608301688916981, 773206.163873992627487 ], [ 3994288.608301688916981, 773243.588391341501847 ], [ 3994288.608301688916981, 773281.012908690376207 ], [ 3994288.608301688916981, 773318.437426039250568 ], [ 3994288.608301688916981, 773355.861943388124928 ], [ 3994288.608301688916981, 773393.286460736999288 ], [ 3994288.608301688916981, 773430.710978085873649 ], [ 3994288.608301688916981, 773468.135495434748009 ], [ 3994288.608301688916981, 773505.560012783622369 ], [ 3994288.608301688916981, 773542.984530132496729 ], [ 3994288.608301688916981, 773580.40904748137109 ], [ 3994288.608301688916981, 773617.83356483024545 ], [ 3994288.608301688916981, 773655.25808217911981 ], [ 3994288.608301688916981, 773692.682599527994171 ], [ 3994288.608301688916981, 773730.107116876868531 ], [ 3994288.608301688916981, 773767.531634225742891 ], [ 3994288.608301688916981, 773804.956151574617252 ], [ 3994288.608301688916981, 773842.380668923491612 ], [ 3994288.608301688916981, 773879.805186272365972 ], [ 3994288.608301688916981, 773917.229703621240333 ], [ 3994288.608301688916981, 773954.654220970114693 ], [ 3994288.608301688916981, 773992.078738318989053 ], [ 3994315.071431688964367, 774018.541868319036439 ], [ 3994352.495949037838727, 774018.541868319036439 ], [ 3994389.920466386713088, 774018.541868319036439 ], [ 3994427.344983735587448, 774018.541868319036439 ], [ 3994453.808113735634834, 774045.004998319083825 ], [ 3994453.808113735634834, 774082.429515667958185 ], [ 3994453.808113735634834, 774119.854033016832545 ], [ 3994453.808113735634834, 774157.278550365706906 ], [ 3994453.808113735634834, 774194.703067714581266 ], [ 3994453.808113735634834, 774232.127585063455626 ], [ 3994453.808113735634834, 774269.552102412329987 ], [ 3994453.808113735634834, 774306.976619761204347 ], [ 3994453.808113735634834, 774344.401137110078707 ], [ 3994453.808113735634834, 774381.825654458953068 ], [ 3994453.808113735634834, 774419.250171807827428 ], [ 3994453.808113735634834, 774456.674689156701788 ], [ 3994453.808113735634834, 774494.099206505576149 ], [ 3994453.808113735634834, 774531.523723854450509 ], [ 3994453.808113735634834, 774568.948241203324869 ], [ 3994453.808113735634834, 774606.37275855219923 ], [ 3994453.808113735634834, 774643.79727590107359 ], [ 3994453.808113735634834, 774681.22179324994795 ], [ 3994491.232631084509194, 774681.22179324994795 ], [ 3994528.657148433383554, 774681.22179324994795 ], [ 3994566.081665782257915, 774681.22179324994795 ], [ 3994603.506183131132275, 774681.22179324994795 ], [ 3994603.506183131132275, 774718.646310598822311 ], [ 3994603.506183131132275, 774756.070827947696671 ], [ 3994603.506183131132275, 774793.495345296571031 ], [ 3994603.506183131132275, 774830.919862645445392 ], [ 3994603.506183131132275, 774868.344379994319752 ], [ 3994603.506183131132275, 774905.768897343194112 ], [ 3994603.506183131132275, 774943.193414692068473 ], [ 3994603.506183131132275, 774980.617932040942833 ], [ 3994629.969313131179661, 775007.081062040990219 ], [ 3994667.393830480054021, 775007.081062040990219 ], [ 3994704.818347828928381, 775007.081062040990219 ], [ 3994742.242865177802742, 775007.081062040990219 ], [ 3994768.705995177850127, 775033.544192041037604 ], [ 3994768.705995177850127, 775070.968709389911965 ], [ 3994768.705995177850127, 775108.393226738786325 ], [ 3994768.705995177850127, 775145.817744087660685 ], [ 3994768.705995177850127, 775183.242261436535046 ], [ 3994768.705995177850127, 775220.666778785409406 ], [ 3994768.705995177850127, 775258.091296134283766 ], [ 3994768.705995177850127, 775295.515813483158126 ], [ 3994768.705995177850127, 775332.940330832032487 ], [ 3994768.705995177850127, 775370.364848180906847 ], [ 3994768.705995177850127, 775407.789365529781207 ], [ 3994768.705995177850127, 775445.213882878655568 ], [ 3994768.705995177850127, 775482.638400227529928 ], [ 3994768.705995177850127, 775520.062917576404288 ], [ 3994768.705995177850127, 775557.487434925278649 ], [ 3994768.705995177850127, 775594.911952274153009 ], [ 3994768.705995177850127, 775632.336469623027369 ], [ 3994768.705995177850127, 775669.76098697190173 ], [ 3994768.705995177850127, 775707.18550432077609 ], [ 3994768.705995177850127, 775744.61002166965045 ], [ 3994768.705995177850127, 775782.034539018524811 ], [ 3994768.705995177850127, 775819.459056367399171 ], [ 3994806.130512526724488, 775819.459056367399171 ], [ 3994843.555029875598848, 775819.459056367399171 ], [ 3994880.979547224473208, 775819.459056367399171 ], [ 3994918.404064573347569, 775819.459056367399171 ], [ 3994918.404064573347569, 775856.883573716273531 ], [ 3994918.404064573347569, 775894.308091065147892 ], [ 3994918.404064573347569, 775931.732608414022252 ], [ 3994918.404064573347569, 775969.157125762896612 ], [ 3994944.867194573394954, 775995.620255762943998 ], [ 3994982.291711922269315, 775995.620255762943998 ], [ 3995019.716229271143675, 775995.620255762943998 ], [ 3995057.140746620018035, 775995.620255762943998 ], [ 3995094.565263968892395, 775995.620255762943998 ], [ 3995121.028393968939781, 776022.083385762991384 ], [ 3995121.028393968939781, 776059.507903111865744 ], [ 3995121.028393968939781, 776096.932420460740104 ], [ 3995121.028393968939781, 776134.356937809614465 ], [ 3995121.028393968939781, 776171.781455158488825 ], [ 3995121.028393968939781, 776209.205972507363185 ], [ 3995121.028393968939781, 776246.630489856237546 ], [ 3995121.028393968939781, 776284.055007205111906 ], [ 3995121.028393968939781, 776321.479524553986266 ], [ 3995121.028393968939781, 776358.904041902860627 ], [ 3995121.028393968939781, 776396.328559251734987 ], [ 3995121.028393968939781, 776433.753076600609347 ], [ 3995121.028393968939781, 776471.177593949483708 ], [ 3995147.491523968987167, 776497.640723949531093 ], [ 3995184.916041317861527, 776497.640723949531093 ], [ 3995222.340558666735888, 776497.640723949531093 ], [ 3995259.765076015610248, 776497.640723949531093 ], [ 3995259.765076015610248, 776535.065241298405454 ], [ 3995259.765076015610248, 776572.489758647279814 ], [ 3995259.765076015610248, 776609.914275996154174 ], [ 3995259.765076015610248, 776647.338793345028535 ], [ 3995297.189593364484608, 776647.338793345028535 ], [ 3995334.614110713358968, 776647.338793345028535 ], [ 3995372.038628062233329, 776647.338793345028535 ], [ 3995409.463145411107689, 776647.338793345028535 ], [ 3995435.926275411155075, 776673.80192334507592 ], [ 3995435.926275411155075, 776711.226440693950281 ], [ 3995435.926275411155075, 776748.650958042824641 ], [ 3995435.926275411155075, 776786.075475391699001 ], [ 3995435.926275411155075, 776823.499992740573362 ], [ 3995435.926275411155075, 776860.924510089447722 ], [ 3995435.926275411155075, 776898.349027438322082 ], [ 3995435.926275411155075, 776935.773544787196442 ], [ 3995435.926275411155075, 776973.198062136070803 ], [ 3995473.350792760029435, 776973.198062136070803 ], [ 3995510.775310108903795, 776973.198062136070803 ], [ 3995548.199827457778156, 776973.198062136070803 ], [ 3995574.662957457825541, 776999.661192136118189 ], [ 3995574.662957457825541, 777037.085709484992549 ], [ 3995574.662957457825541, 777074.510226833866909 ], [ 3995574.662957457825541, 777111.934744182741269 ], [ 3995574.662957457825541, 777149.35926153161563 ], [ 3995574.662957457825541, 777186.78377888048999 ], [ 3995574.662957457825541, 777224.20829622936435 ], [ 3995574.662957457825541, 777261.632813578238711 ], [ 3995574.662957457825541, 777299.057330927113071 ], [ 3995574.662957457825541, 777336.481848275987431 ], [ 3995574.662957457825541, 777373.906365624861792 ], [ 3995574.662957457825541, 777411.330882973736152 ], [ 3995574.662957457825541, 777448.755400322610512 ], [ 3995574.662957457825541, 777486.179917671484873 ], [ 3995574.662957457825541, 777523.604435020359233 ], [ 3995574.662957457825541, 777561.028952369233593 ], [ 3995574.662957457825541, 777598.453469718107954 ], [ 3995574.662957457825541, 777635.877987066982314 ], [ 3995574.662957457825541, 777673.302504415856674 ], [ 3995574.662957457825541, 777710.727021764731035 ], [ 3995574.662957457825541, 777748.151539113605395 ], [ 3995574.662957457825541, 777785.576056462479755 ], [ 3995574.662957457825541, 777823.000573811354116 ], [ 3995574.662957457825541, 777860.425091160228476 ], [ 3995574.662957457825541, 777897.849608509102836 ], [ 3995574.662957457825541, 777935.274125857977197 ], [ 3995574.662957457825541, 777972.698643206851557 ], [ 3995612.087474806699902, 777972.698643206851557 ], [ 3995649.511992155574262, 777972.698643206851557 ], [ 3995686.936509504448622, 777972.698643206851557 ], [ 3995724.361026853322983, 777972.698643206851557 ], [ 3995761.785544202197343, 777972.698643206851557 ], [ 3995761.785544202197343, 778010.123160555725917 ], [ 3995761.785544202197343, 778047.547677904600278 ], [ 3995761.785544202197343, 778084.972195253474638 ], [ 3995761.785544202197343, 778122.396712602348998 ], [ 3995761.785544202197343, 778159.821229951223359 ], [ 3995724.361026853322983, 778159.821229951223359 ], [ 3995686.936509504448622, 778159.821229951223359 ], [ 3995649.511992155574262, 778159.821229951223359 ], [ 3995612.087474806699902, 778159.821229951223359 ], [ 3995574.662957457825541, 778159.821229951223359 ], [ 3995574.662957457825541, 778197.245747300097719 ], [ 3995574.662957457825541, 778234.670264648972079 ], [ 3995574.662957457825541, 778272.094781997846439 ], [ 3995574.662957457825541, 778309.5192993467208 ], [ 3995574.662957457825541, 778346.94381669559516 ], [ 3995574.662957457825541, 778384.36833404446952 ], [ 3995574.662957457825541, 778421.792851393343881 ], [ 3995574.662957457825541, 778459.217368742218241 ], [ 3995574.662957457825541, 778496.641886091092601 ], [ 3995574.662957457825541, 778534.066403439966962 ], [ 3995574.662957457825541, 778571.490920788841322 ], [ 3995574.662957457825541, 778608.915438137715682 ], [ 3995574.662957457825541, 778646.339955486590043 ], [ 3995574.662957457825541, 778683.764472835464403 ], [ 3995574.662957457825541, 778721.188990184338763 ], [ 3995574.662957457825541, 778758.613507533213124 ], [ 3995574.662957457825541, 778796.038024882087484 ], [ 3995612.087474806699902, 778796.038024882087484 ], [ 3995649.511992155574262, 778796.038024882087484 ], [ 3995686.936509504448622, 778796.038024882087484 ], [ 3995724.361026853322983, 778796.038024882087484 ], [ 3995761.785544202197343, 778796.038024882087484 ], [ 3995761.785544202197343, 778833.462542230961844 ], [ 3995761.785544202197343, 778870.887059579836205 ], [ 3995761.785544202197343, 778908.311576928710565 ], [ 3995761.785544202197343, 778945.736094277584925 ], [ 3995761.785544202197343, 778983.160611626459286 ], [ 3995724.361026853322983, 778983.160611626459286 ], [ 3995686.936509504448622, 778983.160611626459286 ], [ 3995649.511992155574262, 778983.160611626459286 ], [ 3995612.087474806699902, 778983.160611626459286 ], [ 3995574.662957457825541, 778983.160611626459286 ], [ 3995574.662957457825541, 779020.585128975333646 ], [ 3995574.662957457825541, 779058.009646324208006 ], [ 3995574.662957457825541, 779095.434163673082367 ], [ 3995574.662957457825541, 779132.858681021956727 ], [ 3995574.662957457825541, 779170.283198370831087 ], [ 3995574.662957457825541, 779207.707715719705448 ], [ 3995574.662957457825541, 779245.132233068579808 ], [ 3995574.662957457825541, 779282.556750417454168 ], [ 3995574.662957457825541, 779319.981267766328529 ], [ 3995574.662957457825541, 779357.405785115202889 ], [ 3995574.662957457825541, 779394.830302464077249 ], [ 3995574.662957457825541, 779432.254819812951609 ], [ 3995574.662957457825541, 779469.67933716182597 ], [ 3995548.199827457778156, 779496.142467161873356 ], [ 3995510.775310108903795, 779496.142467161873356 ], [ 3995473.350792760029435, 779496.142467161873356 ], [ 3995435.926275411155075, 779496.142467161873356 ], [ 3995435.926275411155075, 779533.566984510747716 ], [ 3995435.926275411155075, 779570.991501859622076 ], [ 3995435.926275411155075, 779608.416019208496436 ], [ 3995435.926275411155075, 779645.840536557370797 ], [ 3995435.926275411155075, 779683.265053906245157 ], [ 3995435.926275411155075, 779720.689571255119517 ], [ 3995435.926275411155075, 779758.114088603993878 ], [ 3995435.926275411155075, 779795.538605952868238 ], [ 3995409.463145411107689, 779822.001735952915624 ], [ 3995372.038628062233329, 779822.001735952915624 ], [ 3995334.614110713358968, 779822.001735952915624 ], [ 3995297.189593364484608, 779822.001735952915624 ], [ 3995259.765076015610248, 779822.001735952915624 ], [ 3995259.765076015610248, 779859.426253301789984 ], [ 3995259.765076015610248, 779896.850770650664344 ], [ 3995259.765076015610248, 779934.275287999538705 ], [ 3995259.765076015610248, 779971.699805348413065 ], [ 3995259.765076015610248, 780009.124322697287425 ], [ 3995259.765076015610248, 780046.548840046161786 ], [ 3995259.765076015610248, 780083.973357395036146 ], [ 3995259.765076015610248, 780121.397874743910506 ], [ 3995233.301946015562862, 780147.861004743957892 ], [ 3995195.877428666688502, 780147.861004743957892 ], [ 3995158.452911317814142, 780147.861004743957892 ], [ 3995121.028393968939781, 780147.861004743957892 ], [ 3995121.028393968939781, 780185.285522092832252 ], [ 3995121.028393968939781, 780222.710039441706613 ], [ 3995121.028393968939781, 780260.134556790580973 ], [ 3995121.028393968939781, 780297.559074139455333 ], [ 3995094.565263968892395, 780324.022204139502719 ], [ 3995057.140746620018035, 780324.022204139502719 ], [ 3995019.716229271143675, 780324.022204139502719 ], [ 3994982.291711922269315, 780324.022204139502719 ], [ 3994944.867194573394954, 780324.022204139502719 ], [ 3994907.442677224520594, 780324.022204139502719 ], [ 3994870.018159875646234, 780324.022204139502719 ], [ 3994832.593642526771873, 780324.022204139502719 ], [ 3994795.169125177897513, 780324.022204139502719 ], [ 3994757.744607829023153, 780324.022204139502719 ], [ 3994720.320090480148792, 780324.022204139502719 ], [ 3994682.895573131274432, 780324.022204139502719 ], [ 3994645.471055782400072, 780324.022204139502719 ], [ 3994608.046538433525711, 780324.022204139502719 ], [ 3994570.622021084651351, 780324.022204139502719 ], [ 3994533.197503735776991, 780324.022204139502719 ], [ 3994495.77298638690263, 780324.022204139502719 ], [ 3994458.34846903802827, 780324.022204139502719 ], [ 3994458.34846903802827, 780361.446721488377079 ], [ 3994458.34846903802827, 780398.87123883725144 ], [ 3994458.34846903802827, 780436.2957561861258 ], [ 3994458.34846903802827, 780473.72027353500016 ], [ 3994420.92395168915391, 780473.72027353500016 ], [ 3994383.499434340279549, 780473.72027353500016 ], [ 3994346.074916991405189, 780473.72027353500016 ], [ 3994308.650399642530829, 780473.72027353500016 ], [ 3994271.225882293656468, 780473.72027353500016 ], [ 3994233.801364944782108, 780473.72027353500016 ], [ 3994196.376847595907748, 780473.72027353500016 ], [ 3994158.952330247033387, 780473.72027353500016 ], [ 3994121.527812898159027, 780473.72027353500016 ], [ 3994095.064682898111641, 780500.183403535047546 ], [ 3994095.064682898111641, 780537.607920883921906 ], [ 3994095.064682898111641, 780575.032438232796267 ], [ 3994095.064682898111641, 780612.456955581670627 ], [ 3994095.064682898111641, 780649.881472930544987 ], [ 3994095.064682898111641, 780687.305990279419348 ], [ 3994095.064682898111641, 780724.730507628293708 ], [ 3994095.064682898111641, 780762.155024977168068 ], [ 3994095.064682898111641, 780799.579542326042429 ], [ 3994095.064682898111641, 780837.004059674916789 ], [ 3994095.064682898111641, 780874.428577023791149 ], [ 3994095.064682898111641, 780911.85309437266551 ], [ 3994095.064682898111641, 780949.27761172153987 ], [ 3994095.064682898111641, 780986.70212907041423 ], [ 3994095.064682898111641, 781024.126646419288591 ], [ 3994095.064682898111641, 781061.551163768162951 ], [ 3994095.064682898111641, 781098.975681117037311 ], [ 3994095.064682898111641, 781136.400198465911672 ], [ 3994095.064682898111641, 781173.824715814786032 ], [ 3994095.064682898111641, 781211.249233163660392 ], [ 3994095.064682898111641, 781248.673750512534752 ], [ 3994095.064682898111641, 781286.098267861409113 ], [ 3994068.601552898064256, 781312.561397861456499 ], [ 3994031.177035549189895, 781312.561397861456499 ], [ 3993993.752518200315535, 781312.561397861456499 ], [ 3993956.328000851441175, 781312.561397861456499 ], [ 3993956.328000851441175, 781349.985915210330859 ], [ 3993956.328000851441175, 781387.410432559205219 ], [ 3993956.328000851441175, 781424.834949908079579 ], [ 3993956.328000851441175, 781462.25946725695394 ], [ 3993956.328000851441175, 781499.6839846058283 ], [ 3993956.328000851441175, 781537.10850195470266 ], [ 3993956.328000851441175, 781574.533019303577021 ], [ 3993956.328000851441175, 781611.957536652451381 ], [ 3993956.328000851441175, 781649.382054001325741 ], [ 3993956.328000851441175, 781686.806571350200102 ], [ 3993956.328000851441175, 781724.231088699074462 ], [ 3993956.328000851441175, 781761.655606047948822 ], [ 3993956.328000851441175, 781799.080123396823183 ], [ 3993918.903483502566814, 781799.080123396823183 ], [ 3993881.478966153692454, 781799.080123396823183 ], [ 3993844.054448804818094, 781799.080123396823183 ], [ 3993806.629931455943733, 781799.080123396823183 ], [ 3993780.166801455896348, 781825.543253396870568 ], [ 3993780.166801455896348, 781862.967770745744929 ], [ 3993780.166801455896348, 781900.392288094619289 ], [ 3993780.166801455896348, 781937.816805443493649 ], [ 3993780.166801455896348, 781975.24132279236801 ], [ 3993780.166801455896348, 782012.66584014124237 ], [ 3993780.166801455896348, 782050.09035749011673 ], [ 3993780.166801455896348, 782087.514874838991091 ], [ 3993780.166801455896348, 782124.939392187865451 ], [ 3993780.166801455896348, 782162.363909536739811 ], [ 3993780.166801455896348, 782199.788426885614172 ], [ 3993780.166801455896348, 782237.212944234488532 ], [ 3993780.166801455896348, 782274.637461583362892 ], [ 3993753.703671455848962, 782301.100591583410278 ], [ 3993716.279154106974602, 782301.100591583410278 ], [ 3993678.854636758100241, 782301.100591583410278 ], [ 3993641.430119409225881, 782301.100591583410278 ], [ 3993641.430119409225881, 782338.525108932284638 ], [ 3993641.430119409225881, 782375.949626281158999 ], [ 3993641.430119409225881, 782413.374143630033359 ], [ 3993641.430119409225881, 782450.798660978907719 ], [ 3993641.430119409225881, 782488.22317832778208 ], [ 3993641.430119409225881, 782525.64769567665644 ], [ 3993641.430119409225881, 782563.0722130255308 ], [ 3993641.430119409225881, 782600.496730374405161 ], [ 3993614.966989409178495, 782626.959860374452546 ], [ 3993577.542472060304135, 782626.959860374452546 ], [ 3993540.117954711429775, 782626.959860374452546 ], [ 3993502.693437362555414, 782626.959860374452546 ], [ 3993465.268920013681054, 782626.959860374452546 ], [ 3993465.268920013681054, 782664.384377723326907 ], [ 3993465.268920013681054, 782701.808895072201267 ], [ 3993465.268920013681054, 782739.233412421075627 ], [ 3993465.268920013681054, 782776.657929769949988 ], [ 3993465.268920013681054, 782814.082447118824348 ], [ 3993465.268920013681054, 782851.506964467698708 ], [ 3993465.268920013681054, 782888.931481816573068 ], [ 3993465.268920013681054, 782926.355999165447429 ], [ 3993465.268920013681054, 782963.780516514321789 ], [ 3993465.268920013681054, 783001.205033863196149 ], [ 3993465.268920013681054, 783038.62955121207051 ], [ 3993465.268920013681054, 783076.05406856094487 ], [ 3993465.268920013681054, 783113.47858590981923 ], [ 3993438.805790013633668, 783139.941715909866616 ], [ 3993401.381272664759308, 783139.941715909866616 ], [ 3993363.956755315884948, 783139.941715909866616 ], [ 3993326.532237967010587, 783139.941715909866616 ], [ 3993289.107720618136227, 783139.941715909866616 ], [ 3993289.107720618136227, 783177.366233258740976 ], [ 3993289.107720618136227, 783214.790750607615337 ], [ 3993289.107720618136227, 783252.215267956489697 ], [ 3993289.107720618136227, 783289.639785305364057 ], [ 3993289.107720618136227, 783327.064302654238418 ], [ 3993289.107720618136227, 783364.488820003112778 ], [ 3993289.107720618136227, 783401.913337351987138 ], [ 3993289.107720618136227, 783439.337854700861499 ], [ 3993262.644590618088841, 783465.800984700908884 ], [ 3993225.220073269214481, 783465.800984700908884 ], [ 3993187.795555920340121, 783465.800984700908884 ], [ 3993150.37103857146576, 783465.800984700908884 ], [ 3993112.9465212225914, 783465.800984700908884 ], [ 3993112.9465212225914, 783503.225502049783245 ], [ 3993112.9465212225914, 783540.650019398657605 ], [ 3993112.9465212225914, 783578.074536747531965 ], [ 3993112.9465212225914, 783615.499054096406326 ], [ 3993112.9465212225914, 783652.923571445280686 ], [ 3993112.9465212225914, 783690.348088794155046 ], [ 3993112.9465212225914, 783727.772606143029407 ], [ 3993112.9465212225914, 783765.197123491903767 ], [ 3993086.483391222544014, 783791.660253491951153 ], [ 3993049.058873873669654, 783791.660253491951153 ], [ 3993011.634356524795294, 783791.660253491951153 ], [ 3992974.209839175920933, 783791.660253491951153 ], [ 3992974.209839175920933, 783829.084770840825513 ], [ 3992974.209839175920933, 783866.509288189699873 ], [ 3992974.209839175920933, 783903.933805538574234 ], [ 3992974.209839175920933, 783941.358322887448594 ], [ 3992974.209839175920933, 783978.782840236322954 ], [ 3992974.209839175920933, 784016.207357585197315 ], [ 3992974.209839175920933, 784053.631874934071675 ], [ 3992974.209839175920933, 784091.056392282946035 ], [ 3992947.746709175873548, 784117.519522282993421 ], [ 3992910.322191826999187, 784117.519522282993421 ], [ 3992872.897674478124827, 784117.519522282993421 ], [ 3992835.473157129250467, 784117.519522282993421 ], [ 3992798.048639780376107, 784117.519522282993421 ], [ 3992798.048639780376107, 784154.944039631867781 ], [ 3992798.048639780376107, 784192.368556980742142 ], [ 3992798.048639780376107, 784229.793074329616502 ], [ 3992798.048639780376107, 784267.217591678490862 ], [ 3992798.048639780376107, 784304.642109027365223 ], [ 3992798.048639780376107, 784342.066626376239583 ], [ 3992794.838123755995184, 784355.878053127788007 ], [ 3992794.838123755995184, 784393.302570476662368 ], [ 3992794.838123755995184, 784430.727087825536728 ], [ 3992768.374993755947798, 784457.190217825584114 ], [ 3992730.950476407073438, 784457.190217825584114 ], [ 3992693.525959058199078, 784457.190217825584114 ], [ 3992656.101441709324718, 784457.190217825584114 ], [ 3992618.676924360450357, 784457.190217825584114 ], [ 3992618.676924360450357, 784494.614735174458474 ], [ 3992618.676924360450357, 784532.039252523332834 ], [ 3992618.676924360450357, 784569.463769872207195 ], [ 3992618.676924360450357, 784606.888287221081555 ], [ 3992618.676924360450357, 784644.312804569955915 ], [ 3992618.676924360450357, 784681.737321918830276 ], [ 3992618.676924360450357, 784719.161839267704636 ], [ 3992618.676924360450357, 784756.586356616578996 ], [ 3992592.213794360402972, 784783.049486616626382 ], [ 3992554.789277011528611, 784783.049486616626382 ], [ 3992517.364759662654251, 784783.049486616626382 ], [ 3992479.940242313779891, 784783.049486616626382 ], [ 3992453.477112313732505, 784809.512616616673768 ], [ 3992453.477112313732505, 784846.937133965548128 ], [ 3992453.477112313732505, 784884.361651314422488 ], [ 3992453.477112313732505, 784921.786168663296849 ], [ 3992453.477112313732505, 784959.210686012171209 ], [ 3992453.477112313732505, 784996.635203361045569 ], [ 3992453.477112313732505, 785034.05972070991993 ], [ 3992453.477112313732505, 785071.48423805879429 ], [ 3992453.477112313732505, 785108.90875540766865 ], [ 3992416.052594964858145, 785108.90875540766865 ], [ 3992378.628077615983784, 785108.90875540766865 ], [ 3992341.203560267109424, 785108.90875540766865 ], [ 3992303.779042918235064, 785108.90875540766865 ], [ 3992303.779042918235064, 785146.33327275654301 ], [ 3992303.779042918235064, 785183.757790105417371 ], [ 3992303.779042918235064, 785221.182307454291731 ], [ 3992303.779042918235064, 785258.606824803166091 ], [ 3992303.779042918235064, 785296.031342152040452 ], [ 3992303.779042918235064, 785333.455859500914812 ], [ 3992303.779042918235064, 785370.880376849789172 ], [ 3992303.779042918235064, 785408.304894198663533 ], [ 3992277.315912918187678, 785434.768024198710918 ], [ 3992239.891395569313318, 785434.768024198710918 ], [ 3992202.466878220438957, 785434.768024198710918 ], [ 3992165.042360871564597, 785434.768024198710918 ], [ 3992138.579230871517211, 785461.231154198758304 ], [ 3992138.579230871517211, 785498.655671547632664 ], [ 3992138.579230871517211, 785536.080188896507025 ], [ 3992138.579230871517211, 785573.504706245381385 ], [ 3992138.579230871517211, 785610.929223594255745 ], [ 3992138.579230871517211, 785648.353740943130106 ], [ 3992138.579230871517211, 785685.778258292004466 ], [ 3992138.579230871517211, 785723.202775640878826 ], [ 3992138.579230871517211, 785760.627292989753187 ], [ 3992138.579230871517211, 785798.051810338627547 ], [ 3992138.579230871517211, 785835.476327687501907 ], [ 3992138.579230871517211, 785872.900845036376268 ], [ 3992138.579230871517211, 785910.325362385250628 ], [ 3992176.003748220391572, 785910.325362385250628 ], [ 3992213.428265569265932, 785910.325362385250628 ], [ 3992250.852782918140292, 785910.325362385250628 ], [ 3992288.277300267014652, 785910.325362385250628 ], [ 3992314.740430267062038, 785936.788492385298014 ], [ 3992314.740430267062038, 785974.213009734172374 ], [ 3992314.740430267062038, 786011.637527083046734 ], [ 3992314.740430267062038, 786049.062044431921095 ], [ 3992314.740430267062038, 786086.486561780795455 ], [ 3992314.740430267062038, 786123.911079129669815 ], [ 3992314.740430267062038, 786161.335596478544176 ], [ 3992314.740430267062038, 786198.760113827418536 ], [ 3992314.740430267062038, 786236.184631176292896 ], [ 3992352.164947615936399, 786236.184631176292896 ], [ 3992389.589464964810759, 786236.184631176292896 ], [ 3992427.013982313685119, 786236.184631176292896 ], [ 3992453.477112313732505, 786262.647761176340282 ], [ 3992453.477112313732505, 786300.072278525214642 ], [ 3992453.477112313732505, 786337.496795874089003 ], [ 3992453.477112313732505, 786374.921313222963363 ], [ 3992453.477112313732505, 786412.345830571837723 ], [ 3992453.477112313732505, 786449.770347920712084 ], [ 3992453.477112313732505, 786487.194865269586444 ], [ 3992453.477112313732505, 786524.619382618460804 ], [ 3992453.477112313732505, 786562.043899967335165 ], [ 3992479.940242313779891, 786588.50702996738255 ], [ 3992517.364759662654251, 786588.50702996738255 ], [ 3992554.789277011528611, 786588.50702996738255 ], [ 3992592.213794360402972, 786588.50702996738255 ], [ 3992618.676924360450357, 786614.970159967429936 ], [ 3992618.676924360450357, 786652.394677316304296 ], [ 3992618.676924360450357, 786689.819194665178657 ], [ 3992618.676924360450357, 786727.243712014053017 ], [ 3992618.676924360450357, 786764.668229362927377 ], [ 3992618.676924360450357, 786802.092746711801738 ], [ 3992618.676924360450357, 786839.517264060676098 ], [ 3992618.676924360450357, 786876.941781409550458 ], [ 3992618.676924360450357, 786914.366298758424819 ], [ 3992656.101441709324718, 786914.366298758424819 ], [ 3992693.525959058199078, 786914.366298758424819 ], [ 3992730.950476407073438, 786914.366298758424819 ], [ 3992768.374993755947798, 786914.366298758424819 ], [ 3992794.838123755995184, 786940.829428758472204 ], [ 3992794.838123755995184, 786978.253946107346565 ], [ 3992794.838123755995184, 787015.678463456220925 ], [ 3992794.838123755995184, 787053.102980805095285 ], [ 3992794.838123755995184, 787090.527498153969646 ], [ 3992794.838123755995184, 787127.952015502844006 ], [ 3992794.838123755995184, 787165.376532851718366 ], [ 3992794.838123755995184, 787202.801050200592726 ], [ 3992794.838123755995184, 787240.225567549467087 ], [ 3992832.262641104869545, 787240.225567549467087 ], [ 3992869.687158453743905, 787240.225567549467087 ], [ 3992907.111675802618265, 787240.225567549467087 ], [ 3992944.536193151492625, 787240.225567549467087 ], [ 3992970.999323151540011, 787266.688697549514472 ], [ 3992970.999323151540011, 787304.113214898388833 ], [ 3992970.999323151540011, 787341.537732247263193 ], [ 3992970.999323151540011, 787378.962249596137553 ], [ 3992970.999323151540011, 787416.386766945011914 ], [ 3992970.999323151540011, 787453.811284293886274 ], [ 3992970.999323151540011, 787491.235801642760634 ], [ 3992970.999323151540011, 787528.660318991634995 ], [ 3992970.999323151540011, 787566.084836340509355 ], [ 3993008.423840500414371, 787566.084836340509355 ], [ 3993045.848357849288732, 787566.084836340509355 ], [ 3993083.272875198163092, 787566.084836340509355 ], [ 3993120.697392547037452, 787566.084836340509355 ], [ 3993120.697392547037452, 787603.509353689383715 ], [ 3993120.697392547037452, 787640.933871038258076 ], [ 3993120.697392547037452, 787678.358388387132436 ], [ 3993120.697392547037452, 787715.782905736006796 ], [ 3993120.697392547037452, 787753.207423084881157 ], [ 3993120.697392547037452, 787790.631940433755517 ], [ 3993120.697392547037452, 787828.056457782629877 ], [ 3993120.697392547037452, 787865.480975131504238 ], [ 3993120.697392547037452, 787902.905492480378598 ], [ 3993158.121909895911813, 787902.905492480378598 ], [ 3993195.546427244786173, 787902.905492480378598 ], [ 3993232.970944593660533, 787902.905492480378598 ], [ 3993270.395461942534894, 787902.905492480378598 ], [ 3993296.858591942582279, 787929.368622480425984 ], [ 3993296.858591942582279, 787966.793139829300344 ], [ 3993296.858591942582279, 788004.217657178174704 ], [ 3993296.858591942582279, 788041.642174527049065 ], [ 3993296.858591942582279, 788079.066691875923425 ], [ 3993296.858591942582279, 788116.491209224797785 ], [ 3993296.858591942582279, 788153.915726573672146 ], [ 3993296.858591942582279, 788191.340243922546506 ], [ 3993296.858591942582279, 788228.764761271420866 ], [ 3993296.858591942582279, 788266.189278620295227 ], [ 3993296.858591942582279, 788303.613795969169587 ], [ 3993296.858591942582279, 788341.038313318043947 ], [ 3993296.858591942582279, 788378.462830666918308 ], [ 3993323.321721942629665, 788404.925960666965693 ], [ 3993360.746239291504025, 788404.925960666965693 ], [ 3993398.170756640378386, 788404.925960666965693 ], [ 3993435.595273989252746, 788404.925960666965693 ], [ 3993462.058403989300132, 788431.389090667013079 ], [ 3993462.058403989300132, 788468.813608015887439 ], [ 3993462.058403989300132, 788506.2381253647618 ], [ 3993462.058403989300132, 788543.66264271363616 ], [ 3993462.058403989300132, 788581.08716006251052 ], [ 3993462.058403989300132, 788618.511677411384881 ], [ 3993462.058403989300132, 788655.936194760259241 ], [ 3993462.058403989300132, 788693.360712109133601 ], [ 3993462.058403989300132, 788730.785229458007962 ], [ 3993499.482921338174492, 788730.785229458007962 ], [ 3993536.907438687048852, 788730.785229458007962 ], [ 3993574.331956035923213, 788730.785229458007962 ], [ 3993611.756473384797573, 788730.785229458007962 ], [ 3993638.219603384844959, 788757.248359458055347 ], [ 3993638.219603384844959, 788794.672876806929708 ], [ 3993638.219603384844959, 788832.097394155804068 ], [ 3993638.219603384844959, 788869.521911504678428 ], [ 3993638.219603384844959, 788906.946428853552788 ], [ 3993638.219603384844959, 788944.370946202427149 ], [ 3993638.219603384844959, 788981.795463551301509 ], [ 3993638.219603384844959, 789019.219980900175869 ], [ 3993638.219603384844959, 789056.64449824905023 ], [ 3993611.756473384797573, 789083.107628249097615 ], [ 3993574.331956035923213, 789083.107628249097615 ], [ 3993536.907438687048852, 789083.107628249097615 ], [ 3993499.482921338174492, 789083.107628249097615 ], [ 3993462.058403989300132, 789083.107628249097615 ], [ 3993462.058403989300132, 789120.532145597971976 ], [ 3993462.058403989300132, 789157.956662946846336 ], [ 3993462.058403989300132, 789195.381180295720696 ], [ 3993462.058403989300132, 789232.805697644595057 ], [ 3993435.595273989252746, 789259.268827644642442 ], [ 3993398.170756640378386, 789259.268827644642442 ], [ 3993360.746239291504025, 789259.268827644642442 ], [ 3993323.321721942629665, 789259.268827644642442 ], [ 3993285.897204593755305, 789259.268827644642442 ], [ 3993248.472687244880944, 789259.268827644642442 ], [ 3993211.048169896006584, 789259.268827644642442 ], [ 3993173.623652547132224, 789259.268827644642442 ], [ 3993136.199135198257864, 789259.268827644642442 ], [ 3993098.774617849383503, 789259.268827644642442 ], [ 3993061.350100500509143, 789259.268827644642442 ], [ 3993023.925583151634783, 789259.268827644642442 ], [ 3992986.501065802760422, 789259.268827644642442 ], [ 3992960.037935802713037, 789285.731957644689828 ], [ 3992960.037935802713037, 789323.156474993564188 ], [ 3992960.037935802713037, 789360.580992342438549 ], [ 3992960.037935802713037, 789398.005509691312909 ], [ 3992933.574805802665651, 789424.468639691360295 ], [ 3992896.150288453791291, 789424.468639691360295 ], [ 3992858.72577110491693, 789424.468639691360295 ], [ 3992821.30125375604257, 789424.468639691360295 ], [ 3992783.87673640716821, 789424.468639691360295 ], [ 3992746.452219058293849, 789424.468639691360295 ], [ 3992709.027701709419489, 789424.468639691360295 ], [ 3992671.603184360545129, 789424.468639691360295 ], [ 3992634.178667011670768, 789424.468639691360295 ], [ 3992634.178667011670768, 789461.893157040234655 ], [ 3992634.178667011670768, 789499.317674389109015 ], [ 3992634.178667011670768, 789536.742191737983376 ], [ 3992634.178667011670768, 789574.166709086857736 ], [ 3992596.754149662796408, 789574.166709086857736 ], [ 3992559.329632313922048, 789574.166709086857736 ], [ 3992521.905114965047687, 789574.166709086857736 ], [ 3992484.480597616173327, 789574.166709086857736 ], [ 3992447.056080267298967, 789574.166709086857736 ], [ 3992409.631562918424606, 789574.166709086857736 ], [ 3992372.207045569550246, 789574.166709086857736 ], [ 3992334.782528220675886, 789574.166709086857736 ], [ 3992297.358010871801525, 789574.166709086857736 ], [ 3992259.933493522927165, 789574.166709086857736 ], [ 3992222.508976174052805, 789574.166709086857736 ], [ 3992185.084458825178444, 789574.166709086857736 ], [ 3992147.659941476304084, 789574.166709086857736 ], [ 3992147.659941476304084, 789611.591226435732096 ], [ 3992147.659941476304084, 789649.015743784606457 ], [ 3992147.659941476304084, 789686.440261133480817 ], [ 3992147.659941476304084, 789723.864778482355177 ], [ 3992121.196811476256698, 789750.327908482402563 ], [ 3992083.772294127382338, 789750.327908482402563 ], [ 3992046.347776778507978, 789750.327908482402563 ], [ 3992008.923259429633617, 789750.327908482402563 ], [ 3991971.498742080759257, 789750.327908482402563 ], [ 3991934.074224731884897, 789750.327908482402563 ], [ 3991896.649707383010536, 789750.327908482402563 ], [ 3991859.225190034136176, 789750.327908482402563 ], [ 3991821.800672685261816, 789750.327908482402563 ], [ 3991784.376155336387455, 789750.327908482402563 ], [ 3991746.951637987513095, 789750.327908482402563 ], [ 3991709.527120638638735, 789750.327908482402563 ], [ 3991672.102603289764374, 789750.327908482402563 ], [ 3991634.678085940890014, 789750.327908482402563 ], [ 3991608.214955940842628, 789723.864778482355177 ], [ 3991608.214955940842628, 789686.440261133480817 ], [ 3991608.214955940842628, 789649.015743784606457 ], [ 3991608.214955940842628, 789611.591226435732096 ], [ 3991608.214955940842628, 789574.166709086857736 ], [ 3991608.214955940842628, 789536.742191737983376 ], [ 3991608.214955940842628, 789499.317674389109015 ], [ 3991608.214955940842628, 789461.893157040234655 ], [ 3991608.214955940842628, 789424.468639691360295 ], [ 3991608.214955940842628, 789387.044122342485934 ], [ 3991608.214955940842628, 789349.619604993611574 ], [ 3991608.214955940842628, 789312.195087644737214 ], [ 3991608.214955940842628, 789274.770570295862854 ], [ 3991608.214955940842628, 789237.346052946988493 ], [ 3991570.790438591968268, 789237.346052946988493 ], [ 3991533.365921243093908, 789237.346052946988493 ], [ 3991495.941403894219548, 789237.346052946988493 ], [ 3991469.478273894172162, 789210.882922946941108 ], [ 3991469.478273894172162, 789173.458405598066747 ], [ 3991469.478273894172162, 789136.033888249192387 ], [ 3991469.478273894172162, 789098.609370900318027 ], [ 3991443.015143894124776, 789072.146240900270641 ], [ 3991405.590626545250416, 789072.146240900270641 ], [ 3991368.166109196376055, 789072.146240900270641 ], [ 3991330.741591847501695, 789072.146240900270641 ], [ 3991304.278461847454309, 789045.683110900223255 ], [ 3991304.278461847454309, 789008.258593551348895 ], [ 3991304.278461847454309, 788970.834076202474535 ], [ 3991304.278461847454309, 788933.409558853600174 ], [ 3991277.815331847406924, 788906.946428853552788 ], [ 3991240.390814498532563, 788906.946428853552788 ], [ 3991202.966297149658203, 788906.946428853552788 ], [ 3991165.541779800783843, 788906.946428853552788 ], [ 3991139.078649800736457, 788880.483298853505403 ], [ 3991139.078649800736457, 788843.058781504631042 ], [ 3991139.078649800736457, 788805.634264155756682 ], [ 3991139.078649800736457, 788768.209746806882322 ], [ 3991112.615519800689071, 788741.746616806834936 ], [ 3991075.191002451814711, 788741.746616806834936 ], [ 3991037.766485102940351, 788741.746616806834936 ], [ 3991000.34196775406599, 788741.746616806834936 ], [ 3990962.91745040519163, 788741.746616806834936 ], [ 3990962.91745040519163, 788704.322099457960576 ], [ 3990962.91745040519163, 788666.897582109086215 ], [ 3990962.91745040519163, 788629.473064760211855 ], [ 3990962.91745040519163, 788592.048547411337495 ], [ 3990962.91745040519163, 788554.624030062463135 ], [ 3990962.91745040519163, 788517.199512713588774 ], [ 3990962.91745040519163, 788479.774995364714414 ], [ 3990962.91745040519163, 788442.350478015840054 ], [ 3990936.454320405144244, 788415.887348015792668 ], [ 3990899.029803056269884, 788415.887348015792668 ], [ 3990861.605285707395524, 788415.887348015792668 ], [ 3990824.180768358521163, 788415.887348015792668 ], [ 3990797.717638358473778, 788389.424218015745282 ], [ 3990797.717638358473778, 788351.999700666870922 ], [ 3990797.717638358473778, 788314.575183317996562 ], [ 3990797.717638358473778, 788277.150665969122201 ], [ 3990771.254508358426392, 788250.687535969074816 ], [ 3990733.829991009552032, 788250.687535969074816 ], [ 3990696.405473660677671, 788250.687535969074816 ], [ 3990658.980956311803311, 788250.687535969074816 ], [ 3990632.517826311755925, 788224.22440596902743 ], [ 3990632.517826311755925, 788186.799888620153069 ], [ 3990632.517826311755925, 788149.375371271278709 ], [ 3990632.517826311755925, 788111.950853922404349 ], [ 3990632.517826311755925, 788074.526336573529989 ], [ 3990632.517826311755925, 788037.101819224655628 ], [ 3990632.517826311755925, 787999.677301875781268 ], [ 3990632.517826311755925, 787962.252784526906908 ], [ 3990632.517826311755925, 787924.828267178032547 ], [ 3990595.093308962881565, 787924.828267178032547 ], [ 3990557.668791614007205, 787924.828267178032547 ], [ 3990520.244274265132844, 787924.828267178032547 ], [ 3990482.819756916258484, 787924.828267178032547 ], [ 3990482.819756916258484, 787887.403749829158187 ], [ 3990482.819756916258484, 787849.979232480283827 ], [ 3990482.819756916258484, 787812.554715131409466 ], [ 3990482.819756916258484, 787775.130197782535106 ], [ 3990456.356626916211098, 787748.66706778248772 ], [ 3990418.932109567336738, 787748.66706778248772 ], [ 3990381.507592218462378, 787748.66706778248772 ], [ 3990344.083074869588017, 787748.66706778248772 ], [ 3990306.658557520713657, 787748.66706778248772 ], [ 3990306.658557520713657, 787711.24255043361336 ], [ 3990306.658557520713657, 787673.818033084739 ], [ 3990306.658557520713657, 787636.393515735864639 ], [ 3990306.658557520713657, 787598.968998386990279 ], [ 3990269.234040171839297, 787598.968998386990279 ], [ 3990231.809522822964936, 787598.968998386990279 ], [ 3990194.385005474090576, 787598.968998386990279 ], [ 3990156.960488125216216, 787598.968998386990279 ], [ 3990130.49735812516883, 787572.505868386942893 ], [ 3990130.49735812516883, 787535.081351038068533 ], [ 3990130.49735812516883, 787497.656833689194173 ], [ 3990130.49735812516883, 787460.232316340319812 ], [ 3990130.49735812516883, 787422.807798991445452 ], [ 3990093.07284077629447, 787422.807798991445452 ], [ 3990055.64832342742011, 787422.807798991445452 ], [ 3990018.223806078545749, 787422.807798991445452 ], [ 3989980.799288729671389, 787422.807798991445452 ], [ 3989980.799288729671389, 787385.383281642571092 ], [ 3989980.799288729671389, 787347.958764293696731 ], [ 3989980.799288729671389, 787310.534246944822371 ], [ 3989980.799288729671389, 787273.109729595948011 ], [ 3989980.799288729671389, 787235.68521224707365 ], [ 3989980.799288729671389, 787198.26069489819929 ], [ 3989980.799288729671389, 787160.83617754932493 ], [ 3989980.799288729671389, 787123.411660200450569 ], [ 3989980.799288729671389, 787085.987142851576209 ], [ 3989943.374771380797029, 787085.987142851576209 ], [ 3989905.950254031922668, 787085.987142851576209 ], [ 3989868.525736683048308, 787085.987142851576209 ], [ 3989831.101219334173948, 787085.987142851576209 ], [ 3989804.638089334126562, 787059.524012851528823 ], [ 3989804.638089334126562, 787022.099495502654463 ], [ 3989804.638089334126562, 786984.674978153780103 ], [ 3989804.638089334126562, 786947.250460804905742 ], [ 3989778.174959334079176, 786920.787330804858357 ], [ 3989740.750441985204816, 786920.787330804858357 ], [ 3989703.325924636330456, 786920.787330804858357 ], [ 3989665.901407287456095, 786920.787330804858357 ], [ 3989665.901407287456095, 786883.362813455983996 ], [ 3989665.901407287456095, 786845.938296107109636 ], [ 3989665.901407287456095, 786808.513778758235276 ], [ 3989665.901407287456095, 786771.089261409360915 ], [ 3989628.476889938581735, 786771.089261409360915 ], [ 3989591.052372589707375, 786771.089261409360915 ], [ 3989553.627855240833014, 786771.089261409360915 ], [ 3989516.203337891958654, 786771.089261409360915 ], [ 3989478.778820543084294, 786771.089261409360915 ], [ 3989478.778820543084294, 786733.664744060486555 ], [ 3989478.778820543084294, 786696.240226711612195 ], [ 3989478.778820543084294, 786658.815709362737834 ], [ 3989478.778820543084294, 786621.391192013863474 ], [ 3989478.778820543084294, 786583.966674664989114 ], [ 3989478.778820543084294, 786546.542157316114753 ], [ 3989478.778820543084294, 786509.117639967240393 ], [ 3989478.778820543084294, 786471.693122618366033 ], [ 3989478.778820543084294, 786434.268605269491673 ], [ 3989441.354303194209933, 786434.268605269491673 ], [ 3989403.929785845335573, 786434.268605269491673 ], [ 3989366.505268496461213, 786434.268605269491673 ], [ 3989329.080751147586852, 786434.268605269491673 ], [ 3989302.617621147539467, 786407.805475269444287 ], [ 3989302.617621147539467, 786370.380957920569927 ], [ 3989302.617621147539467, 786332.956440571695566 ], [ 3989302.617621147539467, 786295.531923222821206 ], [ 3989276.154491147492081, 786269.06879322277382 ], [ 3989238.729973798617721, 786269.06879322277382 ], [ 3989201.30545644974336, 786269.06879322277382 ], [ 3989163.880939100869, 786269.06879322277382 ], [ 3989163.880939100869, 786231.64427587389946 ], [ 3989163.880939100869, 786194.2197585250251 ], [ 3989163.880939100869, 786156.795241176150739 ], [ 3989163.880939100869, 786119.370723827276379 ], [ 3989163.880939100869, 786081.946206478402019 ], [ 3989163.880939100869, 786044.521689129527658 ], [ 3989163.880939100869, 786007.097171780653298 ], [ 3989163.880939100869, 785969.672654431778938 ], [ 3989163.880939100869, 785932.248137082904577 ], [ 3989126.45642175199464, 785932.248137082904577 ], [ 3989089.031904403120279, 785932.248137082904577 ], [ 3989051.607387054245919, 785932.248137082904577 ], [ 3989014.182869705371559, 785932.248137082904577 ], [ 3988987.719739705324173, 785905.785007082857192 ], [ 3988987.719739705324173, 785868.360489733982831 ], [ 3988987.719739705324173, 785830.935972385108471 ], [ 3988987.719739705324173, 785793.511455036234111 ], [ 3988987.719739705324173, 785756.08693768735975 ], [ 3988987.719739705324173, 785718.66242033848539 ], [ 3988987.719739705324173, 785681.23790298961103 ], [ 3988987.719739705324173, 785643.813385640736669 ], [ 3988987.719739705324173, 785606.388868291862309 ], [ 3988987.719739705324173, 785568.964350942987949 ], [ 3988987.719739705324173, 785531.539833594113588 ], [ 3988987.719739705324173, 785494.115316245239228 ], [ 3988987.719739705324173, 785456.690798896364868 ], [ 3988950.295222356449813, 785456.690798896364868 ], [ 3988912.870705007575452, 785456.690798896364868 ], [ 3988875.446187658701092, 785456.690798896364868 ], [ 3988848.983057658653706, 785430.227668896317482 ], [ 3988848.983057658653706, 785392.803151547443122 ], [ 3988848.983057658653706, 785355.378634198568761 ], [ 3988848.983057658653706, 785317.954116849694401 ], [ 3988848.983057658653706, 785280.529599500820041 ], [ 3988811.558540309779346, 785280.529599500820041 ], [ 3988774.134022960904986, 785280.529599500820041 ], [ 3988736.709505612030625, 785280.529599500820041 ], [ 3988699.284988263156265, 785280.529599500820041 ], [ 3988661.860470914281905, 785280.529599500820041 ], [ 3988661.860470914281905, 785243.10508215194568 ], [ 3988661.860470914281905, 785205.68056480307132 ], [ 3988661.860470914281905, 785168.25604745419696 ], [ 3988661.860470914281905, 785130.831530105322599 ], [ 3988661.860470914281905, 785093.407012756448239 ], [ 3988661.860470914281905, 785055.982495407573879 ], [ 3988661.860470914281905, 785018.557978058699518 ], [ 3988661.860470914281905, 784981.133460709825158 ], [ 3988661.860470914281905, 784943.708943360950798 ], [ 3988661.860470914281905, 784906.284426012076437 ], [ 3988661.860470914281905, 784868.859908663202077 ], [ 3988661.860470914281905, 784831.435391314327717 ], [ 3988661.860470914281905, 784794.010873965453357 ], [ 3988624.435953565407544, 784794.010873965453357 ], [ 3988587.011436216533184, 784794.010873965453357 ], [ 3988549.586918867658824, 784794.010873965453357 ], [ 3988512.162401518784463, 784794.010873965453357 ], [ 3988485.699271518737078, 784767.547743965405971 ], [ 3988485.699271518737078, 784730.12322661653161 ], [ 3988485.699271518737078, 784692.69870926765725 ], [ 3988485.699271518737078, 784655.27419191878289 ], [ 3988485.699271518737078, 784617.84967456990853 ], [ 3988485.699271518737078, 784580.425157221034169 ], [ 3988485.699271518737078, 784543.000639872159809 ], [ 3988485.699271518737078, 784505.576122523285449 ], [ 3988485.699271518737078, 784468.151605174411088 ], [ 3988459.236141518689692, 784441.688475174363703 ], [ 3988421.811624169815332, 784441.688475174363703 ], [ 3988384.387106820940971, 784441.688475174363703 ], [ 3988346.962589472066611, 784441.688475174363703 ], [ 3988346.962589472066611, 784404.263957825489342 ], [ 3988346.962589472066611, 784366.839440476614982 ], [ 3988346.962589472066611, 784329.414923127740622 ], [ 3988346.962589472066611, 784291.990405778866261 ], [ 3988346.962589472066611, 784254.565888429991901 ], [ 3988346.962589472066611, 784217.141371081117541 ], [ 3988346.962589472066611, 784179.71685373224318 ], [ 3988346.962589472066611, 784142.29233638336882 ], [ 3988346.962589472066611, 784104.86781903449446 ], [ 3988346.962589472066611, 784067.443301685620099 ], [ 3988346.962589472066611, 784030.018784336745739 ], [ 3988346.962589472066611, 783992.594266987871379 ], [ 3988346.962589472066611, 783955.169749638997018 ], [ 3988309.538072123192251, 783955.169749638997018 ], [ 3988272.11355477431789, 783955.169749638997018 ], [ 3988234.68903742544353, 783955.169749638997018 ], [ 3988197.26452007656917, 783955.169749638997018 ], [ 3988170.801390076521784, 783928.706619638949633 ], [ 3988170.801390076521784, 783891.282102290075272 ], [ 3988170.801390076521784, 783853.857584941200912 ], [ 3988170.801390076521784, 783816.433067592326552 ], [ 3988170.801390076521784, 783779.008550243452191 ], [ 3988170.801390076521784, 783741.584032894577831 ], [ 3988170.801390076521784, 783704.159515545703471 ], [ 3988170.801390076521784, 783666.73499819682911 ], [ 3988170.801390076521784, 783629.31048084795475 ], [ 3988133.376872727647424, 783629.31048084795475 ], [ 3988095.952355378773063, 783629.31048084795475 ], [ 3988058.527838029898703, 783629.31048084795475 ], [ 3988021.103320681024343, 783629.31048084795475 ], [ 3987994.640190680976957, 783602.847350847907364 ], [ 3987994.640190680976957, 783565.422833499033004 ], [ 3987994.640190680976957, 783527.998316150158644 ], [ 3987994.640190680976957, 783490.573798801284283 ], [ 3987994.640190680976957, 783453.149281452409923 ], [ 3987994.640190680976957, 783415.724764103535563 ], [ 3987994.640190680976957, 783378.300246754661202 ], [ 3987994.640190680976957, 783340.875729405786842 ], [ 3987994.640190680976957, 783303.451212056912482 ], [ 3987957.215673332102597, 783303.451212056912482 ], [ 3987919.791155983228236, 783303.451212056912482 ], [ 3987882.366638634353876, 783303.451212056912482 ], [ 3987844.942121285479516, 783303.451212056912482 ], [ 3987844.942121285479516, 783266.026694708038121 ], [ 3987844.942121285479516, 783228.602177359163761 ], [ 3987844.942121285479516, 783191.177660010289401 ], [ 3987844.942121285479516, 783153.75314266141504 ], [ 3987844.942121285479516, 783116.32862531254068 ], [ 3987807.517603936605155, 783116.32862531254068 ], [ 3987770.093086587730795, 783116.32862531254068 ], [ 3987732.668569238856435, 783116.32862531254068 ], [ 3987695.244051889982074, 783116.32862531254068 ], [ 3987668.780921889934689, 783089.865495312493294 ], [ 3987668.780921889934689, 783052.440977963618934 ], [ 3987668.780921889934689, 783015.016460614744574 ], [ 3987668.780921889934689, 782977.591943265870214 ], [ 3987642.317791889887303, 782951.128813265822828 ], [ 3987604.893274541012943, 782951.128813265822828 ], [ 3987567.468757192138582, 782951.128813265822828 ], [ 3987530.044239843264222, 782951.128813265822828 ], [ 3987530.044239843264222, 782988.553330614697188 ], [ 3987530.044239843264222, 783025.977847963571548 ], [ 3987530.044239843264222, 783063.402365312445909 ], [ 3987530.044239843264222, 783100.826882661320269 ], [ 3987503.581109843216836, 783127.290012661367655 ], [ 3987466.156592494342476, 783127.290012661367655 ], [ 3987428.732075145468116, 783127.290012661367655 ], [ 3987391.307557796593755, 783127.290012661367655 ], [ 3987353.883040447719395, 783127.290012661367655 ], [ 3987316.458523098845035, 783127.290012661367655 ], [ 3987279.034005749970675, 783127.290012661367655 ], [ 3987241.609488401096314, 783127.290012661367655 ], [ 3987204.184971052221954, 783127.290012661367655 ], [ 3987204.184971052221954, 783164.714530010242015 ], [ 3987204.184971052221954, 783202.139047359116375 ], [ 3987204.184971052221954, 783239.563564707990736 ], [ 3987204.184971052221954, 783276.988082056865096 ], [ 3987177.721841052174568, 783303.451212056912482 ], [ 3987140.297323703300208, 783303.451212056912482 ], [ 3987102.872806354425848, 783303.451212056912482 ], [ 3987065.448289005551487, 783303.451212056912482 ], [ 3987028.023771656677127, 783303.451212056912482 ], [ 3987028.023771656677127, 783340.875729405786842 ], [ 3987028.023771656677127, 783378.300246754661202 ], [ 3987028.023771656677127, 783415.724764103535563 ], [ 3987028.023771656677127, 783453.149281452409923 ], [ 3986990.599254307802767, 783453.149281452409923 ], [ 3986953.174736958928406, 783453.149281452409923 ], [ 3986915.750219610054046, 783453.149281452409923 ], [ 3986878.325702261179686, 783453.149281452409923 ], [ 3986851.8625722611323, 783426.686151452362537 ], [ 3986851.8625722611323, 783389.261634103488177 ], [ 3986851.8625722611323, 783351.837116754613817 ], [ 3986851.8625722611323, 783314.412599405739456 ], [ 3986825.399442261084914, 783287.949469405692071 ], [ 3986787.974924912210554, 783287.949469405692071 ], [ 3986750.550407563336194, 783287.949469405692071 ], [ 3986713.125890214461833, 783287.949469405692071 ], [ 3986713.125890214461833, 783325.373986754566431 ], [ 3986713.125890214461833, 783362.798504103440791 ], [ 3986713.125890214461833, 783400.223021452315152 ], [ 3986713.125890214461833, 783437.647538801189512 ], [ 3986686.662760214414448, 783464.110668801236898 ], [ 3986649.238242865540087, 783464.110668801236898 ], [ 3986611.813725516665727, 783464.110668801236898 ], [ 3986574.389208167791367, 783464.110668801236898 ], [ 3986574.389208167791367, 783501.535186150111258 ], [ 3986574.389208167791367, 783538.959703498985618 ], [ 3986574.389208167791367, 783576.384220847859979 ], [ 3986574.389208167791367, 783613.808738196734339 ], [ 3986536.964690818917006, 783613.808738196734339 ], [ 3986499.540173470042646, 783613.808738196734339 ], [ 3986462.115656121168286, 783613.808738196734339 ], [ 3986424.691138772293925, 783613.808738196734339 ], [ 3986387.266621423419565, 783613.808738196734339 ], [ 3986349.842104074545205, 783613.808738196734339 ], [ 3986312.417586725670844, 783613.808738196734339 ], [ 3986274.993069376796484, 783613.808738196734339 ], [ 3986237.568552027922124, 783613.808738196734339 ], [ 3986200.144034679047763, 783613.808738196734339 ], [ 3986162.719517330173403, 783613.808738196734339 ], [ 3986125.294999981299043, 783613.808738196734339 ], [ 3986087.870482632424682, 783613.808738196734339 ], [ 3986050.445965283550322, 783613.808738196734339 ], [ 3986013.021447934675962, 783613.808738196734339 ], [ 3985975.596930585801601, 783613.808738196734339 ], [ 3985938.172413236927241, 783613.808738196734339 ], [ 3985900.747895888052881, 783613.808738196734339 ], [ 3985900.747895888052881, 783651.233255545608699 ], [ 3985900.747895888052881, 783688.65777289448306 ], [ 3985900.747895888052881, 783726.08229024335742 ], [ 3985900.747895888052881, 783763.50680759223178 ], [ 3985874.284765888005495, 783789.969937592279166 ], [ 3985836.860248539131135, 783789.969937592279166 ], [ 3985799.435731190256774, 783789.969937592279166 ], [ 3985762.011213841382414, 783789.969937592279166 ], [ 3985724.586696492508054, 783789.969937592279166 ], [ 3985687.162179143633693, 783789.969937592279166 ], [ 3985649.737661794759333, 783789.969937592279166 ], [ 3985612.313144445884973, 783789.969937592279166 ], [ 3985574.888627097010612, 783789.969937592279166 ], [ 3985548.425497096963227, 783816.433067592326552 ], [ 3985548.425497096963227, 783853.857584941200912 ], [ 3985548.425497096963227, 783891.282102290075272 ], [ 3985548.425497096963227, 783928.706619638949633 ], [ 3985521.962367096915841, 783955.169749638997018 ], [ 3985484.537849748041481, 783955.169749638997018 ], [ 3985447.11333239916712, 783955.169749638997018 ], [ 3985409.68881505029276, 783955.169749638997018 ], [ 3985372.2642977014184, 783955.169749638997018 ], [ 3985334.839780352544039, 783955.169749638997018 ], [ 3985297.415263003669679, 783955.169749638997018 ], [ 3985259.990745654795319, 783955.169749638997018 ], [ 3985222.566228305920959, 783955.169749638997018 ], [ 3985185.141710957046598, 783955.169749638997018 ], [ 3985147.717193608172238, 783955.169749638997018 ], [ 3985110.292676259297878, 783955.169749638997018 ], [ 3985072.868158910423517, 783955.169749638997018 ], [ 3985035.443641561549157, 783955.169749638997018 ], [ 3984998.019124212674797, 783955.169749638997018 ], [ 3984960.594606863800436, 783955.169749638997018 ], [ 3984923.170089514926076, 783955.169749638997018 ], [ 3984885.745572166051716, 783955.169749638997018 ], [ 3984885.745572166051716, 783992.594266987871379 ], [ 3984885.745572166051716, 784030.018784336745739 ], [ 3984885.745572166051716, 784067.443301685620099 ], [ 3984885.745572166051716, 784104.86781903449446 ], [ 3984859.28244216600433, 784131.330949034541845 ], [ 3984821.85792481712997, 784131.330949034541845 ], [ 3984784.433407468255609, 784131.330949034541845 ], [ 3984747.008890119381249, 784131.330949034541845 ], [ 3984709.584372770506889, 784131.330949034541845 ], [ 3984672.159855421632528, 784131.330949034541845 ], [ 3984634.735338072758168, 784131.330949034541845 ], [ 3984597.310820723883808, 784131.330949034541845 ], [ 3984559.886303375009447, 784131.330949034541845 ], [ 3984522.461786026135087, 784131.330949034541845 ], [ 3984485.037268677260727, 784131.330949034541845 ], [ 3984447.612751328386366, 784131.330949034541845 ], [ 3984410.188233979512006, 784131.330949034541845 ], [ 3984383.72510397946462, 784104.86781903449446 ], [ 3984383.72510397946462, 784067.443301685620099 ], [ 3984383.72510397946462, 784030.018784336745739 ], [ 3984383.72510397946462, 783992.594266987871379 ], [ 3984383.72510397946462, 783955.169749638997018 ], [ 3984346.30058663059026, 783955.169749638997018 ], [ 3984308.8760692817159, 783955.169749638997018 ], [ 3984271.451551932841539, 783955.169749638997018 ], [ 3984244.988421932794154, 783928.706619638949633 ], [ 3984244.988421932794154, 783891.282102290075272 ], [ 3984244.988421932794154, 783853.857584941200912 ], [ 3984244.988421932794154, 783816.433067592326552 ], [ 3984244.988421932794154, 783779.008550243452191 ], [ 3984207.563904583919793, 783779.008550243452191 ], [ 3984170.139387235045433, 783779.008550243452191 ], [ 3984132.714869886171073, 783779.008550243452191 ], [ 3984095.290352537296712, 783779.008550243452191 ], [ 3984057.865835188422352, 783779.008550243452191 ], [ 3984020.441317839547992, 783779.008550243452191 ], [ 3983983.016800490673631, 783779.008550243452191 ], [ 3983945.592283141799271, 783779.008550243452191 ], [ 3983908.167765792924911, 783779.008550243452191 ], [ 3983881.704635792877525, 783752.545420243404806 ], [ 3983881.704635792877525, 783715.120902894530445 ], [ 3983881.704635792877525, 783677.696385545656085 ], [ 3983881.704635792877525, 783640.271868196781725 ], [ 3983855.241505792830139, 783613.808738196734339 ], [ 3983817.816988443955779, 783613.808738196734339 ], [ 3983780.392471095081419, 783613.808738196734339 ], [ 3983742.967953746207058, 783613.808738196734339 ], [ 3983742.967953746207058, 783576.384220847859979 ], [ 3983742.967953746207058, 783538.959703498985618 ], [ 3983742.967953746207058, 783501.535186150111258 ], [ 3983742.967953746207058, 783464.110668801236898 ], [ 3983705.543436397332698, 783464.110668801236898 ], [ 3983668.118919048458338, 783464.110668801236898 ], [ 3983630.694401699583977, 783464.110668801236898 ], [ 3983593.269884350709617, 783464.110668801236898 ], [ 3983555.845367001835257, 783464.110668801236898 ], [ 3983518.420849652960896, 783464.110668801236898 ], [ 3983480.996332304086536, 783464.110668801236898 ], [ 3983443.571814955212176, 783464.110668801236898 ], [ 3983417.10868495516479, 783437.647538801189512 ], [ 3983417.10868495516479, 783400.223021452315152 ], [ 3983417.10868495516479, 783362.798504103440791 ], [ 3983417.10868495516479, 783325.373986754566431 ], [ 3983417.10868495516479, 783287.949469405692071 ], [ 3983379.68416760629043, 783287.949469405692071 ], [ 3983342.25965025741607, 783287.949469405692071 ], [ 3983304.835132908541709, 783287.949469405692071 ], [ 3983267.410615559667349, 783287.949469405692071 ], [ 3983229.986098210792989, 783287.949469405692071 ], [ 3983192.561580861918628, 783287.949469405692071 ], [ 3983155.137063513044268, 783287.949469405692071 ], [ 3983117.712546164169908, 783287.949469405692071 ], [ 3983080.288028815295547, 783287.949469405692071 ], [ 3983080.288028815295547, 783250.52495205681771 ], [ 3983080.288028815295547, 783213.10043470794335 ], [ 3983080.288028815295547, 783175.67591735906899 ], [ 3983080.288028815295547, 783138.251400010194629 ], [ 3983042.863511466421187, 783138.251400010194629 ], [ 3983005.438994117546827, 783138.251400010194629 ], [ 3982968.014476768672466, 783138.251400010194629 ], [ 3982930.589959419798106, 783138.251400010194629 ], [ 3982904.12682941975072, 783111.788270010147244 ], [ 3982904.12682941975072, 783074.363752661272883 ], [ 3982904.12682941975072, 783036.939235312398523 ], [ 3982904.12682941975072, 782999.514717963524163 ], [ 3982904.12682941975072, 782962.090200614649802 ], [ 3982866.70231207087636, 782962.090200614649802 ], [ 3982829.277794722002, 782962.090200614649802 ], [ 3982791.853277373127639, 782962.090200614649802 ], [ 3982754.428760024253279, 782962.090200614649802 ], [ 3982754.428760024253279, 782924.665683265775442 ], [ 3982754.428760024253279, 782887.241165916901082 ], [ 3982754.428760024253279, 782849.816648568026721 ], [ 3982754.428760024253279, 782812.392131219152361 ], [ 3982727.965630024205893, 782785.929001219104975 ], [ 3982690.541112675331533, 782785.929001219104975 ], [ 3982653.116595326457173, 782785.929001219104975 ], [ 3982615.692077977582812, 782785.929001219104975 ], [ 3982578.267560628708452, 782785.929001219104975 ], [ 3982540.843043279834092, 782785.929001219104975 ], [ 3982503.418525930959731, 782785.929001219104975 ], [ 3982465.994008582085371, 782785.929001219104975 ], [ 3982428.569491233211011, 782785.929001219104975 ], [ 3982391.14497388433665, 782785.929001219104975 ], [ 3982353.72045653546229, 782785.929001219104975 ], [ 3982316.29593918658793, 782785.929001219104975 ], [ 3982278.871421837713569, 782785.929001219104975 ], [ 3982252.408291837666184, 782759.46587121905759 ], [ 3982252.408291837666184, 782722.041353870183229 ], [ 3982252.408291837666184, 782684.616836521308869 ], [ 3982252.408291837666184, 782647.192319172434509 ], [ 3982252.408291837666184, 782609.767801823560148 ], [ 3982252.408291837666184, 782572.343284474685788 ], [ 3982252.408291837666184, 782534.918767125811428 ], [ 3982252.408291837666184, 782497.494249776937068 ], [ 3982252.408291837666184, 782460.069732428062707 ], [ 3982214.983774488791823, 782460.069732428062707 ], [ 3982177.559257139917463, 782460.069732428062707 ], [ 3982140.134739791043103, 782460.069732428062707 ], [ 3982102.710222442168742, 782460.069732428062707 ], [ 3982065.285705093294382, 782460.069732428062707 ], [ 3982027.861187744420022, 782460.069732428062707 ], [ 3981990.436670395545661, 782460.069732428062707 ], [ 3981953.012153046671301, 782460.069732428062707 ], [ 3981915.587635697796941, 782460.069732428062707 ], [ 3981878.16311834892258, 782460.069732428062707 ], [ 3981840.738601, 782460.069732428062707 ], [ 3981803.31408365117386, 782460.069732428062707 ], [ 3981765.8895663022995, 782460.069732428062707 ], [ 3981739.426436302252114, 782433.606602428015321 ], [ 3981739.426436302252114, 782396.182085079140961 ], [ 3981739.426436302252114, 782358.757567730266601 ], [ 3981739.426436302252114, 782321.333050381392241 ], [ 3981739.426436302252114, 782283.90853303251788 ], [ 3981739.426436302252114, 782246.48401568364352 ], [ 3981739.426436302252114, 782209.05949833476916 ], [ 3981739.426436302252114, 782171.634980985894799 ], [ 3981739.426436302252114, 782134.210463637020439 ], [ 3981702.001918953377753, 782134.210463637020439 ], [ 3981664.577401604503393, 782134.210463637020439 ], [ 3981627.152884255629033, 782134.210463637020439 ], [ 3981589.728366906754673, 782134.210463637020439 ], [ 3981552.303849557880312, 782134.210463637020439 ], [ 3981514.879332209005952, 782134.210463637020439 ], [ 3981477.454814860131592, 782134.210463637020439 ], [ 3981440.030297511257231, 782134.210463637020439 ], [ 3981402.605780162382871, 782134.210463637020439 ], [ 3981365.181262813508511, 782134.210463637020439 ], [ 3981327.75674546463415, 782134.210463637020439 ], [ 3981290.33222811575979, 782134.210463637020439 ], [ 3981263.869098115712404, 782107.747333636973053 ], [ 3981263.869098115712404, 782070.322816288098693 ], [ 3981263.869098115712404, 782032.898298939224333 ], [ 3981263.869098115712404, 781995.473781590349972 ], [ 3981237.405968115665019, 781969.010651590302587 ], [ 3981199.981450766790658, 781969.010651590302587 ], [ 3981162.556933417916298, 781969.010651590302587 ], [ 3981125.132416069041938, 781969.010651590302587 ], [ 3981098.669286068994552, 781942.547521590255201 ], [ 3981098.669286068994552, 781905.123004241380841 ], [ 3981098.669286068994552, 781867.69848689250648 ], [ 3981098.669286068994552, 781830.27396954363212 ], [ 3981098.669286068994552, 781792.84945219475776 ], [ 3981061.244768720120192, 781792.84945219475776 ], [ 3981023.820251371245831, 781792.84945219475776 ], [ 3980986.395734022371471, 781792.84945219475776 ], [ 3980948.971216673497111, 781792.84945219475776 ], [ 3980911.54669932462275, 781792.84945219475776 ], [ 3980874.12218197574839, 781792.84945219475776 ], [ 3980836.69766462687403, 781792.84945219475776 ], [ 3980799.273147277999669, 781792.84945219475776 ], [ 3980772.810017277952284, 781766.386322194710374 ], [ 3980772.810017277952284, 781728.961804845836014 ], [ 3980772.810017277952284, 781691.537287496961653 ], [ 3980772.810017277952284, 781654.112770148087293 ], [ 3980746.346887277904898, 781627.649640148039907 ], [ 3980708.922369929030538, 781627.649640148039907 ], [ 3980671.497852580156177, 781627.649640148039907 ], [ 3980634.073335231281817, 781627.649640148039907 ], [ 3980607.610205231234431, 781601.186510147992522 ], [ 3980607.610205231234431, 781563.761992799118161 ], [ 3980607.610205231234431, 781526.337475450243801 ], [ 3980607.610205231234431, 781488.912958101369441 ], [ 3980581.147075231187046, 781462.449828101322055 ], [ 3980543.722557882312685, 781462.449828101322055 ], [ 3980506.298040533438325, 781462.449828101322055 ], [ 3980468.873523184563965, 781462.449828101322055 ], [ 3980431.449005835689604, 781462.449828101322055 ], [ 3980394.024488486815244, 781462.449828101322055 ], [ 3980356.599971137940884, 781462.449828101322055 ], [ 3980319.175453789066523, 781462.449828101322055 ], [ 3980281.750936440192163, 781462.449828101322055 ], [ 3980244.326419091317803, 781462.449828101322055 ], [ 3980206.901901742443442, 781462.449828101322055 ], [ 3980169.477384393569082, 781462.449828101322055 ], [ 3980132.052867044694722, 781462.449828101322055 ], [ 3980105.589737044647336, 781435.986698101274669 ], [ 3980105.589737044647336, 781398.562180752400309 ], [ 3980105.589737044647336, 781361.137663403525949 ], [ 3980105.589737044647336, 781323.713146054651588 ], [ 3980105.589737044647336, 781286.288628705777228 ], [ 3980105.589737044647336, 781248.864111356902868 ], [ 3980105.589737044647336, 781211.439594008028507 ], [ 3980105.589737044647336, 781174.015076659154147 ], [ 3980105.589737044647336, 781136.590559310279787 ], [ 3980068.165219695772976, 781136.590559310279787 ], [ 3980030.740702346898615, 781136.590559310279787 ], [ 3979993.316184998024255, 781136.590559310279787 ], [ 3979966.853054997976869, 781163.053689310327172 ], [ 3979966.853054997976869, 781200.478206659201533 ], [ 3979966.853054997976869, 781237.902724008075893 ], [ 3979966.853054997976869, 781275.327241356950253 ], [ 3979940.389924997929484, 781301.790371356997639 ], [ 3979902.965407649055123, 781301.790371356997639 ], [ 3979865.540890300180763, 781301.790371356997639 ], [ 3979828.116372951306403, 781301.790371356997639 ], [ 3979790.691855602432042, 781301.790371356997639 ], [ 3979790.691855602432042, 781264.365854008123279 ], [ 3979790.691855602432042, 781226.941336659248918 ], [ 3979790.691855602432042, 781189.516819310374558 ], [ 3979790.691855602432042, 781152.092301961500198 ], [ 3979753.267338253557682, 781152.092301961500198 ], [ 3979715.842820904683322, 781152.092301961500198 ], [ 3979678.418303555808961, 781152.092301961500198 ], [ 3979640.993786206934601, 781152.092301961500198 ], [ 3979640.993786206934601, 781114.667784612625837 ], [ 3979640.993786206934601, 781077.243267263751477 ], [ 3979640.993786206934601, 781039.818749914877117 ], [ 3979640.993786206934601, 781002.394232566002756 ], [ 3979614.530656206887215, 780975.931102565955371 ], [ 3979577.106138858012855, 780975.931102565955371 ], [ 3979539.681621509138495, 780975.931102565955371 ], [ 3979502.257104160264134, 780975.931102565955371 ], [ 3979464.832586811389774, 780975.931102565955371 ], [ 3979438.369456811342388, 780949.467972565907985 ], [ 3979438.369456811342388, 780912.043455217033625 ], [ 3979438.369456811342388, 780874.618937868159264 ], [ 3979438.369456811342388, 780837.194420519284904 ], [ 3979411.906326811295003, 780810.731290519237518 ], [ 3979374.481809462420642, 780810.731290519237518 ], [ 3979337.057292113546282, 780810.731290519237518 ], [ 3979299.632774764671922, 780810.731290519237518 ], [ 3979262.208257415797561, 780810.731290519237518 ], [ 3979224.783740066923201, 780810.731290519237518 ], [ 3979187.359222718048841, 780810.731290519237518 ], [ 3979149.93470536917448, 780810.731290519237518 ], [ 3979123.471575369127095, 780784.268160519190133 ], [ 3979123.471575369127095, 780746.843643170315772 ], [ 3979123.471575369127095, 780709.419125821441412 ], [ 3979123.471575369127095, 780671.994608472567052 ], [ 3979097.008445369079709, 780645.531478472519666 ], [ 3979059.583928020205349, 780645.531478472519666 ], [ 3979022.159410671330988, 780645.531478472519666 ], [ 3978984.734893322456628, 780645.531478472519666 ], [ 3978947.310375973582268, 780645.531478472519666 ], [ 3978909.885858624707907, 780645.531478472519666 ], [ 3978872.461341275833547, 780645.531478472519666 ], [ 3978835.036823926959187, 780645.531478472519666 ], [ 3978797.612306578084826, 780645.531478472519666 ], [ 3978760.187789229210466, 780645.531478472519666 ], [ 3978722.763271880336106, 780645.531478472519666 ], [ 3978685.338754531461746, 780645.531478472519666 ], [ 3978647.914237182587385, 780645.531478472519666 ], [ 3978621.451107182539999, 780619.06834847247228 ], [ 3978621.451107182539999, 780581.64383112359792 ], [ 3978621.451107182539999, 780544.21931377472356 ], [ 3978621.451107182539999, 780506.794796425849199 ], [ 3978594.987977182492614, 780480.331666425801814 ], [ 3978557.563459833618253, 780480.331666425801814 ], [ 3978520.138942484743893, 780480.331666425801814 ], [ 3978482.714425135869533, 780480.331666425801814 ], [ 3978456.251295135822147, 780453.868536425754428 ], [ 3978456.251295135822147, 780416.444019076880068 ], [ 3978456.251295135822147, 780379.019501728005707 ], [ 3978456.251295135822147, 780341.594984379131347 ], [ 3978429.788165135774761, 780315.131854379083961 ], [ 3978392.363647786900401, 780315.131854379083961 ], [ 3978354.939130438026041, 780315.131854379083961 ], [ 3978317.51461308915168, 780315.131854379083961 ], [ 3978280.09009574027732, 780315.131854379083961 ], [ 3978242.66557839140296, 780315.131854379083961 ], [ 3978205.2410610425286, 780315.131854379083961 ], [ 3978167.816543693654239, 780315.131854379083961 ], [ 3978130.392026344779879, 780315.131854379083961 ], [ 3978092.967508995905519, 780315.131854379083961 ], [ 3978055.542991647031158, 780315.131854379083961 ], [ 3978018.118474298156798, 780315.131854379083961 ], [ 3977980.693956949282438, 780315.131854379083961 ], [ 3977954.230826949235052, 780288.668724379036576 ], [ 3977954.230826949235052, 780251.244207030162215 ], [ 3977954.230826949235052, 780213.819689681287855 ], [ 3977954.230826949235052, 780176.395172332413495 ], [ 3977954.230826949235052, 780138.970654983539134 ], [ 3977916.806309600360692, 780138.970654983539134 ], [ 3977879.381792251486331, 780138.970654983539134 ], [ 3977841.957274902611971, 780138.970654983539134 ], [ 3977815.494144902564585, 780112.507524983491749 ], [ 3977815.494144902564585, 780075.083007634617388 ], [ 3977815.494144902564585, 780037.658490285743028 ], [ 3977815.494144902564585, 780000.233972936868668 ], [ 3977789.0310149025172, 779973.770842936821282 ], [ 3977751.606497553642839, 779973.770842936821282 ], [ 3977714.181980204768479, 779973.770842936821282 ], [ 3977676.757462855894119, 779973.770842936821282 ], [ 3977676.757462855894119, 780011.195360285695642 ], [ 3977676.757462855894119, 780048.619877634570003 ], [ 3977676.757462855894119, 780086.044394983444363 ], [ 3977676.757462855894119, 780123.468912332318723 ], [ 3977650.294332855846733, 780149.932042332366109 ], [ 3977612.869815506972373, 780149.932042332366109 ], [ 3977575.445298158098012, 780149.932042332366109 ], [ 3977538.020780809223652, 780149.932042332366109 ], [ 3977500.596263460349292, 780149.932042332366109 ], [ 3977463.171746111474931, 780149.932042332366109 ], [ 3977425.747228762600571, 780149.932042332366109 ], [ 3977388.322711413726211, 780149.932042332366109 ], [ 3977350.89819406485185, 780149.932042332366109 ], [ 3977324.435064064804465, 780123.468912332318723 ], [ 3977324.435064064804465, 780086.044394983444363 ], [ 3977324.435064064804465, 780048.619877634570003 ], [ 3977324.435064064804465, 780011.195360285695642 ], [ 3977324.435064064804465, 779973.770842936821282 ], [ 3977287.010546715930104, 779973.770842936821282 ], [ 3977249.586029367055744, 779973.770842936821282 ], [ 3977212.161512018181384, 779973.770842936821282 ], [ 3977174.736994669307023, 779973.770842936821282 ], [ 3977137.312477320432663, 779973.770842936821282 ], [ 3977099.887959971558303, 779973.770842936821282 ], [ 3977062.463442622683942, 779973.770842936821282 ], [ 3977025.038925273809582, 779973.770842936821282 ], [ 3976987.614407924935222, 779973.770842936821282 ], [ 3976987.614407924935222, 779936.346325587946922 ], [ 3976987.614407924935222, 779898.921808239072561 ], [ 3976987.614407924935222, 779861.497290890198201 ], [ 3976987.614407924935222, 779824.072773541323841 ], [ 3976950.189890576060861, 779824.072773541323841 ], [ 3976912.765373227186501, 779824.072773541323841 ], [ 3976875.340855878312141, 779824.072773541323841 ], [ 3976837.91633852943778, 779824.072773541323841 ], [ 3976811.453208529390395, 779797.609643541276455 ], [ 3976811.453208529390395, 779760.185126192402095 ], [ 3976811.453208529390395, 779722.760608843527734 ], [ 3976811.453208529390395, 779685.336091494653374 ], [ 3976811.453208529390395, 779647.911574145779014 ], [ 3976774.028691180516034, 779647.911574145779014 ], [ 3976736.604173831641674, 779647.911574145779014 ], [ 3976699.179656482767314, 779647.911574145779014 ], [ 3976672.716526482719928, 779621.448444145731628 ], [ 3976672.716526482719928, 779584.023926796857268 ], [ 3976672.716526482719928, 779546.599409447982907 ], [ 3976672.716526482719928, 779509.174892099108547 ], [ 3976672.716526482719928, 779471.750374750234187 ], [ 3976672.716526482719928, 779434.325857401359826 ], [ 3976672.716526482719928, 779396.901340052485466 ], [ 3976672.716526482719928, 779359.476822703611106 ], [ 3976672.716526482719928, 779322.052305354736745 ], [ 3976635.292009133845568, 779322.052305354736745 ], [ 3976597.867491784971207, 779322.052305354736745 ], [ 3976560.442974436096847, 779322.052305354736745 ], [ 3976523.018457087222487, 779322.052305354736745 ], [ 3976496.555327087175101, 779295.58917535468936 ], [ 3976496.555327087175101, 779258.164658005814999 ], [ 3976496.555327087175101, 779220.740140656940639 ], [ 3976496.555327087175101, 779183.315623308066279 ], [ 3976496.555327087175101, 779145.891105959191918 ], [ 3976496.555327087175101, 779108.466588610317558 ], [ 3976496.555327087175101, 779071.042071261443198 ], [ 3976496.555327087175101, 779033.617553912568837 ], [ 3976496.555327087175101, 778996.193036563694477 ], [ 3976459.130809738300741, 778996.193036563694477 ], [ 3976421.70629238942638, 778996.193036563694477 ], [ 3976384.28177504055202, 778996.193036563694477 ], [ 3976346.85725769167766, 778996.193036563694477 ], [ 3976320.394127691630274, 778969.729906563647091 ], [ 3976320.394127691630274, 778932.305389214772731 ], [ 3976320.394127691630274, 778894.880871865898371 ], [ 3976320.394127691630274, 778857.45635451702401 ], [ 3976320.394127691630274, 778820.03183716814965 ], [ 3976282.969610342755914, 778820.03183716814965 ], [ 3976245.545092993881553, 778820.03183716814965 ], [ 3976208.120575645007193, 778820.03183716814965 ], [ 3976170.696058296132833, 778820.03183716814965 ], [ 3976170.696058296132833, 778782.60731981927529 ], [ 3976170.696058296132833, 778745.182802470400929 ], [ 3976170.696058296132833, 778707.758285121526569 ], [ 3976170.696058296132833, 778670.333767772652209 ], [ 3976133.271540947258472, 778670.333767772652209 ], [ 3976095.847023598384112, 778670.333767772652209 ], [ 3976058.422506249509752, 778670.333767772652209 ], [ 3976020.997988900635391, 778670.333767772652209 ], [ 3975994.534858900588006, 778643.870637772604823 ], [ 3975994.534858900588006, 778606.446120423730463 ], [ 3975994.534858900588006, 778569.021603074856102 ], [ 3975994.534858900588006, 778531.597085725981742 ], [ 3975994.534858900588006, 778494.172568377107382 ], [ 3975957.110341551713645, 778494.172568377107382 ], [ 3975919.685824202839285, 778494.172568377107382 ], [ 3975882.261306853964925, 778494.172568377107382 ], [ 3975855.798176853917539, 778467.709438377059996 ], [ 3975855.798176853917539, 778430.284921028185636 ], [ 3975855.798176853917539, 778392.860403679311275 ], [ 3975855.798176853917539, 778355.435886330436915 ], [ 3975855.798176853917539, 778318.011368981562555 ], [ 3975855.798176853917539, 778280.586851632688195 ], [ 3975855.798176853917539, 778243.162334283813834 ], [ 3975855.798176853917539, 778205.737816934939474 ], [ 3975855.798176853917539, 778168.313299586065114 ], [ 3975818.373659505043179, 778168.313299586065114 ], [ 3975780.949142156168818, 778168.313299586065114 ], [ 3975743.524624807294458, 778168.313299586065114 ], [ 3975706.100107458420098, 778168.313299586065114 ], [ 3975668.675590109545738, 778168.313299586065114 ], [ 3975668.675590109545738, 778130.888782237190753 ], [ 3975668.675590109545738, 778093.464264888316393 ], [ 3975668.675590109545738, 778056.039747539442033 ], [ 3975668.675590109545738, 778018.615230190567672 ], [ 3975642.212460109498352, 777992.152100190520287 ], [ 3975604.787942760623991, 777992.152100190520287 ], [ 3975567.363425411749631, 777992.152100190520287 ], [ 3975529.938908062875271, 777992.152100190520287 ], [ 3975503.475778062827885, 777965.688970190472901 ], [ 3975503.475778062827885, 777928.264452841598541 ], [ 3975503.475778062827885, 777890.83993549272418 ], [ 3975503.475778062827885, 777853.41541814384982 ], [ 3975477.012648062780499, 777826.952288143802434 ], [ 3975439.588130713906139, 777826.952288143802434 ], [ 3975402.163613365031779, 777826.952288143802434 ], [ 3975364.739096016157418, 777826.952288143802434 ], [ 3975338.275966016110033, 777800.489158143755049 ], [ 3975338.275966016110033, 777763.064640794880688 ], [ 3975338.275966016110033, 777725.640123446006328 ], [ 3975338.275966016110033, 777688.215606097131968 ], [ 3975311.812836016062647, 777661.752476097084582 ], [ 3975274.388318667188287, 777661.752476097084582 ], [ 3975236.963801318313926, 777661.752476097084582 ], [ 3975199.539283969439566, 777661.752476097084582 ], [ 3975173.07615396939218, 777635.289346097037196 ], [ 3975173.07615396939218, 777597.864828748162836 ], [ 3975173.07615396939218, 777560.440311399288476 ], [ 3975173.07615396939218, 777523.015794050414115 ], [ 3975146.613023969344795, 777496.552664050366729 ], [ 3975109.188506620470434, 777496.552664050366729 ], [ 3975071.763989271596074, 777496.552664050366729 ], [ 3975034.339471922721714, 777496.552664050366729 ], [ 3975034.339471922721714, 777459.128146701492369 ], [ 3975034.339471922721714, 777421.703629352618009 ], [ 3975034.339471922721714, 777384.279112003743649 ], [ 3975034.339471922721714, 777346.854594654869288 ], [ 3974996.914954573847353, 777346.854594654869288 ], [ 3974959.490437224972993, 777346.854594654869288 ], [ 3974922.065919876098633, 777346.854594654869288 ], [ 3974884.641402527224272, 777346.854594654869288 ], [ 3974847.216885178349912, 777346.854594654869288 ], [ 3974847.216885178349912, 777309.430077305994928 ], [ 3974847.216885178349912, 777272.005559957120568 ], [ 3974847.216885178349912, 777234.581042608246207 ], [ 3974847.216885178349912, 777197.156525259371847 ], [ 3974820.753755178302526, 777170.693395259324461 ], [ 3974783.329237829428166, 777170.693395259324461 ], [ 3974745.904720480553806, 777170.693395259324461 ], [ 3974708.480203131679446, 777170.693395259324461 ], [ 3974682.01707313163206, 777144.230265259277076 ], [ 3974682.01707313163206, 777106.805747910402715 ], [ 3974682.01707313163206, 777069.381230561528355 ], [ 3974682.01707313163206, 777031.956713212653995 ], [ 3974655.553943131584674, 777005.493583212606609 ], [ 3974618.129425782710314, 777005.493583212606609 ], [ 3974580.704908433835953, 777005.493583212606609 ], [ 3974543.280391084961593, 777005.493583212606609 ], [ 3974516.817261084914207, 776979.030453212559223 ], [ 3974516.817261084914207, 776941.605935863684863 ], [ 3974516.817261084914207, 776904.181418514810503 ], [ 3974516.817261084914207, 776866.756901165936142 ], [ 3974490.354131084866822, 776840.293771165888757 ], [ 3974452.929613735992461, 776840.293771165888757 ], [ 3974415.505096387118101, 776840.293771165888757 ], [ 3974378.080579038243741, 776840.293771165888757 ], [ 3974351.617449038196355, 776813.830641165841371 ], [ 3974351.617449038196355, 776776.40612381696701 ], [ 3974351.617449038196355, 776738.98160646809265 ], [ 3974351.617449038196355, 776701.55708911921829 ], [ 3974325.154319038148969, 776675.093959119170904 ], [ 3974287.729801689274609, 776675.093959119170904 ], [ 3974250.305284340400249, 776675.093959119170904 ], [ 3974212.880766991525888, 776675.093959119170904 ], [ 3974212.880766991525888, 776637.669441770296544 ], [ 3974212.880766991525888, 776600.244924421422184 ], [ 3974212.880766991525888, 776562.820407072547823 ], [ 3974212.880766991525888, 776525.395889723673463 ], [ 3974212.880766991525888, 776487.971372374799103 ], [ 3974212.880766991525888, 776450.546855025924742 ], [ 3974212.880766991525888, 776413.122337677050382 ], [ 3974212.880766991525888, 776375.697820328176022 ], [ 3974212.880766991525888, 776338.273302979301661 ], [ 3974175.456249642651528, 776338.273302979301661 ], [ 3974138.031732293777168, 776338.273302979301661 ], [ 3974100.607214944902807, 776338.273302979301661 ], [ 3974063.182697596028447, 776338.273302979301661 ], [ 3974025.758180247154087, 776338.273302979301661 ], [ 3974025.758180247154087, 776300.848785630427301 ], [ 3974025.758180247154087, 776263.424268281552941 ], [ 3974025.758180247154087, 776225.99975093267858 ], [ 3974025.758180247154087, 776188.57523358380422 ], [ 3973988.333662898279727, 776188.57523358380422 ], [ 3973950.909145549405366, 776188.57523358380422 ], [ 3973913.484628200531006, 776188.57523358380422 ], [ 3973876.060110851656646, 776188.57523358380422 ], [ 3973849.59698085160926, 776162.112103583756834 ], [ 3973849.59698085160926, 776124.687586234882474 ], [ 3973849.59698085160926, 776087.263068886008114 ], [ 3973849.59698085160926, 776049.838551537133753 ], [ 3973849.59698085160926, 776012.414034188259393 ], [ 3973812.1724635027349, 776012.414034188259393 ], [ 3973774.747946153860539, 776012.414034188259393 ], [ 3973737.323428804986179, 776012.414034188259393 ], [ 3973710.860298804938793, 775985.950904188212007 ], [ 3973710.860298804938793, 775948.526386839337647 ], [ 3973710.860298804938793, 775911.101869490463287 ], [ 3973710.860298804938793, 775873.677352141588926 ], [ 3973684.397168804891407, 775847.214222141541541 ], [ 3973646.972651456017047, 775847.214222141541541 ], [ 3973609.548134107142687, 775847.214222141541541 ], [ 3973572.123616758268327, 775847.214222141541541 ], [ 3973534.699099409393966, 775847.214222141541541 ], [ 3973497.274582060519606, 775847.214222141541541 ], [ 3973459.850064711645246, 775847.214222141541541 ], [ 3973422.425547362770885, 775847.214222141541541 ], [ 3973385.001030013896525, 775847.214222141541541 ], [ 3973358.537900013849139, 775820.751092141494155 ], [ 3973358.537900013849139, 775783.326574792619795 ], [ 3973358.537900013849139, 775745.902057443745434 ], [ 3973358.537900013849139, 775708.477540094871074 ], [ 3973332.074770013801754, 775682.014410094823688 ], [ 3973294.650252664927393, 775682.014410094823688 ], [ 3973257.225735316053033, 775682.014410094823688 ], [ 3973219.801217967178673, 775682.014410094823688 ], [ 3973182.376700618304312, 775682.014410094823688 ], [ 3973144.952183269429952, 775682.014410094823688 ], [ 3973107.527665920555592, 775682.014410094823688 ], [ 3973070.103148571681231, 775682.014410094823688 ], [ 3973052.863163980655372, 775642.319715094869025 ], [ 3973050.592986328992993, 775602.625020094914362 ], [ 3973050.592986328992993, 775565.200502746040002 ], [ 3973050.592986328992993, 775527.775985397165641 ], [ 3973013.168468980118632, 775527.775985397165641 ], [ 3972975.743951631244272, 775527.775985397165641 ], [ 3972938.319434282369912, 775527.775985397165641 ], [ 3972900.894916933495551, 775527.775985397165641 ], [ 3972874.431786933448166, 775501.312855397118255 ], [ 3972874.431786933448166, 775463.888338048243895 ], [ 3972874.431786933448166, 775426.463820699369535 ], [ 3972874.431786933448166, 775389.039303350495175 ], [ 3972874.431786933448166, 775351.614786001620814 ], [ 3972837.007269584573805, 775351.614786001620814 ], [ 3972799.582752235699445, 775351.614786001620814 ], [ 3972762.158234886825085, 775351.614786001620814 ], [ 3972724.733717537950724, 775351.614786001620814 ], [ 3972724.733717537950724, 775314.190268652746454 ], [ 3972724.733717537950724, 775276.765751303872094 ], [ 3972724.733717537950724, 775239.341233954997733 ], [ 3972724.733717537950724, 775201.916716606123373 ], [ 3972687.309200189076364, 775201.916716606123373 ], [ 3972649.884682840202004, 775201.916716606123373 ], [ 3972612.460165491327643, 775201.916716606123373 ], [ 3972575.035648142453283, 775201.916716606123373 ], [ 3972537.611130793578923, 775201.916716606123373 ], [ 3972500.186613444704562, 775201.916716606123373 ], [ 3972462.762096095830202, 775201.916716606123373 ], [ 3972425.337578746955842, 775201.916716606123373 ], [ 3972387.913061398081481, 775201.916716606123373 ], [ 3972387.913061398081481, 775164.492199257249013 ], [ 3972387.913061398081481, 775127.067681908374652 ], [ 3972387.913061398081481, 775089.643164559500292 ], [ 3972387.913061398081481, 775052.218647210625932 ], [ 3972387.913061398081481, 775014.794129861751571 ], [ 3972350.488544049207121, 775014.794129861751571 ], [ 3972313.064026700332761, 775014.794129861751571 ], [ 3972275.6395093514584, 775014.794129861751571 ], [ 3972238.21499200258404, 775014.794129861751571 ], [ 3972211.751862002536654, 774988.330999861704186 ], [ 3972211.751862002536654, 774950.906482512829825 ], [ 3972211.751862002536654, 774913.481965163955465 ], [ 3972211.751862002536654, 774876.057447815081105 ], [ 3972185.288732002489269, 774849.594317815033719 ], [ 3972147.864214653614908, 774849.594317815033719 ], [ 3972110.439697304740548, 774849.594317815033719 ], [ 3972073.015179955866188, 774849.594317815033719 ], [ 3972073.015179955866188, 774812.169800466159359 ], [ 3972073.015179955866188, 774774.745283117284998 ], [ 3972073.015179955866188, 774737.320765768410638 ], [ 3972073.015179955866188, 774699.896248419536278 ], [ 3972035.590662606991827, 774699.896248419536278 ], [ 3971998.166145258117467, 774699.896248419536278 ], [ 3971960.741627909243107, 774699.896248419536278 ], [ 3971923.317110560368747, 774699.896248419536278 ], [ 3971896.853980560321361, 774673.433118419488892 ], [ 3971896.853980560321361, 774636.008601070614532 ], [ 3971896.853980560321361, 774598.584083721740171 ], [ 3971896.853980560321361, 774561.159566372865811 ], [ 3971896.853980560321361, 774523.735049023991451 ], [ 3971859.429463211447001, 774523.735049023991451 ], [ 3971822.00494586257264, 774523.735049023991451 ], [ 3971784.58042851369828, 774523.735049023991451 ], [ 3971747.15591116482392, 774523.735049023991451 ], [ 3971747.15591116482392, 774561.159566372865811 ], [ 3971747.15591116482392, 774598.584083721740171 ], [ 3971747.15591116482392, 774636.008601070614532 ], [ 3971747.15591116482392, 774673.433118419488892 ], [ 3971720.692781164776534, 774699.896248419536278 ], [ 3971683.268263815902174, 774699.896248419536278 ], [ 3971645.843746467027813, 774699.896248419536278 ], [ 3971608.419229118153453, 774699.896248419536278 ], [ 3971568.724534118082374, 774660.201553419581614 ], [ 3971570.196808201260865, 774620.506858419626951 ], [ 3971570.196808201260865, 774583.082341070752591 ], [ 3971570.196808201260865, 774545.657823721878231 ], [ 3971570.196808201260865, 774508.23330637300387 ], [ 3971570.196808201260865, 774470.80878902412951 ], [ 3971570.196808201260865, 774433.38427167525515 ], [ 3971570.196808201260865, 774395.959754326380789 ], [ 3971570.196808201260865, 774358.535236977506429 ], [ 3971532.772290852386504, 774358.535236977506429 ], [ 3971495.347773503512144, 774358.535236977506429 ], [ 3971457.923256154637784, 774358.535236977506429 ], [ 3971420.498738805763423, 774358.535236977506429 ], [ 3971383.074221456889063, 774358.535236977506429 ], [ 3971345.649704108014703, 774358.535236977506429 ], [ 3971308.225186759140342, 774358.535236977506429 ], [ 3971270.800669410265982, 774358.535236977506429 ], [ 3971244.337539410218596, 774332.072106977459043 ], [ 3971244.337539410218596, 774294.647589628584683 ], [ 3971244.337539410218596, 774257.223072279710323 ], [ 3971244.337539410218596, 774219.798554930835962 ], [ 3971217.874409410171211, 774193.335424930788577 ], [ 3971180.44989206129685, 774193.335424930788577 ], [ 3971143.02537471242249, 774193.335424930788577 ], [ 3971105.60085736354813, 774193.335424930788577 ], [ 3971068.176340014673769, 774193.335424930788577 ], [ 3971068.176340014673769, 774155.910907581914216 ], [ 3971068.176340014673769, 774118.486390233039856 ], [ 3971068.176340014673769, 774081.061872884165496 ], [ 3971068.176340014673769, 774043.637355535291135 ], [ 3971030.751822665799409, 774043.637355535291135 ], [ 3970993.327305316925049, 774043.637355535291135 ], [ 3970955.902787968050689, 774043.637355535291135 ], [ 3970918.478270619176328, 774043.637355535291135 ], [ 3970892.015140619128942, 774017.17422553524375 ], [ 3970892.015140619128942, 773979.749708186369389 ], [ 3970892.015140619128942, 773942.325190837495029 ], [ 3970892.015140619128942, 773904.900673488620669 ], [ 3970892.015140619128942, 773867.476156139746308 ], [ 3970854.590623270254582, 773867.476156139746308 ], [ 3970817.166105921380222, 773867.476156139746308 ], [ 3970779.741588572505862, 773867.476156139746308 ], [ 3970742.317071223631501, 773867.476156139746308 ], [ 3970704.892553874757141, 773867.476156139746308 ], [ 3970667.468036525882781, 773867.476156139746308 ], [ 3970630.04351917700842, 773867.476156139746308 ], [ 3970592.61900182813406, 773867.476156139746308 ], [ 3970566.155871828086674, 773841.013026139698923 ], [ 3970566.155871828086674, 773803.588508790824562 ], [ 3970566.155871828086674, 773766.163991441950202 ], [ 3970566.155871828086674, 773728.739474093075842 ], [ 3970566.155871828086674, 773691.314956744201481 ], [ 3970528.731354479212314, 773691.314956744201481 ], [ 3970491.306837130337954, 773691.314956744201481 ], [ 3970453.882319781463593, 773691.314956744201481 ], [ 3970427.419189781416208, 773664.851826744154096 ], [ 3970427.419189781416208, 773627.427309395279735 ], [ 3970427.419189781416208, 773590.002792046405375 ], [ 3970427.419189781416208, 773552.578274697531015 ], [ 3970400.956059781368822, 773526.115144697483629 ], [ 3970363.531542432494462, 773526.115144697483629 ], [ 3970326.107025083620101, 773526.115144697483629 ], [ 3970288.682507734745741, 773526.115144697483629 ], [ 3970251.257990385871381, 773526.115144697483629 ], [ 3970213.83347303699702, 773526.115144697483629 ], [ 3970176.40895568812266, 773526.115144697483629 ], [ 3970138.9844383392483, 773526.115144697483629 ], [ 3970101.559920990373939, 773526.115144697483629 ], [ 3970075.096790990326554, 773499.652014697436243 ], [ 3970075.096790990326554, 773462.227497348561883 ], [ 3970075.096790990326554, 773424.802979999687523 ], [ 3970075.096790990326554, 773387.378462650813162 ], [ 3970048.633660990279168, 773360.915332650765777 ], [ 3970011.209143641404808, 773360.915332650765777 ], [ 3969973.784626292530447, 773360.915332650765777 ], [ 3969936.360108943656087, 773360.915332650765777 ], [ 3969898.935591594781727, 773360.915332650765777 ], [ 3969861.511074245907366, 773360.915332650765777 ], [ 3969824.086556897033006, 773360.915332650765777 ], [ 3969786.662039548158646, 773360.915332650765777 ], [ 3969760.19890954811126, 773334.452202650718391 ], [ 3969760.19890954811126, 773297.027685301844031 ], [ 3969760.19890954811126, 773259.60316795296967 ], [ 3969760.19890954811126, 773222.17865060409531 ], [ 3969760.19890954811126, 773184.75413325522095 ], [ 3969760.19890954811126, 773147.329615906346589 ], [ 3969760.19890954811126, 773109.905098557472229 ], [ 3969760.19890954811126, 773072.480581208597869 ], [ 3969760.19890954811126, 773035.056063859723508 ], [ 3969722.7743921992369, 773035.056063859723508 ], [ 3969685.349874850362539, 773035.056063859723508 ], [ 3969647.925357501488179, 773035.056063859723508 ], [ 3969610.500840152613819, 773035.056063859723508 ], [ 3969573.076322803739458, 773035.056063859723508 ], [ 3969535.651805454865098, 773035.056063859723508 ], [ 3969498.227288105990738, 773035.056063859723508 ], [ 3969460.802770757116377, 773035.056063859723508 ], [ 3969423.378253408242017, 773035.056063859723508 ], [ 3969423.378253408242017, 772997.631546510849148 ], [ 3969423.378253408242017, 772960.207029161974788 ], [ 3969423.378253408242017, 772922.782511813100427 ], [ 3969423.378253408242017, 772885.357994464226067 ], [ 3969385.953736059367657, 772885.357994464226067 ], [ 3969348.529218710493296, 772885.357994464226067 ], [ 3969311.104701361618936, 772885.357994464226067 ], [ 3969273.680184012744576, 772885.357994464226067 ], [ 3969247.21705401269719, 772858.894864464178681 ], [ 3969247.21705401269719, 772821.470347115304321 ], [ 3969247.21705401269719, 772784.045829766429961 ], [ 3969247.21705401269719, 772746.6213124175556 ], [ 3969247.21705401269719, 772709.19679506868124 ], [ 3969209.79253666382283, 772709.19679506868124 ], [ 3969172.368019314948469, 772709.19679506868124 ], [ 3969134.943501966074109, 772709.19679506868124 ], [ 3969108.480371966026723, 772682.733665068633854 ], [ 3969108.480371966026723, 772645.309147719759494 ], [ 3969108.480371966026723, 772607.884630370885134 ], [ 3969108.480371966026723, 772570.460113022010773 ], [ 3969108.480371966026723, 772533.035595673136413 ], [ 3969071.055854617152363, 772533.035595673136413 ], [ 3969033.631337268278003, 772533.035595673136413 ], [ 3968996.206819919403642, 772533.035595673136413 ], [ 3968958.782302570529282, 772533.035595673136413 ], [ 3968921.357785221654922, 772533.035595673136413 ], [ 3968883.933267872780561, 772533.035595673136413 ], [ 3968846.508750523906201, 772533.035595673136413 ], [ 3968809.084233175031841, 772533.035595673136413 ], [ 3968771.65971582615748, 772533.035595673136413 ], [ 3968745.196585826110095, 772506.572465673089027 ], [ 3968745.196585826110095, 772469.147948324214667 ], [ 3968745.196585826110095, 772431.723430975340307 ], [ 3968745.196585826110095, 772394.298913626465946 ], [ 3968718.733455826062709, 772367.835783626418561 ], [ 3968681.308938477188349, 772367.835783626418561 ], [ 3968643.884421128313988, 772367.835783626418561 ], [ 3968606.459903779439628, 772367.835783626418561 ], [ 3968606.459903779439628, 772330.4112662775442 ], [ 3968606.459903779439628, 772292.98674892866984 ], [ 3968606.459903779439628, 772255.56223157979548 ], [ 3968606.459903779439628, 772218.137714230921119 ], [ 3968606.459903779439628, 772180.713196882046759 ], [ 3968606.459903779439628, 772143.288679533172399 ], [ 3968606.459903779439628, 772105.864162184298038 ], [ 3968606.459903779439628, 772068.439644835423678 ], [ 3968606.459903779439628, 772031.015127486549318 ], [ 3968606.459903779439628, 771993.590610137674958 ], [ 3968606.459903779439628, 771956.166092788800597 ], [ 3968606.459903779439628, 771918.741575439926237 ], [ 3968606.459903779439628, 771881.317058091051877 ], [ 3968606.459903779439628, 771843.892540742177516 ], [ 3968606.459903779439628, 771806.468023393303156 ], [ 3968606.459903779439628, 771769.043506044428796 ], [ 3968606.459903779439628, 771731.618988695554435 ], [ 3968606.459903779439628, 771694.194471346680075 ], [ 3968643.884421128313988, 771694.194471346680075 ], [ 3968681.308938477188349, 771694.194471346680075 ], [ 3968718.733455826062709, 771694.194471346680075 ], [ 3968756.157973174937069, 771694.194471346680075 ], [ 3968756.157973174937069, 771656.769953997805715 ], [ 3968756.157973174937069, 771619.345436648931354 ], [ 3968756.157973174937069, 771581.920919300056994 ], [ 3968756.157973174937069, 771544.496401951182634 ], [ 3968756.157973174937069, 771507.071884602308273 ], [ 3968756.157973174937069, 771469.647367253433913 ], [ 3968756.157973174937069, 771432.222849904559553 ], [ 3968756.157973174937069, 771394.798332555685192 ], [ 3968756.157973174937069, 771357.373815206810832 ], [ 3968756.157973174937069, 771319.949297857936472 ], [ 3968756.157973174937069, 771282.524780509062111 ], [ 3968756.157973174937069, 771245.100263160187751 ], [ 3968756.157973174937069, 771207.675745811313391 ], [ 3968793.58249052381143, 771207.675745811313391 ], [ 3968831.00700787268579, 771207.675745811313391 ], [ 3968868.43152522156015, 771207.675745811313391 ], [ 3968905.856042570434511, 771207.675745811313391 ], [ 3968943.280559919308871, 771207.675745811313391 ], [ 3968943.280559919308871, 771170.25122846243903 ], [ 3968943.280559919308871, 771132.82671111356467 ], [ 3968943.280559919308871, 771095.40219376469031 ], [ 3968943.280559919308871, 771057.977676415815949 ], [ 3968969.743689919356257, 771031.514546415768564 ], [ 3969007.168207268230617, 771031.514546415768564 ], [ 3969044.592724617104977, 771031.514546415768564 ], [ 3969082.017241965979338, 771031.514546415768564 ], [ 3969108.480371966026723, 771005.051416415721178 ], [ 3969108.480371966026723, 770967.626899066846818 ], [ 3969108.480371966026723, 770930.202381717972457 ], [ 3969108.480371966026723, 770892.777864369098097 ], [ 3969108.480371966026723, 770855.353347020223737 ], [ 3969108.480371966026723, 770817.928829671349376 ], [ 3969108.480371966026723, 770780.504312322475016 ], [ 3969108.480371966026723, 770743.079794973600656 ], [ 3969108.480371966026723, 770705.655277624726295 ], [ 3969108.480371966026723, 770668.230760275851935 ], [ 3969108.480371966026723, 770630.806242926977575 ], [ 3969108.480371966026723, 770593.381725578103215 ], [ 3969108.480371966026723, 770555.957208229228854 ], [ 3969108.480371966026723, 770518.532690880354494 ], [ 3969108.480371966026723, 770481.108173531480134 ], [ 3969108.480371966026723, 770443.683656182605773 ], [ 3969108.480371966026723, 770406.259138833731413 ], [ 3969108.480371966026723, 770368.834621484857053 ], [ 3969108.480371966026723, 770331.410104135982692 ], [ 3969108.480371966026723, 770293.985586787108332 ], [ 3969108.480371966026723, 770256.561069438233972 ], [ 3969108.480371966026723, 770219.136552089359611 ], [ 3969134.943501966074109, 770192.673422089312226 ], [ 3969172.368019314948469, 770192.673422089312226 ], [ 3969209.79253666382283, 770192.673422089312226 ], [ 3969247.21705401269719, 770192.673422089312226 ], [ 3969247.21705401269719, 770155.248904740437865 ], [ 3969247.21705401269719, 770117.824387391563505 ], [ 3969247.21705401269719, 770080.399870042689145 ], [ 3969247.21705401269719, 770042.975352693814784 ], [ 3969247.21705401269719, 770005.550835344940424 ], [ 3969247.21705401269719, 769968.126317996066064 ], [ 3969247.21705401269719, 769930.701800647191703 ], [ 3969247.21705401269719, 769893.277283298317343 ], [ 3969273.680184012744576, 769866.814153298269957 ], [ 3969311.104701361618936, 769866.814153298269957 ], [ 3969348.529218710493296, 769866.814153298269957 ], [ 3969385.953736059367657, 769866.814153298269957 ], [ 3969423.378253408242017, 769866.814153298269957 ], [ 3969423.378253408242017, 769829.389635949395597 ], [ 3969423.378253408242017, 769791.965118600521237 ], [ 3969423.378253408242017, 769754.540601251646876 ], [ 3969423.378253408242017, 769717.116083902772516 ], [ 3969423.378253408242017, 769679.691566553898156 ], [ 3969423.378253408242017, 769642.267049205023795 ], [ 3969423.378253408242017, 769604.842531856149435 ], [ 3969423.378253408242017, 769567.418014507275075 ], [ 3969449.841383408289403, 769540.954884507227689 ], [ 3969487.265900757163763, 769540.954884507227689 ], [ 3969524.690418106038123, 769540.954884507227689 ], [ 3969562.114935454912484, 769540.954884507227689 ], [ 3969599.539452803786844, 769540.954884507227689 ], [ 3969599.539452803786844, 769503.530367158353329 ], [ 3969599.539452803786844, 769466.105849809478968 ], [ 3969599.539452803786844, 769428.681332460604608 ], [ 3969599.539452803786844, 769391.256815111730248 ], [ 3969626.00258280383423, 769364.793685111682862 ], [ 3969663.42710015270859, 769364.793685111682862 ], [ 3969700.85161750158295, 769364.793685111682862 ], [ 3969738.276134850457311, 769364.793685111682862 ], [ 3969764.739264850504696, 769338.330555111635476 ], [ 3969764.739264850504696, 769300.906037762761116 ], [ 3969764.739264850504696, 769263.481520413886756 ], [ 3969764.739264850504696, 769226.057003065012395 ], [ 3969791.202394850552082, 769199.59387306496501 ], [ 3969828.626912199426442, 769199.59387306496501 ], [ 3969866.051429548300803, 769199.59387306496501 ], [ 3969903.475946897175163, 769199.59387306496501 ], [ 3969940.900464246049523, 769199.59387306496501 ], [ 3969978.324981594923884, 769199.59387306496501 ], [ 3970015.749498943798244, 769199.59387306496501 ], [ 3970053.174016292672604, 769199.59387306496501 ], [ 3970079.63714629271999, 769173.130743064917624 ], [ 3970079.63714629271999, 769135.706225716043264 ], [ 3970079.63714629271999, 769098.281708367168903 ], [ 3970079.63714629271999, 769060.857191018294543 ], [ 3970106.100276292767376, 769034.394061018247157 ], [ 3970143.524793641641736, 769034.394061018247157 ], [ 3970180.949310990516096, 769034.394061018247157 ], [ 3970218.373828339390457, 769034.394061018247157 ], [ 3970244.836958339437842, 769007.930931018199772 ], [ 3970244.836958339437842, 768970.506413669325411 ], [ 3970244.836958339437842, 768933.081896320451051 ], [ 3970244.836958339437842, 768895.657378971576691 ], [ 3970271.300088339485228, 768869.194248971529305 ], [ 3970308.724605688359588, 768869.194248971529305 ], [ 3970346.149123037233949, 768869.194248971529305 ], [ 3970383.573640386108309, 768869.194248971529305 ], [ 3970420.998157734982669, 768869.194248971529305 ], [ 3970458.42267508385703, 768869.194248971529305 ], [ 3970495.84719243273139, 768869.194248971529305 ], [ 3970533.27170978160575, 768869.194248971529305 ], [ 3970570.696227130480111, 768869.194248971529305 ], [ 3970608.120744479354471, 768869.194248971529305 ], [ 3970645.545261828228831, 768869.194248971529305 ], [ 3970682.969779177103192, 768869.194248971529305 ], [ 3970720.394296525977552, 768869.194248971529305 ], [ 3970746.857426526024938, 768842.731118971481919 ], [ 3970746.857426526024938, 768805.306601622607559 ], [ 3970746.857426526024938, 768767.882084273733199 ], [ 3970746.857426526024938, 768730.457566924858838 ], [ 3970773.320556526072323, 768703.994436924811453 ], [ 3970810.745073874946684, 768703.994436924811453 ], [ 3970848.169591223821044, 768703.994436924811453 ], [ 3970885.594108572695404, 768703.994436924811453 ], [ 3970923.018625921569765, 768703.994436924811453 ], [ 3970960.443143270444125, 768703.994436924811453 ], [ 3970997.867660619318485, 768703.994436924811453 ], [ 3971035.292177968192846, 768703.994436924811453 ], [ 3971072.716695317067206, 768703.994436924811453 ], [ 3971110.141212665941566, 768703.994436924811453 ], [ 3971147.565730014815927, 768703.994436924811453 ], [ 3971184.990247363690287, 768703.994436924811453 ], [ 3971222.414764712564647, 768703.994436924811453 ], [ 3971259.839282061439008, 768703.994436924811453 ], [ 3971259.839282061439008, 768741.418954273685813 ], [ 3971259.839282061439008, 768778.843471622560173 ], [ 3971259.839282061439008, 768816.267988971434534 ], [ 3971259.839282061439008, 768853.692506320308894 ], [ 3971259.839282061439008, 768891.117023669183254 ], [ 3971297.263799410313368, 768891.117023669183254 ], [ 3971334.688316759187728, 768891.117023669183254 ], [ 3971372.112834108062088, 768891.117023669183254 ], [ 3971409.537351456936449, 768891.117023669183254 ], [ 3971446.961868805810809, 768891.117023669183254 ], [ 3971484.386386154685169, 768891.117023669183254 ], [ 3971521.81090350355953, 768891.117023669183254 ], [ 3971559.23542085243389, 768891.117023669183254 ], [ 3971596.65993820130825, 768891.117023669183254 ], [ 3971634.084455550182611, 768891.117023669183254 ], [ 3971671.508972899056971, 768891.117023669183254 ], [ 3971708.933490247931331, 768891.117023669183254 ], [ 3971746.358007596805692, 768891.117023669183254 ], [ 3971783.782524945680052, 768891.117023669183254 ], [ 3971821.207042294554412, 768891.117023669183254 ], [ 3971858.631559643428773, 768891.117023669183254 ], [ 3971896.056076992303133, 768891.117023669183254 ], [ 3971933.480594341177493, 768891.117023669183254 ], [ 3971970.905111690051854, 768891.117023669183254 ], [ 3972008.329629038926214, 768891.117023669183254 ], [ 3972045.754146387800574, 768891.117023669183254 ], [ 3972083.178663736674935, 768891.117023669183254 ], [ 3972120.603181085549295, 768891.117023669183254 ], [ 3972158.027698434423655, 768891.117023669183254 ], [ 3972195.452215783298016, 768891.117023669183254 ], [ 3972232.876733132172376, 768891.117023669183254 ], [ 3972270.301250481046736, 768891.117023669183254 ], [ 3972307.725767829921097, 768891.117023669183254 ], [ 3972345.150285178795457, 768891.117023669183254 ], [ 3972382.574802527669817, 768891.117023669183254 ], [ 3972419.999319876544178, 768891.117023669183254 ], [ 3972457.423837225418538, 768891.117023669183254 ], [ 3972494.848354574292898, 768891.117023669183254 ], [ 3972532.272871923167259, 768891.117023669183254 ], [ 3972569.697389272041619, 768891.117023669183254 ], [ 3972607.121906620915979, 768891.117023669183254 ], [ 3972644.546423969790339, 768891.117023669183254 ], [ 3972681.9709413186647, 768891.117023669183254 ], [ 3972719.39545866753906, 768891.117023669183254 ], [ 3972756.81997601641342, 768891.117023669183254 ], [ 3972794.244493365287781, 768891.117023669183254 ], [ 3972831.669010714162141, 768891.117023669183254 ], [ 3972869.093528063036501, 768891.117023669183254 ], [ 3972906.518045411910862, 768891.117023669183254 ], [ 3972943.942562760785222, 768891.117023669183254 ], [ 3972981.367080109659582, 768891.117023669183254 ], [ 3973018.791597458533943, 768891.117023669183254 ], [ 3973056.216114807408303, 768891.117023669183254 ], [ 3973056.216114807408303, 768928.541541018057615 ], [ 3973056.216114807408303, 768965.966058366931975 ], [ 3973056.216114807408303, 769003.390575715806335 ], [ 3973056.216114807408303, 769040.815093064680696 ], [ 3973093.640632156282663, 769040.815093064680696 ], [ 3973131.065149505157024, 769040.815093064680696 ], [ 3973168.489666854031384, 769040.815093064680696 ], [ 3973205.914184202905744, 769040.815093064680696 ], [ 3973243.338701551780105, 769040.815093064680696 ], [ 3973280.763218900654465, 769040.815093064680696 ], [ 3973318.187736249528825, 769040.815093064680696 ], [ 3973355.612253598403186, 769040.815093064680696 ], [ 3973393.036770947277546, 769040.815093064680696 ], [ 3973430.461288296151906, 769040.815093064680696 ], [ 3973467.885805645026267, 769040.815093064680696 ], [ 3973505.310322993900627, 769040.815093064680696 ], [ 3973542.734840342774987, 769040.815093064680696 ], [ 3973580.159357691649348, 769040.815093064680696 ], [ 3973617.583875040523708, 769040.815093064680696 ], [ 3973655.008392389398068, 769040.815093064680696 ], [ 3973692.432909738272429, 769040.815093064680696 ], [ 3973729.857427087146789, 769040.815093064680696 ], [ 3973767.281944436021149, 769040.815093064680696 ], [ 3973804.706461784895509, 769040.815093064680696 ], [ 3973842.13097913376987, 769040.815093064680696 ], [ 3973879.55549648264423, 769040.815093064680696 ], [ 3973916.98001383151859, 769040.815093064680696 ], [ 3973954.404531180392951, 769040.815093064680696 ], [ 3973991.829048529267311, 769040.815093064680696 ], [ 3974029.253565878141671, 769040.815093064680696 ], [ 3974055.716695878189057, 769067.278223064728081 ], [ 3974055.716695878189057, 769104.702740413602442 ], [ 3974055.716695878189057, 769142.127257762476802 ], [ 3974055.716695878189057, 769179.551775111351162 ], [ 3974055.716695878189057, 769216.976292460225523 ], [ 3974093.141213227063417, 769216.976292460225523 ], [ 3974130.565730575937778, 769216.976292460225523 ], [ 3974167.990247924812138, 769216.976292460225523 ], [ 3974205.414765273686498, 769216.976292460225523 ], [ 3974242.839282622560859, 769216.976292460225523 ], [ 3974280.263799971435219, 769216.976292460225523 ], [ 3974317.688317320309579, 769216.976292460225523 ], [ 3974355.11283466918394, 769216.976292460225523 ], [ 3974392.5373520180583, 769216.976292460225523 ], [ 3974429.96186936693266, 769216.976292460225523 ], [ 3974467.386386715807021, 769216.976292460225523 ], [ 3974504.810904064681381, 769216.976292460225523 ], [ 3974542.235421413555741, 769216.976292460225523 ], [ 3974579.659938762430102, 769216.976292460225523 ], [ 3974617.084456111304462, 769216.976292460225523 ], [ 3974654.508973460178822, 769216.976292460225523 ], [ 3974691.933490809053183, 769216.976292460225523 ], [ 3974691.933490809053183, 769179.551775111351162 ], [ 3974691.933490809053183, 769142.127257762476802 ], [ 3974691.933490809053183, 769104.702740413602442 ], [ 3974691.933490809053183, 769067.278223064728081 ], [ 3974718.396620809100568, 769040.815093064680696 ], [ 3974755.821138157974929, 769040.815093064680696 ], [ 3974793.245655506849289, 769040.815093064680696 ], [ 3974830.670172855723649, 769040.815093064680696 ], [ 3974868.09469020459801, 769040.815093064680696 ], [ 3974905.51920755347237, 769040.815093064680696 ], [ 3974942.94372490234673, 769040.815093064680696 ], [ 3974980.368242251221091, 769040.815093064680696 ], [ 3975017.792759600095451, 769040.815093064680696 ], [ 3975055.217276948969811, 769040.815093064680696 ], [ 3975092.641794297844172, 769040.815093064680696 ], [ 3975130.066311646718532, 769040.815093064680696 ], [ 3975167.490828995592892, 769040.815093064680696 ], [ 3975204.915346344467252, 769040.815093064680696 ], [ 3975242.339863693341613, 769040.815093064680696 ], [ 3975279.764381042215973, 769040.815093064680696 ], [ 3975317.188898391090333, 769040.815093064680696 ], [ 3975354.613415739964694, 769040.815093064680696 ], [ 3975392.037933088839054, 769040.815093064680696 ], [ 3975429.462450437713414, 769040.815093064680696 ], [ 3975466.886967786587775, 769040.815093064680696 ], [ 3975504.311485135462135, 769040.815093064680696 ], [ 3975541.736002484336495, 769040.815093064680696 ], [ 3975579.160519833210856, 769040.815093064680696 ], [ 3975616.585037182085216, 769040.815093064680696 ], [ 3975654.009554530959576, 769040.815093064680696 ], [ 3975691.434071879833937, 769040.815093064680696 ], [ 3975728.858589228708297, 769040.815093064680696 ], [ 3975766.283106577582657, 769040.815093064680696 ], [ 3975803.707623926457018, 769040.815093064680696 ], [ 3975841.132141275331378, 769040.815093064680696 ], [ 3975841.132141275331378, 769003.390575715806335 ], [ 3975841.132141275331378, 768965.966058366931975 ], [ 3975841.132141275331378, 768928.541541018057615 ], [ 3975841.132141275331378, 768891.117023669183254 ], [ 3975878.556658624205738, 768891.117023669183254 ], [ 3975915.981175973080099, 768891.117023669183254 ], [ 3975953.405693321954459, 768891.117023669183254 ], [ 3975990.830210670828819, 768891.117023669183254 ], [ 3976028.25472801970318, 768891.117023669183254 ], [ 3976065.67924536857754, 768891.117023669183254 ], [ 3976103.1037627174519, 768891.117023669183254 ], [ 3976140.528280066326261, 768891.117023669183254 ], [ 3976177.952797415200621, 768891.117023669183254 ], [ 3976215.377314764074981, 768891.117023669183254 ], [ 3976252.801832112949342, 768891.117023669183254 ], [ 3976290.226349461823702, 768891.117023669183254 ], [ 3976327.650866810698062, 768891.117023669183254 ], [ 3976365.075384159572423, 768891.117023669183254 ], [ 3976402.499901508446783, 768891.117023669183254 ], [ 3976439.924418857321143, 768891.117023669183254 ], [ 3976477.348936206195503, 768891.117023669183254 ], [ 3976514.773453555069864, 768891.117023669183254 ], [ 3976552.197970903944224, 768891.117023669183254 ], [ 3976589.622488252818584, 768891.117023669183254 ], [ 3976627.047005601692945, 768891.117023669183254 ], [ 3976664.471522950567305, 768891.117023669183254 ], [ 3976701.896040299441665, 768891.117023669183254 ], [ 3976739.320557648316026, 768891.117023669183254 ], [ 3976776.745074997190386, 768891.117023669183254 ], [ 3976814.169592346064746, 768891.117023669183254 ], [ 3976851.594109694939107, 768891.117023669183254 ], [ 3976889.018627043813467, 768891.117023669183254 ], [ 3976926.443144392687827, 768891.117023669183254 ], [ 3976963.867661741562188, 768891.117023669183254 ], [ 3977001.292179090436548, 768891.117023669183254 ], [ 3977038.716696439310908, 768891.117023669183254 ], [ 3977076.141213788185269, 768891.117023669183254 ], [ 3977113.565731137059629, 768891.117023669183254 ], [ 3977150.990248485933989, 768891.117023669183254 ], [ 3977150.990248485933989, 768853.692506320308894 ], [ 3977150.990248485933989, 768816.267988971434534 ], [ 3977150.990248485933989, 768778.843471622560173 ], [ 3977150.990248485933989, 768741.418954273685813 ], [ 3977150.990248485933989, 768703.994436924811453 ], [ 3977150.990248485933989, 768666.569919575937092 ], [ 3977150.990248485933989, 768629.145402227062732 ], [ 3977150.990248485933989, 768591.720884878188372 ], [ 3977150.990248485933989, 768554.296367529314011 ], [ 3977150.990248485933989, 768516.871850180439651 ], [ 3977150.990248485933989, 768479.447332831565291 ], [ 3977150.990248485933989, 768442.02281548269093 ], [ 3977150.990248485933989, 768404.59829813381657 ], [ 3977177.453378485981375, 768378.135168133769184 ], [ 3977214.877895834855735, 768378.135168133769184 ], [ 3977252.302413183730096, 768378.135168133769184 ], [ 3977289.726930532604456, 768378.135168133769184 ], [ 3977327.151447881478816, 768378.135168133769184 ], [ 3977327.151447881478816, 768340.710650784894824 ], [ 3977327.151447881478816, 768303.286133436020464 ], [ 3977327.151447881478816, 768265.861616087146103 ], [ 3977327.151447881478816, 768228.437098738271743 ] ] ] } }
]
}
